bar_open,run_utc,old_open,old_high,old_low,old_close,new_open,new_high,new_low,new_close,kind
2024-11-01 13:20:00+00:00,2026-10-03T10:38:11Z,4.235000,4.307000,4.235000,4.305000,4.315000,4.315000,4.223000,4.305000,changed
2024-11-01 14:20:00+00:00,2026-10-03T10:38:11Z,4.275000,4.345000,4.267000,4.331000,4.273000,4.345000,4.259000,4.331000,changed
2024-11-01 15:20:00+00:00,2026-10-03T10:38:11Z,4.329000,4.355000,4.323000,4.341000,4.299000,4.355000,4.295000,4.341000,changed
2024-11-01 16:20:00+00:00,2026-10-03T10:38:11Z,4.347000,4.349000,4.333000,4.345000,4.325000,4.355000,4.325000,4.345000,changed
2024-11-01 17:20:00+00:00,2026-10-03T10:38:11Z,4.343000,4.365000,4.339000,4.357000,4.343000,4.365000,4.333000,4.357000,changed
2024-11-01 18:20:00+00:00,2026-10-03T10:38:11Z,4.355000,4.363000,4.349000,4.361000,4.345000,4.365000,4.345000,4.361000,changed
2024-11-04 14:20:00+00:00,2026-10-03T10:38:11Z,4.293000,4.297000,4.263000,4.263000,4.283000,4.287000,4.263000,4.263000,changed
2024-11-04 15:20:00+00:00,2026-10-03T10:38:11Z,4.281000,4.305000,4.263000,4.303000,4.277000,4.305000,4.263000,4.303000,changed
2024-11-04 16:20:00+00:00,2026-10-03T10:38:11Z,4.275000,4.309000,4.271000,4.293000,4.293000,4.309000,4.293000,4.293000,changed
2024-11-04 17:20:00+00:00,2026-10-03T10:38:11Z,4.301000,4.329000,4.291000,4.323000,4.297000,4.329000,4.291000,4.323000,changed
2024-11-04 18:20:00+00:00,2026-10-03T10:38:11Z,4.297000,4.329000,4.295000,4.309000,4.305000,4.329000,4.305000,4.309000,changed
2024-11-04 19:20:00+00:00,2026-10-03T10:38:11Z,4.325000,4.325000,4.297000,4.309000,4.313000,4.313000,4.297000,4.309000,changed
2024-11-05 14:20:00+00:00,2026-10-03T10:38:11Z,4.325000,4.360000,4.313000,4.353000,4.331000,4.360000,4.313000,4.353000,changed
2024-11-05 15:20:00+00:00,2026-10-03T10:38:11Z,4.339000,4.366000,4.339000,4.362000,4.319000,4.366000,4.313000,4.362000,changed
2024-11-05 16:20:00+00:00,2026-10-03T10:38:11Z,4.356000,4.366000,4.351000,4.356000,4.364000,4.366000,4.351000,4.356000,changed
2024-11-05 17:20:00+00:00,2026-10-03T10:38:11Z,4.357000,4.357000,4.315000,4.315000,4.362000,4.366000,4.315000,4.315000,changed
2024-11-05 18:20:00+00:00,2026-10-03T10:38:11Z,4.351000,4.351000,4.311000,4.317000,4.351000,4.353000,4.311000,4.317000,changed
2024-11-05 19:20:00+00:00,2026-10-03T10:38:11Z,4.313000,4.321000,4.285000,4.289000,4.323000,4.327000,4.285000,4.289000,changed
2024-11-07 14:20:00+00:00,2026-10-03T10:38:11Z,4.426000,4.433000,4.363000,4.373000,4.404000,4.404000,4.363000,4.373000,changed
2024-11-07 15:20:00+00:00,2026-10-03T10:38:11Z,4.390000,4.396000,4.341000,4.365000,4.371000,4.375000,4.341000,4.365000,changed
2024-11-07 16:20:00+00:00,2026-10-03T10:38:11Z,4.363000,4.369000,4.341000,4.357000,4.349000,4.369000,4.345000,4.357000,changed
2024-11-07 17:20:00+00:00,2026-10-03T10:38:11Z,4.365000,4.365000,4.339000,4.349000,4.359000,4.365000,4.339000,4.349000,changed
2024-11-07 19:20:00+00:00,2026-10-03T10:38:11Z,4.347000,4.377000,4.339000,4.341000,4.341000,4.377000,4.341000,4.341000,changed
2024-11-12 14:20:00+00:00,2026-10-03T10:38:11Z,4.390000,4.394000,4.361000,4.375000,4.380000,4.394000,4.361000,4.375000,changed
2024-11-12 15:20:00+00:00,2026-10-03T10:38:11Z,4.369000,4.394000,4.361000,4.394000,4.390000,4.394000,4.361000,4.394000,changed
2024-11-12 16:20:00+00:00,2026-10-03T10:38:11Z,4.388000,4.443000,4.382000,4.437000,4.371000,4.443000,4.367000,4.437000,changed
2024-11-12 17:20:00+00:00,2026-10-03T10:38:11Z,4.412000,4.443000,4.412000,4.433000,4.394000,4.443000,4.394000,4.433000,changed
2024-11-12 18:20:00+00:00,2026-10-03T10:38:11Z,4.433000,4.435000,4.424000,4.429000,4.433000,4.443000,4.424000,4.429000,changed
2024-11-12 19:20:00+00:00,2026-10-03T10:38:11Z,4.426000,4.433000,4.424000,4.432000,4.429000,4.435000,4.424000,4.432000,changed
2024-11-13 15:20:00+00:00,2026-10-03T10:38:11Z,4.396000,4.445000,4.396000,4.426000,4.396000,4.445000,4.396000,4.424000,changed
2024-11-14 14:20:00+00:00,2026-10-03T10:38:11Z,4.443000,4.483000,4.408000,4.418000,4.459000,4.461000,4.408000,4.418000,changed
2024-11-14 15:20:00+00:00,2026-10-03T10:38:11Z,4.420000,4.439000,4.408000,4.412000,4.424000,4.439000,4.412000,4.412000,changed
2024-11-14 16:20:00+00:00,2026-10-03T10:38:11Z,4.420000,4.439000,4.402000,4.402000,4.426000,4.428000,4.402000,4.402000,changed
2024-11-14 17:20:00+00:00,2026-10-03T10:38:11Z,4.408000,4.414000,4.386000,4.404000,4.410000,4.410000,4.386000,4.404000,changed
2024-11-14 19:20:00+00:00,2026-10-03T10:38:11Z,4.408000,4.422000,4.404000,4.418000,4.422000,4.422000,4.412000,4.418000,changed
2024-11-18 14:20:00+00:00,2026-10-03T10:38:11Z,4.487000,4.489000,4.441000,4.463000,4.459000,4.467000,4.441000,4.463000,changed
2024-11-18 15:20:00+00:00,2026-10-03T10:38:11Z,4.453000,4.469000,4.441000,4.447000,4.461000,4.469000,4.441000,4.447000,changed
2024-11-18 16:20:00+00:00,2026-10-03T10:38:11Z,4.459000,4.465000,4.432000,4.432000,4.463000,4.463000,4.432000,4.432000,changed
2024-11-18 17:20:00+00:00,2026-10-03T10:38:11Z,4.449000,4.453000,4.422000,4.424000,4.439000,4.443000,4.422000,4.424000,changed
2024-11-18 18:20:00+00:00,2026-10-03T10:38:11Z,4.430000,4.434000,4.408000,4.418000,4.426000,4.430000,4.408000,4.418000,changed
2024-11-18 19:20:00+00:00,2026-10-03T10:38:11Z,4.410000,4.422000,4.410000,4.414000,4.414000,4.422000,4.412000,4.414000,changed
2024-11-19 14:20:00+00:00,2026-10-03T10:38:11Z,4.341000,4.384000,4.339000,4.379000,4.357000,4.384000,4.337000,4.379000,changed
2024-11-19 15:20:00+00:00,2026-10-03T10:38:11Z,4.382000,4.386000,4.367000,4.379000,4.375000,4.386000,4.367000,4.379000,changed
2024-11-19 16:20:00+00:00,2026-10-03T10:38:11Z,4.373000,4.386000,4.367000,4.371000,4.375000,4.386000,4.367000,4.371000,changed
2024-11-19 17:20:00+00:00,2026-10-03T10:38:11Z,4.375000,4.392000,4.367000,4.381000,4.384000,4.390000,4.367000,4.381000,changed
2024-11-19 18:20:00+00:00,2026-10-03T10:38:11Z,4.384000,4.392000,4.371000,4.381000,4.373000,4.390000,4.371000,4.381000,changed
2024-11-19 19:20:00+00:00,2026-10-03T10:38:11Z,4.375000,4.384000,4.373000,4.379000,4.382000,4.384000,4.371000,4.379000,changed
2024-11-21 14:20:00+00:00,2026-10-03T10:38:11Z,4.418000,4.422000,4.377000,4.384000,4.392000,4.414000,4.377000,4.384000,changed
2024-11-21 15:20:00+00:00,2026-10-03T10:38:11Z,4.402000,4.414000,4.377000,4.412000,4.386000,4.414000,4.377000,4.412000,changed
2024-11-21 16:20:00+00:00,2026-10-03T10:38:11Z,4.384000,4.426000,4.384000,4.418000,4.404000,4.426000,4.400000,4.418000,changed
2024-11-21 17:20:00+00:00,2026-10-03T10:38:11Z,4.408000,4.426000,4.408000,4.414000,4.422000,4.426000,4.408000,4.414000,changed
2024-11-21 18:20:00+00:00,2026-10-03T10:38:11Z,4.418000,4.434000,4.408000,4.430000,4.414000,4.434000,4.412000,4.430000,changed
2024-11-21 19:20:00+00:00,2026-10-03T10:38:11Z,4.420000,4.438000,4.420000,4.432000,4.426000,4.438000,4.426000,4.432000,changed
2024-11-25 14:20:00+00:00,2026-10-03T10:38:11Z,4.322000,4.332000,4.289000,4.296000,4.320000,4.322000,4.289000,4.296000,changed
2024-11-25 15:20:00+00:00,2026-10-03T10:38:11Z,4.291000,4.304000,4.283000,4.298000,4.295000,4.304000,4.283000,4.298000,changed
2024-11-25 16:20:00+00:00,2026-10-03T10:38:11Z,4.293000,4.308000,4.283000,4.296000,4.293000,4.308000,4.293000,4.296000,changed
2024-11-25 17:20:00+00:00,2026-10-03T10:38:11Z,4.295000,4.308000,4.279000,4.281000,4.296000,4.304000,4.279000,4.281000,changed
2024-11-25 18:20:00+00:00,2026-10-03T10:38:11Z,4.298000,4.304000,4.263000,4.271000,4.300000,4.300000,4.263000,4.271000,changed
2024-11-25 19:20:00+00:00,2026-10-03T10:38:11Z,4.277000,4.279000,4.261000,4.265000,4.265000,4.273000,4.261000,4.265000,changed
2024-11-26 14:20:00+00:00,2026-10-03T10:38:11Z,4.293000,4.314000,4.291000,4.310000,4.293000,4.314000,4.281000,4.310000,changed
2024-11-26 15:20:00+00:00,2026-10-03T10:38:11Z,4.300000,4.324000,4.298000,4.316000,4.298000,4.324000,4.295000,4.316000,changed
2024-11-26 16:20:00+00:00,2026-10-03T10:38:11Z,4.310000,4.320000,4.306000,4.306000,4.322000,4.324000,4.306000,4.306000,changed
2024-11-26 17:20:00+00:00,2026-10-03T10:38:11Z,4.316000,4.318000,4.300000,4.314000,4.316000,4.320000,4.300000,4.314000,changed
2024-11-26 18:20:00+00:00,2026-10-03T10:38:11Z,4.310000,4.320000,4.306000,4.316000,4.306000,4.320000,4.300000,4.316000,changed
2024-11-26 19:20:00+00:00,2026-10-03T10:38:11Z,4.316000,4.320000,4.302000,4.302000,4.320000,4.320000,4.302000,4.302000,changed
2024-11-27 15:20:00+00:00,2026-10-03T10:38:11Z,4.256000,4.275000,4.254000,4.263000,4.246000,4.275000,4.242000,4.263000,changed
2024-11-27 16:20:00+00:00,2026-10-03T10:38:11Z,4.256000,4.265000,4.232000,4.238000,4.265000,4.269000,4.232000,4.238000,changed
2024-11-27 17:20:00+00:00,2026-10-03T10:38:11Z,4.242000,4.248000,4.230000,4.232000,4.263000,4.263000,4.230000,4.232000,changed
2024-11-27 18:20:00+00:00,2026-10-03T10:38:11Z,4.238000,4.238000,4.227000,4.236000,4.238000,4.240000,4.227000,4.236000,changed
2024-11-27 19:20:00+00:00,2026-10-03T10:38:11Z,4.236000,4.246000,4.232000,4.242000,4.232000,4.246000,4.230000,4.242000,changed
2024-11-29 14:20:00+00:00,2026-10-03T10:38:11Z,4.219000,4.219000,4.196000,4.207000,4.203000,4.207000,4.196000,4.207000,changed
2024-11-29 15:20:00+00:00,2026-10-03T10:38:11Z,4.199000,4.217000,4.196000,4.209000,4.197000,4.217000,4.196000,4.209000,changed
2024-11-29 16:20:00+00:00,2026-10-03T10:38:11Z,4.215000,4.217000,4.201000,4.207000,4.205000,4.217000,4.201000,4.207000,changed
2024-11-29 17:20:00+00:00,2026-10-03T10:38:11Z,4.211000,4.211000,4.188000,4.190000,4.209000,4.211000,4.188000,4.190000,changed
2024-11-29 18:20:00+00:00,2026-10-03T10:38:11Z,4.207000,4.207000,4.172000,4.180000,4.194000,4.196000,4.172000,4.180000,changed
2024-11-29 19:20:00+00:00,2026-10-03T10:38:11Z,4.184000,4.184000,4.172000,4.178000,4.172000,4.180000,4.172000,4.178000,changed
2024-11-01 13:20:00+00:00,2026-10-03T13:44:48Z,4.315000,4.315000,4.223000,4.305000,4.235000,4.307000,4.235000,4.305000,changed
2024-11-01 14:20:00+00:00,2026-10-03T13:44:48Z,4.273000,4.345000,4.259000,4.331000,4.275000,4.345000,4.267000,4.331000,changed
2024-11-01 15:20:00+00:00,2026-10-03T13:44:48Z,4.299000,4.355000,4.295000,4.341000,4.329000,4.355000,4.323000,4.341000,changed
2024-11-01 16:20:00+00:00,2026-10-03T13:44:48Z,4.325000,4.355000,4.325000,4.345000,4.347000,4.349000,4.333000,4.345000,changed
2024-11-01 17:20:00+00:00,2026-10-03T13:44:48Z,4.343000,4.365000,4.333000,4.357000,4.343000,4.365000,4.339000,4.357000,changed
2024-11-01 18:20:00+00:00,2026-10-03T13:44:48Z,4.345000,4.365000,4.345000,4.361000,4.355000,4.363000,4.349000,4.361000,changed
2024-11-04 14:20:00+00:00,2026-10-03T13:44:48Z,4.283000,4.287000,4.263000,4.263000,4.293000,4.297000,4.263000,4.263000,changed
2024-11-04 15:20:00+00:00,2026-10-03T13:44:48Z,4.277000,4.305000,4.263000,4.303000,4.281000,4.305000,4.263000,4.303000,changed
2024-11-04 16:20:00+00:00,2026-10-03T13:44:48Z,4.293000,4.309000,4.293000,4.293000,4.275000,4.309000,4.271000,4.293000,changed
2024-11-04 17:20:00+00:00,2026-10-03T13:44:48Z,4.297000,4.329000,4.291000,4.323000,4.301000,4.329000,4.291000,4.323000,changed
2024-11-04 18:20:00+00:00,2026-10-03T13:44:48Z,4.305000,4.329000,4.305000,4.309000,4.297000,4.329000,4.295000,4.309000,changed
2024-11-04 19:20:00+00:00,2026-10-03T13:44:48Z,4.313000,4.313000,4.297000,4.309000,4.325000,4.325000,4.297000,4.309000,changed
2024-11-05 14:20:00+00:00,2026-10-03T13:44:48Z,4.331000,4.360000,4.313000,4.353000,4.325000,4.360000,4.313000,4.353000,changed
2024-11-05 15:20:00+00:00,2026-10-03T13:44:48Z,4.319000,4.366000,4.313000,4.362000,4.339000,4.366000,4.339000,4.362000,changed
2024-11-05 16:20:00+00:00,2026-10-03T13:44:48Z,4.364000,4.366000,4.351000,4.356000,4.356000,4.366000,4.351000,4.356000,changed
2024-11-05 17:20:00+00:00,2026-10-03T13:44:48Z,4.362000,4.366000,4.315000,4.315000,4.357000,4.357000,4.315000,4.315000,changed
2024-11-05 18:20:00+00:00,2026-10-03T13:44:48Z,4.351000,4.353000,4.311000,4.317000,4.351000,4.351000,4.311000,4.317000,changed
2024-11-05 19:20:00+00:00,2026-10-03T13:44:48Z,4.323000,4.327000,4.285000,4.289000,4.313000,4.321000,4.285000,4.289000,changed
2024-11-07 14:20:00+00:00,2026-10-03T13:44:48Z,4.404000,4.404000,4.363000,4.373000,4.426000,4.433000,4.363000,4.373000,changed
2024-11-07 15:20:00+00:00,2026-10-03T13:44:48Z,4.371000,4.375000,4.341000,4.365000,4.390000,4.396000,4.341000,4.365000,changed
2024-11-07 16:20:00+00:00,2026-10-03T13:44:48Z,4.349000,4.369000,4.345000,4.357000,4.363000,4.369000,4.341000,4.357000,changed
2024-11-07 17:20:00+00:00,2026-10-03T13:44:48Z,4.359000,4.365000,4.339000,4.349000,4.365000,4.365000,4.339000,4.349000,changed
2024-11-07 19:20:00+00:00,2026-10-03T13:44:48Z,4.341000,4.377000,4.341000,4.341000,4.347000,4.377000,4.339000,4.341000,changed
2024-11-12 14:20:00+00:00,2026-10-03T13:44:48Z,4.380000,4.394000,4.361000,4.375000,4.390000,4.394000,4.361000,4.375000,changed
2024-11-12 15:20:00+00:00,2026-10-03T13:44:48Z,4.390000,4.394000,4.361000,4.394000,4.369000,4.394000,4.361000,4.394000,changed
2024-11-12 16:20:00+00:00,2026-10-03T13:44:48Z,4.371000,4.443000,4.367000,4.437000,4.388000,4.443000,4.382000,4.437000,changed
2024-11-12 17:20:00+00:00,2026-10-03T13:44:48Z,4.394000,4.443000,4.394000,4.433000,4.412000,4.443000,4.412000,4.433000,changed
2024-11-12 18:20:00+00:00,2026-10-03T13:44:48Z,4.433000,4.443000,4.424000,4.429000,4.433000,4.435000,4.424000,4.429000,changed
2024-11-12 19:20:00+00:00,2026-10-03T13:44:48Z,4.429000,4.435000,4.424000,4.432000,4.426000,4.433000,4.424000,4.432000,changed
2024-11-13 15:20:00+00:00,2026-10-03T13:44:48Z,4.396000,4.445000,4.396000,4.424000,4.396000,4.445000,4.396000,4.426000,changed
2024-11-14 14:20:00+00:00,2026-10-03T13:44:48Z,4.459000,4.461000,4.408000,4.418000,4.443000,4.483000,4.408000,4.418000,changed
2024-11-14 15:20:00+00:00,2026-10-03T13:44:48Z,4.424000,4.439000,4.412000,4.412000,4.420000,4.439000,4.408000,4.412000,changed
2024-11-14 16:20:00+00:00,2026-10-03T13:44:48Z,4.426000,4.428000,4.402000,4.402000,4.420000,4.439000,4.402000,4.402000,changed
2024-11-14 17:20:00+00:00,2026-10-03T13:44:48Z,4.410000,4.410000,4.386000,4.404000,4.408000,4.414000,4.386000,4.404000,changed
2024-11-14 19:20:00+00:00,2026-10-03T13:44:48Z,4.422000,4.422000,4.412000,4.418000,4.408000,4.422000,4.404000,4.418000,changed
2024-11-18 14:20:00+00:00,2026-10-03T13:44:48Z,4.459000,4.467000,4.441000,4.463000,4.487000,4.489000,4.441000,4.463000,changed
2024-11-18 15:20:00+00:00,2026-10-03T13:44:48Z,4.461000,4.469000,4.441000,4.447000,4.453000,4.469000,4.441000,4.447000,changed
2024-11-18 16:20:00+00:00,2026-10-03T13:44:48Z,4.463000,4.463000,4.432000,4.432000,4.459000,4.465000,4.432000,4.432000,changed
2024-11-18 17:20:00+00:00,2026-10-03T13:44:48Z,4.439000,4.443000,4.422000,4.424000,4.449000,4.453000,4.422000,4.424000,changed
2024-11-18 18:20:00+00:00,2026-10-03T13:44:48Z,4.426000,4.430000,4.408000,4.418000,4.430000,4.434000,4.408000,4.418000,changed
2024-11-18 19:20:00+00:00,2026-10-03T13:44:48Z,4.414000,4.422000,4.412000,4.414000,4.410000,4.422000,4.410000,4.414000,changed
2024-11-19 14:20:00+00:00,2026-10-03T13:44:48Z,4.357000,4.384000,4.337000,4.379000,4.341000,4.384000,4.339000,4.379000,changed
2024-11-19 15:20:00+00:00,2026-10-03T13:44:48Z,4.375000,4.386000,4.367000,4.379000,4.382000,4.386000,4.367000,4.379000,changed
2024-11-19 16:20:00+00:00,2026-10-03T13:44:48Z,4.375000,4.386000,4.367000,4.371000,4.373000,4.386000,4.367000,4.371000,changed
2024-11-19 17:20:00+00:00,2026-10-03T13:44:48Z,4.384000,4.390000,4.367000,4.381000,4.375000,4.392000,4.367000,4.381000,changed
2024-11-19 18:20:00+00:00,2026-10-03T13:44:48Z,4.373000,4.390000,4.371000,4.381000,4.384000,4.392000,4.371000,4.381000,changed
2024-11-19 19:20:00+00:00,2026-10-03T13:44:48Z,4.382000,4.384000,4.371000,4.379000,4.375000,4.384000,4.373000,4.379000,changed
2024-11-21 14:20:00+00:00,2026-10-03T13:44:48Z,4.392000,4.414000,4.377000,4.384000,4.418000,4.422000,4.377000,4.384000,changed
2024-11-21 15:20:00+00:00,2026-10-03T13:44:48Z,4.386000,4.414000,4.377000,4.412000,4.402000,4.414000,4.377000,4.412000,changed
2024-11-21 16:20:00+00:00,2026-10-03T13:44:48Z,4.404000,4.426000,4.400000,4.418000,4.384000,4.426000,4.384000,4.418000,changed
2024-11-21 17:20:00+00:00,2026-10-03T13:44:48Z,4.422000,4.426000,4.408000,4.414000,4.408000,4.426000,4.408000,4.414000,changed
2024-11-21 18:20:00+00:00,2026-10-03T13:44:48Z,4.414000,4.434000,4.412000,4.430000,4.418000,4.434000,4.408000,4.430000,changed
2024-11-21 19:20:00+00:00,2026-10-03T13:44:48Z,4.426000,4.438000,4.426000,4.432000,4.420000,4.438000,4.420000,4.432000,changed
2024-11-25 14:20:00+00:00,2026-10-03T13:44:48Z,4.320000,4.322000,4.289000,4.296000,4.322000,4.332000,4.289000,4.296000,changed
2024-11-25 15:20:00+00:00,2026-10-03T13:44:48Z,4.295000,4.304000,4.283000,4.298000,4.291000,4.304000,4.283000,4.298000,changed
2024-11-25 16:20:00+00:00,2026-10-03T13:44:48Z,4.293000,4.308000,4.293000,4.296000,4.293000,4.308000,4.283000,4.296000,changed
2024-11-25 17:20:00+00:00,2026-10-03T13:44:48Z,4.296000,4.304000,4.279000,4.281000,4.295000,4.308000,4.279000,4.281000,changed
2024-11-25 18:20:00+00:00,2026-10-03T13:44:48Z,4.300000,4.300000,4.263000,4.271000,4.298000,4.304000,4.263000,4.271000,changed
2024-11-25 19:20:00+00:00,2026-10-03T13:44:48Z,4.265000,4.273000,4.261000,4.265000,4.277000,4.279000,4.261000,4.265000,changed
2024-11-26 14:20:00+00:00,2026-10-03T13:44:48Z,4.293000,4.314000,4.281000,4.310000,4.293000,4.314000,4.291000,4.310000,changed
2024-11-26 15:20:00+00:00,2026-10-03T13:44:48Z,4.298000,4.324000,4.295000,4.316000,4.300000,4.324000,4.298000,4.316000,changed
2024-11-26 16:20:00+00:00,2026-10-03T13:44:48Z,4.322000,4.324000,4.306000,4.306000,4.310000,4.320000,4.306000,4.306000,changed
2024-11-26 17:20:00+00:00,2026-10-03T13:44:48Z,4.316000,4.320000,4.300000,4.314000,4.316000,4.318000,4.300000,4.314000,changed
2024-11-26 18:20:00+00:00,2026-10-03T13:44:48Z,4.306000,4.320000,4.300000,4.316000,4.310000,4.320000,4.306000,4.316000,changed
2024-11-26 19:20:00+00:00,2026-10-03T13:44:48Z,4.320000,4.320000,4.302000,4.302000,4.316000,4.320000,4.302000,4.302000,changed
2024-11-27 15:20:00+00:00,2026-10-03T13:44:48Z,4.246000,4.275000,4.242000,4.263000,4.256000,4.275000,4.254000,4.263000,changed
2024-11-27 16:20:00+00:00,2026-10-03T13:44:48Z,4.265000,4.269000,4.232000,4.238000,4.256000,4.265000,4.232000,4.238000,changed
2024-11-27 17:20:00+00:00,2026-10-03T13:44:48Z,4.263000,4.263000,4.230000,4.232000,4.242000,4.248000,4.230000,4.232000,changed
2024-11-27 18:20:00+00:00,2026-10-03T13:44:48Z,4.238000,4.240000,4.227000,4.236000,4.238000,4.238000,4.227000,4.236000,changed
2024-11-27 19:20:00+00:00,2026-10-03T13:44:48Z,4.232000,4.246000,4.230000,4.242000,4.236000,4.246000,4.232000,4.242000,changed
2024-11-29 14:20:00+00:00,2026-10-03T13:44:48Z,4.203000,4.207000,4.196000,4.207000,4.219000,4.219000,4.196000,4.207000,changed
2024-11-29 15:20:00+00:00,2026-10-03T13:44:48Z,4.197000,4.217000,4.196000,4.209000,4.199000,4.217000,4.196000,4.209000,changed
2024-11-29 16:20:00+00:00,2026-10-03T13:44:48Z,4.205000,4.217000,4.201000,4.207000,4.215000,4.217000,4.201000,4.207000,changed
2024-11-29 17:20:00+00:00,2026-10-03T13:44:48Z,4.209000,4.211000,4.188000,4.190000,4.211000,4.211000,4.188000,4.190000,changed
2024-11-29 18:20:00+00:00,2026-10-03T13:44:48Z,4.194000,4.196000,4.172000,4.180000,4.207000,4.207000,4.172000,4.180000,changed
2024-11-29 19:20:00+00:00,2026-10-03T13:44:48Z,4.172000,4.180000,4.172000,4.178000,4.184000,4.184000,4.172000,4.178000,changed
2024-11-01 13:20:00+00:00,2026-10-04T07:55:55Z,4.235000,4.307000,4.235000,4.305000,4.315000,4.315000,4.223000,4.305000,changed
2024-11-01 14:20:00+00:00,2026-10-04T07:55:55Z,4.275000,4.345000,4.267000,4.331000,4.273000,4.345000,4.259000,4.331000,changed
2024-11-01 15:20:00+00:00,2026-10-04T07:55:55Z,4.329000,4.355000,4.323000,4.341000,4.299000,4.355000,4.295000,4.341000,changed
2024-11-01 16:20:00+00:00,2026-10-04T07:55:55Z,4.347000,4.349000,4.333000,4.345000,4.325000,4.355000,4.325000,4.345000,changed
2024-11-01 17:20:00+00:00,2026-10-04T07:55:55Z,4.343000,4.365000,4.339000,4.357000,4.343000,4.365000,4.333000,4.357000,changed
2024-11-01 18:20:00+00:00,2026-10-04T07:55:55Z,4.355000,4.363000,4.349000,4.361000,4.345000,4.365000,4.345000,4.361000,changed
2024-11-04 14:20:00+00:00,2026-10-04T07:55:55Z,4.293000,4.297000,4.263000,4.263000,4.283000,4.287000,4.263000,4.263000,changed
2024-11-04 15:20:00+00:00,2026-10-04T07:55:55Z,4.281000,4.305000,4.263000,4.303000,4.277000,4.305000,4.263000,4.303000,changed
2024-11-04 16:20:00+00:00,2026-10-04T07:55:55Z,4.275000,4.309000,4.271000,4.293000,4.293000,4.309000,4.293000,4.293000,changed
2024-11-04 17:20:00+00:00,2026-10-04T07:55:55Z,4.301000,4.329000,4.291000,4.323000,4.297000,4.329000,4.291000,4.323000,changed
2024-11-04 18:20:00+00:00,2026-10-04T07:55:55Z,4.297000,4.329000,4.295000,4.309000,4.305000,4.329000,4.305000,4.309000,changed
2024-11-04 19:20:00+00:00,2026-10-04T07:55:55Z,4.325000,4.325000,4.297000,4.309000,4.313000,4.313000,4.297000,4.309000,changed
2024-11-05 14:20:00+00:00,2026-10-04T07:55:55Z,4.325000,4.360000,4.313000,4.353000,4.331000,4.360000,4.313000,4.353000,changed
2024-11-05 15:20:00+00:00,2026-10-04T07:55:55Z,4.339000,4.366000,4.339000,4.362000,4.319000,4.366000,4.313000,4.362000,changed
2024-11-05 16:20:00+00:00,2026-10-04T07:55:55Z,4.356000,4.366000,4.351000,4.356000,4.364000,4.366000,4.351000,4.356000,changed
2024-11-05 17:20:00+00:00,2026-10-04T07:55:55Z,4.357000,4.357000,4.315000,4.315000,4.362000,4.366000,4.315000,4.315000,changed
2024-11-05 18:20:00+00:00,2026-10-04T07:55:55Z,4.351000,4.351000,4.311000,4.317000,4.351000,4.353000,4.311000,4.317000,changed
2024-11-05 19:20:00+00:00,2026-10-04T07:55:55Z,4.313000,4.321000,4.285000,4.289000,4.323000,4.327000,4.285000,4.289000,changed
2024-11-07 14:20:00+00:00,2026-10-04T07:55:55Z,4.426000,4.433000,4.363000,4.373000,4.404000,4.404000,4.363000,4.373000,changed
2024-11-07 15:20:00+00:00,2026-10-04T07:55:55Z,4.390000,4.396000,4.341000,4.365000,4.371000,4.375000,4.341000,4.365000,changed
2024-11-07 16:20:00+00:00,2026-10-04T07:55:55Z,4.363000,4.369000,4.341000,4.357000,4.349000,4.369000,4.345000,4.357000,changed
2024-11-07 17:20:00+00:00,2026-10-04T07:55:55Z,4.365000,4.365000,4.339000,4.349000,4.359000,4.365000,4.339000,4.349000,changed
2024-11-07 19:20:00+00:00,2026-10-04T07:55:55Z,4.347000,4.377000,4.339000,4.341000,4.341000,4.377000,4.341000,4.341000,changed
2024-11-12 14:20:00+00:00,2026-10-04T07:55:55Z,4.390000,4.394000,4.361000,4.375000,4.380000,4.394000,4.361000,4.375000,changed
2024-11-12 15:20:00+00:00,2026-10-04T07:55:55Z,4.369000,4.394000,4.361000,4.394000,4.390000,4.394000,4.361000,4.394000,changed
2024-11-12 16:20:00+00:00,2026-10-04T07:55:55Z,4.388000,4.443000,4.382000,4.437000,4.371000,4.443000,4.367000,4.437000,changed
2024-11-12 17:20:00+00:00,2026-10-04T07:55:55Z,4.412000,4.443000,4.412000,4.433000,4.394000,4.443000,4.394000,4.433000,changed
2024-11-12 18:20:00+00:00,2026-10-04T07:55:55Z,4.433000,4.435000,4.424000,4.429000,4.433000,4.443000,4.424000,4.429000,changed
2024-11-12 19:20:00+00:00,2026-10-04T07:55:55Z,4.426000,4.433000,4.424000,4.432000,4.429000,4.435000,4.424000,4.432000,changed
2024-11-13 15:20:00+00:00,2026-10-04T07:55:55Z,4.396000,4.445000,4.396000,4.426000,4.396000,4.445000,4.396000,4.424000,changed
2024-11-14 14:20:00+00:00,2026-10-04T07:55:55Z,4.443000,4.483000,4.408000,4.418000,4.459000,4.461000,4.408000,4.418000,changed
2024-11-14 15:20:00+00:00,2026-10-04T07:55:55Z,4.420000,4.439000,4.408000,4.412000,4.424000,4.439000,4.412000,4.412000,changed
2024-11-14 16:20:00+00:00,2026-10-04T07:55:55Z,4.420000,4.439000,4.402000,4.402000,4.426000,4.428000,4.402000,4.402000,changed
2024-11-14 17:20:00+00:00,2026-10-04T07:55:55Z,4.408000,4.414000,4.386000,4.404000,4.410000,4.410000,4.386000,4.404000,changed
2024-11-14 19:20:00+00:00,2026-10-04T07:55:55Z,4.408000,4.422000,4.404000,4.418000,4.422000,4.422000,4.412000,4.418000,changed
2024-11-18 14:20:00+00:00,2026-10-04T07:55:55Z,4.487000,4.489000,4.441000,4.463000,4.459000,4.467000,4.441000,4.463000,changed
2024-11-18 15:20:00+00:00,2026-10-04T07:55:55Z,4.453000,4.469000,4.441000,4.447000,4.461000,4.469000,4.441000,4.447000,changed
2024-11-18 16:20:00+00:00,2026-10-04T07:55:55Z,4.459000,4.465000,4.432000,4.432000,4.463000,4.463000,4.432000,4.432000,changed
2024-11-18 17:20:00+00:00,2026-10-04T07:55:55Z,4.449000,4.453000,4.422000,4.424000,4.439000,4.443000,4.422000,4.424000,changed
2024-11-18 18:20:00+00:00,2026-10-04T07:55:55Z,4.430000,4.434000,4.408000,4.418000,4.426000,4.430000,4.408000,4.418000,changed
2024-11-18 19:20:00+00:00,2026-10-04T07:55:55Z,4.410000,4.422000,4.410000,4.414000,4.414000,4.422000,4.412000,4.414000,changed
2024-11-19 14:20:00+00:00,2026-10-04T07:55:55Z,4.341000,4.384000,4.339000,4.379000,4.357000,4.384000,4.337000,4.379000,changed
2024-11-19 15:20:00+00:00,2026-10-04T07:55:55Z,4.382000,4.386000,4.367000,4.379000,4.375000,4.386000,4.367000,4.379000,changed
2024-11-19 16:20:00+00:00,2026-10-04T07:55:55Z,4.373000,4.386000,4.367000,4.371000,4.375000,4.386000,4.367000,4.371000,changed
2024-11-19 17:20:00+00:00,2026-10-04T07:55:55Z,4.375000,4.392000,4.367000,4.381000,4.384000,4.390000,4.367000,4.381000,changed
2024-11-19 18:20:00+00:00,2026-10-04T07:55:55Z,4.384000,4.392000,4.371000,4.381000,4.373000,4.390000,4.371000,4.381000,changed
2024-11-19 19:20:00+00:00,2026-10-04T07:55:55Z,4.375000,4.384000,4.373000,4.379000,4.382000,4.384000,4.371000,4.379000,changed
2024-11-21 14:20:00+00:00,2026-10-04T07:55:55Z,4.418000,4.422000,4.377000,4.384000,4.392000,4.414000,4.377000,4.384000,changed
2024-11-21 15:20:00+00:00,2026-10-04T07:55:55Z,4.402000,4.414000,4.377000,4.412000,4.386000,4.414000,4.377000,4.412000,changed
2024-11-21 16:20:00+00:00,2026-10-04T07:55:55Z,4.384000,4.426000,4.384000,4.418000,4.404000,4.426000,4.400000,4.418000,changed
2024-11-21 17:20:00+00:00,2026-10-04T07:55:55Z,4.408000,4.426000,4.408000,4.414000,4.422000,4.426000,4.408000,4.414000,changed
2024-11-21 18:20:00+00:00,2026-10-04T07:55:55Z,4.418000,4.434000,4.408000,4.430000,4.414000,4.434000,4.412000,4.430000,changed
2024-11-21 19:20:00+00:00,2026-10-04T07:55:55Z,4.420000,4.438000,4.420000,4.432000,4.426000,4.438000,4.426000,4.432000,changed
2024-11-25 14:20:00+00:00,2026-10-04T07:55:55Z,4.322000,4.332000,4.289000,4.296000,4.320000,4.322000,4.289000,4.296000,changed
2024-11-25 15:20:00+00:00,2026-10-04T07:55:55Z,4.291000,4.304000,4.283000,4.298000,4.295000,4.304000,4.283000,4.298000,changed
2024-11-25 16:20:00+00:00,2026-10-04T07:55:55Z,4.293000,4.308000,4.283000,4.296000,4.293000,4.308000,4.293000,4.296000,changed
2024-11-25 17:20:00+00:00,2026-10-04T07:55:55Z,4.295000,4.308000,4.279000,4.281000,4.296000,4.304000,4.279000,4.281000,changed
2024-11-25 18:20:00+00:00,2026-10-04T07:55:55Z,4.298000,4.304000,4.263000,4.271000,4.300000,4.300000,4.263000,4.271000,changed
2024-11-25 19:20:00+00:00,2026-10-04T07:55:55Z,4.277000,4.279000,4.261000,4.265000,4.265000,4.273000,4.261000,4.265000,changed
2024-11-26 14:20:00+00:00,2026-10-04T07:55:55Z,4.293000,4.314000,4.291000,4.310000,4.293000,4.314000,4.281000,4.310000,changed
2024-11-26 15:20:00+00:00,2026-10-04T07:55:55Z,4.300000,4.324000,4.298000,4.316000,4.298000,4.324000,4.295000,4.316000,changed
2024-11-26 16:20:00+00:00,2026-10-04T07:55:55Z,4.310000,4.320000,4.306000,4.306000,4.322000,4.324000,4.306000,4.306000,changed
2024-11-26 17:20:00+00:00,2026-10-04T07:55:55Z,4.316000,4.318000,4.300000,4.314000,4.316000,4.320000,4.300000,4.314000,changed
2024-11-26 18:20:00+00:00,2026-10-04T07:55:55Z,4.310000,4.320000,4.306000,4.316000,4.306000,4.320000,4.300000,4.316000,changed
2024-11-26 19:20:00+00:00,2026-10-04T07:55:55Z,4.316000,4.320000,4.302000,4.302000,4.320000,4.320000,4.302000,4.302000,changed
2024-11-27 15:20:00+00:00,2026-10-04T07:55:55Z,4.256000,4.275000,4.254000,4.263000,4.246000,4.275000,4.242000,4.263000,changed
2024-11-27 16:20:00+00:00,2026-10-04T07:55:55Z,4.256000,4.265000,4.232000,4.238000,4.265000,4.269000,4.232000,4.238000,changed
2024-11-27 17:20:00+00:00,2026-10-04T07:55:55Z,4.242000,4.248000,4.230000,4.232000,4.263000,4.263000,4.230000,4.232000,changed
2024-11-27 18:20:00+00:00,2026-10-04T07:55:55Z,4.238000,4.238000,4.227000,4.236000,4.238000,4.240000,4.227000,4.236000,changed
2024-11-27 19:20:00+00:00,2026-10-04T07:55:55Z,4.236000,4.246000,4.232000,4.242000,4.232000,4.246000,4.230000,4.242000,changed
2024-11-29 14:20:00+00:00,2026-10-04T07:55:55Z,4.219000,4.219000,4.196000,4.207000,4.203000,4.207000,4.196000,4.207000,changed
2024-11-29 15:20:00+00:00,2026-10-04T07:55:55Z,4.199000,4.217000,4.196000,4.209000,4.197000,4.217000,4.196000,4.209000,changed
2024-11-29 16:20:00+00:00,2026-10-04T07:55:55Z,4.215000,4.217000,4.201000,4.207000,4.205000,4.217000,4.201000,4.207000,changed
2024-11-29 17:20:00+00:00,2026-10-04T07:55:55Z,4.211000,4.211000,4.188000,4.190000,4.209000,4.211000,4.188000,4.190000,changed
2024-11-29 18:20:00+00:00,2026-10-04T07:55:55Z,4.207000,4.207000,4.172000,4.180000,4.194000,4.196000,4.172000,4.180000,changed
2024-11-29 19:20:00+00:00,2026-10-04T07:55:55Z,4.184000,4.184000,4.172000,4.178000,4.172000,4.180000,4.172000,4.178000,changed
2024-11-01 13:20:00+00:00,2026-10-04T21:11:09Z,4.315000,4.315000,4.223000,4.305000,4.235000,4.307000,4.235000,4.305000,changed
2024-11-01 14:20:00+00:00,2026-10-04T21:11:09Z,4.273000,4.345000,4.259000,4.331000,4.275000,4.345000,4.267000,4.331000,changed
2024-11-01 15:20:00+00:00,2026-10-04T21:11:09Z,4.299000,4.355000,4.295000,4.341000,4.329000,4.355000,4.323000,4.341000,changed
2024-11-01 16:20:00+00:00,2026-10-04T21:11:09Z,4.325000,4.355000,4.325000,4.345000,4.347000,4.349000,4.333000,4.345000,changed
2024-11-01 17:20:00+00:00,2026-10-04T21:11:09Z,4.343000,4.365000,4.333000,4.357000,4.343000,4.365000,4.339000,4.357000,changed
2024-11-01 18:20:00+00:00,2026-10-04T21:11:09Z,4.345000,4.365000,4.345000,4.361000,4.355000,4.363000,4.349000,4.361000,changed
2024-11-04 14:20:00+00:00,2026-10-04T21:11:09Z,4.283000,4.287000,4.263000,4.263000,4.293000,4.297000,4.263000,4.263000,changed
2024-11-04 15:20:00+00:00,2026-10-04T21:11:09Z,4.277000,4.305000,4.263000,4.303000,4.281000,4.305000,4.263000,4.303000,changed
2024-11-04 16:20:00+00:00,2026-10-04T21:11:09Z,4.293000,4.309000,4.293000,4.293000,4.275000,4.309000,4.271000,4.293000,changed
2024-11-04 17:20:00+00:00,2026-10-04T21:11:09Z,4.297000,4.329000,4.291000,4.323000,4.301000,4.329000,4.291000,4.323000,changed
2024-11-04 18:20:00+00:00,2026-10-04T21:11:09Z,4.305000,4.329000,4.305000,4.309000,4.297000,4.329000,4.295000,4.309000,changed
2024-11-04 19:20:00+00:00,2026-10-04T21:11:09Z,4.313000,4.313000,4.297000,4.309000,4.325000,4.325000,4.297000,4.309000,changed
2024-11-05 14:20:00+00:00,2026-10-04T21:11:09Z,4.331000,4.360000,4.313000,4.353000,4.325000,4.360000,4.313000,4.353000,changed
2024-11-05 15:20:00+00:00,2026-10-04T21:11:09Z,4.319000,4.366000,4.313000,4.362000,4.339000,4.366000,4.339000,4.362000,changed
2024-11-05 16:20:00+00:00,2026-10-04T21:11:09Z,4.364000,4.366000,4.351000,4.356000,4.356000,4.366000,4.351000,4.356000,changed
2024-11-05 17:20:00+00:00,2026-10-04T21:11:09Z,4.362000,4.366000,4.315000,4.315000,4.357000,4.357000,4.315000,4.315000,changed
2024-11-05 18:20:00+00:00,2026-10-04T21:11:09Z,4.351000,4.353000,4.311000,4.317000,4.351000,4.351000,4.311000,4.317000,changed
2024-11-05 19:20:00+00:00,2026-10-04T21:11:09Z,4.323000,4.327000,4.285000,4.289000,4.313000,4.321000,4.285000,4.289000,changed
2024-11-07 14:20:00+00:00,2026-10-04T21:11:09Z,4.404000,4.404000,4.363000,4.373000,4.426000,4.433000,4.363000,4.373000,changed
2024-11-07 15:20:00+00:00,2026-10-04T21:11:09Z,4.371000,4.375000,4.341000,4.365000,4.390000,4.396000,4.341000,4.365000,changed
2024-11-07 16:20:00+00:00,2026-10-04T21:11:09Z,4.349000,4.369000,4.345000,4.357000,4.363000,4.369000,4.341000,4.357000,changed
2024-11-07 17:20:00+00:00,2026-10-04T21:11:09Z,4.359000,4.365000,4.339000,4.349000,4.365000,4.365000,4.339000,4.349000,changed
2024-11-07 19:20:00+00:00,2026-10-04T21:11:09Z,4.341000,4.377000,4.341000,4.341000,4.347000,4.377000,4.339000,4.341000,changed
2024-11-12 14:20:00+00:00,2026-10-04T21:11:09Z,4.380000,4.394000,4.361000,4.375000,4.390000,4.394000,4.361000,4.375000,changed
2024-11-12 15:20:00+00:00,2026-10-04T21:11:09Z,4.390000,4.394000,4.361000,4.394000,4.369000,4.394000,4.361000,4.394000,changed
2024-11-12 16:20:00+00:00,2026-10-04T21:11:09Z,4.371000,4.443000,4.367000,4.437000,4.388000,4.443000,4.382000,4.437000,changed
2024-11-12 17:20:00+00:00,2026-10-04T21:11:09Z,4.394000,4.443000,4.394000,4.433000,4.412000,4.443000,4.412000,4.433000,changed
2024-11-12 18:20:00+00:00,2026-10-04T21:11:09Z,4.433000,4.443000,4.424000,4.429000,4.433000,4.435000,4.424000,4.429000,changed
2024-11-12 19:20:00+00:00,2026-10-04T21:11:09Z,4.429000,4.435000,4.424000,4.432000,4.426000,4.433000,4.424000,4.432000,changed
2024-11-13 15:20:00+00:00,2026-10-04T21:11:09Z,4.396000,4.445000,4.396000,4.424000,4.396000,4.445000,4.396000,4.426000,changed
2024-11-14 14:20:00+00:00,2026-10-04T21:11:09Z,4.459000,4.461000,4.408000,4.418000,4.443000,4.483000,4.408000,4.418000,changed
2024-11-14 15:20:00+00:00,2026-10-04T21:11:09Z,4.424000,4.439000,4.412000,4.412000,4.420000,4.439000,4.408000,4.412000,changed
2024-11-14 16:20:00+00:00,2026-10-04T21:11:09Z,4.426000,4.428000,4.402000,4.402000,4.420000,4.439000,4.402000,4.402000,changed
2024-11-14 17:20:00+00:00,2026-10-04T21:11:09Z,4.410000,4.410000,4.386000,4.404000,4.408000,4.414000,4.386000,4.404000,changed
2024-11-14 19:20:00+00:00,2026-10-04T21:11:09Z,4.422000,4.422000,4.412000,4.418000,4.408000,4.422000,4.404000,4.418000,changed
2024-11-18 14:20:00+00:00,2026-10-04T21:11:09Z,4.459000,4.467000,4.441000,4.463000,4.487000,4.489000,4.441000,4.463000,changed
2024-11-18 15:20:00+00:00,2026-10-04T21:11:09Z,4.461000,4.469000,4.441000,4.447000,4.453000,4.469000,4.441000,4.447000,changed
2024-11-18 16:20:00+00:00,2026-10-04T21:11:09Z,4.463000,4.463000,4.432000,4.432000,4.459000,4.465000,4.432000,4.432000,changed
2024-11-18 17:20:00+00:00,2026-10-04T21:11:09Z,4.439000,4.443000,4.422000,4.424000,4.449000,4.453000,4.422000,4.424000,changed
2024-11-18 18:20:00+00:00,2026-10-04T21:11:09Z,4.426000,4.430000,4.408000,4.418000,4.430000,4.434000,4.408000,4.418000,changed
2024-11-18 19:20:00+00:00,2026-10-04T21:11:09Z,4.414000,4.422000,4.412000,4.414000,4.410000,4.422000,4.410000,4.414000,changed
2024-11-19 14:20:00+00:00,2026-10-04T21:11:09Z,4.357000,4.384000,4.337000,4.379000,4.341000,4.384000,4.339000,4.379000,changed
2024-11-19 15:20:00+00:00,2026-10-04T21:11:09Z,4.375000,4.386000,4.367000,4.379000,4.382000,4.386000,4.367000,4.379000,changed
2024-11-19 16:20:00+00:00,2026-10-04T21:11:09Z,4.375000,4.386000,4.367000,4.371000,4.373000,4.386000,4.367000,4.371000,changed
2024-11-19 17:20:00+00:00,2026-10-04T21:11:09Z,4.384000,4.390000,4.367000,4.381000,4.375000,4.392000,4.367000,4.381000,changed
2024-11-19 18:20:00+00:00,2026-10-04T21:11:09Z,4.373000,4.390000,4.371000,4.381000,4.384000,4.392000,4.371000,4.381000,changed
2024-11-19 19:20:00+00:00,2026-10-04T21:11:09Z,4.382000,4.384000,4.371000,4.379000,4.375000,4.384000,4.373000,4.379000,changed
2024-11-21 14:20:00+00:00,2026-10-04T21:11:09Z,4.392000,4.414000,4.377000,4.384000,4.418000,4.422000,4.377000,4.384000,changed
2024-11-21 15:20:00+00:00,2026-10-04T21:11:09Z,4.386000,4.414000,4.377000,4.412000,4.402000,4.414000,4.377000,4.412000,changed
2024-11-21 16:20:00+00:00,2026-10-04T21:11:09Z,4.404000,4.426000,4.400000,4.418000,4.384000,4.426000,4.384000,4.418000,changed
2024-11-21 17:20:00+00:00,2026-10-04T21:11:09Z,4.422000,4.426000,4.408000,4.414000,4.408000,4.426000,4.408000,4.414000,changed
2024-11-21 18:20:00+00:00,2026-10-04T21:11:09Z,4.414000,4.434000,4.412000,4.430000,4.418000,4.434000,4.408000,4.430000,changed
2024-11-21 19:20:00+00:00,2026-10-04T21:11:09Z,4.426000,4.438000,4.426000,4.432000,4.420000,4.438000,4.420000,4.432000,changed
2024-11-25 14:20:00+00:00,2026-10-04T21:11:09Z,4.320000,4.322000,4.289000,4.296000,4.322000,4.332000,4.289000,4.296000,changed
2024-11-25 15:20:00+00:00,2026-10-04T21:11:09Z,4.295000,4.304000,4.283000,4.298000,4.291000,4.304000,4.283000,4.298000,changed
2024-11-25 16:20:00+00:00,2026-10-04T21:11:09Z,4.293000,4.308000,4.293000,4.296000,4.293000,4.308000,4.283000,4.296000,changed
2024-11-25 17:20:00+00:00,2026-10-04T21:11:09Z,4.296000,4.304000,4.279000,4.281000,4.295000,4.308000,4.279000,4.281000,changed
2024-11-25 18:20:00+00:00,2026-10-04T21:11:09Z,4.300000,4.300000,4.263000,4.271000,4.298000,4.304000,4.263000,4.271000,changed
2024-11-25 19:20:00+00:00,2026-10-04T21:11:09Z,4.265000,4.273000,4.261000,4.265000,4.277000,4.279000,4.261000,4.265000,changed
2024-11-26 14:20:00+00:00,2026-10-04T21:11:09Z,4.293000,4.314000,4.281000,4.310000,4.293000,4.314000,4.291000,4.310000,changed
2024-11-26 15:20:00+00:00,2026-10-04T21:11:09Z,4.298000,4.324000,4.295000,4.316000,4.300000,4.324000,4.298000,4.316000,changed
2024-11-26 16:20:00+00:00,2026-10-04T21:11:09Z,4.322000,4.324000,4.306000,4.306000,4.310000,4.320000,4.306000,4.306000,changed
2024-11-26 17:20:00+00:00,2026-10-04T21:11:09Z,4.316000,4.320000,4.300000,4.314000,4.316000,4.318000,4.300000,4.314000,changed
2024-11-26 18:20:00+00:00,2026-10-04T21:11:09Z,4.306000,4.320000,4.300000,4.316000,4.310000,4.320000,4.306000,4.316000,changed
2024-11-26 19:20:00+00:00,2026-10-04T21:11:09Z,4.320000,4.320000,4.302000,4.302000,4.316000,4.320000,4.302000,4.302000,changed
2024-11-27 15:20:00+00:00,2026-10-04T21:11:09Z,4.246000,4.275000,4.242000,4.263000,4.256000,4.275000,4.254000,4.263000,changed
2024-11-27 16:20:00+00:00,2026-10-04T21:11:09Z,4.265000,4.269000,4.232000,4.238000,4.256000,4.265000,4.232000,4.238000,changed
2024-11-27 17:20:00+00:00,2026-10-04T21:11:09Z,4.263000,4.263000,4.230000,4.232000,4.242000,4.248000,4.230000,4.232000,changed
2024-11-27 18:20:00+00:00,2026-10-04T21:11:09Z,4.238000,4.240000,4.227000,4.236000,4.238000,4.238000,4.227000,4.236000,changed
2024-11-27 19:20:00+00:00,2026-10-04T21:11:09Z,4.232000,4.246000,4.230000,4.242000,4.236000,4.246000,4.232000,4.242000,changed
2024-11-29 14:20:00+00:00,2026-10-04T21:11:09Z,4.203000,4.207000,4.196000,4.207000,4.219000,4.219000,4.196000,4.207000,changed
2024-11-29 15:20:00+00:00,2026-10-04T21:11:09Z,4.197000,4.217000,4.196000,4.209000,4.199000,4.217000,4.196000,4.209000,changed
2024-11-29 16:20:00+00:00,2026-10-04T21:11:09Z,4.205000,4.217000,4.201000,4.207000,4.215000,4.217000,4.201000,4.207000,changed
2024-11-29 17:20:00+00:00,2026-10-04T21:11:09Z,4.209000,4.211000,4.188000,4.190000,4.211000,4.211000,4.188000,4.190000,changed
2024-11-29 18:20:00+00:00,2026-10-04T21:11:09Z,4.194000,4.196000,4.172000,4.180000,4.207000,4.207000,4.172000,4.180000,changed
2024-11-29 19:20:00+00:00,2026-10-04T21:11:09Z,4.172000,4.180000,4.172000,4.178000,4.184000,4.184000,4.172000,4.178000,changed
2024-11-01 13:20:00+00:00,2026-10-04T21:39:49Z,4.235000,4.307000,4.235000,4.305000,4.315000,4.315000,4.223000,4.305000,changed
2024-11-01 14:20:00+00:00,2026-10-04T21:39:49Z,4.275000,4.345000,4.267000,4.331000,4.273000,4.345000,4.259000,4.331000,changed
2024-11-01 15:20:00+00:00,2026-10-04T21:39:49Z,4.329000,4.355000,4.323000,4.341000,4.299000,4.355000,4.295000,4.341000,changed
2024-11-01 16:20:00+00:00,2026-10-04T21:39:49Z,4.347000,4.349000,4.333000,4.345000,4.325000,4.355000,4.325000,4.345000,changed
2024-11-01 17:20:00+00:00,2026-10-04T21:39:49Z,4.343000,4.365000,4.339000,4.357000,4.343000,4.365000,4.333000,4.357000,changed
2024-11-01 18:20:00+00:00,2026-10-04T21:39:49Z,4.355000,4.363000,4.349000,4.361000,4.345000,4.365000,4.345000,4.361000,changed
2024-11-04 14:20:00+00:00,2026-10-04T21:39:49Z,4.293000,4.297000,4.263000,4.263000,4.283000,4.287000,4.263000,4.263000,changed
2024-11-04 15:20:00+00:00,2026-10-04T21:39:49Z,4.281000,4.305000,4.263000,4.303000,4.277000,4.305000,4.263000,4.303000,changed
2024-11-04 16:20:00+00:00,2026-10-04T21:39:49Z,4.275000,4.309000,4.271000,4.293000,4.293000,4.309000,4.293000,4.293000,changed
2024-11-04 17:20:00+00:00,2026-10-04T21:39:49Z,4.301000,4.329000,4.291000,4.323000,4.297000,4.329000,4.291000,4.323000,changed
2024-11-04 18:20:00+00:00,2026-10-04T21:39:49Z,4.297000,4.329000,4.295000,4.309000,4.305000,4.329000,4.305000,4.309000,changed
2024-11-04 19:20:00+00:00,2026-10-04T21:39:49Z,4.325000,4.325000,4.297000,4.309000,4.313000,4.313000,4.297000,4.309000,changed
2024-11-05 14:20:00+00:00,2026-10-04T21:39:49Z,4.325000,4.360000,4.313000,4.353000,4.331000,4.360000,4.313000,4.353000,changed
2024-11-05 15:20:00+00:00,2026-10-04T21:39:49Z,4.339000,4.366000,4.339000,4.362000,4.319000,4.366000,4.313000,4.362000,changed
2024-11-05 16:20:00+00:00,2026-10-04T21:39:49Z,4.356000,4.366000,4.351000,4.356000,4.364000,4.366000,4.351000,4.356000,changed
2024-11-05 17:20:00+00:00,2026-10-04T21:39:49Z,4.357000,4.357000,4.315000,4.315000,4.362000,4.366000,4.315000,4.315000,changed
2024-11-05 18:20:00+00:00,2026-10-04T21:39:49Z,4.351000,4.351000,4.311000,4.317000,4.351000,4.353000,4.311000,4.317000,changed
2024-11-05 19:20:00+00:00,2026-10-04T21:39:49Z,4.313000,4.321000,4.285000,4.289000,4.323000,4.327000,4.285000,4.289000,changed
2024-11-07 14:20:00+00:00,2026-10-04T21:39:49Z,4.426000,4.433000,4.363000,4.373000,4.404000,4.404000,4.363000,4.373000,changed
2024-11-07 15:20:00+00:00,2026-10-04T21:39:49Z,4.390000,4.396000,4.341000,4.365000,4.371000,4.375000,4.341000,4.365000,changed
2024-11-07 16:20:00+00:00,2026-10-04T21:39:49Z,4.363000,4.369000,4.341000,4.357000,4.349000,4.369000,4.345000,4.357000,changed
2024-11-07 17:20:00+00:00,2026-10-04T21:39:49Z,4.365000,4.365000,4.339000,4.349000,4.359000,4.365000,4.339000,4.349000,changed
2024-11-07 19:20:00+00:00,2026-10-04T21:39:49Z,4.347000,4.377000,4.339000,4.341000,4.341000,4.377000,4.341000,4.341000,changed
2024-11-12 14:20:00+00:00,2026-10-04T21:39:49Z,4.390000,4.394000,4.361000,4.375000,4.380000,4.394000,4.361000,4.375000,changed
2024-11-12 15:20:00+00:00,2026-10-04T21:39:49Z,4.369000,4.394000,4.361000,4.394000,4.390000,4.394000,4.361000,4.394000,changed
2024-11-12 16:20:00+00:00,2026-10-04T21:39:49Z,4.388000,4.443000,4.382000,4.437000,4.371000,4.443000,4.367000,4.437000,changed
2024-11-12 17:20:00+00:00,2026-10-04T21:39:49Z,4.412000,4.443000,4.412000,4.433000,4.394000,4.443000,4.394000,4.433000,changed
2024-11-12 18:20:00+00:00,2026-10-04T21:39:49Z,4.433000,4.435000,4.424000,4.429000,4.433000,4.443000,4.424000,4.429000,changed
2024-11-12 19:20:00+00:00,2026-10-04T21:39:49Z,4.426000,4.433000,4.424000,4.432000,4.429000,4.435000,4.424000,4.432000,changed
2024-11-13 15:20:00+00:00,2026-10-04T21:39:49Z,4.396000,4.445000,4.396000,4.426000,4.396000,4.445000,4.396000,4.424000,changed
2024-11-14 14:20:00+00:00,2026-10-04T21:39:49Z,4.443000,4.483000,4.408000,4.418000,4.459000,4.461000,4.408000,4.418000,changed
2024-11-14 15:20:00+00:00,2026-10-04T21:39:49Z,4.420000,4.439000,4.408000,4.412000,4.424000,4.439000,4.412000,4.412000,changed
2024-11-14 16:20:00+00:00,2026-10-04T21:39:49Z,4.420000,4.439000,4.402000,4.402000,4.426000,4.428000,4.402000,4.402000,changed
2024-11-14 17:20:00+00:00,2026-10-04T21:39:49Z,4.408000,4.414000,4.386000,4.404000,4.410000,4.410000,4.386000,4.404000,changed
2024-11-14 19:20:00+00:00,2026-10-04T21:39:49Z,4.408000,4.422000,4.404000,4.418000,4.422000,4.422000,4.412000,4.418000,changed
2024-11-18 14:20:00+00:00,2026-10-04T21:39:49Z,4.487000,4.489000,4.441000,4.463000,4.459000,4.467000,4.441000,4.463000,changed
2024-11-18 15:20:00+00:00,2026-10-04T21:39:49Z,4.453000,4.469000,4.441000,4.447000,4.461000,4.469000,4.441000,4.447000,changed
2024-11-18 16:20:00+00:00,2026-10-04T21:39:49Z,4.459000,4.465000,4.432000,4.432000,4.463000,4.463000,4.432000,4.432000,changed
2024-11-18 17:20:00+00:00,2026-10-04T21:39:49Z,4.449000,4.453000,4.422000,4.424000,4.439000,4.443000,4.422000,4.424000,changed
2024-11-18 18:20:00+00:00,2026-10-04T21:39:49Z,4.430000,4.434000,4.408000,4.418000,4.426000,4.430000,4.408000,4.418000,changed
2024-11-18 19:20:00+00:00,2026-10-04T21:39:49Z,4.410000,4.422000,4.410000,4.414000,4.414000,4.422000,4.412000,4.414000,changed
2024-11-19 14:20:00+00:00,2026-10-04T21:39:49Z,4.341000,4.384000,4.339000,4.379000,4.357000,4.384000,4.337000,4.379000,changed
2024-11-19 15:20:00+00:00,2026-10-04T21:39:49Z,4.382000,4.386000,4.367000,4.379000,4.375000,4.386000,4.367000,4.379000,changed
2024-11-19 16:20:00+00:00,2026-10-04T21:39:49Z,4.373000,4.386000,4.367000,4.371000,4.375000,4.386000,4.367000,4.371000,changed
2024-11-19 17:20:00+00:00,2026-10-04T21:39:49Z,4.375000,4.392000,4.367000,4.381000,4.384000,4.390000,4.367000,4.381000,changed
2024-11-19 18:20:00+00:00,2026-10-04T21:39:49Z,4.384000,4.392000,4.371000,4.381000,4.373000,4.390000,4.371000,4.381000,changed
2024-11-19 19:20:00+00:00,2026-10-04T21:39:49Z,4.375000,4.384000,4.373000,4.379000,4.382000,4.384000,4.371000,4.379000,changed
2024-11-21 14:20:00+00:00,2026-10-04T21:39:49Z,4.418000,4.422000,4.377000,4.384000,4.392000,4.414000,4.377000,4.384000,changed
2024-11-21 15:20:00+00:00,2026-10-04T21:39:49Z,4.402000,4.414000,4.377000,4.412000,4.386000,4.414000,4.377000,4.412000,changed
2024-11-21 16:20:00+00:00,2026-10-04T21:39:49Z,4.384000,4.426000,4.384000,4.418000,4.404000,4.426000,4.400000,4.418000,changed
2024-11-21 17:20:00+00:00,2026-10-04T21:39:49Z,4.408000,4.426000,4.408000,4.414000,4.422000,4.426000,4.408000,4.414000,changed
2024-11-21 18:20:00+00:00,2026-10-04T21:39:49Z,4.418000,4.434000,4.408000,4.430000,4.414000,4.434000,4.412000,4.430000,changed
2024-11-21 19:20:00+00:00,2026-10-04T21:39:49Z,4.420000,4.438000,4.420000,4.432000,4.426000,4.438000,4.426000,4.432000,changed
2024-11-25 14:20:00+00:00,2026-10-04T21:39:49Z,4.322000,4.332000,4.289000,4.296000,4.320000,4.322000,4.289000,4.296000,changed
2024-11-25 15:20:00+00:00,2026-10-04T21:39:49Z,4.291000,4.304000,4.283000,4.298000,4.295000,4.304000,4.283000,4.298000,changed
2024-11-25 16:20:00+00:00,2026-10-04T21:39:49Z,4.293000,4.308000,4.283000,4.296000,4.293000,4.308000,4.293000,4.296000,changed
2024-11-25 17:20:00+00:00,2026-10-04T21:39:49Z,4.295000,4.308000,4.279000,4.281000,4.296000,4.304000,4.279000,4.281000,changed
2024-11-25 18:20:00+00:00,2026-10-04T21:39:49Z,4.298000,4.304000,4.263000,4.271000,4.300000,4.300000,4.263000,4.271000,changed
2024-11-25 19:20:00+00:00,2026-10-04T21:39:49Z,4.277000,4.279000,4.261000,4.265000,4.265000,4.273000,4.261000,4.265000,changed
2024-11-26 14:20:00+00:00,2026-10-04T21:39:49Z,4.293000,4.314000,4.291000,4.310000,4.293000,4.314000,4.281000,4.310000,changed
2024-11-26 15:20:00+00:00,2026-10-04T21:39:49Z,4.300000,4.324000,4.298000,4.316000,4.298000,4.324000,4.295000,4.316000,changed
2024-11-26 16:20:00+00:00,2026-10-04T21:39:49Z,4.310000,4.320000,4.306000,4.306000,4.322000,4.324000,4.306000,4.306000,changed
2024-11-26 17:20:00+00:00,2026-10-04T21:39:49Z,4.316000,4.318000,4.300000,4.314000,4.316000,4.320000,4.300000,4.314000,changed
2024-11-26 18:20:00+00:00,2026-10-04T21:39:49Z,4.310000,4.320000,4.306000,4.316000,4.306000,4.320000,4.300000,4.316000,changed
2024-11-26 19:20:00+00:00,2026-10-04T21:39:49Z,4.316000,4.320000,4.302000,4.302000,4.320000,4.320000,4.302000,4.302000,changed
2024-11-27 15:20:00+00:00,2026-10-04T21:39:49Z,4.256000,4.275000,4.254000,4.263000,4.246000,4.275000,4.242000,4.263000,changed
2024-11-27 16:20:00+00:00,2026-10-04T21:39:49Z,4.256000,4.265000,4.232000,4.238000,4.265000,4.269000,4.232000,4.238000,changed
2024-11-27 17:20:00+00:00,2026-10-04T21:39:49Z,4.242000,4.248000,4.230000,4.232000,4.263000,4.263000,4.230000,4.232000,changed
2024-11-27 18:20:00+00:00,2026-10-04T21:39:49Z,4.238000,4.238000,4.227000,4.236000,4.238000,4.240000,4.227000,4.236000,changed
2024-11-27 19:20:00+00:00,2026-10-04T21:39:49Z,4.236000,4.246000,4.232000,4.242000,4.232000,4.246000,4.230000,4.242000,changed
2024-11-29 14:20:00+00:00,2026-10-04T21:39:49Z,4.219000,4.219000,4.196000,4.207000,4.203000,4.207000,4.196000,4.207000,changed
2024-11-29 15:20:00+00:00,2026-10-04T21:39:49Z,4.199000,4.217000,4.196000,4.209000,4.197000,4.217000,4.196000,4.209000,changed
2024-11-29 16:20:00+00:00,2026-10-04T21:39:49Z,4.215000,4.217000,4.201000,4.207000,4.205000,4.217000,4.201000,4.207000,changed
2024-11-29 17:20:00+00:00,2026-10-04T21:39:49Z,4.211000,4.211000,4.188000,4.190000,4.209000,4.211000,4.188000,4.190000,changed
2024-11-29 18:20:00+00:00,2026-10-04T21:39:49Z,4.207000,4.207000,4.172000,4.180000,4.194000,4.196000,4.172000,4.180000,changed
2024-11-29 19:20:00+00:00,2026-10-04T21:39:49Z,4.184000,4.184000,4.172000,4.178000,4.172000,4.180000,4.172000,4.178000,changed
2024-11-01 13:20:00+00:00,2026-10-04T21:58:00Z,4.315000,4.315000,4.223000,4.305000,4.235000,4.307000,4.235000,4.305000,changed
2024-11-01 14:20:00+00:00,2026-10-04T21:58:00Z,4.273000,4.345000,4.259000,4.331000,4.275000,4.345000,4.267000,4.331000,changed
2024-11-01 15:20:00+00:00,2026-10-04T21:58:00Z,4.299000,4.355000,4.295000,4.341000,4.329000,4.355000,4.323000,4.341000,changed
2024-11-01 16:20:00+00:00,2026-10-04T21:58:00Z,4.325000,4.355000,4.325000,4.345000,4.347000,4.349000,4.333000,4.345000,changed
2024-11-01 17:20:00+00:00,2026-10-04T21:58:00Z,4.343000,4.365000,4.333000,4.357000,4.343000,4.365000,4.339000,4.357000,changed
2024-11-01 18:20:00+00:00,2026-10-04T21:58:00Z,4.345000,4.365000,4.345000,4.361000,4.355000,4.363000,4.349000,4.361000,changed
2024-11-04 14:20:00+00:00,2026-10-04T21:58:00Z,4.283000,4.287000,4.263000,4.263000,4.293000,4.297000,4.263000,4.263000,changed
2024-11-04 15:20:00+00:00,2026-10-04T21:58:00Z,4.277000,4.305000,4.263000,4.303000,4.281000,4.305000,4.263000,4.303000,changed
2024-11-04 16:20:00+00:00,2026-10-04T21:58:00Z,4.293000,4.309000,4.293000,4.293000,4.275000,4.309000,4.271000,4.293000,changed
2024-11-04 17:20:00+00:00,2026-10-04T21:58:00Z,4.297000,4.329000,4.291000,4.323000,4.301000,4.329000,4.291000,4.323000,changed
2024-11-04 18:20:00+00:00,2026-10-04T21:58:00Z,4.305000,4.329000,4.305000,4.309000,4.297000,4.329000,4.295000,4.309000,changed
2024-11-04 19:20:00+00:00,2026-10-04T21:58:00Z,4.313000,4.313000,4.297000,4.309000,4.325000,4.325000,4.297000,4.309000,changed
2024-11-05 14:20:00+00:00,2026-10-04T21:58:00Z,4.331000,4.360000,4.313000,4.353000,4.325000,4.360000,4.313000,4.353000,changed
2024-11-05 15:20:00+00:00,2026-10-04T21:58:00Z,4.319000,4.366000,4.313000,4.362000,4.339000,4.366000,4.339000,4.362000,changed
2024-11-05 16:20:00+00:00,2026-10-04T21:58:00Z,4.364000,4.366000,4.351000,4.356000,4.356000,4.366000,4.351000,4.356000,changed
2024-11-05 17:20:00+00:00,2026-10-04T21:58:00Z,4.362000,4.366000,4.315000,4.315000,4.357000,4.357000,4.315000,4.315000,changed
2024-11-05 18:20:00+00:00,2026-10-04T21:58:00Z,4.351000,4.353000,4.311000,4.317000,4.351000,4.351000,4.311000,4.317000,changed
2024-11-05 19:20:00+00:00,2026-10-04T21:58:00Z,4.323000,4.327000,4.285000,4.289000,4.313000,4.321000,4.285000,4.289000,changed
2024-11-07 14:20:00+00:00,2026-10-04T21:58:00Z,4.404000,4.404000,4.363000,4.373000,4.426000,4.433000,4.363000,4.373000,changed
2024-11-07 15:20:00+00:00,2026-10-04T21:58:00Z,4.371000,4.375000,4.341000,4.365000,4.390000,4.396000,4.341000,4.365000,changed
2024-11-07 16:20:00+00:00,2026-10-04T21:58:00Z,4.349000,4.369000,4.345000,4.357000,4.363000,4.369000,4.341000,4.357000,changed
2024-11-07 17:20:00+00:00,2026-10-04T21:58:00Z,4.359000,4.365000,4.339000,4.349000,4.365000,4.365000,4.339000,4.349000,changed
2024-11-07 19:20:00+00:00,2026-10-04T21:58:00Z,4.341000,4.377000,4.341000,4.341000,4.347000,4.377000,4.339000,4.341000,changed
2024-11-12 14:20:00+00:00,2026-10-04T21:58:00Z,4.380000,4.394000,4.361000,4.375000,4.390000,4.394000,4.361000,4.375000,changed
2024-11-12 15:20:00+00:00,2026-10-04T21:58:00Z,4.390000,4.394000,4.361000,4.394000,4.369000,4.394000,4.361000,4.394000,changed
2024-11-12 16:20:00+00:00,2026-10-04T21:58:00Z,4.371000,4.443000,4.367000,4.437000,4.388000,4.443000,4.382000,4.437000,changed
2024-11-12 17:20:00+00:00,2026-10-04T21:58:00Z,4.394000,4.443000,4.394000,4.433000,4.412000,4.443000,4.412000,4.433000,changed
2024-11-12 18:20:00+00:00,2026-10-04T21:58:00Z,4.433000,4.443000,4.424000,4.429000,4.433000,4.435000,4.424000,4.429000,changed
2024-11-12 19:20:00+00:00,2026-10-04T21:58:00Z,4.429000,4.435000,4.424000,4.432000,4.426000,4.433000,4.424000,4.432000,changed
2024-11-13 15:20:00+00:00,2026-10-04T21:58:00Z,4.396000,4.445000,4.396000,4.424000,4.396000,4.445000,4.396000,4.426000,changed
2024-11-14 14:20:00+00:00,2026-10-04T21:58:00Z,4.459000,4.461000,4.408000,4.418000,4.443000,4.483000,4.408000,4.418000,changed
2024-11-14 15:20:00+00:00,2026-10-04T21:58:00Z,4.424000,4.439000,4.412000,4.412000,4.420000,4.439000,4.408000,4.412000,changed
2024-11-14 16:20:00+00:00,2026-10-04T21:58:00Z,4.426000,4.428000,4.402000,4.402000,4.420000,4.439000,4.402000,4.402000,changed
2024-11-14 17:20:00+00:00,2026-10-04T21:58:00Z,4.410000,4.410000,4.386000,4.404000,4.408000,4.414000,4.386000,4.404000,changed
2024-11-14 19:20:00+00:00,2026-10-04T21:58:00Z,4.422000,4.422000,4.412000,4.418000,4.408000,4.422000,4.404000,4.418000,changed
2024-11-18 14:20:00+00:00,2026-10-04T21:58:00Z,4.459000,4.467000,4.441000,4.463000,4.487000,4.489000,4.441000,4.463000,changed
2024-11-18 15:20:00+00:00,2026-10-04T21:58:00Z,4.461000,4.469000,4.441000,4.447000,4.453000,4.469000,4.441000,4.447000,changed
2024-11-18 16:20:00+00:00,2026-10-04T21:58:00Z,4.463000,4.463000,4.432000,4.432000,4.459000,4.465000,4.432000,4.432000,changed
2024-11-18 17:20:00+00:00,2026-10-04T21:58:00Z,4.439000,4.443000,4.422000,4.424000,4.449000,4.453000,4.422000,4.424000,changed
2024-11-18 18:20:00+00:00,2026-10-04T21:58:00Z,4.426000,4.430000,4.408000,4.418000,4.430000,4.434000,4.408000,4.418000,changed
2024-11-18 19:20:00+00:00,2026-10-04T21:58:00Z,4.414000,4.422000,4.412000,4.414000,4.410000,4.422000,4.410000,4.414000,changed
2024-11-19 14:20:00+00:00,2026-10-04T21:58:00Z,4.357000,4.384000,4.337000,4.379000,4.341000,4.384000,4.339000,4.379000,changed
2024-11-19 15:20:00+00:00,2026-10-04T21:58:00Z,4.375000,4.386000,4.367000,4.379000,4.382000,4.386000,4.367000,4.379000,changed
2024-11-19 16:20:00+00:00,2026-10-04T21:58:00Z,4.375000,4.386000,4.367000,4.371000,4.373000,4.386000,4.367000,4.371000,changed
2024-11-19 17:20:00+00:00,2026-10-04T21:58:00Z,4.384000,4.390000,4.367000,4.381000,4.375000,4.392000,4.367000,4.381000,changed
2024-11-19 18:20:00+00:00,2026-10-04T21:58:00Z,4.373000,4.390000,4.371000,4.381000,4.384000,4.392000,4.371000,4.381000,changed
2024-11-19 19:20:00+00:00,2026-10-04T21:58:00Z,4.382000,4.384000,4.371000,4.379000,4.375000,4.384000,4.373000,4.379000,changed
2024-11-21 14:20:00+00:00,2026-10-04T21:58:00Z,4.392000,4.414000,4.377000,4.384000,4.418000,4.422000,4.377000,4.384000,changed
2024-11-21 15:20:00+00:00,2026-10-04T21:58:00Z,4.386000,4.414000,4.377000,4.412000,4.402000,4.414000,4.377000,4.412000,changed
2024-11-21 16:20:00+00:00,2026-10-04T21:58:00Z,4.404000,4.426000,4.400000,4.418000,4.384000,4.426000,4.384000,4.418000,changed
2024-11-21 17:20:00+00:00,2026-10-04T21:58:00Z,4.422000,4.426000,4.408000,4.414000,4.408000,4.426000,4.408000,4.414000,changed
2024-11-21 18:20:00+00:00,2026-10-04T21:58:00Z,4.414000,4.434000,4.412000,4.430000,4.418000,4.434000,4.408000,4.430000,changed
2024-11-21 19:20:00+00:00,2026-10-04T21:58:00Z,4.426000,4.438000,4.426000,4.432000,4.420000,4.438000,4.420000,4.432000,changed
2024-11-25 14:20:00+00:00,2026-10-04T21:58:00Z,4.320000,4.322000,4.289000,4.296000,4.322000,4.332000,4.289000,4.296000,changed
2024-11-25 15:20:00+00:00,2026-10-04T21:58:00Z,4.295000,4.304000,4.283000,4.298000,4.291000,4.304000,4.283000,4.298000,changed
2024-11-25 16:20:00+00:00,2026-10-04T21:58:00Z,4.293000,4.308000,4.293000,4.296000,4.293000,4.308000,4.283000,4.296000,changed
2024-11-25 17:20:00+00:00,2026-10-04T21:58:00Z,4.296000,4.304000,4.279000,4.281000,4.295000,4.308000,4.279000,4.281000,changed
2024-11-25 18:20:00+00:00,2026-10-04T21:58:00Z,4.300000,4.300000,4.263000,4.271000,4.298000,4.304000,4.263000,4.271000,changed
2024-11-25 19:20:00+00:00,2026-10-04T21:58:00Z,4.265000,4.273000,4.261000,4.265000,4.277000,4.279000,4.261000,4.265000,changed
2024-11-26 14:20:00+00:00,2026-10-04T21:58:00Z,4.293000,4.314000,4.281000,4.310000,4.293000,4.314000,4.291000,4.310000,changed
2024-11-26 15:20:00+00:00,2026-10-04T21:58:00Z,4.298000,4.324000,4.295000,4.316000,4.300000,4.324000,4.298000,4.316000,changed
2024-11-26 16:20:00+00:00,2026-10-04T21:58:00Z,4.322000,4.324000,4.306000,4.306000,4.310000,4.320000,4.306000,4.306000,changed
2024-11-26 17:20:00+00:00,2026-10-04T21:58:00Z,4.316000,4.320000,4.300000,4.314000,4.316000,4.318000,4.300000,4.314000,changed
2024-11-26 18:20:00+00:00,2026-10-04T21:58:00Z,4.306000,4.320000,4.300000,4.316000,4.310000,4.320000,4.306000,4.316000,changed
2024-11-26 19:20:00+00:00,2026-10-04T21:58:00Z,4.320000,4.320000,4.302000,4.302000,4.316000,4.320000,4.302000,4.302000,changed
2024-11-27 15:20:00+00:00,2026-10-04T21:58:00Z,4.246000,4.275000,4.242000,4.263000,4.256000,4.275000,4.254000,4.263000,changed
2024-11-27 16:20:00+00:00,2026-10-04T21:58:00Z,4.265000,4.269000,4.232000,4.238000,4.256000,4.265000,4.232000,4.238000,changed
2024-11-27 17:20:00+00:00,2026-10-04T21:58:00Z,4.263000,4.263000,4.230000,4.232000,4.242000,4.248000,4.230000,4.232000,changed
2024-11-27 18:20:00+00:00,2026-10-04T21:58:00Z,4.238000,4.240000,4.227000,4.236000,4.238000,4.238000,4.227000,4.236000,changed
2024-11-27 19:20:00+00:00,2026-10-04T21:58:00Z,4.232000,4.246000,4.230000,4.242000,4.236000,4.246000,4.232000,4.242000,changed
2024-11-29 14:20:00+00:00,2026-10-04T21:58:00Z,4.203000,4.207000,4.196000,4.207000,4.219000,4.219000,4.196000,4.207000,changed
2024-11-29 15:20:00+00:00,2026-10-04T21:58:00Z,4.197000,4.217000,4.196000,4.209000,4.199000,4.217000,4.196000,4.209000,changed
2024-11-29 16:20:00+00:00,2026-10-04T21:58:00Z,4.205000,4.217000,4.201000,4.207000,4.215000,4.217000,4.201000,4.207000,changed
2024-11-29 17:20:00+00:00,2026-10-04T21:58:00Z,4.209000,4.211000,4.188000,4.190000,4.211000,4.211000,4.188000,4.190000,changed
2024-11-29 18:20:00+00:00,2026-10-04T21:58:00Z,4.194000,4.196000,4.172000,4.180000,4.207000,4.207000,4.172000,4.180000,changed
2024-11-29 19:20:00+00:00,2026-10-04T21:58:00Z,4.172000,4.180000,4.172000,4.178000,4.184000,4.184000,4.172000,4.178000,changed
2024-11-01 13:20:00+00:00,2026-10-04T22:10:08Z,4.235000,4.307000,4.235000,4.305000,4.315000,4.315000,4.223000,4.305000,changed
2024-11-01 14:20:00+00:00,2026-10-04T22:10:08Z,4.275000,4.345000,4.267000,4.331000,4.273000,4.345000,4.259000,4.331000,changed
2024-11-01 15:20:00+00:00,2026-10-04T22:10:08Z,4.329000,4.355000,4.323000,4.341000,4.299000,4.355000,4.295000,4.341000,changed
2024-11-01 16:20:00+00:00,2026-10-04T22:10:08Z,4.347000,4.349000,4.333000,4.345000,4.325000,4.355000,4.325000,4.345000,changed
2024-11-01 17:20:00+00:00,2026-10-04T22:10:08Z,4.343000,4.365000,4.339000,4.357000,4.343000,4.365000,4.333000,4.357000,changed
2024-11-01 18:20:00+00:00,2026-10-04T22:10:08Z,4.355000,4.363000,4.349000,4.361000,4.345000,4.365000,4.345000,4.361000,changed
2024-11-04 14:20:00+00:00,2026-10-04T22:10:08Z,4.293000,4.297000,4.263000,4.263000,4.283000,4.287000,4.263000,4.263000,changed
2024-11-04 15:20:00+00:00,2026-10-04T22:10:08Z,4.281000,4.305000,4.263000,4.303000,4.277000,4.305000,4.263000,4.303000,changed
2024-11-04 16:20:00+00:00,2026-10-04T22:10:08Z,4.275000,4.309000,4.271000,4.293000,4.293000,4.309000,4.293000,4.293000,changed
2024-11-04 17:20:00+00:00,2026-10-04T22:10:08Z,4.301000,4.329000,4.291000,4.323000,4.297000,4.329000,4.291000,4.323000,changed
2024-11-04 18:20:00+00:00,2026-10-04T22:10:08Z,4.297000,4.329000,4.295000,4.309000,4.305000,4.329000,4.305000,4.309000,changed
2024-11-04 19:20:00+00:00,2026-10-04T22:10:08Z,4.325000,4.325000,4.297000,4.309000,4.313000,4.313000,4.297000,4.309000,changed
2024-11-05 14:20:00+00:00,2026-10-04T22:10:08Z,4.325000,4.360000,4.313000,4.353000,4.331000,4.360000,4.313000,4.353000,changed
2024-11-05 15:20:00+00:00,2026-10-04T22:10:08Z,4.339000,4.366000,4.339000,4.362000,4.319000,4.366000,4.313000,4.362000,changed
2024-11-05 16:20:00+00:00,2026-10-04T22:10:08Z,4.356000,4.366000,4.351000,4.356000,4.364000,4.366000,4.351000,4.356000,changed
2024-11-05 17:20:00+00:00,2026-10-04T22:10:08Z,4.357000,4.357000,4.315000,4.315000,4.362000,4.366000,4.315000,4.315000,changed
2024-11-05 18:20:00+00:00,2026-10-04T22:10:08Z,4.351000,4.351000,4.311000,4.317000,4.351000,4.353000,4.311000,4.317000,changed
2024-11-05 19:20:00+00:00,2026-10-04T22:10:08Z,4.313000,4.321000,4.285000,4.289000,4.323000,4.327000,4.285000,4.289000,changed
2024-11-07 14:20:00+00:00,2026-10-04T22:10:08Z,4.426000,4.433000,4.363000,4.373000,4.404000,4.404000,4.363000,4.373000,changed
2024-11-07 15:20:00+00:00,2026-10-04T22:10:08Z,4.390000,4.396000,4.341000,4.365000,4.371000,4.375000,4.341000,4.365000,changed
2024-11-07 16:20:00+00:00,2026-10-04T22:10:08Z,4.363000,4.369000,4.341000,4.357000,4.349000,4.369000,4.345000,4.357000,changed
2024-11-07 17:20:00+00:00,2026-10-04T22:10:08Z,4.365000,4.365000,4.339000,4.349000,4.359000,4.365000,4.339000,4.349000,changed
2024-11-07 19:20:00+00:00,2026-10-04T22:10:08Z,4.347000,4.377000,4.339000,4.341000,4.341000,4.377000,4.341000,4.341000,changed
2024-11-12 14:20:00+00:00,2026-10-04T22:10:08Z,4.390000,4.394000,4.361000,4.375000,4.380000,4.394000,4.361000,4.375000,changed
2024-11-12 15:20:00+00:00,2026-10-04T22:10:08Z,4.369000,4.394000,4.361000,4.394000,4.390000,4.394000,4.361000,4.394000,changed
2024-11-12 16:20:00+00:00,2026-10-04T22:10:08Z,4.388000,4.443000,4.382000,4.437000,4.371000,4.443000,4.367000,4.437000,changed
2024-11-12 17:20:00+00:00,2026-10-04T22:10:08Z,4.412000,4.443000,4.412000,4.433000,4.394000,4.443000,4.394000,4.433000,changed
2024-11-12 18:20:00+00:00,2026-10-04T22:10:08Z,4.433000,4.435000,4.424000,4.429000,4.433000,4.443000,4.424000,4.429000,changed
2024-11-12 19:20:00+00:00,2026-10-04T22:10:08Z,4.426000,4.433000,4.424000,4.432000,4.429000,4.435000,4.424000,4.432000,changed
2024-11-13 15:20:00+00:00,2026-10-04T22:10:08Z,4.396000,4.445000,4.396000,4.426000,4.396000,4.445000,4.396000,4.424000,changed
2024-11-14 14:20:00+00:00,2026-10-04T22:10:08Z,4.443000,4.483000,4.408000,4.418000,4.459000,4.461000,4.408000,4.418000,changed
2024-11-14 15:20:00+00:00,2026-10-04T22:10:08Z,4.420000,4.439000,4.408000,4.412000,4.424000,4.439000,4.412000,4.412000,changed
2024-11-14 16:20:00+00:00,2026-10-04T22:10:08Z,4.420000,4.439000,4.402000,4.402000,4.426000,4.428000,4.402000,4.402000,changed
2024-11-14 17:20:00+00:00,2026-10-04T22:10:08Z,4.408000,4.414000,4.386000,4.404000,4.410000,4.410000,4.386000,4.404000,changed
2024-11-14 19:20:00+00:00,2026-10-04T22:10:08Z,4.408000,4.422000,4.404000,4.418000,4.422000,4.422000,4.412000,4.418000,changed
2024-11-18 14:20:00+00:00,2026-10-04T22:10:08Z,4.487000,4.489000,4.441000,4.463000,4.459000,4.467000,4.441000,4.463000,changed
2024-11-18 15:20:00+00:00,2026-10-04T22:10:08Z,4.453000,4.469000,4.441000,4.447000,4.461000,4.469000,4.441000,4.447000,changed
2024-11-18 16:20:00+00:00,2026-10-04T22:10:08Z,4.459000,4.465000,4.432000,4.432000,4.463000,4.463000,4.432000,4.432000,changed
2024-11-18 17:20:00+00:00,2026-10-04T22:10:08Z,4.449000,4.453000,4.422000,4.424000,4.439000,4.443000,4.422000,4.424000,changed
2024-11-18 18:20:00+00:00,2026-10-04T22:10:08Z,4.430000,4.434000,4.408000,4.418000,4.426000,4.430000,4.408000,4.418000,changed
2024-11-18 19:20:00+00:00,2026-10-04T22:10:08Z,4.410000,4.422000,4.410000,4.414000,4.414000,4.422000,4.412000,4.414000,changed
2024-11-19 14:20:00+00:00,2026-10-04T22:10:08Z,4.341000,4.384000,4.339000,4.379000,4.357000,4.384000,4.337000,4.379000,changed
2024-11-19 15:20:00+00:00,2026-10-04T22:10:08Z,4.382000,4.386000,4.367000,4.379000,4.375000,4.386000,4.367000,4.379000,changed
2024-11-19 16:20:00+00:00,2026-10-04T22:10:08Z,4.373000,4.386000,4.367000,4.371000,4.375000,4.386000,4.367000,4.371000,changed
2024-11-19 17:20:00+00:00,2026-10-04T22:10:08Z,4.375000,4.392000,4.367000,4.381000,4.384000,4.390000,4.367000,4.381000,changed
2024-11-19 18:20:00+00:00,2026-10-04T22:10:08Z,4.384000,4.392000,4.371000,4.381000,4.373000,4.390000,4.371000,4.381000,changed
2024-11-19 19:20:00+00:00,2026-10-04T22:10:08Z,4.375000,4.384000,4.373000,4.379000,4.382000,4.384000,4.371000,4.379000,changed
2024-11-21 14:20:00+00:00,2026-10-04T22:10:08Z,4.418000,4.422000,4.377000,4.384000,4.392000,4.414000,4.377000,4.384000,changed
2024-11-21 15:20:00+00:00,2026-10-04T22:10:08Z,4.402000,4.414000,4.377000,4.412000,4.386000,4.414000,4.377000,4.412000,changed
2024-11-21 16:20:00+00:00,2026-10-04T22:10:08Z,4.384000,4.426000,4.384000,4.418000,4.404000,4.426000,4.400000,4.418000,changed
2024-11-21 17:20:00+00:00,2026-10-04T22:10:08Z,4.408000,4.426000,4.408000,4.414000,4.422000,4.426000,4.408000,4.414000,changed
2024-11-21 18:20:00+00:00,2026-10-04T22:10:08Z,4.418000,4.434000,4.408000,4.430000,4.414000,4.434000,4.412000,4.430000,changed
2024-11-21 19:20:00+00:00,2026-10-04T22:10:08Z,4.420000,4.438000,4.420000,4.432000,4.426000,4.438000,4.426000,4.432000,changed
2024-11-25 14:20:00+00:00,2026-10-04T22:10:08Z,4.322000,4.332000,4.289000,4.296000,4.320000,4.322000,4.289000,4.296000,changed
2024-11-25 15:20:00+00:00,2026-10-04T22:10:08Z,4.291000,4.304000,4.283000,4.298000,4.295000,4.304000,4.283000,4.298000,changed
2024-11-25 16:20:00+00:00,2026-10-04T22:10:08Z,4.293000,4.308000,4.283000,4.296000,4.293000,4.308000,4.293000,4.296000,changed
2024-11-25 17:20:00+00:00,2026-10-04T22:10:08Z,4.295000,4.308000,4.279000,4.281000,4.296000,4.304000,4.279000,4.281000,changed
2024-11-25 18:20:00+00:00,2026-10-04T22:10:08Z,4.298000,4.304000,4.263000,4.271000,4.300000,4.300000,4.263000,4.271000,changed
2024-11-25 19:20:00+00:00,2026-10-04T22:10:08Z,4.277000,4.279000,4.261000,4.265000,4.265000,4.273000,4.261000,4.265000,changed
2024-11-26 14:20:00+00:00,2026-10-04T22:10:08Z,4.293000,4.314000,4.291000,4.310000,4.293000,4.314000,4.281000,4.310000,changed
2024-11-26 15:20:00+00:00,2026-10-04T22:10:08Z,4.300000,4.324000,4.298000,4.316000,4.298000,4.324000,4.295000,4.316000,changed
2024-11-26 16:20:00+00:00,2026-10-04T22:10:08Z,4.310000,4.320000,4.306000,4.306000,4.322000,4.324000,4.306000,4.306000,changed
2024-11-26 17:20:00+00:00,2026-10-04T22:10:08Z,4.316000,4.318000,4.300000,4.314000,4.316000,4.320000,4.300000,4.314000,changed
2024-11-26 18:20:00+00:00,2026-10-04T22:10:08Z,4.310000,4.320000,4.306000,4.316000,4.306000,4.320000,4.300000,4.316000,changed
2024-11-26 19:20:00+00:00,2026-10-04T22:10:08Z,4.316000,4.320000,4.302000,4.302000,4.320000,4.320000,4.302000,4.302000,changed
2024-11-27 15:20:00+00:00,2026-10-04T22:10:08Z,4.256000,4.275000,4.254000,4.263000,4.246000,4.275000,4.242000,4.263000,changed
2024-11-27 16:20:00+00:00,2026-10-04T22:10:08Z,4.256000,4.265000,4.232000,4.238000,4.265000,4.269000,4.232000,4.238000,changed
2024-11-27 17:20:00+00:00,2026-10-04T22:10:08Z,4.242000,4.248000,4.230000,4.232000,4.263000,4.263000,4.230000,4.232000,changed
2024-11-27 18:20:00+00:00,2026-10-04T22:10:08Z,4.238000,4.238000,4.227000,4.236000,4.238000,4.240000,4.227000,4.236000,changed
2024-11-27 19:20:00+00:00,2026-10-04T22:10:08Z,4.236000,4.246000,4.232000,4.242000,4.232000,4.246000,4.230000,4.242000,changed
2024-11-29 14:20:00+00:00,2026-10-04T22:10:08Z,4.219000,4.219000,4.196000,4.207000,4.203000,4.207000,4.196000,4.207000,changed
2024-11-29 15:20:00+00:00,2026-10-04T22:10:08Z,4.199000,4.217000,4.196000,4.209000,4.197000,4.217000,4.196000,4.209000,changed
2024-11-29 16:20:00+00:00,2026-10-04T22:10:08Z,4.215000,4.217000,4.201000,4.207000,4.205000,4.217000,4.201000,4.207000,changed
2024-11-29 17:20:00+00:00,2026-10-04T22:10:08Z,4.211000,4.211000,4.188000,4.190000,4.209000,4.211000,4.188000,4.190000,changed
2024-11-29 18:20:00+00:00,2026-10-04T22:10:08Z,4.207000,4.207000,4.172000,4.180000,4.194000,4.196000,4.172000,4.180000,changed
2024-11-29 19:20:00+00:00,2026-10-04T22:10:08Z,4.184000,4.184000,4.172000,4.178000,4.172000,4.180000,4.172000,4.178000,changed
2024-11-01 13:20:00+00:00,2026-10-04T22:41:33Z,4.315000,4.315000,4.223000,4.305000,4.235000,4.307000,4.235000,4.305000,changed
2024-11-01 14:20:00+00:00,2026-10-04T22:41:33Z,4.273000,4.345000,4.259000,4.331000,4.275000,4.345000,4.267000,4.331000,changed
2024-11-01 15:20:00+00:00,2026-10-04T22:41:33Z,4.299000,4.355000,4.295000,4.341000,4.329000,4.355000,4.323000,4.341000,changed
2024-11-01 16:20:00+00:00,2026-10-04T22:41:33Z,4.325000,4.355000,4.325000,4.345000,4.347000,4.349000,4.333000,4.345000,changed
2024-11-01 17:20:00+00:00,2026-10-04T22:41:33Z,4.343000,4.365000,4.333000,4.357000,4.343000,4.365000,4.339000,4.357000,changed
2024-11-01 18:20:00+00:00,2026-10-04T22:41:33Z,4.345000,4.365000,4.345000,4.361000,4.355000,4.363000,4.349000,4.361000,changed
2024-11-04 14:20:00+00:00,2026-10-04T22:41:33Z,4.283000,4.287000,4.263000,4.263000,4.293000,4.297000,4.263000,4.263000,changed
2024-11-04 15:20:00+00:00,2026-10-04T22:41:33Z,4.277000,4.305000,4.263000,4.303000,4.281000,4.305000,4.263000,4.303000,changed
2024-11-04 16:20:00+00:00,2026-10-04T22:41:33Z,4.293000,4.309000,4.293000,4.293000,4.275000,4.309000,4.271000,4.293000,changed
2024-11-04 17:20:00+00:00,2026-10-04T22:41:33Z,4.297000,4.329000,4.291000,4.323000,4.301000,4.329000,4.291000,4.323000,changed
2024-11-04 18:20:00+00:00,2026-10-04T22:41:33Z,4.305000,4.329000,4.305000,4.309000,4.297000,4.329000,4.295000,4.309000,changed
2024-11-04 19:20:00+00:00,2026-10-04T22:41:33Z,4.313000,4.313000,4.297000,4.309000,4.325000,4.325000,4.297000,4.309000,changed
2024-11-05 14:20:00+00:00,2026-10-04T22:41:33Z,4.331000,4.360000,4.313000,4.353000,4.325000,4.360000,4.313000,4.353000,changed
2024-11-05 15:20:00+00:00,2026-10-04T22:41:33Z,4.319000,4.366000,4.313000,4.362000,4.339000,4.366000,4.339000,4.362000,changed
2024-11-05 16:20:00+00:00,2026-10-04T22:41:33Z,4.364000,4.366000,4.351000,4.356000,4.356000,4.366000,4.351000,4.356000,changed
2024-11-05 17:20:00+00:00,2026-10-04T22:41:33Z,4.362000,4.366000,4.315000,4.315000,4.357000,4.357000,4.315000,4.315000,changed
2024-11-05 18:20:00+00:00,2026-10-04T22:41:33Z,4.351000,4.353000,4.311000,4.317000,4.351000,4.351000,4.311000,4.317000,changed
2024-11-05 19:20:00+00:00,2026-10-04T22:41:33Z,4.323000,4.327000,4.285000,4.289000,4.313000,4.321000,4.285000,4.289000,changed
2024-11-07 14:20:00+00:00,2026-10-04T22:41:33Z,4.404000,4.404000,4.363000,4.373000,4.426000,4.433000,4.363000,4.373000,changed
2024-11-07 15:20:00+00:00,2026-10-04T22:41:33Z,4.371000,4.375000,4.341000,4.365000,4.390000,4.396000,4.341000,4.365000,changed
2024-11-07 16:20:00+00:00,2026-10-04T22:41:33Z,4.349000,4.369000,4.345000,4.357000,4.363000,4.369000,4.341000,4.357000,changed
2024-11-07 17:20:00+00:00,2026-10-04T22:41:33Z,4.359000,4.365000,4.339000,4.349000,4.365000,4.365000,4.339000,4.349000,changed
2024-11-07 19:20:00+00:00,2026-10-04T22:41:33Z,4.341000,4.377000,4.341000,4.341000,4.347000,4.377000,4.339000,4.341000,changed
2024-11-12 14:20:00+00:00,2026-10-04T22:41:33Z,4.380000,4.394000,4.361000,4.375000,4.390000,4.394000,4.361000,4.375000,changed
2024-11-12 15:20:00+00:00,2026-10-04T22:41:33Z,4.390000,4.394000,4.361000,4.394000,4.369000,4.394000,4.361000,4.394000,changed
2024-11-12 16:20:00+00:00,2026-10-04T22:41:33Z,4.371000,4.443000,4.367000,4.437000,4.388000,4.443000,4.382000,4.437000,changed
2024-11-12 17:20:00+00:00,2026-10-04T22:41:33Z,4.394000,4.443000,4.394000,4.433000,4.412000,4.443000,4.412000,4.433000,changed
2024-11-12 18:20:00+00:00,2026-10-04T22:41:33Z,4.433000,4.443000,4.424000,4.429000,4.433000,4.435000,4.424000,4.429000,changed
2024-11-12 19:20:00+00:00,2026-10-04T22:41:33Z,4.429000,4.435000,4.424000,4.432000,4.426000,4.433000,4.424000,4.432000,changed
2024-11-13 15:20:00+00:00,2026-10-04T22:41:33Z,4.396000,4.445000,4.396000,4.424000,4.396000,4.445000,4.396000,4.426000,changed
2024-11-14 14:20:00+00:00,2026-10-04T22:41:33Z,4.459000,4.461000,4.408000,4.418000,4.443000,4.483000,4.408000,4.418000,changed
2024-11-14 15:20:00+00:00,2026-10-04T22:41:33Z,4.424000,4.439000,4.412000,4.412000,4.420000,4.439000,4.408000,4.412000,changed
2024-11-14 16:20:00+00:00,2026-10-04T22:41:33Z,4.426000,4.428000,4.402000,4.402000,4.420000,4.439000,4.402000,4.402000,changed
2024-11-14 17:20:00+00:00,2026-10-04T22:41:33Z,4.410000,4.410000,4.386000,4.404000,4.408000,4.414000,4.386000,4.404000,changed
2024-11-14 19:20:00+00:00,2026-10-04T22:41:33Z,4.422000,4.422000,4.412000,4.418000,4.408000,4.422000,4.404000,4.418000,changed
2024-11-18 14:20:00+00:00,2026-10-04T22:41:33Z,4.459000,4.467000,4.441000,4.463000,4.487000,4.489000,4.441000,4.463000,changed
2024-11-18 15:20:00+00:00,2026-10-04T22:41:33Z,4.461000,4.469000,4.441000,4.447000,4.453000,4.469000,4.441000,4.447000,changed
2024-11-18 16:20:00+00:00,2026-10-04T22:41:33Z,4.463000,4.463000,4.432000,4.432000,4.459000,4.465000,4.432000,4.432000,changed
2024-11-18 17:20:00+00:00,2026-10-04T22:41:33Z,4.439000,4.443000,4.422000,4.424000,4.449000,4.453000,4.422000,4.424000,changed
2024-11-18 18:20:00+00:00,2026-10-04T22:41:33Z,4.426000,4.430000,4.408000,4.418000,4.430000,4.434000,4.408000,4.418000,changed
2024-11-18 19:20:00+00:00,2026-10-04T22:41:33Z,4.414000,4.422000,4.412000,4.414000,4.410000,4.422000,4.410000,4.414000,changed
2024-11-19 14:20:00+00:00,2026-10-04T22:41:33Z,4.357000,4.384000,4.337000,4.379000,4.341000,4.384000,4.339000,4.379000,changed
2024-11-19 15:20:00+00:00,2026-10-04T22:41:33Z,4.375000,4.386000,4.367000,4.379000,4.382000,4.386000,4.367000,4.379000,changed
2024-11-19 16:20:00+00:00,2026-10-04T22:41:33Z,4.375000,4.386000,4.367000,4.371000,4.373000,4.386000,4.367000,4.371000,changed
2024-11-19 17:20:00+00:00,2026-10-04T22:41:33Z,4.384000,4.390000,4.367000,4.381000,4.375000,4.392000,4.367000,4.381000,changed
2024-11-19 18:20:00+00:00,2026-10-04T22:41:33Z,4.373000,4.390000,4.371000,4.381000,4.384000,4.392000,4.371000,4.381000,changed
2024-11-19 19:20:00+00:00,2026-10-04T22:41:33Z,4.382000,4.384000,4.371000,4.379000,4.375000,4.384000,4.373000,4.379000,changed
2024-11-21 14:20:00+00:00,2026-10-04T22:41:33Z,4.392000,4.414000,4.377000,4.384000,4.418000,4.422000,4.377000,4.384000,changed
2024-11-21 15:20:00+00:00,2026-10-04T22:41:33Z,4.386000,4.414000,4.377000,4.412000,4.402000,4.414000,4.377000,4.412000,changed
2024-11-21 16:20:00+00:00,2026-10-04T22:41:33Z,4.404000,4.426000,4.400000,4.418000,4.384000,4.426000,4.384000,4.418000,changed
2024-11-21 17:20:00+00:00,2026-10-04T22:41:33Z,4.422000,4.426000,4.408000,4.414000,4.408000,4.426000,4.408000,4.414000,changed
2024-11-21 18:20:00+00:00,2026-10-04T22:41:33Z,4.414000,4.434000,4.412000,4.430000,4.418000,4.434000,4.408000,4.430000,changed
2024-11-21 19:20:00+00:00,2026-10-04T22:41:33Z,4.426000,4.438000,4.426000,4.432000,4.420000,4.438000,4.420000,4.432000,changed
2024-11-25 14:20:00+00:00,2026-10-04T22:41:33Z,4.320000,4.322000,4.289000,4.296000,4.322000,4.332000,4.289000,4.296000,changed
2024-11-25 15:20:00+00:00,2026-10-04T22:41:33Z,4.295000,4.304000,4.283000,4.298000,4.291000,4.304000,4.283000,4.298000,changed
2024-11-25 16:20:00+00:00,2026-10-04T22:41:33Z,4.293000,4.308000,4.293000,4.296000,4.293000,4.308000,4.283000,4.296000,changed
2024-11-25 17:20:00+00:00,2026-10-04T22:41:33Z,4.296000,4.304000,4.279000,4.281000,4.295000,4.308000,4.279000,4.281000,changed
2024-11-25 18:20:00+00:00,2026-10-04T22:41:33Z,4.300000,4.300000,4.263000,4.271000,4.298000,4.304000,4.263000,4.271000,changed
2024-11-25 19:20:00+00:00,2026-10-04T22:41:33Z,4.265000,4.273000,4.261000,4.265000,4.277000,4.279000,4.261000,4.265000,changed
2024-11-26 14:20:00+00:00,2026-10-04T22:41:33Z,4.293000,4.314000,4.281000,4.310000,4.293000,4.314000,4.291000,4.310000,changed
2024-11-26 15:20:00+00:00,2026-10-04T22:41:33Z,4.298000,4.324000,4.295000,4.316000,4.300000,4.324000,4.298000,4.316000,changed
2024-11-26 16:20:00+00:00,2026-10-04T22:41:33Z,4.322000,4.324000,4.306000,4.306000,4.310000,4.320000,4.306000,4.306000,changed
2024-11-26 17:20:00+00:00,2026-10-04T22:41:33Z,4.316000,4.320000,4.300000,4.314000,4.316000,4.318000,4.300000,4.314000,changed
2024-11-26 18:20:00+00:00,2026-10-04T22:41:33Z,4.306000,4.320000,4.300000,4.316000,4.310000,4.320000,4.306000,4.316000,changed
2024-11-26 19:20:00+00:00,2026-10-04T22:41:33Z,4.320000,4.320000,4.302000,4.302000,4.316000,4.320000,4.302000,4.302000,changed
2024-11-27 15:20:00+00:00,2026-10-04T22:41:33Z,4.246000,4.275000,4.242000,4.263000,4.256000,4.275000,4.254000,4.263000,changed
2024-11-27 16:20:00+00:00,2026-10-04T22:41:33Z,4.265000,4.269000,4.232000,4.238000,4.256000,4.265000,4.232000,4.238000,changed
2024-11-27 17:20:00+00:00,2026-10-04T22:41:33Z,4.263000,4.263000,4.230000,4.232000,4.242000,4.248000,4.230000,4.232000,changed
2024-11-27 18:20:00+00:00,2026-10-04T22:41:33Z,4.238000,4.240000,4.227000,4.236000,4.238000,4.238000,4.227000,4.236000,changed
2024-11-27 19:20:00+00:00,2026-10-04T22:41:33Z,4.232000,4.246000,4.230000,4.242000,4.236000,4.246000,4.232000,4.242000,changed
2024-11-29 14:20:00+00:00,2026-10-04T22:41:33Z,4.203000,4.207000,4.196000,4.207000,4.219000,4.219000,4.196000,4.207000,changed
2024-11-29 15:20:00+00:00,2026-10-04T22:41:33Z,4.197000,4.217000,4.196000,4.209000,4.199000,4.217000,4.196000,4.209000,changed
2024-11-29 16:20:00+00:00,2026-10-04T22:41:33Z,4.205000,4.217000,4.201000,4.207000,4.215000,4.217000,4.201000,4.207000,changed
2024-11-29 17:20:00+00:00,2026-10-04T22:41:33Z,4.209000,4.211000,4.188000,4.190000,4.211000,4.211000,4.188000,4.190000,changed
2024-11-29 18:20:00+00:00,2026-10-04T22:41:33Z,4.194000,4.196000,4.172000,4.180000,4.207000,4.207000,4.172000,4.180000,changed
2024-11-29 19:20:00+00:00,2026-10-04T22:41:33Z,4.172000,4.180000,4.172000,4.178000,4.184000,4.184000,4.172000,4.178000,changed
2024-11-01 13:20:00+00:00,2026-10-04T22:55:27Z,4.235000,4.307000,4.235000,4.305000,4.315000,4.315000,4.223000,4.305000,changed
2024-11-01 14:20:00+00:00,2026-10-04T22:55:27Z,4.275000,4.345000,4.267000,4.331000,4.273000,4.345000,4.259000,4.331000,changed
2024-11-01 15:20:00+00:00,2026-10-04T22:55:27Z,4.329000,4.355000,4.323000,4.341000,4.299000,4.355000,4.295000,4.341000,changed
2024-11-01 16:20:00+00:00,2026-10-04T22:55:27Z,4.347000,4.349000,4.333000,4.345000,4.325000,4.355000,4.325000,4.345000,changed
2024-11-01 17:20:00+00:00,2026-10-04T22:55:27Z,4.343000,4.365000,4.339000,4.357000,4.343000,4.365000,4.333000,4.357000,changed
2024-11-01 18:20:00+00:00,2026-10-04T22:55:27Z,4.355000,4.363000,4.349000,4.361000,4.345000,4.365000,4.345000,4.361000,changed
2024-11-04 14:20:00+00:00,2026-10-04T22:55:27Z,4.293000,4.297000,4.263000,4.263000,4.283000,4.287000,4.263000,4.263000,changed
2024-11-04 15:20:00+00:00,2026-10-04T22:55:27Z,4.281000,4.305000,4.263000,4.303000,4.277000,4.305000,4.263000,4.303000,changed
2024-11-04 16:20:00+00:00,2026-10-04T22:55:27Z,4.275000,4.309000,4.271000,4.293000,4.293000,4.309000,4.293000,4.293000,changed
2024-11-04 17:20:00+00:00,2026-10-04T22:55:27Z,4.301000,4.329000,4.291000,4.323000,4.297000,4.329000,4.291000,4.323000,changed
2024-11-04 18:20:00+00:00,2026-10-04T22:55:27Z,4.297000,4.329000,4.295000,4.309000,4.305000,4.329000,4.305000,4.309000,changed
2024-11-04 19:20:00+00:00,2026-10-04T22:55:27Z,4.325000,4.325000,4.297000,4.309000,4.313000,4.313000,4.297000,4.309000,changed
2024-11-05 14:20:00+00:00,2026-10-04T22:55:27Z,4.325000,4.360000,4.313000,4.353000,4.331000,4.360000,4.313000,4.353000,changed
2024-11-05 15:20:00+00:00,2026-10-04T22:55:27Z,4.339000,4.366000,4.339000,4.362000,4.319000,4.366000,4.313000,4.362000,changed
2024-11-05 16:20:00+00:00,2026-10-04T22:55:27Z,4.356000,4.366000,4.351000,4.356000,4.364000,4.366000,4.351000,4.356000,changed
2024-11-05 17:20:00+00:00,2026-10-04T22:55:27Z,4.357000,4.357000,4.315000,4.315000,4.362000,4.366000,4.315000,4.315000,changed
2024-11-05 18:20:00+00:00,2026-10-04T22:55:27Z,4.351000,4.351000,4.311000,4.317000,4.351000,4.353000,4.311000,4.317000,changed
2024-11-05 19:20:00+00:00,2026-10-04T22:55:27Z,4.313000,4.321000,4.285000,4.289000,4.323000,4.327000,4.285000,4.289000,changed
2024-11-07 14:20:00+00:00,2026-10-04T22:55:27Z,4.426000,4.433000,4.363000,4.373000,4.404000,4.404000,4.363000,4.373000,changed
2024-11-07 15:20:00+00:00,2026-10-04T22:55:27Z,4.390000,4.396000,4.341000,4.365000,4.371000,4.375000,4.341000,4.365000,changed
2024-11-07 16:20:00+00:00,2026-10-04T22:55:27Z,4.363000,4.369000,4.341000,4.357000,4.349000,4.369000,4.345000,4.357000,changed
2024-11-07 17:20:00+00:00,2026-10-04T22:55:27Z,4.365000,4.365000,4.339000,4.349000,4.359000,4.365000,4.339000,4.349000,changed
2024-11-07 19:20:00+00:00,2026-10-04T22:55:27Z,4.347000,4.377000,4.339000,4.341000,4.341000,4.377000,4.341000,4.341000,changed
2024-11-12 14:20:00+00:00,2026-10-04T22:55:27Z,4.390000,4.394000,4.361000,4.375000,4.380000,4.394000,4.361000,4.375000,changed
2024-11-12 15:20:00+00:00,2026-10-04T22:55:27Z,4.369000,4.394000,4.361000,4.394000,4.390000,4.394000,4.361000,4.394000,changed
2024-11-12 16:20:00+00:00,2026-10-04T22:55:27Z,4.388000,4.443000,4.382000,4.437000,4.371000,4.443000,4.367000,4.437000,changed
2024-11-12 17:20:00+00:00,2026-10-04T22:55:27Z,4.412000,4.443000,4.412000,4.433000,4.394000,4.443000,4.394000,4.433000,changed
2024-11-12 18:20:00+00:00,2026-10-04T22:55:27Z,4.433000,4.435000,4.424000,4.429000,4.433000,4.443000,4.424000,4.429000,changed
2024-11-12 19:20:00+00:00,2026-10-04T22:55:27Z,4.426000,4.433000,4.424000,4.432000,4.429000,4.435000,4.424000,4.432000,changed
2024-11-13 15:20:00+00:00,2026-10-04T22:55:27Z,4.396000,4.445000,4.396000,4.426000,4.396000,4.445000,4.396000,4.424000,changed
2024-11-14 14:20:00+00:00,2026-10-04T22:55:27Z,4.443000,4.483000,4.408000,4.418000,4.459000,4.461000,4.408000,4.418000,changed
2024-11-14 15:20:00+00:00,2026-10-04T22:55:27Z,4.420000,4.439000,4.408000,4.412000,4.424000,4.439000,4.412000,4.412000,changed
2024-11-14 16:20:00+00:00,2026-10-04T22:55:27Z,4.420000,4.439000,4.402000,4.402000,4.426000,4.428000,4.402000,4.402000,changed
2024-11-14 17:20:00+00:00,2026-10-04T22:55:27Z,4.408000,4.414000,4.386000,4.404000,4.410000,4.410000,4.386000,4.404000,changed
2024-11-14 19:20:00+00:00,2026-10-04T22:55:27Z,4.408000,4.422000,4.404000,4.418000,4.422000,4.422000,4.412000,4.418000,changed
2024-11-18 14:20:00+00:00,2026-10-04T22:55:27Z,4.487000,4.489000,4.441000,4.463000,4.459000,4.467000,4.441000,4.463000,changed
2024-11-18 15:20:00+00:00,2026-10-04T22:55:27Z,4.453000,4.469000,4.441000,4.447000,4.461000,4.469000,4.441000,4.447000,changed
2024-11-18 16:20:00+00:00,2026-10-04T22:55:27Z,4.459000,4.465000,4.432000,4.432000,4.463000,4.463000,4.432000,4.432000,changed
2024-11-18 17:20:00+00:00,2026-10-04T22:55:27Z,4.449000,4.453000,4.422000,4.424000,4.439000,4.443000,4.422000,4.424000,changed
2024-11-18 18:20:00+00:00,2026-10-04T22:55:27Z,4.430000,4.434000,4.408000,4.418000,4.426000,4.430000,4.408000,4.418000,changed
2024-11-18 19:20:00+00:00,2026-10-04T22:55:27Z,4.410000,4.422000,4.410000,4.414000,4.414000,4.422000,4.412000,4.414000,changed
2024-11-19 14:20:00+00:00,2026-10-04T22:55:27Z,4.341000,4.384000,4.339000,4.379000,4.357000,4.384000,4.337000,4.379000,changed
2024-11-19 15:20:00+00:00,2026-10-04T22:55:27Z,4.382000,4.386000,4.367000,4.379000,4.375000,4.386000,4.367000,4.379000,changed
2024-11-19 16:20:00+00:00,2026-10-04T22:55:27Z,4.373000,4.386000,4.367000,4.371000,4.375000,4.386000,4.367000,4.371000,changed
2024-11-19 17:20:00+00:00,2026-10-04T22:55:27Z,4.375000,4.392000,4.367000,4.381000,4.384000,4.390000,4.367000,4.381000,changed
2024-11-19 18:20:00+00:00,2026-10-04T22:55:27Z,4.384000,4.392000,4.371000,4.381000,4.373000,4.390000,4.371000,4.381000,changed
2024-11-19 19:20:00+00:00,2026-10-04T22:55:27Z,4.375000,4.384000,4.373000,4.379000,4.382000,4.384000,4.371000,4.379000,changed
2024-11-21 14:20:00+00:00,2026-10-04T22:55:27Z,4.418000,4.422000,4.377000,4.384000,4.392000,4.414000,4.377000,4.384000,changed
2024-11-21 15:20:00+00:00,2026-10-04T22:55:27Z,4.402000,4.414000,4.377000,4.412000,4.386000,4.414000,4.377000,4.412000,changed
2024-11-21 16:20:00+00:00,2026-10-04T22:55:27Z,4.384000,4.426000,4.384000,4.418000,4.404000,4.426000,4.400000,4.418000,changed
2024-11-21 17:20:00+00:00,2026-10-04T22:55:27Z,4.408000,4.426000,4.408000,4.414000,4.422000,4.426000,4.408000,4.414000,changed
2024-11-21 18:20:00+00:00,2026-10-04T22:55:27Z,4.418000,4.434000,4.408000,4.430000,4.414000,4.434000,4.412000,4.430000,changed
2024-11-21 19:20:00+00:00,2026-10-04T22:55:27Z,4.420000,4.438000,4.420000,4.432000,4.426000,4.438000,4.426000,4.432000,changed
2024-11-25 14:20:00+00:00,2026-10-04T22:55:27Z,4.322000,4.332000,4.289000,4.296000,4.320000,4.322000,4.289000,4.296000,changed
2024-11-25 15:20:00+00:00,2026-10-04T22:55:27Z,4.291000,4.304000,4.283000,4.298000,4.295000,4.304000,4.283000,4.298000,changed
2024-11-25 16:20:00+00:00,2026-10-04T22:55:27Z,4.293000,4.308000,4.283000,4.296000,4.293000,4.308000,4.293000,4.296000,changed
2024-11-25 17:20:00+00:00,2026-10-04T22:55:27Z,4.295000,4.308000,4.279000,4.281000,4.296000,4.304000,4.279000,4.281000,changed
2024-11-25 18:20:00+00:00,2026-10-04T22:55:27Z,4.298000,4.304000,4.263000,4.271000,4.300000,4.300000,4.263000,4.271000,changed
2024-11-25 19:20:00+00:00,2026-10-04T22:55:27Z,4.277000,4.279000,4.261000,4.265000,4.265000,4.273000,4.261000,4.265000,changed
2024-11-26 14:20:00+00:00,2026-10-04T22:55:27Z,4.293000,4.314000,4.291000,4.310000,4.293000,4.314000,4.281000,4.310000,changed
2024-11-26 15:20:00+00:00,2026-10-04T22:55:27Z,4.300000,4.324000,4.298000,4.316000,4.298000,4.324000,4.295000,4.316000,changed
2024-11-26 16:20:00+00:00,2026-10-04T22:55:27Z,4.310000,4.320000,4.306000,4.306000,4.322000,4.324000,4.306000,4.306000,changed
2024-11-26 17:20:00+00:00,2026-10-04T22:55:27Z,4.316000,4.318000,4.300000,4.314000,4.316000,4.320000,4.300000,4.314000,changed
2024-11-26 18:20:00+00:00,2026-10-04T22:55:27Z,4.310000,4.320000,4.306000,4.316000,4.306000,4.320000,4.300000,4.316000,changed
2024-11-26 19:20:00+00:00,2026-10-04T22:55:27Z,4.316000,4.320000,4.302000,4.302000,4.320000,4.320000,4.302000,4.302000,changed
2024-11-27 15:20:00+00:00,2026-10-04T22:55:27Z,4.256000,4.275000,4.254000,4.263000,4.246000,4.275000,4.242000,4.263000,changed
2024-11-27 16:20:00+00:00,2026-10-04T22:55:27Z,4.256000,4.265000,4.232000,4.238000,4.265000,4.269000,4.232000,4.238000,changed
2024-11-27 17:20:00+00:00,2026-10-04T22:55:27Z,4.242000,4.248000,4.230000,4.232000,4.263000,4.263000,4.230000,4.232000,changed
2024-11-27 18:20:00+00:00,2026-10-04T22:55:27Z,4.238000,4.238000,4.227000,4.236000,4.238000,4.240000,4.227000,4.236000,changed
2024-11-27 19:20:00+00:00,2026-10-04T22:55:27Z,4.236000,4.246000,4.232000,4.242000,4.232000,4.246000,4.230000,4.242000,changed
2024-11-29 14:20:00+00:00,2026-10-04T22:55:27Z,4.219000,4.219000,4.196000,4.207000,4.203000,4.207000,4.196000,4.207000,changed
2024-11-29 15:20:00+00:00,2026-10-04T22:55:27Z,4.199000,4.217000,4.196000,4.209000,4.197000,4.217000,4.196000,4.209000,changed
2024-11-29 16:20:00+00:00,2026-10-04T22:55:27Z,4.215000,4.217000,4.201000,4.207000,4.205000,4.217000,4.201000,4.207000,changed
2024-11-29 17:20:00+00:00,2026-10-04T22:55:27Z,4.211000,4.211000,4.188000,4.190000,4.209000,4.211000,4.188000,4.190000,changed
2024-11-29 18:20:00+00:00,2026-10-04T22:55:27Z,4.207000,4.207000,4.172000,4.180000,4.194000,4.196000,4.172000,4.180000,changed
2024-11-29 19:20:00+00:00,2026-10-04T22:55:27Z,4.184000,4.184000,4.172000,4.178000,4.172000,4.180000,4.172000,4.178000,changed
2024-11-01 13:20:00+00:00,2026-10-04T23:41:37Z,4.315000,4.315000,4.223000,4.305000,4.235000,4.307000,4.235000,4.305000,changed
2024-11-01 14:20:00+00:00,2026-10-04T23:41:37Z,4.273000,4.345000,4.259000,4.331000,4.275000,4.345000,4.267000,4.331000,changed
2024-11-01 15:20:00+00:00,2026-10-04T23:41:37Z,4.299000,4.355000,4.295000,4.341000,4.329000,4.355000,4.323000,4.341000,changed
2024-11-01 16:20:00+00:00,2026-10-04T23:41:37Z,4.325000,4.355000,4.325000,4.345000,4.347000,4.349000,4.333000,4.345000,changed
2024-11-01 17:20:00+00:00,2026-10-04T23:41:37Z,4.343000,4.365000,4.333000,4.357000,4.343000,4.365000,4.339000,4.357000,changed
2024-11-01 18:20:00+00:00,2026-10-04T23:41:37Z,4.345000,4.365000,4.345000,4.361000,4.355000,4.363000,4.349000,4.361000,changed
2024-11-04 14:20:00+00:00,2026-10-04T23:41:37Z,4.283000,4.287000,4.263000,4.263000,4.293000,4.297000,4.263000,4.263000,changed
2024-11-04 15:20:00+00:00,2026-10-04T23:41:37Z,4.277000,4.305000,4.263000,4.303000,4.281000,4.305000,4.263000,4.303000,changed
2024-11-04 16:20:00+00:00,2026-10-04T23:41:37Z,4.293000,4.309000,4.293000,4.293000,4.275000,4.309000,4.271000,4.293000,changed
2024-11-04 17:20:00+00:00,2026-10-04T23:41:37Z,4.297000,4.329000,4.291000,4.323000,4.301000,4.329000,4.291000,4.323000,changed
2024-11-04 18:20:00+00:00,2026-10-04T23:41:37Z,4.305000,4.329000,4.305000,4.309000,4.297000,4.329000,4.295000,4.309000,changed
2024-11-04 19:20:00+00:00,2026-10-04T23:41:37Z,4.313000,4.313000,4.297000,4.309000,4.325000,4.325000,4.297000,4.309000,changed
2024-11-05 14:20:00+00:00,2026-10-04T23:41:37Z,4.331000,4.360000,4.313000,4.353000,4.325000,4.360000,4.313000,4.353000,changed
2024-11-05 15:20:00+00:00,2026-10-04T23:41:37Z,4.319000,4.366000,4.313000,4.362000,4.339000,4.366000,4.339000,4.362000,changed
2024-11-05 16:20:00+00:00,2026-10-04T23:41:37Z,4.364000,4.366000,4.351000,4.356000,4.356000,4.366000,4.351000,4.356000,changed
2024-11-05 17:20:00+00:00,2026-10-04T23:41:37Z,4.362000,4.366000,4.315000,4.315000,4.357000,4.357000,4.315000,4.315000,changed
2024-11-05 18:20:00+00:00,2026-10-04T23:41:37Z,4.351000,4.353000,4.311000,4.317000,4.351000,4.351000,4.311000,4.317000,changed
2024-11-05 19:20:00+00:00,2026-10-04T23:41:37Z,4.323000,4.327000,4.285000,4.289000,4.313000,4.321000,4.285000,4.289000,changed
2024-11-07 14:20:00+00:00,2026-10-04T23:41:37Z,4.404000,4.404000,4.363000,4.373000,4.426000,4.433000,4.363000,4.373000,changed
2024-11-07 15:20:00+00:00,2026-10-04T23:41:37Z,4.371000,4.375000,4.341000,4.365000,4.390000,4.396000,4.341000,4.365000,changed
2024-11-07 16:20:00+00:00,2026-10-04T23:41:37Z,4.349000,4.369000,4.345000,4.357000,4.363000,4.369000,4.341000,4.357000,changed
2024-11-07 17:20:00+00:00,2026-10-04T23:41:37Z,4.359000,4.365000,4.339000,4.349000,4.365000,4.365000,4.339000,4.349000,changed
2024-11-07 19:20:00+00:00,2026-10-04T23:41:37Z,4.341000,4.377000,4.341000,4.341000,4.347000,4.377000,4.339000,4.341000,changed
2024-11-12 14:20:00+00:00,2026-10-04T23:41:37Z,4.380000,4.394000,4.361000,4.375000,4.390000,4.394000,4.361000,4.375000,changed
2024-11-12 15:20:00+00:00,2026-10-04T23:41:37Z,4.390000,4.394000,4.361000,4.394000,4.369000,4.394000,4.361000,4.394000,changed
2024-11-12 16:20:00+00:00,2026-10-04T23:41:37Z,4.371000,4.443000,4.367000,4.437000,4.388000,4.443000,4.382000,4.437000,changed
2024-11-12 17:20:00+00:00,2026-10-04T23:41:37Z,4.394000,4.443000,4.394000,4.433000,4.412000,4.443000,4.412000,4.433000,changed
2024-11-12 18:20:00+00:00,2026-10-04T23:41:37Z,4.433000,4.443000,4.424000,4.429000,4.433000,4.435000,4.424000,4.429000,changed
2024-11-12 19:20:00+00:00,2026-10-04T23:41:37Z,4.429000,4.435000,4.424000,4.432000,4.426000,4.433000,4.424000,4.432000,changed
2024-11-13 15:20:00+00:00,2026-10-04T23:41:37Z,4.396000,4.445000,4.396000,4.424000,4.396000,4.445000,4.396000,4.426000,changed
2024-11-14 14:20:00+00:00,2026-10-04T23:41:37Z,4.459000,4.461000,4.408000,4.418000,4.443000,4.483000,4.408000,4.418000,changed
2024-11-14 15:20:00+00:00,2026-10-04T23:41:37Z,4.424000,4.439000,4.412000,4.412000,4.420000,4.439000,4.408000,4.412000,changed
2024-11-14 16:20:00+00:00,2026-10-04T23:41:37Z,4.426000,4.428000,4.402000,4.402000,4.420000,4.439000,4.402000,4.402000,changed
2024-11-14 17:20:00+00:00,2026-10-04T23:41:37Z,4.410000,4.410000,4.386000,4.404000,4.408000,4.414000,4.386000,4.404000,changed
2024-11-14 19:20:00+00:00,2026-10-04T23:41:37Z,4.422000,4.422000,4.412000,4.418000,4.408000,4.422000,4.404000,4.418000,changed
2024-11-18 14:20:00+00:00,2026-10-04T23:41:37Z,4.459000,4.467000,4.441000,4.463000,4.487000,4.489000,4.441000,4.463000,changed
2024-11-18 15:20:00+00:00,2026-10-04T23:41:37Z,4.461000,4.469000,4.441000,4.447000,4.453000,4.469000,4.441000,4.447000,changed
2024-11-18 16:20:00+00:00,2026-10-04T23:41:37Z,4.463000,4.463000,4.432000,4.432000,4.459000,4.465000,4.432000,4.432000,changed
2024-11-18 17:20:00+00:00,2026-10-04T23:41:37Z,4.439000,4.443000,4.422000,4.424000,4.449000,4.453000,4.422000,4.424000,changed
2024-11-18 18:20:00+00:00,2026-10-04T23:41:37Z,4.426000,4.430000,4.408000,4.418000,4.430000,4.434000,4.408000,4.418000,changed
2024-11-18 19:20:00+00:00,2026-10-04T23:41:37Z,4.414000,4.422000,4.412000,4.414000,4.410000,4.422000,4.410000,4.414000,changed
2024-11-19 14:20:00+00:00,2026-10-04T23:41:37Z,4.357000,4.384000,4.337000,4.379000,4.341000,4.384000,4.339000,4.379000,changed
2024-11-19 15:20:00+00:00,2026-10-04T23:41:37Z,4.375000,4.386000,4.367000,4.379000,4.382000,4.386000,4.367000,4.379000,changed
2024-11-19 16:20:00+00:00,2026-10-04T23:41:37Z,4.375000,4.386000,4.367000,4.371000,4.373000,4.386000,4.367000,4.371000,changed
2024-11-19 17:20:00+00:00,2026-10-04T23:41:37Z,4.384000,4.390000,4.367000,4.381000,4.375000,4.392000,4.367000,4.381000,changed
2024-11-19 18:20:00+00:00,2026-10-04T23:41:37Z,4.373000,4.390000,4.371000,4.381000,4.384000,4.392000,4.371000,4.381000,changed
2024-11-19 19:20:00+00:00,2026-10-04T23:41:37Z,4.382000,4.384000,4.371000,4.379000,4.375000,4.384000,4.373000,4.379000,changed
2024-11-21 14:20:00+00:00,2026-10-04T23:41:37Z,4.392000,4.414000,4.377000,4.384000,4.418000,4.422000,4.377000,4.384000,changed
2024-11-21 15:20:00+00:00,2026-10-04T23:41:37Z,4.386000,4.414000,4.377000,4.412000,4.402000,4.414000,4.377000,4.412000,changed
2024-11-21 16:20:00+00:00,2026-10-04T23:41:37Z,4.404000,4.426000,4.400000,4.418000,4.384000,4.426000,4.384000,4.418000,changed
2024-11-21 17:20:00+00:00,2026-10-04T23:41:37Z,4.422000,4.426000,4.408000,4.414000,4.408000,4.426000,4.408000,4.414000,changed
2024-11-21 18:20:00+00:00,2026-10-04T23:41:37Z,4.414000,4.434000,4.412000,4.430000,4.418000,4.434000,4.408000,4.430000,changed
2024-11-21 19:20:00+00:00,2026-10-04T23:41:37Z,4.426000,4.438000,4.426000,4.432000,4.420000,4.438000,4.420000,4.432000,changed
2024-11-25 14:20:00+00:00,2026-10-04T23:41:37Z,4.320000,4.322000,4.289000,4.296000,4.322000,4.332000,4.289000,4.296000,changed
2024-11-25 15:20:00+00:00,2026-10-04T23:41:37Z,4.295000,4.304000,4.283000,4.298000,4.291000,4.304000,4.283000,4.298000,changed
2024-11-25 16:20:00+00:00,2026-10-04T23:41:37Z,4.293000,4.308000,4.293000,4.296000,4.293000,4.308000,4.283000,4.296000,changed
2024-11-25 17:20:00+00:00,2026-10-04T23:41:37Z,4.296000,4.304000,4.279000,4.281000,4.295000,4.308000,4.279000,4.281000,changed
2024-11-25 18:20:00+00:00,2026-10-04T23:41:37Z,4.300000,4.300000,4.263000,4.271000,4.298000,4.304000,4.263000,4.271000,changed
2024-11-25 19:20:00+00:00,2026-10-04T23:41:37Z,4.265000,4.273000,4.261000,4.265000,4.277000,4.279000,4.261000,4.265000,changed
2024-11-26 14:20:00+00:00,2026-10-04T23:41:37Z,4.293000,4.314000,4.281000,4.310000,4.293000,4.314000,4.291000,4.310000,changed
2024-11-26 15:20:00+00:00,2026-10-04T23:41:37Z,4.298000,4.324000,4.295000,4.316000,4.300000,4.324000,4.298000,4.316000,changed
2024-11-26 16:20:00+00:00,2026-10-04T23:41:37Z,4.322000,4.324000,4.306000,4.306000,4.310000,4.320000,4.306000,4.306000,changed
2024-11-26 17:20:00+00:00,2026-10-04T23:41:37Z,4.316000,4.320000,4.300000,4.314000,4.316000,4.318000,4.300000,4.314000,changed
2024-11-26 18:20:00+00:00,2026-10-04T23:41:37Z,4.306000,4.320000,4.300000,4.316000,4.310000,4.320000,4.306000,4.316000,changed
2024-11-26 19:20:00+00:00,2026-10-04T23:41:37Z,4.320000,4.320000,4.302000,4.302000,4.316000,4.320000,4.302000,4.302000,changed
2024-11-27 15:20:00+00:00,2026-10-04T23:41:37Z,4.246000,4.275000,4.242000,4.263000,4.256000,4.275000,4.254000,4.263000,changed
2024-11-27 16:20:00+00:00,2026-10-04T23:41:37Z,4.265000,4.269000,4.232000,4.238000,4.256000,4.265000,4.232000,4.238000,changed
2024-11-27 17:20:00+00:00,2026-10-04T23:41:37Z,4.263000,4.263000,4.230000,4.232000,4.242000,4.248000,4.230000,4.232000,changed
2024-11-27 18:20:00+00:00,2026-10-04T23:41:37Z,4.238000,4.240000,4.227000,4.236000,4.238000,4.238000,4.227000,4.236000,changed
2024-11-27 19:20:00+00:00,2026-10-04T23:41:37Z,4.232000,4.246000,4.230000,4.242000,4.236000,4.246000,4.232000,4.242000,changed
2024-11-29 14:20:00+00:00,2026-10-04T23:41:37Z,4.203000,4.207000,4.196000,4.207000,4.219000,4.219000,4.196000,4.207000,changed
2024-11-29 15:20:00+00:00,2026-10-04T23:41:37Z,4.197000,4.217000,4.196000,4.209000,4.199000,4.217000,4.196000,4.209000,changed
2024-11-29 16:20:00+00:00,2026-10-04T23:41:37Z,4.205000,4.217000,4.201000,4.207000,4.215000,4.217000,4.201000,4.207000,changed
2024-11-29 17:20:00+00:00,2026-10-04T23:41:37Z,4.209000,4.211000,4.188000,4.190000,4.211000,4.211000,4.188000,4.190000,changed
2024-11-29 18:20:00+00:00,2026-10-04T23:41:37Z,4.194000,4.196000,4.172000,4.180000,4.207000,4.207000,4.172000,4.180000,changed
2024-11-29 19:20:00+00:00,2026-10-04T23:41:37Z,4.172000,4.180000,4.172000,4.178000,4.184000,4.184000,4.172000,4.178000,changed
2024-11-01 13:20:00+00:00,2026-10-05T00:39:31Z,4.235000,4.307000,4.235000,4.305000,4.315000,4.315000,4.223000,4.305000,changed
2024-11-01 14:20:00+00:00,2026-10-05T00:39:31Z,4.275000,4.345000,4.267000,4.331000,4.273000,4.345000,4.259000,4.331000,changed
2024-11-01 15:20:00+00:00,2026-10-05T00:39:31Z,4.329000,4.355000,4.323000,4.341000,4.299000,4.355000,4.295000,4.341000,changed
2024-11-01 16:20:00+00:00,2026-10-05T00:39:31Z,4.347000,4.349000,4.333000,4.345000,4.325000,4.355000,4.325000,4.345000,changed
2024-11-01 17:20:00+00:00,2026-10-05T00:39:31Z,4.343000,4.365000,4.339000,4.357000,4.343000,4.365000,4.333000,4.357000,changed
2024-11-01 18:20:00+00:00,2026-10-05T00:39:31Z,4.355000,4.363000,4.349000,4.361000,4.345000,4.365000,4.345000,4.361000,changed
2024-11-04 14:20:00+00:00,2026-10-05T00:39:31Z,4.293000,4.297000,4.263000,4.263000,4.283000,4.287000,4.263000,4.263000,changed
2024-11-04 15:20:00+00:00,2026-10-05T00:39:31Z,4.281000,4.305000,4.263000,4.303000,4.277000,4.305000,4.263000,4.303000,changed
2024-11-04 16:20:00+00:00,2026-10-05T00:39:31Z,4.275000,4.309000,4.271000,4.293000,4.293000,4.309000,4.293000,4.293000,changed
2024-11-04 17:20:00+00:00,2026-10-05T00:39:31Z,4.301000,4.329000,4.291000,4.323000,4.297000,4.329000,4.291000,4.323000,changed
2024-11-04 18:20:00+00:00,2026-10-05T00:39:31Z,4.297000,4.329000,4.295000,4.309000,4.305000,4.329000,4.305000,4.309000,changed
2024-11-04 19:20:00+00:00,2026-10-05T00:39:31Z,4.325000,4.325000,4.297000,4.309000,4.313000,4.313000,4.297000,4.309000,changed
2024-11-05 14:20:00+00:00,2026-10-05T00:39:31Z,4.325000,4.360000,4.313000,4.353000,4.331000,4.360000,4.313000,4.353000,changed
2024-11-05 15:20:00+00:00,2026-10-05T00:39:31Z,4.339000,4.366000,4.339000,4.362000,4.319000,4.366000,4.313000,4.362000,changed
2024-11-05 16:20:00+00:00,2026-10-05T00:39:31Z,4.356000,4.366000,4.351000,4.356000,4.364000,4.366000,4.351000,4.356000,changed
2024-11-05 17:20:00+00:00,2026-10-05T00:39:31Z,4.357000,4.357000,4.315000,4.315000,4.362000,4.366000,4.315000,4.315000,changed
2024-11-05 18:20:00+00:00,2026-10-05T00:39:31Z,4.351000,4.351000,4.311000,4.317000,4.351000,4.353000,4.311000,4.317000,changed
2024-11-05 19:20:00+00:00,2026-10-05T00:39:31Z,4.313000,4.321000,4.285000,4.289000,4.323000,4.327000,4.285000,4.289000,changed
2024-11-07 14:20:00+00:00,2026-10-05T00:39:31Z,4.426000,4.433000,4.363000,4.373000,4.404000,4.404000,4.363000,4.373000,changed
2024-11-07 15:20:00+00:00,2026-10-05T00:39:31Z,4.390000,4.396000,4.341000,4.365000,4.371000,4.375000,4.341000,4.365000,changed
2024-11-07 16:20:00+00:00,2026-10-05T00:39:31Z,4.363000,4.369000,4.341000,4.357000,4.349000,4.369000,4.345000,4.357000,changed
2024-11-07 17:20:00+00:00,2026-10-05T00:39:31Z,4.365000,4.365000,4.339000,4.349000,4.359000,4.365000,4.339000,4.349000,changed
2024-11-07 19:20:00+00:00,2026-10-05T00:39:31Z,4.347000,4.377000,4.339000,4.341000,4.341000,4.377000,4.341000,4.341000,changed
2024-11-12 14:20:00+00:00,2026-10-05T00:39:31Z,4.390000,4.394000,4.361000,4.375000,4.380000,4.394000,4.361000,4.375000,changed
2024-11-12 15:20:00+00:00,2026-10-05T00:39:31Z,4.369000,4.394000,4.361000,4.394000,4.390000,4.394000,4.361000,4.394000,changed
2024-11-12 16:20:00+00:00,2026-10-05T00:39:31Z,4.388000,4.443000,4.382000,4.437000,4.371000,4.443000,4.367000,4.437000,changed
2024-11-12 17:20:00+00:00,2026-10-05T00:39:31Z,4.412000,4.443000,4.412000,4.433000,4.394000,4.443000,4.394000,4.433000,changed
2024-11-12 18:20:00+00:00,2026-10-05T00:39:31Z,4.433000,4.435000,4.424000,4.429000,4.433000,4.443000,4.424000,4.429000,changed
2024-11-12 19:20:00+00:00,2026-10-05T00:39:31Z,4.426000,4.433000,4.424000,4.432000,4.429000,4.435000,4.424000,4.432000,changed
2024-11-13 15:20:00+00:00,2026-10-05T00:39:31Z,4.396000,4.445000,4.396000,4.426000,4.396000,4.445000,4.396000,4.424000,changed
2024-11-14 14:20:00+00:00,2026-10-05T00:39:31Z,4.443000,4.483000,4.408000,4.418000,4.459000,4.461000,4.408000,4.418000,changed
2024-11-14 15:20:00+00:00,2026-10-05T00:39:31Z,4.420000,4.439000,4.408000,4.412000,4.424000,4.439000,4.412000,4.412000,changed
2024-11-14 16:20:00+00:00,2026-10-05T00:39:31Z,4.420000,4.439000,4.402000,4.402000,4.426000,4.428000,4.402000,4.402000,changed
2024-11-14 17:20:00+00:00,2026-10-05T00:39:31Z,4.408000,4.414000,4.386000,4.404000,4.410000,4.410000,4.386000,4.404000,changed
2024-11-14 19:20:00+00:00,2026-10-05T00:39:31Z,4.408000,4.422000,4.404000,4.418000,4.422000,4.422000,4.412000,4.418000,changed
2024-11-18 14:20:00+00:00,2026-10-05T00:39:31Z,4.487000,4.489000,4.441000,4.463000,4.459000,4.467000,4.441000,4.463000,changed
2024-11-18 15:20:00+00:00,2026-10-05T00:39:31Z,4.453000,4.469000,4.441000,4.447000,4.461000,4.469000,4.441000,4.447000,changed
2024-11-18 16:20:00+00:00,2026-10-05T00:39:31Z,4.459000,4.465000,4.432000,4.432000,4.463000,4.463000,4.432000,4.432000,changed
2024-11-18 17:20:00+00:00,2026-10-05T00:39:31Z,4.449000,4.453000,4.422000,4.424000,4.439000,4.443000,4.422000,4.424000,changed
2024-11-18 18:20:00+00:00,2026-10-05T00:39:31Z,4.430000,4.434000,4.408000,4.418000,4.426000,4.430000,4.408000,4.418000,changed
2024-11-18 19:20:00+00:00,2026-10-05T00:39:31Z,4.410000,4.422000,4.410000,4.414000,4.414000,4.422000,4.412000,4.414000,changed
2024-11-19 14:20:00+00:00,2026-10-05T00:39:31Z,4.341000,4.384000,4.339000,4.379000,4.357000,4.384000,4.337000,4.379000,changed
2024-11-19 15:20:00+00:00,2026-10-05T00:39:31Z,4.382000,4.386000,4.367000,4.379000,4.375000,4.386000,4.367000,4.379000,changed
2024-11-19 16:20:00+00:00,2026-10-05T00:39:31Z,4.373000,4.386000,4.367000,4.371000,4.375000,4.386000,4.367000,4.371000,changed
2024-11-19 17:20:00+00:00,2026-10-05T00:39:31Z,4.375000,4.392000,4.367000,4.381000,4.384000,4.390000,4.367000,4.381000,changed
2024-11-19 18:20:00+00:00,2026-10-05T00:39:31Z,4.384000,4.392000,4.371000,4.381000,4.373000,4.390000,4.371000,4.381000,changed
2024-11-19 19:20:00+00:00,2026-10-05T00:39:31Z,4.375000,4.384000,4.373000,4.379000,4.382000,4.384000,4.371000,4.379000,changed
2024-11-21 14:20:00+00:00,2026-10-05T00:39:31Z,4.418000,4.422000,4.377000,4.384000,4.392000,4.414000,4.377000,4.384000,changed
2024-11-21 15:20:00+00:00,2026-10-05T00:39:31Z,4.402000,4.414000,4.377000,4.412000,4.386000,4.414000,4.377000,4.412000,changed
2024-11-21 16:20:00+00:00,2026-10-05T00:39:31Z,4.384000,4.426000,4.384000,4.418000,4.404000,4.426000,4.400000,4.418000,changed
2024-11-21 17:20:00+00:00,2026-10-05T00:39:31Z,4.408000,4.426000,4.408000,4.414000,4.422000,4.426000,4.408000,4.414000,changed
2024-11-21 18:20:00+00:00,2026-10-05T00:39:31Z,4.418000,4.434000,4.408000,4.430000,4.414000,4.434000,4.412000,4.430000,changed
2024-11-21 19:20:00+00:00,2026-10-05T00:39:31Z,4.420000,4.438000,4.420000,4.432000,4.426000,4.438000,4.426000,4.432000,changed
2024-11-25 14:20:00+00:00,2026-10-05T00:39:31Z,4.322000,4.332000,4.289000,4.296000,4.320000,4.322000,4.289000,4.296000,changed
2024-11-25 15:20:00+00:00,2026-10-05T00:39:31Z,4.291000,4.304000,4.283000,4.298000,4.295000,4.304000,4.283000,4.298000,changed
2024-11-25 16:20:00+00:00,2026-10-05T00:39:31Z,4.293000,4.308000,4.283000,4.296000,4.293000,4.308000,4.293000,4.296000,changed
2024-11-25 17:20:00+00:00,2026-10-05T00:39:31Z,4.295000,4.308000,4.279000,4.281000,4.296000,4.304000,4.279000,4.281000,changed
2024-11-25 18:20:00+00:00,2026-10-05T00:39:31Z,4.298000,4.304000,4.263000,4.271000,4.300000,4.300000,4.263000,4.271000,changed
2024-11-25 19:20:00+00:00,2026-10-05T00:39:31Z,4.277000,4.279000,4.261000,4.265000,4.265000,4.273000,4.261000,4.265000,changed
2024-11-26 14:20:00+00:00,2026-10-05T00:39:31Z,4.293000,4.314000,4.291000,4.310000,4.293000,4.314000,4.281000,4.310000,changed
2024-11-26 15:20:00+00:00,2026-10-05T00:39:31Z,4.300000,4.324000,4.298000,4.316000,4.298000,4.324000,4.295000,4.316000,changed
2024-11-26 16:20:00+00:00,2026-10-05T00:39:31Z,4.310000,4.320000,4.306000,4.306000,4.322000,4.324000,4.306000,4.306000,changed
2024-11-26 17:20:00+00:00,2026-10-05T00:39:31Z,4.316000,4.318000,4.300000,4.314000,4.316000,4.320000,4.300000,4.314000,changed
2024-11-26 18:20:00+00:00,2026-10-05T00:39:31Z,4.310000,4.320000,4.306000,4.316000,4.306000,4.320000,4.300000,4.316000,changed
2024-11-26 19:20:00+00:00,2026-10-05T00:39:31Z,4.316000,4.320000,4.302000,4.302000,4.320000,4.320000,4.302000,4.302000,changed
2024-11-27 15:20:00+00:00,2026-10-05T00:39:31Z,4.256000,4.275000,4.254000,4.263000,4.246000,4.275000,4.242000,4.263000,changed
2024-11-27 16:20:00+00:00,2026-10-05T00:39:31Z,4.256000,4.265000,4.232000,4.238000,4.265000,4.269000,4.232000,4.238000,changed
2024-11-27 17:20:00+00:00,2026-10-05T00:39:31Z,4.242000,4.248000,4.230000,4.232000,4.263000,4.263000,4.230000,4.232000,changed
2024-11-27 18:20:00+00:00,2026-10-05T00:39:31Z,4.238000,4.238000,4.227000,4.236000,4.238000,4.240000,4.227000,4.236000,changed
2024-11-27 19:20:00+00:00,2026-10-05T00:39:31Z,4.236000,4.246000,4.232000,4.242000,4.232000,4.246000,4.230000,4.242000,changed
2024-11-29 14:20:00+00:00,2026-10-05T00:39:31Z,4.219000,4.219000,4.196000,4.207000,4.203000,4.207000,4.196000,4.207000,changed
2024-11-29 15:20:00+00:00,2026-10-05T00:39:31Z,4.199000,4.217000,4.196000,4.209000,4.197000,4.217000,4.196000,4.209000,changed
2024-11-29 16:20:00+00:00,2026-10-05T00:39:31Z,4.215000,4.217000,4.201000,4.207000,4.205000,4.217000,4.201000,4.207000,changed
2024-11-29 17:20:00+00:00,2026-10-05T00:39:31Z,4.211000,4.211000,4.188000,4.190000,4.209000,4.211000,4.188000,4.190000,changed
2024-11-29 18:20:00+00:00,2026-10-05T00:39:31Z,4.207000,4.207000,4.172000,4.180000,4.194000,4.196000,4.172000,4.180000,changed
2024-11-29 19:20:00+00:00,2026-10-05T00:39:31Z,4.184000,4.184000,4.172000,4.178000,4.172000,4.180000,4.172000,4.178000,changed
2024-11-01 13:20:00+00:00,2026-10-05T02:45:26Z,4.315000,4.315000,4.223000,4.305000,4.235000,4.307000,4.235000,4.305000,changed
2024-11-01 14:20:00+00:00,2026-10-05T02:45:26Z,4.273000,4.345000,4.259000,4.331000,4.275000,4.345000,4.267000,4.331000,changed
2024-11-01 15:20:00+00:00,2026-10-05T02:45:26Z,4.299000,4.355000,4.295000,4.341000,4.329000,4.355000,4.323000,4.341000,changed
2024-11-01 16:20:00+00:00,2026-10-05T02:45:26Z,4.325000,4.355000,4.325000,4.345000,4.347000,4.349000,4.333000,4.345000,changed
2024-11-01 17:20:00+00:00,2026-10-05T02:45:26Z,4.343000,4.365000,4.333000,4.357000,4.343000,4.365000,4.339000,4.357000,changed
2024-11-01 18:20:00+00:00,2026-10-05T02:45:26Z,4.345000,4.365000,4.345000,4.361000,4.355000,4.363000,4.349000,4.361000,changed
2024-11-04 14:20:00+00:00,2026-10-05T02:45:26Z,4.283000,4.287000,4.263000,4.263000,4.293000,4.297000,4.263000,4.263000,changed
2024-11-04 15:20:00+00:00,2026-10-05T02:45:26Z,4.277000,4.305000,4.263000,4.303000,4.281000,4.305000,4.263000,4.303000,changed
2024-11-04 16:20:00+00:00,2026-10-05T02:45:26Z,4.293000,4.309000,4.293000,4.293000,4.275000,4.309000,4.271000,4.293000,changed
2024-11-04 17:20:00+00:00,2026-10-05T02:45:26Z,4.297000,4.329000,4.291000,4.323000,4.301000,4.329000,4.291000,4.323000,changed
2024-11-04 18:20:00+00:00,2026-10-05T02:45:26Z,4.305000,4.329000,4.305000,4.309000,4.297000,4.329000,4.295000,4.309000,changed
2024-11-04 19:20:00+00:00,2026-10-05T02:45:26Z,4.313000,4.313000,4.297000,4.309000,4.325000,4.325000,4.297000,4.309000,changed
2024-11-05 14:20:00+00:00,2026-10-05T02:45:26Z,4.331000,4.360000,4.313000,4.353000,4.325000,4.360000,4.313000,4.353000,changed
2024-11-05 15:20:00+00:00,2026-10-05T02:45:26Z,4.319000,4.366000,4.313000,4.362000,4.339000,4.366000,4.339000,4.362000,changed
2024-11-05 16:20:00+00:00,2026-10-05T02:45:26Z,4.364000,4.366000,4.351000,4.356000,4.356000,4.366000,4.351000,4.356000,changed
2024-11-05 17:20:00+00:00,2026-10-05T02:45:26Z,4.362000,4.366000,4.315000,4.315000,4.357000,4.357000,4.315000,4.315000,changed
2024-11-05 18:20:00+00:00,2026-10-05T02:45:26Z,4.351000,4.353000,4.311000,4.317000,4.351000,4.351000,4.311000,4.317000,changed
2024-11-05 19:20:00+00:00,2026-10-05T02:45:26Z,4.323000,4.327000,4.285000,4.289000,4.313000,4.321000,4.285000,4.289000,changed
2024-11-07 14:20:00+00:00,2026-10-05T02:45:26Z,4.404000,4.404000,4.363000,4.373000,4.426000,4.433000,4.363000,4.373000,changed
2024-11-07 15:20:00+00:00,2026-10-05T02:45:26Z,4.371000,4.375000,4.341000,4.365000,4.390000,4.396000,4.341000,4.365000,changed
2024-11-07 16:20:00+00:00,2026-10-05T02:45:26Z,4.349000,4.369000,4.345000,4.357000,4.363000,4.369000,4.341000,4.357000,changed
2024-11-07 17:20:00+00:00,2026-10-05T02:45:26Z,4.359000,4.365000,4.339000,4.349000,4.365000,4.365000,4.339000,4.349000,changed
2024-11-07 19:20:00+00:00,2026-10-05T02:45:26Z,4.341000,4.377000,4.341000,4.341000,4.347000,4.377000,4.339000,4.341000,changed
2024-11-12 14:20:00+00:00,2026-10-05T02:45:26Z,4.380000,4.394000,4.361000,4.375000,4.390000,4.394000,4.361000,4.375000,changed
2024-11-12 15:20:00+00:00,2026-10-05T02:45:26Z,4.390000,4.394000,4.361000,4.394000,4.369000,4.394000,4.361000,4.394000,changed
2024-11-12 16:20:00+00:00,2026-10-05T02:45:26Z,4.371000,4.443000,4.367000,4.437000,4.388000,4.443000,4.382000,4.437000,changed
2024-11-12 17:20:00+00:00,2026-10-05T02:45:26Z,4.394000,4.443000,4.394000,4.433000,4.412000,4.443000,4.412000,4.433000,changed
2024-11-12 18:20:00+00:00,2026-10-05T02:45:26Z,4.433000,4.443000,4.424000,4.429000,4.433000,4.435000,4.424000,4.429000,changed
2024-11-12 19:20:00+00:00,2026-10-05T02:45:26Z,4.429000,4.435000,4.424000,4.432000,4.426000,4.433000,4.424000,4.432000,changed
2024-11-13 15:20:00+00:00,2026-10-05T02:45:26Z,4.396000,4.445000,4.396000,4.424000,4.396000,4.445000,4.396000,4.426000,changed
2024-11-14 14:20:00+00:00,2026-10-05T02:45:26Z,4.459000,4.461000,4.408000,4.418000,4.443000,4.483000,4.408000,4.418000,changed
2024-11-14 15:20:00+00:00,2026-10-05T02:45:26Z,4.424000,4.439000,4.412000,4.412000,4.420000,4.439000,4.408000,4.412000,changed
2024-11-14 16:20:00+00:00,2026-10-05T02:45:26Z,4.426000,4.428000,4.402000,4.402000,4.420000,4.439000,4.402000,4.402000,changed
2024-11-14 17:20:00+00:00,2026-10-05T02:45:26Z,4.410000,4.410000,4.386000,4.404000,4.408000,4.414000,4.386000,4.404000,changed
2024-11-14 19:20:00+00:00,2026-10-05T02:45:26Z,4.422000,4.422000,4.412000,4.418000,4.408000,4.422000,4.404000,4.418000,changed
2024-11-18 14:20:00+00:00,2026-10-05T02:45:26Z,4.459000,4.467000,4.441000,4.463000,4.487000,4.489000,4.441000,4.463000,changed
2024-11-18 15:20:00+00:00,2026-10-05T02:45:26Z,4.461000,4.469000,4.441000,4.447000,4.453000,4.469000,4.441000,4.447000,changed
2024-11-18 16:20:00+00:00,2026-10-05T02:45:26Z,4.463000,4.463000,4.432000,4.432000,4.459000,4.465000,4.432000,4.432000,changed
2024-11-18 17:20:00+00:00,2026-10-05T02:45:26Z,4.439000,4.443000,4.422000,4.424000,4.449000,4.453000,4.422000,4.424000,changed
2024-11-18 18:20:00+00:00,2026-10-05T02:45:26Z,4.426000,4.430000,4.408000,4.418000,4.430000,4.434000,4.408000,4.418000,changed
2024-11-18 19:20:00+00:00,2026-10-05T02:45:26Z,4.414000,4.422000,4.412000,4.414000,4.410000,4.422000,4.410000,4.414000,changed
2024-11-19 14:20:00+00:00,2026-10-05T02:45:26Z,4.357000,4.384000,4.337000,4.379000,4.341000,4.384000,4.339000,4.379000,changed
2024-11-19 15:20:00+00:00,2026-10-05T02:45:26Z,4.375000,4.386000,4.367000,4.379000,4.382000,4.386000,4.367000,4.379000,changed
2024-11-19 16:20:00+00:00,2026-10-05T02:45:26Z,4.375000,4.386000,4.367000,4.371000,4.373000,4.386000,4.367000,4.371000,changed
2024-11-19 17:20:00+00:00,2026-10-05T02:45:26Z,4.384000,4.390000,4.367000,4.381000,4.375000,4.392000,4.367000,4.381000,changed
2024-11-19 18:20:00+00:00,2026-10-05T02:45:26Z,4.373000,4.390000,4.371000,4.381000,4.384000,4.392000,4.371000,4.381000,changed
2024-11-19 19:20:00+00:00,2026-10-05T02:45:26Z,4.382000,4.384000,4.371000,4.379000,4.375000,4.384000,4.373000,4.379000,changed
2024-11-21 14:20:00+00:00,2026-10-05T02:45:26Z,4.392000,4.414000,4.377000,4.384000,4.418000,4.422000,4.377000,4.384000,changed
2024-11-21 15:20:00+00:00,2026-10-05T02:45:26Z,4.386000,4.414000,4.377000,4.412000,4.402000,4.414000,4.377000,4.412000,changed
2024-11-21 16:20:00+00:00,2026-10-05T02:45:26Z,4.404000,4.426000,4.400000,4.418000,4.384000,4.426000,4.384000,4.418000,changed
2024-11-21 17:20:00+00:00,2026-10-05T02:45:26Z,4.422000,4.426000,4.408000,4.414000,4.408000,4.426000,4.408000,4.414000,changed
2024-11-21 18:20:00+00:00,2026-10-05T02:45:26Z,4.414000,4.434000,4.412000,4.430000,4.418000,4.434000,4.408000,4.430000,changed
2024-11-21 19:20:00+00:00,2026-10-05T02:45:26Z,4.426000,4.438000,4.426000,4.432000,4.420000,4.438000,4.420000,4.432000,changed
2024-11-25 14:20:00+00:00,2026-10-05T02:45:26Z,4.320000,4.322000,4.289000,4.296000,4.322000,4.332000,4.289000,4.296000,changed
2024-11-25 15:20:00+00:00,2026-10-05T02:45:26Z,4.295000,4.304000,4.283000,4.298000,4.291000,4.304000,4.283000,4.298000,changed
2024-11-25 16:20:00+00:00,2026-10-05T02:45:26Z,4.293000,4.308000,4.293000,4.296000,4.293000,4.308000,4.283000,4.296000,changed
2024-11-25 17:20:00+00:00,2026-10-05T02:45:26Z,4.296000,4.304000,4.279000,4.281000,4.295000,4.308000,4.279000,4.281000,changed
2024-11-25 18:20:00+00:00,2026-10-05T02:45:26Z,4.300000,4.300000,4.263000,4.271000,4.298000,4.304000,4.263000,4.271000,changed
2024-11-25 19:20:00+00:00,2026-10-05T02:45:26Z,4.265000,4.273000,4.261000,4.265000,4.277000,4.279000,4.261000,4.265000,changed
2024-11-26 14:20:00+00:00,2026-10-05T02:45:26Z,4.293000,4.314000,4.281000,4.310000,4.293000,4.314000,4.291000,4.310000,changed
2024-11-26 15:20:00+00:00,2026-10-05T02:45:26Z,4.298000,4.324000,4.295000,4.316000,4.300000,4.324000,4.298000,4.316000,changed
2024-11-26 16:20:00+00:00,2026-10-05T02:45:26Z,4.322000,4.324000,4.306000,4.306000,4.310000,4.320000,4.306000,4.306000,changed
2024-11-26 17:20:00+00:00,2026-10-05T02:45:26Z,4.316000,4.320000,4.300000,4.314000,4.316000,4.318000,4.300000,4.314000,changed
2024-11-26 18:20:00+00:00,2026-10-05T02:45:26Z,4.306000,4.320000,4.300000,4.316000,4.310000,4.320000,4.306000,4.316000,changed
2024-11-26 19:20:00+00:00,2026-10-05T02:45:26Z,4.320000,4.320000,4.302000,4.302000,4.316000,4.320000,4.302000,4.302000,changed
2024-11-27 15:20:00+00:00,2026-10-05T02:45:26Z,4.246000,4.275000,4.242000,4.263000,4.256000,4.275000,4.254000,4.263000,changed
2024-11-27 16:20:00+00:00,2026-10-05T02:45:26Z,4.265000,4.269000,4.232000,4.238000,4.256000,4.265000,4.232000,4.238000,changed
2024-11-27 17:20:00+00:00,2026-10-05T02:45:26Z,4.263000,4.263000,4.230000,4.232000,4.242000,4.248000,4.230000,4.232000,changed
2024-11-27 18:20:00+00:00,2026-10-05T02:45:26Z,4.238000,4.240000,4.227000,4.236000,4.238000,4.238000,4.227000,4.236000,changed
2024-11-27 19:20:00+00:00,2026-10-05T02:45:26Z,4.232000,4.246000,4.230000,4.242000,4.236000,4.246000,4.232000,4.242000,changed
2024-11-29 14:20:00+00:00,2026-10-05T02:45:26Z,4.203000,4.207000,4.196000,4.207000,4.219000,4.219000,4.196000,4.207000,changed
2024-11-29 15:20:00+00:00,2026-10-05T02:45:26Z,4.197000,4.217000,4.196000,4.209000,4.199000,4.217000,4.196000,4.209000,changed
2024-11-29 16:20:00+00:00,2026-10-05T02:45:26Z,4.205000,4.217000,4.201000,4.207000,4.215000,4.217000,4.201000,4.207000,changed
2024-11-29 17:20:00+00:00,2026-10-05T02:45:26Z,4.209000,4.211000,4.188000,4.190000,4.211000,4.211000,4.188000,4.190000,changed
2024-11-29 18:20:00+00:00,2026-10-05T02:45:26Z,4.194000,4.196000,4.172000,4.180000,4.207000,4.207000,4.172000,4.180000,changed
2024-11-29 19:20:00+00:00,2026-10-05T02:45:26Z,4.172000,4.180000,4.172000,4.178000,4.184000,4.184000,4.172000,4.178000,changed
2024-11-01 13:20:00+00:00,2026-10-05T02:58:33Z,4.235000,4.307000,4.235000,4.305000,4.315000,4.315000,4.223000,4.305000,changed
2024-11-01 14:20:00+00:00,2026-10-05T02:58:33Z,4.275000,4.345000,4.267000,4.331000,4.273000,4.345000,4.259000,4.331000,changed
2024-11-01 15:20:00+00:00,2026-10-05T02:58:33Z,4.329000,4.355000,4.323000,4.341000,4.299000,4.355000,4.295000,4.341000,changed
2024-11-01 16:20:00+00:00,2026-10-05T02:58:33Z,4.347000,4.349000,4.333000,4.345000,4.325000,4.355000,4.325000,4.345000,changed
2024-11-01 17:20:00+00:00,2026-10-05T02:58:33Z,4.343000,4.365000,4.339000,4.357000,4.343000,4.365000,4.333000,4.357000,changed
2024-11-01 18:20:00+00:00,2026-10-05T02:58:33Z,4.355000,4.363000,4.349000,4.361000,4.345000,4.365000,4.345000,4.361000,changed
2024-11-04 14:20:00+00:00,2026-10-05T02:58:33Z,4.293000,4.297000,4.263000,4.263000,4.283000,4.287000,4.263000,4.263000,changed
2024-11-04 15:20:00+00:00,2026-10-05T02:58:33Z,4.281000,4.305000,4.263000,4.303000,4.277000,4.305000,4.263000,4.303000,changed
2024-11-04 16:20:00+00:00,2026-10-05T02:58:33Z,4.275000,4.309000,4.271000,4.293000,4.293000,4.309000,4.293000,4.293000,changed
2024-11-04 17:20:00+00:00,2026-10-05T02:58:33Z,4.301000,4.329000,4.291000,4.323000,4.297000,4.329000,4.291000,4.323000,changed
2024-11-04 18:20:00+00:00,2026-10-05T02:58:33Z,4.297000,4.329000,4.295000,4.309000,4.305000,4.329000,4.305000,4.309000,changed
2024-11-04 19:20:00+00:00,2026-10-05T02:58:33Z,4.325000,4.325000,4.297000,4.309000,4.313000,4.313000,4.297000,4.309000,changed
2024-11-05 14:20:00+00:00,2026-10-05T02:58:33Z,4.325000,4.360000,4.313000,4.353000,4.331000,4.360000,4.313000,4.353000,changed
2024-11-05 15:20:00+00:00,2026-10-05T02:58:33Z,4.339000,4.366000,4.339000,4.362000,4.319000,4.366000,4.313000,4.362000,changed
2024-11-05 16:20:00+00:00,2026-10-05T02:58:33Z,4.356000,4.366000,4.351000,4.356000,4.364000,4.366000,4.351000,4.356000,changed
2024-11-05 17:20:00+00:00,2026-10-05T02:58:33Z,4.357000,4.357000,4.315000,4.315000,4.362000,4.366000,4.315000,4.315000,changed
2024-11-05 18:20:00+00:00,2026-10-05T02:58:33Z,4.351000,4.351000,4.311000,4.317000,4.351000,4.353000,4.311000,4.317000,changed
2024-11-05 19:20:00+00:00,2026-10-05T02:58:33Z,4.313000,4.321000,4.285000,4.289000,4.323000,4.327000,4.285000,4.289000,changed
2024-11-07 14:20:00+00:00,2026-10-05T02:58:33Z,4.426000,4.433000,4.363000,4.373000,4.404000,4.404000,4.363000,4.373000,changed
2024-11-07 15:20:00+00:00,2026-10-05T02:58:33Z,4.390000,4.396000,4.341000,4.365000,4.371000,4.375000,4.341000,4.365000,changed
2024-11-07 16:20:00+00:00,2026-10-05T02:58:33Z,4.363000,4.369000,4.341000,4.357000,4.349000,4.369000,4.345000,4.357000,changed
2024-11-07 17:20:00+00:00,2026-10-05T02:58:33Z,4.365000,4.365000,4.339000,4.349000,4.359000,4.365000,4.339000,4.349000,changed
2024-11-07 19:20:00+00:00,2026-10-05T02:58:33Z,4.347000,4.377000,4.339000,4.341000,4.341000,4.377000,4.341000,4.341000,changed
2024-11-12 14:20:00+00:00,2026-10-05T02:58:33Z,4.390000,4.394000,4.361000,4.375000,4.380000,4.394000,4.361000,4.375000,changed
2024-11-12 15:20:00+00:00,2026-10-05T02:58:33Z,4.369000,4.394000,4.361000,4.394000,4.390000,4.394000,4.361000,4.394000,changed
2024-11-12 16:20:00+00:00,2026-10-05T02:58:33Z,4.388000,4.443000,4.382000,4.437000,4.371000,4.443000,4.367000,4.437000,changed
2024-11-12 17:20:00+00:00,2026-10-05T02:58:33Z,4.412000,4.443000,4.412000,4.433000,4.394000,4.443000,4.394000,4.433000,changed
2024-11-12 18:20:00+00:00,2026-10-05T02:58:33Z,4.433000,4.435000,4.424000,4.429000,4.433000,4.443000,4.424000,4.429000,changed
2024-11-12 19:20:00+00:00,2026-10-05T02:58:33Z,4.426000,4.433000,4.424000,4.432000,4.429000,4.435000,4.424000,4.432000,changed
2024-11-13 15:20:00+00:00,2026-10-05T02:58:33Z,4.396000,4.445000,4.396000,4.426000,4.396000,4.445000,4.396000,4.424000,changed
2024-11-14 14:20:00+00:00,2026-10-05T02:58:33Z,4.443000,4.483000,4.408000,4.418000,4.459000,4.461000,4.408000,4.418000,changed
2024-11-14 15:20:00+00:00,2026-10-05T02:58:33Z,4.420000,4.439000,4.408000,4.412000,4.424000,4.439000,4.412000,4.412000,changed
2024-11-14 16:20:00+00:00,2026-10-05T02:58:33Z,4.420000,4.439000,4.402000,4.402000,4.426000,4.428000,4.402000,4.402000,changed
2024-11-14 17:20:00+00:00,2026-10-05T02:58:33Z,4.408000,4.414000,4.386000,4.404000,4.410000,4.410000,4.386000,4.404000,changed
2024-11-14 19:20:00+00:00,2026-10-05T02:58:33Z,4.408000,4.422000,4.404000,4.418000,4.422000,4.422000,4.412000,4.418000,changed
2024-11-18 14:20:00+00:00,2026-10-05T02:58:33Z,4.487000,4.489000,4.441000,4.463000,4.459000,4.467000,4.441000,4.463000,changed
2024-11-18 15:20:00+00:00,2026-10-05T02:58:33Z,4.453000,4.469000,4.441000,4.447000,4.461000,4.469000,4.441000,4.447000,changed
2024-11-18 16:20:00+00:00,2026-10-05T02:58:33Z,4.459000,4.465000,4.432000,4.432000,4.463000,4.463000,4.432000,4.432000,changed
2024-11-18 17:20:00+00:00,2026-10-05T02:58:33Z,4.449000,4.453000,4.422000,4.424000,4.439000,4.443000,4.422000,4.424000,changed
2024-11-18 18:20:00+00:00,2026-10-05T02:58:33Z,4.430000,4.434000,4.408000,4.418000,4.426000,4.430000,4.408000,4.418000,changed
2024-11-18 19:20:00+00:00,2026-10-05T02:58:33Z,4.410000,4.422000,4.410000,4.414000,4.414000,4.422000,4.412000,4.414000,changed
2024-11-19 14:20:00+00:00,2026-10-05T02:58:33Z,4.341000,4.384000,4.339000,4.379000,4.357000,4.384000,4.337000,4.379000,changed
2024-11-19 15:20:00+00:00,2026-10-05T02:58:33Z,4.382000,4.386000,4.367000,4.379000,4.375000,4.386000,4.367000,4.379000,changed
2024-11-19 16:20:00+00:00,2026-10-05T02:58:33Z,4.373000,4.386000,4.367000,4.371000,4.375000,4.386000,4.367000,4.371000,changed
2024-11-19 17:20:00+00:00,2026-10-05T02:58:33Z,4.375000,4.392000,4.367000,4.381000,4.384000,4.390000,4.367000,4.381000,changed
2024-11-19 18:20:00+00:00,2026-10-05T02:58:33Z,4.384000,4.392000,4.371000,4.381000,4.373000,4.390000,4.371000,4.381000,changed
2024-11-19 19:20:00+00:00,2026-10-05T02:58:33Z,4.375000,4.384000,4.373000,4.379000,4.382000,4.384000,4.371000,4.379000,changed
2024-11-21 14:20:00+00:00,2026-10-05T02:58:33Z,4.418000,4.422000,4.377000,4.384000,4.392000,4.414000,4.377000,4.384000,changed
2024-11-21 15:20:00+00:00,2026-10-05T02:58:33Z,4.402000,4.414000,4.377000,4.412000,4.386000,4.414000,4.377000,4.412000,changed
2024-11-21 16:20:00+00:00,2026-10-05T02:58:33Z,4.384000,4.426000,4.384000,4.418000,4.404000,4.426000,4.400000,4.418000,changed
2024-11-21 17:20:00+00:00,2026-10-05T02:58:33Z,4.408000,4.426000,4.408000,4.414000,4.422000,4.426000,4.408000,4.414000,changed
2024-11-21 18:20:00+00:00,2026-10-05T02:58:33Z,4.418000,4.434000,4.408000,4.430000,4.414000,4.434000,4.412000,4.430000,changed
2024-11-21 19:20:00+00:00,2026-10-05T02:58:33Z,4.420000,4.438000,4.420000,4.432000,4.426000,4.438000,4.426000,4.432000,changed
2024-11-25 14:20:00+00:00,2026-10-05T02:58:33Z,4.322000,4.332000,4.289000,4.296000,4.320000,4.322000,4.289000,4.296000,changed
2024-11-25 15:20:00+00:00,2026-10-05T02:58:33Z,4.291000,4.304000,4.283000,4.298000,4.295000,4.304000,4.283000,4.298000,changed
2024-11-25 16:20:00+00:00,2026-10-05T02:58:33Z,4.293000,4.308000,4.283000,4.296000,4.293000,4.308000,4.293000,4.296000,changed
2024-11-25 17:20:00+00:00,2026-10-05T02:58:33Z,4.295000,4.308000,4.279000,4.281000,4.296000,4.304000,4.279000,4.281000,changed
2024-11-25 18:20:00+00:00,2026-10-05T02:58:33Z,4.298000,4.304000,4.263000,4.271000,4.300000,4.300000,4.263000,4.271000,changed
2024-11-25 19:20:00+00:00,2026-10-05T02:58:33Z,4.277000,4.279000,4.261000,4.265000,4.265000,4.273000,4.261000,4.265000,changed
2024-11-26 14:20:00+00:00,2026-10-05T02:58:33Z,4.293000,4.314000,4.291000,4.310000,4.293000,4.314000,4.281000,4.310000,changed
2024-11-26 15:20:00+00:00,2026-10-05T02:58:33Z,4.300000,4.324000,4.298000,4.316000,4.298000,4.324000,4.295000,4.316000,changed
2024-11-26 16:20:00+00:00,2026-10-05T02:58:33Z,4.310000,4.320000,4.306000,4.306000,4.322000,4.324000,4.306000,4.306000,changed
2024-11-26 17:20:00+00:00,2026-10-05T02:58:33Z,4.316000,4.318000,4.300000,4.314000,4.316000,4.320000,4.300000,4.314000,changed
2024-11-26 18:20:00+00:00,2026-10-05T02:58:33Z,4.310000,4.320000,4.306000,4.316000,4.306000,4.320000,4.300000,4.316000,changed
2024-11-26 19:20:00+00:00,2026-10-05T02:58:33Z,4.316000,4.320000,4.302000,4.302000,4.320000,4.320000,4.302000,4.302000,changed
2024-11-27 15:20:00+00:00,2026-10-05T02:58:33Z,4.256000,4.275000,4.254000,4.263000,4.246000,4.275000,4.242000,4.263000,changed
2024-11-27 16:20:00+00:00,2026-10-05T02:58:33Z,4.256000,4.265000,4.232000,4.238000,4.265000,4.269000,4.232000,4.238000,changed
2024-11-27 17:20:00+00:00,2026-10-05T02:58:33Z,4.242000,4.248000,4.230000,4.232000,4.263000,4.263000,4.230000,4.232000,changed
2024-11-27 18:20:00+00:00,2026-10-05T02:58:33Z,4.238000,4.238000,4.227000,4.236000,4.238000,4.240000,4.227000,4.236000,changed
2024-11-27 19:20:00+00:00,2026-10-05T02:58:33Z,4.236000,4.246000,4.232000,4.242000,4.232000,4.246000,4.230000,4.242000,changed
2024-11-29 14:20:00+00:00,2026-10-05T02:58:33Z,4.219000,4.219000,4.196000,4.207000,4.203000,4.207000,4.196000,4.207000,changed
2024-11-29 15:20:00+00:00,2026-10-05T02:58:33Z,4.199000,4.217000,4.196000,4.209000,4.197000,4.217000,4.196000,4.209000,changed
2024-11-29 16:20:00+00:00,2026-10-05T02:58:33Z,4.215000,4.217000,4.201000,4.207000,4.205000,4.217000,4.201000,4.207000,changed
2024-11-29 17:20:00+00:00,2026-10-05T02:58:33Z,4.211000,4.211000,4.188000,4.190000,4.209000,4.211000,4.188000,4.190000,changed
2024-11-29 18:20:00+00:00,2026-10-05T02:58:33Z,4.207000,4.207000,4.172000,4.180000,4.194000,4.196000,4.172000,4.180000,changed
2024-11-29 19:20:00+00:00,2026-10-05T02:58:33Z,4.184000,4.184000,4.172000,4.178000,4.172000,4.180000,4.172000,4.178000,changed
2024-11-01 13:20:00+00:00,2026-10-05T03:10:39Z,4.315000,4.315000,4.223000,4.305000,4.235000,4.307000,4.235000,4.305000,changed
2024-11-01 14:20:00+00:00,2026-10-05T03:10:39Z,4.273000,4.345000,4.259000,4.331000,4.275000,4.345000,4.267000,4.331000,changed
2024-11-01 15:20:00+00:00,2026-10-05T03:10:39Z,4.299000,4.355000,4.295000,4.341000,4.329000,4.355000,4.323000,4.341000,changed
2024-11-01 16:20:00+00:00,2026-10-05T03:10:39Z,4.325000,4.355000,4.325000,4.345000,4.347000,4.349000,4.333000,4.345000,changed
2024-11-01 17:20:00+00:00,2026-10-05T03:10:39Z,4.343000,4.365000,4.333000,4.357000,4.343000,4.365000,4.339000,4.357000,changed
2024-11-01 18:20:00+00:00,2026-10-05T03:10:39Z,4.345000,4.365000,4.345000,4.361000,4.355000,4.363000,4.349000,4.361000,changed
2024-11-04 14:20:00+00:00,2026-10-05T03:10:39Z,4.283000,4.287000,4.263000,4.263000,4.293000,4.297000,4.263000,4.263000,changed
2024-11-04 15:20:00+00:00,2026-10-05T03:10:39Z,4.277000,4.305000,4.263000,4.303000,4.281000,4.305000,4.263000,4.303000,changed
2024-11-04 16:20:00+00:00,2026-10-05T03:10:39Z,4.293000,4.309000,4.293000,4.293000,4.275000,4.309000,4.271000,4.293000,changed
2024-11-04 17:20:00+00:00,2026-10-05T03:10:39Z,4.297000,4.329000,4.291000,4.323000,4.301000,4.329000,4.291000,4.323000,changed
2024-11-04 18:20:00+00:00,2026-10-05T03:10:39Z,4.305000,4.329000,4.305000,4.309000,4.297000,4.329000,4.295000,4.309000,changed
2024-11-04 19:20:00+00:00,2026-10-05T03:10:39Z,4.313000,4.313000,4.297000,4.309000,4.325000,4.325000,4.297000,4.309000,changed
2024-11-05 14:20:00+00:00,2026-10-05T03:10:39Z,4.331000,4.360000,4.313000,4.353000,4.325000,4.360000,4.313000,4.353000,changed
2024-11-05 15:20:00+00:00,2026-10-05T03:10:39Z,4.319000,4.366000,4.313000,4.362000,4.339000,4.366000,4.339000,4.362000,changed
2024-11-05 16:20:00+00:00,2026-10-05T03:10:39Z,4.364000,4.366000,4.351000,4.356000,4.356000,4.366000,4.351000,4.356000,changed
2024-11-05 17:20:00+00:00,2026-10-05T03:10:39Z,4.362000,4.366000,4.315000,4.315000,4.357000,4.357000,4.315000,4.315000,changed
2024-11-05 18:20:00+00:00,2026-10-05T03:10:39Z,4.351000,4.353000,4.311000,4.317000,4.351000,4.351000,4.311000,4.317000,changed
2024-11-05 19:20:00+00:00,2026-10-05T03:10:39Z,4.323000,4.327000,4.285000,4.289000,4.313000,4.321000,4.285000,4.289000,changed
2024-11-07 14:20:00+00:00,2026-10-05T03:10:39Z,4.404000,4.404000,4.363000,4.373000,4.426000,4.433000,4.363000,4.373000,changed
2024-11-07 15:20:00+00:00,2026-10-05T03:10:39Z,4.371000,4.375000,4.341000,4.365000,4.390000,4.396000,4.341000,4.365000,changed
2024-11-07 16:20:00+00:00,2026-10-05T03:10:39Z,4.349000,4.369000,4.345000,4.357000,4.363000,4.369000,4.341000,4.357000,changed
2024-11-07 17:20:00+00:00,2026-10-05T03:10:39Z,4.359000,4.365000,4.339000,4.349000,4.365000,4.365000,4.339000,4.349000,changed
2024-11-07 19:20:00+00:00,2026-10-05T03:10:39Z,4.341000,4.377000,4.341000,4.341000,4.347000,4.377000,4.339000,4.341000,changed
2024-11-12 14:20:00+00:00,2026-10-05T03:10:39Z,4.380000,4.394000,4.361000,4.375000,4.390000,4.394000,4.361000,4.375000,changed
2024-11-12 15:20:00+00:00,2026-10-05T03:10:39Z,4.390000,4.394000,4.361000,4.394000,4.369000,4.394000,4.361000,4.394000,changed
2024-11-12 16:20:00+00:00,2026-10-05T03:10:39Z,4.371000,4.443000,4.367000,4.437000,4.388000,4.443000,4.382000,4.437000,changed
2024-11-12 17:20:00+00:00,2026-10-05T03:10:39Z,4.394000,4.443000,4.394000,4.433000,4.412000,4.443000,4.412000,4.433000,changed
2024-11-12 18:20:00+00:00,2026-10-05T03:10:39Z,4.433000,4.443000,4.424000,4.429000,4.433000,4.435000,4.424000,4.429000,changed
2024-11-12 19:20:00+00:00,2026-10-05T03:10:39Z,4.429000,4.435000,4.424000,4.432000,4.426000,4.433000,4.424000,4.432000,changed
2024-11-13 15:20:00+00:00,2026-10-05T03:10:39Z,4.396000,4.445000,4.396000,4.424000,4.396000,4.445000,4.396000,4.426000,changed
2024-11-14 14:20:00+00:00,2026-10-05T03:10:39Z,4.459000,4.461000,4.408000,4.418000,4.443000,4.483000,4.408000,4.418000,changed
2024-11-14 15:20:00+00:00,2026-10-05T03:10:39Z,4.424000,4.439000,4.412000,4.412000,4.420000,4.439000,4.408000,4.412000,changed
2024-11-14 16:20:00+00:00,2026-10-05T03:10:39Z,4.426000,4.428000,4.402000,4.402000,4.420000,4.439000,4.402000,4.402000,changed
2024-11-14 17:20:00+00:00,2026-10-05T03:10:39Z,4.410000,4.410000,4.386000,4.404000,4.408000,4.414000,4.386000,4.404000,changed
2024-11-14 19:20:00+00:00,2026-10-05T03:10:39Z,4.422000,4.422000,4.412000,4.418000,4.408000,4.422000,4.404000,4.418000,changed
2024-11-18 14:20:00+00:00,2026-10-05T03:10:39Z,4.459000,4.467000,4.441000,4.463000,4.487000,4.489000,4.441000,4.463000,changed
2024-11-18 15:20:00+00:00,2026-10-05T03:10:39Z,4.461000,4.469000,4.441000,4.447000,4.453000,4.469000,4.441000,4.447000,changed
2024-11-18 16:20:00+00:00,2026-10-05T03:10:39Z,4.463000,4.463000,4.432000,4.432000,4.459000,4.465000,4.432000,4.432000,changed
2024-11-18 17:20:00+00:00,2026-10-05T03:10:39Z,4.439000,4.443000,4.422000,4.424000,4.449000,4.453000,4.422000,4.424000,changed
2024-11-18 18:20:00+00:00,2026-10-05T03:10:39Z,4.426000,4.430000,4.408000,4.418000,4.430000,4.434000,4.408000,4.418000,changed
2024-11-18 19:20:00+00:00,2026-10-05T03:10:39Z,4.414000,4.422000,4.412000,4.414000,4.410000,4.422000,4.410000,4.414000,changed
2024-11-19 14:20:00+00:00,2026-10-05T03:10:39Z,4.357000,4.384000,4.337000,4.379000,4.341000,4.384000,4.339000,4.379000,changed
2024-11-19 15:20:00+00:00,2026-10-05T03:10:39Z,4.375000,4.386000,4.367000,4.379000,4.382000,4.386000,4.367000,4.379000,changed
2024-11-19 16:20:00+00:00,2026-10-05T03:10:39Z,4.375000,4.386000,4.367000,4.371000,4.373000,4.386000,4.367000,4.371000,changed
2024-11-19 17:20:00+00:00,2026-10-05T03:10:39Z,4.384000,4.390000,4.367000,4.381000,4.375000,4.392000,4.367000,4.381000,changed
2024-11-19 18:20:00+00:00,2026-10-05T03:10:39Z,4.373000,4.390000,4.371000,4.381000,4.384000,4.392000,4.371000,4.381000,changed
2024-11-19 19:20:00+00:00,2026-10-05T03:10:39Z,4.382000,4.384000,4.371000,4.379000,4.375000,4.384000,4.373000,4.379000,changed
2024-11-21 14:20:00+00:00,2026-10-05T03:10:39Z,4.392000,4.414000,4.377000,4.384000,4.418000,4.422000,4.377000,4.384000,changed
2024-11-21 15:20:00+00:00,2026-10-05T03:10:39Z,4.386000,4.414000,4.377000,4.412000,4.402000,4.414000,4.377000,4.412000,changed
2024-11-21 16:20:00+00:00,2026-10-05T03:10:39Z,4.404000,4.426000,4.400000,4.418000,4.384000,4.426000,4.384000,4.418000,changed
2024-11-21 17:20:00+00:00,2026-10-05T03:10:39Z,4.422000,4.426000,4.408000,4.414000,4.408000,4.426000,4.408000,4.414000,changed
2024-11-21 18:20:00+00:00,2026-10-05T03:10:39Z,4.414000,4.434000,4.412000,4.430000,4.418000,4.434000,4.408000,4.430000,changed
2024-11-21 19:20:00+00:00,2026-10-05T03:10:39Z,4.426000,4.438000,4.426000,4.432000,4.420000,4.438000,4.420000,4.432000,changed
2024-11-25 14:20:00+00:00,2026-10-05T03:10:39Z,4.320000,4.322000,4.289000,4.296000,4.322000,4.332000,4.289000,4.296000,changed
2024-11-25 15:20:00+00:00,2026-10-05T03:10:39Z,4.295000,4.304000,4.283000,4.298000,4.291000,4.304000,4.283000,4.298000,changed
2024-11-25 16:20:00+00:00,2026-10-05T03:10:39Z,4.293000,4.308000,4.293000,4.296000,4.293000,4.308000,4.283000,4.296000,changed
2024-11-25 17:20:00+00:00,2026-10-05T03:10:39Z,4.296000,4.304000,4.279000,4.281000,4.295000,4.308000,4.279000,4.281000,changed
2024-11-25 18:20:00+00:00,2026-10-05T03:10:39Z,4.300000,4.300000,4.263000,4.271000,4.298000,4.304000,4.263000,4.271000,changed
2024-11-25 19:20:00+00:00,2026-10-05T03:10:39Z,4.265000,4.273000,4.261000,4.265000,4.277000,4.279000,4.261000,4.265000,changed
2024-11-26 14:20:00+00:00,2026-10-05T03:10:39Z,4.293000,4.314000,4.281000,4.310000,4.293000,4.314000,4.291000,4.310000,changed
2024-11-26 15:20:00+00:00,2026-10-05T03:10:39Z,4.298000,4.324000,4.295000,4.316000,4.300000,4.324000,4.298000,4.316000,changed
2024-11-26 16:20:00+00:00,2026-10-05T03:10:39Z,4.322000,4.324000,4.306000,4.306000,4.310000,4.320000,4.306000,4.306000,changed
2024-11-26 17:20:00+00:00,2026-10-05T03:10:39Z,4.316000,4.320000,4.300000,4.314000,4.316000,4.318000,4.300000,4.314000,changed
2024-11-26 18:20:00+00:00,2026-10-05T03:10:39Z,4.306000,4.320000,4.300000,4.316000,4.310000,4.320000,4.306000,4.316000,changed
2024-11-26 19:20:00+00:00,2026-10-05T03:10:39Z,4.320000,4.320000,4.302000,4.302000,4.316000,4.320000,4.302000,4.302000,changed
2024-11-27 15:20:00+00:00,2026-10-05T03:10:39Z,4.246000,4.275000,4.242000,4.263000,4.256000,4.275000,4.254000,4.263000,changed
2024-11-27 16:20:00+00:00,2026-10-05T03:10:39Z,4.265000,4.269000,4.232000,4.238000,4.256000,4.265000,4.232000,4.238000,changed
2024-11-27 17:20:00+00:00,2026-10-05T03:10:39Z,4.263000,4.263000,4.230000,4.232000,4.242000,4.248000,4.230000,4.232000,changed
2024-11-27 18:20:00+00:00,2026-10-05T03:10:39Z,4.238000,4.240000,4.227000,4.236000,4.238000,4.238000,4.227000,4.236000,changed
2024-11-27 19:20:00+00:00,2026-10-05T03:10:39Z,4.232000,4.246000,4.230000,4.242000,4.236000,4.246000,4.232000,4.242000,changed
2024-11-29 14:20:00+00:00,2026-10-05T03:10:39Z,4.203000,4.207000,4.196000,4.207000,4.219000,4.219000,4.196000,4.207000,changed
2024-11-29 15:20:00+00:00,2026-10-05T03:10:39Z,4.197000,4.217000,4.196000,4.209000,4.199000,4.217000,4.196000,4.209000,changed
2024-11-29 16:20:00+00:00,2026-10-05T03:10:39Z,4.205000,4.217000,4.201000,4.207000,4.215000,4.217000,4.201000,4.207000,changed
2024-11-29 17:20:00+00:00,2026-10-05T03:10:39Z,4.209000,4.211000,4.188000,4.190000,4.211000,4.211000,4.188000,4.190000,changed
2024-11-29 18:20:00+00:00,2026-10-05T03:10:39Z,4.194000,4.196000,4.172000,4.180000,4.207000,4.207000,4.172000,4.180000,changed
2024-11-29 19:20:00+00:00,2026-10-05T03:10:39Z,4.172000,4.180000,4.172000,4.178000,4.184000,4.184000,4.172000,4.178000,changed
2024-11-01 13:20:00+00:00,2026-10-05T03:31:19Z,4.235000,4.307000,4.235000,4.305000,4.315000,4.315000,4.223000,4.305000,changed
2024-11-01 14:20:00+00:00,2026-10-05T03:31:19Z,4.275000,4.345000,4.267000,4.331000,4.273000,4.345000,4.259000,4.331000,changed
2024-11-01 15:20:00+00:00,2026-10-05T03:31:19Z,4.329000,4.355000,4.323000,4.341000,4.299000,4.355000,4.295000,4.341000,changed
2024-11-01 16:20:00+00:00,2026-10-05T03:31:19Z,4.347000,4.349000,4.333000,4.345000,4.325000,4.355000,4.325000,4.345000,changed
2024-11-01 17:20:00+00:00,2026-10-05T03:31:19Z,4.343000,4.365000,4.339000,4.357000,4.343000,4.365000,4.333000,4.357000,changed
2024-11-01 18:20:00+00:00,2026-10-05T03:31:19Z,4.355000,4.363000,4.349000,4.361000,4.345000,4.365000,4.345000,4.361000,changed
2024-11-04 14:20:00+00:00,2026-10-05T03:31:19Z,4.293000,4.297000,4.263000,4.263000,4.283000,4.287000,4.263000,4.263000,changed
2024-11-04 15:20:00+00:00,2026-10-05T03:31:19Z,4.281000,4.305000,4.263000,4.303000,4.277000,4.305000,4.263000,4.303000,changed
2024-11-04 16:20:00+00:00,2026-10-05T03:31:19Z,4.275000,4.309000,4.271000,4.293000,4.293000,4.309000,4.293000,4.293000,changed
2024-11-04 17:20:00+00:00,2026-10-05T03:31:19Z,4.301000,4.329000,4.291000,4.323000,4.297000,4.329000,4.291000,4.323000,changed
2024-11-04 18:20:00+00:00,2026-10-05T03:31:19Z,4.297000,4.329000,4.295000,4.309000,4.305000,4.329000,4.305000,4.309000,changed
2024-11-04 19:20:00+00:00,2026-10-05T03:31:19Z,4.325000,4.325000,4.297000,4.309000,4.313000,4.313000,4.297000,4.309000,changed
2024-11-05 14:20:00+00:00,2026-10-05T03:31:19Z,4.325000,4.360000,4.313000,4.353000,4.331000,4.360000,4.313000,4.353000,changed
2024-11-05 15:20:00+00:00,2026-10-05T03:31:19Z,4.339000,4.366000,4.339000,4.362000,4.319000,4.366000,4.313000,4.362000,changed
2024-11-05 16:20:00+00:00,2026-10-05T03:31:19Z,4.356000,4.366000,4.351000,4.356000,4.364000,4.366000,4.351000,4.356000,changed
2024-11-05 17:20:00+00:00,2026-10-05T03:31:19Z,4.357000,4.357000,4.315000,4.315000,4.362000,4.366000,4.315000,4.315000,changed
2024-11-05 18:20:00+00:00,2026-10-05T03:31:19Z,4.351000,4.351000,4.311000,4.317000,4.351000,4.353000,4.311000,4.317000,changed
2024-11-05 19:20:00+00:00,2026-10-05T03:31:19Z,4.313000,4.321000,4.285000,4.289000,4.323000,4.327000,4.285000,4.289000,changed
2024-11-07 14:20:00+00:00,2026-10-05T03:31:19Z,4.426000,4.433000,4.363000,4.373000,4.404000,4.404000,4.363000,4.373000,changed
2024-11-07 15:20:00+00:00,2026-10-05T03:31:19Z,4.390000,4.396000,4.341000,4.365000,4.371000,4.375000,4.341000,4.365000,changed
2024-11-07 16:20:00+00:00,2026-10-05T03:31:19Z,4.363000,4.369000,4.341000,4.357000,4.349000,4.369000,4.345000,4.357000,changed
2024-11-07 17:20:00+00:00,2026-10-05T03:31:19Z,4.365000,4.365000,4.339000,4.349000,4.359000,4.365000,4.339000,4.349000,changed
2024-11-07 19:20:00+00:00,2026-10-05T03:31:19Z,4.347000,4.377000,4.339000,4.341000,4.341000,4.377000,4.341000,4.341000,changed
2024-11-12 14:20:00+00:00,2026-10-05T03:31:19Z,4.390000,4.394000,4.361000,4.375000,4.380000,4.394000,4.361000,4.375000,changed
2024-11-12 15:20:00+00:00,2026-10-05T03:31:19Z,4.369000,4.394000,4.361000,4.394000,4.390000,4.394000,4.361000,4.394000,changed
2024-11-12 16:20:00+00:00,2026-10-05T03:31:19Z,4.388000,4.443000,4.382000,4.437000,4.371000,4.443000,4.367000,4.437000,changed
2024-11-12 17:20:00+00:00,2026-10-05T03:31:19Z,4.412000,4.443000,4.412000,4.433000,4.394000,4.443000,4.394000,4.433000,changed
2024-11-12 18:20:00+00:00,2026-10-05T03:31:19Z,4.433000,4.435000,4.424000,4.429000,4.433000,4.443000,4.424000,4.429000,changed
2024-11-12 19:20:00+00:00,2026-10-05T03:31:19Z,4.426000,4.433000,4.424000,4.432000,4.429000,4.435000,4.424000,4.432000,changed
2024-11-13 15:20:00+00:00,2026-10-05T03:31:19Z,4.396000,4.445000,4.396000,4.426000,4.396000,4.445000,4.396000,4.424000,changed
2024-11-14 14:20:00+00:00,2026-10-05T03:31:19Z,4.443000,4.483000,4.408000,4.418000,4.459000,4.461000,4.408000,4.418000,changed
2024-11-14 15:20:00+00:00,2026-10-05T03:31:19Z,4.420000,4.439000,4.408000,4.412000,4.424000,4.439000,4.412000,4.412000,changed
2024-11-14 16:20:00+00:00,2026-10-05T03:31:19Z,4.420000,4.439000,4.402000,4.402000,4.426000,4.428000,4.402000,4.402000,changed
2024-11-14 17:20:00+00:00,2026-10-05T03:31:19Z,4.408000,4.414000,4.386000,4.404000,4.410000,4.410000,4.386000,4.404000,changed
2024-11-14 19:20:00+00:00,2026-10-05T03:31:19Z,4.408000,4.422000,4.404000,4.418000,4.422000,4.422000,4.412000,4.418000,changed
2024-11-18 14:20:00+00:00,2026-10-05T03:31:19Z,4.487000,4.489000,4.441000,4.463000,4.459000,4.467000,4.441000,4.463000,changed
2024-11-18 15:20:00+00:00,2026-10-05T03:31:19Z,4.453000,4.469000,4.441000,4.447000,4.461000,4.469000,4.441000,4.447000,changed
2024-11-18 16:20:00+00:00,2026-10-05T03:31:19Z,4.459000,4.465000,4.432000,4.432000,4.463000,4.463000,4.432000,4.432000,changed
2024-11-18 17:20:00+00:00,2026-10-05T03:31:19Z,4.449000,4.453000,4.422000,4.424000,4.439000,4.443000,4.422000,4.424000,changed
2024-11-18 18:20:00+00:00,2026-10-05T03:31:19Z,4.430000,4.434000,4.408000,4.418000,4.426000,4.430000,4.408000,4.418000,changed
2024-11-18 19:20:00+00:00,2026-10-05T03:31:19Z,4.410000,4.422000,4.410000,4.414000,4.414000,4.422000,4.412000,4.414000,changed
2024-11-19 14:20:00+00:00,2026-10-05T03:31:19Z,4.341000,4.384000,4.339000,4.379000,4.357000,4.384000,4.337000,4.379000,changed
2024-11-19 15:20:00+00:00,2026-10-05T03:31:19Z,4.382000,4.386000,4.367000,4.379000,4.375000,4.386000,4.367000,4.379000,changed
2024-11-19 16:20:00+00:00,2026-10-05T03:31:19Z,4.373000,4.386000,4.367000,4.371000,4.375000,4.386000,4.367000,4.371000,changed
2024-11-19 17:20:00+00:00,2026-10-05T03:31:19Z,4.375000,4.392000,4.367000,4.381000,4.384000,4.390000,4.367000,4.381000,changed
2024-11-19 18:20:00+00:00,2026-10-05T03:31:19Z,4.384000,4.392000,4.371000,4.381000,4.373000,4.390000,4.371000,4.381000,changed
2024-11-19 19:20:00+00:00,2026-10-05T03:31:19Z,4.375000,4.384000,4.373000,4.379000,4.382000,4.384000,4.371000,4.379000,changed
2024-11-21 14:20:00+00:00,2026-10-05T03:31:19Z,4.418000,4.422000,4.377000,4.384000,4.392000,4.414000,4.377000,4.384000,changed
2024-11-21 15:20:00+00:00,2026-10-05T03:31:19Z,4.402000,4.414000,4.377000,4.412000,4.386000,4.414000,4.377000,4.412000,changed
2024-11-21 16:20:00+00:00,2026-10-05T03:31:19Z,4.384000,4.426000,4.384000,4.418000,4.404000,4.426000,4.400000,4.418000,changed
2024-11-21 17:20:00+00:00,2026-10-05T03:31:19Z,4.408000,4.426000,4.408000,4.414000,4.422000,4.426000,4.408000,4.414000,changed
2024-11-21 18:20:00+00:00,2026-10-05T03:31:19Z,4.418000,4.434000,4.408000,4.430000,4.414000,4.434000,4.412000,4.430000,changed
2024-11-21 19:20:00+00:00,2026-10-05T03:31:19Z,4.420000,4.438000,4.420000,4.432000,4.426000,4.438000,4.426000,4.432000,changed
2024-11-25 14:20:00+00:00,2026-10-05T03:31:19Z,4.322000,4.332000,4.289000,4.296000,4.320000,4.322000,4.289000,4.296000,changed
2024-11-25 15:20:00+00:00,2026-10-05T03:31:19Z,4.291000,4.304000,4.283000,4.298000,4.295000,4.304000,4.283000,4.298000,changed
2024-11-25 16:20:00+00:00,2026-10-05T03:31:19Z,4.293000,4.308000,4.283000,4.296000,4.293000,4.308000,4.293000,4.296000,changed
2024-11-25 17:20:00+00:00,2026-10-05T03:31:19Z,4.295000,4.308000,4.279000,4.281000,4.296000,4.304000,4.279000,4.281000,changed
2024-11-25 18:20:00+00:00,2026-10-05T03:31:19Z,4.298000,4.304000,4.263000,4.271000,4.300000,4.300000,4.263000,4.271000,changed
2024-11-25 19:20:00+00:00,2026-10-05T03:31:19Z,4.277000,4.279000,4.261000,4.265000,4.265000,4.273000,4.261000,4.265000,changed
2024-11-26 14:20:00+00:00,2026-10-05T03:31:19Z,4.293000,4.314000,4.291000,4.310000,4.293000,4.314000,4.281000,4.310000,changed
2024-11-26 15:20:00+00:00,2026-10-05T03:31:19Z,4.300000,4.324000,4.298000,4.316000,4.298000,4.324000,4.295000,4.316000,changed
2024-11-26 16:20:00+00:00,2026-10-05T03:31:19Z,4.310000,4.320000,4.306000,4.306000,4.322000,4.324000,4.306000,4.306000,changed
2024-11-26 17:20:00+00:00,2026-10-05T03:31:19Z,4.316000,4.318000,4.300000,4.314000,4.316000,4.320000,4.300000,4.314000,changed
2024-11-26 18:20:00+00:00,2026-10-05T03:31:19Z,4.310000,4.320000,4.306000,4.316000,4.306000,4.320000,4.300000,4.316000,changed
2024-11-26 19:20:00+00:00,2026-10-05T03:31:19Z,4.316000,4.320000,4.302000,4.302000,4.320000,4.320000,4.302000,4.302000,changed
2024-11-27 15:20:00+00:00,2026-10-05T03:31:19Z,4.256000,4.275000,4.254000,4.263000,4.246000,4.275000,4.242000,4.263000,changed
2024-11-27 16:20:00+00:00,2026-10-05T03:31:19Z,4.256000,4.265000,4.232000,4.238000,4.265000,4.269000,4.232000,4.238000,changed
2024-11-27 17:20:00+00:00,2026-10-05T03:31:19Z,4.242000,4.248000,4.230000,4.232000,4.263000,4.263000,4.230000,4.232000,changed
2024-11-27 18:20:00+00:00,2026-10-05T03:31:19Z,4.238000,4.238000,4.227000,4.236000,4.238000,4.240000,4.227000,4.236000,changed
2024-11-27 19:20:00+00:00,2026-10-05T03:31:19Z,4.236000,4.246000,4.232000,4.242000,4.232000,4.246000,4.230000,4.242000,changed
2024-11-29 14:20:00+00:00,2026-10-05T03:31:19Z,4.219000,4.219000,4.196000,4.207000,4.203000,4.207000,4.196000,4.207000,changed
2024-11-29 15:20:00+00:00,2026-10-05T03:31:19Z,4.199000,4.217000,4.196000,4.209000,4.197000,4.217000,4.196000,4.209000,changed
2024-11-29 16:20:00+00:00,2026-10-05T03:31:19Z,4.215000,4.217000,4.201000,4.207000,4.205000,4.217000,4.201000,4.207000,changed
2024-11-29 17:20:00+00:00,2026-10-05T03:31:19Z,4.211000,4.211000,4.188000,4.190000,4.209000,4.211000,4.188000,4.190000,changed
2024-11-29 18:20:00+00:00,2026-10-05T03:31:19Z,4.207000,4.207000,4.172000,4.180000,4.194000,4.196000,4.172000,4.180000,changed
2024-11-29 19:20:00+00:00,2026-10-05T03:31:19Z,4.184000,4.184000,4.172000,4.178000,4.172000,4.180000,4.172000,4.178000,changed
2024-11-01 13:20:00+00:00,2026-10-05T03:49:21Z,4.315000,4.315000,4.223000,4.305000,4.235000,4.307000,4.235000,4.305000,changed
2024-11-01 14:20:00+00:00,2026-10-05T03:49:21Z,4.273000,4.345000,4.259000,4.331000,4.275000,4.345000,4.267000,4.331000,changed
2024-11-01 15:20:00+00:00,2026-10-05T03:49:21Z,4.299000,4.355000,4.295000,4.341000,4.329000,4.355000,4.323000,4.341000,changed
2024-11-01 16:20:00+00:00,2026-10-05T03:49:21Z,4.325000,4.355000,4.325000,4.345000,4.347000,4.349000,4.333000,4.345000,changed
2024-11-01 17:20:00+00:00,2026-10-05T03:49:21Z,4.343000,4.365000,4.333000,4.357000,4.343000,4.365000,4.339000,4.357000,changed
2024-11-01 18:20:00+00:00,2026-10-05T03:49:21Z,4.345000,4.365000,4.345000,4.361000,4.355000,4.363000,4.349000,4.361000,changed
2024-11-04 14:20:00+00:00,2026-10-05T03:49:21Z,4.283000,4.287000,4.263000,4.263000,4.293000,4.297000,4.263000,4.263000,changed
2024-11-04 15:20:00+00:00,2026-10-05T03:49:21Z,4.277000,4.305000,4.263000,4.303000,4.281000,4.305000,4.263000,4.303000,changed
2024-11-04 16:20:00+00:00,2026-10-05T03:49:21Z,4.293000,4.309000,4.293000,4.293000,4.275000,4.309000,4.271000,4.293000,changed
2024-11-04 17:20:00+00:00,2026-10-05T03:49:21Z,4.297000,4.329000,4.291000,4.323000,4.301000,4.329000,4.291000,4.323000,changed
2024-11-04 18:20:00+00:00,2026-10-05T03:49:21Z,4.305000,4.329000,4.305000,4.309000,4.297000,4.329000,4.295000,4.309000,changed
2024-11-04 19:20:00+00:00,2026-10-05T03:49:21Z,4.313000,4.313000,4.297000,4.309000,4.325000,4.325000,4.297000,4.309000,changed
2024-11-05 14:20:00+00:00,2026-10-05T03:49:21Z,4.331000,4.360000,4.313000,4.353000,4.325000,4.360000,4.313000,4.353000,changed
2024-11-05 15:20:00+00:00,2026-10-05T03:49:21Z,4.319000,4.366000,4.313000,4.362000,4.339000,4.366000,4.339000,4.362000,changed
2024-11-05 16:20:00+00:00,2026-10-05T03:49:21Z,4.364000,4.366000,4.351000,4.356000,4.356000,4.366000,4.351000,4.356000,changed
2024-11-05 17:20:00+00:00,2026-10-05T03:49:21Z,4.362000,4.366000,4.315000,4.315000,4.357000,4.357000,4.315000,4.315000,changed
2024-11-05 18:20:00+00:00,2026-10-05T03:49:21Z,4.351000,4.353000,4.311000,4.317000,4.351000,4.351000,4.311000,4.317000,changed
2024-11-05 19:20:00+00:00,2026-10-05T03:49:21Z,4.323000,4.327000,4.285000,4.289000,4.313000,4.321000,4.285000,4.289000,changed
2024-11-07 14:20:00+00:00,2026-10-05T03:49:21Z,4.404000,4.404000,4.363000,4.373000,4.426000,4.433000,4.363000,4.373000,changed
2024-11-07 15:20:00+00:00,2026-10-05T03:49:21Z,4.371000,4.375000,4.341000,4.365000,4.390000,4.396000,4.341000,4.365000,changed
2024-11-07 16:20:00+00:00,2026-10-05T03:49:21Z,4.349000,4.369000,4.345000,4.357000,4.363000,4.369000,4.341000,4.357000,changed
2024-11-07 17:20:00+00:00,2026-10-05T03:49:21Z,4.359000,4.365000,4.339000,4.349000,4.365000,4.365000,4.339000,4.349000,changed
2024-11-07 19:20:00+00:00,2026-10-05T03:49:21Z,4.341000,4.377000,4.341000,4.341000,4.347000,4.377000,4.339000,4.341000,changed
2024-11-12 14:20:00+00:00,2026-10-05T03:49:21Z,4.380000,4.394000,4.361000,4.375000,4.390000,4.394000,4.361000,4.375000,changed
2024-11-12 15:20:00+00:00,2026-10-05T03:49:21Z,4.390000,4.394000,4.361000,4.394000,4.369000,4.394000,4.361000,4.394000,changed
2024-11-12 16:20:00+00:00,2026-10-05T03:49:21Z,4.371000,4.443000,4.367000,4.437000,4.388000,4.443000,4.382000,4.437000,changed
2024-11-12 17:20:00+00:00,2026-10-05T03:49:21Z,4.394000,4.443000,4.394000,4.433000,4.412000,4.443000,4.412000,4.433000,changed
2024-11-12 18:20:00+00:00,2026-10-05T03:49:21Z,4.433000,4.443000,4.424000,4.429000,4.433000,4.435000,4.424000,4.429000,changed
2024-11-12 19:20:00+00:00,2026-10-05T03:49:21Z,4.429000,4.435000,4.424000,4.432000,4.426000,4.433000,4.424000,4.432000,changed
2024-11-13 15:20:00+00:00,2026-10-05T03:49:21Z,4.396000,4.445000,4.396000,4.424000,4.396000,4.445000,4.396000,4.426000,changed
2024-11-14 14:20:00+00:00,2026-10-05T03:49:21Z,4.459000,4.461000,4.408000,4.418000,4.443000,4.483000,4.408000,4.418000,changed
2024-11-14 15:20:00+00:00,2026-10-05T03:49:21Z,4.424000,4.439000,4.412000,4.412000,4.420000,4.439000,4.408000,4.412000,changed
2024-11-14 16:20:00+00:00,2026-10-05T03:49:21Z,4.426000,4.428000,4.402000,4.402000,4.420000,4.439000,4.402000,4.402000,changed
2024-11-14 17:20:00+00:00,2026-10-05T03:49:21Z,4.410000,4.410000,4.386000,4.404000,4.408000,4.414000,4.386000,4.404000,changed
2024-11-14 19:20:00+00:00,2026-10-05T03:49:21Z,4.422000,4.422000,4.412000,4.418000,4.408000,4.422000,4.404000,4.418000,changed
2024-11-18 14:20:00+00:00,2026-10-05T03:49:21Z,4.459000,4.467000,4.441000,4.463000,4.487000,4.489000,4.441000,4.463000,changed
2024-11-18 15:20:00+00:00,2026-10-05T03:49:21Z,4.461000,4.469000,4.441000,4.447000,4.453000,4.469000,4.441000,4.447000,changed
2024-11-18 16:20:00+00:00,2026-10-05T03:49:21Z,4.463000,4.463000,4.432000,4.432000,4.459000,4.465000,4.432000,4.432000,changed
2024-11-18 17:20:00+00:00,2026-10-05T03:49:21Z,4.439000,4.443000,4.422000,4.424000,4.449000,4.453000,4.422000,4.424000,changed
2024-11-18 18:20:00+00:00,2026-10-05T03:49:21Z,4.426000,4.430000,4.408000,4.418000,4.430000,4.434000,4.408000,4.418000,changed
2024-11-18 19:20:00+00:00,2026-10-05T03:49:21Z,4.414000,4.422000,4.412000,4.414000,4.410000,4.422000,4.410000,4.414000,changed
2024-11-19 14:20:00+00:00,2026-10-05T03:49:21Z,4.357000,4.384000,4.337000,4.379000,4.341000,4.384000,4.339000,4.379000,changed
2024-11-19 15:20:00+00:00,2026-10-05T03:49:21Z,4.375000,4.386000,4.367000,4.379000,4.382000,4.386000,4.367000,4.379000,changed
2024-11-19 16:20:00+00:00,2026-10-05T03:49:21Z,4.375000,4.386000,4.367000,4.371000,4.373000,4.386000,4.367000,4.371000,changed
2024-11-19 17:20:00+00:00,2026-10-05T03:49:21Z,4.384000,4.390000,4.367000,4.381000,4.375000,4.392000,4.367000,4.381000,changed
2024-11-19 18:20:00+00:00,2026-10-05T03:49:21Z,4.373000,4.390000,4.371000,4.381000,4.384000,4.392000,4.371000,4.381000,changed
2024-11-19 19:20:00+00:00,2026-10-05T03:49:21Z,4.382000,4.384000,4.371000,4.379000,4.375000,4.384000,4.373000,4.379000,changed
2024-11-21 14:20:00+00:00,2026-10-05T03:49:21Z,4.392000,4.414000,4.377000,4.384000,4.418000,4.422000,4.377000,4.384000,changed
2024-11-21 15:20:00+00:00,2026-10-05T03:49:21Z,4.386000,4.414000,4.377000,4.412000,4.402000,4.414000,4.377000,4.412000,changed
2024-11-21 16:20:00+00:00,2026-10-05T03:49:21Z,4.404000,4.426000,4.400000,4.418000,4.384000,4.426000,4.384000,4.418000,changed
2024-11-21 17:20:00+00:00,2026-10-05T03:49:21Z,4.422000,4.426000,4.408000,4.414000,4.408000,4.426000,4.408000,4.414000,changed
2024-11-21 18:20:00+00:00,2026-10-05T03:49:21Z,4.414000,4.434000,4.412000,4.430000,4.418000,4.434000,4.408000,4.430000,changed
2024-11-21 19:20:00+00:00,2026-10-05T03:49:21Z,4.426000,4.438000,4.426000,4.432000,4.420000,4.438000,4.420000,4.432000,changed
2024-11-25 14:20:00+00:00,2026-10-05T03:49:21Z,4.320000,4.322000,4.289000,4.296000,4.322000,4.332000,4.289000,4.296000,changed
2024-11-25 15:20:00+00:00,2026-10-05T03:49:21Z,4.295000,4.304000,4.283000,4.298000,4.291000,4.304000,4.283000,4.298000,changed
2024-11-25 16:20:00+00:00,2026-10-05T03:49:21Z,4.293000,4.308000,4.293000,4.296000,4.293000,4.308000,4.283000,4.296000,changed
2024-11-25 17:20:00+00:00,2026-10-05T03:49:21Z,4.296000,4.304000,4.279000,4.281000,4.295000,4.308000,4.279000,4.281000,changed
2024-11-25 18:20:00+00:00,2026-10-05T03:49:21Z,4.300000,4.300000,4.263000,4.271000,4.298000,4.304000,4.263000,4.271000,changed
2024-11-25 19:20:00+00:00,2026-10-05T03:49:21Z,4.265000,4.273000,4.261000,4.265000,4.277000,4.279000,4.261000,4.265000,changed
2024-11-26 14:20:00+00:00,2026-10-05T03:49:21Z,4.293000,4.314000,4.281000,4.310000,4.293000,4.314000,4.291000,4.310000,changed
2024-11-26 15:20:00+00:00,2026-10-05T03:49:21Z,4.298000,4.324000,4.295000,4.316000,4.300000,4.324000,4.298000,4.316000,changed
2024-11-26 16:20:00+00:00,2026-10-05T03:49:21Z,4.322000,4.324000,4.306000,4.306000,4.310000,4.320000,4.306000,4.306000,changed
2024-11-26 17:20:00+00:00,2026-10-05T03:49:21Z,4.316000,4.320000,4.300000,4.314000,4.316000,4.318000,4.300000,4.314000,changed
2024-11-26 18:20:00+00:00,2026-10-05T03:49:21Z,4.306000,4.320000,4.300000,4.316000,4.310000,4.320000,4.306000,4.316000,changed
2024-11-26 19:20:00+00:00,2026-10-05T03:49:21Z,4.320000,4.320000,4.302000,4.302000,4.316000,4.320000,4.302000,4.302000,changed
2024-11-27 15:20:00+00:00,2026-10-05T03:49:21Z,4.246000,4.275000,4.242000,4.263000,4.256000,4.275000,4.254000,4.263000,changed
2024-11-27 16:20:00+00:00,2026-10-05T03:49:21Z,4.265000,4.269000,4.232000,4.238000,4.256000,4.265000,4.232000,4.238000,changed
2024-11-27 17:20:00+00:00,2026-10-05T03:49:21Z,4.263000,4.263000,4.230000,4.232000,4.242000,4.248000,4.230000,4.232000,changed
2024-11-27 18:20:00+00:00,2026-10-05T03:49:21Z,4.238000,4.240000,4.227000,4.236000,4.238000,4.238000,4.227000,4.236000,changed
2024-11-27 19:20:00+00:00,2026-10-05T03:49:21Z,4.232000,4.246000,4.230000,4.242000,4.236000,4.246000,4.232000,4.242000,changed
2024-11-29 14:20:00+00:00,2026-10-05T03:49:21Z,4.203000,4.207000,4.196000,4.207000,4.219000,4.219000,4.196000,4.207000,changed
2024-11-29 15:20:00+00:00,2026-10-05T03:49:21Z,4.197000,4.217000,4.196000,4.209000,4.199000,4.217000,4.196000,4.209000,changed
2024-11-29 16:20:00+00:00,2026-10-05T03:49:21Z,4.205000,4.217000,4.201000,4.207000,4.215000,4.217000,4.201000,4.207000,changed
2024-11-29 17:20:00+00:00,2026-10-05T03:49:21Z,4.209000,4.211000,4.188000,4.190000,4.211000,4.211000,4.188000,4.190000,changed
2024-11-29 18:20:00+00:00,2026-10-05T03:49:21Z,4.194000,4.196000,4.172000,4.180000,4.207000,4.207000,4.172000,4.180000,changed
2024-11-29 19:20:00+00:00,2026-10-05T03:49:21Z,4.172000,4.180000,4.172000,4.178000,4.184000,4.184000,4.172000,4.178000,changed
2024-11-01 13:20:00+00:00,2026-10-05T04:32:12Z,4.235000,4.307000,4.235000,4.305000,4.315000,4.315000,4.223000,4.305000,changed
2024-11-01 14:20:00+00:00,2026-10-05T04:32:12Z,4.275000,4.345000,4.267000,4.331000,4.273000,4.345000,4.259000,4.331000,changed
2024-11-01 15:20:00+00:00,2026-10-05T04:32:12Z,4.329000,4.355000,4.323000,4.341000,4.299000,4.355000,4.295000,4.341000,changed
2024-11-01 16:20:00+00:00,2026-10-05T04:32:12Z,4.347000,4.349000,4.333000,4.345000,4.325000,4.355000,4.325000,4.345000,changed
2024-11-01 17:20:00+00:00,2026-10-05T04:32:12Z,4.343000,4.365000,4.339000,4.357000,4.343000,4.365000,4.333000,4.357000,changed
2024-11-01 18:20:00+00:00,2026-10-05T04:32:12Z,4.355000,4.363000,4.349000,4.361000,4.345000,4.365000,4.345000,4.361000,changed
2024-11-04 14:20:00+00:00,2026-10-05T04:32:12Z,4.293000,4.297000,4.263000,4.263000,4.283000,4.287000,4.263000,4.263000,changed
2024-11-04 15:20:00+00:00,2026-10-05T04:32:12Z,4.281000,4.305000,4.263000,4.303000,4.277000,4.305000,4.263000,4.303000,changed
2024-11-04 16:20:00+00:00,2026-10-05T04:32:12Z,4.275000,4.309000,4.271000,4.293000,4.293000,4.309000,4.293000,4.293000,changed
2024-11-04 17:20:00+00:00,2026-10-05T04:32:12Z,4.301000,4.329000,4.291000,4.323000,4.297000,4.329000,4.291000,4.323000,changed
2024-11-04 18:20:00+00:00,2026-10-05T04:32:12Z,4.297000,4.329000,4.295000,4.309000,4.305000,4.329000,4.305000,4.309000,changed
2024-11-04 19:20:00+00:00,2026-10-05T04:32:12Z,4.325000,4.325000,4.297000,4.309000,4.313000,4.313000,4.297000,4.309000,changed
2024-11-05 14:20:00+00:00,2026-10-05T04:32:12Z,4.325000,4.360000,4.313000,4.353000,4.331000,4.360000,4.313000,4.353000,changed
2024-11-05 15:20:00+00:00,2026-10-05T04:32:12Z,4.339000,4.366000,4.339000,4.362000,4.319000,4.366000,4.313000,4.362000,changed
2024-11-05 16:20:00+00:00,2026-10-05T04:32:12Z,4.356000,4.366000,4.351000,4.356000,4.364000,4.366000,4.351000,4.356000,changed
2024-11-05 17:20:00+00:00,2026-10-05T04:32:12Z,4.357000,4.357000,4.315000,4.315000,4.362000,4.366000,4.315000,4.315000,changed
2024-11-05 18:20:00+00:00,2026-10-05T04:32:12Z,4.351000,4.351000,4.311000,4.317000,4.351000,4.353000,4.311000,4.317000,changed
2024-11-05 19:20:00+00:00,2026-10-05T04:32:12Z,4.313000,4.321000,4.285000,4.289000,4.323000,4.327000,4.285000,4.289000,changed
2024-11-07 14:20:00+00:00,2026-10-05T04:32:12Z,4.426000,4.433000,4.363000,4.373000,4.404000,4.404000,4.363000,4.373000,changed
2024-11-07 15:20:00+00:00,2026-10-05T04:32:12Z,4.390000,4.396000,4.341000,4.365000,4.371000,4.375000,4.341000,4.365000,changed
2024-11-07 16:20:00+00:00,2026-10-05T04:32:12Z,4.363000,4.369000,4.341000,4.357000,4.349000,4.369000,4.345000,4.357000,changed
2024-11-07 17:20:00+00:00,2026-10-05T04:32:12Z,4.365000,4.365000,4.339000,4.349000,4.359000,4.365000,4.339000,4.349000,changed
2024-11-07 19:20:00+00:00,2026-10-05T04:32:12Z,4.347000,4.377000,4.339000,4.341000,4.341000,4.377000,4.341000,4.341000,changed
2024-11-12 14:20:00+00:00,2026-10-05T04:32:12Z,4.390000,4.394000,4.361000,4.375000,4.380000,4.394000,4.361000,4.375000,changed
2024-11-12 15:20:00+00:00,2026-10-05T04:32:12Z,4.369000,4.394000,4.361000,4.394000,4.390000,4.394000,4.361000,4.394000,changed
2024-11-12 16:20:00+00:00,2026-10-05T04:32:12Z,4.388000,4.443000,4.382000,4.437000,4.371000,4.443000,4.367000,4.437000,changed
2024-11-12 17:20:00+00:00,2026-10-05T04:32:12Z,4.412000,4.443000,4.412000,4.433000,4.394000,4.443000,4.394000,4.433000,changed
2024-11-12 18:20:00+00:00,2026-10-05T04:32:12Z,4.433000,4.435000,4.424000,4.429000,4.433000,4.443000,4.424000,4.429000,changed
2024-11-12 19:20:00+00:00,2026-10-05T04:32:12Z,4.426000,4.433000,4.424000,4.432000,4.429000,4.435000,4.424000,4.432000,changed
2024-11-13 15:20:00+00:00,2026-10-05T04:32:12Z,4.396000,4.445000,4.396000,4.426000,4.396000,4.445000,4.396000,4.424000,changed
2024-11-14 14:20:00+00:00,2026-10-05T04:32:12Z,4.443000,4.483000,4.408000,4.418000,4.459000,4.461000,4.408000,4.418000,changed
2024-11-14 15:20:00+00:00,2026-10-05T04:32:12Z,4.420000,4.439000,4.408000,4.412000,4.424000,4.439000,4.412000,4.412000,changed
2024-11-14 16:20:00+00:00,2026-10-05T04:32:12Z,4.420000,4.439000,4.402000,4.402000,4.426000,4.428000,4.402000,4.402000,changed
2024-11-14 17:20:00+00:00,2026-10-05T04:32:12Z,4.408000,4.414000,4.386000,4.404000,4.410000,4.410000,4.386000,4.404000,changed
2024-11-14 19:20:00+00:00,2026-10-05T04:32:12Z,4.408000,4.422000,4.404000,4.418000,4.422000,4.422000,4.412000,4.418000,changed
2024-11-18 14:20:00+00:00,2026-10-05T04:32:12Z,4.487000,4.489000,4.441000,4.463000,4.459000,4.467000,4.441000,4.463000,changed
2024-11-18 15:20:00+00:00,2026-10-05T04:32:12Z,4.453000,4.469000,4.441000,4.447000,4.461000,4.469000,4.441000,4.447000,changed
2024-11-18 16:20:00+00:00,2026-10-05T04:32:12Z,4.459000,4.465000,4.432000,4.432000,4.463000,4.463000,4.432000,4.432000,changed
2024-11-18 17:20:00+00:00,2026-10-05T04:32:12Z,4.449000,4.453000,4.422000,4.424000,4.439000,4.443000,4.422000,4.424000,changed
2024-11-18 18:20:00+00:00,2026-10-05T04:32:12Z,4.430000,4.434000,4.408000,4.418000,4.426000,4.430000,4.408000,4.418000,changed
2024-11-18 19:20:00+00:00,2026-10-05T04:32:12Z,4.410000,4.422000,4.410000,4.414000,4.414000,4.422000,4.412000,4.414000,changed
2024-11-19 14:20:00+00:00,2026-10-05T04:32:12Z,4.341000,4.384000,4.339000,4.379000,4.357000,4.384000,4.337000,4.379000,changed
2024-11-19 15:20:00+00:00,2026-10-05T04:32:12Z,4.382000,4.386000,4.367000,4.379000,4.375000,4.386000,4.367000,4.379000,changed
2024-11-19 16:20:00+00:00,2026-10-05T04:32:12Z,4.373000,4.386000,4.367000,4.371000,4.375000,4.386000,4.367000,4.371000,changed
2024-11-19 17:20:00+00:00,2026-10-05T04:32:12Z,4.375000,4.392000,4.367000,4.381000,4.384000,4.390000,4.367000,4.381000,changed
2024-11-19 18:20:00+00:00,2026-10-05T04:32:12Z,4.384000,4.392000,4.371000,4.381000,4.373000,4.390000,4.371000,4.381000,changed
2024-11-19 19:20:00+00:00,2026-10-05T04:32:12Z,4.375000,4.384000,4.373000,4.379000,4.382000,4.384000,4.371000,4.379000,changed
2024-11-21 14:20:00+00:00,2026-10-05T04:32:12Z,4.418000,4.422000,4.377000,4.384000,4.392000,4.414000,4.377000,4.384000,changed
2024-11-21 15:20:00+00:00,2026-10-05T04:32:12Z,4.402000,4.414000,4.377000,4.412000,4.386000,4.414000,4.377000,4.412000,changed
2024-11-21 16:20:00+00:00,2026-10-05T04:32:12Z,4.384000,4.426000,4.384000,4.418000,4.404000,4.426000,4.400000,4.418000,changed
2024-11-21 17:20:00+00:00,2026-10-05T04:32:12Z,4.408000,4.426000,4.408000,4.414000,4.422000,4.426000,4.408000,4.414000,changed
2024-11-21 18:20:00+00:00,2026-10-05T04:32:12Z,4.418000,4.434000,4.408000,4.430000,4.414000,4.434000,4.412000,4.430000,changed
2024-11-21 19:20:00+00:00,2026-10-05T04:32:12Z,4.420000,4.438000,4.420000,4.432000,4.426000,4.438000,4.426000,4.432000,changed
2024-11-25 14:20:00+00:00,2026-10-05T04:32:12Z,4.322000,4.332000,4.289000,4.296000,4.320000,4.322000,4.289000,4.296000,changed
2024-11-25 15:20:00+00:00,2026-10-05T04:32:12Z,4.291000,4.304000,4.283000,4.298000,4.295000,4.304000,4.283000,4.298000,changed
2024-11-25 16:20:00+00:00,2026-10-05T04:32:12Z,4.293000,4.308000,4.283000,4.296000,4.293000,4.308000,4.293000,4.296000,changed
2024-11-25 17:20:00+00:00,2026-10-05T04:32:12Z,4.295000,4.308000,4.279000,4.281000,4.296000,4.304000,4.279000,4.281000,changed
2024-11-25 18:20:00+00:00,2026-10-05T04:32:12Z,4.298000,4.304000,4.263000,4.271000,4.300000,4.300000,4.263000,4.271000,changed
2024-11-25 19:20:00+00:00,2026-10-05T04:32:12Z,4.277000,4.279000,4.261000,4.265000,4.265000,4.273000,4.261000,4.265000,changed
2024-11-26 14:20:00+00:00,2026-10-05T04:32:12Z,4.293000,4.314000,4.291000,4.310000,4.293000,4.314000,4.281000,4.310000,changed
2024-11-26 15:20:00+00:00,2026-10-05T04:32:12Z,4.300000,4.324000,4.298000,4.316000,4.298000,4.324000,4.295000,4.316000,changed
2024-11-26 16:20:00+00:00,2026-10-05T04:32:12Z,4.310000,4.320000,4.306000,4.306000,4.322000,4.324000,4.306000,4.306000,changed
2024-11-26 17:20:00+00:00,2026-10-05T04:32:12Z,4.316000,4.318000,4.300000,4.314000,4.316000,4.320000,4.300000,4.314000,changed
2024-11-26 18:20:00+00:00,2026-10-05T04:32:12Z,4.310000,4.320000,4.306000,4.316000,4.306000,4.320000,4.300000,4.316000,changed
2024-11-26 19:20:00+00:00,2026-10-05T04:32:12Z,4.316000,4.320000,4.302000,4.302000,4.320000,4.320000,4.302000,4.302000,changed
2024-11-27 15:20:00+00:00,2026-10-05T04:32:12Z,4.256000,4.275000,4.254000,4.263000,4.246000,4.275000,4.242000,4.263000,changed
2024-11-27 16:20:00+00:00,2026-10-05T04:32:12Z,4.256000,4.265000,4.232000,4.238000,4.265000,4.269000,4.232000,4.238000,changed
2024-11-27 17:20:00+00:00,2026-10-05T04:32:12Z,4.242000,4.248000,4.230000,4.232000,4.263000,4.263000,4.230000,4.232000,changed
2024-11-27 18:20:00+00:00,2026-10-05T04:32:12Z,4.238000,4.238000,4.227000,4.236000,4.238000,4.240000,4.227000,4.236000,changed
2024-11-27 19:20:00+00:00,2026-10-05T04:32:12Z,4.236000,4.246000,4.232000,4.242000,4.232000,4.246000,4.230000,4.242000,changed
2024-11-29 14:20:00+00:00,2026-10-05T04:32:12Z,4.219000,4.219000,4.196000,4.207000,4.203000,4.207000,4.196000,4.207000,changed
2024-11-29 15:20:00+00:00,2026-10-05T04:32:12Z,4.199000,4.217000,4.196000,4.209000,4.197000,4.217000,4.196000,4.209000,changed
2024-11-29 16:20:00+00:00,2026-10-05T04:32:12Z,4.215000,4.217000,4.201000,4.207000,4.205000,4.217000,4.201000,4.207000,changed
2024-11-29 17:20:00+00:00,2026-10-05T04:32:12Z,4.211000,4.211000,4.188000,4.190000,4.209000,4.211000,4.188000,4.190000,changed
2024-11-29 18:20:00+00:00,2026-10-05T04:32:12Z,4.207000,4.207000,4.172000,4.180000,4.194000,4.196000,4.172000,4.180000,changed
2024-11-29 19:20:00+00:00,2026-10-05T04:32:12Z,4.184000,4.184000,4.172000,4.178000,4.172000,4.180000,4.172000,4.178000,changed
2024-11-01 13:20:00+00:00,2026-10-05T05:08:34Z,4.315000,4.315000,4.223000,4.305000,4.235000,4.307000,4.235000,4.305000,changed
2024-11-01 14:20:00+00:00,2026-10-05T05:08:34Z,4.273000,4.345000,4.259000,4.331000,4.275000,4.345000,4.267000,4.331000,changed
2024-11-01 15:20:00+00:00,2026-10-05T05:08:34Z,4.299000,4.355000,4.295000,4.341000,4.329000,4.355000,4.323000,4.341000,changed
2024-11-01 16:20:00+00:00,2026-10-05T05:08:34Z,4.325000,4.355000,4.325000,4.345000,4.347000,4.349000,4.333000,4.345000,changed
2024-11-01 17:20:00+00:00,2026-10-05T05:08:34Z,4.343000,4.365000,4.333000,4.357000,4.343000,4.365000,4.339000,4.357000,changed
2024-11-01 18:20:00+00:00,2026-10-05T05:08:34Z,4.345000,4.365000,4.345000,4.361000,4.355000,4.363000,4.349000,4.361000,changed
2024-11-04 14:20:00+00:00,2026-10-05T05:08:34Z,4.283000,4.287000,4.263000,4.263000,4.293000,4.297000,4.263000,4.263000,changed
2024-11-04 15:20:00+00:00,2026-10-05T05:08:34Z,4.277000,4.305000,4.263000,4.303000,4.281000,4.305000,4.263000,4.303000,changed
2024-11-04 16:20:00+00:00,2026-10-05T05:08:34Z,4.293000,4.309000,4.293000,4.293000,4.275000,4.309000,4.271000,4.293000,changed
2024-11-04 17:20:00+00:00,2026-10-05T05:08:34Z,4.297000,4.329000,4.291000,4.323000,4.301000,4.329000,4.291000,4.323000,changed
2024-11-04 18:20:00+00:00,2026-10-05T05:08:34Z,4.305000,4.329000,4.305000,4.309000,4.297000,4.329000,4.295000,4.309000,changed
2024-11-04 19:20:00+00:00,2026-10-05T05:08:34Z,4.313000,4.313000,4.297000,4.309000,4.325000,4.325000,4.297000,4.309000,changed
2024-11-05 14:20:00+00:00,2026-10-05T05:08:34Z,4.331000,4.360000,4.313000,4.353000,4.325000,4.360000,4.313000,4.353000,changed
2024-11-05 15:20:00+00:00,2026-10-05T05:08:34Z,4.319000,4.366000,4.313000,4.362000,4.339000,4.366000,4.339000,4.362000,changed
2024-11-05 16:20:00+00:00,2026-10-05T05:08:34Z,4.364000,4.366000,4.351000,4.356000,4.356000,4.366000,4.351000,4.356000,changed
2024-11-05 17:20:00+00:00,2026-10-05T05:08:34Z,4.362000,4.366000,4.315000,4.315000,4.357000,4.357000,4.315000,4.315000,changed
2024-11-05 18:20:00+00:00,2026-10-05T05:08:34Z,4.351000,4.353000,4.311000,4.317000,4.351000,4.351000,4.311000,4.317000,changed
2024-11-05 19:20:00+00:00,2026-10-05T05:08:34Z,4.323000,4.327000,4.285000,4.289000,4.313000,4.321000,4.285000,4.289000,changed
2024-11-07 14:20:00+00:00,2026-10-05T05:08:34Z,4.404000,4.404000,4.363000,4.373000,4.426000,4.433000,4.363000,4.373000,changed
2024-11-07 15:20:00+00:00,2026-10-05T05:08:34Z,4.371000,4.375000,4.341000,4.365000,4.390000,4.396000,4.341000,4.365000,changed
2024-11-07 16:20:00+00:00,2026-10-05T05:08:34Z,4.349000,4.369000,4.345000,4.357000,4.363000,4.369000,4.341000,4.357000,changed
2024-11-07 17:20:00+00:00,2026-10-05T05:08:34Z,4.359000,4.365000,4.339000,4.349000,4.365000,4.365000,4.339000,4.349000,changed
2024-11-07 19:20:00+00:00,2026-10-05T05:08:34Z,4.341000,4.377000,4.341000,4.341000,4.347000,4.377000,4.339000,4.341000,changed
2024-11-12 14:20:00+00:00,2026-10-05T05:08:34Z,4.380000,4.394000,4.361000,4.375000,4.390000,4.394000,4.361000,4.375000,changed
2024-11-12 15:20:00+00:00,2026-10-05T05:08:34Z,4.390000,4.394000,4.361000,4.394000,4.369000,4.394000,4.361000,4.394000,changed
2024-11-12 16:20:00+00:00,2026-10-05T05:08:34Z,4.371000,4.443000,4.367000,4.437000,4.388000,4.443000,4.382000,4.437000,changed
2024-11-12 17:20:00+00:00,2026-10-05T05:08:34Z,4.394000,4.443000,4.394000,4.433000,4.412000,4.443000,4.412000,4.433000,changed
2024-11-12 18:20:00+00:00,2026-10-05T05:08:34Z,4.433000,4.443000,4.424000,4.429000,4.433000,4.435000,4.424000,4.429000,changed
2024-11-12 19:20:00+00:00,2026-10-05T05:08:34Z,4.429000,4.435000,4.424000,4.432000,4.426000,4.433000,4.424000,4.432000,changed
2024-11-13 15:20:00+00:00,2026-10-05T05:08:34Z,4.396000,4.445000,4.396000,4.424000,4.396000,4.445000,4.396000,4.426000,changed
2024-11-14 14:20:00+00:00,2026-10-05T05:08:34Z,4.459000,4.461000,4.408000,4.418000,4.443000,4.483000,4.408000,4.418000,changed
2024-11-14 15:20:00+00:00,2026-10-05T05:08:34Z,4.424000,4.439000,4.412000,4.412000,4.420000,4.439000,4.408000,4.412000,changed
2024-11-14 16:20:00+00:00,2026-10-05T05:08:34Z,4.426000,4.428000,4.402000,4.402000,4.420000,4.439000,4.402000,4.402000,changed
2024-11-14 17:20:00+00:00,2026-10-05T05:08:34Z,4.410000,4.410000,4.386000,4.404000,4.408000,4.414000,4.386000,4.404000,changed
2024-11-14 19:20:00+00:00,2026-10-05T05:08:34Z,4.422000,4.422000,4.412000,4.418000,4.408000,4.422000,4.404000,4.418000,changed
2024-11-18 14:20:00+00:00,2026-10-05T05:08:34Z,4.459000,4.467000,4.441000,4.463000,4.487000,4.489000,4.441000,4.463000,changed
2024-11-18 15:20:00+00:00,2026-10-05T05:08:34Z,4.461000,4.469000,4.441000,4.447000,4.453000,4.469000,4.441000,4.447000,changed
2024-11-18 16:20:00+00:00,2026-10-05T05:08:34Z,4.463000,4.463000,4.432000,4.432000,4.459000,4.465000,4.432000,4.432000,changed
2024-11-18 17:20:00+00:00,2026-10-05T05:08:34Z,4.439000,4.443000,4.422000,4.424000,4.449000,4.453000,4.422000,4.424000,changed
2024-11-18 18:20:00+00:00,2026-10-05T05:08:34Z,4.426000,4.430000,4.408000,4.418000,4.430000,4.434000,4.408000,4.418000,changed
2024-11-18 19:20:00+00:00,2026-10-05T05:08:34Z,4.414000,4.422000,4.412000,4.414000,4.410000,4.422000,4.410000,4.414000,changed
2024-11-19 14:20:00+00:00,2026-10-05T05:08:34Z,4.357000,4.384000,4.337000,4.379000,4.341000,4.384000,4.339000,4.379000,changed
2024-11-19 15:20:00+00:00,2026-10-05T05:08:34Z,4.375000,4.386000,4.367000,4.379000,4.382000,4.386000,4.367000,4.379000,changed
2024-11-19 16:20:00+00:00,2026-10-05T05:08:34Z,4.375000,4.386000,4.367000,4.371000,4.373000,4.386000,4.367000,4.371000,changed
2024-11-19 17:20:00+00:00,2026-10-05T05:08:34Z,4.384000,4.390000,4.367000,4.381000,4.375000,4.392000,4.367000,4.381000,changed
2024-11-19 18:20:00+00:00,2026-10-05T05:08:34Z,4.373000,4.390000,4.371000,4.381000,4.384000,4.392000,4.371000,4.381000,changed
2024-11-19 19:20:00+00:00,2026-10-05T05:08:34Z,4.382000,4.384000,4.371000,4.379000,4.375000,4.384000,4.373000,4.379000,changed
2024-11-21 14:20:00+00:00,2026-10-05T05:08:34Z,4.392000,4.414000,4.377000,4.384000,4.418000,4.422000,4.377000,4.384000,changed
2024-11-21 15:20:00+00:00,2026-10-05T05:08:34Z,4.386000,4.414000,4.377000,4.412000,4.402000,4.414000,4.377000,4.412000,changed
2024-11-21 16:20:00+00:00,2026-10-05T05:08:34Z,4.404000,4.426000,4.400000,4.418000,4.384000,4.426000,4.384000,4.418000,changed
2024-11-21 17:20:00+00:00,2026-10-05T05:08:34Z,4.422000,4.426000,4.408000,4.414000,4.408000,4.426000,4.408000,4.414000,changed
2024-11-21 18:20:00+00:00,2026-10-05T05:08:34Z,4.414000,4.434000,4.412000,4.430000,4.418000,4.434000,4.408000,4.430000,changed
2024-11-21 19:20:00+00:00,2026-10-05T05:08:34Z,4.426000,4.438000,4.426000,4.432000,4.420000,4.438000,4.420000,4.432000,changed
2024-11-25 14:20:00+00:00,2026-10-05T05:08:34Z,4.320000,4.322000,4.289000,4.296000,4.322000,4.332000,4.289000,4.296000,changed
2024-11-25 15:20:00+00:00,2026-10-05T05:08:34Z,4.295000,4.304000,4.283000,4.298000,4.291000,4.304000,4.283000,4.298000,changed
2024-11-25 16:20:00+00:00,2026-10-05T05:08:34Z,4.293000,4.308000,4.293000,4.296000,4.293000,4.308000,4.283000,4.296000,changed
2024-11-25 17:20:00+00:00,2026-10-05T05:08:34Z,4.296000,4.304000,4.279000,4.281000,4.295000,4.308000,4.279000,4.281000,changed
2024-11-25 18:20:00+00:00,2026-10-05T05:08:34Z,4.300000,4.300000,4.263000,4.271000,4.298000,4.304000,4.263000,4.271000,changed
2024-11-25 19:20:00+00:00,2026-10-05T05:08:34Z,4.265000,4.273000,4.261000,4.265000,4.277000,4.279000,4.261000,4.265000,changed
2024-11-26 14:20:00+00:00,2026-10-05T05:08:34Z,4.293000,4.314000,4.281000,4.310000,4.293000,4.314000,4.291000,4.310000,changed
2024-11-26 15:20:00+00:00,2026-10-05T05:08:34Z,4.298000,4.324000,4.295000,4.316000,4.300000,4.324000,4.298000,4.316000,changed
2024-11-26 16:20:00+00:00,2026-10-05T05:08:34Z,4.322000,4.324000,4.306000,4.306000,4.310000,4.320000,4.306000,4.306000,changed
2024-11-26 17:20:00+00:00,2026-10-05T05:08:34Z,4.316000,4.320000,4.300000,4.314000,4.316000,4.318000,4.300000,4.314000,changed
2024-11-26 18:20:00+00:00,2026-10-05T05:08:34Z,4.306000,4.320000,4.300000,4.316000,4.310000,4.320000,4.306000,4.316000,changed
2024-11-26 19:20:00+00:00,2026-10-05T05:08:34Z,4.320000,4.320000,4.302000,4.302000,4.316000,4.320000,4.302000,4.302000,changed
2024-11-27 15:20:00+00:00,2026-10-05T05:08:34Z,4.246000,4.275000,4.242000,4.263000,4.256000,4.275000,4.254000,4.263000,changed
2024-11-27 16:20:00+00:00,2026-10-05T05:08:34Z,4.265000,4.269000,4.232000,4.238000,4.256000,4.265000,4.232000,4.238000,changed
2024-11-27 17:20:00+00:00,2026-10-05T05:08:34Z,4.263000,4.263000,4.230000,4.232000,4.242000,4.248000,4.230000,4.232000,changed
2024-11-27 18:20:00+00:00,2026-10-05T05:08:34Z,4.238000,4.240000,4.227000,4.236000,4.238000,4.238000,4.227000,4.236000,changed
2024-11-27 19:20:00+00:00,2026-10-05T05:08:34Z,4.232000,4.246000,4.230000,4.242000,4.236000,4.246000,4.232000,4.242000,changed
2024-11-29 14:20:00+00:00,2026-10-05T05:08:34Z,4.203000,4.207000,4.196000,4.207000,4.219000,4.219000,4.196000,4.207000,changed
2024-11-29 15:20:00+00:00,2026-10-05T05:08:34Z,4.197000,4.217000,4.196000,4.209000,4.199000,4.217000,4.196000,4.209000,changed
2024-11-29 16:20:00+00:00,2026-10-05T05:08:34Z,4.205000,4.217000,4.201000,4.207000,4.215000,4.217000,4.201000,4.207000,changed
2024-11-29 17:20:00+00:00,2026-10-05T05:08:34Z,4.209000,4.211000,4.188000,4.190000,4.211000,4.211000,4.188000,4.190000,changed
2024-11-29 18:20:00+00:00,2026-10-05T05:08:34Z,4.194000,4.196000,4.172000,4.180000,4.207000,4.207000,4.172000,4.180000,changed
2024-11-29 19:20:00+00:00,2026-10-05T05:08:34Z,4.172000,4.180000,4.172000,4.178000,4.184000,4.184000,4.172000,4.178000,changed
2024-11-01 13:20:00+00:00,2026-10-05T07:33:41Z,4.235000,4.307000,4.235000,4.305000,4.315000,4.315000,4.223000,4.305000,changed
2024-11-01 14:20:00+00:00,2026-10-05T07:33:41Z,4.275000,4.345000,4.267000,4.331000,4.273000,4.345000,4.259000,4.331000,changed
2024-11-01 15:20:00+00:00,2026-10-05T07:33:41Z,4.329000,4.355000,4.323000,4.341000,4.299000,4.355000,4.295000,4.341000,changed
2024-11-01 16:20:00+00:00,2026-10-05T07:33:41Z,4.347000,4.349000,4.333000,4.345000,4.325000,4.355000,4.325000,4.345000,changed
2024-11-01 17:20:00+00:00,2026-10-05T07:33:41Z,4.343000,4.365000,4.339000,4.357000,4.343000,4.365000,4.333000,4.357000,changed
2024-11-01 18:20:00+00:00,2026-10-05T07:33:41Z,4.355000,4.363000,4.349000,4.361000,4.345000,4.365000,4.345000,4.361000,changed
2024-11-04 14:20:00+00:00,2026-10-05T07:33:41Z,4.293000,4.297000,4.263000,4.263000,4.283000,4.287000,4.263000,4.263000,changed
2024-11-04 15:20:00+00:00,2026-10-05T07:33:41Z,4.281000,4.305000,4.263000,4.303000,4.277000,4.305000,4.263000,4.303000,changed
2024-11-04 16:20:00+00:00,2026-10-05T07:33:41Z,4.275000,4.309000,4.271000,4.293000,4.293000,4.309000,4.293000,4.293000,changed
2024-11-04 17:20:00+00:00,2026-10-05T07:33:41Z,4.301000,4.329000,4.291000,4.323000,4.297000,4.329000,4.291000,4.323000,changed
2024-11-04 18:20:00+00:00,2026-10-05T07:33:41Z,4.297000,4.329000,4.295000,4.309000,4.305000,4.329000,4.305000,4.309000,changed
2024-11-04 19:20:00+00:00,2026-10-05T07:33:41Z,4.325000,4.325000,4.297000,4.309000,4.313000,4.313000,4.297000,4.309000,changed
2024-11-05 14:20:00+00:00,2026-10-05T07:33:41Z,4.325000,4.360000,4.313000,4.353000,4.331000,4.360000,4.313000,4.353000,changed
2024-11-05 15:20:00+00:00,2026-10-05T07:33:41Z,4.339000,4.366000,4.339000,4.362000,4.319000,4.366000,4.313000,4.362000,changed
2024-11-05 16:20:00+00:00,2026-10-05T07:33:41Z,4.356000,4.366000,4.351000,4.356000,4.364000,4.366000,4.351000,4.356000,changed
2024-11-05 17:20:00+00:00,2026-10-05T07:33:41Z,4.357000,4.357000,4.315000,4.315000,4.362000,4.366000,4.315000,4.315000,changed
2024-11-05 18:20:00+00:00,2026-10-05T07:33:41Z,4.351000,4.351000,4.311000,4.317000,4.351000,4.353000,4.311000,4.317000,changed
2024-11-05 19:20:00+00:00,2026-10-05T07:33:41Z,4.313000,4.321000,4.285000,4.289000,4.323000,4.327000,4.285000,4.289000,changed
2024-11-07 14:20:00+00:00,2026-10-05T07:33:41Z,4.426000,4.433000,4.363000,4.373000,4.404000,4.404000,4.363000,4.373000,changed
2024-11-07 15:20:00+00:00,2026-10-05T07:33:41Z,4.390000,4.396000,4.341000,4.365000,4.371000,4.375000,4.341000,4.365000,changed
2024-11-07 16:20:00+00:00,2026-10-05T07:33:41Z,4.363000,4.369000,4.341000,4.357000,4.349000,4.369000,4.345000,4.357000,changed
2024-11-07 17:20:00+00:00,2026-10-05T07:33:41Z,4.365000,4.365000,4.339000,4.349000,4.359000,4.365000,4.339000,4.349000,changed
2024-11-07 19:20:00+00:00,2026-10-05T07:33:41Z,4.347000,4.377000,4.339000,4.341000,4.341000,4.377000,4.341000,4.341000,changed
2024-11-12 14:20:00+00:00,2026-10-05T07:33:41Z,4.390000,4.394000,4.361000,4.375000,4.380000,4.394000,4.361000,4.375000,changed
2024-11-12 15:20:00+00:00,2026-10-05T07:33:41Z,4.369000,4.394000,4.361000,4.394000,4.390000,4.394000,4.361000,4.394000,changed
2024-11-12 16:20:00+00:00,2026-10-05T07:33:41Z,4.388000,4.443000,4.382000,4.437000,4.371000,4.443000,4.367000,4.437000,changed
2024-11-12 17:20:00+00:00,2026-10-05T07:33:41Z,4.412000,4.443000,4.412000,4.433000,4.394000,4.443000,4.394000,4.433000,changed
2024-11-12 18:20:00+00:00,2026-10-05T07:33:41Z,4.433000,4.435000,4.424000,4.429000,4.433000,4.443000,4.424000,4.429000,changed
2024-11-12 19:20:00+00:00,2026-10-05T07:33:41Z,4.426000,4.433000,4.424000,4.432000,4.429000,4.435000,4.424000,4.432000,changed
2024-11-13 15:20:00+00:00,2026-10-05T07:33:41Z,4.396000,4.445000,4.396000,4.426000,4.396000,4.445000,4.396000,4.424000,changed
2024-11-14 14:20:00+00:00,2026-10-05T07:33:41Z,4.443000,4.483000,4.408000,4.418000,4.459000,4.461000,4.408000,4.418000,changed
2024-11-14 15:20:00+00:00,2026-10-05T07:33:41Z,4.420000,4.439000,4.408000,4.412000,4.424000,4.439000,4.412000,4.412000,changed
2024-11-14 16:20:00+00:00,2026-10-05T07:33:41Z,4.420000,4.439000,4.402000,4.402000,4.426000,4.428000,4.402000,4.402000,changed
2024-11-14 17:20:00+00:00,2026-10-05T07:33:41Z,4.408000,4.414000,4.386000,4.404000,4.410000,4.410000,4.386000,4.404000,changed
2024-11-14 19:20:00+00:00,2026-10-05T07:33:41Z,4.408000,4.422000,4.404000,4.418000,4.422000,4.422000,4.412000,4.418000,changed
2024-11-18 14:20:00+00:00,2026-10-05T07:33:41Z,4.487000,4.489000,4.441000,4.463000,4.459000,4.467000,4.441000,4.463000,changed
2024-11-18 15:20:00+00:00,2026-10-05T07:33:41Z,4.453000,4.469000,4.441000,4.447000,4.461000,4.469000,4.441000,4.447000,changed
2024-11-18 16:20:00+00:00,2026-10-05T07:33:41Z,4.459000,4.465000,4.432000,4.432000,4.463000,4.463000,4.432000,4.432000,changed
2024-11-18 17:20:00+00:00,2026-10-05T07:33:41Z,4.449000,4.453000,4.422000,4.424000,4.439000,4.443000,4.422000,4.424000,changed
2024-11-18 18:20:00+00:00,2026-10-05T07:33:41Z,4.430000,4.434000,4.408000,4.418000,4.426000,4.430000,4.408000,4.418000,changed
2024-11-18 19:20:00+00:00,2026-10-05T07:33:41Z,4.410000,4.422000,4.410000,4.414000,4.414000,4.422000,4.412000,4.414000,changed
2024-11-19 14:20:00+00:00,2026-10-05T07:33:41Z,4.341000,4.384000,4.339000,4.379000,4.357000,4.384000,4.337000,4.379000,changed
2024-11-19 15:20:00+00:00,2026-10-05T07:33:41Z,4.382000,4.386000,4.367000,4.379000,4.375000,4.386000,4.367000,4.379000,changed
2024-11-19 16:20:00+00:00,2026-10-05T07:33:41Z,4.373000,4.386000,4.367000,4.371000,4.375000,4.386000,4.367000,4.371000,changed
2024-11-19 17:20:00+00:00,2026-10-05T07:33:41Z,4.375000,4.392000,4.367000,4.381000,4.384000,4.390000,4.367000,4.381000,changed
2024-11-19 18:20:00+00:00,2026-10-05T07:33:41Z,4.384000,4.392000,4.371000,4.381000,4.373000,4.390000,4.371000,4.381000,changed
2024-11-19 19:20:00+00:00,2026-10-05T07:33:41Z,4.375000,4.384000,4.373000,4.379000,4.382000,4.384000,4.371000,4.379000,changed
2024-11-21 14:20:00+00:00,2026-10-05T07:33:41Z,4.418000,4.422000,4.377000,4.384000,4.392000,4.414000,4.377000,4.384000,changed
2024-11-21 15:20:00+00:00,2026-10-05T07:33:41Z,4.402000,4.414000,4.377000,4.412000,4.386000,4.414000,4.377000,4.412000,changed
2024-11-21 16:20:00+00:00,2026-10-05T07:33:41Z,4.384000,4.426000,4.384000,4.418000,4.404000,4.426000,4.400000,4.418000,changed
2024-11-21 17:20:00+00:00,2026-10-05T07:33:41Z,4.408000,4.426000,4.408000,4.414000,4.422000,4.426000,4.408000,4.414000,changed
2024-11-21 18:20:00+00:00,2026-10-05T07:33:41Z,4.418000,4.434000,4.408000,4.430000,4.414000,4.434000,4.412000,4.430000,changed
2024-11-21 19:20:00+00:00,2026-10-05T07:33:41Z,4.420000,4.438000,4.420000,4.432000,4.426000,4.438000,4.426000,4.432000,changed
2024-11-25 14:20:00+00:00,2026-10-05T07:33:41Z,4.322000,4.332000,4.289000,4.296000,4.320000,4.322000,4.289000,4.296000,changed
2024-11-25 15:20:00+00:00,2026-10-05T07:33:41Z,4.291000,4.304000,4.283000,4.298000,4.295000,4.304000,4.283000,4.298000,changed
2024-11-25 16:20:00+00:00,2026-10-05T07:33:41Z,4.293000,4.308000,4.283000,4.296000,4.293000,4.308000,4.293000,4.296000,changed
2024-11-25 17:20:00+00:00,2026-10-05T07:33:41Z,4.295000,4.308000,4.279000,4.281000,4.296000,4.304000,4.279000,4.281000,changed
2024-11-25 18:20:00+00:00,2026-10-05T07:33:41Z,4.298000,4.304000,4.263000,4.271000,4.300000,4.300000,4.263000,4.271000,changed
2024-11-25 19:20:00+00:00,2026-10-05T07:33:41Z,4.277000,4.279000,4.261000,4.265000,4.265000,4.273000,4.261000,4.265000,changed
2024-11-26 14:20:00+00:00,2026-10-05T07:33:41Z,4.293000,4.314000,4.291000,4.310000,4.293000,4.314000,4.281000,4.310000,changed
2024-11-26 15:20:00+00:00,2026-10-05T07:33:41Z,4.300000,4.324000,4.298000,4.316000,4.298000,4.324000,4.295000,4.316000,changed
2024-11-26 16:20:00+00:00,2026-10-05T07:33:41Z,4.310000,4.320000,4.306000,4.306000,4.322000,4.324000,4.306000,4.306000,changed
2024-11-26 17:20:00+00:00,2026-10-05T07:33:41Z,4.316000,4.318000,4.300000,4.314000,4.316000,4.320000,4.300000,4.314000,changed
2024-11-26 18:20:00+00:00,2026-10-05T07:33:41Z,4.310000,4.320000,4.306000,4.316000,4.306000,4.320000,4.300000,4.316000,changed
2024-11-26 19:20:00+00:00,2026-10-05T07:33:41Z,4.316000,4.320000,4.302000,4.302000,4.320000,4.320000,4.302000,4.302000,changed
2024-11-27 15:20:00+00:00,2026-10-05T07:33:41Z,4.256000,4.275000,4.254000,4.263000,4.246000,4.275000,4.242000,4.263000,changed
2024-11-27 16:20:00+00:00,2026-10-05T07:33:41Z,4.256000,4.265000,4.232000,4.238000,4.265000,4.269000,4.232000,4.238000,changed
2024-11-27 17:20:00+00:00,2026-10-05T07:33:41Z,4.242000,4.248000,4.230000,4.232000,4.263000,4.263000,4.230000,4.232000,changed
2024-11-27 18:20:00+00:00,2026-10-05T07:33:41Z,4.238000,4.238000,4.227000,4.236000,4.238000,4.240000,4.227000,4.236000,changed
2024-11-27 19:20:00+00:00,2026-10-05T07:33:41Z,4.236000,4.246000,4.232000,4.242000,4.232000,4.246000,4.230000,4.242000,changed
2024-11-29 14:20:00+00:00,2026-10-05T07:33:41Z,4.219000,4.219000,4.196000,4.207000,4.203000,4.207000,4.196000,4.207000,changed
2024-11-29 15:20:00+00:00,2026-10-05T07:33:41Z,4.199000,4.217000,4.196000,4.209000,4.197000,4.217000,4.196000,4.209000,changed
2024-11-29 16:20:00+00:00,2026-10-05T07:33:41Z,4.215000,4.217000,4.201000,4.207000,4.205000,4.217000,4.201000,4.207000,changed
2024-11-29 17:20:00+00:00,2026-10-05T07:33:41Z,4.211000,4.211000,4.188000,4.190000,4.209000,4.211000,4.188000,4.190000,changed
2024-11-29 18:20:00+00:00,2026-10-05T07:33:41Z,4.207000,4.207000,4.172000,4.180000,4.194000,4.196000,4.172000,4.180000,changed
2024-11-29 19:20:00+00:00,2026-10-05T07:33:41Z,4.184000,4.184000,4.172000,4.178000,4.172000,4.180000,4.172000,4.178000,changed
2024-11-01 13:20:00+00:00,2026-10-05T08:34:57Z,4.315000,4.315000,4.223000,4.305000,4.235000,4.307000,4.235000,4.305000,changed
2024-11-01 14:20:00+00:00,2026-10-05T08:34:57Z,4.273000,4.345000,4.259000,4.331000,4.275000,4.345000,4.267000,4.331000,changed
2024-11-01 15:20:00+00:00,2026-10-05T08:34:57Z,4.299000,4.355000,4.295000,4.341000,4.329000,4.355000,4.323000,4.341000,changed
2024-11-01 16:20:00+00:00,2026-10-05T08:34:57Z,4.325000,4.355000,4.325000,4.345000,4.347000,4.349000,4.333000,4.345000,changed
2024-11-01 17:20:00+00:00,2026-10-05T08:34:57Z,4.343000,4.365000,4.333000,4.357000,4.343000,4.365000,4.339000,4.357000,changed
2024-11-01 18:20:00+00:00,2026-10-05T08:34:57Z,4.345000,4.365000,4.345000,4.361000,4.355000,4.363000,4.349000,4.361000,changed
2024-11-04 14:20:00+00:00,2026-10-05T08:34:57Z,4.283000,4.287000,4.263000,4.263000,4.293000,4.297000,4.263000,4.263000,changed
2024-11-04 15:20:00+00:00,2026-10-05T08:34:57Z,4.277000,4.305000,4.263000,4.303000,4.281000,4.305000,4.263000,4.303000,changed
2024-11-04 16:20:00+00:00,2026-10-05T08:34:57Z,4.293000,4.309000,4.293000,4.293000,4.275000,4.309000,4.271000,4.293000,changed
2024-11-04 17:20:00+00:00,2026-10-05T08:34:57Z,4.297000,4.329000,4.291000,4.323000,4.301000,4.329000,4.291000,4.323000,changed
2024-11-04 18:20:00+00:00,2026-10-05T08:34:57Z,4.305000,4.329000,4.305000,4.309000,4.297000,4.329000,4.295000,4.309000,changed
2024-11-04 19:20:00+00:00,2026-10-05T08:34:57Z,4.313000,4.313000,4.297000,4.309000,4.325000,4.325000,4.297000,4.309000,changed
2024-11-05 14:20:00+00:00,2026-10-05T08:34:57Z,4.331000,4.360000,4.313000,4.353000,4.325000,4.360000,4.313000,4.353000,changed
2024-11-05 15:20:00+00:00,2026-10-05T08:34:57Z,4.319000,4.366000,4.313000,4.362000,4.339000,4.366000,4.339000,4.362000,changed
2024-11-05 16:20:00+00:00,2026-10-05T08:34:57Z,4.364000,4.366000,4.351000,4.356000,4.356000,4.366000,4.351000,4.356000,changed
2024-11-05 17:20:00+00:00,2026-10-05T08:34:57Z,4.362000,4.366000,4.315000,4.315000,4.357000,4.357000,4.315000,4.315000,changed
2024-11-05 18:20:00+00:00,2026-10-05T08:34:57Z,4.351000,4.353000,4.311000,4.317000,4.351000,4.351000,4.311000,4.317000,changed
2024-11-05 19:20:00+00:00,2026-10-05T08:34:57Z,4.323000,4.327000,4.285000,4.289000,4.313000,4.321000,4.285000,4.289000,changed
2024-11-07 14:20:00+00:00,2026-10-05T08:34:57Z,4.404000,4.404000,4.363000,4.373000,4.426000,4.433000,4.363000,4.373000,changed
2024-11-07 15:20:00+00:00,2026-10-05T08:34:57Z,4.371000,4.375000,4.341000,4.365000,4.390000,4.396000,4.341000,4.365000,changed
2024-11-07 16:20:00+00:00,2026-10-05T08:34:57Z,4.349000,4.369000,4.345000,4.357000,4.363000,4.369000,4.341000,4.357000,changed
2024-11-07 17:20:00+00:00,2026-10-05T08:34:57Z,4.359000,4.365000,4.339000,4.349000,4.365000,4.365000,4.339000,4.349000,changed
2024-11-07 19:20:00+00:00,2026-10-05T08:34:57Z,4.341000,4.377000,4.341000,4.341000,4.347000,4.377000,4.339000,4.341000,changed
2024-11-12 14:20:00+00:00,2026-10-05T08:34:57Z,4.380000,4.394000,4.361000,4.375000,4.390000,4.394000,4.361000,4.375000,changed
2024-11-12 15:20:00+00:00,2026-10-05T08:34:57Z,4.390000,4.394000,4.361000,4.394000,4.369000,4.394000,4.361000,4.394000,changed
2024-11-12 16:20:00+00:00,2026-10-05T08:34:57Z,4.371000,4.443000,4.367000,4.437000,4.388000,4.443000,4.382000,4.437000,changed
2024-11-12 17:20:00+00:00,2026-10-05T08:34:57Z,4.394000,4.443000,4.394000,4.433000,4.412000,4.443000,4.412000,4.433000,changed
2024-11-12 18:20:00+00:00,2026-10-05T08:34:57Z,4.433000,4.443000,4.424000,4.429000,4.433000,4.435000,4.424000,4.429000,changed
2024-11-12 19:20:00+00:00,2026-10-05T08:34:57Z,4.429000,4.435000,4.424000,4.432000,4.426000,4.433000,4.424000,4.432000,changed
2024-11-13 15:20:00+00:00,2026-10-05T08:34:57Z,4.396000,4.445000,4.396000,4.424000,4.396000,4.445000,4.396000,4.426000,changed
2024-11-14 14:20:00+00:00,2026-10-05T08:34:57Z,4.459000,4.461000,4.408000,4.418000,4.443000,4.483000,4.408000,4.418000,changed
2024-11-14 15:20:00+00:00,2026-10-05T08:34:57Z,4.424000,4.439000,4.412000,4.412000,4.420000,4.439000,4.408000,4.412000,changed
2024-11-14 16:20:00+00:00,2026-10-05T08:34:57Z,4.426000,4.428000,4.402000,4.402000,4.420000,4.439000,4.402000,4.402000,changed
2024-11-14 17:20:00+00:00,2026-10-05T08:34:57Z,4.410000,4.410000,4.386000,4.404000,4.408000,4.414000,4.386000,4.404000,changed
2024-11-14 19:20:00+00:00,2026-10-05T08:34:57Z,4.422000,4.422000,4.412000,4.418000,4.408000,4.422000,4.404000,4.418000,changed
2024-11-18 14:20:00+00:00,2026-10-05T08:34:57Z,4.459000,4.467000,4.441000,4.463000,4.487000,4.489000,4.441000,4.463000,changed
2024-11-18 15:20:00+00:00,2026-10-05T08:34:57Z,4.461000,4.469000,4.441000,4.447000,4.453000,4.469000,4.441000,4.447000,changed
2024-11-18 16:20:00+00:00,2026-10-05T08:34:57Z,4.463000,4.463000,4.432000,4.432000,4.459000,4.465000,4.432000,4.432000,changed
2024-11-18 17:20:00+00:00,2026-10-05T08:34:57Z,4.439000,4.443000,4.422000,4.424000,4.449000,4.453000,4.422000,4.424000,changed
2024-11-18 18:20:00+00:00,2026-10-05T08:34:57Z,4.426000,4.430000,4.408000,4.418000,4.430000,4.434000,4.408000,4.418000,changed
2024-11-18 19:20:00+00:00,2026-10-05T08:34:57Z,4.414000,4.422000,4.412000,4.414000,4.410000,4.422000,4.410000,4.414000,changed
2024-11-19 14:20:00+00:00,2026-10-05T08:34:57Z,4.357000,4.384000,4.337000,4.379000,4.341000,4.384000,4.339000,4.379000,changed
2024-11-19 15:20:00+00:00,2026-10-05T08:34:57Z,4.375000,4.386000,4.367000,4.379000,4.382000,4.386000,4.367000,4.379000,changed
2024-11-19 16:20:00+00:00,2026-10-05T08:34:57Z,4.375000,4.386000,4.367000,4.371000,4.373000,4.386000,4.367000,4.371000,changed
2024-11-19 17:20:00+00:00,2026-10-05T08:34:57Z,4.384000,4.390000,4.367000,4.381000,4.375000,4.392000,4.367000,4.381000,changed
2024-11-19 18:20:00+00:00,2026-10-05T08:34:57Z,4.373000,4.390000,4.371000,4.381000,4.384000,4.392000,4.371000,4.381000,changed
2024-11-19 19:20:00+00:00,2026-10-05T08:34:57Z,4.382000,4.384000,4.371000,4.379000,4.375000,4.384000,4.373000,4.379000,changed
2024-11-21 14:20:00+00:00,2026-10-05T08:34:57Z,4.392000,4.414000,4.377000,4.384000,4.418000,4.422000,4.377000,4.384000,changed
2024-11-21 15:20:00+00:00,2026-10-05T08:34:57Z,4.386000,4.414000,4.377000,4.412000,4.402000,4.414000,4.377000,4.412000,changed
2024-11-21 16:20:00+00:00,2026-10-05T08:34:57Z,4.404000,4.426000,4.400000,4.418000,4.384000,4.426000,4.384000,4.418000,changed
2024-11-21 17:20:00+00:00,2026-10-05T08:34:57Z,4.422000,4.426000,4.408000,4.414000,4.408000,4.426000,4.408000,4.414000,changed
2024-11-21 18:20:00+00:00,2026-10-05T08:34:57Z,4.414000,4.434000,4.412000,4.430000,4.418000,4.434000,4.408000,4.430000,changed
2024-11-21 19:20:00+00:00,2026-10-05T08:34:57Z,4.426000,4.438000,4.426000,4.432000,4.420000,4.438000,4.420000,4.432000,changed
2024-11-25 14:20:00+00:00,2026-10-05T08:34:57Z,4.320000,4.322000,4.289000,4.296000,4.322000,4.332000,4.289000,4.296000,changed
2024-11-25 15:20:00+00:00,2026-10-05T08:34:57Z,4.295000,4.304000,4.283000,4.298000,4.291000,4.304000,4.283000,4.298000,changed
2024-11-25 16:20:00+00:00,2026-10-05T08:34:57Z,4.293000,4.308000,4.293000,4.296000,4.293000,4.308000,4.283000,4.296000,changed
2024-11-25 17:20:00+00:00,2026-10-05T08:34:57Z,4.296000,4.304000,4.279000,4.281000,4.295000,4.308000,4.279000,4.281000,changed
2024-11-25 18:20:00+00:00,2026-10-05T08:34:57Z,4.300000,4.300000,4.263000,4.271000,4.298000,4.304000,4.263000,4.271000,changed
2024-11-25 19:20:00+00:00,2026-10-05T08:34:57Z,4.265000,4.273000,4.261000,4.265000,4.277000,4.279000,4.261000,4.265000,changed
2024-11-26 14:20:00+00:00,2026-10-05T08:34:57Z,4.293000,4.314000,4.281000,4.310000,4.293000,4.314000,4.291000,4.310000,changed
2024-11-26 15:20:00+00:00,2026-10-05T08:34:57Z,4.298000,4.324000,4.295000,4.316000,4.300000,4.324000,4.298000,4.316000,changed
2024-11-26 16:20:00+00:00,2026-10-05T08:34:57Z,4.322000,4.324000,4.306000,4.306000,4.310000,4.320000,4.306000,4.306000,changed
2024-11-26 17:20:00+00:00,2026-10-05T08:34:57Z,4.316000,4.320000,4.300000,4.314000,4.316000,4.318000,4.300000,4.314000,changed
2024-11-26 18:20:00+00:00,2026-10-05T08:34:57Z,4.306000,4.320000,4.300000,4.316000,4.310000,4.320000,4.306000,4.316000,changed
2024-11-26 19:20:00+00:00,2026-10-05T08:34:57Z,4.320000,4.320000,4.302000,4.302000,4.316000,4.320000,4.302000,4.302000,changed
2024-11-27 15:20:00+00:00,2026-10-05T08:34:57Z,4.246000,4.275000,4.242000,4.263000,4.256000,4.275000,4.254000,4.263000,changed
2024-11-27 16:20:00+00:00,2026-10-05T08:34:57Z,4.265000,4.269000,4.232000,4.238000,4.256000,4.265000,4.232000,4.238000,changed
2024-11-27 17:20:00+00:00,2026-10-05T08:34:57Z,4.263000,4.263000,4.230000,4.232000,4.242000,4.248000,4.230000,4.232000,changed
2024-11-27 18:20:00+00:00,2026-10-05T08:34:57Z,4.238000,4.240000,4.227000,4.236000,4.238000,4.238000,4.227000,4.236000,changed
2024-11-27 19:20:00+00:00,2026-10-05T08:34:57Z,4.232000,4.246000,4.230000,4.242000,4.236000,4.246000,4.232000,4.242000,changed
2024-11-29 14:20:00+00:00,2026-10-05T08:34:57Z,4.203000,4.207000,4.196000,4.207000,4.219000,4.219000,4.196000,4.207000,changed
2024-11-29 15:20:00+00:00,2026-10-05T08:34:57Z,4.197000,4.217000,4.196000,4.209000,4.199000,4.217000,4.196000,4.209000,changed
2024-11-29 16:20:00+00:00,2026-10-05T08:34:57Z,4.205000,4.217000,4.201000,4.207000,4.215000,4.217000,4.201000,4.207000,changed
2024-11-29 17:20:00+00:00,2026-10-05T08:34:57Z,4.209000,4.211000,4.188000,4.190000,4.211000,4.211000,4.188000,4.190000,changed
2024-11-29 18:20:00+00:00,2026-10-05T08:34:57Z,4.194000,4.196000,4.172000,4.180000,4.207000,4.207000,4.172000,4.180000,changed
2024-11-29 19:20:00+00:00,2026-10-05T08:34:57Z,4.172000,4.180000,4.172000,4.178000,4.184000,4.184000,4.172000,4.178000,changed
2024-11-01 13:20:00+00:00,2026-10-05T08:52:24Z,4.235000,4.307000,4.235000,4.305000,4.315000,4.315000,4.223000,4.305000,changed
2024-11-01 14:20:00+00:00,2026-10-05T08:52:24Z,4.275000,4.345000,4.267000,4.331000,4.273000,4.345000,4.259000,4.331000,changed
2024-11-01 15:20:00+00:00,2026-10-05T08:52:24Z,4.329000,4.355000,4.323000,4.341000,4.299000,4.355000,4.295000,4.341000,changed
2024-11-01 16:20:00+00:00,2026-10-05T08:52:24Z,4.347000,4.349000,4.333000,4.345000,4.325000,4.355000,4.325000,4.345000,changed
2024-11-01 17:20:00+00:00,2026-10-05T08:52:24Z,4.343000,4.365000,4.339000,4.357000,4.343000,4.365000,4.333000,4.357000,changed
2024-11-01 18:20:00+00:00,2026-10-05T08:52:24Z,4.355000,4.363000,4.349000,4.361000,4.345000,4.365000,4.345000,4.361000,changed
2024-11-04 14:20:00+00:00,2026-10-05T08:52:24Z,4.293000,4.297000,4.263000,4.263000,4.283000,4.287000,4.263000,4.263000,changed
2024-11-04 15:20:00+00:00,2026-10-05T08:52:24Z,4.281000,4.305000,4.263000,4.303000,4.277000,4.305000,4.263000,4.303000,changed
2024-11-04 16:20:00+00:00,2026-10-05T08:52:24Z,4.275000,4.309000,4.271000,4.293000,4.293000,4.309000,4.293000,4.293000,changed
2024-11-04 17:20:00+00:00,2026-10-05T08:52:24Z,4.301000,4.329000,4.291000,4.323000,4.297000,4.329000,4.291000,4.323000,changed
2024-11-04 18:20:00+00:00,2026-10-05T08:52:24Z,4.297000,4.329000,4.295000,4.309000,4.305000,4.329000,4.305000,4.309000,changed
2024-11-04 19:20:00+00:00,2026-10-05T08:52:24Z,4.325000,4.325000,4.297000,4.309000,4.313000,4.313000,4.297000,4.309000,changed
2024-11-05 14:20:00+00:00,2026-10-05T08:52:24Z,4.325000,4.360000,4.313000,4.353000,4.331000,4.360000,4.313000,4.353000,changed
2024-11-05 15:20:00+00:00,2026-10-05T08:52:24Z,4.339000,4.366000,4.339000,4.362000,4.319000,4.366000,4.313000,4.362000,changed
2024-11-05 16:20:00+00:00,2026-10-05T08:52:24Z,4.356000,4.366000,4.351000,4.356000,4.364000,4.366000,4.351000,4.356000,changed
2024-11-05 17:20:00+00:00,2026-10-05T08:52:24Z,4.357000,4.357000,4.315000,4.315000,4.362000,4.366000,4.315000,4.315000,changed
2024-11-05 18:20:00+00:00,2026-10-05T08:52:24Z,4.351000,4.351000,4.311000,4.317000,4.351000,4.353000,4.311000,4.317000,changed
2024-11-05 19:20:00+00:00,2026-10-05T08:52:24Z,4.313000,4.321000,4.285000,4.289000,4.323000,4.327000,4.285000,4.289000,changed
2024-11-07 14:20:00+00:00,2026-10-05T08:52:24Z,4.426000,4.433000,4.363000,4.373000,4.404000,4.404000,4.363000,4.373000,changed
2024-11-07 15:20:00+00:00,2026-10-05T08:52:24Z,4.390000,4.396000,4.341000,4.365000,4.371000,4.375000,4.341000,4.365000,changed
2024-11-07 16:20:00+00:00,2026-10-05T08:52:24Z,4.363000,4.369000,4.341000,4.357000,4.349000,4.369000,4.345000,4.357000,changed
2024-11-07 17:20:00+00:00,2026-10-05T08:52:24Z,4.365000,4.365000,4.339000,4.349000,4.359000,4.365000,4.339000,4.349000,changed
2024-11-07 19:20:00+00:00,2026-10-05T08:52:24Z,4.347000,4.377000,4.339000,4.341000,4.341000,4.377000,4.341000,4.341000,changed
2024-11-12 14:20:00+00:00,2026-10-05T08:52:24Z,4.390000,4.394000,4.361000,4.375000,4.380000,4.394000,4.361000,4.375000,changed
2024-11-12 15:20:00+00:00,2026-10-05T08:52:24Z,4.369000,4.394000,4.361000,4.394000,4.390000,4.394000,4.361000,4.394000,changed
2024-11-12 16:20:00+00:00,2026-10-05T08:52:24Z,4.388000,4.443000,4.382000,4.437000,4.371000,4.443000,4.367000,4.437000,changed
2024-11-12 17:20:00+00:00,2026-10-05T08:52:24Z,4.412000,4.443000,4.412000,4.433000,4.394000,4.443000,4.394000,4.433000,changed
2024-11-12 18:20:00+00:00,2026-10-05T08:52:24Z,4.433000,4.435000,4.424000,4.429000,4.433000,4.443000,4.424000,4.429000,changed
2024-11-12 19:20:00+00:00,2026-10-05T08:52:24Z,4.426000,4.433000,4.424000,4.432000,4.429000,4.435000,4.424000,4.432000,changed
2024-11-13 15:20:00+00:00,2026-10-05T08:52:24Z,4.396000,4.445000,4.396000,4.426000,4.396000,4.445000,4.396000,4.424000,changed
2024-11-14 14:20:00+00:00,2026-10-05T08:52:24Z,4.443000,4.483000,4.408000,4.418000,4.459000,4.461000,4.408000,4.418000,changed
2024-11-14 15:20:00+00:00,2026-10-05T08:52:24Z,4.420000,4.439000,4.408000,4.412000,4.424000,4.439000,4.412000,4.412000,changed
2024-11-14 16:20:00+00:00,2026-10-05T08:52:24Z,4.420000,4.439000,4.402000,4.402000,4.426000,4.428000,4.402000,4.402000,changed
2024-11-14 17:20:00+00:00,2026-10-05T08:52:24Z,4.408000,4.414000,4.386000,4.404000,4.410000,4.410000,4.386000,4.404000,changed
2024-11-14 19:20:00+00:00,2026-10-05T08:52:24Z,4.408000,4.422000,4.404000,4.418000,4.422000,4.422000,4.412000,4.418000,changed
2024-11-18 14:20:00+00:00,2026-10-05T08:52:24Z,4.487000,4.489000,4.441000,4.463000,4.459000,4.467000,4.441000,4.463000,changed
2024-11-18 15:20:00+00:00,2026-10-05T08:52:24Z,4.453000,4.469000,4.441000,4.447000,4.461000,4.469000,4.441000,4.447000,changed
2024-11-18 16:20:00+00:00,2026-10-05T08:52:24Z,4.459000,4.465000,4.432000,4.432000,4.463000,4.463000,4.432000,4.432000,changed
2024-11-18 17:20:00+00:00,2026-10-05T08:52:24Z,4.449000,4.453000,4.422000,4.424000,4.439000,4.443000,4.422000,4.424000,changed
2024-11-18 18:20:00+00:00,2026-10-05T08:52:24Z,4.430000,4.434000,4.408000,4.418000,4.426000,4.430000,4.408000,4.418000,changed
2024-11-18 19:20:00+00:00,2026-10-05T08:52:24Z,4.410000,4.422000,4.410000,4.414000,4.414000,4.422000,4.412000,4.414000,changed
2024-11-19 14:20:00+00:00,2026-10-05T08:52:24Z,4.341000,4.384000,4.339000,4.379000,4.357000,4.384000,4.337000,4.379000,changed
2024-11-19 15:20:00+00:00,2026-10-05T08:52:24Z,4.382000,4.386000,4.367000,4.379000,4.375000,4.386000,4.367000,4.379000,changed
2024-11-19 16:20:00+00:00,2026-10-05T08:52:24Z,4.373000,4.386000,4.367000,4.371000,4.375000,4.386000,4.367000,4.371000,changed
2024-11-19 17:20:00+00:00,2026-10-05T08:52:24Z,4.375000,4.392000,4.367000,4.381000,4.384000,4.390000,4.367000,4.381000,changed
2024-11-19 18:20:00+00:00,2026-10-05T08:52:24Z,4.384000,4.392000,4.371000,4.381000,4.373000,4.390000,4.371000,4.381000,changed
2024-11-19 19:20:00+00:00,2026-10-05T08:52:24Z,4.375000,4.384000,4.373000,4.379000,4.382000,4.384000,4.371000,4.379000,changed
2024-11-21 14:20:00+00:00,2026-10-05T08:52:24Z,4.418000,4.422000,4.377000,4.384000,4.392000,4.414000,4.377000,4.384000,changed
2024-11-21 15:20:00+00:00,2026-10-05T08:52:24Z,4.402000,4.414000,4.377000,4.412000,4.386000,4.414000,4.377000,4.412000,changed
2024-11-21 16:20:00+00:00,2026-10-05T08:52:24Z,4.384000,4.426000,4.384000,4.418000,4.404000,4.426000,4.400000,4.418000,changed
2024-11-21 17:20:00+00:00,2026-10-05T08:52:24Z,4.408000,4.426000,4.408000,4.414000,4.422000,4.426000,4.408000,4.414000,changed
2024-11-21 18:20:00+00:00,2026-10-05T08:52:24Z,4.418000,4.434000,4.408000,4.430000,4.414000,4.434000,4.412000,4.430000,changed
2024-11-21 19:20:00+00:00,2026-10-05T08:52:24Z,4.420000,4.438000,4.420000,4.432000,4.426000,4.438000,4.426000,4.432000,changed
2024-11-25 14:20:00+00:00,2026-10-05T08:52:24Z,4.322000,4.332000,4.289000,4.296000,4.320000,4.322000,4.289000,4.296000,changed
2024-11-25 15:20:00+00:00,2026-10-05T08:52:24Z,4.291000,4.304000,4.283000,4.298000,4.295000,4.304000,4.283000,4.298000,changed
2024-11-25 16:20:00+00:00,2026-10-05T08:52:24Z,4.293000,4.308000,4.283000,4.296000,4.293000,4.308000,4.293000,4.296000,changed
2024-11-25 17:20:00+00:00,2026-10-05T08:52:24Z,4.295000,4.308000,4.279000,4.281000,4.296000,4.304000,4.279000,4.281000,changed
2024-11-25 18:20:00+00:00,2026-10-05T08:52:24Z,4.298000,4.304000,4.263000,4.271000,4.300000,4.300000,4.263000,4.271000,changed
2024-11-25 19:20:00+00:00,2026-10-05T08:52:24Z,4.277000,4.279000,4.261000,4.265000,4.265000,4.273000,4.261000,4.265000,changed
2024-11-26 14:20:00+00:00,2026-10-05T08:52:24Z,4.293000,4.314000,4.291000,4.310000,4.293000,4.314000,4.281000,4.310000,changed
2024-11-26 15:20:00+00:00,2026-10-05T08:52:24Z,4.300000,4.324000,4.298000,4.316000,4.298000,4.324000,4.295000,4.316000,changed
2024-11-26 16:20:00+00:00,2026-10-05T08:52:24Z,4.310000,4.320000,4.306000,4.306000,4.322000,4.324000,4.306000,4.306000,changed
2024-11-26 17:20:00+00:00,2026-10-05T08:52:24Z,4.316000,4.318000,4.300000,4.314000,4.316000,4.320000,4.300000,4.314000,changed
2024-11-26 18:20:00+00:00,2026-10-05T08:52:24Z,4.310000,4.320000,4.306000,4.316000,4.306000,4.320000,4.300000,4.316000,changed
2024-11-26 19:20:00+00:00,2026-10-05T08:52:24Z,4.316000,4.320000,4.302000,4.302000,4.320000,4.320000,4.302000,4.302000,changed
2024-11-27 15:20:00+00:00,2026-10-05T08:52:24Z,4.256000,4.275000,4.254000,4.263000,4.246000,4.275000,4.242000,4.263000,changed
2024-11-27 16:20:00+00:00,2026-10-05T08:52:24Z,4.256000,4.265000,4.232000,4.238000,4.265000,4.269000,4.232000,4.238000,changed
2024-11-27 17:20:00+00:00,2026-10-05T08:52:24Z,4.242000,4.248000,4.230000,4.232000,4.263000,4.263000,4.230000,4.232000,changed
2024-11-27 18:20:00+00:00,2026-10-05T08:52:24Z,4.238000,4.238000,4.227000,4.236000,4.238000,4.240000,4.227000,4.236000,changed
2024-11-27 19:20:00+00:00,2026-10-05T08:52:24Z,4.236000,4.246000,4.232000,4.242000,4.232000,4.246000,4.230000,4.242000,changed
2024-11-29 14:20:00+00:00,2026-10-05T08:52:24Z,4.219000,4.219000,4.196000,4.207000,4.203000,4.207000,4.196000,4.207000,changed
2024-11-29 15:20:00+00:00,2026-10-05T08:52:24Z,4.199000,4.217000,4.196000,4.209000,4.197000,4.217000,4.196000,4.209000,changed
2024-11-29 16:20:00+00:00,2026-10-05T08:52:24Z,4.215000,4.217000,4.201000,4.207000,4.205000,4.217000,4.201000,4.207000,changed
2024-11-29 17:20:00+00:00,2026-10-05T08:52:24Z,4.211000,4.211000,4.188000,4.190000,4.209000,4.211000,4.188000,4.190000,changed
2024-11-29 18:20:00+00:00,2026-10-05T08:52:24Z,4.207000,4.207000,4.172000,4.180000,4.194000,4.196000,4.172000,4.180000,changed
2024-11-29 19:20:00+00:00,2026-10-05T08:52:24Z,4.184000,4.184000,4.172000,4.178000,4.172000,4.180000,4.172000,4.178000,changed
2024-11-01 13:20:00+00:00,2026-10-05T09:34:31Z,4.315000,4.315000,4.223000,4.305000,4.235000,4.307000,4.235000,4.305000,changed
2024-11-01 14:20:00+00:00,2026-10-05T09:34:31Z,4.273000,4.345000,4.259000,4.331000,4.275000,4.345000,4.267000,4.331000,changed
2024-11-01 15:20:00+00:00,2026-10-05T09:34:31Z,4.299000,4.355000,4.295000,4.341000,4.329000,4.355000,4.323000,4.341000,changed
2024-11-01 16:20:00+00:00,2026-10-05T09:34:31Z,4.325000,4.355000,4.325000,4.345000,4.347000,4.349000,4.333000,4.345000,changed
2024-11-01 17:20:00+00:00,2026-10-05T09:34:31Z,4.343000,4.365000,4.333000,4.357000,4.343000,4.365000,4.339000,4.357000,changed
2024-11-01 18:20:00+00:00,2026-10-05T09:34:31Z,4.345000,4.365000,4.345000,4.361000,4.355000,4.363000,4.349000,4.361000,changed
2024-11-04 14:20:00+00:00,2026-10-05T09:34:31Z,4.283000,4.287000,4.263000,4.263000,4.293000,4.297000,4.263000,4.263000,changed
2024-11-04 15:20:00+00:00,2026-10-05T09:34:31Z,4.277000,4.305000,4.263000,4.303000,4.281000,4.305000,4.263000,4.303000,changed
2024-11-04 16:20:00+00:00,2026-10-05T09:34:31Z,4.293000,4.309000,4.293000,4.293000,4.275000,4.309000,4.271000,4.293000,changed
2024-11-04 17:20:00+00:00,2026-10-05T09:34:31Z,4.297000,4.329000,4.291000,4.323000,4.301000,4.329000,4.291000,4.323000,changed
2024-11-04 18:20:00+00:00,2026-10-05T09:34:31Z,4.305000,4.329000,4.305000,4.309000,4.297000,4.329000,4.295000,4.309000,changed
2024-11-04 19:20:00+00:00,2026-10-05T09:34:31Z,4.313000,4.313000,4.297000,4.309000,4.325000,4.325000,4.297000,4.309000,changed
2024-11-05 14:20:00+00:00,2026-10-05T09:34:31Z,4.331000,4.360000,4.313000,4.353000,4.325000,4.360000,4.313000,4.353000,changed
2024-11-05 15:20:00+00:00,2026-10-05T09:34:31Z,4.319000,4.366000,4.313000,4.362000,4.339000,4.366000,4.339000,4.362000,changed
2024-11-05 16:20:00+00:00,2026-10-05T09:34:31Z,4.364000,4.366000,4.351000,4.356000,4.356000,4.366000,4.351000,4.356000,changed
2024-11-05 17:20:00+00:00,2026-10-05T09:34:31Z,4.362000,4.366000,4.315000,4.315000,4.357000,4.357000,4.315000,4.315000,changed
2024-11-05 18:20:00+00:00,2026-10-05T09:34:31Z,4.351000,4.353000,4.311000,4.317000,4.351000,4.351000,4.311000,4.317000,changed
2024-11-05 19:20:00+00:00,2026-10-05T09:34:31Z,4.323000,4.327000,4.285000,4.289000,4.313000,4.321000,4.285000,4.289000,changed
2024-11-07 14:20:00+00:00,2026-10-05T09:34:31Z,4.404000,4.404000,4.363000,4.373000,4.426000,4.433000,4.363000,4.373000,changed
2024-11-07 15:20:00+00:00,2026-10-05T09:34:31Z,4.371000,4.375000,4.341000,4.365000,4.390000,4.396000,4.341000,4.365000,changed
2024-11-07 16:20:00+00:00,2026-10-05T09:34:31Z,4.349000,4.369000,4.345000,4.357000,4.363000,4.369000,4.341000,4.357000,changed
2024-11-07 17:20:00+00:00,2026-10-05T09:34:31Z,4.359000,4.365000,4.339000,4.349000,4.365000,4.365000,4.339000,4.349000,changed
2024-11-07 19:20:00+00:00,2026-10-05T09:34:31Z,4.341000,4.377000,4.341000,4.341000,4.347000,4.377000,4.339000,4.341000,changed
2024-11-12 14:20:00+00:00,2026-10-05T09:34:31Z,4.380000,4.394000,4.361000,4.375000,4.390000,4.394000,4.361000,4.375000,changed
2024-11-12 15:20:00+00:00,2026-10-05T09:34:31Z,4.390000,4.394000,4.361000,4.394000,4.369000,4.394000,4.361000,4.394000,changed
2024-11-12 16:20:00+00:00,2026-10-05T09:34:31Z,4.371000,4.443000,4.367000,4.437000,4.388000,4.443000,4.382000,4.437000,changed
2024-11-12 17:20:00+00:00,2026-10-05T09:34:31Z,4.394000,4.443000,4.394000,4.433000,4.412000,4.443000,4.412000,4.433000,changed
2024-11-12 18:20:00+00:00,2026-10-05T09:34:31Z,4.433000,4.443000,4.424000,4.429000,4.433000,4.435000,4.424000,4.429000,changed
2024-11-12 19:20:00+00:00,2026-10-05T09:34:31Z,4.429000,4.435000,4.424000,4.432000,4.426000,4.433000,4.424000,4.432000,changed
2024-11-13 15:20:00+00:00,2026-10-05T09:34:31Z,4.396000,4.445000,4.396000,4.424000,4.396000,4.445000,4.396000,4.426000,changed
2024-11-14 14:20:00+00:00,2026-10-05T09:34:31Z,4.459000,4.461000,4.408000,4.418000,4.443000,4.483000,4.408000,4.418000,changed
2024-11-14 15:20:00+00:00,2026-10-05T09:34:31Z,4.424000,4.439000,4.412000,4.412000,4.420000,4.439000,4.408000,4.412000,changed
2024-11-14 16:20:00+00:00,2026-10-05T09:34:31Z,4.426000,4.428000,4.402000,4.402000,4.420000,4.439000,4.402000,4.402000,changed
2024-11-14 17:20:00+00:00,2026-10-05T09:34:31Z,4.410000,4.410000,4.386000,4.404000,4.408000,4.414000,4.386000,4.404000,changed
2024-11-14 19:20:00+00:00,2026-10-05T09:34:31Z,4.422000,4.422000,4.412000,4.418000,4.408000,4.422000,4.404000,4.418000,changed
2024-11-18 14:20:00+00:00,2026-10-05T09:34:31Z,4.459000,4.467000,4.441000,4.463000,4.487000,4.489000,4.441000,4.463000,changed
2024-11-18 15:20:00+00:00,2026-10-05T09:34:31Z,4.461000,4.469000,4.441000,4.447000,4.453000,4.469000,4.441000,4.447000,changed
2024-11-18 16:20:00+00:00,2026-10-05T09:34:31Z,4.463000,4.463000,4.432000,4.432000,4.459000,4.465000,4.432000,4.432000,changed
2024-11-18 17:20:00+00:00,2026-10-05T09:34:31Z,4.439000,4.443000,4.422000,4.424000,4.449000,4.453000,4.422000,4.424000,changed
2024-11-18 18:20:00+00:00,2026-10-05T09:34:31Z,4.426000,4.430000,4.408000,4.418000,4.430000,4.434000,4.408000,4.418000,changed
2024-11-18 19:20:00+00:00,2026-10-05T09:34:31Z,4.414000,4.422000,4.412000,4.414000,4.410000,4.422000,4.410000,4.414000,changed
2024-11-19 14:20:00+00:00,2026-10-05T09:34:31Z,4.357000,4.384000,4.337000,4.379000,4.341000,4.384000,4.339000,4.379000,changed
2024-11-19 15:20:00+00:00,2026-10-05T09:34:31Z,4.375000,4.386000,4.367000,4.379000,4.382000,4.386000,4.367000,4.379000,changed
2024-11-19 16:20:00+00:00,2026-10-05T09:34:31Z,4.375000,4.386000,4.367000,4.371000,4.373000,4.386000,4.367000,4.371000,changed
2024-11-19 17:20:00+00:00,2026-10-05T09:34:31Z,4.384000,4.390000,4.367000,4.381000,4.375000,4.392000,4.367000,4.381000,changed
2024-11-19 18:20:00+00:00,2026-10-05T09:34:31Z,4.373000,4.390000,4.371000,4.381000,4.384000,4.392000,4.371000,4.381000,changed
2024-11-19 19:20:00+00:00,2026-10-05T09:34:31Z,4.382000,4.384000,4.371000,4.379000,4.375000,4.384000,4.373000,4.379000,changed
2024-11-21 14:20:00+00:00,2026-10-05T09:34:31Z,4.392000,4.414000,4.377000,4.384000,4.418000,4.422000,4.377000,4.384000,changed
2024-11-21 15:20:00+00:00,2026-10-05T09:34:31Z,4.386000,4.414000,4.377000,4.412000,4.402000,4.414000,4.377000,4.412000,changed
2024-11-21 16:20:00+00:00,2026-10-05T09:34:31Z,4.404000,4.426000,4.400000,4.418000,4.384000,4.426000,4.384000,4.418000,changed
2024-11-21 17:20:00+00:00,2026-10-05T09:34:31Z,4.422000,4.426000,4.408000,4.414000,4.408000,4.426000,4.408000,4.414000,changed
2024-11-21 18:20:00+00:00,2026-10-05T09:34:31Z,4.414000,4.434000,4.412000,4.430000,4.418000,4.434000,4.408000,4.430000,changed
2024-11-21 19:20:00+00:00,2026-10-05T09:34:31Z,4.426000,4.438000,4.426000,4.432000,4.420000,4.438000,4.420000,4.432000,changed
2024-11-25 14:20:00+00:00,2026-10-05T09:34:31Z,4.320000,4.322000,4.289000,4.296000,4.322000,4.332000,4.289000,4.296000,changed
2024-11-25 15:20:00+00:00,2026-10-05T09:34:31Z,4.295000,4.304000,4.283000,4.298000,4.291000,4.304000,4.283000,4.298000,changed
2024-11-25 16:20:00+00:00,2026-10-05T09:34:31Z,4.293000,4.308000,4.293000,4.296000,4.293000,4.308000,4.283000,4.296000,changed
2024-11-25 17:20:00+00:00,2026-10-05T09:34:31Z,4.296000,4.304000,4.279000,4.281000,4.295000,4.308000,4.279000,4.281000,changed
2024-11-25 18:20:00+00:00,2026-10-05T09:34:31Z,4.300000,4.300000,4.263000,4.271000,4.298000,4.304000,4.263000,4.271000,changed
2024-11-25 19:20:00+00:00,2026-10-05T09:34:31Z,4.265000,4.273000,4.261000,4.265000,4.277000,4.279000,4.261000,4.265000,changed
2024-11-26 14:20:00+00:00,2026-10-05T09:34:31Z,4.293000,4.314000,4.281000,4.310000,4.293000,4.314000,4.291000,4.310000,changed
2024-11-26 15:20:00+00:00,2026-10-05T09:34:31Z,4.298000,4.324000,4.295000,4.316000,4.300000,4.324000,4.298000,4.316000,changed
2024-11-26 16:20:00+00:00,2026-10-05T09:34:31Z,4.322000,4.324000,4.306000,4.306000,4.310000,4.320000,4.306000,4.306000,changed
2024-11-26 17:20:00+00:00,2026-10-05T09:34:31Z,4.316000,4.320000,4.300000,4.314000,4.316000,4.318000,4.300000,4.314000,changed
2024-11-26 18:20:00+00:00,2026-10-05T09:34:31Z,4.306000,4.320000,4.300000,4.316000,4.310000,4.320000,4.306000,4.316000,changed
2024-11-26 19:20:00+00:00,2026-10-05T09:34:31Z,4.320000,4.320000,4.302000,4.302000,4.316000,4.320000,4.302000,4.302000,changed
2024-11-27 15:20:00+00:00,2026-10-05T09:34:31Z,4.246000,4.275000,4.242000,4.263000,4.256000,4.275000,4.254000,4.263000,changed
2024-11-27 16:20:00+00:00,2026-10-05T09:34:31Z,4.265000,4.269000,4.232000,4.238000,4.256000,4.265000,4.232000,4.238000,changed
2024-11-27 17:20:00+00:00,2026-10-05T09:34:31Z,4.263000,4.263000,4.230000,4.232000,4.242000,4.248000,4.230000,4.232000,changed
2024-11-27 18:20:00+00:00,2026-10-05T09:34:31Z,4.238000,4.240000,4.227000,4.236000,4.238000,4.238000,4.227000,4.236000,changed
2024-11-27 19:20:00+00:00,2026-10-05T09:34:31Z,4.232000,4.246000,4.230000,4.242000,4.236000,4.246000,4.232000,4.242000,changed
2024-11-29 14:20:00+00:00,2026-10-05T09:34:31Z,4.203000,4.207000,4.196000,4.207000,4.219000,4.219000,4.196000,4.207000,changed
2024-11-29 15:20:00+00:00,2026-10-05T09:34:31Z,4.197000,4.217000,4.196000,4.209000,4.199000,4.217000,4.196000,4.209000,changed
2024-11-29 16:20:00+00:00,2026-10-05T09:34:31Z,4.205000,4.217000,4.201000,4.207000,4.215000,4.217000,4.201000,4.207000,changed
2024-11-29 17:20:00+00:00,2026-10-05T09:34:31Z,4.209000,4.211000,4.188000,4.190000,4.211000,4.211000,4.188000,4.190000,changed
2024-11-29 18:20:00+00:00,2026-10-05T09:34:31Z,4.194000,4.196000,4.172000,4.180000,4.207000,4.207000,4.172000,4.180000,changed
2024-11-29 19:20:00+00:00,2026-10-05T09:34:31Z,4.172000,4.180000,4.172000,4.178000,4.184000,4.184000,4.172000,4.178000,changed
2024-11-01 13:20:00+00:00,2026-10-05T11:01:46Z,4.235000,4.307000,4.235000,4.305000,4.315000,4.315000,4.223000,4.305000,changed
2024-11-01 14:20:00+00:00,2026-10-05T11:01:46Z,4.275000,4.345000,4.267000,4.331000,4.273000,4.345000,4.259000,4.331000,changed
2024-11-01 15:20:00+00:00,2026-10-05T11:01:46Z,4.329000,4.355000,4.323000,4.341000,4.299000,4.355000,4.295000,4.341000,changed
2024-11-01 16:20:00+00:00,2026-10-05T11:01:46Z,4.347000,4.349000,4.333000,4.345000,4.325000,4.355000,4.325000,4.345000,changed
2024-11-01 17:20:00+00:00,2026-10-05T11:01:46Z,4.343000,4.365000,4.339000,4.357000,4.343000,4.365000,4.333000,4.357000,changed
2024-11-01 18:20:00+00:00,2026-10-05T11:01:46Z,4.355000,4.363000,4.349000,4.361000,4.345000,4.365000,4.345000,4.361000,changed
2024-11-04 14:20:00+00:00,2026-10-05T11:01:46Z,4.293000,4.297000,4.263000,4.263000,4.283000,4.287000,4.263000,4.263000,changed
2024-11-04 15:20:00+00:00,2026-10-05T11:01:46Z,4.281000,4.305000,4.263000,4.303000,4.277000,4.305000,4.263000,4.303000,changed
2024-11-04 16:20:00+00:00,2026-10-05T11:01:46Z,4.275000,4.309000,4.271000,4.293000,4.293000,4.309000,4.293000,4.293000,changed
2024-11-04 17:20:00+00:00,2026-10-05T11:01:46Z,4.301000,4.329000,4.291000,4.323000,4.297000,4.329000,4.291000,4.323000,changed
2024-11-04 18:20:00+00:00,2026-10-05T11:01:46Z,4.297000,4.329000,4.295000,4.309000,4.305000,4.329000,4.305000,4.309000,changed
2024-11-04 19:20:00+00:00,2026-10-05T11:01:46Z,4.325000,4.325000,4.297000,4.309000,4.313000,4.313000,4.297000,4.309000,changed
2024-11-05 14:20:00+00:00,2026-10-05T11:01:46Z,4.325000,4.360000,4.313000,4.353000,4.331000,4.360000,4.313000,4.353000,changed
2024-11-05 15:20:00+00:00,2026-10-05T11:01:46Z,4.339000,4.366000,4.339000,4.362000,4.319000,4.366000,4.313000,4.362000,changed
2024-11-05 16:20:00+00:00,2026-10-05T11:01:46Z,4.356000,4.366000,4.351000,4.356000,4.364000,4.366000,4.351000,4.356000,changed
2024-11-05 17:20:00+00:00,2026-10-05T11:01:46Z,4.357000,4.357000,4.315000,4.315000,4.362000,4.366000,4.315000,4.315000,changed
2024-11-05 18:20:00+00:00,2026-10-05T11:01:46Z,4.351000,4.351000,4.311000,4.317000,4.351000,4.353000,4.311000,4.317000,changed
2024-11-05 19:20:00+00:00,2026-10-05T11:01:46Z,4.313000,4.321000,4.285000,4.289000,4.323000,4.327000,4.285000,4.289000,changed
2024-11-07 14:20:00+00:00,2026-10-05T11:01:46Z,4.426000,4.433000,4.363000,4.373000,4.404000,4.404000,4.363000,4.373000,changed
2024-11-07 15:20:00+00:00,2026-10-05T11:01:46Z,4.390000,4.396000,4.341000,4.365000,4.371000,4.375000,4.341000,4.365000,changed
2024-11-07 16:20:00+00:00,2026-10-05T11:01:46Z,4.363000,4.369000,4.341000,4.357000,4.349000,4.369000,4.345000,4.357000,changed
2024-11-07 17:20:00+00:00,2026-10-05T11:01:46Z,4.365000,4.365000,4.339000,4.349000,4.359000,4.365000,4.339000,4.349000,changed
2024-11-07 19:20:00+00:00,2026-10-05T11:01:46Z,4.347000,4.377000,4.339000,4.341000,4.341000,4.377000,4.341000,4.341000,changed
2024-11-12 14:20:00+00:00,2026-10-05T11:01:46Z,4.390000,4.394000,4.361000,4.375000,4.380000,4.394000,4.361000,4.375000,changed
2024-11-12 15:20:00+00:00,2026-10-05T11:01:46Z,4.369000,4.394000,4.361000,4.394000,4.390000,4.394000,4.361000,4.394000,changed
2024-11-12 16:20:00+00:00,2026-10-05T11:01:46Z,4.388000,4.443000,4.382000,4.437000,4.371000,4.443000,4.367000,4.437000,changed
2024-11-12 17:20:00+00:00,2026-10-05T11:01:46Z,4.412000,4.443000,4.412000,4.433000,4.394000,4.443000,4.394000,4.433000,changed
2024-11-12 18:20:00+00:00,2026-10-05T11:01:46Z,4.433000,4.435000,4.424000,4.429000,4.433000,4.443000,4.424000,4.429000,changed
2024-11-12 19:20:00+00:00,2026-10-05T11:01:46Z,4.426000,4.433000,4.424000,4.432000,4.429000,4.435000,4.424000,4.432000,changed
2024-11-13 15:20:00+00:00,2026-10-05T11:01:46Z,4.396000,4.445000,4.396000,4.426000,4.396000,4.445000,4.396000,4.424000,changed
2024-11-14 14:20:00+00:00,2026-10-05T11:01:46Z,4.443000,4.483000,4.408000,4.418000,4.459000,4.461000,4.408000,4.418000,changed
2024-11-14 15:20:00+00:00,2026-10-05T11:01:46Z,4.420000,4.439000,4.408000,4.412000,4.424000,4.439000,4.412000,4.412000,changed
2024-11-14 16:20:00+00:00,2026-10-05T11:01:46Z,4.420000,4.439000,4.402000,4.402000,4.426000,4.428000,4.402000,4.402000,changed
2024-11-14 17:20:00+00:00,2026-10-05T11:01:46Z,4.408000,4.414000,4.386000,4.404000,4.410000,4.410000,4.386000,4.404000,changed
2024-11-14 19:20:00+00:00,2026-10-05T11:01:46Z,4.408000,4.422000,4.404000,4.418000,4.422000,4.422000,4.412000,4.418000,changed
2024-11-18 14:20:00+00:00,2026-10-05T11:01:46Z,4.487000,4.489000,4.441000,4.463000,4.459000,4.467000,4.441000,4.463000,changed
2024-11-18 15:20:00+00:00,2026-10-05T11:01:46Z,4.453000,4.469000,4.441000,4.447000,4.461000,4.469000,4.441000,4.447000,changed
2024-11-18 16:20:00+00:00,2026-10-05T11:01:46Z,4.459000,4.465000,4.432000,4.432000,4.463000,4.463000,4.432000,4.432000,changed
2024-11-18 17:20:00+00:00,2026-10-05T11:01:46Z,4.449000,4.453000,4.422000,4.424000,4.439000,4.443000,4.422000,4.424000,changed
2024-11-18 18:20:00+00:00,2026-10-05T11:01:46Z,4.430000,4.434000,4.408000,4.418000,4.426000,4.430000,4.408000,4.418000,changed
2024-11-18 19:20:00+00:00,2026-10-05T11:01:46Z,4.410000,4.422000,4.410000,4.414000,4.414000,4.422000,4.412000,4.414000,changed
2024-11-19 14:20:00+00:00,2026-10-05T11:01:46Z,4.341000,4.384000,4.339000,4.379000,4.357000,4.384000,4.337000,4.379000,changed
2024-11-19 15:20:00+00:00,2026-10-05T11:01:46Z,4.382000,4.386000,4.367000,4.379000,4.375000,4.386000,4.367000,4.379000,changed
2024-11-19 16:20:00+00:00,2026-10-05T11:01:46Z,4.373000,4.386000,4.367000,4.371000,4.375000,4.386000,4.367000,4.371000,changed
2024-11-19 17:20:00+00:00,2026-10-05T11:01:46Z,4.375000,4.392000,4.367000,4.381000,4.384000,4.390000,4.367000,4.381000,changed
2024-11-19 18:20:00+00:00,2026-10-05T11:01:46Z,4.384000,4.392000,4.371000,4.381000,4.373000,4.390000,4.371000,4.381000,changed
2024-11-19 19:20:00+00:00,2026-10-05T11:01:46Z,4.375000,4.384000,4.373000,4.379000,4.382000,4.384000,4.371000,4.379000,changed
2024-11-21 14:20:00+00:00,2026-10-05T11:01:46Z,4.418000,4.422000,4.377000,4.384000,4.392000,4.414000,4.377000,4.384000,changed
2024-11-21 15:20:00+00:00,2026-10-05T11:01:46Z,4.402000,4.414000,4.377000,4.412000,4.386000,4.414000,4.377000,4.412000,changed
2024-11-21 16:20:00+00:00,2026-10-05T11:01:46Z,4.384000,4.426000,4.384000,4.418000,4.404000,4.426000,4.400000,4.418000,changed
2024-11-21 17:20:00+00:00,2026-10-05T11:01:46Z,4.408000,4.426000,4.408000,4.414000,4.422000,4.426000,4.408000,4.414000,changed
2024-11-21 18:20:00+00:00,2026-10-05T11:01:46Z,4.418000,4.434000,4.408000,4.430000,4.414000,4.434000,4.412000,4.430000,changed
2024-11-21 19:20:00+00:00,2026-10-05T11:01:46Z,4.420000,4.438000,4.420000,4.432000,4.426000,4.438000,4.426000,4.432000,changed
2024-11-25 14:20:00+00:00,2026-10-05T11:01:46Z,4.322000,4.332000,4.289000,4.296000,4.320000,4.322000,4.289000,4.296000,changed
2024-11-25 15:20:00+00:00,2026-10-05T11:01:46Z,4.291000,4.304000,4.283000,4.298000,4.295000,4.304000,4.283000,4.298000,changed
2024-11-25 16:20:00+00:00,2026-10-05T11:01:46Z,4.293000,4.308000,4.283000,4.296000,4.293000,4.308000,4.293000,4.296000,changed
2024-11-25 17:20:00+00:00,2026-10-05T11:01:46Z,4.295000,4.308000,4.279000,4.281000,4.296000,4.304000,4.279000,4.281000,changed
2024-11-25 18:20:00+00:00,2026-10-05T11:01:46Z,4.298000,4.304000,4.263000,4.271000,4.300000,4.300000,4.263000,4.271000,changed
2024-11-25 19:20:00+00:00,2026-10-05T11:01:46Z,4.277000,4.279000,4.261000,4.265000,4.265000,4.273000,4.261000,4.265000,changed
2024-11-26 14:20:00+00:00,2026-10-05T11:01:46Z,4.293000,4.314000,4.291000,4.310000,4.293000,4.314000,4.281000,4.310000,changed
2024-11-26 15:20:00+00:00,2026-10-05T11:01:46Z,4.300000,4.324000,4.298000,4.316000,4.298000,4.324000,4.295000,4.316000,changed
2024-11-26 16:20:00+00:00,2026-10-05T11:01:46Z,4.310000,4.320000,4.306000,4.306000,4.322000,4.324000,4.306000,4.306000,changed
2024-11-26 17:20:00+00:00,2026-10-05T11:01:46Z,4.316000,4.318000,4.300000,4.314000,4.316000,4.320000,4.300000,4.314000,changed
2024-11-26 18:20:00+00:00,2026-10-05T11:01:46Z,4.310000,4.320000,4.306000,4.316000,4.306000,4.320000,4.300000,4.316000,changed
2024-11-26 19:20:00+00:00,2026-10-05T11:01:46Z,4.316000,4.320000,4.302000,4.302000,4.320000,4.320000,4.302000,4.302000,changed
2024-11-27 15:20:00+00:00,2026-10-05T11:01:46Z,4.256000,4.275000,4.254000,4.263000,4.246000,4.275000,4.242000,4.263000,changed
2024-11-27 16:20:00+00:00,2026-10-05T11:01:46Z,4.256000,4.265000,4.232000,4.238000,4.265000,4.269000,4.232000,4.238000,changed
2024-11-27 17:20:00+00:00,2026-10-05T11:01:46Z,4.242000,4.248000,4.230000,4.232000,4.263000,4.263000,4.230000,4.232000,changed
2024-11-27 18:20:00+00:00,2026-10-05T11:01:46Z,4.238000,4.238000,4.227000,4.236000,4.238000,4.240000,4.227000,4.236000,changed
2024-11-27 19:20:00+00:00,2026-10-05T11:01:46Z,4.236000,4.246000,4.232000,4.242000,4.232000,4.246000,4.230000,4.242000,changed
2024-11-29 14:20:00+00:00,2026-10-05T11:01:46Z,4.219000,4.219000,4.196000,4.207000,4.203000,4.207000,4.196000,4.207000,changed
2024-11-29 15:20:00+00:00,2026-10-05T11:01:46Z,4.199000,4.217000,4.196000,4.209000,4.197000,4.217000,4.196000,4.209000,changed
2024-11-29 16:20:00+00:00,2026-10-05T11:01:46Z,4.215000,4.217000,4.201000,4.207000,4.205000,4.217000,4.201000,4.207000,changed
2024-11-29 17:20:00+00:00,2026-10-05T11:01:46Z,4.211000,4.211000,4.188000,4.190000,4.209000,4.211000,4.188000,4.190000,changed
2024-11-29 18:20:00+00:00,2026-10-05T11:01:46Z,4.207000,4.207000,4.172000,4.180000,4.194000,4.196000,4.172000,4.180000,changed
2024-11-29 19:20:00+00:00,2026-10-05T11:01:46Z,4.184000,4.184000,4.172000,4.178000,4.172000,4.180000,4.172000,4.178000,changed
2024-11-01 13:20:00+00:00,2026-10-05T11:14:49Z,4.315000,4.315000,4.223000,4.305000,4.235000,4.307000,4.235000,4.305000,changed
2024-11-01 14:20:00+00:00,2026-10-05T11:14:49Z,4.273000,4.345000,4.259000,4.331000,4.275000,4.345000,4.267000,4.331000,changed
2024-11-01 15:20:00+00:00,2026-10-05T11:14:49Z,4.299000,4.355000,4.295000,4.341000,4.329000,4.355000,4.323000,4.341000,changed
2024-11-01 16:20:00+00:00,2026-10-05T11:14:49Z,4.325000,4.355000,4.325000,4.345000,4.347000,4.349000,4.333000,4.345000,changed
2024-11-01 17:20:00+00:00,2026-10-05T11:14:49Z,4.343000,4.365000,4.333000,4.357000,4.343000,4.365000,4.339000,4.357000,changed
2024-11-01 18:20:00+00:00,2026-10-05T11:14:49Z,4.345000,4.365000,4.345000,4.361000,4.355000,4.363000,4.349000,4.361000,changed
2024-11-04 14:20:00+00:00,2026-10-05T11:14:49Z,4.283000,4.287000,4.263000,4.263000,4.293000,4.297000,4.263000,4.263000,changed
2024-11-04 15:20:00+00:00,2026-10-05T11:14:49Z,4.277000,4.305000,4.263000,4.303000,4.281000,4.305000,4.263000,4.303000,changed
2024-11-04 16:20:00+00:00,2026-10-05T11:14:49Z,4.293000,4.309000,4.293000,4.293000,4.275000,4.309000,4.271000,4.293000,changed
2024-11-04 17:20:00+00:00,2026-10-05T11:14:49Z,4.297000,4.329000,4.291000,4.323000,4.301000,4.329000,4.291000,4.323000,changed
2024-11-04 18:20:00+00:00,2026-10-05T11:14:49Z,4.305000,4.329000,4.305000,4.309000,4.297000,4.329000,4.295000,4.309000,changed
2024-11-04 19:20:00+00:00,2026-10-05T11:14:49Z,4.313000,4.313000,4.297000,4.309000,4.325000,4.325000,4.297000,4.309000,changed
2024-11-05 14:20:00+00:00,2026-10-05T11:14:49Z,4.331000,4.360000,4.313000,4.353000,4.325000,4.360000,4.313000,4.353000,changed
2024-11-05 15:20:00+00:00,2026-10-05T11:14:49Z,4.319000,4.366000,4.313000,4.362000,4.339000,4.366000,4.339000,4.362000,changed
2024-11-05 16:20:00+00:00,2026-10-05T11:14:49Z,4.364000,4.366000,4.351000,4.356000,4.356000,4.366000,4.351000,4.356000,changed
2024-11-05 17:20:00+00:00,2026-10-05T11:14:49Z,4.362000,4.366000,4.315000,4.315000,4.357000,4.357000,4.315000,4.315000,changed
2024-11-05 18:20:00+00:00,2026-10-05T11:14:49Z,4.351000,4.353000,4.311000,4.317000,4.351000,4.351000,4.311000,4.317000,changed
2024-11-05 19:20:00+00:00,2026-10-05T11:14:49Z,4.323000,4.327000,4.285000,4.289000,4.313000,4.321000,4.285000,4.289000,changed
2024-11-07 14:20:00+00:00,2026-10-05T11:14:49Z,4.404000,4.404000,4.363000,4.373000,4.426000,4.433000,4.363000,4.373000,changed
2024-11-07 15:20:00+00:00,2026-10-05T11:14:49Z,4.371000,4.375000,4.341000,4.365000,4.390000,4.396000,4.341000,4.365000,changed
2024-11-07 16:20:00+00:00,2026-10-05T11:14:49Z,4.349000,4.369000,4.345000,4.357000,4.363000,4.369000,4.341000,4.357000,changed
2024-11-07 17:20:00+00:00,2026-10-05T11:14:49Z,4.359000,4.365000,4.339000,4.349000,4.365000,4.365000,4.339000,4.349000,changed
2024-11-07 19:20:00+00:00,2026-10-05T11:14:49Z,4.341000,4.377000,4.341000,4.341000,4.347000,4.377000,4.339000,4.341000,changed
2024-11-12 14:20:00+00:00,2026-10-05T11:14:49Z,4.380000,4.394000,4.361000,4.375000,4.390000,4.394000,4.361000,4.375000,changed
2024-11-12 15:20:00+00:00,2026-10-05T11:14:49Z,4.390000,4.394000,4.361000,4.394000,4.369000,4.394000,4.361000,4.394000,changed
2024-11-12 16:20:00+00:00,2026-10-05T11:14:49Z,4.371000,4.443000,4.367000,4.437000,4.388000,4.443000,4.382000,4.437000,changed
2024-11-12 17:20:00+00:00,2026-10-05T11:14:49Z,4.394000,4.443000,4.394000,4.433000,4.412000,4.443000,4.412000,4.433000,changed
2024-11-12 18:20:00+00:00,2026-10-05T11:14:49Z,4.433000,4.443000,4.424000,4.429000,4.433000,4.435000,4.424000,4.429000,changed
2024-11-12 19:20:00+00:00,2026-10-05T11:14:49Z,4.429000,4.435000,4.424000,4.432000,4.426000,4.433000,4.424000,4.432000,changed
2024-11-13 15:20:00+00:00,2026-10-05T11:14:49Z,4.396000,4.445000,4.396000,4.424000,4.396000,4.445000,4.396000,4.426000,changed
2024-11-14 14:20:00+00:00,2026-10-05T11:14:49Z,4.459000,4.461000,4.408000,4.418000,4.443000,4.483000,4.408000,4.418000,changed
2024-11-14 15:20:00+00:00,2026-10-05T11:14:49Z,4.424000,4.439000,4.412000,4.412000,4.420000,4.439000,4.408000,4.412000,changed
2024-11-14 16:20:00+00:00,2026-10-05T11:14:49Z,4.426000,4.428000,4.402000,4.402000,4.420000,4.439000,4.402000,4.402000,changed
2024-11-14 17:20:00+00:00,2026-10-05T11:14:49Z,4.410000,4.410000,4.386000,4.404000,4.408000,4.414000,4.386000,4.404000,changed
2024-11-14 19:20:00+00:00,2026-10-05T11:14:49Z,4.422000,4.422000,4.412000,4.418000,4.408000,4.422000,4.404000,4.418000,changed
2024-11-18 14:20:00+00:00,2026-10-05T11:14:49Z,4.459000,4.467000,4.441000,4.463000,4.487000,4.489000,4.441000,4.463000,changed
2024-11-18 15:20:00+00:00,2026-10-05T11:14:49Z,4.461000,4.469000,4.441000,4.447000,4.453000,4.469000,4.441000,4.447000,changed
2024-11-18 16:20:00+00:00,2026-10-05T11:14:49Z,4.463000,4.463000,4.432000,4.432000,4.459000,4.465000,4.432000,4.432000,changed
2024-11-18 17:20:00+00:00,2026-10-05T11:14:49Z,4.439000,4.443000,4.422000,4.424000,4.449000,4.453000,4.422000,4.424000,changed
2024-11-18 18:20:00+00:00,2026-10-05T11:14:49Z,4.426000,4.430000,4.408000,4.418000,4.430000,4.434000,4.408000,4.418000,changed
2024-11-18 19:20:00+00:00,2026-10-05T11:14:49Z,4.414000,4.422000,4.412000,4.414000,4.410000,4.422000,4.410000,4.414000,changed
2024-11-19 14:20:00+00:00,2026-10-05T11:14:49Z,4.357000,4.384000,4.337000,4.379000,4.341000,4.384000,4.339000,4.379000,changed
2024-11-19 15:20:00+00:00,2026-10-05T11:14:49Z,4.375000,4.386000,4.367000,4.379000,4.382000,4.386000,4.367000,4.379000,changed
2024-11-19 16:20:00+00:00,2026-10-05T11:14:49Z,4.375000,4.386000,4.367000,4.371000,4.373000,4.386000,4.367000,4.371000,changed
2024-11-19 17:20:00+00:00,2026-10-05T11:14:49Z,4.384000,4.390000,4.367000,4.381000,4.375000,4.392000,4.367000,4.381000,changed
2024-11-19 18:20:00+00:00,2026-10-05T11:14:49Z,4.373000,4.390000,4.371000,4.381000,4.384000,4.392000,4.371000,4.381000,changed
2024-11-19 19:20:00+00:00,2026-10-05T11:14:49Z,4.382000,4.384000,4.371000,4.379000,4.375000,4.384000,4.373000,4.379000,changed
2024-11-21 14:20:00+00:00,2026-10-05T11:14:49Z,4.392000,4.414000,4.377000,4.384000,4.418000,4.422000,4.377000,4.384000,changed
2024-11-21 15:20:00+00:00,2026-10-05T11:14:49Z,4.386000,4.414000,4.377000,4.412000,4.402000,4.414000,4.377000,4.412000,changed
2024-11-21 16:20:00+00:00,2026-10-05T11:14:49Z,4.404000,4.426000,4.400000,4.418000,4.384000,4.426000,4.384000,4.418000,changed
2024-11-21 17:20:00+00:00,2026-10-05T11:14:49Z,4.422000,4.426000,4.408000,4.414000,4.408000,4.426000,4.408000,4.414000,changed
2024-11-21 18:20:00+00:00,2026-10-05T11:14:49Z,4.414000,4.434000,4.412000,4.430000,4.418000,4.434000,4.408000,4.430000,changed
2024-11-21 19:20:00+00:00,2026-10-05T11:14:49Z,4.426000,4.438000,4.426000,4.432000,4.420000,4.438000,4.420000,4.432000,changed
2024-11-25 14:20:00+00:00,2026-10-05T11:14:49Z,4.320000,4.322000,4.289000,4.296000,4.322000,4.332000,4.289000,4.296000,changed
2024-11-25 15:20:00+00:00,2026-10-05T11:14:49Z,4.295000,4.304000,4.283000,4.298000,4.291000,4.304000,4.283000,4.298000,changed
2024-11-25 16:20:00+00:00,2026-10-05T11:14:49Z,4.293000,4.308000,4.293000,4.296000,4.293000,4.308000,4.283000,4.296000,changed
2024-11-25 17:20:00+00:00,2026-10-05T11:14:49Z,4.296000,4.304000,4.279000,4.281000,4.295000,4.308000,4.279000,4.281000,changed
2024-11-25 18:20:00+00:00,2026-10-05T11:14:49Z,4.300000,4.300000,4.263000,4.271000,4.298000,4.304000,4.263000,4.271000,changed
2024-11-25 19:20:00+00:00,2026-10-05T11:14:49Z,4.265000,4.273000,4.261000,4.265000,4.277000,4.279000,4.261000,4.265000,changed
2024-11-26 14:20:00+00:00,2026-10-05T11:14:49Z,4.293000,4.314000,4.281000,4.310000,4.293000,4.314000,4.291000,4.310000,changed
2024-11-26 15:20:00+00:00,2026-10-05T11:14:49Z,4.298000,4.324000,4.295000,4.316000,4.300000,4.324000,4.298000,4.316000,changed
2024-11-26 16:20:00+00:00,2026-10-05T11:14:49Z,4.322000,4.324000,4.306000,4.306000,4.310000,4.320000,4.306000,4.306000,changed
2024-11-26 17:20:00+00:00,2026-10-05T11:14:49Z,4.316000,4.320000,4.300000,4.314000,4.316000,4.318000,4.300000,4.314000,changed
2024-11-26 18:20:00+00:00,2026-10-05T11:14:49Z,4.306000,4.320000,4.300000,4.316000,4.310000,4.320000,4.306000,4.316000,changed
2024-11-26 19:20:00+00:00,2026-10-05T11:14:49Z,4.320000,4.320000,4.302000,4.302000,4.316000,4.320000,4.302000,4.302000,changed
2024-11-27 15:20:00+00:00,2026-10-05T11:14:49Z,4.246000,4.275000,4.242000,4.263000,4.256000,4.275000,4.254000,4.263000,changed
2024-11-27 16:20:00+00:00,2026-10-05T11:14:49Z,4.265000,4.269000,4.232000,4.238000,4.256000,4.265000,4.232000,4.238000,changed
2024-11-27 17:20:00+00:00,2026-10-05T11:14:49Z,4.263000,4.263000,4.230000,4.232000,4.242000,4.248000,4.230000,4.232000,changed
2024-11-27 18:20:00+00:00,2026-10-05T11:14:49Z,4.238000,4.240000,4.227000,4.236000,4.238000,4.238000,4.227000,4.236000,changed
2024-11-27 19:20:00+00:00,2026-10-05T11:14:49Z,4.232000,4.246000,4.230000,4.242000,4.236000,4.246000,4.232000,4.242000,changed
2024-11-29 14:20:00+00:00,2026-10-05T11:14:49Z,4.203000,4.207000,4.196000,4.207000,4.219000,4.219000,4.196000,4.207000,changed
2024-11-29 15:20:00+00:00,2026-10-05T11:14:49Z,4.197000,4.217000,4.196000,4.209000,4.199000,4.217000,4.196000,4.209000,changed
2024-11-29 16:20:00+00:00,2026-10-05T11:14:49Z,4.205000,4.217000,4.201000,4.207000,4.215000,4.217000,4.201000,4.207000,changed
2024-11-29 17:20:00+00:00,2026-10-05T11:14:49Z,4.209000,4.211000,4.188000,4.190000,4.211000,4.211000,4.188000,4.190000,changed
2024-11-29 18:20:00+00:00,2026-10-05T11:14:49Z,4.194000,4.196000,4.172000,4.180000,4.207000,4.207000,4.172000,4.180000,changed
2024-11-29 19:20:00+00:00,2026-10-05T11:14:49Z,4.172000,4.180000,4.172000,4.178000,4.184000,4.184000,4.172000,4.178000,changed
2024-11-01 13:20:00+00:00,2026-10-05T11:48:47Z,4.235000,4.307000,4.235000,4.305000,4.315000,4.315000,4.223000,4.305000,changed
2024-11-01 14:20:00+00:00,2026-10-05T11:48:47Z,4.275000,4.345000,4.267000,4.331000,4.273000,4.345000,4.259000,4.331000,changed
2024-11-01 15:20:00+00:00,2026-10-05T11:48:47Z,4.329000,4.355000,4.323000,4.341000,4.299000,4.355000,4.295000,4.341000,changed
2024-11-01 16:20:00+00:00,2026-10-05T11:48:47Z,4.347000,4.349000,4.333000,4.345000,4.325000,4.355000,4.325000,4.345000,changed
2024-11-01 17:20:00+00:00,2026-10-05T11:48:47Z,4.343000,4.365000,4.339000,4.357000,4.343000,4.365000,4.333000,4.357000,changed
2024-11-01 18:20:00+00:00,2026-10-05T11:48:47Z,4.355000,4.363000,4.349000,4.361000,4.345000,4.365000,4.345000,4.361000,changed
2024-11-04 14:20:00+00:00,2026-10-05T11:48:47Z,4.293000,4.297000,4.263000,4.263000,4.283000,4.287000,4.263000,4.263000,changed
2024-11-04 15:20:00+00:00,2026-10-05T11:48:47Z,4.281000,4.305000,4.263000,4.303000,4.277000,4.305000,4.263000,4.303000,changed
2024-11-04 16:20:00+00:00,2026-10-05T11:48:47Z,4.275000,4.309000,4.271000,4.293000,4.293000,4.309000,4.293000,4.293000,changed
2024-11-04 17:20:00+00:00,2026-10-05T11:48:47Z,4.301000,4.329000,4.291000,4.323000,4.297000,4.329000,4.291000,4.323000,changed
2024-11-04 18:20:00+00:00,2026-10-05T11:48:47Z,4.297000,4.329000,4.295000,4.309000,4.305000,4.329000,4.305000,4.309000,changed
2024-11-04 19:20:00+00:00,2026-10-05T11:48:47Z,4.325000,4.325000,4.297000,4.309000,4.313000,4.313000,4.297000,4.309000,changed
2024-11-05 14:20:00+00:00,2026-10-05T11:48:47Z,4.325000,4.360000,4.313000,4.353000,4.331000,4.360000,4.313000,4.353000,changed
2024-11-05 15:20:00+00:00,2026-10-05T11:48:47Z,4.339000,4.366000,4.339000,4.362000,4.319000,4.366000,4.313000,4.362000,changed
2024-11-05 16:20:00+00:00,2026-10-05T11:48:47Z,4.356000,4.366000,4.351000,4.356000,4.364000,4.366000,4.351000,4.356000,changed
2024-11-05 17:20:00+00:00,2026-10-05T11:48:47Z,4.357000,4.357000,4.315000,4.315000,4.362000,4.366000,4.315000,4.315000,changed
2024-11-05 18:20:00+00:00,2026-10-05T11:48:47Z,4.351000,4.351000,4.311000,4.317000,4.351000,4.353000,4.311000,4.317000,changed
2024-11-05 19:20:00+00:00,2026-10-05T11:48:47Z,4.313000,4.321000,4.285000,4.289000,4.323000,4.327000,4.285000,4.289000,changed
2024-11-07 14:20:00+00:00,2026-10-05T11:48:47Z,4.426000,4.433000,4.363000,4.373000,4.404000,4.404000,4.363000,4.373000,changed
2024-11-07 15:20:00+00:00,2026-10-05T11:48:47Z,4.390000,4.396000,4.341000,4.365000,4.371000,4.375000,4.341000,4.365000,changed
2024-11-07 16:20:00+00:00,2026-10-05T11:48:47Z,4.363000,4.369000,4.341000,4.357000,4.349000,4.369000,4.345000,4.357000,changed
2024-11-07 17:20:00+00:00,2026-10-05T11:48:47Z,4.365000,4.365000,4.339000,4.349000,4.359000,4.365000,4.339000,4.349000,changed
2024-11-07 19:20:00+00:00,2026-10-05T11:48:47Z,4.347000,4.377000,4.339000,4.341000,4.341000,4.377000,4.341000,4.341000,changed
2024-11-12 14:20:00+00:00,2026-10-05T11:48:47Z,4.390000,4.394000,4.361000,4.375000,4.380000,4.394000,4.361000,4.375000,changed
2024-11-12 15:20:00+00:00,2026-10-05T11:48:47Z,4.369000,4.394000,4.361000,4.394000,4.390000,4.394000,4.361000,4.394000,changed
2024-11-12 16:20:00+00:00,2026-10-05T11:48:47Z,4.388000,4.443000,4.382000,4.437000,4.371000,4.443000,4.367000,4.437000,changed
2024-11-12 17:20:00+00:00,2026-10-05T11:48:47Z,4.412000,4.443000,4.412000,4.433000,4.394000,4.443000,4.394000,4.433000,changed
2024-11-12 18:20:00+00:00,2026-10-05T11:48:47Z,4.433000,4.435000,4.424000,4.429000,4.433000,4.443000,4.424000,4.429000,changed
2024-11-12 19:20:00+00:00,2026-10-05T11:48:47Z,4.426000,4.433000,4.424000,4.432000,4.429000,4.435000,4.424000,4.432000,changed
2024-11-13 15:20:00+00:00,2026-10-05T11:48:47Z,4.396000,4.445000,4.396000,4.426000,4.396000,4.445000,4.396000,4.424000,changed
2024-11-14 14:20:00+00:00,2026-10-05T11:48:47Z,4.443000,4.483000,4.408000,4.418000,4.459000,4.461000,4.408000,4.418000,changed
2024-11-14 15:20:00+00:00,2026-10-05T11:48:47Z,4.420000,4.439000,4.408000,4.412000,4.424000,4.439000,4.412000,4.412000,changed
2024-11-14 16:20:00+00:00,2026-10-05T11:48:47Z,4.420000,4.439000,4.402000,4.402000,4.426000,4.428000,4.402000,4.402000,changed
2024-11-14 17:20:00+00:00,2026-10-05T11:48:47Z,4.408000,4.414000,4.386000,4.404000,4.410000,4.410000,4.386000,4.404000,changed
2024-11-14 19:20:00+00:00,2026-10-05T11:48:47Z,4.408000,4.422000,4.404000,4.418000,4.422000,4.422000,4.412000,4.418000,changed
2024-11-18 14:20:00+00:00,2026-10-05T11:48:47Z,4.487000,4.489000,4.441000,4.463000,4.459000,4.467000,4.441000,4.463000,changed
2024-11-18 15:20:00+00:00,2026-10-05T11:48:47Z,4.453000,4.469000,4.441000,4.447000,4.461000,4.469000,4.441000,4.447000,changed
2024-11-18 16:20:00+00:00,2026-10-05T11:48:47Z,4.459000,4.465000,4.432000,4.432000,4.463000,4.463000,4.432000,4.432000,changed
2024-11-18 17:20:00+00:00,2026-10-05T11:48:47Z,4.449000,4.453000,4.422000,4.424000,4.439000,4.443000,4.422000,4.424000,changed
2024-11-18 18:20:00+00:00,2026-10-05T11:48:47Z,4.430000,4.434000,4.408000,4.418000,4.426000,4.430000,4.408000,4.418000,changed
2024-11-18 19:20:00+00:00,2026-10-05T11:48:47Z,4.410000,4.422000,4.410000,4.414000,4.414000,4.422000,4.412000,4.414000,changed
2024-11-19 14:20:00+00:00,2026-10-05T11:48:47Z,4.341000,4.384000,4.339000,4.379000,4.357000,4.384000,4.337000,4.379000,changed
2024-11-19 15:20:00+00:00,2026-10-05T11:48:47Z,4.382000,4.386000,4.367000,4.379000,4.375000,4.386000,4.367000,4.379000,changed
2024-11-19 16:20:00+00:00,2026-10-05T11:48:47Z,4.373000,4.386000,4.367000,4.371000,4.375000,4.386000,4.367000,4.371000,changed
2024-11-19 17:20:00+00:00,2026-10-05T11:48:47Z,4.375000,4.392000,4.367000,4.381000,4.384000,4.390000,4.367000,4.381000,changed
2024-11-19 18:20:00+00:00,2026-10-05T11:48:47Z,4.384000,4.392000,4.371000,4.381000,4.373000,4.390000,4.371000,4.381000,changed
2024-11-19 19:20:00+00:00,2026-10-05T11:48:47Z,4.375000,4.384000,4.373000,4.379000,4.382000,4.384000,4.371000,4.379000,changed
2024-11-21 14:20:00+00:00,2026-10-05T11:48:47Z,4.418000,4.422000,4.377000,4.384000,4.392000,4.414000,4.377000,4.384000,changed
2024-11-21 15:20:00+00:00,2026-10-05T11:48:47Z,4.402000,4.414000,4.377000,4.412000,4.386000,4.414000,4.377000,4.412000,changed
2024-11-21 16:20:00+00:00,2026-10-05T11:48:47Z,4.384000,4.426000,4.384000,4.418000,4.404000,4.426000,4.400000,4.418000,changed
2024-11-21 17:20:00+00:00,2026-10-05T11:48:47Z,4.408000,4.426000,4.408000,4.414000,4.422000,4.426000,4.408000,4.414000,changed
2024-11-21 18:20:00+00:00,2026-10-05T11:48:47Z,4.418000,4.434000,4.408000,4.430000,4.414000,4.434000,4.412000,4.430000,changed
2024-11-21 19:20:00+00:00,2026-10-05T11:48:47Z,4.420000,4.438000,4.420000,4.432000,4.426000,4.438000,4.426000,4.432000,changed
2024-11-25 14:20:00+00:00,2026-10-05T11:48:47Z,4.322000,4.332000,4.289000,4.296000,4.320000,4.322000,4.289000,4.296000,changed
2024-11-25 15:20:00+00:00,2026-10-05T11:48:47Z,4.291000,4.304000,4.283000,4.298000,4.295000,4.304000,4.283000,4.298000,changed
2024-11-25 16:20:00+00:00,2026-10-05T11:48:47Z,4.293000,4.308000,4.283000,4.296000,4.293000,4.308000,4.293000,4.296000,changed
2024-11-25 17:20:00+00:00,2026-10-05T11:48:47Z,4.295000,4.308000,4.279000,4.281000,4.296000,4.304000,4.279000,4.281000,changed
2024-11-25 18:20:00+00:00,2026-10-05T11:48:47Z,4.298000,4.304000,4.263000,4.271000,4.300000,4.300000,4.263000,4.271000,changed
2024-11-25 19:20:00+00:00,2026-10-05T11:48:47Z,4.277000,4.279000,4.261000,4.265000,4.265000,4.273000,4.261000,4.265000,changed
2024-11-26 14:20:00+00:00,2026-10-05T11:48:47Z,4.293000,4.314000,4.291000,4.310000,4.293000,4.314000,4.281000,4.310000,changed
2024-11-26 15:20:00+00:00,2026-10-05T11:48:47Z,4.300000,4.324000,4.298000,4.316000,4.298000,4.324000,4.295000,4.316000,changed
2024-11-26 16:20:00+00:00,2026-10-05T11:48:47Z,4.310000,4.320000,4.306000,4.306000,4.322000,4.324000,4.306000,4.306000,changed
2024-11-26 17:20:00+00:00,2026-10-05T11:48:47Z,4.316000,4.318000,4.300000,4.314000,4.316000,4.320000,4.300000,4.314000,changed
2024-11-26 18:20:00+00:00,2026-10-05T11:48:47Z,4.310000,4.320000,4.306000,4.316000,4.306000,4.320000,4.300000,4.316000,changed
2024-11-26 19:20:00+00:00,2026-10-05T11:48:47Z,4.316000,4.320000,4.302000,4.302000,4.320000,4.320000,4.302000,4.302000,changed
2024-11-27 15:20:00+00:00,2026-10-05T11:48:47Z,4.256000,4.275000,4.254000,4.263000,4.246000,4.275000,4.242000,4.263000,changed
2024-11-27 16:20:00+00:00,2026-10-05T11:48:47Z,4.256000,4.265000,4.232000,4.238000,4.265000,4.269000,4.232000,4.238000,changed
2024-11-27 17:20:00+00:00,2026-10-05T11:48:47Z,4.242000,4.248000,4.230000,4.232000,4.263000,4.263000,4.230000,4.232000,changed
2024-11-27 18:20:00+00:00,2026-10-05T11:48:47Z,4.238000,4.238000,4.227000,4.236000,4.238000,4.240000,4.227000,4.236000,changed
2024-11-27 19:20:00+00:00,2026-10-05T11:48:47Z,4.236000,4.246000,4.232000,4.242000,4.232000,4.246000,4.230000,4.242000,changed
2024-11-29 14:20:00+00:00,2026-10-05T11:48:47Z,4.219000,4.219000,4.196000,4.207000,4.203000,4.207000,4.196000,4.207000,changed
2024-11-29 15:20:00+00:00,2026-10-05T11:48:47Z,4.199000,4.217000,4.196000,4.209000,4.197000,4.217000,4.196000,4.209000,changed
2024-11-29 16:20:00+00:00,2026-10-05T11:48:47Z,4.215000,4.217000,4.201000,4.207000,4.205000,4.217000,4.201000,4.207000,changed
2024-11-29 17:20:00+00:00,2026-10-05T11:48:47Z,4.211000,4.211000,4.188000,4.190000,4.209000,4.211000,4.188000,4.190000,changed
2024-11-29 18:20:00+00:00,2026-10-05T11:48:47Z,4.207000,4.207000,4.172000,4.180000,4.194000,4.196000,4.172000,4.180000,changed
2024-11-29 19:20:00+00:00,2026-10-05T11:48:47Z,4.184000,4.184000,4.172000,4.178000,4.172000,4.180000,4.172000,4.178000,changed
2024-11-01 13:20:00+00:00,2026-10-05T12:19:05Z,4.315000,4.315000,4.223000,4.305000,4.235000,4.307000,4.235000,4.305000,changed
2024-11-01 14:20:00+00:00,2026-10-05T12:19:05Z,4.273000,4.345000,4.259000,4.331000,4.275000,4.345000,4.267000,4.331000,changed
2024-11-01 15:20:00+00:00,2026-10-05T12:19:05Z,4.299000,4.355000,4.295000,4.341000,4.329000,4.355000,4.323000,4.341000,changed
2024-11-01 16:20:00+00:00,2026-10-05T12:19:05Z,4.325000,4.355000,4.325000,4.345000,4.347000,4.349000,4.333000,4.345000,changed
2024-11-01 17:20:00+00:00,2026-10-05T12:19:05Z,4.343000,4.365000,4.333000,4.357000,4.343000,4.365000,4.339000,4.357000,changed
2024-11-01 18:20:00+00:00,2026-10-05T12:19:05Z,4.345000,4.365000,4.345000,4.361000,4.355000,4.363000,4.349000,4.361000,changed
2024-11-04 14:20:00+00:00,2026-10-05T12:19:05Z,4.283000,4.287000,4.263000,4.263000,4.293000,4.297000,4.263000,4.263000,changed
2024-11-04 15:20:00+00:00,2026-10-05T12:19:05Z,4.277000,4.305000,4.263000,4.303000,4.281000,4.305000,4.263000,4.303000,changed
2024-11-04 16:20:00+00:00,2026-10-05T12:19:05Z,4.293000,4.309000,4.293000,4.293000,4.275000,4.309000,4.271000,4.293000,changed
2024-11-04 17:20:00+00:00,2026-10-05T12:19:05Z,4.297000,4.329000,4.291000,4.323000,4.301000,4.329000,4.291000,4.323000,changed
2024-11-04 18:20:00+00:00,2026-10-05T12:19:05Z,4.305000,4.329000,4.305000,4.309000,4.297000,4.329000,4.295000,4.309000,changed
2024-11-04 19:20:00+00:00,2026-10-05T12:19:05Z,4.313000,4.313000,4.297000,4.309000,4.325000,4.325000,4.297000,4.309000,changed
2024-11-05 14:20:00+00:00,2026-10-05T12:19:05Z,4.331000,4.360000,4.313000,4.353000,4.325000,4.360000,4.313000,4.353000,changed
2024-11-05 15:20:00+00:00,2026-10-05T12:19:05Z,4.319000,4.366000,4.313000,4.362000,4.339000,4.366000,4.339000,4.362000,changed
2024-11-05 16:20:00+00:00,2026-10-05T12:19:05Z,4.364000,4.366000,4.351000,4.356000,4.356000,4.366000,4.351000,4.356000,changed
2024-11-05 17:20:00+00:00,2026-10-05T12:19:05Z,4.362000,4.366000,4.315000,4.315000,4.357000,4.357000,4.315000,4.315000,changed
2024-11-05 18:20:00+00:00,2026-10-05T12:19:05Z,4.351000,4.353000,4.311000,4.317000,4.351000,4.351000,4.311000,4.317000,changed
2024-11-05 19:20:00+00:00,2026-10-05T12:19:05Z,4.323000,4.327000,4.285000,4.289000,4.313000,4.321000,4.285000,4.289000,changed
2024-11-07 14:20:00+00:00,2026-10-05T12:19:05Z,4.404000,4.404000,4.363000,4.373000,4.426000,4.433000,4.363000,4.373000,changed
2024-11-07 15:20:00+00:00,2026-10-05T12:19:05Z,4.371000,4.375000,4.341000,4.365000,4.390000,4.396000,4.341000,4.365000,changed
2024-11-07 16:20:00+00:00,2026-10-05T12:19:05Z,4.349000,4.369000,4.345000,4.357000,4.363000,4.369000,4.341000,4.357000,changed
2024-11-07 17:20:00+00:00,2026-10-05T12:19:05Z,4.359000,4.365000,4.339000,4.349000,4.365000,4.365000,4.339000,4.349000,changed
2024-11-07 19:20:00+00:00,2026-10-05T12:19:05Z,4.341000,4.377000,4.341000,4.341000,4.347000,4.377000,4.339000,4.341000,changed
2024-11-12 14:20:00+00:00,2026-10-05T12:19:05Z,4.380000,4.394000,4.361000,4.375000,4.390000,4.394000,4.361000,4.375000,changed
2024-11-12 15:20:00+00:00,2026-10-05T12:19:05Z,4.390000,4.394000,4.361000,4.394000,4.369000,4.394000,4.361000,4.394000,changed
2024-11-12 16:20:00+00:00,2026-10-05T12:19:05Z,4.371000,4.443000,4.367000,4.437000,4.388000,4.443000,4.382000,4.437000,changed
2024-11-12 17:20:00+00:00,2026-10-05T12:19:05Z,4.394000,4.443000,4.394000,4.433000,4.412000,4.443000,4.412000,4.433000,changed
2024-11-12 18:20:00+00:00,2026-10-05T12:19:05Z,4.433000,4.443000,4.424000,4.429000,4.433000,4.435000,4.424000,4.429000,changed
2024-11-12 19:20:00+00:00,2026-10-05T12:19:05Z,4.429000,4.435000,4.424000,4.432000,4.426000,4.433000,4.424000,4.432000,changed
2024-11-13 15:20:00+00:00,2026-10-05T12:19:05Z,4.396000,4.445000,4.396000,4.424000,4.396000,4.445000,4.396000,4.426000,changed
2024-11-14 14:20:00+00:00,2026-10-05T12:19:05Z,4.459000,4.461000,4.408000,4.418000,4.443000,4.483000,4.408000,4.418000,changed
2024-11-14 15:20:00+00:00,2026-10-05T12:19:05Z,4.424000,4.439000,4.412000,4.412000,4.420000,4.439000,4.408000,4.412000,changed
2024-11-14 16:20:00+00:00,2026-10-05T12:19:05Z,4.426000,4.428000,4.402000,4.402000,4.420000,4.439000,4.402000,4.402000,changed
2024-11-14 17:20:00+00:00,2026-10-05T12:19:05Z,4.410000,4.410000,4.386000,4.404000,4.408000,4.414000,4.386000,4.404000,changed
2024-11-14 19:20:00+00:00,2026-10-05T12:19:05Z,4.422000,4.422000,4.412000,4.418000,4.408000,4.422000,4.404000,4.418000,changed
2024-11-18 14:20:00+00:00,2026-10-05T12:19:05Z,4.459000,4.467000,4.441000,4.463000,4.487000,4.489000,4.441000,4.463000,changed
2024-11-18 15:20:00+00:00,2026-10-05T12:19:05Z,4.461000,4.469000,4.441000,4.447000,4.453000,4.469000,4.441000,4.447000,changed
2024-11-18 16:20:00+00:00,2026-10-05T12:19:05Z,4.463000,4.463000,4.432000,4.432000,4.459000,4.465000,4.432000,4.432000,changed
2024-11-18 17:20:00+00:00,2026-10-05T12:19:05Z,4.439000,4.443000,4.422000,4.424000,4.449000,4.453000,4.422000,4.424000,changed
2024-11-18 18:20:00+00:00,2026-10-05T12:19:05Z,4.426000,4.430000,4.408000,4.418000,4.430000,4.434000,4.408000,4.418000,changed
2024-11-18 19:20:00+00:00,2026-10-05T12:19:05Z,4.414000,4.422000,4.412000,4.414000,4.410000,4.422000,4.410000,4.414000,changed
2024-11-19 14:20:00+00:00,2026-10-05T12:19:05Z,4.357000,4.384000,4.337000,4.379000,4.341000,4.384000,4.339000,4.379000,changed
2024-11-19 15:20:00+00:00,2026-10-05T12:19:05Z,4.375000,4.386000,4.367000,4.379000,4.382000,4.386000,4.367000,4.379000,changed
2024-11-19 16:20:00+00:00,2026-10-05T12:19:05Z,4.375000,4.386000,4.367000,4.371000,4.373000,4.386000,4.367000,4.371000,changed
2024-11-19 17:20:00+00:00,2026-10-05T12:19:05Z,4.384000,4.390000,4.367000,4.381000,4.375000,4.392000,4.367000,4.381000,changed
2024-11-19 18:20:00+00:00,2026-10-05T12:19:05Z,4.373000,4.390000,4.371000,4.381000,4.384000,4.392000,4.371000,4.381000,changed
2024-11-19 19:20:00+00:00,2026-10-05T12:19:05Z,4.382000,4.384000,4.371000,4.379000,4.375000,4.384000,4.373000,4.379000,changed
2024-11-21 14:20:00+00:00,2026-10-05T12:19:05Z,4.392000,4.414000,4.377000,4.384000,4.418000,4.422000,4.377000,4.384000,changed
2024-11-21 15:20:00+00:00,2026-10-05T12:19:05Z,4.386000,4.414000,4.377000,4.412000,4.402000,4.414000,4.377000,4.412000,changed
2024-11-21 16:20:00+00:00,2026-10-05T12:19:05Z,4.404000,4.426000,4.400000,4.418000,4.384000,4.426000,4.384000,4.418000,changed
2024-11-21 17:20:00+00:00,2026-10-05T12:19:05Z,4.422000,4.426000,4.408000,4.414000,4.408000,4.426000,4.408000,4.414000,changed
2024-11-21 18:20:00+00:00,2026-10-05T12:19:05Z,4.414000,4.434000,4.412000,4.430000,4.418000,4.434000,4.408000,4.430000,changed
2024-11-21 19:20:00+00:00,2026-10-05T12:19:05Z,4.426000,4.438000,4.426000,4.432000,4.420000,4.438000,4.420000,4.432000,changed
2024-11-25 14:20:00+00:00,2026-10-05T12:19:05Z,4.320000,4.322000,4.289000,4.296000,4.322000,4.332000,4.289000,4.296000,changed
2024-11-25 15:20:00+00:00,2026-10-05T12:19:05Z,4.295000,4.304000,4.283000,4.298000,4.291000,4.304000,4.283000,4.298000,changed
2024-11-25 16:20:00+00:00,2026-10-05T12:19:05Z,4.293000,4.308000,4.293000,4.296000,4.293000,4.308000,4.283000,4.296000,changed
2024-11-25 17:20:00+00:00,2026-10-05T12:19:05Z,4.296000,4.304000,4.279000,4.281000,4.295000,4.308000,4.279000,4.281000,changed
2024-11-25 18:20:00+00:00,2026-10-05T12:19:05Z,4.300000,4.300000,4.263000,4.271000,4.298000,4.304000,4.263000,4.271000,changed
2024-11-25 19:20:00+00:00,2026-10-05T12:19:05Z,4.265000,4.273000,4.261000,4.265000,4.277000,4.279000,4.261000,4.265000,changed
2024-11-26 14:20:00+00:00,2026-10-05T12:19:05Z,4.293000,4.314000,4.281000,4.310000,4.293000,4.314000,4.291000,4.310000,changed
2024-11-26 15:20:00+00:00,2026-10-05T12:19:05Z,4.298000,4.324000,4.295000,4.316000,4.300000,4.324000,4.298000,4.316000,changed
2024-11-26 16:20:00+00:00,2026-10-05T12:19:05Z,4.322000,4.324000,4.306000,4.306000,4.310000,4.320000,4.306000,4.306000,changed
2024-11-26 17:20:00+00:00,2026-10-05T12:19:05Z,4.316000,4.320000,4.300000,4.314000,4.316000,4.318000,4.300000,4.314000,changed
2024-11-26 18:20:00+00:00,2026-10-05T12:19:05Z,4.306000,4.320000,4.300000,4.316000,4.310000,4.320000,4.306000,4.316000,changed
2024-11-26 19:20:00+00:00,2026-10-05T12:19:05Z,4.320000,4.320000,4.302000,4.302000,4.316000,4.320000,4.302000,4.302000,changed
2024-11-27 15:20:00+00:00,2026-10-05T12:19:05Z,4.246000,4.275000,4.242000,4.263000,4.256000,4.275000,4.254000,4.263000,changed
2024-11-27 16:20:00+00:00,2026-10-05T12:19:05Z,4.265000,4.269000,4.232000,4.238000,4.256000,4.265000,4.232000,4.238000,changed
2024-11-27 17:20:00+00:00,2026-10-05T12:19:05Z,4.263000,4.263000,4.230000,4.232000,4.242000,4.248000,4.230000,4.232000,changed
2024-11-27 18:20:00+00:00,2026-10-05T12:19:05Z,4.238000,4.240000,4.227000,4.236000,4.238000,4.238000,4.227000,4.236000,changed
2024-11-27 19:20:00+00:00,2026-10-05T12:19:05Z,4.232000,4.246000,4.230000,4.242000,4.236000,4.246000,4.232000,4.242000,changed
2024-11-29 14:20:00+00:00,2026-10-05T12:19:05Z,4.203000,4.207000,4.196000,4.207000,4.219000,4.219000,4.196000,4.207000,changed
2024-11-29 15:20:00+00:00,2026-10-05T12:19:05Z,4.197000,4.217000,4.196000,4.209000,4.199000,4.217000,4.196000,4.209000,changed
2024-11-29 16:20:00+00:00,2026-10-05T12:19:05Z,4.205000,4.217000,4.201000,4.207000,4.215000,4.217000,4.201000,4.207000,changed
2024-11-29 17:20:00+00:00,2026-10-05T12:19:05Z,4.209000,4.211000,4.188000,4.190000,4.211000,4.211000,4.188000,4.190000,changed
2024-11-29 18:20:00+00:00,2026-10-05T12:19:05Z,4.194000,4.196000,4.172000,4.180000,4.207000,4.207000,4.172000,4.180000,changed
2024-11-29 19:20:00+00:00,2026-10-05T12:19:05Z,4.172000,4.180000,4.172000,4.178000,4.184000,4.184000,4.172000,4.178000,changed
2024-11-01 13:20:00+00:00,2026-10-05T12:43:13Z,4.235000,4.307000,4.235000,4.305000,4.315000,4.315000,4.223000,4.305000,changed
2024-11-01 14:20:00+00:00,2026-10-05T12:43:13Z,4.275000,4.345000,4.267000,4.331000,4.273000,4.345000,4.259000,4.331000,changed
2024-11-01 15:20:00+00:00,2026-10-05T12:43:13Z,4.329000,4.355000,4.323000,4.341000,4.299000,4.355000,4.295000,4.341000,changed
2024-11-01 16:20:00+00:00,2026-10-05T12:43:13Z,4.347000,4.349000,4.333000,4.345000,4.325000,4.355000,4.325000,4.345000,changed
2024-11-01 17:20:00+00:00,2026-10-05T12:43:13Z,4.343000,4.365000,4.339000,4.357000,4.343000,4.365000,4.333000,4.357000,changed
2024-11-01 18:20:00+00:00,2026-10-05T12:43:13Z,4.355000,4.363000,4.349000,4.361000,4.345000,4.365000,4.345000,4.361000,changed
2024-11-04 14:20:00+00:00,2026-10-05T12:43:13Z,4.293000,4.297000,4.263000,4.263000,4.283000,4.287000,4.263000,4.263000,changed
2024-11-04 15:20:00+00:00,2026-10-05T12:43:13Z,4.281000,4.305000,4.263000,4.303000,4.277000,4.305000,4.263000,4.303000,changed
2024-11-04 16:20:00+00:00,2026-10-05T12:43:13Z,4.275000,4.309000,4.271000,4.293000,4.293000,4.309000,4.293000,4.293000,changed
2024-11-04 17:20:00+00:00,2026-10-05T12:43:13Z,4.301000,4.329000,4.291000,4.323000,4.297000,4.329000,4.291000,4.323000,changed
2024-11-04 18:20:00+00:00,2026-10-05T12:43:13Z,4.297000,4.329000,4.295000,4.309000,4.305000,4.329000,4.305000,4.309000,changed
2024-11-04 19:20:00+00:00,2026-10-05T12:43:13Z,4.325000,4.325000,4.297000,4.309000,4.313000,4.313000,4.297000,4.309000,changed
2024-11-05 14:20:00+00:00,2026-10-05T12:43:13Z,4.325000,4.360000,4.313000,4.353000,4.331000,4.360000,4.313000,4.353000,changed
2024-11-05 15:20:00+00:00,2026-10-05T12:43:13Z,4.339000,4.366000,4.339000,4.362000,4.319000,4.366000,4.313000,4.362000,changed
2024-11-05 16:20:00+00:00,2026-10-05T12:43:13Z,4.356000,4.366000,4.351000,4.356000,4.364000,4.366000,4.351000,4.356000,changed
2024-11-05 17:20:00+00:00,2026-10-05T12:43:13Z,4.357000,4.357000,4.315000,4.315000,4.362000,4.366000,4.315000,4.315000,changed
2024-11-05 18:20:00+00:00,2026-10-05T12:43:13Z,4.351000,4.351000,4.311000,4.317000,4.351000,4.353000,4.311000,4.317000,changed
2024-11-05 19:20:00+00:00,2026-10-05T12:43:13Z,4.313000,4.321000,4.285000,4.289000,4.323000,4.327000,4.285000,4.289000,changed
2024-11-07 14:20:00+00:00,2026-10-05T12:43:13Z,4.426000,4.433000,4.363000,4.373000,4.404000,4.404000,4.363000,4.373000,changed
2024-11-07 15:20:00+00:00,2026-10-05T12:43:13Z,4.390000,4.396000,4.341000,4.365000,4.371000,4.375000,4.341000,4.365000,changed
2024-11-07 16:20:00+00:00,2026-10-05T12:43:13Z,4.363000,4.369000,4.341000,4.357000,4.349000,4.369000,4.345000,4.357000,changed
2024-11-07 17:20:00+00:00,2026-10-05T12:43:13Z,4.365000,4.365000,4.339000,4.349000,4.359000,4.365000,4.339000,4.349000,changed
2024-11-07 19:20:00+00:00,2026-10-05T12:43:13Z,4.347000,4.377000,4.339000,4.341000,4.341000,4.377000,4.341000,4.341000,changed
2024-11-12 14:20:00+00:00,2026-10-05T12:43:13Z,4.390000,4.394000,4.361000,4.375000,4.380000,4.394000,4.361000,4.375000,changed
2024-11-12 15:20:00+00:00,2026-10-05T12:43:13Z,4.369000,4.394000,4.361000,4.394000,4.390000,4.394000,4.361000,4.394000,changed
2024-11-12 16:20:00+00:00,2026-10-05T12:43:13Z,4.388000,4.443000,4.382000,4.437000,4.371000,4.443000,4.367000,4.437000,changed
2024-11-12 17:20:00+00:00,2026-10-05T12:43:13Z,4.412000,4.443000,4.412000,4.433000,4.394000,4.443000,4.394000,4.433000,changed
2024-11-12 18:20:00+00:00,2026-10-05T12:43:13Z,4.433000,4.435000,4.424000,4.429000,4.433000,4.443000,4.424000,4.429000,changed
2024-11-12 19:20:00+00:00,2026-10-05T12:43:13Z,4.426000,4.433000,4.424000,4.432000,4.429000,4.435000,4.424000,4.432000,changed
2024-11-13 15:20:00+00:00,2026-10-05T12:43:13Z,4.396000,4.445000,4.396000,4.426000,4.396000,4.445000,4.396000,4.424000,changed
2024-11-14 14:20:00+00:00,2026-10-05T12:43:13Z,4.443000,4.483000,4.408000,4.418000,4.459000,4.461000,4.408000,4.418000,changed
2024-11-14 15:20:00+00:00,2026-10-05T12:43:13Z,4.420000,4.439000,4.408000,4.412000,4.424000,4.439000,4.412000,4.412000,changed
2024-11-14 16:20:00+00:00,2026-10-05T12:43:13Z,4.420000,4.439000,4.402000,4.402000,4.426000,4.428000,4.402000,4.402000,changed
2024-11-14 17:20:00+00:00,2026-10-05T12:43:13Z,4.408000,4.414000,4.386000,4.404000,4.410000,4.410000,4.386000,4.404000,changed
2024-11-14 19:20:00+00:00,2026-10-05T12:43:13Z,4.408000,4.422000,4.404000,4.418000,4.422000,4.422000,4.412000,4.418000,changed
2024-11-18 14:20:00+00:00,2026-10-05T12:43:13Z,4.487000,4.489000,4.441000,4.463000,4.459000,4.467000,4.441000,4.463000,changed
2024-11-18 15:20:00+00:00,2026-10-05T12:43:13Z,4.453000,4.469000,4.441000,4.447000,4.461000,4.469000,4.441000,4.447000,changed
2024-11-18 16:20:00+00:00,2026-10-05T12:43:13Z,4.459000,4.465000,4.432000,4.432000,4.463000,4.463000,4.432000,4.432000,changed
2024-11-18 17:20:00+00:00,2026-10-05T12:43:13Z,4.449000,4.453000,4.422000,4.424000,4.439000,4.443000,4.422000,4.424000,changed
2024-11-18 18:20:00+00:00,2026-10-05T12:43:13Z,4.430000,4.434000,4.408000,4.418000,4.426000,4.430000,4.408000,4.418000,changed
2024-11-18 19:20:00+00:00,2026-10-05T12:43:13Z,4.410000,4.422000,4.410000,4.414000,4.414000,4.422000,4.412000,4.414000,changed
2024-11-19 14:20:00+00:00,2026-10-05T12:43:13Z,4.341000,4.384000,4.339000,4.379000,4.357000,4.384000,4.337000,4.379000,changed
2024-11-19 15:20:00+00:00,2026-10-05T12:43:13Z,4.382000,4.386000,4.367000,4.379000,4.375000,4.386000,4.367000,4.379000,changed
2024-11-19 16:20:00+00:00,2026-10-05T12:43:13Z,4.373000,4.386000,4.367000,4.371000,4.375000,4.386000,4.367000,4.371000,changed
2024-11-19 17:20:00+00:00,2026-10-05T12:43:13Z,4.375000,4.392000,4.367000,4.381000,4.384000,4.390000,4.367000,4.381000,changed
2024-11-19 18:20:00+00:00,2026-10-05T12:43:13Z,4.384000,4.392000,4.371000,4.381000,4.373000,4.390000,4.371000,4.381000,changed
2024-11-19 19:20:00+00:00,2026-10-05T12:43:13Z,4.375000,4.384000,4.373000,4.379000,4.382000,4.384000,4.371000,4.379000,changed
2024-11-21 14:20:00+00:00,2026-10-05T12:43:13Z,4.418000,4.422000,4.377000,4.384000,4.392000,4.414000,4.377000,4.384000,changed
2024-11-21 15:20:00+00:00,2026-10-05T12:43:13Z,4.402000,4.414000,4.377000,4.412000,4.386000,4.414000,4.377000,4.412000,changed
2024-11-21 16:20:00+00:00,2026-10-05T12:43:13Z,4.384000,4.426000,4.384000,4.418000,4.404000,4.426000,4.400000,4.418000,changed
2024-11-21 17:20:00+00:00,2026-10-05T12:43:13Z,4.408000,4.426000,4.408000,4.414000,4.422000,4.426000,4.408000,4.414000,changed
2024-11-21 18:20:00+00:00,2026-10-05T12:43:13Z,4.418000,4.434000,4.408000,4.430000,4.414000,4.434000,4.412000,4.430000,changed
2024-11-21 19:20:00+00:00,2026-10-05T12:43:13Z,4.420000,4.438000,4.420000,4.432000,4.426000,4.438000,4.426000,4.432000,changed
2024-11-25 14:20:00+00:00,2026-10-05T12:43:13Z,4.322000,4.332000,4.289000,4.296000,4.320000,4.322000,4.289000,4.296000,changed
2024-11-25 15:20:00+00:00,2026-10-05T12:43:13Z,4.291000,4.304000,4.283000,4.298000,4.295000,4.304000,4.283000,4.298000,changed
2024-11-25 16:20:00+00:00,2026-10-05T12:43:13Z,4.293000,4.308000,4.283000,4.296000,4.293000,4.308000,4.293000,4.296000,changed
2024-11-25 17:20:00+00:00,2026-10-05T12:43:13Z,4.295000,4.308000,4.279000,4.281000,4.296000,4.304000,4.279000,4.281000,changed
2024-11-25 18:20:00+00:00,2026-10-05T12:43:13Z,4.298000,4.304000,4.263000,4.271000,4.300000,4.300000,4.263000,4.271000,changed
2024-11-25 19:20:00+00:00,2026-10-05T12:43:13Z,4.277000,4.279000,4.261000,4.265000,4.265000,4.273000,4.261000,4.265000,changed
2024-11-26 14:20:00+00:00,2026-10-05T12:43:13Z,4.293000,4.314000,4.291000,4.310000,4.293000,4.314000,4.281000,4.310000,changed
2024-11-26 15:20:00+00:00,2026-10-05T12:43:13Z,4.300000,4.324000,4.298000,4.316000,4.298000,4.324000,4.295000,4.316000,changed
2024-11-26 16:20:00+00:00,2026-10-05T12:43:13Z,4.310000,4.320000,4.306000,4.306000,4.322000,4.324000,4.306000,4.306000,changed
2024-11-26 17:20:00+00:00,2026-10-05T12:43:13Z,4.316000,4.318000,4.300000,4.314000,4.316000,4.320000,4.300000,4.314000,changed
2024-11-26 18:20:00+00:00,2026-10-05T12:43:13Z,4.310000,4.320000,4.306000,4.316000,4.306000,4.320000,4.300000,4.316000,changed
2024-11-26 19:20:00+00:00,2026-10-05T12:43:13Z,4.316000,4.320000,4.302000,4.302000,4.320000,4.320000,4.302000,4.302000,changed
2024-11-27 15:20:00+00:00,2026-10-05T12:43:13Z,4.256000,4.275000,4.254000,4.263000,4.246000,4.275000,4.242000,4.263000,changed
2024-11-27 16:20:00+00:00,2026-10-05T12:43:13Z,4.256000,4.265000,4.232000,4.238000,4.265000,4.269000,4.232000,4.238000,changed
2024-11-27 17:20:00+00:00,2026-10-05T12:43:13Z,4.242000,4.248000,4.230000,4.232000,4.263000,4.263000,4.230000,4.232000,changed
2024-11-27 18:20:00+00:00,2026-10-05T12:43:13Z,4.238000,4.238000,4.227000,4.236000,4.238000,4.240000,4.227000,4.236000,changed
2024-11-27 19:20:00+00:00,2026-10-05T12:43:13Z,4.236000,4.246000,4.232000,4.242000,4.232000,4.246000,4.230000,4.242000,changed
2024-11-29 14:20:00+00:00,2026-10-05T12:43:13Z,4.219000,4.219000,4.196000,4.207000,4.203000,4.207000,4.196000,4.207000,changed
2024-11-29 15:20:00+00:00,2026-10-05T12:43:13Z,4.199000,4.217000,4.196000,4.209000,4.197000,4.217000,4.196000,4.209000,changed
2024-11-29 16:20:00+00:00,2026-10-05T12:43:13Z,4.215000,4.217000,4.201000,4.207000,4.205000,4.217000,4.201000,4.207000,changed
2024-11-29 17:20:00+00:00,2026-10-05T12:43:13Z,4.211000,4.211000,4.188000,4.190000,4.209000,4.211000,4.188000,4.190000,changed
2024-11-29 18:20:00+00:00,2026-10-05T12:43:13Z,4.207000,4.207000,4.172000,4.180000,4.194000,4.196000,4.172000,4.180000,changed
2024-11-29 19:20:00+00:00,2026-10-05T12:43:13Z,4.184000,4.184000,4.172000,4.178000,4.172000,4.180000,4.172000,4.178000,changed
2024-11-01 13:20:00+00:00,2026-10-05T13:26:20Z,4.315000,4.315000,4.223000,4.305000,4.235000,4.307000,4.235000,4.305000,changed
2024-11-01 14:20:00+00:00,2026-10-05T13:26:20Z,4.273000,4.345000,4.259000,4.331000,4.275000,4.345000,4.267000,4.331000,changed
2024-11-01 15:20:00+00:00,2026-10-05T13:26:20Z,4.299000,4.355000,4.295000,4.341000,4.329000,4.355000,4.323000,4.341000,changed
2024-11-01 16:20:00+00:00,2026-10-05T13:26:20Z,4.325000,4.355000,4.325000,4.345000,4.347000,4.349000,4.333000,4.345000,changed
2024-11-01 17:20:00+00:00,2026-10-05T13:26:20Z,4.343000,4.365000,4.333000,4.357000,4.343000,4.365000,4.339000,4.357000,changed
2024-11-01 18:20:00+00:00,2026-10-05T13:26:20Z,4.345000,4.365000,4.345000,4.361000,4.355000,4.363000,4.349000,4.361000,changed
2024-11-04 14:20:00+00:00,2026-10-05T13:26:20Z,4.283000,4.287000,4.263000,4.263000,4.293000,4.297000,4.263000,4.263000,changed
2024-11-04 15:20:00+00:00,2026-10-05T13:26:20Z,4.277000,4.305000,4.263000,4.303000,4.281000,4.305000,4.263000,4.303000,changed
2024-11-04 16:20:00+00:00,2026-10-05T13:26:20Z,4.293000,4.309000,4.293000,4.293000,4.275000,4.309000,4.271000,4.293000,changed
2024-11-04 17:20:00+00:00,2026-10-05T13:26:20Z,4.297000,4.329000,4.291000,4.323000,4.301000,4.329000,4.291000,4.323000,changed
2024-11-04 18:20:00+00:00,2026-10-05T13:26:20Z,4.305000,4.329000,4.305000,4.309000,4.297000,4.329000,4.295000,4.309000,changed
2024-11-04 19:20:00+00:00,2026-10-05T13:26:20Z,4.313000,4.313000,4.297000,4.309000,4.325000,4.325000,4.297000,4.309000,changed
2024-11-05 14:20:00+00:00,2026-10-05T13:26:20Z,4.331000,4.360000,4.313000,4.353000,4.325000,4.360000,4.313000,4.353000,changed
2024-11-05 15:20:00+00:00,2026-10-05T13:26:20Z,4.319000,4.366000,4.313000,4.362000,4.339000,4.366000,4.339000,4.362000,changed
2024-11-05 16:20:00+00:00,2026-10-05T13:26:20Z,4.364000,4.366000,4.351000,4.356000,4.356000,4.366000,4.351000,4.356000,changed
2024-11-05 17:20:00+00:00,2026-10-05T13:26:20Z,4.362000,4.366000,4.315000,4.315000,4.357000,4.357000,4.315000,4.315000,changed
2024-11-05 18:20:00+00:00,2026-10-05T13:26:20Z,4.351000,4.353000,4.311000,4.317000,4.351000,4.351000,4.311000,4.317000,changed
2024-11-05 19:20:00+00:00,2026-10-05T13:26:20Z,4.323000,4.327000,4.285000,4.289000,4.313000,4.321000,4.285000,4.289000,changed
2024-11-07 14:20:00+00:00,2026-10-05T13:26:20Z,4.404000,4.404000,4.363000,4.373000,4.426000,4.433000,4.363000,4.373000,changed
2024-11-07 15:20:00+00:00,2026-10-05T13:26:20Z,4.371000,4.375000,4.341000,4.365000,4.390000,4.396000,4.341000,4.365000,changed
2024-11-07 16:20:00+00:00,2026-10-05T13:26:20Z,4.349000,4.369000,4.345000,4.357000,4.363000,4.369000,4.341000,4.357000,changed
2024-11-07 17:20:00+00:00,2026-10-05T13:26:20Z,4.359000,4.365000,4.339000,4.349000,4.365000,4.365000,4.339000,4.349000,changed
2024-11-07 19:20:00+00:00,2026-10-05T13:26:20Z,4.341000,4.377000,4.341000,4.341000,4.347000,4.377000,4.339000,4.341000,changed
2024-11-12 14:20:00+00:00,2026-10-05T13:26:20Z,4.380000,4.394000,4.361000,4.375000,4.390000,4.394000,4.361000,4.375000,changed
2024-11-12 15:20:00+00:00,2026-10-05T13:26:20Z,4.390000,4.394000,4.361000,4.394000,4.369000,4.394000,4.361000,4.394000,changed
2024-11-12 16:20:00+00:00,2026-10-05T13:26:20Z,4.371000,4.443000,4.367000,4.437000,4.388000,4.443000,4.382000,4.437000,changed
2024-11-12 17:20:00+00:00,2026-10-05T13:26:20Z,4.394000,4.443000,4.394000,4.433000,4.412000,4.443000,4.412000,4.433000,changed
2024-11-12 18:20:00+00:00,2026-10-05T13:26:20Z,4.433000,4.443000,4.424000,4.429000,4.433000,4.435000,4.424000,4.429000,changed
2024-11-12 19:20:00+00:00,2026-10-05T13:26:20Z,4.429000,4.435000,4.424000,4.432000,4.426000,4.433000,4.424000,4.432000,changed
2024-11-13 15:20:00+00:00,2026-10-05T13:26:20Z,4.396000,4.445000,4.396000,4.424000,4.396000,4.445000,4.396000,4.426000,changed
2024-11-14 14:20:00+00:00,2026-10-05T13:26:20Z,4.459000,4.461000,4.408000,4.418000,4.443000,4.483000,4.408000,4.418000,changed
2024-11-14 15:20:00+00:00,2026-10-05T13:26:20Z,4.424000,4.439000,4.412000,4.412000,4.420000,4.439000,4.408000,4.412000,changed
2024-11-14 16:20:00+00:00,2026-10-05T13:26:20Z,4.426000,4.428000,4.402000,4.402000,4.420000,4.439000,4.402000,4.402000,changed
2024-11-14 17:20:00+00:00,2026-10-05T13:26:20Z,4.410000,4.410000,4.386000,4.404000,4.408000,4.414000,4.386000,4.404000,changed
2024-11-14 19:20:00+00:00,2026-10-05T13:26:20Z,4.422000,4.422000,4.412000,4.418000,4.408000,4.422000,4.404000,4.418000,changed
2024-11-18 14:20:00+00:00,2026-10-05T13:26:20Z,4.459000,4.467000,4.441000,4.463000,4.487000,4.489000,4.441000,4.463000,changed
2024-11-18 15:20:00+00:00,2026-10-05T13:26:20Z,4.461000,4.469000,4.441000,4.447000,4.453000,4.469000,4.441000,4.447000,changed
2024-11-18 16:20:00+00:00,2026-10-05T13:26:20Z,4.463000,4.463000,4.432000,4.432000,4.459000,4.465000,4.432000,4.432000,changed
2024-11-18 17:20:00+00:00,2026-10-05T13:26:20Z,4.439000,4.443000,4.422000,4.424000,4.449000,4.453000,4.422000,4.424000,changed
2024-11-18 18:20:00+00:00,2026-10-05T13:26:20Z,4.426000,4.430000,4.408000,4.418000,4.430000,4.434000,4.408000,4.418000,changed
2024-11-18 19:20:00+00:00,2026-10-05T13:26:20Z,4.414000,4.422000,4.412000,4.414000,4.410000,4.422000,4.410000,4.414000,changed
2024-11-19 14:20:00+00:00,2026-10-05T13:26:20Z,4.357000,4.384000,4.337000,4.379000,4.341000,4.384000,4.339000,4.379000,changed
2024-11-19 15:20:00+00:00,2026-10-05T13:26:20Z,4.375000,4.386000,4.367000,4.379000,4.382000,4.386000,4.367000,4.379000,changed
2024-11-19 16:20:00+00:00,2026-10-05T13:26:20Z,4.375000,4.386000,4.367000,4.371000,4.373000,4.386000,4.367000,4.371000,changed
2024-11-19 17:20:00+00:00,2026-10-05T13:26:20Z,4.384000,4.390000,4.367000,4.381000,4.375000,4.392000,4.367000,4.381000,changed
2024-11-19 18:20:00+00:00,2026-10-05T13:26:20Z,4.373000,4.390000,4.371000,4.381000,4.384000,4.392000,4.371000,4.381000,changed
2024-11-19 19:20:00+00:00,2026-10-05T13:26:20Z,4.382000,4.384000,4.371000,4.379000,4.375000,4.384000,4.373000,4.379000,changed
2024-11-21 14:20:00+00:00,2026-10-05T13:26:20Z,4.392000,4.414000,4.377000,4.384000,4.418000,4.422000,4.377000,4.384000,changed
2024-11-21 15:20:00+00:00,2026-10-05T13:26:20Z,4.386000,4.414000,4.377000,4.412000,4.402000,4.414000,4.377000,4.412000,changed
2024-11-21 16:20:00+00:00,2026-10-05T13:26:20Z,4.404000,4.426000,4.400000,4.418000,4.384000,4.426000,4.384000,4.418000,changed
2024-11-21 17:20:00+00:00,2026-10-05T13:26:20Z,4.422000,4.426000,4.408000,4.414000,4.408000,4.426000,4.408000,4.414000,changed
2024-11-21 18:20:00+00:00,2026-10-05T13:26:20Z,4.414000,4.434000,4.412000,4.430000,4.418000,4.434000,4.408000,4.430000,changed
2024-11-21 19:20:00+00:00,2026-10-05T13:26:20Z,4.426000,4.438000,4.426000,4.432000,4.420000,4.438000,4.420000,4.432000,changed
2024-11-25 14:20:00+00:00,2026-10-05T13:26:20Z,4.320000,4.322000,4.289000,4.296000,4.322000,4.332000,4.289000,4.296000,changed
2024-11-25 15:20:00+00:00,2026-10-05T13:26:20Z,4.295000,4.304000,4.283000,4.298000,4.291000,4.304000,4.283000,4.298000,changed
2024-11-25 16:20:00+00:00,2026-10-05T13:26:20Z,4.293000,4.308000,4.293000,4.296000,4.293000,4.308000,4.283000,4.296000,changed
2024-11-25 17:20:00+00:00,2026-10-05T13:26:20Z,4.296000,4.304000,4.279000,4.281000,4.295000,4.308000,4.279000,4.281000,changed
2024-11-25 18:20:00+00:00,2026-10-05T13:26:20Z,4.300000,4.300000,4.263000,4.271000,4.298000,4.304000,4.263000,4.271000,changed
2024-11-25 19:20:00+00:00,2026-10-05T13:26:20Z,4.265000,4.273000,4.261000,4.265000,4.277000,4.279000,4.261000,4.265000,changed
2024-11-26 14:20:00+00:00,2026-10-05T13:26:20Z,4.293000,4.314000,4.281000,4.310000,4.293000,4.314000,4.291000,4.310000,changed
2024-11-26 15:20:00+00:00,2026-10-05T13:26:20Z,4.298000,4.324000,4.295000,4.316000,4.300000,4.324000,4.298000,4.316000,changed
2024-11-26 16:20:00+00:00,2026-10-05T13:26:20Z,4.322000,4.324000,4.306000,4.306000,4.310000,4.320000,4.306000,4.306000,changed
2024-11-26 17:20:00+00:00,2026-10-05T13:26:20Z,4.316000,4.320000,4.300000,4.314000,4.316000,4.318000,4.300000,4.314000,changed
2024-11-26 18:20:00+00:00,2026-10-05T13:26:20Z,4.306000,4.320000,4.300000,4.316000,4.310000,4.320000,4.306000,4.316000,changed
2024-11-26 19:20:00+00:00,2026-10-05T13:26:20Z,4.320000,4.320000,4.302000,4.302000,4.316000,4.320000,4.302000,4.302000,changed
2024-11-27 15:20:00+00:00,2026-10-05T13:26:20Z,4.246000,4.275000,4.242000,4.263000,4.256000,4.275000,4.254000,4.263000,changed
2024-11-27 16:20:00+00:00,2026-10-05T13:26:20Z,4.265000,4.269000,4.232000,4.238000,4.256000,4.265000,4.232000,4.238000,changed
2024-11-27 17:20:00+00:00,2026-10-05T13:26:20Z,4.263000,4.263000,4.230000,4.232000,4.242000,4.248000,4.230000,4.232000,changed
2024-11-27 18:20:00+00:00,2026-10-05T13:26:20Z,4.238000,4.240000,4.227000,4.236000,4.238000,4.238000,4.227000,4.236000,changed
2024-11-27 19:20:00+00:00,2026-10-05T13:26:20Z,4.232000,4.246000,4.230000,4.242000,4.236000,4.246000,4.232000,4.242000,changed
2024-11-29 14:20:00+00:00,2026-10-05T13:26:20Z,4.203000,4.207000,4.196000,4.207000,4.219000,4.219000,4.196000,4.207000,changed
2024-11-29 15:20:00+00:00,2026-10-05T13:26:20Z,4.197000,4.217000,4.196000,4.209000,4.199000,4.217000,4.196000,4.209000,changed
2024-11-29 16:20:00+00:00,2026-10-05T13:26:20Z,4.205000,4.217000,4.201000,4.207000,4.215000,4.217000,4.201000,4.207000,changed
2024-11-29 17:20:00+00:00,2026-10-05T13:26:20Z,4.209000,4.211000,4.188000,4.190000,4.211000,4.211000,4.188000,4.190000,changed
2024-11-29 18:20:00+00:00,2026-10-05T13:26:20Z,4.194000,4.196000,4.172000,4.180000,4.207000,4.207000,4.172000,4.180000,changed
2024-11-29 19:20:00+00:00,2026-10-05T13:26:20Z,4.172000,4.180000,4.172000,4.178000,4.184000,4.184000,4.172000,4.178000,changed
2024-11-01 13:20:00+00:00,2026-10-05T14:21:32Z,4.235000,4.307000,4.235000,4.305000,4.315000,4.315000,4.223000,4.305000,changed
2024-11-01 14:20:00+00:00,2026-10-05T14:21:32Z,4.275000,4.345000,4.267000,4.331000,4.273000,4.345000,4.259000,4.331000,changed
2024-11-01 15:20:00+00:00,2026-10-05T14:21:32Z,4.329000,4.355000,4.323000,4.341000,4.299000,4.355000,4.295000,4.341000,changed
2024-11-01 16:20:00+00:00,2026-10-05T14:21:32Z,4.347000,4.349000,4.333000,4.345000,4.325000,4.355000,4.325000,4.345000,changed
2024-11-01 17:20:00+00:00,2026-10-05T14:21:32Z,4.343000,4.365000,4.339000,4.357000,4.343000,4.365000,4.333000,4.357000,changed
2024-11-01 18:20:00+00:00,2026-10-05T14:21:32Z,4.355000,4.363000,4.349000,4.361000,4.345000,4.365000,4.345000,4.361000,changed
2024-11-04 14:20:00+00:00,2026-10-05T14:21:32Z,4.293000,4.297000,4.263000,4.263000,4.283000,4.287000,4.263000,4.263000,changed
2024-11-04 15:20:00+00:00,2026-10-05T14:21:32Z,4.281000,4.305000,4.263000,4.303000,4.277000,4.305000,4.263000,4.303000,changed
2024-11-04 16:20:00+00:00,2026-10-05T14:21:32Z,4.275000,4.309000,4.271000,4.293000,4.293000,4.309000,4.293000,4.293000,changed
2024-11-04 17:20:00+00:00,2026-10-05T14:21:32Z,4.301000,4.329000,4.291000,4.323000,4.297000,4.329000,4.291000,4.323000,changed
2024-11-04 18:20:00+00:00,2026-10-05T14:21:32Z,4.297000,4.329000,4.295000,4.309000,4.305000,4.329000,4.305000,4.309000,changed
2024-11-04 19:20:00+00:00,2026-10-05T14:21:32Z,4.325000,4.325000,4.297000,4.309000,4.313000,4.313000,4.297000,4.309000,changed
2024-11-05 14:20:00+00:00,2026-10-05T14:21:32Z,4.325000,4.360000,4.313000,4.353000,4.331000,4.360000,4.313000,4.353000,changed
2024-11-05 15:20:00+00:00,2026-10-05T14:21:32Z,4.339000,4.366000,4.339000,4.362000,4.319000,4.366000,4.313000,4.362000,changed
2024-11-05 16:20:00+00:00,2026-10-05T14:21:32Z,4.356000,4.366000,4.351000,4.356000,4.364000,4.366000,4.351000,4.356000,changed
2024-11-05 17:20:00+00:00,2026-10-05T14:21:32Z,4.357000,4.357000,4.315000,4.315000,4.362000,4.366000,4.315000,4.315000,changed
2024-11-05 18:20:00+00:00,2026-10-05T14:21:32Z,4.351000,4.351000,4.311000,4.317000,4.351000,4.353000,4.311000,4.317000,changed
2024-11-05 19:20:00+00:00,2026-10-05T14:21:32Z,4.313000,4.321000,4.285000,4.289000,4.323000,4.327000,4.285000,4.289000,changed
2024-11-07 14:20:00+00:00,2026-10-05T14:21:32Z,4.426000,4.433000,4.363000,4.373000,4.404000,4.404000,4.363000,4.373000,changed
2024-11-07 15:20:00+00:00,2026-10-05T14:21:32Z,4.390000,4.396000,4.341000,4.365000,4.371000,4.375000,4.341000,4.365000,changed
2024-11-07 16:20:00+00:00,2026-10-05T14:21:32Z,4.363000,4.369000,4.341000,4.357000,4.349000,4.369000,4.345000,4.357000,changed
2024-11-07 17:20:00+00:00,2026-10-05T14:21:32Z,4.365000,4.365000,4.339000,4.349000,4.359000,4.365000,4.339000,4.349000,changed
2024-11-07 19:20:00+00:00,2026-10-05T14:21:32Z,4.347000,4.377000,4.339000,4.341000,4.341000,4.377000,4.341000,4.341000,changed
2024-11-12 14:20:00+00:00,2026-10-05T14:21:32Z,4.390000,4.394000,4.361000,4.375000,4.380000,4.394000,4.361000,4.375000,changed
2024-11-12 15:20:00+00:00,2026-10-05T14:21:32Z,4.369000,4.394000,4.361000,4.394000,4.390000,4.394000,4.361000,4.394000,changed
2024-11-12 16:20:00+00:00,2026-10-05T14:21:32Z,4.388000,4.443000,4.382000,4.437000,4.371000,4.443000,4.367000,4.437000,changed
2024-11-12 17:20:00+00:00,2026-10-05T14:21:32Z,4.412000,4.443000,4.412000,4.433000,4.394000,4.443000,4.394000,4.433000,changed
2024-11-12 18:20:00+00:00,2026-10-05T14:21:32Z,4.433000,4.435000,4.424000,4.429000,4.433000,4.443000,4.424000,4.429000,changed
2024-11-12 19:20:00+00:00,2026-10-05T14:21:32Z,4.426000,4.433000,4.424000,4.432000,4.429000,4.435000,4.424000,4.432000,changed
2024-11-13 15:20:00+00:00,2026-10-05T14:21:32Z,4.396000,4.445000,4.396000,4.426000,4.396000,4.445000,4.396000,4.424000,changed
2024-11-14 14:20:00+00:00,2026-10-05T14:21:32Z,4.443000,4.483000,4.408000,4.418000,4.459000,4.461000,4.408000,4.418000,changed
2024-11-14 15:20:00+00:00,2026-10-05T14:21:32Z,4.420000,4.439000,4.408000,4.412000,4.424000,4.439000,4.412000,4.412000,changed
2024-11-14 16:20:00+00:00,2026-10-05T14:21:32Z,4.420000,4.439000,4.402000,4.402000,4.426000,4.428000,4.402000,4.402000,changed
2024-11-14 17:20:00+00:00,2026-10-05T14:21:32Z,4.408000,4.414000,4.386000,4.404000,4.410000,4.410000,4.386000,4.404000,changed
2024-11-14 19:20:00+00:00,2026-10-05T14:21:32Z,4.408000,4.422000,4.404000,4.418000,4.422000,4.422000,4.412000,4.418000,changed
2024-11-18 14:20:00+00:00,2026-10-05T14:21:32Z,4.487000,4.489000,4.441000,4.463000,4.459000,4.467000,4.441000,4.463000,changed
2024-11-18 15:20:00+00:00,2026-10-05T14:21:32Z,4.453000,4.469000,4.441000,4.447000,4.461000,4.469000,4.441000,4.447000,changed
2024-11-18 16:20:00+00:00,2026-10-05T14:21:32Z,4.459000,4.465000,4.432000,4.432000,4.463000,4.463000,4.432000,4.432000,changed
2024-11-18 17:20:00+00:00,2026-10-05T14:21:32Z,4.449000,4.453000,4.422000,4.424000,4.439000,4.443000,4.422000,4.424000,changed
2024-11-18 18:20:00+00:00,2026-10-05T14:21:32Z,4.430000,4.434000,4.408000,4.418000,4.426000,4.430000,4.408000,4.418000,changed
2024-11-18 19:20:00+00:00,2026-10-05T14:21:32Z,4.410000,4.422000,4.410000,4.414000,4.414000,4.422000,4.412000,4.414000,changed
2024-11-19 14:20:00+00:00,2026-10-05T14:21:32Z,4.341000,4.384000,4.339000,4.379000,4.357000,4.384000,4.337000,4.379000,changed
2024-11-19 15:20:00+00:00,2026-10-05T14:21:32Z,4.382000,4.386000,4.367000,4.379000,4.375000,4.386000,4.367000,4.379000,changed
2024-11-19 16:20:00+00:00,2026-10-05T14:21:32Z,4.373000,4.386000,4.367000,4.371000,4.375000,4.386000,4.367000,4.371000,changed
2024-11-19 17:20:00+00:00,2026-10-05T14:21:32Z,4.375000,4.392000,4.367000,4.381000,4.384000,4.390000,4.367000,4.381000,changed
2024-11-19 18:20:00+00:00,2026-10-05T14:21:32Z,4.384000,4.392000,4.371000,4.381000,4.373000,4.390000,4.371000,4.381000,changed
2024-11-19 19:20:00+00:00,2026-10-05T14:21:32Z,4.375000,4.384000,4.373000,4.379000,4.382000,4.384000,4.371000,4.379000,changed
2024-11-21 14:20:00+00:00,2026-10-05T14:21:32Z,4.418000,4.422000,4.377000,4.384000,4.392000,4.414000,4.377000,4.384000,changed
2024-11-21 15:20:00+00:00,2026-10-05T14:21:32Z,4.402000,4.414000,4.377000,4.412000,4.386000,4.414000,4.377000,4.412000,changed
2024-11-21 16:20:00+00:00,2026-10-05T14:21:32Z,4.384000,4.426000,4.384000,4.418000,4.404000,4.426000,4.400000,4.418000,changed
2024-11-21 17:20:00+00:00,2026-10-05T14:21:32Z,4.408000,4.426000,4.408000,4.414000,4.422000,4.426000,4.408000,4.414000,changed
2024-11-21 18:20:00+00:00,2026-10-05T14:21:32Z,4.418000,4.434000,4.408000,4.430000,4.414000,4.434000,4.412000,4.430000,changed
2024-11-21 19:20:00+00:00,2026-10-05T14:21:32Z,4.420000,4.438000,4.420000,4.432000,4.426000,4.438000,4.426000,4.432000,changed
2024-11-25 14:20:00+00:00,2026-10-05T14:21:32Z,4.322000,4.332000,4.289000,4.296000,4.320000,4.322000,4.289000,4.296000,changed
2024-11-25 15:20:00+00:00,2026-10-05T14:21:32Z,4.291000,4.304000,4.283000,4.298000,4.295000,4.304000,4.283000,4.298000,changed
2024-11-25 16:20:00+00:00,2026-10-05T14:21:32Z,4.293000,4.308000,4.283000,4.296000,4.293000,4.308000,4.293000,4.296000,changed
2024-11-25 17:20:00+00:00,2026-10-05T14:21:32Z,4.295000,4.308000,4.279000,4.281000,4.296000,4.304000,4.279000,4.281000,changed
2024-11-25 18:20:00+00:00,2026-10-05T14:21:32Z,4.298000,4.304000,4.263000,4.271000,4.300000,4.300000,4.263000,4.271000,changed
2024-11-25 19:20:00+00:00,2026-10-05T14:21:32Z,4.277000,4.279000,4.261000,4.265000,4.265000,4.273000,4.261000,4.265000,changed
2024-11-26 14:20:00+00:00,2026-10-05T14:21:32Z,4.293000,4.314000,4.291000,4.310000,4.293000,4.314000,4.281000,4.310000,changed
2024-11-26 15:20:00+00:00,2026-10-05T14:21:32Z,4.300000,4.324000,4.298000,4.316000,4.298000,4.324000,4.295000,4.316000,changed
2024-11-26 16:20:00+00:00,2026-10-05T14:21:32Z,4.310000,4.320000,4.306000,4.306000,4.322000,4.324000,4.306000,4.306000,changed
2024-11-26 17:20:00+00:00,2026-10-05T14:21:32Z,4.316000,4.318000,4.300000,4.314000,4.316000,4.320000,4.300000,4.314000,changed
2024-11-26 18:20:00+00:00,2026-10-05T14:21:32Z,4.310000,4.320000,4.306000,4.316000,4.306000,4.320000,4.300000,4.316000,changed
2024-11-26 19:20:00+00:00,2026-10-05T14:21:32Z,4.316000,4.320000,4.302000,4.302000,4.320000,4.320000,4.302000,4.302000,changed
2024-11-27 15:20:00+00:00,2026-10-05T14:21:32Z,4.256000,4.275000,4.254000,4.263000,4.246000,4.275000,4.242000,4.263000,changed
2024-11-27 16:20:00+00:00,2026-10-05T14:21:32Z,4.256000,4.265000,4.232000,4.238000,4.265000,4.269000,4.232000,4.238000,changed
2024-11-27 17:20:00+00:00,2026-10-05T14:21:32Z,4.242000,4.248000,4.230000,4.232000,4.263000,4.263000,4.230000,4.232000,changed
2024-11-27 18:20:00+00:00,2026-10-05T14:21:32Z,4.238000,4.238000,4.227000,4.236000,4.238000,4.240000,4.227000,4.236000,changed
2024-11-27 19:20:00+00:00,2026-10-05T14:21:32Z,4.236000,4.246000,4.232000,4.242000,4.232000,4.246000,4.230000,4.242000,changed
2024-11-29 14:20:00+00:00,2026-10-05T14:21:32Z,4.219000,4.219000,4.196000,4.207000,4.203000,4.207000,4.196000,4.207000,changed
2024-11-29 15:20:00+00:00,2026-10-05T14:21:32Z,4.199000,4.217000,4.196000,4.209000,4.197000,4.217000,4.196000,4.209000,changed
2024-11-29 16:20:00+00:00,2026-10-05T14:21:32Z,4.215000,4.217000,4.201000,4.207000,4.205000,4.217000,4.201000,4.207000,changed
2024-11-29 17:20:00+00:00,2026-10-05T14:21:32Z,4.211000,4.211000,4.188000,4.190000,4.209000,4.211000,4.188000,4.190000,changed
2024-11-29 18:20:00+00:00,2026-10-05T14:21:32Z,4.207000,4.207000,4.172000,4.180000,4.194000,4.196000,4.172000,4.180000,changed
2024-11-29 19:20:00+00:00,2026-10-05T14:21:32Z,4.184000,4.184000,4.172000,4.178000,4.172000,4.180000,4.172000,4.178000,changed
2024-11-01 13:20:00+00:00,2026-10-05T14:46:26Z,4.315000,4.315000,4.223000,4.305000,4.235000,4.307000,4.235000,4.305000,changed
2024-11-01 14:20:00+00:00,2026-10-05T14:46:26Z,4.273000,4.345000,4.259000,4.331000,4.275000,4.345000,4.267000,4.331000,changed
2024-11-01 15:20:00+00:00,2026-10-05T14:46:26Z,4.299000,4.355000,4.295000,4.341000,4.329000,4.355000,4.323000,4.341000,changed
2024-11-01 16:20:00+00:00,2026-10-05T14:46:26Z,4.325000,4.355000,4.325000,4.345000,4.347000,4.349000,4.333000,4.345000,changed
2024-11-01 17:20:00+00:00,2026-10-05T14:46:26Z,4.343000,4.365000,4.333000,4.357000,4.343000,4.365000,4.339000,4.357000,changed
2024-11-01 18:20:00+00:00,2026-10-05T14:46:26Z,4.345000,4.365000,4.345000,4.361000,4.355000,4.363000,4.349000,4.361000,changed
2024-11-04 14:20:00+00:00,2026-10-05T14:46:26Z,4.283000,4.287000,4.263000,4.263000,4.293000,4.297000,4.263000,4.263000,changed
2024-11-04 15:20:00+00:00,2026-10-05T14:46:26Z,4.277000,4.305000,4.263000,4.303000,4.281000,4.305000,4.263000,4.303000,changed
2024-11-04 16:20:00+00:00,2026-10-05T14:46:26Z,4.293000,4.309000,4.293000,4.293000,4.275000,4.309000,4.271000,4.293000,changed
2024-11-04 17:20:00+00:00,2026-10-05T14:46:26Z,4.297000,4.329000,4.291000,4.323000,4.301000,4.329000,4.291000,4.323000,changed
2024-11-04 18:20:00+00:00,2026-10-05T14:46:26Z,4.305000,4.329000,4.305000,4.309000,4.297000,4.329000,4.295000,4.309000,changed
2024-11-04 19:20:00+00:00,2026-10-05T14:46:26Z,4.313000,4.313000,4.297000,4.309000,4.325000,4.325000,4.297000,4.309000,changed
2024-11-05 14:20:00+00:00,2026-10-05T14:46:26Z,4.331000,4.360000,4.313000,4.353000,4.325000,4.360000,4.313000,4.353000,changed
2024-11-05 15:20:00+00:00,2026-10-05T14:46:26Z,4.319000,4.366000,4.313000,4.362000,4.339000,4.366000,4.339000,4.362000,changed
2024-11-05 16:20:00+00:00,2026-10-05T14:46:26Z,4.364000,4.366000,4.351000,4.356000,4.356000,4.366000,4.351000,4.356000,changed
2024-11-05 17:20:00+00:00,2026-10-05T14:46:26Z,4.362000,4.366000,4.315000,4.315000,4.357000,4.357000,4.315000,4.315000,changed
2024-11-05 18:20:00+00:00,2026-10-05T14:46:26Z,4.351000,4.353000,4.311000,4.317000,4.351000,4.351000,4.311000,4.317000,changed
2024-11-05 19:20:00+00:00,2026-10-05T14:46:26Z,4.323000,4.327000,4.285000,4.289000,4.313000,4.321000,4.285000,4.289000,changed
2024-11-07 14:20:00+00:00,2026-10-05T14:46:26Z,4.404000,4.404000,4.363000,4.373000,4.426000,4.433000,4.363000,4.373000,changed
2024-11-07 15:20:00+00:00,2026-10-05T14:46:26Z,4.371000,4.375000,4.341000,4.365000,4.390000,4.396000,4.341000,4.365000,changed
2024-11-07 16:20:00+00:00,2026-10-05T14:46:26Z,4.349000,4.369000,4.345000,4.357000,4.363000,4.369000,4.341000,4.357000,changed
2024-11-07 17:20:00+00:00,2026-10-05T14:46:26Z,4.359000,4.365000,4.339000,4.349000,4.365000,4.365000,4.339000,4.349000,changed
2024-11-07 19:20:00+00:00,2026-10-05T14:46:26Z,4.341000,4.377000,4.341000,4.341000,4.347000,4.377000,4.339000,4.341000,changed
2024-11-12 14:20:00+00:00,2026-10-05T14:46:26Z,4.380000,4.394000,4.361000,4.375000,4.390000,4.394000,4.361000,4.375000,changed
2024-11-12 15:20:00+00:00,2026-10-05T14:46:26Z,4.390000,4.394000,4.361000,4.394000,4.369000,4.394000,4.361000,4.394000,changed
2024-11-12 16:20:00+00:00,2026-10-05T14:46:26Z,4.371000,4.443000,4.367000,4.437000,4.388000,4.443000,4.382000,4.437000,changed
2024-11-12 17:20:00+00:00,2026-10-05T14:46:26Z,4.394000,4.443000,4.394000,4.433000,4.412000,4.443000,4.412000,4.433000,changed
2024-11-12 18:20:00+00:00,2026-10-05T14:46:26Z,4.433000,4.443000,4.424000,4.429000,4.433000,4.435000,4.424000,4.429000,changed
2024-11-12 19:20:00+00:00,2026-10-05T14:46:26Z,4.429000,4.435000,4.424000,4.432000,4.426000,4.433000,4.424000,4.432000,changed
2024-11-13 15:20:00+00:00,2026-10-05T14:46:26Z,4.396000,4.445000,4.396000,4.424000,4.396000,4.445000,4.396000,4.426000,changed
2024-11-14 14:20:00+00:00,2026-10-05T14:46:26Z,4.459000,4.461000,4.408000,4.418000,4.443000,4.483000,4.408000,4.418000,changed
2024-11-14 15:20:00+00:00,2026-10-05T14:46:26Z,4.424000,4.439000,4.412000,4.412000,4.420000,4.439000,4.408000,4.412000,changed
2024-11-14 16:20:00+00:00,2026-10-05T14:46:26Z,4.426000,4.428000,4.402000,4.402000,4.420000,4.439000,4.402000,4.402000,changed
2024-11-14 17:20:00+00:00,2026-10-05T14:46:26Z,4.410000,4.410000,4.386000,4.404000,4.408000,4.414000,4.386000,4.404000,changed
2024-11-14 19:20:00+00:00,2026-10-05T14:46:26Z,4.422000,4.422000,4.412000,4.418000,4.408000,4.422000,4.404000,4.418000,changed
2024-11-18 14:20:00+00:00,2026-10-05T14:46:26Z,4.459000,4.467000,4.441000,4.463000,4.487000,4.489000,4.441000,4.463000,changed
2024-11-18 15:20:00+00:00,2026-10-05T14:46:26Z,4.461000,4.469000,4.441000,4.447000,4.453000,4.469000,4.441000,4.447000,changed
2024-11-18 16:20:00+00:00,2026-10-05T14:46:26Z,4.463000,4.463000,4.432000,4.432000,4.459000,4.465000,4.432000,4.432000,changed
2024-11-18 17:20:00+00:00,2026-10-05T14:46:26Z,4.439000,4.443000,4.422000,4.424000,4.449000,4.453000,4.422000,4.424000,changed
2024-11-18 18:20:00+00:00,2026-10-05T14:46:26Z,4.426000,4.430000,4.408000,4.418000,4.430000,4.434000,4.408000,4.418000,changed
2024-11-18 19:20:00+00:00,2026-10-05T14:46:26Z,4.414000,4.422000,4.412000,4.414000,4.410000,4.422000,4.410000,4.414000,changed
2024-11-19 14:20:00+00:00,2026-10-05T14:46:26Z,4.357000,4.384000,4.337000,4.379000,4.341000,4.384000,4.339000,4.379000,changed
2024-11-19 15:20:00+00:00,2026-10-05T14:46:26Z,4.375000,4.386000,4.367000,4.379000,4.382000,4.386000,4.367000,4.379000,changed
2024-11-19 16:20:00+00:00,2026-10-05T14:46:26Z,4.375000,4.386000,4.367000,4.371000,4.373000,4.386000,4.367000,4.371000,changed
2024-11-19 17:20:00+00:00,2026-10-05T14:46:26Z,4.384000,4.390000,4.367000,4.381000,4.375000,4.392000,4.367000,4.381000,changed
2024-11-19 18:20:00+00:00,2026-10-05T14:46:26Z,4.373000,4.390000,4.371000,4.381000,4.384000,4.392000,4.371000,4.381000,changed
2024-11-19 19:20:00+00:00,2026-10-05T14:46:26Z,4.382000,4.384000,4.371000,4.379000,4.375000,4.384000,4.373000,4.379000,changed
2024-11-21 14:20:00+00:00,2026-10-05T14:46:26Z,4.392000,4.414000,4.377000,4.384000,4.418000,4.422000,4.377000,4.384000,changed
2024-11-21 15:20:00+00:00,2026-10-05T14:46:26Z,4.386000,4.414000,4.377000,4.412000,4.402000,4.414000,4.377000,4.412000,changed
2024-11-21 16:20:00+00:00,2026-10-05T14:46:26Z,4.404000,4.426000,4.400000,4.418000,4.384000,4.426000,4.384000,4.418000,changed
2024-11-21 17:20:00+00:00,2026-10-05T14:46:26Z,4.422000,4.426000,4.408000,4.414000,4.408000,4.426000,4.408000,4.414000,changed
2024-11-21 18:20:00+00:00,2026-10-05T14:46:26Z,4.414000,4.434000,4.412000,4.430000,4.418000,4.434000,4.408000,4.430000,changed
2024-11-21 19:20:00+00:00,2026-10-05T14:46:26Z,4.426000,4.438000,4.426000,4.432000,4.420000,4.438000,4.420000,4.432000,changed
2024-11-25 14:20:00+00:00,2026-10-05T14:46:26Z,4.320000,4.322000,4.289000,4.296000,4.322000,4.332000,4.289000,4.296000,changed
2024-11-25 15:20:00+00:00,2026-10-05T14:46:26Z,4.295000,4.304000,4.283000,4.298000,4.291000,4.304000,4.283000,4.298000,changed
2024-11-25 16:20:00+00:00,2026-10-05T14:46:26Z,4.293000,4.308000,4.293000,4.296000,4.293000,4.308000,4.283000,4.296000,changed
2024-11-25 17:20:00+00:00,2026-10-05T14:46:26Z,4.296000,4.304000,4.279000,4.281000,4.295000,4.308000,4.279000,4.281000,changed
2024-11-25 18:20:00+00:00,2026-10-05T14:46:26Z,4.300000,4.300000,4.263000,4.271000,4.298000,4.304000,4.263000,4.271000,changed
2024-11-25 19:20:00+00:00,2026-10-05T14:46:26Z,4.265000,4.273000,4.261000,4.265000,4.277000,4.279000,4.261000,4.265000,changed
2024-11-26 14:20:00+00:00,2026-10-05T14:46:26Z,4.293000,4.314000,4.281000,4.310000,4.293000,4.314000,4.291000,4.310000,changed
2024-11-26 15:20:00+00:00,2026-10-05T14:46:26Z,4.298000,4.324000,4.295000,4.316000,4.300000,4.324000,4.298000,4.316000,changed
2024-11-26 16:20:00+00:00,2026-10-05T14:46:26Z,4.322000,4.324000,4.306000,4.306000,4.310000,4.320000,4.306000,4.306000,changed
2024-11-26 17:20:00+00:00,2026-10-05T14:46:26Z,4.316000,4.320000,4.300000,4.314000,4.316000,4.318000,4.300000,4.314000,changed
2024-11-26 18:20:00+00:00,2026-10-05T14:46:26Z,4.306000,4.320000,4.300000,4.316000,4.310000,4.320000,4.306000,4.316000,changed
2024-11-26 19:20:00+00:00,2026-10-05T14:46:26Z,4.320000,4.320000,4.302000,4.302000,4.316000,4.320000,4.302000,4.302000,changed
2024-11-27 15:20:00+00:00,2026-10-05T14:46:26Z,4.246000,4.275000,4.242000,4.263000,4.256000,4.275000,4.254000,4.263000,changed
2024-11-27 16:20:00+00:00,2026-10-05T14:46:26Z,4.265000,4.269000,4.232000,4.238000,4.256000,4.265000,4.232000,4.238000,changed
2024-11-27 17:20:00+00:00,2026-10-05T14:46:26Z,4.263000,4.263000,4.230000,4.232000,4.242000,4.248000,4.230000,4.232000,changed
2024-11-27 18:20:00+00:00,2026-10-05T14:46:26Z,4.238000,4.240000,4.227000,4.236000,4.238000,4.238000,4.227000,4.236000,changed
2024-11-27 19:20:00+00:00,2026-10-05T14:46:26Z,4.232000,4.246000,4.230000,4.242000,4.236000,4.246000,4.232000,4.242000,changed
2024-11-29 14:20:00+00:00,2026-10-05T14:46:26Z,4.203000,4.207000,4.196000,4.207000,4.219000,4.219000,4.196000,4.207000,changed
2024-11-29 15:20:00+00:00,2026-10-05T14:46:26Z,4.197000,4.217000,4.196000,4.209000,4.199000,4.217000,4.196000,4.209000,changed
2024-11-29 16:20:00+00:00,2026-10-05T14:46:26Z,4.205000,4.217000,4.201000,4.207000,4.215000,4.217000,4.201000,4.207000,changed
2024-11-29 17:20:00+00:00,2026-10-05T14:46:26Z,4.209000,4.211000,4.188000,4.190000,4.211000,4.211000,4.188000,4.190000,changed
2024-11-29 18:20:00+00:00,2026-10-05T14:46:26Z,4.194000,4.196000,4.172000,4.180000,4.207000,4.207000,4.172000,4.180000,changed
2024-11-29 19:20:00+00:00,2026-10-05T14:46:26Z,4.172000,4.180000,4.172000,4.178000,4.184000,4.184000,4.172000,4.178000,changed
2024-11-01 13:20:00+00:00,2026-10-05T15:58:06Z,4.235000,4.307000,4.235000,4.305000,4.315000,4.315000,4.223000,4.305000,changed
2024-11-01 14:20:00+00:00,2026-10-05T15:58:06Z,4.275000,4.345000,4.267000,4.331000,4.273000,4.345000,4.259000,4.331000,changed
2024-11-01 15:20:00+00:00,2026-10-05T15:58:06Z,4.329000,4.355000,4.323000,4.341000,4.299000,4.355000,4.295000,4.341000,changed
2024-11-01 16:20:00+00:00,2026-10-05T15:58:06Z,4.347000,4.349000,4.333000,4.345000,4.325000,4.355000,4.325000,4.345000,changed
2024-11-01 17:20:00+00:00,2026-10-05T15:58:06Z,4.343000,4.365000,4.339000,4.357000,4.343000,4.365000,4.333000,4.357000,changed
2024-11-01 18:20:00+00:00,2026-10-05T15:58:06Z,4.355000,4.363000,4.349000,4.361000,4.345000,4.365000,4.345000,4.361000,changed
2024-11-04 14:20:00+00:00,2026-10-05T15:58:06Z,4.293000,4.297000,4.263000,4.263000,4.283000,4.287000,4.263000,4.263000,changed
2024-11-04 15:20:00+00:00,2026-10-05T15:58:06Z,4.281000,4.305000,4.263000,4.303000,4.277000,4.305000,4.263000,4.303000,changed
2024-11-04 16:20:00+00:00,2026-10-05T15:58:06Z,4.275000,4.309000,4.271000,4.293000,4.293000,4.309000,4.293000,4.293000,changed
2024-11-04 17:20:00+00:00,2026-10-05T15:58:06Z,4.301000,4.329000,4.291000,4.323000,4.297000,4.329000,4.291000,4.323000,changed
2024-11-04 18:20:00+00:00,2026-10-05T15:58:06Z,4.297000,4.329000,4.295000,4.309000,4.305000,4.329000,4.305000,4.309000,changed
2024-11-04 19:20:00+00:00,2026-10-05T15:58:06Z,4.325000,4.325000,4.297000,4.309000,4.313000,4.313000,4.297000,4.309000,changed
2024-11-05 14:20:00+00:00,2026-10-05T15:58:06Z,4.325000,4.360000,4.313000,4.353000,4.331000,4.360000,4.313000,4.353000,changed
2024-11-05 15:20:00+00:00,2026-10-05T15:58:06Z,4.339000,4.366000,4.339000,4.362000,4.319000,4.366000,4.313000,4.362000,changed
2024-11-05 16:20:00+00:00,2026-10-05T15:58:06Z,4.356000,4.366000,4.351000,4.356000,4.364000,4.366000,4.351000,4.356000,changed
2024-11-05 17:20:00+00:00,2026-10-05T15:58:06Z,4.357000,4.357000,4.315000,4.315000,4.362000,4.366000,4.315000,4.315000,changed
2024-11-05 18:20:00+00:00,2026-10-05T15:58:06Z,4.351000,4.351000,4.311000,4.317000,4.351000,4.353000,4.311000,4.317000,changed
2024-11-05 19:20:00+00:00,2026-10-05T15:58:06Z,4.313000,4.321000,4.285000,4.289000,4.323000,4.327000,4.285000,4.289000,changed
2024-11-07 14:20:00+00:00,2026-10-05T15:58:06Z,4.426000,4.433000,4.363000,4.373000,4.404000,4.404000,4.363000,4.373000,changed
2024-11-07 15:20:00+00:00,2026-10-05T15:58:06Z,4.390000,4.396000,4.341000,4.365000,4.371000,4.375000,4.341000,4.365000,changed
2024-11-07 16:20:00+00:00,2026-10-05T15:58:06Z,4.363000,4.369000,4.341000,4.357000,4.349000,4.369000,4.345000,4.357000,changed
2024-11-07 17:20:00+00:00,2026-10-05T15:58:06Z,4.365000,4.365000,4.339000,4.349000,4.359000,4.365000,4.339000,4.349000,changed
2024-11-07 19:20:00+00:00,2026-10-05T15:58:06Z,4.347000,4.377000,4.339000,4.341000,4.341000,4.377000,4.341000,4.341000,changed
2024-11-12 14:20:00+00:00,2026-10-05T15:58:06Z,4.390000,4.394000,4.361000,4.375000,4.380000,4.394000,4.361000,4.375000,changed
2024-11-12 15:20:00+00:00,2026-10-05T15:58:06Z,4.369000,4.394000,4.361000,4.394000,4.390000,4.394000,4.361000,4.394000,changed
2024-11-12 16:20:00+00:00,2026-10-05T15:58:06Z,4.388000,4.443000,4.382000,4.437000,4.371000,4.443000,4.367000,4.437000,changed
2024-11-12 17:20:00+00:00,2026-10-05T15:58:06Z,4.412000,4.443000,4.412000,4.433000,4.394000,4.443000,4.394000,4.433000,changed
2024-11-12 18:20:00+00:00,2026-10-05T15:58:06Z,4.433000,4.435000,4.424000,4.429000,4.433000,4.443000,4.424000,4.429000,changed
2024-11-12 19:20:00+00:00,2026-10-05T15:58:06Z,4.426000,4.433000,4.424000,4.432000,4.429000,4.435000,4.424000,4.432000,changed
2024-11-13 15:20:00+00:00,2026-10-05T15:58:06Z,4.396000,4.445000,4.396000,4.426000,4.396000,4.445000,4.396000,4.424000,changed
2024-11-14 14:20:00+00:00,2026-10-05T15:58:06Z,4.443000,4.483000,4.408000,4.418000,4.459000,4.461000,4.408000,4.418000,changed
2024-11-14 15:20:00+00:00,2026-10-05T15:58:06Z,4.420000,4.439000,4.408000,4.412000,4.424000,4.439000,4.412000,4.412000,changed
2024-11-14 16:20:00+00:00,2026-10-05T15:58:06Z,4.420000,4.439000,4.402000,4.402000,4.426000,4.428000,4.402000,4.402000,changed
2024-11-14 17:20:00+00:00,2026-10-05T15:58:06Z,4.408000,4.414000,4.386000,4.404000,4.410000,4.410000,4.386000,4.404000,changed
2024-11-14 19:20:00+00:00,2026-10-05T15:58:06Z,4.408000,4.422000,4.404000,4.418000,4.422000,4.422000,4.412000,4.418000,changed
2024-11-18 14:20:00+00:00,2026-10-05T15:58:06Z,4.487000,4.489000,4.441000,4.463000,4.459000,4.467000,4.441000,4.463000,changed
2024-11-18 15:20:00+00:00,2026-10-05T15:58:06Z,4.453000,4.469000,4.441000,4.447000,4.461000,4.469000,4.441000,4.447000,changed
2024-11-18 16:20:00+00:00,2026-10-05T15:58:06Z,4.459000,4.465000,4.432000,4.432000,4.463000,4.463000,4.432000,4.432000,changed
2024-11-18 17:20:00+00:00,2026-10-05T15:58:06Z,4.449000,4.453000,4.422000,4.424000,4.439000,4.443000,4.422000,4.424000,changed
2024-11-18 18:20:00+00:00,2026-10-05T15:58:06Z,4.430000,4.434000,4.408000,4.418000,4.426000,4.430000,4.408000,4.418000,changed
2024-11-18 19:20:00+00:00,2026-10-05T15:58:06Z,4.410000,4.422000,4.410000,4.414000,4.414000,4.422000,4.412000,4.414000,changed
2024-11-19 14:20:00+00:00,2026-10-05T15:58:06Z,4.341000,4.384000,4.339000,4.379000,4.357000,4.384000,4.337000,4.379000,changed
2024-11-19 15:20:00+00:00,2026-10-05T15:58:06Z,4.382000,4.386000,4.367000,4.379000,4.375000,4.386000,4.367000,4.379000,changed
2024-11-19 16:20:00+00:00,2026-10-05T15:58:06Z,4.373000,4.386000,4.367000,4.371000,4.375000,4.386000,4.367000,4.371000,changed
2024-11-19 17:20:00+00:00,2026-10-05T15:58:06Z,4.375000,4.392000,4.367000,4.381000,4.384000,4.390000,4.367000,4.381000,changed
2024-11-19 18:20:00+00:00,2026-10-05T15:58:06Z,4.384000,4.392000,4.371000,4.381000,4.373000,4.390000,4.371000,4.381000,changed
2024-11-19 19:20:00+00:00,2026-10-05T15:58:06Z,4.375000,4.384000,4.373000,4.379000,4.382000,4.384000,4.371000,4.379000,changed
2024-11-21 14:20:00+00:00,2026-10-05T15:58:06Z,4.418000,4.422000,4.377000,4.384000,4.392000,4.414000,4.377000,4.384000,changed
2024-11-21 15:20:00+00:00,2026-10-05T15:58:06Z,4.402000,4.414000,4.377000,4.412000,4.386000,4.414000,4.377000,4.412000,changed
2024-11-21 16:20:00+00:00,2026-10-05T15:58:06Z,4.384000,4.426000,4.384000,4.418000,4.404000,4.426000,4.400000,4.418000,changed
2024-11-21 17:20:00+00:00,2026-10-05T15:58:06Z,4.408000,4.426000,4.408000,4.414000,4.422000,4.426000,4.408000,4.414000,changed
2024-11-21 18:20:00+00:00,2026-10-05T15:58:06Z,4.418000,4.434000,4.408000,4.430000,4.414000,4.434000,4.412000,4.430000,changed
2024-11-21 19:20:00+00:00,2026-10-05T15:58:06Z,4.420000,4.438000,4.420000,4.432000,4.426000,4.438000,4.426000,4.432000,changed
2024-11-25 14:20:00+00:00,2026-10-05T15:58:06Z,4.322000,4.332000,4.289000,4.296000,4.320000,4.322000,4.289000,4.296000,changed
2024-11-25 15:20:00+00:00,2026-10-05T15:58:06Z,4.291000,4.304000,4.283000,4.298000,4.295000,4.304000,4.283000,4.298000,changed
2024-11-25 16:20:00+00:00,2026-10-05T15:58:06Z,4.293000,4.308000,4.283000,4.296000,4.293000,4.308000,4.293000,4.296000,changed
2024-11-25 17:20:00+00:00,2026-10-05T15:58:06Z,4.295000,4.308000,4.279000,4.281000,4.296000,4.304000,4.279000,4.281000,changed
2024-11-25 18:20:00+00:00,2026-10-05T15:58:06Z,4.298000,4.304000,4.263000,4.271000,4.300000,4.300000,4.263000,4.271000,changed
2024-11-25 19:20:00+00:00,2026-10-05T15:58:06Z,4.277000,4.279000,4.261000,4.265000,4.265000,4.273000,4.261000,4.265000,changed
2024-11-26 14:20:00+00:00,2026-10-05T15:58:06Z,4.293000,4.314000,4.291000,4.310000,4.293000,4.314000,4.281000,4.310000,changed
2024-11-26 15:20:00+00:00,2026-10-05T15:58:06Z,4.300000,4.324000,4.298000,4.316000,4.298000,4.324000,4.295000,4.316000,changed
2024-11-26 16:20:00+00:00,2026-10-05T15:58:06Z,4.310000,4.320000,4.306000,4.306000,4.322000,4.324000,4.306000,4.306000,changed
2024-11-26 17:20:00+00:00,2026-10-05T15:58:06Z,4.316000,4.318000,4.300000,4.314000,4.316000,4.320000,4.300000,4.314000,changed
2024-11-26 18:20:00+00:00,2026-10-05T15:58:06Z,4.310000,4.320000,4.306000,4.316000,4.306000,4.320000,4.300000,4.316000,changed
2024-11-26 19:20:00+00:00,2026-10-05T15:58:06Z,4.316000,4.320000,4.302000,4.302000,4.320000,4.320000,4.302000,4.302000,changed
2024-11-27 15:20:00+00:00,2026-10-05T15:58:06Z,4.256000,4.275000,4.254000,4.263000,4.246000,4.275000,4.242000,4.263000,changed
2024-11-27 16:20:00+00:00,2026-10-05T15:58:06Z,4.256000,4.265000,4.232000,4.238000,4.265000,4.269000,4.232000,4.238000,changed
2024-11-27 17:20:00+00:00,2026-10-05T15:58:06Z,4.242000,4.248000,4.230000,4.232000,4.263000,4.263000,4.230000,4.232000,changed
2024-11-27 18:20:00+00:00,2026-10-05T15:58:06Z,4.238000,4.238000,4.227000,4.236000,4.238000,4.240000,4.227000,4.236000,changed
2024-11-27 19:20:00+00:00,2026-10-05T15:58:06Z,4.236000,4.246000,4.232000,4.242000,4.232000,4.246000,4.230000,4.242000,changed
2024-11-29 14:20:00+00:00,2026-10-05T15:58:06Z,4.219000,4.219000,4.196000,4.207000,4.203000,4.207000,4.196000,4.207000,changed
2024-11-29 15:20:00+00:00,2026-10-05T15:58:06Z,4.199000,4.217000,4.196000,4.209000,4.197000,4.217000,4.196000,4.209000,changed
2024-11-29 16:20:00+00:00,2026-10-05T15:58:06Z,4.215000,4.217000,4.201000,4.207000,4.205000,4.217000,4.201000,4.207000,changed
2024-11-29 17:20:00+00:00,2026-10-05T15:58:06Z,4.211000,4.211000,4.188000,4.190000,4.209000,4.211000,4.188000,4.190000,changed
2024-11-29 18:20:00+00:00,2026-10-05T15:58:06Z,4.207000,4.207000,4.172000,4.180000,4.194000,4.196000,4.172000,4.180000,changed
2024-11-29 19:20:00+00:00,2026-10-05T15:58:06Z,4.184000,4.184000,4.172000,4.178000,4.172000,4.180000,4.172000,4.178000,changed
2024-11-01 13:20:00+00:00,2026-10-05T18:35:37Z,4.315000,4.315000,4.223000,4.305000,4.235000,4.307000,4.235000,4.305000,changed
2024-11-01 14:20:00+00:00,2026-10-05T18:35:37Z,4.273000,4.345000,4.259000,4.331000,4.275000,4.345000,4.267000,4.331000,changed
2024-11-01 15:20:00+00:00,2026-10-05T18:35:37Z,4.299000,4.355000,4.295000,4.341000,4.329000,4.355000,4.323000,4.341000,changed
2024-11-01 16:20:00+00:00,2026-10-05T18:35:37Z,4.325000,4.355000,4.325000,4.345000,4.347000,4.349000,4.333000,4.345000,changed
2024-11-01 17:20:00+00:00,2026-10-05T18:35:37Z,4.343000,4.365000,4.333000,4.357000,4.343000,4.365000,4.339000,4.357000,changed
2024-11-01 18:20:00+00:00,2026-10-05T18:35:37Z,4.345000,4.365000,4.345000,4.361000,4.355000,4.363000,4.349000,4.361000,changed
2024-11-04 14:20:00+00:00,2026-10-05T18:35:37Z,4.283000,4.287000,4.263000,4.263000,4.293000,4.297000,4.263000,4.263000,changed
2024-11-04 15:20:00+00:00,2026-10-05T18:35:37Z,4.277000,4.305000,4.263000,4.303000,4.281000,4.305000,4.263000,4.303000,changed
2024-11-04 16:20:00+00:00,2026-10-05T18:35:37Z,4.293000,4.309000,4.293000,4.293000,4.275000,4.309000,4.271000,4.293000,changed
2024-11-04 17:20:00+00:00,2026-10-05T18:35:37Z,4.297000,4.329000,4.291000,4.323000,4.301000,4.329000,4.291000,4.323000,changed
2024-11-04 18:20:00+00:00,2026-10-05T18:35:37Z,4.305000,4.329000,4.305000,4.309000,4.297000,4.329000,4.295000,4.309000,changed
2024-11-04 19:20:00+00:00,2026-10-05T18:35:37Z,4.313000,4.313000,4.297000,4.309000,4.325000,4.325000,4.297000,4.309000,changed
2024-11-05 14:20:00+00:00,2026-10-05T18:35:37Z,4.331000,4.360000,4.313000,4.353000,4.325000,4.360000,4.313000,4.353000,changed
2024-11-05 15:20:00+00:00,2026-10-05T18:35:37Z,4.319000,4.366000,4.313000,4.362000,4.339000,4.366000,4.339000,4.362000,changed
2024-11-05 16:20:00+00:00,2026-10-05T18:35:37Z,4.364000,4.366000,4.351000,4.356000,4.356000,4.366000,4.351000,4.356000,changed
2024-11-05 17:20:00+00:00,2026-10-05T18:35:37Z,4.362000,4.366000,4.315000,4.315000,4.357000,4.357000,4.315000,4.315000,changed
2024-11-05 18:20:00+00:00,2026-10-05T18:35:37Z,4.351000,4.353000,4.311000,4.317000,4.351000,4.351000,4.311000,4.317000,changed
2024-11-05 19:20:00+00:00,2026-10-05T18:35:37Z,4.323000,4.327000,4.285000,4.289000,4.313000,4.321000,4.285000,4.289000,changed
2024-11-07 14:20:00+00:00,2026-10-05T18:35:37Z,4.404000,4.404000,4.363000,4.373000,4.426000,4.433000,4.363000,4.373000,changed
2024-11-07 15:20:00+00:00,2026-10-05T18:35:37Z,4.371000,4.375000,4.341000,4.365000,4.390000,4.396000,4.341000,4.365000,changed
2024-11-07 16:20:00+00:00,2026-10-05T18:35:37Z,4.349000,4.369000,4.345000,4.357000,4.363000,4.369000,4.341000,4.357000,changed
2024-11-07 17:20:00+00:00,2026-10-05T18:35:37Z,4.359000,4.365000,4.339000,4.349000,4.365000,4.365000,4.339000,4.349000,changed
2024-11-07 19:20:00+00:00,2026-10-05T18:35:37Z,4.341000,4.377000,4.341000,4.341000,4.347000,4.377000,4.339000,4.341000,changed
2024-11-12 14:20:00+00:00,2026-10-05T18:35:37Z,4.380000,4.394000,4.361000,4.375000,4.390000,4.394000,4.361000,4.375000,changed
2024-11-12 15:20:00+00:00,2026-10-05T18:35:37Z,4.390000,4.394000,4.361000,4.394000,4.369000,4.394000,4.361000,4.394000,changed
2024-11-12 16:20:00+00:00,2026-10-05T18:35:37Z,4.371000,4.443000,4.367000,4.437000,4.388000,4.443000,4.382000,4.437000,changed
2024-11-12 17:20:00+00:00,2026-10-05T18:35:37Z,4.394000,4.443000,4.394000,4.433000,4.412000,4.443000,4.412000,4.433000,changed
2024-11-12 18:20:00+00:00,2026-10-05T18:35:37Z,4.433000,4.443000,4.424000,4.429000,4.433000,4.435000,4.424000,4.429000,changed
2024-11-12 19:20:00+00:00,2026-10-05T18:35:37Z,4.429000,4.435000,4.424000,4.432000,4.426000,4.433000,4.424000,4.432000,changed
2024-11-13 15:20:00+00:00,2026-10-05T18:35:37Z,4.396000,4.445000,4.396000,4.424000,4.396000,4.445000,4.396000,4.426000,changed
2024-11-14 14:20:00+00:00,2026-10-05T18:35:37Z,4.459000,4.461000,4.408000,4.418000,4.443000,4.483000,4.408000,4.418000,changed
2024-11-14 15:20:00+00:00,2026-10-05T18:35:37Z,4.424000,4.439000,4.412000,4.412000,4.420000,4.439000,4.408000,4.412000,changed
2024-11-14 16:20:00+00:00,2026-10-05T18:35:37Z,4.426000,4.428000,4.402000,4.402000,4.420000,4.439000,4.402000,4.402000,changed
2024-11-14 17:20:00+00:00,2026-10-05T18:35:37Z,4.410000,4.410000,4.386000,4.404000,4.408000,4.414000,4.386000,4.404000,changed
2024-11-14 19:20:00+00:00,2026-10-05T18:35:37Z,4.422000,4.422000,4.412000,4.418000,4.408000,4.422000,4.404000,4.418000,changed
2024-11-18 14:20:00+00:00,2026-10-05T18:35:37Z,4.459000,4.467000,4.441000,4.463000,4.487000,4.489000,4.441000,4.463000,changed
2024-11-18 15:20:00+00:00,2026-10-05T18:35:37Z,4.461000,4.469000,4.441000,4.447000,4.453000,4.469000,4.441000,4.447000,changed
2024-11-18 16:20:00+00:00,2026-10-05T18:35:37Z,4.463000,4.463000,4.432000,4.432000,4.459000,4.465000,4.432000,4.432000,changed
2024-11-18 17:20:00+00:00,2026-10-05T18:35:37Z,4.439000,4.443000,4.422000,4.424000,4.449000,4.453000,4.422000,4.424000,changed
2024-11-18 18:20:00+00:00,2026-10-05T18:35:37Z,4.426000,4.430000,4.408000,4.418000,4.430000,4.434000,4.408000,4.418000,changed
2024-11-18 19:20:00+00:00,2026-10-05T18:35:37Z,4.414000,4.422000,4.412000,4.414000,4.410000,4.422000,4.410000,4.414000,changed
2024-11-19 14:20:00+00:00,2026-10-05T18:35:37Z,4.357000,4.384000,4.337000,4.379000,4.341000,4.384000,4.339000,4.379000,changed
2024-11-19 15:20:00+00:00,2026-10-05T18:35:37Z,4.375000,4.386000,4.367000,4.379000,4.382000,4.386000,4.367000,4.379000,changed
2024-11-19 16:20:00+00:00,2026-10-05T18:35:37Z,4.375000,4.386000,4.367000,4.371000,4.373000,4.386000,4.367000,4.371000,changed
2024-11-19 17:20:00+00:00,2026-10-05T18:35:37Z,4.384000,4.390000,4.367000,4.381000,4.375000,4.392000,4.367000,4.381000,changed
2024-11-19 18:20:00+00:00,2026-10-05T18:35:37Z,4.373000,4.390000,4.371000,4.381000,4.384000,4.392000,4.371000,4.381000,changed
2024-11-19 19:20:00+00:00,2026-10-05T18:35:37Z,4.382000,4.384000,4.371000,4.379000,4.375000,4.384000,4.373000,4.379000,changed
2024-11-21 14:20:00+00:00,2026-10-05T18:35:37Z,4.392000,4.414000,4.377000,4.384000,4.418000,4.422000,4.377000,4.384000,changed
2024-11-21 15:20:00+00:00,2026-10-05T18:35:37Z,4.386000,4.414000,4.377000,4.412000,4.402000,4.414000,4.377000,4.412000,changed
2024-11-21 16:20:00+00:00,2026-10-05T18:35:37Z,4.404000,4.426000,4.400000,4.418000,4.384000,4.426000,4.384000,4.418000,changed
2024-11-21 17:20:00+00:00,2026-10-05T18:35:37Z,4.422000,4.426000,4.408000,4.414000,4.408000,4.426000,4.408000,4.414000,changed
2024-11-21 18:20:00+00:00,2026-10-05T18:35:37Z,4.414000,4.434000,4.412000,4.430000,4.418000,4.434000,4.408000,4.430000,changed
2024-11-21 19:20:00+00:00,2026-10-05T18:35:37Z,4.426000,4.438000,4.426000,4.432000,4.420000,4.438000,4.420000,4.432000,changed
2024-11-25 14:20:00+00:00,2026-10-05T18:35:37Z,4.320000,4.322000,4.289000,4.296000,4.322000,4.332000,4.289000,4.296000,changed
2024-11-25 15:20:00+00:00,2026-10-05T18:35:37Z,4.295000,4.304000,4.283000,4.298000,4.291000,4.304000,4.283000,4.298000,changed
2024-11-25 16:20:00+00:00,2026-10-05T18:35:37Z,4.293000,4.308000,4.293000,4.296000,4.293000,4.308000,4.283000,4.296000,changed
2024-11-25 17:20:00+00:00,2026-10-05T18:35:37Z,4.296000,4.304000,4.279000,4.281000,4.295000,4.308000,4.279000,4.281000,changed
2024-11-25 18:20:00+00:00,2026-10-05T18:35:37Z,4.300000,4.300000,4.263000,4.271000,4.298000,4.304000,4.263000,4.271000,changed
2024-11-25 19:20:00+00:00,2026-10-05T18:35:37Z,4.265000,4.273000,4.261000,4.265000,4.277000,4.279000,4.261000,4.265000,changed
2024-11-26 14:20:00+00:00,2026-10-05T18:35:37Z,4.293000,4.314000,4.281000,4.310000,4.293000,4.314000,4.291000,4.310000,changed
2024-11-26 15:20:00+00:00,2026-10-05T18:35:37Z,4.298000,4.324000,4.295000,4.316000,4.300000,4.324000,4.298000,4.316000,changed
2024-11-26 16:20:00+00:00,2026-10-05T18:35:37Z,4.322000,4.324000,4.306000,4.306000,4.310000,4.320000,4.306000,4.306000,changed
2024-11-26 17:20:00+00:00,2026-10-05T18:35:37Z,4.316000,4.320000,4.300000,4.314000,4.316000,4.318000,4.300000,4.314000,changed
2024-11-26 18:20:00+00:00,2026-10-05T18:35:37Z,4.306000,4.320000,4.300000,4.316000,4.310000,4.320000,4.306000,4.316000,changed
2024-11-26 19:20:00+00:00,2026-10-05T18:35:37Z,4.320000,4.320000,4.302000,4.302000,4.316000,4.320000,4.302000,4.302000,changed
2024-11-27 15:20:00+00:00,2026-10-05T18:35:37Z,4.246000,4.275000,4.242000,4.263000,4.256000,4.275000,4.254000,4.263000,changed
2024-11-27 16:20:00+00:00,2026-10-05T18:35:37Z,4.265000,4.269000,4.232000,4.238000,4.256000,4.265000,4.232000,4.238000,changed
2024-11-27 17:20:00+00:00,2026-10-05T18:35:37Z,4.263000,4.263000,4.230000,4.232000,4.242000,4.248000,4.230000,4.232000,changed
2024-11-27 18:20:00+00:00,2026-10-05T18:35:37Z,4.238000,4.240000,4.227000,4.236000,4.238000,4.238000,4.227000,4.236000,changed
2024-11-27 19:20:00+00:00,2026-10-05T18:35:37Z,4.232000,4.246000,4.230000,4.242000,4.236000,4.246000,4.232000,4.242000,changed
2024-11-29 14:20:00+00:00,2026-10-05T18:35:37Z,4.203000,4.207000,4.196000,4.207000,4.219000,4.219000,4.196000,4.207000,changed
2024-11-29 15:20:00+00:00,2026-10-05T18:35:37Z,4.197000,4.217000,4.196000,4.209000,4.199000,4.217000,4.196000,4.209000,changed
2024-11-29 16:20:00+00:00,2026-10-05T18:35:37Z,4.205000,4.217000,4.201000,4.207000,4.215000,4.217000,4.201000,4.207000,changed
2024-11-29 17:20:00+00:00,2026-10-05T18:35:37Z,4.209000,4.211000,4.188000,4.190000,4.211000,4.211000,4.188000,4.190000,changed
2024-11-29 18:20:00+00:00,2026-10-05T18:35:37Z,4.194000,4.196000,4.172000,4.180000,4.207000,4.207000,4.172000,4.180000,changed
2024-11-29 19:20:00+00:00,2026-10-05T18:35:37Z,4.172000,4.180000,4.172000,4.178000,4.184000,4.184000,4.172000,4.178000,changed
2024-11-01 13:20:00+00:00,2026-10-05T21:35:18Z,4.235000,4.307000,4.235000,4.305000,4.315000,4.315000,4.223000,4.305000,changed
2024-11-01 14:20:00+00:00,2026-10-05T21:35:18Z,4.275000,4.345000,4.267000,4.331000,4.273000,4.345000,4.259000,4.331000,changed
2024-11-01 15:20:00+00:00,2026-10-05T21:35:18Z,4.329000,4.355000,4.323000,4.341000,4.299000,4.355000,4.295000,4.341000,changed
2024-11-01 16:20:00+00:00,2026-10-05T21:35:18Z,4.347000,4.349000,4.333000,4.345000,4.325000,4.355000,4.325000,4.345000,changed
2024-11-01 17:20:00+00:00,2026-10-05T21:35:18Z,4.343000,4.365000,4.339000,4.357000,4.343000,4.365000,4.333000,4.357000,changed
2024-11-01 18:20:00+00:00,2026-10-05T21:35:18Z,4.355000,4.363000,4.349000,4.361000,4.345000,4.365000,4.345000,4.361000,changed
2024-11-04 14:20:00+00:00,2026-10-05T21:35:18Z,4.293000,4.297000,4.263000,4.263000,4.283000,4.287000,4.263000,4.263000,changed
2024-11-04 15:20:00+00:00,2026-10-05T21:35:18Z,4.281000,4.305000,4.263000,4.303000,4.277000,4.305000,4.263000,4.303000,changed
2024-11-04 16:20:00+00:00,2026-10-05T21:35:18Z,4.275000,4.309000,4.271000,4.293000,4.293000,4.309000,4.293000,4.293000,changed
2024-11-04 17:20:00+00:00,2026-10-05T21:35:18Z,4.301000,4.329000,4.291000,4.323000,4.297000,4.329000,4.291000,4.323000,changed
2024-11-04 18:20:00+00:00,2026-10-05T21:35:18Z,4.297000,4.329000,4.295000,4.309000,4.305000,4.329000,4.305000,4.309000,changed
2024-11-04 19:20:00+00:00,2026-10-05T21:35:18Z,4.325000,4.325000,4.297000,4.309000,4.313000,4.313000,4.297000,4.309000,changed
2024-11-05 14:20:00+00:00,2026-10-05T21:35:18Z,4.325000,4.360000,4.313000,4.353000,4.331000,4.360000,4.313000,4.353000,changed
2024-11-05 15:20:00+00:00,2026-10-05T21:35:18Z,4.339000,4.366000,4.339000,4.362000,4.319000,4.366000,4.313000,4.362000,changed
2024-11-05 16:20:00+00:00,2026-10-05T21:35:18Z,4.356000,4.366000,4.351000,4.356000,4.364000,4.366000,4.351000,4.356000,changed
2024-11-05 17:20:00+00:00,2026-10-05T21:35:18Z,4.357000,4.357000,4.315000,4.315000,4.362000,4.366000,4.315000,4.315000,changed
2024-11-05 18:20:00+00:00,2026-10-05T21:35:18Z,4.351000,4.351000,4.311000,4.317000,4.351000,4.353000,4.311000,4.317000,changed
2024-11-05 19:20:00+00:00,2026-10-05T21:35:18Z,4.313000,4.321000,4.285000,4.289000,4.323000,4.327000,4.285000,4.289000,changed
2024-11-07 14:20:00+00:00,2026-10-05T21:35:18Z,4.426000,4.433000,4.363000,4.373000,4.404000,4.404000,4.363000,4.373000,changed
2024-11-07 15:20:00+00:00,2026-10-05T21:35:18Z,4.390000,4.396000,4.341000,4.365000,4.371000,4.375000,4.341000,4.365000,changed
2024-11-07 16:20:00+00:00,2026-10-05T21:35:18Z,4.363000,4.369000,4.341000,4.357000,4.349000,4.369000,4.345000,4.357000,changed
2024-11-07 17:20:00+00:00,2026-10-05T21:35:18Z,4.365000,4.365000,4.339000,4.349000,4.359000,4.365000,4.339000,4.349000,changed
2024-11-07 19:20:00+00:00,2026-10-05T21:35:18Z,4.347000,4.377000,4.339000,4.341000,4.341000,4.377000,4.341000,4.341000,changed
2024-11-12 14:20:00+00:00,2026-10-05T21:35:18Z,4.390000,4.394000,4.361000,4.375000,4.380000,4.394000,4.361000,4.375000,changed
2024-11-12 15:20:00+00:00,2026-10-05T21:35:18Z,4.369000,4.394000,4.361000,4.394000,4.390000,4.394000,4.361000,4.394000,changed
2024-11-12 16:20:00+00:00,2026-10-05T21:35:18Z,4.388000,4.443000,4.382000,4.437000,4.371000,4.443000,4.367000,4.437000,changed
2024-11-12 17:20:00+00:00,2026-10-05T21:35:18Z,4.412000,4.443000,4.412000,4.433000,4.394000,4.443000,4.394000,4.433000,changed
2024-11-12 18:20:00+00:00,2026-10-05T21:35:18Z,4.433000,4.435000,4.424000,4.429000,4.433000,4.443000,4.424000,4.429000,changed
2024-11-12 19:20:00+00:00,2026-10-05T21:35:18Z,4.426000,4.433000,4.424000,4.432000,4.429000,4.435000,4.424000,4.432000,changed
2024-11-13 15:20:00+00:00,2026-10-05T21:35:18Z,4.396000,4.445000,4.396000,4.426000,4.396000,4.445000,4.396000,4.424000,changed
2024-11-14 14:20:00+00:00,2026-10-05T21:35:18Z,4.443000,4.483000,4.408000,4.418000,4.459000,4.461000,4.408000,4.418000,changed
2024-11-14 15:20:00+00:00,2026-10-05T21:35:18Z,4.420000,4.439000,4.408000,4.412000,4.424000,4.439000,4.412000,4.412000,changed
2024-11-14 16:20:00+00:00,2026-10-05T21:35:18Z,4.420000,4.439000,4.402000,4.402000,4.426000,4.428000,4.402000,4.402000,changed
2024-11-14 17:20:00+00:00,2026-10-05T21:35:18Z,4.408000,4.414000,4.386000,4.404000,4.410000,4.410000,4.386000,4.404000,changed
2024-11-14 19:20:00+00:00,2026-10-05T21:35:18Z,4.408000,4.422000,4.404000,4.418000,4.422000,4.422000,4.412000,4.418000,changed
2024-11-18 14:20:00+00:00,2026-10-05T21:35:18Z,4.487000,4.489000,4.441000,4.463000,4.459000,4.467000,4.441000,4.463000,changed
2024-11-18 15:20:00+00:00,2026-10-05T21:35:18Z,4.453000,4.469000,4.441000,4.447000,4.461000,4.469000,4.441000,4.447000,changed
2024-11-18 16:20:00+00:00,2026-10-05T21:35:18Z,4.459000,4.465000,4.432000,4.432000,4.463000,4.463000,4.432000,4.432000,changed
2024-11-18 17:20:00+00:00,2026-10-05T21:35:18Z,4.449000,4.453000,4.422000,4.424000,4.439000,4.443000,4.422000,4.424000,changed
2024-11-18 18:20:00+00:00,2026-10-05T21:35:18Z,4.430000,4.434000,4.408000,4.418000,4.426000,4.430000,4.408000,4.418000,changed
2024-11-18 19:20:00+00:00,2026-10-05T21:35:18Z,4.410000,4.422000,4.410000,4.414000,4.414000,4.422000,4.412000,4.414000,changed
2024-11-19 14:20:00+00:00,2026-10-05T21:35:18Z,4.341000,4.384000,4.339000,4.379000,4.357000,4.384000,4.337000,4.379000,changed
2024-11-19 15:20:00+00:00,2026-10-05T21:35:18Z,4.382000,4.386000,4.367000,4.379000,4.375000,4.386000,4.367000,4.379000,changed
2024-11-19 16:20:00+00:00,2026-10-05T21:35:18Z,4.373000,4.386000,4.367000,4.371000,4.375000,4.386000,4.367000,4.371000,changed
2024-11-19 17:20:00+00:00,2026-10-05T21:35:18Z,4.375000,4.392000,4.367000,4.381000,4.384000,4.390000,4.367000,4.381000,changed
2024-11-19 18:20:00+00:00,2026-10-05T21:35:18Z,4.384000,4.392000,4.371000,4.381000,4.373000,4.390000,4.371000,4.381000,changed
2024-11-19 19:20:00+00:00,2026-10-05T21:35:18Z,4.375000,4.384000,4.373000,4.379000,4.382000,4.384000,4.371000,4.379000,changed
2024-11-21 14:20:00+00:00,2026-10-05T21:35:18Z,4.418000,4.422000,4.377000,4.384000,4.392000,4.414000,4.377000,4.384000,changed
2024-11-21 15:20:00+00:00,2026-10-05T21:35:18Z,4.402000,4.414000,4.377000,4.412000,4.386000,4.414000,4.377000,4.412000,changed
2024-11-21 16:20:00+00:00,2026-10-05T21:35:18Z,4.384000,4.426000,4.384000,4.418000,4.404000,4.426000,4.400000,4.418000,changed
2024-11-21 17:20:00+00:00,2026-10-05T21:35:18Z,4.408000,4.426000,4.408000,4.414000,4.422000,4.426000,4.408000,4.414000,changed
2024-11-21 18:20:00+00:00,2026-10-05T21:35:18Z,4.418000,4.434000,4.408000,4.430000,4.414000,4.434000,4.412000,4.430000,changed
2024-11-21 19:20:00+00:00,2026-10-05T21:35:18Z,4.420000,4.438000,4.420000,4.432000,4.426000,4.438000,4.426000,4.432000,changed
2024-11-25 14:20:00+00:00,2026-10-05T21:35:18Z,4.322000,4.332000,4.289000,4.296000,4.320000,4.322000,4.289000,4.296000,changed
2024-11-25 15:20:00+00:00,2026-10-05T21:35:18Z,4.291000,4.304000,4.283000,4.298000,4.295000,4.304000,4.283000,4.298000,changed
2024-11-25 16:20:00+00:00,2026-10-05T21:35:18Z,4.293000,4.308000,4.283000,4.296000,4.293000,4.308000,4.293000,4.296000,changed
2024-11-25 17:20:00+00:00,2026-10-05T21:35:18Z,4.295000,4.308000,4.279000,4.281000,4.296000,4.304000,4.279000,4.281000,changed
2024-11-25 18:20:00+00:00,2026-10-05T21:35:18Z,4.298000,4.304000,4.263000,4.271000,4.300000,4.300000,4.263000,4.271000,changed
2024-11-25 19:20:00+00:00,2026-10-05T21:35:18Z,4.277000,4.279000,4.261000,4.265000,4.265000,4.273000,4.261000,4.265000,changed
2024-11-26 14:20:00+00:00,2026-10-05T21:35:18Z,4.293000,4.314000,4.291000,4.310000,4.293000,4.314000,4.281000,4.310000,changed
2024-11-26 15:20:00+00:00,2026-10-05T21:35:18Z,4.300000,4.324000,4.298000,4.316000,4.298000,4.324000,4.295000,4.316000,changed
2024-11-26 16:20:00+00:00,2026-10-05T21:35:18Z,4.310000,4.320000,4.306000,4.306000,4.322000,4.324000,4.306000,4.306000,changed
2024-11-26 17:20:00+00:00,2026-10-05T21:35:18Z,4.316000,4.318000,4.300000,4.314000,4.316000,4.320000,4.300000,4.314000,changed
2024-11-26 18:20:00+00:00,2026-10-05T21:35:18Z,4.310000,4.320000,4.306000,4.316000,4.306000,4.320000,4.300000,4.316000,changed
2024-11-26 19:20:00+00:00,2026-10-05T21:35:18Z,4.316000,4.320000,4.302000,4.302000,4.320000,4.320000,4.302000,4.302000,changed
2024-11-27 15:20:00+00:00,2026-10-05T21:35:18Z,4.256000,4.275000,4.254000,4.263000,4.246000,4.275000,4.242000,4.263000,changed
2024-11-27 16:20:00+00:00,2026-10-05T21:35:18Z,4.256000,4.265000,4.232000,4.238000,4.265000,4.269000,4.232000,4.238000,changed
2024-11-27 17:20:00+00:00,2026-10-05T21:35:18Z,4.242000,4.248000,4.230000,4.232000,4.263000,4.263000,4.230000,4.232000,changed
2024-11-27 18:20:00+00:00,2026-10-05T21:35:18Z,4.238000,4.238000,4.227000,4.236000,4.238000,4.240000,4.227000,4.236000,changed
2024-11-27 19:20:00+00:00,2026-10-05T21:35:18Z,4.236000,4.246000,4.232000,4.242000,4.232000,4.246000,4.230000,4.242000,changed
2024-11-29 14:20:00+00:00,2026-10-05T21:35:18Z,4.219000,4.219000,4.196000,4.207000,4.203000,4.207000,4.196000,4.207000,changed
2024-11-29 15:20:00+00:00,2026-10-05T21:35:18Z,4.199000,4.217000,4.196000,4.209000,4.197000,4.217000,4.196000,4.209000,changed
2024-11-29 16:20:00+00:00,2026-10-05T21:35:18Z,4.215000,4.217000,4.201000,4.207000,4.205000,4.217000,4.201000,4.207000,changed
2024-11-29 17:20:00+00:00,2026-10-05T21:35:18Z,4.211000,4.211000,4.188000,4.190000,4.209000,4.211000,4.188000,4.190000,changed
2024-11-29 18:20:00+00:00,2026-10-05T21:35:18Z,4.207000,4.207000,4.172000,4.180000,4.194000,4.196000,4.172000,4.180000,changed
2024-11-29 19:20:00+00:00,2026-10-05T21:35:18Z,4.184000,4.184000,4.172000,4.178000,4.172000,4.180000,4.172000,4.178000,changed
2024-11-01 13:20:00+00:00,2026-10-05T22:40:56Z,4.315000,4.315000,4.223000,4.305000,4.235000,4.307000,4.235000,4.305000,changed
2024-11-01 14:20:00+00:00,2026-10-05T22:40:56Z,4.273000,4.345000,4.259000,4.331000,4.275000,4.345000,4.267000,4.331000,changed
2024-11-01 15:20:00+00:00,2026-10-05T22:40:56Z,4.299000,4.355000,4.295000,4.341000,4.329000,4.355000,4.323000,4.341000,changed
2024-11-01 16:20:00+00:00,2026-10-05T22:40:56Z,4.325000,4.355000,4.325000,4.345000,4.347000,4.349000,4.333000,4.345000,changed
2024-11-01 17:20:00+00:00,2026-10-05T22:40:56Z,4.343000,4.365000,4.333000,4.357000,4.343000,4.365000,4.339000,4.357000,changed
2024-11-01 18:20:00+00:00,2026-10-05T22:40:56Z,4.345000,4.365000,4.345000,4.361000,4.355000,4.363000,4.349000,4.361000,changed
2024-11-04 14:20:00+00:00,2026-10-05T22:40:56Z,4.283000,4.287000,4.263000,4.263000,4.293000,4.297000,4.263000,4.263000,changed
2024-11-04 15:20:00+00:00,2026-10-05T22:40:56Z,4.277000,4.305000,4.263000,4.303000,4.281000,4.305000,4.263000,4.303000,changed
2024-11-04 16:20:00+00:00,2026-10-05T22:40:56Z,4.293000,4.309000,4.293000,4.293000,4.275000,4.309000,4.271000,4.293000,changed
2024-11-04 17:20:00+00:00,2026-10-05T22:40:56Z,4.297000,4.329000,4.291000,4.323000,4.301000,4.329000,4.291000,4.323000,changed
2024-11-04 18:20:00+00:00,2026-10-05T22:40:56Z,4.305000,4.329000,4.305000,4.309000,4.297000,4.329000,4.295000,4.309000,changed
2024-11-04 19:20:00+00:00,2026-10-05T22:40:56Z,4.313000,4.313000,4.297000,4.309000,4.325000,4.325000,4.297000,4.309000,changed
2024-11-05 14:20:00+00:00,2026-10-05T22:40:56Z,4.331000,4.360000,4.313000,4.353000,4.325000,4.360000,4.313000,4.353000,changed
2024-11-05 15:20:00+00:00,2026-10-05T22:40:56Z,4.319000,4.366000,4.313000,4.362000,4.339000,4.366000,4.339000,4.362000,changed
2024-11-05 16:20:00+00:00,2026-10-05T22:40:56Z,4.364000,4.366000,4.351000,4.356000,4.356000,4.366000,4.351000,4.356000,changed
2024-11-05 17:20:00+00:00,2026-10-05T22:40:56Z,4.362000,4.366000,4.315000,4.315000,4.357000,4.357000,4.315000,4.315000,changed
2024-11-05 18:20:00+00:00,2026-10-05T22:40:56Z,4.351000,4.353000,4.311000,4.317000,4.351000,4.351000,4.311000,4.317000,changed
2024-11-05 19:20:00+00:00,2026-10-05T22:40:56Z,4.323000,4.327000,4.285000,4.289000,4.313000,4.321000,4.285000,4.289000,changed
2024-11-07 14:20:00+00:00,2026-10-05T22:40:56Z,4.404000,4.404000,4.363000,4.373000,4.426000,4.433000,4.363000,4.373000,changed
2024-11-07 15:20:00+00:00,2026-10-05T22:40:56Z,4.371000,4.375000,4.341000,4.365000,4.390000,4.396000,4.341000,4.365000,changed
2024-11-07 16:20:00+00:00,2026-10-05T22:40:56Z,4.349000,4.369000,4.345000,4.357000,4.363000,4.369000,4.341000,4.357000,changed
2024-11-07 17:20:00+00:00,2026-10-05T22:40:56Z,4.359000,4.365000,4.339000,4.349000,4.365000,4.365000,4.339000,4.349000,changed
2024-11-07 19:20:00+00:00,2026-10-05T22:40:56Z,4.341000,4.377000,4.341000,4.341000,4.347000,4.377000,4.339000,4.341000,changed
2024-11-12 14:20:00+00:00,2026-10-05T22:40:56Z,4.380000,4.394000,4.361000,4.375000,4.390000,4.394000,4.361000,4.375000,changed
2024-11-12 15:20:00+00:00,2026-10-05T22:40:56Z,4.390000,4.394000,4.361000,4.394000,4.369000,4.394000,4.361000,4.394000,changed
2024-11-12 16:20:00+00:00,2026-10-05T22:40:56Z,4.371000,4.443000,4.367000,4.437000,4.388000,4.443000,4.382000,4.437000,changed
2024-11-12 17:20:00+00:00,2026-10-05T22:40:56Z,4.394000,4.443000,4.394000,4.433000,4.412000,4.443000,4.412000,4.433000,changed
2024-11-12 18:20:00+00:00,2026-10-05T22:40:56Z,4.433000,4.443000,4.424000,4.429000,4.433000,4.435000,4.424000,4.429000,changed
2024-11-12 19:20:00+00:00,2026-10-05T22:40:56Z,4.429000,4.435000,4.424000,4.432000,4.426000,4.433000,4.424000,4.432000,changed
2024-11-13 15:20:00+00:00,2026-10-05T22:40:56Z,4.396000,4.445000,4.396000,4.424000,4.396000,4.445000,4.396000,4.426000,changed
2024-11-14 14:20:00+00:00,2026-10-05T22:40:56Z,4.459000,4.461000,4.408000,4.418000,4.443000,4.483000,4.408000,4.418000,changed
2024-11-14 15:20:00+00:00,2026-10-05T22:40:56Z,4.424000,4.439000,4.412000,4.412000,4.420000,4.439000,4.408000,4.412000,changed
2024-11-14 16:20:00+00:00,2026-10-05T22:40:56Z,4.426000,4.428000,4.402000,4.402000,4.420000,4.439000,4.402000,4.402000,changed
2024-11-14 17:20:00+00:00,2026-10-05T22:40:56Z,4.410000,4.410000,4.386000,4.404000,4.408000,4.414000,4.386000,4.404000,changed
2024-11-14 19:20:00+00:00,2026-10-05T22:40:56Z,4.422000,4.422000,4.412000,4.418000,4.408000,4.422000,4.404000,4.418000,changed
2024-11-18 14:20:00+00:00,2026-10-05T22:40:56Z,4.459000,4.467000,4.441000,4.463000,4.487000,4.489000,4.441000,4.463000,changed
2024-11-18 15:20:00+00:00,2026-10-05T22:40:56Z,4.461000,4.469000,4.441000,4.447000,4.453000,4.469000,4.441000,4.447000,changed
2024-11-18 16:20:00+00:00,2026-10-05T22:40:56Z,4.463000,4.463000,4.432000,4.432000,4.459000,4.465000,4.432000,4.432000,changed
2024-11-18 17:20:00+00:00,2026-10-05T22:40:56Z,4.439000,4.443000,4.422000,4.424000,4.449000,4.453000,4.422000,4.424000,changed
2024-11-18 18:20:00+00:00,2026-10-05T22:40:56Z,4.426000,4.430000,4.408000,4.418000,4.430000,4.434000,4.408000,4.418000,changed
2024-11-18 19:20:00+00:00,2026-10-05T22:40:56Z,4.414000,4.422000,4.412000,4.414000,4.410000,4.422000,4.410000,4.414000,changed
2024-11-19 14:20:00+00:00,2026-10-05T22:40:56Z,4.357000,4.384000,4.337000,4.379000,4.341000,4.384000,4.339000,4.379000,changed
2024-11-19 15:20:00+00:00,2026-10-05T22:40:56Z,4.375000,4.386000,4.367000,4.379000,4.382000,4.386000,4.367000,4.379000,changed
2024-11-19 16:20:00+00:00,2026-10-05T22:40:56Z,4.375000,4.386000,4.367000,4.371000,4.373000,4.386000,4.367000,4.371000,changed
2024-11-19 17:20:00+00:00,2026-10-05T22:40:56Z,4.384000,4.390000,4.367000,4.381000,4.375000,4.392000,4.367000,4.381000,changed
2024-11-19 18:20:00+00:00,2026-10-05T22:40:56Z,4.373000,4.390000,4.371000,4.381000,4.384000,4.392000,4.371000,4.381000,changed
2024-11-19 19:20:00+00:00,2026-10-05T22:40:56Z,4.382000,4.384000,4.371000,4.379000,4.375000,4.384000,4.373000,4.379000,changed
2024-11-21 14:20:00+00:00,2026-10-05T22:40:56Z,4.392000,4.414000,4.377000,4.384000,4.418000,4.422000,4.377000,4.384000,changed
2024-11-21 15:20:00+00:00,2026-10-05T22:40:56Z,4.386000,4.414000,4.377000,4.412000,4.402000,4.414000,4.377000,4.412000,changed
2024-11-21 16:20:00+00:00,2026-10-05T22:40:56Z,4.404000,4.426000,4.400000,4.418000,4.384000,4.426000,4.384000,4.418000,changed
2024-11-21 17:20:00+00:00,2026-10-05T22:40:56Z,4.422000,4.426000,4.408000,4.414000,4.408000,4.426000,4.408000,4.414000,changed
2024-11-21 18:20:00+00:00,2026-10-05T22:40:56Z,4.414000,4.434000,4.412000,4.430000,4.418000,4.434000,4.408000,4.430000,changed
2024-11-21 19:20:00+00:00,2026-10-05T22:40:56Z,4.426000,4.438000,4.426000,4.432000,4.420000,4.438000,4.420000,4.432000,changed
2024-11-25 14:20:00+00:00,2026-10-05T22:40:56Z,4.320000,4.322000,4.289000,4.296000,4.322000,4.332000,4.289000,4.296000,changed
2024-11-25 15:20:00+00:00,2026-10-05T22:40:56Z,4.295000,4.304000,4.283000,4.298000,4.291000,4.304000,4.283000,4.298000,changed
2024-11-25 16:20:00+00:00,2026-10-05T22:40:56Z,4.293000,4.308000,4.293000,4.296000,4.293000,4.308000,4.283000,4.296000,changed
2024-11-25 17:20:00+00:00,2026-10-05T22:40:56Z,4.296000,4.304000,4.279000,4.281000,4.295000,4.308000,4.279000,4.281000,changed
2024-11-25 18:20:00+00:00,2026-10-05T22:40:56Z,4.300000,4.300000,4.263000,4.271000,4.298000,4.304000,4.263000,4.271000,changed
2024-11-25 19:20:00+00:00,2026-10-05T22:40:56Z,4.265000,4.273000,4.261000,4.265000,4.277000,4.279000,4.261000,4.265000,changed
2024-11-26 14:20:00+00:00,2026-10-05T22:40:56Z,4.293000,4.314000,4.281000,4.310000,4.293000,4.314000,4.291000,4.310000,changed
2024-11-26 15:20:00+00:00,2026-10-05T22:40:56Z,4.298000,4.324000,4.295000,4.316000,4.300000,4.324000,4.298000,4.316000,changed
2024-11-26 16:20:00+00:00,2026-10-05T22:40:56Z,4.322000,4.324000,4.306000,4.306000,4.310000,4.320000,4.306000,4.306000,changed
2024-11-26 17:20:00+00:00,2026-10-05T22:40:56Z,4.316000,4.320000,4.300000,4.314000,4.316000,4.318000,4.300000,4.314000,changed
2024-11-26 18:20:00+00:00,2026-10-05T22:40:56Z,4.306000,4.320000,4.300000,4.316000,4.310000,4.320000,4.306000,4.316000,changed
2024-11-26 19:20:00+00:00,2026-10-05T22:40:56Z,4.320000,4.320000,4.302000,4.302000,4.316000,4.320000,4.302000,4.302000,changed
2024-11-27 15:20:00+00:00,2026-10-05T22:40:56Z,4.246000,4.275000,4.242000,4.263000,4.256000,4.275000,4.254000,4.263000,changed
2024-11-27 16:20:00+00:00,2026-10-05T22:40:56Z,4.265000,4.269000,4.232000,4.238000,4.256000,4.265000,4.232000,4.238000,changed
2024-11-27 17:20:00+00:00,2026-10-05T22:40:56Z,4.263000,4.263000,4.230000,4.232000,4.242000,4.248000,4.230000,4.232000,changed
2024-11-27 18:20:00+00:00,2026-10-05T22:40:56Z,4.238000,4.240000,4.227000,4.236000,4.238000,4.238000,4.227000,4.236000,changed
2024-11-27 19:20:00+00:00,2026-10-05T22:40:56Z,4.232000,4.246000,4.230000,4.242000,4.236000,4.246000,4.232000,4.242000,changed
2024-11-29 14:20:00+00:00,2026-10-05T22:40:56Z,4.203000,4.207000,4.196000,4.207000,4.219000,4.219000,4.196000,4.207000,changed
2024-11-29 15:20:00+00:00,2026-10-05T22:40:56Z,4.197000,4.217000,4.196000,4.209000,4.199000,4.217000,4.196000,4.209000,changed
2024-11-29 16:20:00+00:00,2026-10-05T22:40:56Z,4.205000,4.217000,4.201000,4.207000,4.215000,4.217000,4.201000,4.207000,changed
2024-11-29 17:20:00+00:00,2026-10-05T22:40:56Z,4.209000,4.211000,4.188000,4.190000,4.211000,4.211000,4.188000,4.190000,changed
2024-11-29 18:20:00+00:00,2026-10-05T22:40:56Z,4.194000,4.196000,4.172000,4.180000,4.207000,4.207000,4.172000,4.180000,changed
2024-11-29 19:20:00+00:00,2026-10-05T22:40:56Z,4.172000,4.180000,4.172000,4.178000,4.184000,4.184000,4.172000,4.178000,changed
2024-11-01 13:20:00+00:00,2026-10-05T22:55:19Z,4.235000,4.307000,4.235000,4.305000,4.315000,4.315000,4.223000,4.305000,changed
2024-11-01 14:20:00+00:00,2026-10-05T22:55:19Z,4.275000,4.345000,4.267000,4.331000,4.273000,4.345000,4.259000,4.331000,changed
2024-11-01 15:20:00+00:00,2026-10-05T22:55:19Z,4.329000,4.355000,4.323000,4.341000,4.299000,4.355000,4.295000,4.341000,changed
2024-11-01 16:20:00+00:00,2026-10-05T22:55:19Z,4.347000,4.349000,4.333000,4.345000,4.325000,4.355000,4.325000,4.345000,changed
2024-11-01 17:20:00+00:00,2026-10-05T22:55:19Z,4.343000,4.365000,4.339000,4.357000,4.343000,4.365000,4.333000,4.357000,changed
2024-11-01 18:20:00+00:00,2026-10-05T22:55:19Z,4.355000,4.363000,4.349000,4.361000,4.345000,4.365000,4.345000,4.361000,changed
2024-11-04 14:20:00+00:00,2026-10-05T22:55:19Z,4.293000,4.297000,4.263000,4.263000,4.283000,4.287000,4.263000,4.263000,changed
2024-11-04 15:20:00+00:00,2026-10-05T22:55:19Z,4.281000,4.305000,4.263000,4.303000,4.277000,4.305000,4.263000,4.303000,changed
2024-11-04 16:20:00+00:00,2026-10-05T22:55:19Z,4.275000,4.309000,4.271000,4.293000,4.293000,4.309000,4.293000,4.293000,changed
2024-11-04 17:20:00+00:00,2026-10-05T22:55:19Z,4.301000,4.329000,4.291000,4.323000,4.297000,4.329000,4.291000,4.323000,changed
2024-11-04 18:20:00+00:00,2026-10-05T22:55:19Z,4.297000,4.329000,4.295000,4.309000,4.305000,4.329000,4.305000,4.309000,changed
2024-11-04 19:20:00+00:00,2026-10-05T22:55:19Z,4.325000,4.325000,4.297000,4.309000,4.313000,4.313000,4.297000,4.309000,changed
2024-11-05 14:20:00+00:00,2026-10-05T22:55:19Z,4.325000,4.360000,4.313000,4.353000,4.331000,4.360000,4.313000,4.353000,changed
2024-11-05 15:20:00+00:00,2026-10-05T22:55:19Z,4.339000,4.366000,4.339000,4.362000,4.319000,4.366000,4.313000,4.362000,changed
2024-11-05 16:20:00+00:00,2026-10-05T22:55:19Z,4.356000,4.366000,4.351000,4.356000,4.364000,4.366000,4.351000,4.356000,changed
2024-11-05 17:20:00+00:00,2026-10-05T22:55:19Z,4.357000,4.357000,4.315000,4.315000,4.362000,4.366000,4.315000,4.315000,changed
2024-11-05 18:20:00+00:00,2026-10-05T22:55:19Z,4.351000,4.351000,4.311000,4.317000,4.351000,4.353000,4.311000,4.317000,changed
2024-11-05 19:20:00+00:00,2026-10-05T22:55:19Z,4.313000,4.321000,4.285000,4.289000,4.323000,4.327000,4.285000,4.289000,changed
2024-11-07 14:20:00+00:00,2026-10-05T22:55:19Z,4.426000,4.433000,4.363000,4.373000,4.404000,4.404000,4.363000,4.373000,changed
2024-11-07 15:20:00+00:00,2026-10-05T22:55:19Z,4.390000,4.396000,4.341000,4.365000,4.371000,4.375000,4.341000,4.365000,changed
2024-11-07 16:20:00+00:00,2026-10-05T22:55:19Z,4.363000,4.369000,4.341000,4.357000,4.349000,4.369000,4.345000,4.357000,changed
2024-11-07 17:20:00+00:00,2026-10-05T22:55:19Z,4.365000,4.365000,4.339000,4.349000,4.359000,4.365000,4.339000,4.349000,changed
2024-11-07 19:20:00+00:00,2026-10-05T22:55:19Z,4.347000,4.377000,4.339000,4.341000,4.341000,4.377000,4.341000,4.341000,changed
2024-11-12 14:20:00+00:00,2026-10-05T22:55:19Z,4.390000,4.394000,4.361000,4.375000,4.380000,4.394000,4.361000,4.375000,changed
2024-11-12 15:20:00+00:00,2026-10-05T22:55:19Z,4.369000,4.394000,4.361000,4.394000,4.390000,4.394000,4.361000,4.394000,changed
2024-11-12 16:20:00+00:00,2026-10-05T22:55:19Z,4.388000,4.443000,4.382000,4.437000,4.371000,4.443000,4.367000,4.437000,changed
2024-11-12 17:20:00+00:00,2026-10-05T22:55:19Z,4.412000,4.443000,4.412000,4.433000,4.394000,4.443000,4.394000,4.433000,changed
2024-11-12 18:20:00+00:00,2026-10-05T22:55:19Z,4.433000,4.435000,4.424000,4.429000,4.433000,4.443000,4.424000,4.429000,changed
2024-11-12 19:20:00+00:00,2026-10-05T22:55:19Z,4.426000,4.433000,4.424000,4.432000,4.429000,4.435000,4.424000,4.432000,changed
2024-11-13 15:20:00+00:00,2026-10-05T22:55:19Z,4.396000,4.445000,4.396000,4.426000,4.396000,4.445000,4.396000,4.424000,changed
2024-11-14 14:20:00+00:00,2026-10-05T22:55:19Z,4.443000,4.483000,4.408000,4.418000,4.459000,4.461000,4.408000,4.418000,changed
2024-11-14 15:20:00+00:00,2026-10-05T22:55:19Z,4.420000,4.439000,4.408000,4.412000,4.424000,4.439000,4.412000,4.412000,changed
2024-11-14 16:20:00+00:00,2026-10-05T22:55:19Z,4.420000,4.439000,4.402000,4.402000,4.426000,4.428000,4.402000,4.402000,changed
2024-11-14 17:20:00+00:00,2026-10-05T22:55:19Z,4.408000,4.414000,4.386000,4.404000,4.410000,4.410000,4.386000,4.404000,changed
2024-11-14 19:20:00+00:00,2026-10-05T22:55:19Z,4.408000,4.422000,4.404000,4.418000,4.422000,4.422000,4.412000,4.418000,changed
2024-11-18 14:20:00+00:00,2026-10-05T22:55:19Z,4.487000,4.489000,4.441000,4.463000,4.459000,4.467000,4.441000,4.463000,changed
2024-11-18 15:20:00+00:00,2026-10-05T22:55:19Z,4.453000,4.469000,4.441000,4.447000,4.461000,4.469000,4.441000,4.447000,changed
2024-11-18 16:20:00+00:00,2026-10-05T22:55:19Z,4.459000,4.465000,4.432000,4.432000,4.463000,4.463000,4.432000,4.432000,changed
2024-11-18 17:20:00+00:00,2026-10-05T22:55:19Z,4.449000,4.453000,4.422000,4.424000,4.439000,4.443000,4.422000,4.424000,changed
2024-11-18 18:20:00+00:00,2026-10-05T22:55:19Z,4.430000,4.434000,4.408000,4.418000,4.426000,4.430000,4.408000,4.418000,changed
2024-11-18 19:20:00+00:00,2026-10-05T22:55:19Z,4.410000,4.422000,4.410000,4.414000,4.414000,4.422000,4.412000,4.414000,changed
2024-11-19 14:20:00+00:00,2026-10-05T22:55:19Z,4.341000,4.384000,4.339000,4.379000,4.357000,4.384000,4.337000,4.379000,changed
2024-11-19 15:20:00+00:00,2026-10-05T22:55:19Z,4.382000,4.386000,4.367000,4.379000,4.375000,4.386000,4.367000,4.379000,changed
2024-11-19 16:20:00+00:00,2026-10-05T22:55:19Z,4.373000,4.386000,4.367000,4.371000,4.375000,4.386000,4.367000,4.371000,changed
2024-11-19 17:20:00+00:00,2026-10-05T22:55:19Z,4.375000,4.392000,4.367000,4.381000,4.384000,4.390000,4.367000,4.381000,changed
2024-11-19 18:20:00+00:00,2026-10-05T22:55:19Z,4.384000,4.392000,4.371000,4.381000,4.373000,4.390000,4.371000,4.381000,changed
2024-11-19 19:20:00+00:00,2026-10-05T22:55:19Z,4.375000,4.384000,4.373000,4.379000,4.382000,4.384000,4.371000,4.379000,changed
2024-11-21 14:20:00+00:00,2026-10-05T22:55:19Z,4.418000,4.422000,4.377000,4.384000,4.392000,4.414000,4.377000,4.384000,changed
2024-11-21 15:20:00+00:00,2026-10-05T22:55:19Z,4.402000,4.414000,4.377000,4.412000,4.386000,4.414000,4.377000,4.412000,changed
2024-11-21 16:20:00+00:00,2026-10-05T22:55:19Z,4.384000,4.426000,4.384000,4.418000,4.404000,4.426000,4.400000,4.418000,changed
2024-11-21 17:20:00+00:00,2026-10-05T22:55:19Z,4.408000,4.426000,4.408000,4.414000,4.422000,4.426000,4.408000,4.414000,changed
2024-11-21 18:20:00+00:00,2026-10-05T22:55:19Z,4.418000,4.434000,4.408000,4.430000,4.414000,4.434000,4.412000,4.430000,changed
2024-11-21 19:20:00+00:00,2026-10-05T22:55:19Z,4.420000,4.438000,4.420000,4.432000,4.426000,4.438000,4.426000,4.432000,changed
2024-11-25 14:20:00+00:00,2026-10-05T22:55:19Z,4.322000,4.332000,4.289000,4.296000,4.320000,4.322000,4.289000,4.296000,changed
2024-11-25 15:20:00+00:00,2026-10-05T22:55:19Z,4.291000,4.304000,4.283000,4.298000,4.295000,4.304000,4.283000,4.298000,changed
2024-11-25 16:20:00+00:00,2026-10-05T22:55:19Z,4.293000,4.308000,4.283000,4.296000,4.293000,4.308000,4.293000,4.296000,changed
2024-11-25 17:20:00+00:00,2026-10-05T22:55:19Z,4.295000,4.308000,4.279000,4.281000,4.296000,4.304000,4.279000,4.281000,changed
2024-11-25 18:20:00+00:00,2026-10-05T22:55:19Z,4.298000,4.304000,4.263000,4.271000,4.300000,4.300000,4.263000,4.271000,changed
2024-11-25 19:20:00+00:00,2026-10-05T22:55:19Z,4.277000,4.279000,4.261000,4.265000,4.265000,4.273000,4.261000,4.265000,changed
2024-11-26 14:20:00+00:00,2026-10-05T22:55:19Z,4.293000,4.314000,4.291000,4.310000,4.293000,4.314000,4.281000,4.310000,changed
2024-11-26 15:20:00+00:00,2026-10-05T22:55:19Z,4.300000,4.324000,4.298000,4.316000,4.298000,4.324000,4.295000,4.316000,changed
2024-11-26 16:20:00+00:00,2026-10-05T22:55:19Z,4.310000,4.320000,4.306000,4.306000,4.322000,4.324000,4.306000,4.306000,changed
2024-11-26 17:20:00+00:00,2026-10-05T22:55:19Z,4.316000,4.318000,4.300000,4.314000,4.316000,4.320000,4.300000,4.314000,changed
2024-11-26 18:20:00+00:00,2026-10-05T22:55:19Z,4.310000,4.320000,4.306000,4.316000,4.306000,4.320000,4.300000,4.316000,changed
2024-11-26 19:20:00+00:00,2026-10-05T22:55:19Z,4.316000,4.320000,4.302000,4.302000,4.320000,4.320000,4.302000,4.302000,changed
2024-11-27 15:20:00+00:00,2026-10-05T22:55:19Z,4.256000,4.275000,4.254000,4.263000,4.246000,4.275000,4.242000,4.263000,changed
2024-11-27 16:20:00+00:00,2026-10-05T22:55:19Z,4.256000,4.265000,4.232000,4.238000,4.265000,4.269000,4.232000,4.238000,changed
2024-11-27 17:20:00+00:00,2026-10-05T22:55:19Z,4.242000,4.248000,4.230000,4.232000,4.263000,4.263000,4.230000,4.232000,changed
2024-11-27 18:20:00+00:00,2026-10-05T22:55:19Z,4.238000,4.238000,4.227000,4.236000,4.238000,4.240000,4.227000,4.236000,changed
2024-11-27 19:20:00+00:00,2026-10-05T22:55:19Z,4.236000,4.246000,4.232000,4.242000,4.232000,4.246000,4.230000,4.242000,changed
2024-11-29 14:20:00+00:00,2026-10-05T22:55:19Z,4.219000,4.219000,4.196000,4.207000,4.203000,4.207000,4.196000,4.207000,changed
2024-11-29 15:20:00+00:00,2026-10-05T22:55:19Z,4.199000,4.217000,4.196000,4.209000,4.197000,4.217000,4.196000,4.209000,changed
2024-11-29 16:20:00+00:00,2026-10-05T22:55:19Z,4.215000,4.217000,4.201000,4.207000,4.205000,4.217000,4.201000,4.207000,changed
2024-11-29 17:20:00+00:00,2026-10-05T22:55:19Z,4.211000,4.211000,4.188000,4.190000,4.209000,4.211000,4.188000,4.190000,changed
2024-11-29 18:20:00+00:00,2026-10-05T22:55:19Z,4.207000,4.207000,4.172000,4.180000,4.194000,4.196000,4.172000,4.180000,changed
2024-11-29 19:20:00+00:00,2026-10-05T22:55:19Z,4.184000,4.184000,4.172000,4.178000,4.172000,4.180000,4.172000,4.178000,changed
