bar_open,run_utc,old_open,old_high,old_low,old_close,new_open,new_high,new_low,new_close,kind
2025-04-01 15:20:00+00:00,2026-10-03T10:38:11Z,4.165000,4.173000,4.146000,4.169000,4.171000,4.173000,4.146000,4.169000,changed
2025-04-02 13:20:00+00:00,2026-10-03T10:38:11Z,4.129000,4.152000,4.110000,4.150000,4.127000,4.152000,4.110000,4.150000,changed
2025-04-02 14:20:00+00:00,2026-10-03T10:38:11Z,4.140000,4.167000,4.133000,4.161000,4.112000,4.167000,4.112000,4.161000,changed
2025-04-02 15:20:00+00:00,2026-10-03T10:38:11Z,4.165000,4.199000,4.157000,4.199000,4.150000,4.199000,4.142000,4.199000,changed
2025-04-02 16:20:00+00:00,2026-10-03T10:38:11Z,4.188000,4.226000,4.184000,4.218000,4.186000,4.226000,4.175000,4.218000,changed
2025-04-02 17:20:00+00:00,2026-10-03T10:38:11Z,4.217000,4.222000,4.203000,4.205000,4.211000,4.226000,4.203000,4.205000,changed
2025-04-02 18:20:00+00:00,2026-10-03T10:38:11Z,4.211000,4.213000,4.196000,4.196000,4.220000,4.220000,4.196000,4.196000,changed
2025-04-03 13:20:00+00:00,2026-10-03T10:38:11Z,4.063000,4.063000,4.004000,4.034000,4.021000,4.047000,4.004000,4.034000,changed
2025-04-03 14:20:00+00:00,2026-10-03T10:38:11Z,4.032000,4.047000,4.004000,4.032000,4.019000,4.044000,4.004000,4.032000,changed
2025-04-03 15:20:00+00:00,2026-10-03T10:38:11Z,4.030000,4.068000,4.008000,4.068000,4.014000,4.068000,4.008000,4.068000,changed
2025-04-03 16:20:00+00:00,2026-10-03T10:38:11Z,4.034000,4.068000,4.029000,4.044000,4.055000,4.068000,4.044000,4.044000,changed
2025-04-03 17:20:00+00:00,2026-10-03T10:38:11Z,4.066000,4.068000,4.032000,4.040000,4.049000,4.055000,4.032000,4.040000,changed
2025-04-03 18:20:00+00:00,2026-10-03T10:38:11Z,4.042000,4.059000,4.032000,4.055000,4.036000,4.059000,4.032000,4.055000,changed
2025-04-04 15:20:00+00:00,2026-10-03T10:38:11Z,3.916000,3.972000,3.910000,3.934000,3.912000,3.972000,3.912000,3.934000,changed
2025-04-07 13:20:00+00:00,2026-10-03T10:38:11Z,4.011000,4.210000,4.011000,4.140000,4.058000,4.210000,4.011000,4.140000,changed
2025-04-07 14:20:00+00:00,2026-10-03T10:38:11Z,4.032000,4.210000,4.011000,4.096000,4.066000,4.210000,4.062000,4.096000,changed
2025-04-07 15:20:00+00:00,2026-10-03T10:38:11Z,4.107000,4.145000,4.066000,4.128000,4.123000,4.142000,4.066000,4.128000,changed
2025-04-07 16:20:00+00:00,2026-10-03T10:38:11Z,4.096000,4.172000,4.096000,4.172000,4.128000,4.172000,4.113000,4.172000,changed
2025-04-07 17:20:00+00:00,2026-10-03T10:38:11Z,4.142000,4.197000,4.134000,4.163000,4.140000,4.197000,4.134000,4.163000,changed
2025-04-07 18:20:00+00:00,2026-10-03T10:38:11Z,4.176000,4.197000,4.140000,4.155000,4.164000,4.170000,4.140000,4.155000,changed
2025-04-10 15:20:00+00:00,2026-10-03T10:38:11Z,4.330000,4.382000,4.326000,4.368000,4.330000,4.382000,4.330000,4.368000,changed
2025-04-14 13:20:00+00:00,2026-10-03T10:38:11Z,4.452000,4.452000,4.392000,4.417000,4.436000,4.440000,4.392000,4.417000,changed
2025-04-14 14:20:00+00:00,2026-10-03T10:38:11Z,4.415000,4.438000,4.392000,4.409000,4.415000,4.438000,4.397000,4.409000,changed
2025-04-14 15:20:00+00:00,2026-10-03T10:38:11Z,4.407000,4.438000,4.397000,4.419000,4.436000,4.436000,4.397000,4.419000,changed
2025-04-14 16:20:00+00:00,2026-10-03T10:38:11Z,4.405000,4.427000,4.401000,4.405000,4.409000,4.427000,4.403000,4.405000,changed
2025-04-14 17:20:00+00:00,2026-10-03T10:38:11Z,4.423000,4.427000,4.372000,4.372000,4.425000,4.425000,4.372000,4.372000,changed
2025-04-14 18:20:00+00:00,2026-10-03T10:38:11Z,4.395000,4.395000,4.360000,4.364000,4.382000,4.386000,4.360000,4.364000,changed
2025-04-16 14:20:00+00:00,2026-10-03T10:38:11Z,4.325000,4.352000,4.321000,4.323000,4.325000,4.352000,4.323000,4.323000,changed
2025-04-17 13:20:00+00:00,2026-10-03T10:38:11Z,4.298000,4.304000,4.278000,4.300000,4.286000,4.304000,4.278000,4.300000,changed
2025-04-17 14:20:00+00:00,2026-10-03T10:38:11Z,4.298000,4.304000,4.282000,4.304000,4.294000,4.304000,4.286000,4.304000,changed
2025-04-17 15:20:00+00:00,2026-10-03T10:38:11Z,4.290000,4.329000,4.288000,4.319000,4.290000,4.329000,4.290000,4.319000,changed
2025-04-17 16:20:00+00:00,2026-10-03T10:38:11Z,4.304000,4.344000,4.304000,4.327000,4.317000,4.344000,4.307000,4.327000,changed
2025-04-17 17:20:00+00:00,2026-10-03T10:38:11Z,4.325000,4.344000,4.321000,4.333000,4.327000,4.336000,4.321000,4.333000,changed
2025-04-17 18:20:00+00:00,2026-10-03T10:38:11Z,4.333000,4.336000,4.327000,4.333000,4.327000,4.336000,4.327000,4.333000,changed
2025-04-21 13:20:00+00:00,2026-10-03T10:38:11Z,4.399000,4.401000,4.350000,4.350000,4.391000,4.391000,4.350000,4.350000,changed
2025-04-21 14:20:00+00:00,2026-10-03T10:38:11Z,4.381000,4.381000,4.333000,4.374000,4.362000,4.374000,4.333000,4.374000,changed
2025-04-21 15:20:00+00:00,2026-10-03T10:38:11Z,4.336000,4.377000,4.335000,4.368000,4.360000,4.377000,4.354000,4.368000,changed
2025-04-21 16:20:00+00:00,2026-10-03T10:38:11Z,4.362000,4.403000,4.360000,4.403000,4.370000,4.403000,4.362000,4.403000,changed
2025-04-21 17:20:00+00:00,2026-10-03T10:38:11Z,4.377000,4.407000,4.377000,4.391000,4.387000,4.407000,4.383000,4.391000,changed
2025-04-21 18:20:00+00:00,2026-10-03T10:38:11Z,4.401000,4.407000,4.387000,4.405000,4.401000,4.405000,4.387000,4.405000,changed
2025-04-28 13:20:00+00:00,2026-10-03T10:38:11Z,4.278000,4.295000,4.251000,4.253000,4.291000,4.293000,4.251000,4.253000,changed
2025-04-28 14:20:00+00:00,2026-10-03T10:38:11Z,4.280000,4.284000,4.229000,4.237000,4.268000,4.270000,4.229000,4.237000,changed
2025-04-28 15:20:00+00:00,2026-10-03T10:38:11Z,4.256000,4.256000,4.229000,4.235000,4.237000,4.243000,4.229000,4.235000,changed
2025-04-28 16:20:00+00:00,2026-10-03T10:38:11Z,4.239000,4.243000,4.216000,4.222000,4.237000,4.239000,4.216000,4.222000,changed
2025-04-28 17:20:00+00:00,2026-10-03T10:38:11Z,4.235000,4.239000,4.216000,4.229000,4.220000,4.229000,4.216000,4.229000,changed
2025-04-28 18:20:00+00:00,2026-10-03T10:38:11Z,4.222000,4.229000,4.214000,4.216000,4.229000,4.229000,4.214000,4.216000,changed
2025-04-01 15:20:00+00:00,2026-10-03T13:44:48Z,4.171000,4.173000,4.146000,4.169000,4.165000,4.173000,4.146000,4.169000,changed
2025-04-02 13:20:00+00:00,2026-10-03T13:44:48Z,4.127000,4.152000,4.110000,4.150000,4.129000,4.152000,4.110000,4.150000,changed
2025-04-02 14:20:00+00:00,2026-10-03T13:44:48Z,4.112000,4.167000,4.112000,4.161000,4.140000,4.167000,4.133000,4.161000,changed
2025-04-02 15:20:00+00:00,2026-10-03T13:44:48Z,4.150000,4.199000,4.142000,4.199000,4.165000,4.199000,4.157000,4.199000,changed
2025-04-02 16:20:00+00:00,2026-10-03T13:44:48Z,4.186000,4.226000,4.175000,4.218000,4.188000,4.226000,4.184000,4.218000,changed
2025-04-02 17:20:00+00:00,2026-10-03T13:44:48Z,4.211000,4.226000,4.203000,4.205000,4.217000,4.222000,4.203000,4.205000,changed
2025-04-02 18:20:00+00:00,2026-10-03T13:44:48Z,4.220000,4.220000,4.196000,4.196000,4.211000,4.213000,4.196000,4.196000,changed
2025-04-03 13:20:00+00:00,2026-10-03T13:44:48Z,4.021000,4.047000,4.004000,4.034000,4.063000,4.063000,4.004000,4.034000,changed
2025-04-03 14:20:00+00:00,2026-10-03T13:44:48Z,4.019000,4.044000,4.004000,4.032000,4.032000,4.047000,4.004000,4.032000,changed
2025-04-03 15:20:00+00:00,2026-10-03T13:44:48Z,4.014000,4.068000,4.008000,4.068000,4.030000,4.068000,4.008000,4.068000,changed
2025-04-03 16:20:00+00:00,2026-10-03T13:44:48Z,4.055000,4.068000,4.044000,4.044000,4.034000,4.068000,4.029000,4.044000,changed
2025-04-03 17:20:00+00:00,2026-10-03T13:44:48Z,4.049000,4.055000,4.032000,4.040000,4.066000,4.068000,4.032000,4.040000,changed
2025-04-03 18:20:00+00:00,2026-10-03T13:44:48Z,4.036000,4.059000,4.032000,4.055000,4.042000,4.059000,4.032000,4.055000,changed
2025-04-04 15:20:00+00:00,2026-10-03T13:44:48Z,3.912000,3.972000,3.912000,3.934000,3.916000,3.972000,3.910000,3.934000,changed
2025-04-07 13:20:00+00:00,2026-10-03T13:44:48Z,4.058000,4.210000,4.011000,4.140000,4.011000,4.210000,4.011000,4.140000,changed
2025-04-07 14:20:00+00:00,2026-10-03T13:44:48Z,4.066000,4.210000,4.062000,4.096000,4.032000,4.210000,4.011000,4.096000,changed
2025-04-07 15:20:00+00:00,2026-10-03T13:44:48Z,4.123000,4.142000,4.066000,4.128000,4.107000,4.145000,4.066000,4.128000,changed
2025-04-07 16:20:00+00:00,2026-10-03T13:44:48Z,4.128000,4.172000,4.113000,4.172000,4.096000,4.172000,4.096000,4.172000,changed
2025-04-07 17:20:00+00:00,2026-10-03T13:44:48Z,4.140000,4.197000,4.134000,4.163000,4.142000,4.197000,4.134000,4.163000,changed
2025-04-07 18:20:00+00:00,2026-10-03T13:44:48Z,4.164000,4.170000,4.140000,4.155000,4.176000,4.197000,4.140000,4.155000,changed
2025-04-10 15:20:00+00:00,2026-10-03T13:44:48Z,4.330000,4.382000,4.330000,4.368000,4.330000,4.382000,4.326000,4.368000,changed
2025-04-14 13:20:00+00:00,2026-10-03T13:44:48Z,4.436000,4.440000,4.392000,4.417000,4.452000,4.452000,4.392000,4.417000,changed
2025-04-14 14:20:00+00:00,2026-10-03T13:44:48Z,4.415000,4.438000,4.397000,4.409000,4.415000,4.438000,4.392000,4.409000,changed
2025-04-14 15:20:00+00:00,2026-10-03T13:44:48Z,4.436000,4.436000,4.397000,4.419000,4.407000,4.438000,4.397000,4.419000,changed
2025-04-14 16:20:00+00:00,2026-10-03T13:44:48Z,4.409000,4.427000,4.403000,4.405000,4.405000,4.427000,4.401000,4.405000,changed
2025-04-14 17:20:00+00:00,2026-10-03T13:44:48Z,4.425000,4.425000,4.372000,4.372000,4.423000,4.427000,4.372000,4.372000,changed
2025-04-14 18:20:00+00:00,2026-10-03T13:44:48Z,4.382000,4.386000,4.360000,4.364000,4.395000,4.395000,4.360000,4.364000,changed
2025-04-16 14:20:00+00:00,2026-10-03T13:44:48Z,4.325000,4.352000,4.323000,4.323000,4.325000,4.352000,4.321000,4.323000,changed
2025-04-17 13:20:00+00:00,2026-10-03T13:44:48Z,4.286000,4.304000,4.278000,4.300000,4.298000,4.304000,4.278000,4.300000,changed
2025-04-17 14:20:00+00:00,2026-10-03T13:44:48Z,4.294000,4.304000,4.286000,4.304000,4.298000,4.304000,4.282000,4.304000,changed
2025-04-17 15:20:00+00:00,2026-10-03T13:44:48Z,4.290000,4.329000,4.290000,4.319000,4.290000,4.329000,4.288000,4.319000,changed
2025-04-17 16:20:00+00:00,2026-10-03T13:44:48Z,4.317000,4.344000,4.307000,4.327000,4.304000,4.344000,4.304000,4.327000,changed
2025-04-17 17:20:00+00:00,2026-10-03T13:44:48Z,4.327000,4.336000,4.321000,4.333000,4.325000,4.344000,4.321000,4.333000,changed
2025-04-17 18:20:00+00:00,2026-10-03T13:44:48Z,4.327000,4.336000,4.327000,4.333000,4.333000,4.336000,4.327000,4.333000,changed
2025-04-21 13:20:00+00:00,2026-10-03T13:44:48Z,4.391000,4.391000,4.350000,4.350000,4.399000,4.401000,4.350000,4.350000,changed
2025-04-21 14:20:00+00:00,2026-10-03T13:44:48Z,4.362000,4.374000,4.333000,4.374000,4.381000,4.381000,4.333000,4.374000,changed
2025-04-21 15:20:00+00:00,2026-10-03T13:44:48Z,4.360000,4.377000,4.354000,4.368000,4.336000,4.377000,4.335000,4.368000,changed
2025-04-21 16:20:00+00:00,2026-10-03T13:44:48Z,4.370000,4.403000,4.362000,4.403000,4.362000,4.403000,4.360000,4.403000,changed
2025-04-21 17:20:00+00:00,2026-10-03T13:44:48Z,4.387000,4.407000,4.383000,4.391000,4.377000,4.407000,4.377000,4.391000,changed
2025-04-21 18:20:00+00:00,2026-10-03T13:44:48Z,4.401000,4.405000,4.387000,4.405000,4.401000,4.407000,4.387000,4.405000,changed
2025-04-28 13:20:00+00:00,2026-10-03T13:44:48Z,4.291000,4.293000,4.251000,4.253000,4.278000,4.295000,4.251000,4.253000,changed
2025-04-28 14:20:00+00:00,2026-10-03T13:44:48Z,4.268000,4.270000,4.229000,4.237000,4.280000,4.284000,4.229000,4.237000,changed
2025-04-28 15:20:00+00:00,2026-10-03T13:44:48Z,4.237000,4.243000,4.229000,4.235000,4.256000,4.256000,4.229000,4.235000,changed
2025-04-28 16:20:00+00:00,2026-10-03T13:44:48Z,4.237000,4.239000,4.216000,4.222000,4.239000,4.243000,4.216000,4.222000,changed
2025-04-28 17:20:00+00:00,2026-10-03T13:44:48Z,4.220000,4.229000,4.216000,4.229000,4.235000,4.239000,4.216000,4.229000,changed
2025-04-28 18:20:00+00:00,2026-10-03T13:44:48Z,4.229000,4.229000,4.214000,4.216000,4.222000,4.229000,4.214000,4.216000,changed
2025-04-01 15:20:00+00:00,2026-10-04T07:55:55Z,4.165000,4.173000,4.146000,4.169000,4.171000,4.173000,4.146000,4.169000,changed
2025-04-02 13:20:00+00:00,2026-10-04T07:55:55Z,4.129000,4.152000,4.110000,4.150000,4.127000,4.152000,4.110000,4.150000,changed
2025-04-02 14:20:00+00:00,2026-10-04T07:55:55Z,4.140000,4.167000,4.133000,4.161000,4.112000,4.167000,4.112000,4.161000,changed
2025-04-02 15:20:00+00:00,2026-10-04T07:55:55Z,4.165000,4.199000,4.157000,4.199000,4.150000,4.199000,4.142000,4.199000,changed
2025-04-02 16:20:00+00:00,2026-10-04T07:55:55Z,4.188000,4.226000,4.184000,4.218000,4.186000,4.226000,4.175000,4.218000,changed
2025-04-02 17:20:00+00:00,2026-10-04T07:55:55Z,4.217000,4.222000,4.203000,4.205000,4.211000,4.226000,4.203000,4.205000,changed
2025-04-02 18:20:00+00:00,2026-10-04T07:55:55Z,4.211000,4.213000,4.196000,4.196000,4.220000,4.220000,4.196000,4.196000,changed
2025-04-03 13:20:00+00:00,2026-10-04T07:55:55Z,4.063000,4.063000,4.004000,4.034000,4.021000,4.047000,4.004000,4.034000,changed
2025-04-03 14:20:00+00:00,2026-10-04T07:55:55Z,4.032000,4.047000,4.004000,4.032000,4.019000,4.044000,4.004000,4.032000,changed
2025-04-03 15:20:00+00:00,2026-10-04T07:55:55Z,4.030000,4.068000,4.008000,4.068000,4.014000,4.068000,4.008000,4.068000,changed
2025-04-03 16:20:00+00:00,2026-10-04T07:55:55Z,4.034000,4.068000,4.029000,4.044000,4.055000,4.068000,4.044000,4.044000,changed
2025-04-03 17:20:00+00:00,2026-10-04T07:55:55Z,4.066000,4.068000,4.032000,4.040000,4.049000,4.055000,4.032000,4.040000,changed
2025-04-03 18:20:00+00:00,2026-10-04T07:55:55Z,4.042000,4.059000,4.032000,4.055000,4.036000,4.059000,4.032000,4.055000,changed
2025-04-04 15:20:00+00:00,2026-10-04T07:55:55Z,3.916000,3.972000,3.910000,3.934000,3.912000,3.972000,3.912000,3.934000,changed
2025-04-07 13:20:00+00:00,2026-10-04T07:55:55Z,4.011000,4.210000,4.011000,4.140000,4.058000,4.210000,4.011000,4.140000,changed
2025-04-07 14:20:00+00:00,2026-10-04T07:55:55Z,4.032000,4.210000,4.011000,4.096000,4.066000,4.210000,4.062000,4.096000,changed
2025-04-07 15:20:00+00:00,2026-10-04T07:55:55Z,4.107000,4.145000,4.066000,4.128000,4.123000,4.142000,4.066000,4.128000,changed
2025-04-07 16:20:00+00:00,2026-10-04T07:55:55Z,4.096000,4.172000,4.096000,4.172000,4.128000,4.172000,4.113000,4.172000,changed
2025-04-07 17:20:00+00:00,2026-10-04T07:55:55Z,4.142000,4.197000,4.134000,4.163000,4.140000,4.197000,4.134000,4.163000,changed
2025-04-07 18:20:00+00:00,2026-10-04T07:55:55Z,4.176000,4.197000,4.140000,4.155000,4.164000,4.170000,4.140000,4.155000,changed
2025-04-10 15:20:00+00:00,2026-10-04T07:55:55Z,4.330000,4.382000,4.326000,4.368000,4.330000,4.382000,4.330000,4.368000,changed
2025-04-14 13:20:00+00:00,2026-10-04T07:55:55Z,4.452000,4.452000,4.392000,4.417000,4.436000,4.440000,4.392000,4.417000,changed
2025-04-14 14:20:00+00:00,2026-10-04T07:55:55Z,4.415000,4.438000,4.392000,4.409000,4.415000,4.438000,4.397000,4.409000,changed
2025-04-14 15:20:00+00:00,2026-10-04T07:55:55Z,4.407000,4.438000,4.397000,4.419000,4.436000,4.436000,4.397000,4.419000,changed
2025-04-14 16:20:00+00:00,2026-10-04T07:55:55Z,4.405000,4.427000,4.401000,4.405000,4.409000,4.427000,4.403000,4.405000,changed
2025-04-14 17:20:00+00:00,2026-10-04T07:55:55Z,4.423000,4.427000,4.372000,4.372000,4.425000,4.425000,4.372000,4.372000,changed
2025-04-14 18:20:00+00:00,2026-10-04T07:55:55Z,4.395000,4.395000,4.360000,4.364000,4.382000,4.386000,4.360000,4.364000,changed
2025-04-16 14:20:00+00:00,2026-10-04T07:55:55Z,4.325000,4.352000,4.321000,4.323000,4.325000,4.352000,4.323000,4.323000,changed
2025-04-17 13:20:00+00:00,2026-10-04T07:55:55Z,4.298000,4.304000,4.278000,4.300000,4.286000,4.304000,4.278000,4.300000,changed
2025-04-17 14:20:00+00:00,2026-10-04T07:55:55Z,4.298000,4.304000,4.282000,4.304000,4.294000,4.304000,4.286000,4.304000,changed
2025-04-17 15:20:00+00:00,2026-10-04T07:55:55Z,4.290000,4.329000,4.288000,4.319000,4.290000,4.329000,4.290000,4.319000,changed
2025-04-17 16:20:00+00:00,2026-10-04T07:55:55Z,4.304000,4.344000,4.304000,4.327000,4.317000,4.344000,4.307000,4.327000,changed
2025-04-17 17:20:00+00:00,2026-10-04T07:55:55Z,4.325000,4.344000,4.321000,4.333000,4.327000,4.336000,4.321000,4.333000,changed
2025-04-17 18:20:00+00:00,2026-10-04T07:55:55Z,4.333000,4.336000,4.327000,4.333000,4.327000,4.336000,4.327000,4.333000,changed
2025-04-21 13:20:00+00:00,2026-10-04T07:55:55Z,4.399000,4.401000,4.350000,4.350000,4.391000,4.391000,4.350000,4.350000,changed
2025-04-21 14:20:00+00:00,2026-10-04T07:55:55Z,4.381000,4.381000,4.333000,4.374000,4.362000,4.374000,4.333000,4.374000,changed
2025-04-21 15:20:00+00:00,2026-10-04T07:55:55Z,4.336000,4.377000,4.335000,4.368000,4.360000,4.377000,4.354000,4.368000,changed
2025-04-21 16:20:00+00:00,2026-10-04T07:55:55Z,4.362000,4.403000,4.360000,4.403000,4.370000,4.403000,4.362000,4.403000,changed
2025-04-21 17:20:00+00:00,2026-10-04T07:55:55Z,4.377000,4.407000,4.377000,4.391000,4.387000,4.407000,4.383000,4.391000,changed
2025-04-21 18:20:00+00:00,2026-10-04T07:55:55Z,4.401000,4.407000,4.387000,4.405000,4.401000,4.405000,4.387000,4.405000,changed
2025-04-28 13:20:00+00:00,2026-10-04T07:55:55Z,4.278000,4.295000,4.251000,4.253000,4.291000,4.293000,4.251000,4.253000,changed
2025-04-28 14:20:00+00:00,2026-10-04T07:55:55Z,4.280000,4.284000,4.229000,4.237000,4.268000,4.270000,4.229000,4.237000,changed
2025-04-28 15:20:00+00:00,2026-10-04T07:55:55Z,4.256000,4.256000,4.229000,4.235000,4.237000,4.243000,4.229000,4.235000,changed
2025-04-28 16:20:00+00:00,2026-10-04T07:55:55Z,4.239000,4.243000,4.216000,4.222000,4.237000,4.239000,4.216000,4.222000,changed
2025-04-28 17:20:00+00:00,2026-10-04T07:55:55Z,4.235000,4.239000,4.216000,4.229000,4.220000,4.229000,4.216000,4.229000,changed
2025-04-28 18:20:00+00:00,2026-10-04T07:55:55Z,4.222000,4.229000,4.214000,4.216000,4.229000,4.229000,4.214000,4.216000,changed
2025-04-01 15:20:00+00:00,2026-10-04T21:11:09Z,4.171000,4.173000,4.146000,4.169000,4.165000,4.173000,4.146000,4.169000,changed
2025-04-02 13:20:00+00:00,2026-10-04T21:11:09Z,4.127000,4.152000,4.110000,4.150000,4.129000,4.152000,4.110000,4.150000,changed
2025-04-02 14:20:00+00:00,2026-10-04T21:11:09Z,4.112000,4.167000,4.112000,4.161000,4.140000,4.167000,4.133000,4.161000,changed
2025-04-02 15:20:00+00:00,2026-10-04T21:11:09Z,4.150000,4.199000,4.142000,4.199000,4.165000,4.199000,4.157000,4.199000,changed
2025-04-02 16:20:00+00:00,2026-10-04T21:11:09Z,4.186000,4.226000,4.175000,4.218000,4.188000,4.226000,4.184000,4.218000,changed
2025-04-02 17:20:00+00:00,2026-10-04T21:11:09Z,4.211000,4.226000,4.203000,4.205000,4.217000,4.222000,4.203000,4.205000,changed
2025-04-02 18:20:00+00:00,2026-10-04T21:11:09Z,4.220000,4.220000,4.196000,4.196000,4.211000,4.213000,4.196000,4.196000,changed
2025-04-03 13:20:00+00:00,2026-10-04T21:11:09Z,4.021000,4.047000,4.004000,4.034000,4.063000,4.063000,4.004000,4.034000,changed
2025-04-03 14:20:00+00:00,2026-10-04T21:11:09Z,4.019000,4.044000,4.004000,4.032000,4.032000,4.047000,4.004000,4.032000,changed
2025-04-03 15:20:00+00:00,2026-10-04T21:11:09Z,4.014000,4.068000,4.008000,4.068000,4.030000,4.068000,4.008000,4.068000,changed
2025-04-03 16:20:00+00:00,2026-10-04T21:11:09Z,4.055000,4.068000,4.044000,4.044000,4.034000,4.068000,4.029000,4.044000,changed
2025-04-03 17:20:00+00:00,2026-10-04T21:11:09Z,4.049000,4.055000,4.032000,4.040000,4.066000,4.068000,4.032000,4.040000,changed
2025-04-03 18:20:00+00:00,2026-10-04T21:11:09Z,4.036000,4.059000,4.032000,4.055000,4.042000,4.059000,4.032000,4.055000,changed
2025-04-04 15:20:00+00:00,2026-10-04T21:11:09Z,3.912000,3.972000,3.912000,3.934000,3.916000,3.972000,3.910000,3.934000,changed
2025-04-07 13:20:00+00:00,2026-10-04T21:11:09Z,4.058000,4.210000,4.011000,4.140000,4.011000,4.210000,4.011000,4.140000,changed
2025-04-07 14:20:00+00:00,2026-10-04T21:11:09Z,4.066000,4.210000,4.062000,4.096000,4.032000,4.210000,4.011000,4.096000,changed
2025-04-07 15:20:00+00:00,2026-10-04T21:11:09Z,4.123000,4.142000,4.066000,4.128000,4.107000,4.145000,4.066000,4.128000,changed
2025-04-07 16:20:00+00:00,2026-10-04T21:11:09Z,4.128000,4.172000,4.113000,4.172000,4.096000,4.172000,4.096000,4.172000,changed
2025-04-07 17:20:00+00:00,2026-10-04T21:11:09Z,4.140000,4.197000,4.134000,4.163000,4.142000,4.197000,4.134000,4.163000,changed
2025-04-07 18:20:00+00:00,2026-10-04T21:11:09Z,4.164000,4.170000,4.140000,4.155000,4.176000,4.197000,4.140000,4.155000,changed
2025-04-10 15:20:00+00:00,2026-10-04T21:11:09Z,4.330000,4.382000,4.330000,4.368000,4.330000,4.382000,4.326000,4.368000,changed
2025-04-14 13:20:00+00:00,2026-10-04T21:11:09Z,4.436000,4.440000,4.392000,4.417000,4.452000,4.452000,4.392000,4.417000,changed
2025-04-14 14:20:00+00:00,2026-10-04T21:11:09Z,4.415000,4.438000,4.397000,4.409000,4.415000,4.438000,4.392000,4.409000,changed
2025-04-14 15:20:00+00:00,2026-10-04T21:11:09Z,4.436000,4.436000,4.397000,4.419000,4.407000,4.438000,4.397000,4.419000,changed
2025-04-14 16:20:00+00:00,2026-10-04T21:11:09Z,4.409000,4.427000,4.403000,4.405000,4.405000,4.427000,4.401000,4.405000,changed
2025-04-14 17:20:00+00:00,2026-10-04T21:11:09Z,4.425000,4.425000,4.372000,4.372000,4.423000,4.427000,4.372000,4.372000,changed
2025-04-14 18:20:00+00:00,2026-10-04T21:11:09Z,4.382000,4.386000,4.360000,4.364000,4.395000,4.395000,4.360000,4.364000,changed
2025-04-16 14:20:00+00:00,2026-10-04T21:11:09Z,4.325000,4.352000,4.323000,4.323000,4.325000,4.352000,4.321000,4.323000,changed
2025-04-17 13:20:00+00:00,2026-10-04T21:11:09Z,4.286000,4.304000,4.278000,4.300000,4.298000,4.304000,4.278000,4.300000,changed
2025-04-17 14:20:00+00:00,2026-10-04T21:11:09Z,4.294000,4.304000,4.286000,4.304000,4.298000,4.304000,4.282000,4.304000,changed
2025-04-17 15:20:00+00:00,2026-10-04T21:11:09Z,4.290000,4.329000,4.290000,4.319000,4.290000,4.329000,4.288000,4.319000,changed
2025-04-17 16:20:00+00:00,2026-10-04T21:11:09Z,4.317000,4.344000,4.307000,4.327000,4.304000,4.344000,4.304000,4.327000,changed
2025-04-17 17:20:00+00:00,2026-10-04T21:11:09Z,4.327000,4.336000,4.321000,4.333000,4.325000,4.344000,4.321000,4.333000,changed
2025-04-17 18:20:00+00:00,2026-10-04T21:11:09Z,4.327000,4.336000,4.327000,4.333000,4.333000,4.336000,4.327000,4.333000,changed
2025-04-21 13:20:00+00:00,2026-10-04T21:11:09Z,4.391000,4.391000,4.350000,4.350000,4.399000,4.401000,4.350000,4.350000,changed
2025-04-21 14:20:00+00:00,2026-10-04T21:11:09Z,4.362000,4.374000,4.333000,4.374000,4.381000,4.381000,4.333000,4.374000,changed
2025-04-21 15:20:00+00:00,2026-10-04T21:11:09Z,4.360000,4.377000,4.354000,4.368000,4.336000,4.377000,4.335000,4.368000,changed
2025-04-21 16:20:00+00:00,2026-10-04T21:11:09Z,4.370000,4.403000,4.362000,4.403000,4.362000,4.403000,4.360000,4.403000,changed
2025-04-21 17:20:00+00:00,2026-10-04T21:11:09Z,4.387000,4.407000,4.383000,4.391000,4.377000,4.407000,4.377000,4.391000,changed
2025-04-21 18:20:00+00:00,2026-10-04T21:11:09Z,4.401000,4.405000,4.387000,4.405000,4.401000,4.407000,4.387000,4.405000,changed
2025-04-28 13:20:00+00:00,2026-10-04T21:11:09Z,4.291000,4.293000,4.251000,4.253000,4.278000,4.295000,4.251000,4.253000,changed
2025-04-28 14:20:00+00:00,2026-10-04T21:11:09Z,4.268000,4.270000,4.229000,4.237000,4.280000,4.284000,4.229000,4.237000,changed
2025-04-28 15:20:00+00:00,2026-10-04T21:11:09Z,4.237000,4.243000,4.229000,4.235000,4.256000,4.256000,4.229000,4.235000,changed
2025-04-28 16:20:00+00:00,2026-10-04T21:11:09Z,4.237000,4.239000,4.216000,4.222000,4.239000,4.243000,4.216000,4.222000,changed
2025-04-28 17:20:00+00:00,2026-10-04T21:11:09Z,4.220000,4.229000,4.216000,4.229000,4.235000,4.239000,4.216000,4.229000,changed
2025-04-28 18:20:00+00:00,2026-10-04T21:11:09Z,4.229000,4.229000,4.214000,4.216000,4.222000,4.229000,4.214000,4.216000,changed
2025-04-01 15:20:00+00:00,2026-10-04T21:39:49Z,4.165000,4.173000,4.146000,4.169000,4.171000,4.173000,4.146000,4.169000,changed
2025-04-02 13:20:00+00:00,2026-10-04T21:39:49Z,4.129000,4.152000,4.110000,4.150000,4.127000,4.152000,4.110000,4.150000,changed
2025-04-02 14:20:00+00:00,2026-10-04T21:39:49Z,4.140000,4.167000,4.133000,4.161000,4.112000,4.167000,4.112000,4.161000,changed
2025-04-02 15:20:00+00:00,2026-10-04T21:39:49Z,4.165000,4.199000,4.157000,4.199000,4.150000,4.199000,4.142000,4.199000,changed
2025-04-02 16:20:00+00:00,2026-10-04T21:39:49Z,4.188000,4.226000,4.184000,4.218000,4.186000,4.226000,4.175000,4.218000,changed
2025-04-02 17:20:00+00:00,2026-10-04T21:39:49Z,4.217000,4.222000,4.203000,4.205000,4.211000,4.226000,4.203000,4.205000,changed
2025-04-02 18:20:00+00:00,2026-10-04T21:39:49Z,4.211000,4.213000,4.196000,4.196000,4.220000,4.220000,4.196000,4.196000,changed
2025-04-03 13:20:00+00:00,2026-10-04T21:39:49Z,4.063000,4.063000,4.004000,4.034000,4.021000,4.047000,4.004000,4.034000,changed
2025-04-03 14:20:00+00:00,2026-10-04T21:39:49Z,4.032000,4.047000,4.004000,4.032000,4.019000,4.044000,4.004000,4.032000,changed
2025-04-03 15:20:00+00:00,2026-10-04T21:39:49Z,4.030000,4.068000,4.008000,4.068000,4.014000,4.068000,4.008000,4.068000,changed
2025-04-03 16:20:00+00:00,2026-10-04T21:39:49Z,4.034000,4.068000,4.029000,4.044000,4.055000,4.068000,4.044000,4.044000,changed
2025-04-03 17:20:00+00:00,2026-10-04T21:39:49Z,4.066000,4.068000,4.032000,4.040000,4.049000,4.055000,4.032000,4.040000,changed
2025-04-03 18:20:00+00:00,2026-10-04T21:39:49Z,4.042000,4.059000,4.032000,4.055000,4.036000,4.059000,4.032000,4.055000,changed
2025-04-04 15:20:00+00:00,2026-10-04T21:39:49Z,3.916000,3.972000,3.910000,3.934000,3.912000,3.972000,3.912000,3.934000,changed
2025-04-07 13:20:00+00:00,2026-10-04T21:39:49Z,4.011000,4.210000,4.011000,4.140000,4.058000,4.210000,4.011000,4.140000,changed
2025-04-07 14:20:00+00:00,2026-10-04T21:39:49Z,4.032000,4.210000,4.011000,4.096000,4.066000,4.210000,4.062000,4.096000,changed
2025-04-07 15:20:00+00:00,2026-10-04T21:39:49Z,4.107000,4.145000,4.066000,4.128000,4.123000,4.142000,4.066000,4.128000,changed
2025-04-07 16:20:00+00:00,2026-10-04T21:39:49Z,4.096000,4.172000,4.096000,4.172000,4.128000,4.172000,4.113000,4.172000,changed
2025-04-07 17:20:00+00:00,2026-10-04T21:39:49Z,4.142000,4.197000,4.134000,4.163000,4.140000,4.197000,4.134000,4.163000,changed
2025-04-07 18:20:00+00:00,2026-10-04T21:39:49Z,4.176000,4.197000,4.140000,4.155000,4.164000,4.170000,4.140000,4.155000,changed
2025-04-10 15:20:00+00:00,2026-10-04T21:39:49Z,4.330000,4.382000,4.326000,4.368000,4.330000,4.382000,4.330000,4.368000,changed
2025-04-14 13:20:00+00:00,2026-10-04T21:39:49Z,4.452000,4.452000,4.392000,4.417000,4.436000,4.440000,4.392000,4.417000,changed
2025-04-14 14:20:00+00:00,2026-10-04T21:39:49Z,4.415000,4.438000,4.392000,4.409000,4.415000,4.438000,4.397000,4.409000,changed
2025-04-14 15:20:00+00:00,2026-10-04T21:39:49Z,4.407000,4.438000,4.397000,4.419000,4.436000,4.436000,4.397000,4.419000,changed
2025-04-14 16:20:00+00:00,2026-10-04T21:39:49Z,4.405000,4.427000,4.401000,4.405000,4.409000,4.427000,4.403000,4.405000,changed
2025-04-14 17:20:00+00:00,2026-10-04T21:39:49Z,4.423000,4.427000,4.372000,4.372000,4.425000,4.425000,4.372000,4.372000,changed
2025-04-14 18:20:00+00:00,2026-10-04T21:39:49Z,4.395000,4.395000,4.360000,4.364000,4.382000,4.386000,4.360000,4.364000,changed
2025-04-16 14:20:00+00:00,2026-10-04T21:39:49Z,4.325000,4.352000,4.321000,4.323000,4.325000,4.352000,4.323000,4.323000,changed
2025-04-17 13:20:00+00:00,2026-10-04T21:39:49Z,4.298000,4.304000,4.278000,4.300000,4.286000,4.304000,4.278000,4.300000,changed
2025-04-17 14:20:00+00:00,2026-10-04T21:39:49Z,4.298000,4.304000,4.282000,4.304000,4.294000,4.304000,4.286000,4.304000,changed
2025-04-17 15:20:00+00:00,2026-10-04T21:39:49Z,4.290000,4.329000,4.288000,4.319000,4.290000,4.329000,4.290000,4.319000,changed
2025-04-17 16:20:00+00:00,2026-10-04T21:39:49Z,4.304000,4.344000,4.304000,4.327000,4.317000,4.344000,4.307000,4.327000,changed
2025-04-17 17:20:00+00:00,2026-10-04T21:39:49Z,4.325000,4.344000,4.321000,4.333000,4.327000,4.336000,4.321000,4.333000,changed
2025-04-17 18:20:00+00:00,2026-10-04T21:39:49Z,4.333000,4.336000,4.327000,4.333000,4.327000,4.336000,4.327000,4.333000,changed
2025-04-21 13:20:00+00:00,2026-10-04T21:39:49Z,4.399000,4.401000,4.350000,4.350000,4.391000,4.391000,4.350000,4.350000,changed
2025-04-21 14:20:00+00:00,2026-10-04T21:39:49Z,4.381000,4.381000,4.333000,4.374000,4.362000,4.374000,4.333000,4.374000,changed
2025-04-21 15:20:00+00:00,2026-10-04T21:39:49Z,4.336000,4.377000,4.335000,4.368000,4.360000,4.377000,4.354000,4.368000,changed
2025-04-21 16:20:00+00:00,2026-10-04T21:39:49Z,4.362000,4.403000,4.360000,4.403000,4.370000,4.403000,4.362000,4.403000,changed
2025-04-21 17:20:00+00:00,2026-10-04T21:39:49Z,4.377000,4.407000,4.377000,4.391000,4.387000,4.407000,4.383000,4.391000,changed
2025-04-21 18:20:00+00:00,2026-10-04T21:39:49Z,4.401000,4.407000,4.387000,4.405000,4.401000,4.405000,4.387000,4.405000,changed
2025-04-28 13:20:00+00:00,2026-10-04T21:39:49Z,4.278000,4.295000,4.251000,4.253000,4.291000,4.293000,4.251000,4.253000,changed
2025-04-28 14:20:00+00:00,2026-10-04T21:39:49Z,4.280000,4.284000,4.229000,4.237000,4.268000,4.270000,4.229000,4.237000,changed
2025-04-28 15:20:00+00:00,2026-10-04T21:39:49Z,4.256000,4.256000,4.229000,4.235000,4.237000,4.243000,4.229000,4.235000,changed
2025-04-28 16:20:00+00:00,2026-10-04T21:39:49Z,4.239000,4.243000,4.216000,4.222000,4.237000,4.239000,4.216000,4.222000,changed
2025-04-28 17:20:00+00:00,2026-10-04T21:39:49Z,4.235000,4.239000,4.216000,4.229000,4.220000,4.229000,4.216000,4.229000,changed
2025-04-28 18:20:00+00:00,2026-10-04T21:39:49Z,4.222000,4.229000,4.214000,4.216000,4.229000,4.229000,4.214000,4.216000,changed
2025-04-01 15:20:00+00:00,2026-10-04T21:58:00Z,4.171000,4.173000,4.146000,4.169000,4.165000,4.173000,4.146000,4.169000,changed
2025-04-02 13:20:00+00:00,2026-10-04T21:58:00Z,4.127000,4.152000,4.110000,4.150000,4.129000,4.152000,4.110000,4.150000,changed
2025-04-02 14:20:00+00:00,2026-10-04T21:58:00Z,4.112000,4.167000,4.112000,4.161000,4.140000,4.167000,4.133000,4.161000,changed
2025-04-02 15:20:00+00:00,2026-10-04T21:58:00Z,4.150000,4.199000,4.142000,4.199000,4.165000,4.199000,4.157000,4.199000,changed
2025-04-02 16:20:00+00:00,2026-10-04T21:58:00Z,4.186000,4.226000,4.175000,4.218000,4.188000,4.226000,4.184000,4.218000,changed
2025-04-02 17:20:00+00:00,2026-10-04T21:58:00Z,4.211000,4.226000,4.203000,4.205000,4.217000,4.222000,4.203000,4.205000,changed
2025-04-02 18:20:00+00:00,2026-10-04T21:58:00Z,4.220000,4.220000,4.196000,4.196000,4.211000,4.213000,4.196000,4.196000,changed
2025-04-03 13:20:00+00:00,2026-10-04T21:58:00Z,4.021000,4.047000,4.004000,4.034000,4.063000,4.063000,4.004000,4.034000,changed
2025-04-03 14:20:00+00:00,2026-10-04T21:58:00Z,4.019000,4.044000,4.004000,4.032000,4.032000,4.047000,4.004000,4.032000,changed
2025-04-03 15:20:00+00:00,2026-10-04T21:58:00Z,4.014000,4.068000,4.008000,4.068000,4.030000,4.068000,4.008000,4.068000,changed
2025-04-03 16:20:00+00:00,2026-10-04T21:58:00Z,4.055000,4.068000,4.044000,4.044000,4.034000,4.068000,4.029000,4.044000,changed
2025-04-03 17:20:00+00:00,2026-10-04T21:58:00Z,4.049000,4.055000,4.032000,4.040000,4.066000,4.068000,4.032000,4.040000,changed
2025-04-03 18:20:00+00:00,2026-10-04T21:58:00Z,4.036000,4.059000,4.032000,4.055000,4.042000,4.059000,4.032000,4.055000,changed
2025-04-04 15:20:00+00:00,2026-10-04T21:58:00Z,3.912000,3.972000,3.912000,3.934000,3.916000,3.972000,3.910000,3.934000,changed
2025-04-07 13:20:00+00:00,2026-10-04T21:58:00Z,4.058000,4.210000,4.011000,4.140000,4.011000,4.210000,4.011000,4.140000,changed
2025-04-07 14:20:00+00:00,2026-10-04T21:58:00Z,4.066000,4.210000,4.062000,4.096000,4.032000,4.210000,4.011000,4.096000,changed
2025-04-07 15:20:00+00:00,2026-10-04T21:58:00Z,4.123000,4.142000,4.066000,4.128000,4.107000,4.145000,4.066000,4.128000,changed
2025-04-07 16:20:00+00:00,2026-10-04T21:58:00Z,4.128000,4.172000,4.113000,4.172000,4.096000,4.172000,4.096000,4.172000,changed
2025-04-07 17:20:00+00:00,2026-10-04T21:58:00Z,4.140000,4.197000,4.134000,4.163000,4.142000,4.197000,4.134000,4.163000,changed
2025-04-07 18:20:00+00:00,2026-10-04T21:58:00Z,4.164000,4.170000,4.140000,4.155000,4.176000,4.197000,4.140000,4.155000,changed
2025-04-10 15:20:00+00:00,2026-10-04T21:58:00Z,4.330000,4.382000,4.330000,4.368000,4.330000,4.382000,4.326000,4.368000,changed
2025-04-14 13:20:00+00:00,2026-10-04T21:58:00Z,4.436000,4.440000,4.392000,4.417000,4.452000,4.452000,4.392000,4.417000,changed
2025-04-14 14:20:00+00:00,2026-10-04T21:58:00Z,4.415000,4.438000,4.397000,4.409000,4.415000,4.438000,4.392000,4.409000,changed
2025-04-14 15:20:00+00:00,2026-10-04T21:58:00Z,4.436000,4.436000,4.397000,4.419000,4.407000,4.438000,4.397000,4.419000,changed
2025-04-14 16:20:00+00:00,2026-10-04T21:58:00Z,4.409000,4.427000,4.403000,4.405000,4.405000,4.427000,4.401000,4.405000,changed
2025-04-14 17:20:00+00:00,2026-10-04T21:58:00Z,4.425000,4.425000,4.372000,4.372000,4.423000,4.427000,4.372000,4.372000,changed
2025-04-14 18:20:00+00:00,2026-10-04T21:58:00Z,4.382000,4.386000,4.360000,4.364000,4.395000,4.395000,4.360000,4.364000,changed
2025-04-16 14:20:00+00:00,2026-10-04T21:58:00Z,4.325000,4.352000,4.323000,4.323000,4.325000,4.352000,4.321000,4.323000,changed
2025-04-17 13:20:00+00:00,2026-10-04T21:58:00Z,4.286000,4.304000,4.278000,4.300000,4.298000,4.304000,4.278000,4.300000,changed
2025-04-17 14:20:00+00:00,2026-10-04T21:58:00Z,4.294000,4.304000,4.286000,4.304000,4.298000,4.304000,4.282000,4.304000,changed
2025-04-17 15:20:00+00:00,2026-10-04T21:58:00Z,4.290000,4.329000,4.290000,4.319000,4.290000,4.329000,4.288000,4.319000,changed
2025-04-17 16:20:00+00:00,2026-10-04T21:58:00Z,4.317000,4.344000,4.307000,4.327000,4.304000,4.344000,4.304000,4.327000,changed
2025-04-17 17:20:00+00:00,2026-10-04T21:58:00Z,4.327000,4.336000,4.321000,4.333000,4.325000,4.344000,4.321000,4.333000,changed
2025-04-17 18:20:00+00:00,2026-10-04T21:58:00Z,4.327000,4.336000,4.327000,4.333000,4.333000,4.336000,4.327000,4.333000,changed
2025-04-21 13:20:00+00:00,2026-10-04T21:58:00Z,4.391000,4.391000,4.350000,4.350000,4.399000,4.401000,4.350000,4.350000,changed
2025-04-21 14:20:00+00:00,2026-10-04T21:58:00Z,4.362000,4.374000,4.333000,4.374000,4.381000,4.381000,4.333000,4.374000,changed
2025-04-21 15:20:00+00:00,2026-10-04T21:58:00Z,4.360000,4.377000,4.354000,4.368000,4.336000,4.377000,4.335000,4.368000,changed
2025-04-21 16:20:00+00:00,2026-10-04T21:58:00Z,4.370000,4.403000,4.362000,4.403000,4.362000,4.403000,4.360000,4.403000,changed
2025-04-21 17:20:00+00:00,2026-10-04T21:58:00Z,4.387000,4.407000,4.383000,4.391000,4.377000,4.407000,4.377000,4.391000,changed
2025-04-21 18:20:00+00:00,2026-10-04T21:58:00Z,4.401000,4.405000,4.387000,4.405000,4.401000,4.407000,4.387000,4.405000,changed
2025-04-28 13:20:00+00:00,2026-10-04T21:58:00Z,4.291000,4.293000,4.251000,4.253000,4.278000,4.295000,4.251000,4.253000,changed
2025-04-28 14:20:00+00:00,2026-10-04T21:58:00Z,4.268000,4.270000,4.229000,4.237000,4.280000,4.284000,4.229000,4.237000,changed
2025-04-28 15:20:00+00:00,2026-10-04T21:58:00Z,4.237000,4.243000,4.229000,4.235000,4.256000,4.256000,4.229000,4.235000,changed
2025-04-28 16:20:00+00:00,2026-10-04T21:58:00Z,4.237000,4.239000,4.216000,4.222000,4.239000,4.243000,4.216000,4.222000,changed
2025-04-28 17:20:00+00:00,2026-10-04T21:58:00Z,4.220000,4.229000,4.216000,4.229000,4.235000,4.239000,4.216000,4.229000,changed
2025-04-28 18:20:00+00:00,2026-10-04T21:58:00Z,4.229000,4.229000,4.214000,4.216000,4.222000,4.229000,4.214000,4.216000,changed
2025-04-01 15:20:00+00:00,2026-10-04T22:10:08Z,4.165000,4.173000,4.146000,4.169000,4.171000,4.173000,4.146000,4.169000,changed
2025-04-02 13:20:00+00:00,2026-10-04T22:10:08Z,4.129000,4.152000,4.110000,4.150000,4.127000,4.152000,4.110000,4.150000,changed
2025-04-02 14:20:00+00:00,2026-10-04T22:10:08Z,4.140000,4.167000,4.133000,4.161000,4.112000,4.167000,4.112000,4.161000,changed
2025-04-02 15:20:00+00:00,2026-10-04T22:10:08Z,4.165000,4.199000,4.157000,4.199000,4.150000,4.199000,4.142000,4.199000,changed
2025-04-02 16:20:00+00:00,2026-10-04T22:10:08Z,4.188000,4.226000,4.184000,4.218000,4.186000,4.226000,4.175000,4.218000,changed
2025-04-02 17:20:00+00:00,2026-10-04T22:10:08Z,4.217000,4.222000,4.203000,4.205000,4.211000,4.226000,4.203000,4.205000,changed
2025-04-02 18:20:00+00:00,2026-10-04T22:10:08Z,4.211000,4.213000,4.196000,4.196000,4.220000,4.220000,4.196000,4.196000,changed
2025-04-03 13:20:00+00:00,2026-10-04T22:10:08Z,4.063000,4.063000,4.004000,4.034000,4.021000,4.047000,4.004000,4.034000,changed
2025-04-03 14:20:00+00:00,2026-10-04T22:10:08Z,4.032000,4.047000,4.004000,4.032000,4.019000,4.044000,4.004000,4.032000,changed
2025-04-03 15:20:00+00:00,2026-10-04T22:10:08Z,4.030000,4.068000,4.008000,4.068000,4.014000,4.068000,4.008000,4.068000,changed
2025-04-03 16:20:00+00:00,2026-10-04T22:10:08Z,4.034000,4.068000,4.029000,4.044000,4.055000,4.068000,4.044000,4.044000,changed
2025-04-03 17:20:00+00:00,2026-10-04T22:10:08Z,4.066000,4.068000,4.032000,4.040000,4.049000,4.055000,4.032000,4.040000,changed
2025-04-03 18:20:00+00:00,2026-10-04T22:10:08Z,4.042000,4.059000,4.032000,4.055000,4.036000,4.059000,4.032000,4.055000,changed
2025-04-04 15:20:00+00:00,2026-10-04T22:10:08Z,3.916000,3.972000,3.910000,3.934000,3.912000,3.972000,3.912000,3.934000,changed
2025-04-07 13:20:00+00:00,2026-10-04T22:10:08Z,4.011000,4.210000,4.011000,4.140000,4.058000,4.210000,4.011000,4.140000,changed
2025-04-07 14:20:00+00:00,2026-10-04T22:10:08Z,4.032000,4.210000,4.011000,4.096000,4.066000,4.210000,4.062000,4.096000,changed
2025-04-07 15:20:00+00:00,2026-10-04T22:10:08Z,4.107000,4.145000,4.066000,4.128000,4.123000,4.142000,4.066000,4.128000,changed
2025-04-07 16:20:00+00:00,2026-10-04T22:10:08Z,4.096000,4.172000,4.096000,4.172000,4.128000,4.172000,4.113000,4.172000,changed
2025-04-07 17:20:00+00:00,2026-10-04T22:10:08Z,4.142000,4.197000,4.134000,4.163000,4.140000,4.197000,4.134000,4.163000,changed
2025-04-07 18:20:00+00:00,2026-10-04T22:10:08Z,4.176000,4.197000,4.140000,4.155000,4.164000,4.170000,4.140000,4.155000,changed
2025-04-10 15:20:00+00:00,2026-10-04T22:10:08Z,4.330000,4.382000,4.326000,4.368000,4.330000,4.382000,4.330000,4.368000,changed
2025-04-14 13:20:00+00:00,2026-10-04T22:10:08Z,4.452000,4.452000,4.392000,4.417000,4.436000,4.440000,4.392000,4.417000,changed
2025-04-14 14:20:00+00:00,2026-10-04T22:10:08Z,4.415000,4.438000,4.392000,4.409000,4.415000,4.438000,4.397000,4.409000,changed
2025-04-14 15:20:00+00:00,2026-10-04T22:10:08Z,4.407000,4.438000,4.397000,4.419000,4.436000,4.436000,4.397000,4.419000,changed
2025-04-14 16:20:00+00:00,2026-10-04T22:10:08Z,4.405000,4.427000,4.401000,4.405000,4.409000,4.427000,4.403000,4.405000,changed
2025-04-14 17:20:00+00:00,2026-10-04T22:10:08Z,4.423000,4.427000,4.372000,4.372000,4.425000,4.425000,4.372000,4.372000,changed
2025-04-14 18:20:00+00:00,2026-10-04T22:10:08Z,4.395000,4.395000,4.360000,4.364000,4.382000,4.386000,4.360000,4.364000,changed
2025-04-16 14:20:00+00:00,2026-10-04T22:10:08Z,4.325000,4.352000,4.321000,4.323000,4.325000,4.352000,4.323000,4.323000,changed
2025-04-17 13:20:00+00:00,2026-10-04T22:10:08Z,4.298000,4.304000,4.278000,4.300000,4.286000,4.304000,4.278000,4.300000,changed
2025-04-17 14:20:00+00:00,2026-10-04T22:10:08Z,4.298000,4.304000,4.282000,4.304000,4.294000,4.304000,4.286000,4.304000,changed
2025-04-17 15:20:00+00:00,2026-10-04T22:10:08Z,4.290000,4.329000,4.288000,4.319000,4.290000,4.329000,4.290000,4.319000,changed
2025-04-17 16:20:00+00:00,2026-10-04T22:10:08Z,4.304000,4.344000,4.304000,4.327000,4.317000,4.344000,4.307000,4.327000,changed
2025-04-17 17:20:00+00:00,2026-10-04T22:10:08Z,4.325000,4.344000,4.321000,4.333000,4.327000,4.336000,4.321000,4.333000,changed
2025-04-17 18:20:00+00:00,2026-10-04T22:10:08Z,4.333000,4.336000,4.327000,4.333000,4.327000,4.336000,4.327000,4.333000,changed
2025-04-21 13:20:00+00:00,2026-10-04T22:10:08Z,4.399000,4.401000,4.350000,4.350000,4.391000,4.391000,4.350000,4.350000,changed
2025-04-21 14:20:00+00:00,2026-10-04T22:10:08Z,4.381000,4.381000,4.333000,4.374000,4.362000,4.374000,4.333000,4.374000,changed
2025-04-21 15:20:00+00:00,2026-10-04T22:10:08Z,4.336000,4.377000,4.335000,4.368000,4.360000,4.377000,4.354000,4.368000,changed
2025-04-21 16:20:00+00:00,2026-10-04T22:10:08Z,4.362000,4.403000,4.360000,4.403000,4.370000,4.403000,4.362000,4.403000,changed
2025-04-21 17:20:00+00:00,2026-10-04T22:10:08Z,4.377000,4.407000,4.377000,4.391000,4.387000,4.407000,4.383000,4.391000,changed
2025-04-21 18:20:00+00:00,2026-10-04T22:10:08Z,4.401000,4.407000,4.387000,4.405000,4.401000,4.405000,4.387000,4.405000,changed
2025-04-28 13:20:00+00:00,2026-10-04T22:10:08Z,4.278000,4.295000,4.251000,4.253000,4.291000,4.293000,4.251000,4.253000,changed
2025-04-28 14:20:00+00:00,2026-10-04T22:10:08Z,4.280000,4.284000,4.229000,4.237000,4.268000,4.270000,4.229000,4.237000,changed
2025-04-28 15:20:00+00:00,2026-10-04T22:10:08Z,4.256000,4.256000,4.229000,4.235000,4.237000,4.243000,4.229000,4.235000,changed
2025-04-28 16:20:00+00:00,2026-10-04T22:10:08Z,4.239000,4.243000,4.216000,4.222000,4.237000,4.239000,4.216000,4.222000,changed
2025-04-28 17:20:00+00:00,2026-10-04T22:10:08Z,4.235000,4.239000,4.216000,4.229000,4.220000,4.229000,4.216000,4.229000,changed
2025-04-28 18:20:00+00:00,2026-10-04T22:10:08Z,4.222000,4.229000,4.214000,4.216000,4.229000,4.229000,4.214000,4.216000,changed
2025-04-01 15:20:00+00:00,2026-10-04T22:41:33Z,4.171000,4.173000,4.146000,4.169000,4.165000,4.173000,4.146000,4.169000,changed
2025-04-02 13:20:00+00:00,2026-10-04T22:41:33Z,4.127000,4.152000,4.110000,4.150000,4.129000,4.152000,4.110000,4.150000,changed
2025-04-02 14:20:00+00:00,2026-10-04T22:41:33Z,4.112000,4.167000,4.112000,4.161000,4.140000,4.167000,4.133000,4.161000,changed
2025-04-02 15:20:00+00:00,2026-10-04T22:41:33Z,4.150000,4.199000,4.142000,4.199000,4.165000,4.199000,4.157000,4.199000,changed
2025-04-02 16:20:00+00:00,2026-10-04T22:41:33Z,4.186000,4.226000,4.175000,4.218000,4.188000,4.226000,4.184000,4.218000,changed
2025-04-02 17:20:00+00:00,2026-10-04T22:41:33Z,4.211000,4.226000,4.203000,4.205000,4.217000,4.222000,4.203000,4.205000,changed
2025-04-02 18:20:00+00:00,2026-10-04T22:41:33Z,4.220000,4.220000,4.196000,4.196000,4.211000,4.213000,4.196000,4.196000,changed
2025-04-03 13:20:00+00:00,2026-10-04T22:41:33Z,4.021000,4.047000,4.004000,4.034000,4.063000,4.063000,4.004000,4.034000,changed
2025-04-03 14:20:00+00:00,2026-10-04T22:41:33Z,4.019000,4.044000,4.004000,4.032000,4.032000,4.047000,4.004000,4.032000,changed
2025-04-03 15:20:00+00:00,2026-10-04T22:41:33Z,4.014000,4.068000,4.008000,4.068000,4.030000,4.068000,4.008000,4.068000,changed
2025-04-03 16:20:00+00:00,2026-10-04T22:41:33Z,4.055000,4.068000,4.044000,4.044000,4.034000,4.068000,4.029000,4.044000,changed
2025-04-03 17:20:00+00:00,2026-10-04T22:41:33Z,4.049000,4.055000,4.032000,4.040000,4.066000,4.068000,4.032000,4.040000,changed
2025-04-03 18:20:00+00:00,2026-10-04T22:41:33Z,4.036000,4.059000,4.032000,4.055000,4.042000,4.059000,4.032000,4.055000,changed
2025-04-04 15:20:00+00:00,2026-10-04T22:41:33Z,3.912000,3.972000,3.912000,3.934000,3.916000,3.972000,3.910000,3.934000,changed
2025-04-07 13:20:00+00:00,2026-10-04T22:41:33Z,4.058000,4.210000,4.011000,4.140000,4.011000,4.210000,4.011000,4.140000,changed
2025-04-07 14:20:00+00:00,2026-10-04T22:41:33Z,4.066000,4.210000,4.062000,4.096000,4.032000,4.210000,4.011000,4.096000,changed
2025-04-07 15:20:00+00:00,2026-10-04T22:41:33Z,4.123000,4.142000,4.066000,4.128000,4.107000,4.145000,4.066000,4.128000,changed
2025-04-07 16:20:00+00:00,2026-10-04T22:41:33Z,4.128000,4.172000,4.113000,4.172000,4.096000,4.172000,4.096000,4.172000,changed
2025-04-07 17:20:00+00:00,2026-10-04T22:41:33Z,4.140000,4.197000,4.134000,4.163000,4.142000,4.197000,4.134000,4.163000,changed
2025-04-07 18:20:00+00:00,2026-10-04T22:41:33Z,4.164000,4.170000,4.140000,4.155000,4.176000,4.197000,4.140000,4.155000,changed
2025-04-10 15:20:00+00:00,2026-10-04T22:41:33Z,4.330000,4.382000,4.330000,4.368000,4.330000,4.382000,4.326000,4.368000,changed
2025-04-14 13:20:00+00:00,2026-10-04T22:41:33Z,4.436000,4.440000,4.392000,4.417000,4.452000,4.452000,4.392000,4.417000,changed
2025-04-14 14:20:00+00:00,2026-10-04T22:41:33Z,4.415000,4.438000,4.397000,4.409000,4.415000,4.438000,4.392000,4.409000,changed
2025-04-14 15:20:00+00:00,2026-10-04T22:41:33Z,4.436000,4.436000,4.397000,4.419000,4.407000,4.438000,4.397000,4.419000,changed
2025-04-14 16:20:00+00:00,2026-10-04T22:41:33Z,4.409000,4.427000,4.403000,4.405000,4.405000,4.427000,4.401000,4.405000,changed
2025-04-14 17:20:00+00:00,2026-10-04T22:41:33Z,4.425000,4.425000,4.372000,4.372000,4.423000,4.427000,4.372000,4.372000,changed
2025-04-14 18:20:00+00:00,2026-10-04T22:41:33Z,4.382000,4.386000,4.360000,4.364000,4.395000,4.395000,4.360000,4.364000,changed
2025-04-16 14:20:00+00:00,2026-10-04T22:41:33Z,4.325000,4.352000,4.323000,4.323000,4.325000,4.352000,4.321000,4.323000,changed
2025-04-17 13:20:00+00:00,2026-10-04T22:41:33Z,4.286000,4.304000,4.278000,4.300000,4.298000,4.304000,4.278000,4.300000,changed
2025-04-17 14:20:00+00:00,2026-10-04T22:41:33Z,4.294000,4.304000,4.286000,4.304000,4.298000,4.304000,4.282000,4.304000,changed
2025-04-17 15:20:00+00:00,2026-10-04T22:41:33Z,4.290000,4.329000,4.290000,4.319000,4.290000,4.329000,4.288000,4.319000,changed
2025-04-17 16:20:00+00:00,2026-10-04T22:41:33Z,4.317000,4.344000,4.307000,4.327000,4.304000,4.344000,4.304000,4.327000,changed
2025-04-17 17:20:00+00:00,2026-10-04T22:41:33Z,4.327000,4.336000,4.321000,4.333000,4.325000,4.344000,4.321000,4.333000,changed
2025-04-17 18:20:00+00:00,2026-10-04T22:41:33Z,4.327000,4.336000,4.327000,4.333000,4.333000,4.336000,4.327000,4.333000,changed
2025-04-21 13:20:00+00:00,2026-10-04T22:41:33Z,4.391000,4.391000,4.350000,4.350000,4.399000,4.401000,4.350000,4.350000,changed
2025-04-21 14:20:00+00:00,2026-10-04T22:41:33Z,4.362000,4.374000,4.333000,4.374000,4.381000,4.381000,4.333000,4.374000,changed
2025-04-21 15:20:00+00:00,2026-10-04T22:41:33Z,4.360000,4.377000,4.354000,4.368000,4.336000,4.377000,4.335000,4.368000,changed
2025-04-21 16:20:00+00:00,2026-10-04T22:41:33Z,4.370000,4.403000,4.362000,4.403000,4.362000,4.403000,4.360000,4.403000,changed
2025-04-21 17:20:00+00:00,2026-10-04T22:41:33Z,4.387000,4.407000,4.383000,4.391000,4.377000,4.407000,4.377000,4.391000,changed
2025-04-21 18:20:00+00:00,2026-10-04T22:41:33Z,4.401000,4.405000,4.387000,4.405000,4.401000,4.407000,4.387000,4.405000,changed
2025-04-28 13:20:00+00:00,2026-10-04T22:41:33Z,4.291000,4.293000,4.251000,4.253000,4.278000,4.295000,4.251000,4.253000,changed
2025-04-28 14:20:00+00:00,2026-10-04T22:41:33Z,4.268000,4.270000,4.229000,4.237000,4.280000,4.284000,4.229000,4.237000,changed
2025-04-28 15:20:00+00:00,2026-10-04T22:41:33Z,4.237000,4.243000,4.229000,4.235000,4.256000,4.256000,4.229000,4.235000,changed
2025-04-28 16:20:00+00:00,2026-10-04T22:41:33Z,4.237000,4.239000,4.216000,4.222000,4.239000,4.243000,4.216000,4.222000,changed
2025-04-28 17:20:00+00:00,2026-10-04T22:41:33Z,4.220000,4.229000,4.216000,4.229000,4.235000,4.239000,4.216000,4.229000,changed
2025-04-28 18:20:00+00:00,2026-10-04T22:41:33Z,4.229000,4.229000,4.214000,4.216000,4.222000,4.229000,4.214000,4.216000,changed
2025-04-01 15:20:00+00:00,2026-10-04T22:55:27Z,4.165000,4.173000,4.146000,4.169000,4.171000,4.173000,4.146000,4.169000,changed
2025-04-02 13:20:00+00:00,2026-10-04T22:55:27Z,4.129000,4.152000,4.110000,4.150000,4.127000,4.152000,4.110000,4.150000,changed
2025-04-02 14:20:00+00:00,2026-10-04T22:55:27Z,4.140000,4.167000,4.133000,4.161000,4.112000,4.167000,4.112000,4.161000,changed
2025-04-02 15:20:00+00:00,2026-10-04T22:55:27Z,4.165000,4.199000,4.157000,4.199000,4.150000,4.199000,4.142000,4.199000,changed
2025-04-02 16:20:00+00:00,2026-10-04T22:55:27Z,4.188000,4.226000,4.184000,4.218000,4.186000,4.226000,4.175000,4.218000,changed
2025-04-02 17:20:00+00:00,2026-10-04T22:55:27Z,4.217000,4.222000,4.203000,4.205000,4.211000,4.226000,4.203000,4.205000,changed
2025-04-02 18:20:00+00:00,2026-10-04T22:55:27Z,4.211000,4.213000,4.196000,4.196000,4.220000,4.220000,4.196000,4.196000,changed
2025-04-03 13:20:00+00:00,2026-10-04T22:55:27Z,4.063000,4.063000,4.004000,4.034000,4.021000,4.047000,4.004000,4.034000,changed
2025-04-03 14:20:00+00:00,2026-10-04T22:55:27Z,4.032000,4.047000,4.004000,4.032000,4.019000,4.044000,4.004000,4.032000,changed
2025-04-03 15:20:00+00:00,2026-10-04T22:55:27Z,4.030000,4.068000,4.008000,4.068000,4.014000,4.068000,4.008000,4.068000,changed
2025-04-03 16:20:00+00:00,2026-10-04T22:55:27Z,4.034000,4.068000,4.029000,4.044000,4.055000,4.068000,4.044000,4.044000,changed
2025-04-03 17:20:00+00:00,2026-10-04T22:55:27Z,4.066000,4.068000,4.032000,4.040000,4.049000,4.055000,4.032000,4.040000,changed
2025-04-03 18:20:00+00:00,2026-10-04T22:55:27Z,4.042000,4.059000,4.032000,4.055000,4.036000,4.059000,4.032000,4.055000,changed
2025-04-04 15:20:00+00:00,2026-10-04T22:55:27Z,3.916000,3.972000,3.910000,3.934000,3.912000,3.972000,3.912000,3.934000,changed
2025-04-07 13:20:00+00:00,2026-10-04T22:55:27Z,4.011000,4.210000,4.011000,4.140000,4.058000,4.210000,4.011000,4.140000,changed
2025-04-07 14:20:00+00:00,2026-10-04T22:55:27Z,4.032000,4.210000,4.011000,4.096000,4.066000,4.210000,4.062000,4.096000,changed
2025-04-07 15:20:00+00:00,2026-10-04T22:55:27Z,4.107000,4.145000,4.066000,4.128000,4.123000,4.142000,4.066000,4.128000,changed
2025-04-07 16:20:00+00:00,2026-10-04T22:55:27Z,4.096000,4.172000,4.096000,4.172000,4.128000,4.172000,4.113000,4.172000,changed
2025-04-07 17:20:00+00:00,2026-10-04T22:55:27Z,4.142000,4.197000,4.134000,4.163000,4.140000,4.197000,4.134000,4.163000,changed
2025-04-07 18:20:00+00:00,2026-10-04T22:55:27Z,4.176000,4.197000,4.140000,4.155000,4.164000,4.170000,4.140000,4.155000,changed
2025-04-10 15:20:00+00:00,2026-10-04T22:55:27Z,4.330000,4.382000,4.326000,4.368000,4.330000,4.382000,4.330000,4.368000,changed
2025-04-14 13:20:00+00:00,2026-10-04T22:55:27Z,4.452000,4.452000,4.392000,4.417000,4.436000,4.440000,4.392000,4.417000,changed
2025-04-14 14:20:00+00:00,2026-10-04T22:55:27Z,4.415000,4.438000,4.392000,4.409000,4.415000,4.438000,4.397000,4.409000,changed
2025-04-14 15:20:00+00:00,2026-10-04T22:55:27Z,4.407000,4.438000,4.397000,4.419000,4.436000,4.436000,4.397000,4.419000,changed
2025-04-14 16:20:00+00:00,2026-10-04T22:55:27Z,4.405000,4.427000,4.401000,4.405000,4.409000,4.427000,4.403000,4.405000,changed
2025-04-14 17:20:00+00:00,2026-10-04T22:55:27Z,4.423000,4.427000,4.372000,4.372000,4.425000,4.425000,4.372000,4.372000,changed
2025-04-14 18:20:00+00:00,2026-10-04T22:55:27Z,4.395000,4.395000,4.360000,4.364000,4.382000,4.386000,4.360000,4.364000,changed
2025-04-16 14:20:00+00:00,2026-10-04T22:55:27Z,4.325000,4.352000,4.321000,4.323000,4.325000,4.352000,4.323000,4.323000,changed
2025-04-17 13:20:00+00:00,2026-10-04T22:55:27Z,4.298000,4.304000,4.278000,4.300000,4.286000,4.304000,4.278000,4.300000,changed
2025-04-17 14:20:00+00:00,2026-10-04T22:55:27Z,4.298000,4.304000,4.282000,4.304000,4.294000,4.304000,4.286000,4.304000,changed
2025-04-17 15:20:00+00:00,2026-10-04T22:55:27Z,4.290000,4.329000,4.288000,4.319000,4.290000,4.329000,4.290000,4.319000,changed
2025-04-17 16:20:00+00:00,2026-10-04T22:55:27Z,4.304000,4.344000,4.304000,4.327000,4.317000,4.344000,4.307000,4.327000,changed
2025-04-17 17:20:00+00:00,2026-10-04T22:55:27Z,4.325000,4.344000,4.321000,4.333000,4.327000,4.336000,4.321000,4.333000,changed
2025-04-17 18:20:00+00:00,2026-10-04T22:55:27Z,4.333000,4.336000,4.327000,4.333000,4.327000,4.336000,4.327000,4.333000,changed
2025-04-21 13:20:00+00:00,2026-10-04T22:55:27Z,4.399000,4.401000,4.350000,4.350000,4.391000,4.391000,4.350000,4.350000,changed
2025-04-21 14:20:00+00:00,2026-10-04T22:55:27Z,4.381000,4.381000,4.333000,4.374000,4.362000,4.374000,4.333000,4.374000,changed
2025-04-21 15:20:00+00:00,2026-10-04T22:55:27Z,4.336000,4.377000,4.335000,4.368000,4.360000,4.377000,4.354000,4.368000,changed
2025-04-21 16:20:00+00:00,2026-10-04T22:55:27Z,4.362000,4.403000,4.360000,4.403000,4.370000,4.403000,4.362000,4.403000,changed
2025-04-21 17:20:00+00:00,2026-10-04T22:55:27Z,4.377000,4.407000,4.377000,4.391000,4.387000,4.407000,4.383000,4.391000,changed
2025-04-21 18:20:00+00:00,2026-10-04T22:55:27Z,4.401000,4.407000,4.387000,4.405000,4.401000,4.405000,4.387000,4.405000,changed
2025-04-28 13:20:00+00:00,2026-10-04T22:55:27Z,4.278000,4.295000,4.251000,4.253000,4.291000,4.293000,4.251000,4.253000,changed
2025-04-28 14:20:00+00:00,2026-10-04T22:55:27Z,4.280000,4.284000,4.229000,4.237000,4.268000,4.270000,4.229000,4.237000,changed
2025-04-28 15:20:00+00:00,2026-10-04T22:55:27Z,4.256000,4.256000,4.229000,4.235000,4.237000,4.243000,4.229000,4.235000,changed
2025-04-28 16:20:00+00:00,2026-10-04T22:55:27Z,4.239000,4.243000,4.216000,4.222000,4.237000,4.239000,4.216000,4.222000,changed
2025-04-28 17:20:00+00:00,2026-10-04T22:55:27Z,4.235000,4.239000,4.216000,4.229000,4.220000,4.229000,4.216000,4.229000,changed
2025-04-28 18:20:00+00:00,2026-10-04T22:55:27Z,4.222000,4.229000,4.214000,4.216000,4.229000,4.229000,4.214000,4.216000,changed
2025-04-01 15:20:00+00:00,2026-10-04T23:41:37Z,4.171000,4.173000,4.146000,4.169000,4.165000,4.173000,4.146000,4.169000,changed
2025-04-02 13:20:00+00:00,2026-10-04T23:41:37Z,4.127000,4.152000,4.110000,4.150000,4.129000,4.152000,4.110000,4.150000,changed
2025-04-02 14:20:00+00:00,2026-10-04T23:41:37Z,4.112000,4.167000,4.112000,4.161000,4.140000,4.167000,4.133000,4.161000,changed
2025-04-02 15:20:00+00:00,2026-10-04T23:41:37Z,4.150000,4.199000,4.142000,4.199000,4.165000,4.199000,4.157000,4.199000,changed
2025-04-02 16:20:00+00:00,2026-10-04T23:41:37Z,4.186000,4.226000,4.175000,4.218000,4.188000,4.226000,4.184000,4.218000,changed
2025-04-02 17:20:00+00:00,2026-10-04T23:41:37Z,4.211000,4.226000,4.203000,4.205000,4.217000,4.222000,4.203000,4.205000,changed
2025-04-02 18:20:00+00:00,2026-10-04T23:41:37Z,4.220000,4.220000,4.196000,4.196000,4.211000,4.213000,4.196000,4.196000,changed
2025-04-03 13:20:00+00:00,2026-10-04T23:41:37Z,4.021000,4.047000,4.004000,4.034000,4.063000,4.063000,4.004000,4.034000,changed
2025-04-03 14:20:00+00:00,2026-10-04T23:41:37Z,4.019000,4.044000,4.004000,4.032000,4.032000,4.047000,4.004000,4.032000,changed
2025-04-03 15:20:00+00:00,2026-10-04T23:41:37Z,4.014000,4.068000,4.008000,4.068000,4.030000,4.068000,4.008000,4.068000,changed
2025-04-03 16:20:00+00:00,2026-10-04T23:41:37Z,4.055000,4.068000,4.044000,4.044000,4.034000,4.068000,4.029000,4.044000,changed
2025-04-03 17:20:00+00:00,2026-10-04T23:41:37Z,4.049000,4.055000,4.032000,4.040000,4.066000,4.068000,4.032000,4.040000,changed
2025-04-03 18:20:00+00:00,2026-10-04T23:41:37Z,4.036000,4.059000,4.032000,4.055000,4.042000,4.059000,4.032000,4.055000,changed
2025-04-04 15:20:00+00:00,2026-10-04T23:41:37Z,3.912000,3.972000,3.912000,3.934000,3.916000,3.972000,3.910000,3.934000,changed
2025-04-07 13:20:00+00:00,2026-10-04T23:41:37Z,4.058000,4.210000,4.011000,4.140000,4.011000,4.210000,4.011000,4.140000,changed
2025-04-07 14:20:00+00:00,2026-10-04T23:41:37Z,4.066000,4.210000,4.062000,4.096000,4.032000,4.210000,4.011000,4.096000,changed
2025-04-07 15:20:00+00:00,2026-10-04T23:41:37Z,4.123000,4.142000,4.066000,4.128000,4.107000,4.145000,4.066000,4.128000,changed
2025-04-07 16:20:00+00:00,2026-10-04T23:41:37Z,4.128000,4.172000,4.113000,4.172000,4.096000,4.172000,4.096000,4.172000,changed
2025-04-07 17:20:00+00:00,2026-10-04T23:41:37Z,4.140000,4.197000,4.134000,4.163000,4.142000,4.197000,4.134000,4.163000,changed
2025-04-07 18:20:00+00:00,2026-10-04T23:41:37Z,4.164000,4.170000,4.140000,4.155000,4.176000,4.197000,4.140000,4.155000,changed
2025-04-10 15:20:00+00:00,2026-10-04T23:41:37Z,4.330000,4.382000,4.330000,4.368000,4.330000,4.382000,4.326000,4.368000,changed
2025-04-14 13:20:00+00:00,2026-10-04T23:41:37Z,4.436000,4.440000,4.392000,4.417000,4.452000,4.452000,4.392000,4.417000,changed
2025-04-14 14:20:00+00:00,2026-10-04T23:41:37Z,4.415000,4.438000,4.397000,4.409000,4.415000,4.438000,4.392000,4.409000,changed
2025-04-14 15:20:00+00:00,2026-10-04T23:41:37Z,4.436000,4.436000,4.397000,4.419000,4.407000,4.438000,4.397000,4.419000,changed
2025-04-14 16:20:00+00:00,2026-10-04T23:41:37Z,4.409000,4.427000,4.403000,4.405000,4.405000,4.427000,4.401000,4.405000,changed
2025-04-14 17:20:00+00:00,2026-10-04T23:41:37Z,4.425000,4.425000,4.372000,4.372000,4.423000,4.427000,4.372000,4.372000,changed
2025-04-14 18:20:00+00:00,2026-10-04T23:41:37Z,4.382000,4.386000,4.360000,4.364000,4.395000,4.395000,4.360000,4.364000,changed
2025-04-16 14:20:00+00:00,2026-10-04T23:41:37Z,4.325000,4.352000,4.323000,4.323000,4.325000,4.352000,4.321000,4.323000,changed
2025-04-17 13:20:00+00:00,2026-10-04T23:41:37Z,4.286000,4.304000,4.278000,4.300000,4.298000,4.304000,4.278000,4.300000,changed
2025-04-17 14:20:00+00:00,2026-10-04T23:41:37Z,4.294000,4.304000,4.286000,4.304000,4.298000,4.304000,4.282000,4.304000,changed
2025-04-17 15:20:00+00:00,2026-10-04T23:41:37Z,4.290000,4.329000,4.290000,4.319000,4.290000,4.329000,4.288000,4.319000,changed
2025-04-17 16:20:00+00:00,2026-10-04T23:41:37Z,4.317000,4.344000,4.307000,4.327000,4.304000,4.344000,4.304000,4.327000,changed
2025-04-17 17:20:00+00:00,2026-10-04T23:41:37Z,4.327000,4.336000,4.321000,4.333000,4.325000,4.344000,4.321000,4.333000,changed
2025-04-17 18:20:00+00:00,2026-10-04T23:41:37Z,4.327000,4.336000,4.327000,4.333000,4.333000,4.336000,4.327000,4.333000,changed
2025-04-21 13:20:00+00:00,2026-10-04T23:41:37Z,4.391000,4.391000,4.350000,4.350000,4.399000,4.401000,4.350000,4.350000,changed
2025-04-21 14:20:00+00:00,2026-10-04T23:41:37Z,4.362000,4.374000,4.333000,4.374000,4.381000,4.381000,4.333000,4.374000,changed
2025-04-21 15:20:00+00:00,2026-10-04T23:41:37Z,4.360000,4.377000,4.354000,4.368000,4.336000,4.377000,4.335000,4.368000,changed
2025-04-21 16:20:00+00:00,2026-10-04T23:41:37Z,4.370000,4.403000,4.362000,4.403000,4.362000,4.403000,4.360000,4.403000,changed
2025-04-21 17:20:00+00:00,2026-10-04T23:41:37Z,4.387000,4.407000,4.383000,4.391000,4.377000,4.407000,4.377000,4.391000,changed
2025-04-21 18:20:00+00:00,2026-10-04T23:41:37Z,4.401000,4.405000,4.387000,4.405000,4.401000,4.407000,4.387000,4.405000,changed
2025-04-28 13:20:00+00:00,2026-10-04T23:41:37Z,4.291000,4.293000,4.251000,4.253000,4.278000,4.295000,4.251000,4.253000,changed
2025-04-28 14:20:00+00:00,2026-10-04T23:41:37Z,4.268000,4.270000,4.229000,4.237000,4.280000,4.284000,4.229000,4.237000,changed
2025-04-28 15:20:00+00:00,2026-10-04T23:41:37Z,4.237000,4.243000,4.229000,4.235000,4.256000,4.256000,4.229000,4.235000,changed
2025-04-28 16:20:00+00:00,2026-10-04T23:41:37Z,4.237000,4.239000,4.216000,4.222000,4.239000,4.243000,4.216000,4.222000,changed
2025-04-28 17:20:00+00:00,2026-10-04T23:41:37Z,4.220000,4.229000,4.216000,4.229000,4.235000,4.239000,4.216000,4.229000,changed
2025-04-28 18:20:00+00:00,2026-10-04T23:41:37Z,4.229000,4.229000,4.214000,4.216000,4.222000,4.229000,4.214000,4.216000,changed
2025-04-01 15:20:00+00:00,2026-10-05T00:39:31Z,4.165000,4.173000,4.146000,4.169000,4.171000,4.173000,4.146000,4.169000,changed
2025-04-02 13:20:00+00:00,2026-10-05T00:39:31Z,4.129000,4.152000,4.110000,4.150000,4.127000,4.152000,4.110000,4.150000,changed
2025-04-02 14:20:00+00:00,2026-10-05T00:39:31Z,4.140000,4.167000,4.133000,4.161000,4.112000,4.167000,4.112000,4.161000,changed
2025-04-02 15:20:00+00:00,2026-10-05T00:39:31Z,4.165000,4.199000,4.157000,4.199000,4.150000,4.199000,4.142000,4.199000,changed
2025-04-02 16:20:00+00:00,2026-10-05T00:39:31Z,4.188000,4.226000,4.184000,4.218000,4.186000,4.226000,4.175000,4.218000,changed
2025-04-02 17:20:00+00:00,2026-10-05T00:39:31Z,4.217000,4.222000,4.203000,4.205000,4.211000,4.226000,4.203000,4.205000,changed
2025-04-02 18:20:00+00:00,2026-10-05T00:39:31Z,4.211000,4.213000,4.196000,4.196000,4.220000,4.220000,4.196000,4.196000,changed
2025-04-03 13:20:00+00:00,2026-10-05T00:39:31Z,4.063000,4.063000,4.004000,4.034000,4.021000,4.047000,4.004000,4.034000,changed
2025-04-03 14:20:00+00:00,2026-10-05T00:39:31Z,4.032000,4.047000,4.004000,4.032000,4.019000,4.044000,4.004000,4.032000,changed
2025-04-03 15:20:00+00:00,2026-10-05T00:39:31Z,4.030000,4.068000,4.008000,4.068000,4.014000,4.068000,4.008000,4.068000,changed
2025-04-03 16:20:00+00:00,2026-10-05T00:39:31Z,4.034000,4.068000,4.029000,4.044000,4.055000,4.068000,4.044000,4.044000,changed
2025-04-03 17:20:00+00:00,2026-10-05T00:39:31Z,4.066000,4.068000,4.032000,4.040000,4.049000,4.055000,4.032000,4.040000,changed
2025-04-03 18:20:00+00:00,2026-10-05T00:39:31Z,4.042000,4.059000,4.032000,4.055000,4.036000,4.059000,4.032000,4.055000,changed
2025-04-04 15:20:00+00:00,2026-10-05T00:39:31Z,3.916000,3.972000,3.910000,3.934000,3.912000,3.972000,3.912000,3.934000,changed
2025-04-07 13:20:00+00:00,2026-10-05T00:39:31Z,4.011000,4.210000,4.011000,4.140000,4.058000,4.210000,4.011000,4.140000,changed
2025-04-07 14:20:00+00:00,2026-10-05T00:39:31Z,4.032000,4.210000,4.011000,4.096000,4.066000,4.210000,4.062000,4.096000,changed
2025-04-07 15:20:00+00:00,2026-10-05T00:39:31Z,4.107000,4.145000,4.066000,4.128000,4.123000,4.142000,4.066000,4.128000,changed
2025-04-07 16:20:00+00:00,2026-10-05T00:39:31Z,4.096000,4.172000,4.096000,4.172000,4.128000,4.172000,4.113000,4.172000,changed
2025-04-07 17:20:00+00:00,2026-10-05T00:39:31Z,4.142000,4.197000,4.134000,4.163000,4.140000,4.197000,4.134000,4.163000,changed
2025-04-07 18:20:00+00:00,2026-10-05T00:39:31Z,4.176000,4.197000,4.140000,4.155000,4.164000,4.170000,4.140000,4.155000,changed
2025-04-10 15:20:00+00:00,2026-10-05T00:39:31Z,4.330000,4.382000,4.326000,4.368000,4.330000,4.382000,4.330000,4.368000,changed
2025-04-14 13:20:00+00:00,2026-10-05T00:39:31Z,4.452000,4.452000,4.392000,4.417000,4.436000,4.440000,4.392000,4.417000,changed
2025-04-14 14:20:00+00:00,2026-10-05T00:39:31Z,4.415000,4.438000,4.392000,4.409000,4.415000,4.438000,4.397000,4.409000,changed
2025-04-14 15:20:00+00:00,2026-10-05T00:39:31Z,4.407000,4.438000,4.397000,4.419000,4.436000,4.436000,4.397000,4.419000,changed
2025-04-14 16:20:00+00:00,2026-10-05T00:39:31Z,4.405000,4.427000,4.401000,4.405000,4.409000,4.427000,4.403000,4.405000,changed
2025-04-14 17:20:00+00:00,2026-10-05T00:39:31Z,4.423000,4.427000,4.372000,4.372000,4.425000,4.425000,4.372000,4.372000,changed
2025-04-14 18:20:00+00:00,2026-10-05T00:39:31Z,4.395000,4.395000,4.360000,4.364000,4.382000,4.386000,4.360000,4.364000,changed
2025-04-16 14:20:00+00:00,2026-10-05T00:39:31Z,4.325000,4.352000,4.321000,4.323000,4.325000,4.352000,4.323000,4.323000,changed
2025-04-17 13:20:00+00:00,2026-10-05T00:39:31Z,4.298000,4.304000,4.278000,4.300000,4.286000,4.304000,4.278000,4.300000,changed
2025-04-17 14:20:00+00:00,2026-10-05T00:39:31Z,4.298000,4.304000,4.282000,4.304000,4.294000,4.304000,4.286000,4.304000,changed
2025-04-17 15:20:00+00:00,2026-10-05T00:39:31Z,4.290000,4.329000,4.288000,4.319000,4.290000,4.329000,4.290000,4.319000,changed
2025-04-17 16:20:00+00:00,2026-10-05T00:39:31Z,4.304000,4.344000,4.304000,4.327000,4.317000,4.344000,4.307000,4.327000,changed
2025-04-17 17:20:00+00:00,2026-10-05T00:39:31Z,4.325000,4.344000,4.321000,4.333000,4.327000,4.336000,4.321000,4.333000,changed
2025-04-17 18:20:00+00:00,2026-10-05T00:39:31Z,4.333000,4.336000,4.327000,4.333000,4.327000,4.336000,4.327000,4.333000,changed
2025-04-21 13:20:00+00:00,2026-10-05T00:39:31Z,4.399000,4.401000,4.350000,4.350000,4.391000,4.391000,4.350000,4.350000,changed
2025-04-21 14:20:00+00:00,2026-10-05T00:39:31Z,4.381000,4.381000,4.333000,4.374000,4.362000,4.374000,4.333000,4.374000,changed
2025-04-21 15:20:00+00:00,2026-10-05T00:39:31Z,4.336000,4.377000,4.335000,4.368000,4.360000,4.377000,4.354000,4.368000,changed
2025-04-21 16:20:00+00:00,2026-10-05T00:39:31Z,4.362000,4.403000,4.360000,4.403000,4.370000,4.403000,4.362000,4.403000,changed
2025-04-21 17:20:00+00:00,2026-10-05T00:39:31Z,4.377000,4.407000,4.377000,4.391000,4.387000,4.407000,4.383000,4.391000,changed
2025-04-21 18:20:00+00:00,2026-10-05T00:39:31Z,4.401000,4.407000,4.387000,4.405000,4.401000,4.405000,4.387000,4.405000,changed
2025-04-28 13:20:00+00:00,2026-10-05T00:39:31Z,4.278000,4.295000,4.251000,4.253000,4.291000,4.293000,4.251000,4.253000,changed
2025-04-28 14:20:00+00:00,2026-10-05T00:39:31Z,4.280000,4.284000,4.229000,4.237000,4.268000,4.270000,4.229000,4.237000,changed
2025-04-28 15:20:00+00:00,2026-10-05T00:39:31Z,4.256000,4.256000,4.229000,4.235000,4.237000,4.243000,4.229000,4.235000,changed
2025-04-28 16:20:00+00:00,2026-10-05T00:39:31Z,4.239000,4.243000,4.216000,4.222000,4.237000,4.239000,4.216000,4.222000,changed
2025-04-28 17:20:00+00:00,2026-10-05T00:39:31Z,4.235000,4.239000,4.216000,4.229000,4.220000,4.229000,4.216000,4.229000,changed
2025-04-28 18:20:00+00:00,2026-10-05T00:39:31Z,4.222000,4.229000,4.214000,4.216000,4.229000,4.229000,4.214000,4.216000,changed
2025-04-01 15:20:00+00:00,2026-10-05T02:45:26Z,4.171000,4.173000,4.146000,4.169000,4.165000,4.173000,4.146000,4.169000,changed
2025-04-02 13:20:00+00:00,2026-10-05T02:45:26Z,4.127000,4.152000,4.110000,4.150000,4.129000,4.152000,4.110000,4.150000,changed
2025-04-02 14:20:00+00:00,2026-10-05T02:45:26Z,4.112000,4.167000,4.112000,4.161000,4.140000,4.167000,4.133000,4.161000,changed
2025-04-02 15:20:00+00:00,2026-10-05T02:45:26Z,4.150000,4.199000,4.142000,4.199000,4.165000,4.199000,4.157000,4.199000,changed
2025-04-02 16:20:00+00:00,2026-10-05T02:45:26Z,4.186000,4.226000,4.175000,4.218000,4.188000,4.226000,4.184000,4.218000,changed
2025-04-02 17:20:00+00:00,2026-10-05T02:45:26Z,4.211000,4.226000,4.203000,4.205000,4.217000,4.222000,4.203000,4.205000,changed
2025-04-02 18:20:00+00:00,2026-10-05T02:45:26Z,4.220000,4.220000,4.196000,4.196000,4.211000,4.213000,4.196000,4.196000,changed
2025-04-03 13:20:00+00:00,2026-10-05T02:45:26Z,4.021000,4.047000,4.004000,4.034000,4.063000,4.063000,4.004000,4.034000,changed
2025-04-03 14:20:00+00:00,2026-10-05T02:45:26Z,4.019000,4.044000,4.004000,4.032000,4.032000,4.047000,4.004000,4.032000,changed
2025-04-03 15:20:00+00:00,2026-10-05T02:45:26Z,4.014000,4.068000,4.008000,4.068000,4.030000,4.068000,4.008000,4.068000,changed
2025-04-03 16:20:00+00:00,2026-10-05T02:45:26Z,4.055000,4.068000,4.044000,4.044000,4.034000,4.068000,4.029000,4.044000,changed
2025-04-03 17:20:00+00:00,2026-10-05T02:45:26Z,4.049000,4.055000,4.032000,4.040000,4.066000,4.068000,4.032000,4.040000,changed
2025-04-03 18:20:00+00:00,2026-10-05T02:45:26Z,4.036000,4.059000,4.032000,4.055000,4.042000,4.059000,4.032000,4.055000,changed
2025-04-04 15:20:00+00:00,2026-10-05T02:45:26Z,3.912000,3.972000,3.912000,3.934000,3.916000,3.972000,3.910000,3.934000,changed
2025-04-07 13:20:00+00:00,2026-10-05T02:45:26Z,4.058000,4.210000,4.011000,4.140000,4.011000,4.210000,4.011000,4.140000,changed
2025-04-07 14:20:00+00:00,2026-10-05T02:45:26Z,4.066000,4.210000,4.062000,4.096000,4.032000,4.210000,4.011000,4.096000,changed
2025-04-07 15:20:00+00:00,2026-10-05T02:45:26Z,4.123000,4.142000,4.066000,4.128000,4.107000,4.145000,4.066000,4.128000,changed
2025-04-07 16:20:00+00:00,2026-10-05T02:45:26Z,4.128000,4.172000,4.113000,4.172000,4.096000,4.172000,4.096000,4.172000,changed
2025-04-07 17:20:00+00:00,2026-10-05T02:45:26Z,4.140000,4.197000,4.134000,4.163000,4.142000,4.197000,4.134000,4.163000,changed
2025-04-07 18:20:00+00:00,2026-10-05T02:45:26Z,4.164000,4.170000,4.140000,4.155000,4.176000,4.197000,4.140000,4.155000,changed
2025-04-10 15:20:00+00:00,2026-10-05T02:45:26Z,4.330000,4.382000,4.330000,4.368000,4.330000,4.382000,4.326000,4.368000,changed
2025-04-14 13:20:00+00:00,2026-10-05T02:45:26Z,4.436000,4.440000,4.392000,4.417000,4.452000,4.452000,4.392000,4.417000,changed
2025-04-14 14:20:00+00:00,2026-10-05T02:45:26Z,4.415000,4.438000,4.397000,4.409000,4.415000,4.438000,4.392000,4.409000,changed
2025-04-14 15:20:00+00:00,2026-10-05T02:45:26Z,4.436000,4.436000,4.397000,4.419000,4.407000,4.438000,4.397000,4.419000,changed
2025-04-14 16:20:00+00:00,2026-10-05T02:45:26Z,4.409000,4.427000,4.403000,4.405000,4.405000,4.427000,4.401000,4.405000,changed
2025-04-14 17:20:00+00:00,2026-10-05T02:45:26Z,4.425000,4.425000,4.372000,4.372000,4.423000,4.427000,4.372000,4.372000,changed
2025-04-14 18:20:00+00:00,2026-10-05T02:45:26Z,4.382000,4.386000,4.360000,4.364000,4.395000,4.395000,4.360000,4.364000,changed
2025-04-16 14:20:00+00:00,2026-10-05T02:45:26Z,4.325000,4.352000,4.323000,4.323000,4.325000,4.352000,4.321000,4.323000,changed
2025-04-17 13:20:00+00:00,2026-10-05T02:45:26Z,4.286000,4.304000,4.278000,4.300000,4.298000,4.304000,4.278000,4.300000,changed
2025-04-17 14:20:00+00:00,2026-10-05T02:45:26Z,4.294000,4.304000,4.286000,4.304000,4.298000,4.304000,4.282000,4.304000,changed
2025-04-17 15:20:00+00:00,2026-10-05T02:45:26Z,4.290000,4.329000,4.290000,4.319000,4.290000,4.329000,4.288000,4.319000,changed
2025-04-17 16:20:00+00:00,2026-10-05T02:45:26Z,4.317000,4.344000,4.307000,4.327000,4.304000,4.344000,4.304000,4.327000,changed
2025-04-17 17:20:00+00:00,2026-10-05T02:45:26Z,4.327000,4.336000,4.321000,4.333000,4.325000,4.344000,4.321000,4.333000,changed
2025-04-17 18:20:00+00:00,2026-10-05T02:45:26Z,4.327000,4.336000,4.327000,4.333000,4.333000,4.336000,4.327000,4.333000,changed
2025-04-21 13:20:00+00:00,2026-10-05T02:45:26Z,4.391000,4.391000,4.350000,4.350000,4.399000,4.401000,4.350000,4.350000,changed
2025-04-21 14:20:00+00:00,2026-10-05T02:45:26Z,4.362000,4.374000,4.333000,4.374000,4.381000,4.381000,4.333000,4.374000,changed
2025-04-21 15:20:00+00:00,2026-10-05T02:45:26Z,4.360000,4.377000,4.354000,4.368000,4.336000,4.377000,4.335000,4.368000,changed
2025-04-21 16:20:00+00:00,2026-10-05T02:45:26Z,4.370000,4.403000,4.362000,4.403000,4.362000,4.403000,4.360000,4.403000,changed
2025-04-21 17:20:00+00:00,2026-10-05T02:45:26Z,4.387000,4.407000,4.383000,4.391000,4.377000,4.407000,4.377000,4.391000,changed
2025-04-21 18:20:00+00:00,2026-10-05T02:45:26Z,4.401000,4.405000,4.387000,4.405000,4.401000,4.407000,4.387000,4.405000,changed
2025-04-28 13:20:00+00:00,2026-10-05T02:45:26Z,4.291000,4.293000,4.251000,4.253000,4.278000,4.295000,4.251000,4.253000,changed
2025-04-28 14:20:00+00:00,2026-10-05T02:45:26Z,4.268000,4.270000,4.229000,4.237000,4.280000,4.284000,4.229000,4.237000,changed
2025-04-28 15:20:00+00:00,2026-10-05T02:45:26Z,4.237000,4.243000,4.229000,4.235000,4.256000,4.256000,4.229000,4.235000,changed
2025-04-28 16:20:00+00:00,2026-10-05T02:45:26Z,4.237000,4.239000,4.216000,4.222000,4.239000,4.243000,4.216000,4.222000,changed
2025-04-28 17:20:00+00:00,2026-10-05T02:45:26Z,4.220000,4.229000,4.216000,4.229000,4.235000,4.239000,4.216000,4.229000,changed
2025-04-28 18:20:00+00:00,2026-10-05T02:45:26Z,4.229000,4.229000,4.214000,4.216000,4.222000,4.229000,4.214000,4.216000,changed
2025-04-01 15:20:00+00:00,2026-10-05T02:58:33Z,4.165000,4.173000,4.146000,4.169000,4.171000,4.173000,4.146000,4.169000,changed
2025-04-02 13:20:00+00:00,2026-10-05T02:58:33Z,4.129000,4.152000,4.110000,4.150000,4.127000,4.152000,4.110000,4.150000,changed
2025-04-02 14:20:00+00:00,2026-10-05T02:58:33Z,4.140000,4.167000,4.133000,4.161000,4.112000,4.167000,4.112000,4.161000,changed
2025-04-02 15:20:00+00:00,2026-10-05T02:58:33Z,4.165000,4.199000,4.157000,4.199000,4.150000,4.199000,4.142000,4.199000,changed
2025-04-02 16:20:00+00:00,2026-10-05T02:58:33Z,4.188000,4.226000,4.184000,4.218000,4.186000,4.226000,4.175000,4.218000,changed
2025-04-02 17:20:00+00:00,2026-10-05T02:58:33Z,4.217000,4.222000,4.203000,4.205000,4.211000,4.226000,4.203000,4.205000,changed
2025-04-02 18:20:00+00:00,2026-10-05T02:58:33Z,4.211000,4.213000,4.196000,4.196000,4.220000,4.220000,4.196000,4.196000,changed
2025-04-03 13:20:00+00:00,2026-10-05T02:58:33Z,4.063000,4.063000,4.004000,4.034000,4.021000,4.047000,4.004000,4.034000,changed
2025-04-03 14:20:00+00:00,2026-10-05T02:58:33Z,4.032000,4.047000,4.004000,4.032000,4.019000,4.044000,4.004000,4.032000,changed
2025-04-03 15:20:00+00:00,2026-10-05T02:58:33Z,4.030000,4.068000,4.008000,4.068000,4.014000,4.068000,4.008000,4.068000,changed
2025-04-03 16:20:00+00:00,2026-10-05T02:58:33Z,4.034000,4.068000,4.029000,4.044000,4.055000,4.068000,4.044000,4.044000,changed
2025-04-03 17:20:00+00:00,2026-10-05T02:58:33Z,4.066000,4.068000,4.032000,4.040000,4.049000,4.055000,4.032000,4.040000,changed
2025-04-03 18:20:00+00:00,2026-10-05T02:58:33Z,4.042000,4.059000,4.032000,4.055000,4.036000,4.059000,4.032000,4.055000,changed
2025-04-04 15:20:00+00:00,2026-10-05T02:58:33Z,3.916000,3.972000,3.910000,3.934000,3.912000,3.972000,3.912000,3.934000,changed
2025-04-07 13:20:00+00:00,2026-10-05T02:58:33Z,4.011000,4.210000,4.011000,4.140000,4.058000,4.210000,4.011000,4.140000,changed
2025-04-07 14:20:00+00:00,2026-10-05T02:58:33Z,4.032000,4.210000,4.011000,4.096000,4.066000,4.210000,4.062000,4.096000,changed
2025-04-07 15:20:00+00:00,2026-10-05T02:58:33Z,4.107000,4.145000,4.066000,4.128000,4.123000,4.142000,4.066000,4.128000,changed
2025-04-07 16:20:00+00:00,2026-10-05T02:58:33Z,4.096000,4.172000,4.096000,4.172000,4.128000,4.172000,4.113000,4.172000,changed
2025-04-07 17:20:00+00:00,2026-10-05T02:58:33Z,4.142000,4.197000,4.134000,4.163000,4.140000,4.197000,4.134000,4.163000,changed
2025-04-07 18:20:00+00:00,2026-10-05T02:58:33Z,4.176000,4.197000,4.140000,4.155000,4.164000,4.170000,4.140000,4.155000,changed
2025-04-10 15:20:00+00:00,2026-10-05T02:58:33Z,4.330000,4.382000,4.326000,4.368000,4.330000,4.382000,4.330000,4.368000,changed
2025-04-14 13:20:00+00:00,2026-10-05T02:58:33Z,4.452000,4.452000,4.392000,4.417000,4.436000,4.440000,4.392000,4.417000,changed
2025-04-14 14:20:00+00:00,2026-10-05T02:58:33Z,4.415000,4.438000,4.392000,4.409000,4.415000,4.438000,4.397000,4.409000,changed
2025-04-14 15:20:00+00:00,2026-10-05T02:58:33Z,4.407000,4.438000,4.397000,4.419000,4.436000,4.436000,4.397000,4.419000,changed
2025-04-14 16:20:00+00:00,2026-10-05T02:58:33Z,4.405000,4.427000,4.401000,4.405000,4.409000,4.427000,4.403000,4.405000,changed
2025-04-14 17:20:00+00:00,2026-10-05T02:58:33Z,4.423000,4.427000,4.372000,4.372000,4.425000,4.425000,4.372000,4.372000,changed
2025-04-14 18:20:00+00:00,2026-10-05T02:58:33Z,4.395000,4.395000,4.360000,4.364000,4.382000,4.386000,4.360000,4.364000,changed
2025-04-16 14:20:00+00:00,2026-10-05T02:58:33Z,4.325000,4.352000,4.321000,4.323000,4.325000,4.352000,4.323000,4.323000,changed
2025-04-17 13:20:00+00:00,2026-10-05T02:58:33Z,4.298000,4.304000,4.278000,4.300000,4.286000,4.304000,4.278000,4.300000,changed
2025-04-17 14:20:00+00:00,2026-10-05T02:58:33Z,4.298000,4.304000,4.282000,4.304000,4.294000,4.304000,4.286000,4.304000,changed
2025-04-17 15:20:00+00:00,2026-10-05T02:58:33Z,4.290000,4.329000,4.288000,4.319000,4.290000,4.329000,4.290000,4.319000,changed
2025-04-17 16:20:00+00:00,2026-10-05T02:58:33Z,4.304000,4.344000,4.304000,4.327000,4.317000,4.344000,4.307000,4.327000,changed
2025-04-17 17:20:00+00:00,2026-10-05T02:58:33Z,4.325000,4.344000,4.321000,4.333000,4.327000,4.336000,4.321000,4.333000,changed
2025-04-17 18:20:00+00:00,2026-10-05T02:58:33Z,4.333000,4.336000,4.327000,4.333000,4.327000,4.336000,4.327000,4.333000,changed
2025-04-21 13:20:00+00:00,2026-10-05T02:58:33Z,4.399000,4.401000,4.350000,4.350000,4.391000,4.391000,4.350000,4.350000,changed
2025-04-21 14:20:00+00:00,2026-10-05T02:58:33Z,4.381000,4.381000,4.333000,4.374000,4.362000,4.374000,4.333000,4.374000,changed
2025-04-21 15:20:00+00:00,2026-10-05T02:58:33Z,4.336000,4.377000,4.335000,4.368000,4.360000,4.377000,4.354000,4.368000,changed
2025-04-21 16:20:00+00:00,2026-10-05T02:58:33Z,4.362000,4.403000,4.360000,4.403000,4.370000,4.403000,4.362000,4.403000,changed
2025-04-21 17:20:00+00:00,2026-10-05T02:58:33Z,4.377000,4.407000,4.377000,4.391000,4.387000,4.407000,4.383000,4.391000,changed
2025-04-21 18:20:00+00:00,2026-10-05T02:58:33Z,4.401000,4.407000,4.387000,4.405000,4.401000,4.405000,4.387000,4.405000,changed
2025-04-28 13:20:00+00:00,2026-10-05T02:58:33Z,4.278000,4.295000,4.251000,4.253000,4.291000,4.293000,4.251000,4.253000,changed
2025-04-28 14:20:00+00:00,2026-10-05T02:58:33Z,4.280000,4.284000,4.229000,4.237000,4.268000,4.270000,4.229000,4.237000,changed
2025-04-28 15:20:00+00:00,2026-10-05T02:58:33Z,4.256000,4.256000,4.229000,4.235000,4.237000,4.243000,4.229000,4.235000,changed
2025-04-28 16:20:00+00:00,2026-10-05T02:58:33Z,4.239000,4.243000,4.216000,4.222000,4.237000,4.239000,4.216000,4.222000,changed
2025-04-28 17:20:00+00:00,2026-10-05T02:58:33Z,4.235000,4.239000,4.216000,4.229000,4.220000,4.229000,4.216000,4.229000,changed
2025-04-28 18:20:00+00:00,2026-10-05T02:58:33Z,4.222000,4.229000,4.214000,4.216000,4.229000,4.229000,4.214000,4.216000,changed
2025-04-01 15:20:00+00:00,2026-10-05T03:10:39Z,4.171000,4.173000,4.146000,4.169000,4.165000,4.173000,4.146000,4.169000,changed
2025-04-02 13:20:00+00:00,2026-10-05T03:10:39Z,4.127000,4.152000,4.110000,4.150000,4.129000,4.152000,4.110000,4.150000,changed
2025-04-02 14:20:00+00:00,2026-10-05T03:10:39Z,4.112000,4.167000,4.112000,4.161000,4.140000,4.167000,4.133000,4.161000,changed
2025-04-02 15:20:00+00:00,2026-10-05T03:10:39Z,4.150000,4.199000,4.142000,4.199000,4.165000,4.199000,4.157000,4.199000,changed
2025-04-02 16:20:00+00:00,2026-10-05T03:10:39Z,4.186000,4.226000,4.175000,4.218000,4.188000,4.226000,4.184000,4.218000,changed
2025-04-02 17:20:00+00:00,2026-10-05T03:10:39Z,4.211000,4.226000,4.203000,4.205000,4.217000,4.222000,4.203000,4.205000,changed
2025-04-02 18:20:00+00:00,2026-10-05T03:10:39Z,4.220000,4.220000,4.196000,4.196000,4.211000,4.213000,4.196000,4.196000,changed
2025-04-03 13:20:00+00:00,2026-10-05T03:10:39Z,4.021000,4.047000,4.004000,4.034000,4.063000,4.063000,4.004000,4.034000,changed
2025-04-03 14:20:00+00:00,2026-10-05T03:10:39Z,4.019000,4.044000,4.004000,4.032000,4.032000,4.047000,4.004000,4.032000,changed
2025-04-03 15:20:00+00:00,2026-10-05T03:10:39Z,4.014000,4.068000,4.008000,4.068000,4.030000,4.068000,4.008000,4.068000,changed
2025-04-03 16:20:00+00:00,2026-10-05T03:10:39Z,4.055000,4.068000,4.044000,4.044000,4.034000,4.068000,4.029000,4.044000,changed
2025-04-03 17:20:00+00:00,2026-10-05T03:10:39Z,4.049000,4.055000,4.032000,4.040000,4.066000,4.068000,4.032000,4.040000,changed
2025-04-03 18:20:00+00:00,2026-10-05T03:10:39Z,4.036000,4.059000,4.032000,4.055000,4.042000,4.059000,4.032000,4.055000,changed
2025-04-04 15:20:00+00:00,2026-10-05T03:10:39Z,3.912000,3.972000,3.912000,3.934000,3.916000,3.972000,3.910000,3.934000,changed
2025-04-07 13:20:00+00:00,2026-10-05T03:10:39Z,4.058000,4.210000,4.011000,4.140000,4.011000,4.210000,4.011000,4.140000,changed
2025-04-07 14:20:00+00:00,2026-10-05T03:10:39Z,4.066000,4.210000,4.062000,4.096000,4.032000,4.210000,4.011000,4.096000,changed
2025-04-07 15:20:00+00:00,2026-10-05T03:10:39Z,4.123000,4.142000,4.066000,4.128000,4.107000,4.145000,4.066000,4.128000,changed
2025-04-07 16:20:00+00:00,2026-10-05T03:10:39Z,4.128000,4.172000,4.113000,4.172000,4.096000,4.172000,4.096000,4.172000,changed
2025-04-07 17:20:00+00:00,2026-10-05T03:10:39Z,4.140000,4.197000,4.134000,4.163000,4.142000,4.197000,4.134000,4.163000,changed
2025-04-07 18:20:00+00:00,2026-10-05T03:10:39Z,4.164000,4.170000,4.140000,4.155000,4.176000,4.197000,4.140000,4.155000,changed
2025-04-10 15:20:00+00:00,2026-10-05T03:10:39Z,4.330000,4.382000,4.330000,4.368000,4.330000,4.382000,4.326000,4.368000,changed
2025-04-14 13:20:00+00:00,2026-10-05T03:10:39Z,4.436000,4.440000,4.392000,4.417000,4.452000,4.452000,4.392000,4.417000,changed
2025-04-14 14:20:00+00:00,2026-10-05T03:10:39Z,4.415000,4.438000,4.397000,4.409000,4.415000,4.438000,4.392000,4.409000,changed
2025-04-14 15:20:00+00:00,2026-10-05T03:10:39Z,4.436000,4.436000,4.397000,4.419000,4.407000,4.438000,4.397000,4.419000,changed
2025-04-14 16:20:00+00:00,2026-10-05T03:10:39Z,4.409000,4.427000,4.403000,4.405000,4.405000,4.427000,4.401000,4.405000,changed
2025-04-14 17:20:00+00:00,2026-10-05T03:10:39Z,4.425000,4.425000,4.372000,4.372000,4.423000,4.427000,4.372000,4.372000,changed
2025-04-14 18:20:00+00:00,2026-10-05T03:10:39Z,4.382000,4.386000,4.360000,4.364000,4.395000,4.395000,4.360000,4.364000,changed
2025-04-16 14:20:00+00:00,2026-10-05T03:10:39Z,4.325000,4.352000,4.323000,4.323000,4.325000,4.352000,4.321000,4.323000,changed
2025-04-17 13:20:00+00:00,2026-10-05T03:10:39Z,4.286000,4.304000,4.278000,4.300000,4.298000,4.304000,4.278000,4.300000,changed
2025-04-17 14:20:00+00:00,2026-10-05T03:10:39Z,4.294000,4.304000,4.286000,4.304000,4.298000,4.304000,4.282000,4.304000,changed
2025-04-17 15:20:00+00:00,2026-10-05T03:10:39Z,4.290000,4.329000,4.290000,4.319000,4.290000,4.329000,4.288000,4.319000,changed
2025-04-17 16:20:00+00:00,2026-10-05T03:10:39Z,4.317000,4.344000,4.307000,4.327000,4.304000,4.344000,4.304000,4.327000,changed
2025-04-17 17:20:00+00:00,2026-10-05T03:10:39Z,4.327000,4.336000,4.321000,4.333000,4.325000,4.344000,4.321000,4.333000,changed
2025-04-17 18:20:00+00:00,2026-10-05T03:10:39Z,4.327000,4.336000,4.327000,4.333000,4.333000,4.336000,4.327000,4.333000,changed
2025-04-21 13:20:00+00:00,2026-10-05T03:10:39Z,4.391000,4.391000,4.350000,4.350000,4.399000,4.401000,4.350000,4.350000,changed
2025-04-21 14:20:00+00:00,2026-10-05T03:10:39Z,4.362000,4.374000,4.333000,4.374000,4.381000,4.381000,4.333000,4.374000,changed
2025-04-21 15:20:00+00:00,2026-10-05T03:10:39Z,4.360000,4.377000,4.354000,4.368000,4.336000,4.377000,4.335000,4.368000,changed
2025-04-21 16:20:00+00:00,2026-10-05T03:10:39Z,4.370000,4.403000,4.362000,4.403000,4.362000,4.403000,4.360000,4.403000,changed
2025-04-21 17:20:00+00:00,2026-10-05T03:10:39Z,4.387000,4.407000,4.383000,4.391000,4.377000,4.407000,4.377000,4.391000,changed
2025-04-21 18:20:00+00:00,2026-10-05T03:10:39Z,4.401000,4.405000,4.387000,4.405000,4.401000,4.407000,4.387000,4.405000,changed
2025-04-28 13:20:00+00:00,2026-10-05T03:10:39Z,4.291000,4.293000,4.251000,4.253000,4.278000,4.295000,4.251000,4.253000,changed
2025-04-28 14:20:00+00:00,2026-10-05T03:10:39Z,4.268000,4.270000,4.229000,4.237000,4.280000,4.284000,4.229000,4.237000,changed
2025-04-28 15:20:00+00:00,2026-10-05T03:10:39Z,4.237000,4.243000,4.229000,4.235000,4.256000,4.256000,4.229000,4.235000,changed
2025-04-28 16:20:00+00:00,2026-10-05T03:10:39Z,4.237000,4.239000,4.216000,4.222000,4.239000,4.243000,4.216000,4.222000,changed
2025-04-28 17:20:00+00:00,2026-10-05T03:10:39Z,4.220000,4.229000,4.216000,4.229000,4.235000,4.239000,4.216000,4.229000,changed
2025-04-28 18:20:00+00:00,2026-10-05T03:10:39Z,4.229000,4.229000,4.214000,4.216000,4.222000,4.229000,4.214000,4.216000,changed
2025-04-01 15:20:00+00:00,2026-10-05T03:31:19Z,4.165000,4.173000,4.146000,4.169000,4.171000,4.173000,4.146000,4.169000,changed
2025-04-02 13:20:00+00:00,2026-10-05T03:31:19Z,4.129000,4.152000,4.110000,4.150000,4.127000,4.152000,4.110000,4.150000,changed
2025-04-02 14:20:00+00:00,2026-10-05T03:31:19Z,4.140000,4.167000,4.133000,4.161000,4.112000,4.167000,4.112000,4.161000,changed
2025-04-02 15:20:00+00:00,2026-10-05T03:31:19Z,4.165000,4.199000,4.157000,4.199000,4.150000,4.199000,4.142000,4.199000,changed
2025-04-02 16:20:00+00:00,2026-10-05T03:31:19Z,4.188000,4.226000,4.184000,4.218000,4.186000,4.226000,4.175000,4.218000,changed
2025-04-02 17:20:00+00:00,2026-10-05T03:31:19Z,4.217000,4.222000,4.203000,4.205000,4.211000,4.226000,4.203000,4.205000,changed
2025-04-02 18:20:00+00:00,2026-10-05T03:31:19Z,4.211000,4.213000,4.196000,4.196000,4.220000,4.220000,4.196000,4.196000,changed
2025-04-03 13:20:00+00:00,2026-10-05T03:31:19Z,4.063000,4.063000,4.004000,4.034000,4.021000,4.047000,4.004000,4.034000,changed
2025-04-03 14:20:00+00:00,2026-10-05T03:31:19Z,4.032000,4.047000,4.004000,4.032000,4.019000,4.044000,4.004000,4.032000,changed
2025-04-03 15:20:00+00:00,2026-10-05T03:31:19Z,4.030000,4.068000,4.008000,4.068000,4.014000,4.068000,4.008000,4.068000,changed
2025-04-03 16:20:00+00:00,2026-10-05T03:31:19Z,4.034000,4.068000,4.029000,4.044000,4.055000,4.068000,4.044000,4.044000,changed
2025-04-03 17:20:00+00:00,2026-10-05T03:31:19Z,4.066000,4.068000,4.032000,4.040000,4.049000,4.055000,4.032000,4.040000,changed
2025-04-03 18:20:00+00:00,2026-10-05T03:31:19Z,4.042000,4.059000,4.032000,4.055000,4.036000,4.059000,4.032000,4.055000,changed
2025-04-04 15:20:00+00:00,2026-10-05T03:31:19Z,3.916000,3.972000,3.910000,3.934000,3.912000,3.972000,3.912000,3.934000,changed
2025-04-07 13:20:00+00:00,2026-10-05T03:31:19Z,4.011000,4.210000,4.011000,4.140000,4.058000,4.210000,4.011000,4.140000,changed
2025-04-07 14:20:00+00:00,2026-10-05T03:31:19Z,4.032000,4.210000,4.011000,4.096000,4.066000,4.210000,4.062000,4.096000,changed
2025-04-07 15:20:00+00:00,2026-10-05T03:31:19Z,4.107000,4.145000,4.066000,4.128000,4.123000,4.142000,4.066000,4.128000,changed
2025-04-07 16:20:00+00:00,2026-10-05T03:31:19Z,4.096000,4.172000,4.096000,4.172000,4.128000,4.172000,4.113000,4.172000,changed
2025-04-07 17:20:00+00:00,2026-10-05T03:31:19Z,4.142000,4.197000,4.134000,4.163000,4.140000,4.197000,4.134000,4.163000,changed
2025-04-07 18:20:00+00:00,2026-10-05T03:31:19Z,4.176000,4.197000,4.140000,4.155000,4.164000,4.170000,4.140000,4.155000,changed
2025-04-10 15:20:00+00:00,2026-10-05T03:31:19Z,4.330000,4.382000,4.326000,4.368000,4.330000,4.382000,4.330000,4.368000,changed
2025-04-14 13:20:00+00:00,2026-10-05T03:31:19Z,4.452000,4.452000,4.392000,4.417000,4.436000,4.440000,4.392000,4.417000,changed
2025-04-14 14:20:00+00:00,2026-10-05T03:31:19Z,4.415000,4.438000,4.392000,4.409000,4.415000,4.438000,4.397000,4.409000,changed
2025-04-14 15:20:00+00:00,2026-10-05T03:31:19Z,4.407000,4.438000,4.397000,4.419000,4.436000,4.436000,4.397000,4.419000,changed
2025-04-14 16:20:00+00:00,2026-10-05T03:31:19Z,4.405000,4.427000,4.401000,4.405000,4.409000,4.427000,4.403000,4.405000,changed
2025-04-14 17:20:00+00:00,2026-10-05T03:31:19Z,4.423000,4.427000,4.372000,4.372000,4.425000,4.425000,4.372000,4.372000,changed
2025-04-14 18:20:00+00:00,2026-10-05T03:31:19Z,4.395000,4.395000,4.360000,4.364000,4.382000,4.386000,4.360000,4.364000,changed
2025-04-16 14:20:00+00:00,2026-10-05T03:31:19Z,4.325000,4.352000,4.321000,4.323000,4.325000,4.352000,4.323000,4.323000,changed
2025-04-17 13:20:00+00:00,2026-10-05T03:31:19Z,4.298000,4.304000,4.278000,4.300000,4.286000,4.304000,4.278000,4.300000,changed
2025-04-17 14:20:00+00:00,2026-10-05T03:31:19Z,4.298000,4.304000,4.282000,4.304000,4.294000,4.304000,4.286000,4.304000,changed
2025-04-17 15:20:00+00:00,2026-10-05T03:31:19Z,4.290000,4.329000,4.288000,4.319000,4.290000,4.329000,4.290000,4.319000,changed
2025-04-17 16:20:00+00:00,2026-10-05T03:31:19Z,4.304000,4.344000,4.304000,4.327000,4.317000,4.344000,4.307000,4.327000,changed
2025-04-17 17:20:00+00:00,2026-10-05T03:31:19Z,4.325000,4.344000,4.321000,4.333000,4.327000,4.336000,4.321000,4.333000,changed
2025-04-17 18:20:00+00:00,2026-10-05T03:31:19Z,4.333000,4.336000,4.327000,4.333000,4.327000,4.336000,4.327000,4.333000,changed
2025-04-21 13:20:00+00:00,2026-10-05T03:31:19Z,4.399000,4.401000,4.350000,4.350000,4.391000,4.391000,4.350000,4.350000,changed
2025-04-21 14:20:00+00:00,2026-10-05T03:31:19Z,4.381000,4.381000,4.333000,4.374000,4.362000,4.374000,4.333000,4.374000,changed
2025-04-21 15:20:00+00:00,2026-10-05T03:31:19Z,4.336000,4.377000,4.335000,4.368000,4.360000,4.377000,4.354000,4.368000,changed
2025-04-21 16:20:00+00:00,2026-10-05T03:31:19Z,4.362000,4.403000,4.360000,4.403000,4.370000,4.403000,4.362000,4.403000,changed
2025-04-21 17:20:00+00:00,2026-10-05T03:31:19Z,4.377000,4.407000,4.377000,4.391000,4.387000,4.407000,4.383000,4.391000,changed
2025-04-21 18:20:00+00:00,2026-10-05T03:31:19Z,4.401000,4.407000,4.387000,4.405000,4.401000,4.405000,4.387000,4.405000,changed
2025-04-28 13:20:00+00:00,2026-10-05T03:31:19Z,4.278000,4.295000,4.251000,4.253000,4.291000,4.293000,4.251000,4.253000,changed
2025-04-28 14:20:00+00:00,2026-10-05T03:31:19Z,4.280000,4.284000,4.229000,4.237000,4.268000,4.270000,4.229000,4.237000,changed
2025-04-28 15:20:00+00:00,2026-10-05T03:31:19Z,4.256000,4.256000,4.229000,4.235000,4.237000,4.243000,4.229000,4.235000,changed
2025-04-28 16:20:00+00:00,2026-10-05T03:31:19Z,4.239000,4.243000,4.216000,4.222000,4.237000,4.239000,4.216000,4.222000,changed
2025-04-28 17:20:00+00:00,2026-10-05T03:31:19Z,4.235000,4.239000,4.216000,4.229000,4.220000,4.229000,4.216000,4.229000,changed
2025-04-28 18:20:00+00:00,2026-10-05T03:31:19Z,4.222000,4.229000,4.214000,4.216000,4.229000,4.229000,4.214000,4.216000,changed
2025-04-01 15:20:00+00:00,2026-10-05T03:49:21Z,4.171000,4.173000,4.146000,4.169000,4.165000,4.173000,4.146000,4.169000,changed
2025-04-02 13:20:00+00:00,2026-10-05T03:49:21Z,4.127000,4.152000,4.110000,4.150000,4.129000,4.152000,4.110000,4.150000,changed
2025-04-02 14:20:00+00:00,2026-10-05T03:49:21Z,4.112000,4.167000,4.112000,4.161000,4.140000,4.167000,4.133000,4.161000,changed
2025-04-02 15:20:00+00:00,2026-10-05T03:49:21Z,4.150000,4.199000,4.142000,4.199000,4.165000,4.199000,4.157000,4.199000,changed
2025-04-02 16:20:00+00:00,2026-10-05T03:49:21Z,4.186000,4.226000,4.175000,4.218000,4.188000,4.226000,4.184000,4.218000,changed
2025-04-02 17:20:00+00:00,2026-10-05T03:49:21Z,4.211000,4.226000,4.203000,4.205000,4.217000,4.222000,4.203000,4.205000,changed
2025-04-02 18:20:00+00:00,2026-10-05T03:49:21Z,4.220000,4.220000,4.196000,4.196000,4.211000,4.213000,4.196000,4.196000,changed
2025-04-03 13:20:00+00:00,2026-10-05T03:49:21Z,4.021000,4.047000,4.004000,4.034000,4.063000,4.063000,4.004000,4.034000,changed
2025-04-03 14:20:00+00:00,2026-10-05T03:49:21Z,4.019000,4.044000,4.004000,4.032000,4.032000,4.047000,4.004000,4.032000,changed
2025-04-03 15:20:00+00:00,2026-10-05T03:49:21Z,4.014000,4.068000,4.008000,4.068000,4.030000,4.068000,4.008000,4.068000,changed
2025-04-03 16:20:00+00:00,2026-10-05T03:49:21Z,4.055000,4.068000,4.044000,4.044000,4.034000,4.068000,4.029000,4.044000,changed
2025-04-03 17:20:00+00:00,2026-10-05T03:49:21Z,4.049000,4.055000,4.032000,4.040000,4.066000,4.068000,4.032000,4.040000,changed
2025-04-03 18:20:00+00:00,2026-10-05T03:49:21Z,4.036000,4.059000,4.032000,4.055000,4.042000,4.059000,4.032000,4.055000,changed
2025-04-04 15:20:00+00:00,2026-10-05T03:49:21Z,3.912000,3.972000,3.912000,3.934000,3.916000,3.972000,3.910000,3.934000,changed
2025-04-07 13:20:00+00:00,2026-10-05T03:49:21Z,4.058000,4.210000,4.011000,4.140000,4.011000,4.210000,4.011000,4.140000,changed
2025-04-07 14:20:00+00:00,2026-10-05T03:49:21Z,4.066000,4.210000,4.062000,4.096000,4.032000,4.210000,4.011000,4.096000,changed
2025-04-07 15:20:00+00:00,2026-10-05T03:49:21Z,4.123000,4.142000,4.066000,4.128000,4.107000,4.145000,4.066000,4.128000,changed
2025-04-07 16:20:00+00:00,2026-10-05T03:49:21Z,4.128000,4.172000,4.113000,4.172000,4.096000,4.172000,4.096000,4.172000,changed
2025-04-07 17:20:00+00:00,2026-10-05T03:49:21Z,4.140000,4.197000,4.134000,4.163000,4.142000,4.197000,4.134000,4.163000,changed
2025-04-07 18:20:00+00:00,2026-10-05T03:49:21Z,4.164000,4.170000,4.140000,4.155000,4.176000,4.197000,4.140000,4.155000,changed
2025-04-10 15:20:00+00:00,2026-10-05T03:49:21Z,4.330000,4.382000,4.330000,4.368000,4.330000,4.382000,4.326000,4.368000,changed
2025-04-14 13:20:00+00:00,2026-10-05T03:49:21Z,4.436000,4.440000,4.392000,4.417000,4.452000,4.452000,4.392000,4.417000,changed
2025-04-14 14:20:00+00:00,2026-10-05T03:49:21Z,4.415000,4.438000,4.397000,4.409000,4.415000,4.438000,4.392000,4.409000,changed
2025-04-14 15:20:00+00:00,2026-10-05T03:49:21Z,4.436000,4.436000,4.397000,4.419000,4.407000,4.438000,4.397000,4.419000,changed
2025-04-14 16:20:00+00:00,2026-10-05T03:49:21Z,4.409000,4.427000,4.403000,4.405000,4.405000,4.427000,4.401000,4.405000,changed
2025-04-14 17:20:00+00:00,2026-10-05T03:49:21Z,4.425000,4.425000,4.372000,4.372000,4.423000,4.427000,4.372000,4.372000,changed
2025-04-14 18:20:00+00:00,2026-10-05T03:49:21Z,4.382000,4.386000,4.360000,4.364000,4.395000,4.395000,4.360000,4.364000,changed
2025-04-16 14:20:00+00:00,2026-10-05T03:49:21Z,4.325000,4.352000,4.323000,4.323000,4.325000,4.352000,4.321000,4.323000,changed
2025-04-17 13:20:00+00:00,2026-10-05T03:49:21Z,4.286000,4.304000,4.278000,4.300000,4.298000,4.304000,4.278000,4.300000,changed
2025-04-17 14:20:00+00:00,2026-10-05T03:49:21Z,4.294000,4.304000,4.286000,4.304000,4.298000,4.304000,4.282000,4.304000,changed
2025-04-17 15:20:00+00:00,2026-10-05T03:49:21Z,4.290000,4.329000,4.290000,4.319000,4.290000,4.329000,4.288000,4.319000,changed
2025-04-17 16:20:00+00:00,2026-10-05T03:49:21Z,4.317000,4.344000,4.307000,4.327000,4.304000,4.344000,4.304000,4.327000,changed
2025-04-17 17:20:00+00:00,2026-10-05T03:49:21Z,4.327000,4.336000,4.321000,4.333000,4.325000,4.344000,4.321000,4.333000,changed
2025-04-17 18:20:00+00:00,2026-10-05T03:49:21Z,4.327000,4.336000,4.327000,4.333000,4.333000,4.336000,4.327000,4.333000,changed
2025-04-21 13:20:00+00:00,2026-10-05T03:49:21Z,4.391000,4.391000,4.350000,4.350000,4.399000,4.401000,4.350000,4.350000,changed
2025-04-21 14:20:00+00:00,2026-10-05T03:49:21Z,4.362000,4.374000,4.333000,4.374000,4.381000,4.381000,4.333000,4.374000,changed
2025-04-21 15:20:00+00:00,2026-10-05T03:49:21Z,4.360000,4.377000,4.354000,4.368000,4.336000,4.377000,4.335000,4.368000,changed
2025-04-21 16:20:00+00:00,2026-10-05T03:49:21Z,4.370000,4.403000,4.362000,4.403000,4.362000,4.403000,4.360000,4.403000,changed
2025-04-21 17:20:00+00:00,2026-10-05T03:49:21Z,4.387000,4.407000,4.383000,4.391000,4.377000,4.407000,4.377000,4.391000,changed
2025-04-21 18:20:00+00:00,2026-10-05T03:49:21Z,4.401000,4.405000,4.387000,4.405000,4.401000,4.407000,4.387000,4.405000,changed
2025-04-28 13:20:00+00:00,2026-10-05T03:49:21Z,4.291000,4.293000,4.251000,4.253000,4.278000,4.295000,4.251000,4.253000,changed
2025-04-28 14:20:00+00:00,2026-10-05T03:49:21Z,4.268000,4.270000,4.229000,4.237000,4.280000,4.284000,4.229000,4.237000,changed
2025-04-28 15:20:00+00:00,2026-10-05T03:49:21Z,4.237000,4.243000,4.229000,4.235000,4.256000,4.256000,4.229000,4.235000,changed
2025-04-28 16:20:00+00:00,2026-10-05T03:49:21Z,4.237000,4.239000,4.216000,4.222000,4.239000,4.243000,4.216000,4.222000,changed
2025-04-28 17:20:00+00:00,2026-10-05T03:49:21Z,4.220000,4.229000,4.216000,4.229000,4.235000,4.239000,4.216000,4.229000,changed
2025-04-28 18:20:00+00:00,2026-10-05T03:49:21Z,4.229000,4.229000,4.214000,4.216000,4.222000,4.229000,4.214000,4.216000,changed
2025-04-01 15:20:00+00:00,2026-10-05T04:32:12Z,4.165000,4.173000,4.146000,4.169000,4.171000,4.173000,4.146000,4.169000,changed
2025-04-02 13:20:00+00:00,2026-10-05T04:32:12Z,4.129000,4.152000,4.110000,4.150000,4.127000,4.152000,4.110000,4.150000,changed
2025-04-02 14:20:00+00:00,2026-10-05T04:32:12Z,4.140000,4.167000,4.133000,4.161000,4.112000,4.167000,4.112000,4.161000,changed
2025-04-02 15:20:00+00:00,2026-10-05T04:32:12Z,4.165000,4.199000,4.157000,4.199000,4.150000,4.199000,4.142000,4.199000,changed
2025-04-02 16:20:00+00:00,2026-10-05T04:32:12Z,4.188000,4.226000,4.184000,4.218000,4.186000,4.226000,4.175000,4.218000,changed
2025-04-02 17:20:00+00:00,2026-10-05T04:32:12Z,4.217000,4.222000,4.203000,4.205000,4.211000,4.226000,4.203000,4.205000,changed
2025-04-02 18:20:00+00:00,2026-10-05T04:32:12Z,4.211000,4.213000,4.196000,4.196000,4.220000,4.220000,4.196000,4.196000,changed
2025-04-03 13:20:00+00:00,2026-10-05T04:32:12Z,4.063000,4.063000,4.004000,4.034000,4.021000,4.047000,4.004000,4.034000,changed
2025-04-03 14:20:00+00:00,2026-10-05T04:32:12Z,4.032000,4.047000,4.004000,4.032000,4.019000,4.044000,4.004000,4.032000,changed
2025-04-03 15:20:00+00:00,2026-10-05T04:32:12Z,4.030000,4.068000,4.008000,4.068000,4.014000,4.068000,4.008000,4.068000,changed
2025-04-03 16:20:00+00:00,2026-10-05T04:32:12Z,4.034000,4.068000,4.029000,4.044000,4.055000,4.068000,4.044000,4.044000,changed
2025-04-03 17:20:00+00:00,2026-10-05T04:32:12Z,4.066000,4.068000,4.032000,4.040000,4.049000,4.055000,4.032000,4.040000,changed
2025-04-03 18:20:00+00:00,2026-10-05T04:32:12Z,4.042000,4.059000,4.032000,4.055000,4.036000,4.059000,4.032000,4.055000,changed
2025-04-04 15:20:00+00:00,2026-10-05T04:32:12Z,3.916000,3.972000,3.910000,3.934000,3.912000,3.972000,3.912000,3.934000,changed
2025-04-07 13:20:00+00:00,2026-10-05T04:32:12Z,4.011000,4.210000,4.011000,4.140000,4.058000,4.210000,4.011000,4.140000,changed
2025-04-07 14:20:00+00:00,2026-10-05T04:32:12Z,4.032000,4.210000,4.011000,4.096000,4.066000,4.210000,4.062000,4.096000,changed
2025-04-07 15:20:00+00:00,2026-10-05T04:32:12Z,4.107000,4.145000,4.066000,4.128000,4.123000,4.142000,4.066000,4.128000,changed
2025-04-07 16:20:00+00:00,2026-10-05T04:32:12Z,4.096000,4.172000,4.096000,4.172000,4.128000,4.172000,4.113000,4.172000,changed
2025-04-07 17:20:00+00:00,2026-10-05T04:32:12Z,4.142000,4.197000,4.134000,4.163000,4.140000,4.197000,4.134000,4.163000,changed
2025-04-07 18:20:00+00:00,2026-10-05T04:32:12Z,4.176000,4.197000,4.140000,4.155000,4.164000,4.170000,4.140000,4.155000,changed
2025-04-10 15:20:00+00:00,2026-10-05T04:32:12Z,4.330000,4.382000,4.326000,4.368000,4.330000,4.382000,4.330000,4.368000,changed
2025-04-14 13:20:00+00:00,2026-10-05T04:32:12Z,4.452000,4.452000,4.392000,4.417000,4.436000,4.440000,4.392000,4.417000,changed
2025-04-14 14:20:00+00:00,2026-10-05T04:32:12Z,4.415000,4.438000,4.392000,4.409000,4.415000,4.438000,4.397000,4.409000,changed
2025-04-14 15:20:00+00:00,2026-10-05T04:32:12Z,4.407000,4.438000,4.397000,4.419000,4.436000,4.436000,4.397000,4.419000,changed
2025-04-14 16:20:00+00:00,2026-10-05T04:32:12Z,4.405000,4.427000,4.401000,4.405000,4.409000,4.427000,4.403000,4.405000,changed
2025-04-14 17:20:00+00:00,2026-10-05T04:32:12Z,4.423000,4.427000,4.372000,4.372000,4.425000,4.425000,4.372000,4.372000,changed
2025-04-14 18:20:00+00:00,2026-10-05T04:32:12Z,4.395000,4.395000,4.360000,4.364000,4.382000,4.386000,4.360000,4.364000,changed
2025-04-16 14:20:00+00:00,2026-10-05T04:32:12Z,4.325000,4.352000,4.321000,4.323000,4.325000,4.352000,4.323000,4.323000,changed
2025-04-17 13:20:00+00:00,2026-10-05T04:32:12Z,4.298000,4.304000,4.278000,4.300000,4.286000,4.304000,4.278000,4.300000,changed
2025-04-17 14:20:00+00:00,2026-10-05T04:32:12Z,4.298000,4.304000,4.282000,4.304000,4.294000,4.304000,4.286000,4.304000,changed
2025-04-17 15:20:00+00:00,2026-10-05T04:32:12Z,4.290000,4.329000,4.288000,4.319000,4.290000,4.329000,4.290000,4.319000,changed
2025-04-17 16:20:00+00:00,2026-10-05T04:32:12Z,4.304000,4.344000,4.304000,4.327000,4.317000,4.344000,4.307000,4.327000,changed
2025-04-17 17:20:00+00:00,2026-10-05T04:32:12Z,4.325000,4.344000,4.321000,4.333000,4.327000,4.336000,4.321000,4.333000,changed
2025-04-17 18:20:00+00:00,2026-10-05T04:32:12Z,4.333000,4.336000,4.327000,4.333000,4.327000,4.336000,4.327000,4.333000,changed
2025-04-21 13:20:00+00:00,2026-10-05T04:32:12Z,4.399000,4.401000,4.350000,4.350000,4.391000,4.391000,4.350000,4.350000,changed
2025-04-21 14:20:00+00:00,2026-10-05T04:32:12Z,4.381000,4.381000,4.333000,4.374000,4.362000,4.374000,4.333000,4.374000,changed
2025-04-21 15:20:00+00:00,2026-10-05T04:32:12Z,4.336000,4.377000,4.335000,4.368000,4.360000,4.377000,4.354000,4.368000,changed
2025-04-21 16:20:00+00:00,2026-10-05T04:32:12Z,4.362000,4.403000,4.360000,4.403000,4.370000,4.403000,4.362000,4.403000,changed
2025-04-21 17:20:00+00:00,2026-10-05T04:32:12Z,4.377000,4.407000,4.377000,4.391000,4.387000,4.407000,4.383000,4.391000,changed
2025-04-21 18:20:00+00:00,2026-10-05T04:32:12Z,4.401000,4.407000,4.387000,4.405000,4.401000,4.405000,4.387000,4.405000,changed
2025-04-28 13:20:00+00:00,2026-10-05T04:32:12Z,4.278000,4.295000,4.251000,4.253000,4.291000,4.293000,4.251000,4.253000,changed
2025-04-28 14:20:00+00:00,2026-10-05T04:32:12Z,4.280000,4.284000,4.229000,4.237000,4.268000,4.270000,4.229000,4.237000,changed
2025-04-28 15:20:00+00:00,2026-10-05T04:32:12Z,4.256000,4.256000,4.229000,4.235000,4.237000,4.243000,4.229000,4.235000,changed
2025-04-28 16:20:00+00:00,2026-10-05T04:32:12Z,4.239000,4.243000,4.216000,4.222000,4.237000,4.239000,4.216000,4.222000,changed
2025-04-28 17:20:00+00:00,2026-10-05T04:32:12Z,4.235000,4.239000,4.216000,4.229000,4.220000,4.229000,4.216000,4.229000,changed
2025-04-28 18:20:00+00:00,2026-10-05T04:32:12Z,4.222000,4.229000,4.214000,4.216000,4.229000,4.229000,4.214000,4.216000,changed
2025-04-01 15:20:00+00:00,2026-10-05T05:08:34Z,4.171000,4.173000,4.146000,4.169000,4.165000,4.173000,4.146000,4.169000,changed
2025-04-02 13:20:00+00:00,2026-10-05T05:08:34Z,4.127000,4.152000,4.110000,4.150000,4.129000,4.152000,4.110000,4.150000,changed
2025-04-02 14:20:00+00:00,2026-10-05T05:08:34Z,4.112000,4.167000,4.112000,4.161000,4.140000,4.167000,4.133000,4.161000,changed
2025-04-02 15:20:00+00:00,2026-10-05T05:08:34Z,4.150000,4.199000,4.142000,4.199000,4.165000,4.199000,4.157000,4.199000,changed
2025-04-02 16:20:00+00:00,2026-10-05T05:08:34Z,4.186000,4.226000,4.175000,4.218000,4.188000,4.226000,4.184000,4.218000,changed
2025-04-02 17:20:00+00:00,2026-10-05T05:08:34Z,4.211000,4.226000,4.203000,4.205000,4.217000,4.222000,4.203000,4.205000,changed
2025-04-02 18:20:00+00:00,2026-10-05T05:08:34Z,4.220000,4.220000,4.196000,4.196000,4.211000,4.213000,4.196000,4.196000,changed
2025-04-03 13:20:00+00:00,2026-10-05T05:08:34Z,4.021000,4.047000,4.004000,4.034000,4.063000,4.063000,4.004000,4.034000,changed
2025-04-03 14:20:00+00:00,2026-10-05T05:08:34Z,4.019000,4.044000,4.004000,4.032000,4.032000,4.047000,4.004000,4.032000,changed
2025-04-03 15:20:00+00:00,2026-10-05T05:08:34Z,4.014000,4.068000,4.008000,4.068000,4.030000,4.068000,4.008000,4.068000,changed
2025-04-03 16:20:00+00:00,2026-10-05T05:08:34Z,4.055000,4.068000,4.044000,4.044000,4.034000,4.068000,4.029000,4.044000,changed
2025-04-03 17:20:00+00:00,2026-10-05T05:08:34Z,4.049000,4.055000,4.032000,4.040000,4.066000,4.068000,4.032000,4.040000,changed
2025-04-03 18:20:00+00:00,2026-10-05T05:08:34Z,4.036000,4.059000,4.032000,4.055000,4.042000,4.059000,4.032000,4.055000,changed
2025-04-04 15:20:00+00:00,2026-10-05T05:08:34Z,3.912000,3.972000,3.912000,3.934000,3.916000,3.972000,3.910000,3.934000,changed
2025-04-07 13:20:00+00:00,2026-10-05T05:08:34Z,4.058000,4.210000,4.011000,4.140000,4.011000,4.210000,4.011000,4.140000,changed
2025-04-07 14:20:00+00:00,2026-10-05T05:08:34Z,4.066000,4.210000,4.062000,4.096000,4.032000,4.210000,4.011000,4.096000,changed
2025-04-07 15:20:00+00:00,2026-10-05T05:08:34Z,4.123000,4.142000,4.066000,4.128000,4.107000,4.145000,4.066000,4.128000,changed
2025-04-07 16:20:00+00:00,2026-10-05T05:08:34Z,4.128000,4.172000,4.113000,4.172000,4.096000,4.172000,4.096000,4.172000,changed
2025-04-07 17:20:00+00:00,2026-10-05T05:08:34Z,4.140000,4.197000,4.134000,4.163000,4.142000,4.197000,4.134000,4.163000,changed
2025-04-07 18:20:00+00:00,2026-10-05T05:08:34Z,4.164000,4.170000,4.140000,4.155000,4.176000,4.197000,4.140000,4.155000,changed
2025-04-10 15:20:00+00:00,2026-10-05T05:08:34Z,4.330000,4.382000,4.330000,4.368000,4.330000,4.382000,4.326000,4.368000,changed
2025-04-14 13:20:00+00:00,2026-10-05T05:08:34Z,4.436000,4.440000,4.392000,4.417000,4.452000,4.452000,4.392000,4.417000,changed
2025-04-14 14:20:00+00:00,2026-10-05T05:08:34Z,4.415000,4.438000,4.397000,4.409000,4.415000,4.438000,4.392000,4.409000,changed
2025-04-14 15:20:00+00:00,2026-10-05T05:08:34Z,4.436000,4.436000,4.397000,4.419000,4.407000,4.438000,4.397000,4.419000,changed
2025-04-14 16:20:00+00:00,2026-10-05T05:08:34Z,4.409000,4.427000,4.403000,4.405000,4.405000,4.427000,4.401000,4.405000,changed
2025-04-14 17:20:00+00:00,2026-10-05T05:08:34Z,4.425000,4.425000,4.372000,4.372000,4.423000,4.427000,4.372000,4.372000,changed
2025-04-14 18:20:00+00:00,2026-10-05T05:08:34Z,4.382000,4.386000,4.360000,4.364000,4.395000,4.395000,4.360000,4.364000,changed
2025-04-16 14:20:00+00:00,2026-10-05T05:08:34Z,4.325000,4.352000,4.323000,4.323000,4.325000,4.352000,4.321000,4.323000,changed
2025-04-17 13:20:00+00:00,2026-10-05T05:08:34Z,4.286000,4.304000,4.278000,4.300000,4.298000,4.304000,4.278000,4.300000,changed
2025-04-17 14:20:00+00:00,2026-10-05T05:08:34Z,4.294000,4.304000,4.286000,4.304000,4.298000,4.304000,4.282000,4.304000,changed
2025-04-17 15:20:00+00:00,2026-10-05T05:08:34Z,4.290000,4.329000,4.290000,4.319000,4.290000,4.329000,4.288000,4.319000,changed
2025-04-17 16:20:00+00:00,2026-10-05T05:08:34Z,4.317000,4.344000,4.307000,4.327000,4.304000,4.344000,4.304000,4.327000,changed
2025-04-17 17:20:00+00:00,2026-10-05T05:08:34Z,4.327000,4.336000,4.321000,4.333000,4.325000,4.344000,4.321000,4.333000,changed
2025-04-17 18:20:00+00:00,2026-10-05T05:08:34Z,4.327000,4.336000,4.327000,4.333000,4.333000,4.336000,4.327000,4.333000,changed
2025-04-21 13:20:00+00:00,2026-10-05T05:08:34Z,4.391000,4.391000,4.350000,4.350000,4.399000,4.401000,4.350000,4.350000,changed
2025-04-21 14:20:00+00:00,2026-10-05T05:08:34Z,4.362000,4.374000,4.333000,4.374000,4.381000,4.381000,4.333000,4.374000,changed
2025-04-21 15:20:00+00:00,2026-10-05T05:08:34Z,4.360000,4.377000,4.354000,4.368000,4.336000,4.377000,4.335000,4.368000,changed
2025-04-21 16:20:00+00:00,2026-10-05T05:08:34Z,4.370000,4.403000,4.362000,4.403000,4.362000,4.403000,4.360000,4.403000,changed
2025-04-21 17:20:00+00:00,2026-10-05T05:08:34Z,4.387000,4.407000,4.383000,4.391000,4.377000,4.407000,4.377000,4.391000,changed
2025-04-21 18:20:00+00:00,2026-10-05T05:08:34Z,4.401000,4.405000,4.387000,4.405000,4.401000,4.407000,4.387000,4.405000,changed
2025-04-28 13:20:00+00:00,2026-10-05T05:08:34Z,4.291000,4.293000,4.251000,4.253000,4.278000,4.295000,4.251000,4.253000,changed
2025-04-28 14:20:00+00:00,2026-10-05T05:08:34Z,4.268000,4.270000,4.229000,4.237000,4.280000,4.284000,4.229000,4.237000,changed
2025-04-28 15:20:00+00:00,2026-10-05T05:08:34Z,4.237000,4.243000,4.229000,4.235000,4.256000,4.256000,4.229000,4.235000,changed
2025-04-28 16:20:00+00:00,2026-10-05T05:08:34Z,4.237000,4.239000,4.216000,4.222000,4.239000,4.243000,4.216000,4.222000,changed
2025-04-28 17:20:00+00:00,2026-10-05T05:08:34Z,4.220000,4.229000,4.216000,4.229000,4.235000,4.239000,4.216000,4.229000,changed
2025-04-28 18:20:00+00:00,2026-10-05T05:08:34Z,4.229000,4.229000,4.214000,4.216000,4.222000,4.229000,4.214000,4.216000,changed
2025-04-01 15:20:00+00:00,2026-10-05T07:33:41Z,4.165000,4.173000,4.146000,4.169000,4.171000,4.173000,4.146000,4.169000,changed
2025-04-02 13:20:00+00:00,2026-10-05T07:33:41Z,4.129000,4.152000,4.110000,4.150000,4.127000,4.152000,4.110000,4.150000,changed
2025-04-02 14:20:00+00:00,2026-10-05T07:33:41Z,4.140000,4.167000,4.133000,4.161000,4.112000,4.167000,4.112000,4.161000,changed
2025-04-02 15:20:00+00:00,2026-10-05T07:33:41Z,4.165000,4.199000,4.157000,4.199000,4.150000,4.199000,4.142000,4.199000,changed
2025-04-02 16:20:00+00:00,2026-10-05T07:33:41Z,4.188000,4.226000,4.184000,4.218000,4.186000,4.226000,4.175000,4.218000,changed
2025-04-02 17:20:00+00:00,2026-10-05T07:33:41Z,4.217000,4.222000,4.203000,4.205000,4.211000,4.226000,4.203000,4.205000,changed
2025-04-02 18:20:00+00:00,2026-10-05T07:33:41Z,4.211000,4.213000,4.196000,4.196000,4.220000,4.220000,4.196000,4.196000,changed
2025-04-03 13:20:00+00:00,2026-10-05T07:33:41Z,4.063000,4.063000,4.004000,4.034000,4.021000,4.047000,4.004000,4.034000,changed
2025-04-03 14:20:00+00:00,2026-10-05T07:33:41Z,4.032000,4.047000,4.004000,4.032000,4.019000,4.044000,4.004000,4.032000,changed
2025-04-03 15:20:00+00:00,2026-10-05T07:33:41Z,4.030000,4.068000,4.008000,4.068000,4.014000,4.068000,4.008000,4.068000,changed
2025-04-03 16:20:00+00:00,2026-10-05T07:33:41Z,4.034000,4.068000,4.029000,4.044000,4.055000,4.068000,4.044000,4.044000,changed
2025-04-03 17:20:00+00:00,2026-10-05T07:33:41Z,4.066000,4.068000,4.032000,4.040000,4.049000,4.055000,4.032000,4.040000,changed
2025-04-03 18:20:00+00:00,2026-10-05T07:33:41Z,4.042000,4.059000,4.032000,4.055000,4.036000,4.059000,4.032000,4.055000,changed
2025-04-04 15:20:00+00:00,2026-10-05T07:33:41Z,3.916000,3.972000,3.910000,3.934000,3.912000,3.972000,3.912000,3.934000,changed
2025-04-07 13:20:00+00:00,2026-10-05T07:33:41Z,4.011000,4.210000,4.011000,4.140000,4.058000,4.210000,4.011000,4.140000,changed
2025-04-07 14:20:00+00:00,2026-10-05T07:33:41Z,4.032000,4.210000,4.011000,4.096000,4.066000,4.210000,4.062000,4.096000,changed
2025-04-07 15:20:00+00:00,2026-10-05T07:33:41Z,4.107000,4.145000,4.066000,4.128000,4.123000,4.142000,4.066000,4.128000,changed
2025-04-07 16:20:00+00:00,2026-10-05T07:33:41Z,4.096000,4.172000,4.096000,4.172000,4.128000,4.172000,4.113000,4.172000,changed
2025-04-07 17:20:00+00:00,2026-10-05T07:33:41Z,4.142000,4.197000,4.134000,4.163000,4.140000,4.197000,4.134000,4.163000,changed
2025-04-07 18:20:00+00:00,2026-10-05T07:33:41Z,4.176000,4.197000,4.140000,4.155000,4.164000,4.170000,4.140000,4.155000,changed
2025-04-10 15:20:00+00:00,2026-10-05T07:33:41Z,4.330000,4.382000,4.326000,4.368000,4.330000,4.382000,4.330000,4.368000,changed
2025-04-14 13:20:00+00:00,2026-10-05T07:33:41Z,4.452000,4.452000,4.392000,4.417000,4.436000,4.440000,4.392000,4.417000,changed
2025-04-14 14:20:00+00:00,2026-10-05T07:33:41Z,4.415000,4.438000,4.392000,4.409000,4.415000,4.438000,4.397000,4.409000,changed
2025-04-14 15:20:00+00:00,2026-10-05T07:33:41Z,4.407000,4.438000,4.397000,4.419000,4.436000,4.436000,4.397000,4.419000,changed
2025-04-14 16:20:00+00:00,2026-10-05T07:33:41Z,4.405000,4.427000,4.401000,4.405000,4.409000,4.427000,4.403000,4.405000,changed
2025-04-14 17:20:00+00:00,2026-10-05T07:33:41Z,4.423000,4.427000,4.372000,4.372000,4.425000,4.425000,4.372000,4.372000,changed
2025-04-14 18:20:00+00:00,2026-10-05T07:33:41Z,4.395000,4.395000,4.360000,4.364000,4.382000,4.386000,4.360000,4.364000,changed
2025-04-16 14:20:00+00:00,2026-10-05T07:33:41Z,4.325000,4.352000,4.321000,4.323000,4.325000,4.352000,4.323000,4.323000,changed
2025-04-17 13:20:00+00:00,2026-10-05T07:33:41Z,4.298000,4.304000,4.278000,4.300000,4.286000,4.304000,4.278000,4.300000,changed
2025-04-17 14:20:00+00:00,2026-10-05T07:33:41Z,4.298000,4.304000,4.282000,4.304000,4.294000,4.304000,4.286000,4.304000,changed
2025-04-17 15:20:00+00:00,2026-10-05T07:33:41Z,4.290000,4.329000,4.288000,4.319000,4.290000,4.329000,4.290000,4.319000,changed
2025-04-17 16:20:00+00:00,2026-10-05T07:33:41Z,4.304000,4.344000,4.304000,4.327000,4.317000,4.344000,4.307000,4.327000,changed
2025-04-17 17:20:00+00:00,2026-10-05T07:33:41Z,4.325000,4.344000,4.321000,4.333000,4.327000,4.336000,4.321000,4.333000,changed
2025-04-17 18:20:00+00:00,2026-10-05T07:33:41Z,4.333000,4.336000,4.327000,4.333000,4.327000,4.336000,4.327000,4.333000,changed
2025-04-21 13:20:00+00:00,2026-10-05T07:33:41Z,4.399000,4.401000,4.350000,4.350000,4.391000,4.391000,4.350000,4.350000,changed
2025-04-21 14:20:00+00:00,2026-10-05T07:33:41Z,4.381000,4.381000,4.333000,4.374000,4.362000,4.374000,4.333000,4.374000,changed
2025-04-21 15:20:00+00:00,2026-10-05T07:33:41Z,4.336000,4.377000,4.335000,4.368000,4.360000,4.377000,4.354000,4.368000,changed
2025-04-21 16:20:00+00:00,2026-10-05T07:33:41Z,4.362000,4.403000,4.360000,4.403000,4.370000,4.403000,4.362000,4.403000,changed
2025-04-21 17:20:00+00:00,2026-10-05T07:33:41Z,4.377000,4.407000,4.377000,4.391000,4.387000,4.407000,4.383000,4.391000,changed
2025-04-21 18:20:00+00:00,2026-10-05T07:33:41Z,4.401000,4.407000,4.387000,4.405000,4.401000,4.405000,4.387000,4.405000,changed
2025-04-28 13:20:00+00:00,2026-10-05T07:33:41Z,4.278000,4.295000,4.251000,4.253000,4.291000,4.293000,4.251000,4.253000,changed
2025-04-28 14:20:00+00:00,2026-10-05T07:33:41Z,4.280000,4.284000,4.229000,4.237000,4.268000,4.270000,4.229000,4.237000,changed
2025-04-28 15:20:00+00:00,2026-10-05T07:33:41Z,4.256000,4.256000,4.229000,4.235000,4.237000,4.243000,4.229000,4.235000,changed
2025-04-28 16:20:00+00:00,2026-10-05T07:33:41Z,4.239000,4.243000,4.216000,4.222000,4.237000,4.239000,4.216000,4.222000,changed
2025-04-28 17:20:00+00:00,2026-10-05T07:33:41Z,4.235000,4.239000,4.216000,4.229000,4.220000,4.229000,4.216000,4.229000,changed
2025-04-28 18:20:00+00:00,2026-10-05T07:33:41Z,4.222000,4.229000,4.214000,4.216000,4.229000,4.229000,4.214000,4.216000,changed
2025-04-01 15:20:00+00:00,2026-10-05T08:34:57Z,4.171000,4.173000,4.146000,4.169000,4.165000,4.173000,4.146000,4.169000,changed
2025-04-02 13:20:00+00:00,2026-10-05T08:34:57Z,4.127000,4.152000,4.110000,4.150000,4.129000,4.152000,4.110000,4.150000,changed
2025-04-02 14:20:00+00:00,2026-10-05T08:34:57Z,4.112000,4.167000,4.112000,4.161000,4.140000,4.167000,4.133000,4.161000,changed
2025-04-02 15:20:00+00:00,2026-10-05T08:34:57Z,4.150000,4.199000,4.142000,4.199000,4.165000,4.199000,4.157000,4.199000,changed
2025-04-02 16:20:00+00:00,2026-10-05T08:34:57Z,4.186000,4.226000,4.175000,4.218000,4.188000,4.226000,4.184000,4.218000,changed
2025-04-02 17:20:00+00:00,2026-10-05T08:34:57Z,4.211000,4.226000,4.203000,4.205000,4.217000,4.222000,4.203000,4.205000,changed
2025-04-02 18:20:00+00:00,2026-10-05T08:34:57Z,4.220000,4.220000,4.196000,4.196000,4.211000,4.213000,4.196000,4.196000,changed
2025-04-03 13:20:00+00:00,2026-10-05T08:34:57Z,4.021000,4.047000,4.004000,4.034000,4.063000,4.063000,4.004000,4.034000,changed
2025-04-03 14:20:00+00:00,2026-10-05T08:34:57Z,4.019000,4.044000,4.004000,4.032000,4.032000,4.047000,4.004000,4.032000,changed
2025-04-03 15:20:00+00:00,2026-10-05T08:34:57Z,4.014000,4.068000,4.008000,4.068000,4.030000,4.068000,4.008000,4.068000,changed
2025-04-03 16:20:00+00:00,2026-10-05T08:34:57Z,4.055000,4.068000,4.044000,4.044000,4.034000,4.068000,4.029000,4.044000,changed
2025-04-03 17:20:00+00:00,2026-10-05T08:34:57Z,4.049000,4.055000,4.032000,4.040000,4.066000,4.068000,4.032000,4.040000,changed
2025-04-03 18:20:00+00:00,2026-10-05T08:34:57Z,4.036000,4.059000,4.032000,4.055000,4.042000,4.059000,4.032000,4.055000,changed
2025-04-04 15:20:00+00:00,2026-10-05T08:34:57Z,3.912000,3.972000,3.912000,3.934000,3.916000,3.972000,3.910000,3.934000,changed
2025-04-07 13:20:00+00:00,2026-10-05T08:34:57Z,4.058000,4.210000,4.011000,4.140000,4.011000,4.210000,4.011000,4.140000,changed
2025-04-07 14:20:00+00:00,2026-10-05T08:34:57Z,4.066000,4.210000,4.062000,4.096000,4.032000,4.210000,4.011000,4.096000,changed
2025-04-07 15:20:00+00:00,2026-10-05T08:34:57Z,4.123000,4.142000,4.066000,4.128000,4.107000,4.145000,4.066000,4.128000,changed
2025-04-07 16:20:00+00:00,2026-10-05T08:34:57Z,4.128000,4.172000,4.113000,4.172000,4.096000,4.172000,4.096000,4.172000,changed
2025-04-07 17:20:00+00:00,2026-10-05T08:34:57Z,4.140000,4.197000,4.134000,4.163000,4.142000,4.197000,4.134000,4.163000,changed
2025-04-07 18:20:00+00:00,2026-10-05T08:34:57Z,4.164000,4.170000,4.140000,4.155000,4.176000,4.197000,4.140000,4.155000,changed
2025-04-10 15:20:00+00:00,2026-10-05T08:34:57Z,4.330000,4.382000,4.330000,4.368000,4.330000,4.382000,4.326000,4.368000,changed
2025-04-14 13:20:00+00:00,2026-10-05T08:34:57Z,4.436000,4.440000,4.392000,4.417000,4.452000,4.452000,4.392000,4.417000,changed
2025-04-14 14:20:00+00:00,2026-10-05T08:34:57Z,4.415000,4.438000,4.397000,4.409000,4.415000,4.438000,4.392000,4.409000,changed
2025-04-14 15:20:00+00:00,2026-10-05T08:34:57Z,4.436000,4.436000,4.397000,4.419000,4.407000,4.438000,4.397000,4.419000,changed
2025-04-14 16:20:00+00:00,2026-10-05T08:34:57Z,4.409000,4.427000,4.403000,4.405000,4.405000,4.427000,4.401000,4.405000,changed
2025-04-14 17:20:00+00:00,2026-10-05T08:34:57Z,4.425000,4.425000,4.372000,4.372000,4.423000,4.427000,4.372000,4.372000,changed
2025-04-14 18:20:00+00:00,2026-10-05T08:34:57Z,4.382000,4.386000,4.360000,4.364000,4.395000,4.395000,4.360000,4.364000,changed
2025-04-16 14:20:00+00:00,2026-10-05T08:34:57Z,4.325000,4.352000,4.323000,4.323000,4.325000,4.352000,4.321000,4.323000,changed
2025-04-17 13:20:00+00:00,2026-10-05T08:34:57Z,4.286000,4.304000,4.278000,4.300000,4.298000,4.304000,4.278000,4.300000,changed
2025-04-17 14:20:00+00:00,2026-10-05T08:34:57Z,4.294000,4.304000,4.286000,4.304000,4.298000,4.304000,4.282000,4.304000,changed
2025-04-17 15:20:00+00:00,2026-10-05T08:34:57Z,4.290000,4.329000,4.290000,4.319000,4.290000,4.329000,4.288000,4.319000,changed
2025-04-17 16:20:00+00:00,2026-10-05T08:34:57Z,4.317000,4.344000,4.307000,4.327000,4.304000,4.344000,4.304000,4.327000,changed
2025-04-17 17:20:00+00:00,2026-10-05T08:34:57Z,4.327000,4.336000,4.321000,4.333000,4.325000,4.344000,4.321000,4.333000,changed
2025-04-17 18:20:00+00:00,2026-10-05T08:34:57Z,4.327000,4.336000,4.327000,4.333000,4.333000,4.336000,4.327000,4.333000,changed
2025-04-21 13:20:00+00:00,2026-10-05T08:34:57Z,4.391000,4.391000,4.350000,4.350000,4.399000,4.401000,4.350000,4.350000,changed
2025-04-21 14:20:00+00:00,2026-10-05T08:34:57Z,4.362000,4.374000,4.333000,4.374000,4.381000,4.381000,4.333000,4.374000,changed
2025-04-21 15:20:00+00:00,2026-10-05T08:34:57Z,4.360000,4.377000,4.354000,4.368000,4.336000,4.377000,4.335000,4.368000,changed
2025-04-21 16:20:00+00:00,2026-10-05T08:34:57Z,4.370000,4.403000,4.362000,4.403000,4.362000,4.403000,4.360000,4.403000,changed
2025-04-21 17:20:00+00:00,2026-10-05T08:34:57Z,4.387000,4.407000,4.383000,4.391000,4.377000,4.407000,4.377000,4.391000,changed
2025-04-21 18:20:00+00:00,2026-10-05T08:34:57Z,4.401000,4.405000,4.387000,4.405000,4.401000,4.407000,4.387000,4.405000,changed
2025-04-28 13:20:00+00:00,2026-10-05T08:34:57Z,4.291000,4.293000,4.251000,4.253000,4.278000,4.295000,4.251000,4.253000,changed
2025-04-28 14:20:00+00:00,2026-10-05T08:34:57Z,4.268000,4.270000,4.229000,4.237000,4.280000,4.284000,4.229000,4.237000,changed
2025-04-28 15:20:00+00:00,2026-10-05T08:34:57Z,4.237000,4.243000,4.229000,4.235000,4.256000,4.256000,4.229000,4.235000,changed
2025-04-28 16:20:00+00:00,2026-10-05T08:34:57Z,4.237000,4.239000,4.216000,4.222000,4.239000,4.243000,4.216000,4.222000,changed
2025-04-28 17:20:00+00:00,2026-10-05T08:34:57Z,4.220000,4.229000,4.216000,4.229000,4.235000,4.239000,4.216000,4.229000,changed
2025-04-28 18:20:00+00:00,2026-10-05T08:34:57Z,4.229000,4.229000,4.214000,4.216000,4.222000,4.229000,4.214000,4.216000,changed
2025-04-01 15:20:00+00:00,2026-10-05T08:52:24Z,4.165000,4.173000,4.146000,4.169000,4.171000,4.173000,4.146000,4.169000,changed
2025-04-02 13:20:00+00:00,2026-10-05T08:52:24Z,4.129000,4.152000,4.110000,4.150000,4.127000,4.152000,4.110000,4.150000,changed
2025-04-02 14:20:00+00:00,2026-10-05T08:52:24Z,4.140000,4.167000,4.133000,4.161000,4.112000,4.167000,4.112000,4.161000,changed
2025-04-02 15:20:00+00:00,2026-10-05T08:52:24Z,4.165000,4.199000,4.157000,4.199000,4.150000,4.199000,4.142000,4.199000,changed
2025-04-02 16:20:00+00:00,2026-10-05T08:52:24Z,4.188000,4.226000,4.184000,4.218000,4.186000,4.226000,4.175000,4.218000,changed
2025-04-02 17:20:00+00:00,2026-10-05T08:52:24Z,4.217000,4.222000,4.203000,4.205000,4.211000,4.226000,4.203000,4.205000,changed
2025-04-02 18:20:00+00:00,2026-10-05T08:52:24Z,4.211000,4.213000,4.196000,4.196000,4.220000,4.220000,4.196000,4.196000,changed
2025-04-03 13:20:00+00:00,2026-10-05T08:52:24Z,4.063000,4.063000,4.004000,4.034000,4.021000,4.047000,4.004000,4.034000,changed
2025-04-03 14:20:00+00:00,2026-10-05T08:52:24Z,4.032000,4.047000,4.004000,4.032000,4.019000,4.044000,4.004000,4.032000,changed
2025-04-03 15:20:00+00:00,2026-10-05T08:52:24Z,4.030000,4.068000,4.008000,4.068000,4.014000,4.068000,4.008000,4.068000,changed
2025-04-03 16:20:00+00:00,2026-10-05T08:52:24Z,4.034000,4.068000,4.029000,4.044000,4.055000,4.068000,4.044000,4.044000,changed
2025-04-03 17:20:00+00:00,2026-10-05T08:52:24Z,4.066000,4.068000,4.032000,4.040000,4.049000,4.055000,4.032000,4.040000,changed
2025-04-03 18:20:00+00:00,2026-10-05T08:52:24Z,4.042000,4.059000,4.032000,4.055000,4.036000,4.059000,4.032000,4.055000,changed
2025-04-04 15:20:00+00:00,2026-10-05T08:52:24Z,3.916000,3.972000,3.910000,3.934000,3.912000,3.972000,3.912000,3.934000,changed
2025-04-07 13:20:00+00:00,2026-10-05T08:52:24Z,4.011000,4.210000,4.011000,4.140000,4.058000,4.210000,4.011000,4.140000,changed
2025-04-07 14:20:00+00:00,2026-10-05T08:52:24Z,4.032000,4.210000,4.011000,4.096000,4.066000,4.210000,4.062000,4.096000,changed
2025-04-07 15:20:00+00:00,2026-10-05T08:52:24Z,4.107000,4.145000,4.066000,4.128000,4.123000,4.142000,4.066000,4.128000,changed
2025-04-07 16:20:00+00:00,2026-10-05T08:52:24Z,4.096000,4.172000,4.096000,4.172000,4.128000,4.172000,4.113000,4.172000,changed
2025-04-07 17:20:00+00:00,2026-10-05T08:52:24Z,4.142000,4.197000,4.134000,4.163000,4.140000,4.197000,4.134000,4.163000,changed
2025-04-07 18:20:00+00:00,2026-10-05T08:52:24Z,4.176000,4.197000,4.140000,4.155000,4.164000,4.170000,4.140000,4.155000,changed
2025-04-10 15:20:00+00:00,2026-10-05T08:52:24Z,4.330000,4.382000,4.326000,4.368000,4.330000,4.382000,4.330000,4.368000,changed
2025-04-14 13:20:00+00:00,2026-10-05T08:52:24Z,4.452000,4.452000,4.392000,4.417000,4.436000,4.440000,4.392000,4.417000,changed
2025-04-14 14:20:00+00:00,2026-10-05T08:52:24Z,4.415000,4.438000,4.392000,4.409000,4.415000,4.438000,4.397000,4.409000,changed
2025-04-14 15:20:00+00:00,2026-10-05T08:52:24Z,4.407000,4.438000,4.397000,4.419000,4.436000,4.436000,4.397000,4.419000,changed
2025-04-14 16:20:00+00:00,2026-10-05T08:52:24Z,4.405000,4.427000,4.401000,4.405000,4.409000,4.427000,4.403000,4.405000,changed
2025-04-14 17:20:00+00:00,2026-10-05T08:52:24Z,4.423000,4.427000,4.372000,4.372000,4.425000,4.425000,4.372000,4.372000,changed
2025-04-14 18:20:00+00:00,2026-10-05T08:52:24Z,4.395000,4.395000,4.360000,4.364000,4.382000,4.386000,4.360000,4.364000,changed
2025-04-16 14:20:00+00:00,2026-10-05T08:52:24Z,4.325000,4.352000,4.321000,4.323000,4.325000,4.352000,4.323000,4.323000,changed
2025-04-17 13:20:00+00:00,2026-10-05T08:52:24Z,4.298000,4.304000,4.278000,4.300000,4.286000,4.304000,4.278000,4.300000,changed
2025-04-17 14:20:00+00:00,2026-10-05T08:52:24Z,4.298000,4.304000,4.282000,4.304000,4.294000,4.304000,4.286000,4.304000,changed
2025-04-17 15:20:00+00:00,2026-10-05T08:52:24Z,4.290000,4.329000,4.288000,4.319000,4.290000,4.329000,4.290000,4.319000,changed
2025-04-17 16:20:00+00:00,2026-10-05T08:52:24Z,4.304000,4.344000,4.304000,4.327000,4.317000,4.344000,4.307000,4.327000,changed
2025-04-17 17:20:00+00:00,2026-10-05T08:52:24Z,4.325000,4.344000,4.321000,4.333000,4.327000,4.336000,4.321000,4.333000,changed
2025-04-17 18:20:00+00:00,2026-10-05T08:52:24Z,4.333000,4.336000,4.327000,4.333000,4.327000,4.336000,4.327000,4.333000,changed
2025-04-21 13:20:00+00:00,2026-10-05T08:52:24Z,4.399000,4.401000,4.350000,4.350000,4.391000,4.391000,4.350000,4.350000,changed
2025-04-21 14:20:00+00:00,2026-10-05T08:52:24Z,4.381000,4.381000,4.333000,4.374000,4.362000,4.374000,4.333000,4.374000,changed
2025-04-21 15:20:00+00:00,2026-10-05T08:52:24Z,4.336000,4.377000,4.335000,4.368000,4.360000,4.377000,4.354000,4.368000,changed
2025-04-21 16:20:00+00:00,2026-10-05T08:52:24Z,4.362000,4.403000,4.360000,4.403000,4.370000,4.403000,4.362000,4.403000,changed
2025-04-21 17:20:00+00:00,2026-10-05T08:52:24Z,4.377000,4.407000,4.377000,4.391000,4.387000,4.407000,4.383000,4.391000,changed
2025-04-21 18:20:00+00:00,2026-10-05T08:52:24Z,4.401000,4.407000,4.387000,4.405000,4.401000,4.405000,4.387000,4.405000,changed
2025-04-28 13:20:00+00:00,2026-10-05T08:52:24Z,4.278000,4.295000,4.251000,4.253000,4.291000,4.293000,4.251000,4.253000,changed
2025-04-28 14:20:00+00:00,2026-10-05T08:52:24Z,4.280000,4.284000,4.229000,4.237000,4.268000,4.270000,4.229000,4.237000,changed
2025-04-28 15:20:00+00:00,2026-10-05T08:52:24Z,4.256000,4.256000,4.229000,4.235000,4.237000,4.243000,4.229000,4.235000,changed
2025-04-28 16:20:00+00:00,2026-10-05T08:52:24Z,4.239000,4.243000,4.216000,4.222000,4.237000,4.239000,4.216000,4.222000,changed
2025-04-28 17:20:00+00:00,2026-10-05T08:52:24Z,4.235000,4.239000,4.216000,4.229000,4.220000,4.229000,4.216000,4.229000,changed
2025-04-28 18:20:00+00:00,2026-10-05T08:52:24Z,4.222000,4.229000,4.214000,4.216000,4.229000,4.229000,4.214000,4.216000,changed
2025-04-01 15:20:00+00:00,2026-10-05T09:34:31Z,4.171000,4.173000,4.146000,4.169000,4.165000,4.173000,4.146000,4.169000,changed
2025-04-02 13:20:00+00:00,2026-10-05T09:34:31Z,4.127000,4.152000,4.110000,4.150000,4.129000,4.152000,4.110000,4.150000,changed
2025-04-02 14:20:00+00:00,2026-10-05T09:34:31Z,4.112000,4.167000,4.112000,4.161000,4.140000,4.167000,4.133000,4.161000,changed
2025-04-02 15:20:00+00:00,2026-10-05T09:34:31Z,4.150000,4.199000,4.142000,4.199000,4.165000,4.199000,4.157000,4.199000,changed
2025-04-02 16:20:00+00:00,2026-10-05T09:34:31Z,4.186000,4.226000,4.175000,4.218000,4.188000,4.226000,4.184000,4.218000,changed
2025-04-02 17:20:00+00:00,2026-10-05T09:34:31Z,4.211000,4.226000,4.203000,4.205000,4.217000,4.222000,4.203000,4.205000,changed
2025-04-02 18:20:00+00:00,2026-10-05T09:34:31Z,4.220000,4.220000,4.196000,4.196000,4.211000,4.213000,4.196000,4.196000,changed
2025-04-03 13:20:00+00:00,2026-10-05T09:34:31Z,4.021000,4.047000,4.004000,4.034000,4.063000,4.063000,4.004000,4.034000,changed
2025-04-03 14:20:00+00:00,2026-10-05T09:34:31Z,4.019000,4.044000,4.004000,4.032000,4.032000,4.047000,4.004000,4.032000,changed
2025-04-03 15:20:00+00:00,2026-10-05T09:34:31Z,4.014000,4.068000,4.008000,4.068000,4.030000,4.068000,4.008000,4.068000,changed
2025-04-03 16:20:00+00:00,2026-10-05T09:34:31Z,4.055000,4.068000,4.044000,4.044000,4.034000,4.068000,4.029000,4.044000,changed
2025-04-03 17:20:00+00:00,2026-10-05T09:34:31Z,4.049000,4.055000,4.032000,4.040000,4.066000,4.068000,4.032000,4.040000,changed
2025-04-03 18:20:00+00:00,2026-10-05T09:34:31Z,4.036000,4.059000,4.032000,4.055000,4.042000,4.059000,4.032000,4.055000,changed
2025-04-04 15:20:00+00:00,2026-10-05T09:34:31Z,3.912000,3.972000,3.912000,3.934000,3.916000,3.972000,3.910000,3.934000,changed
2025-04-07 13:20:00+00:00,2026-10-05T09:34:31Z,4.058000,4.210000,4.011000,4.140000,4.011000,4.210000,4.011000,4.140000,changed
2025-04-07 14:20:00+00:00,2026-10-05T09:34:31Z,4.066000,4.210000,4.062000,4.096000,4.032000,4.210000,4.011000,4.096000,changed
2025-04-07 15:20:00+00:00,2026-10-05T09:34:31Z,4.123000,4.142000,4.066000,4.128000,4.107000,4.145000,4.066000,4.128000,changed
2025-04-07 16:20:00+00:00,2026-10-05T09:34:31Z,4.128000,4.172000,4.113000,4.172000,4.096000,4.172000,4.096000,4.172000,changed
2025-04-07 17:20:00+00:00,2026-10-05T09:34:31Z,4.140000,4.197000,4.134000,4.163000,4.142000,4.197000,4.134000,4.163000,changed
2025-04-07 18:20:00+00:00,2026-10-05T09:34:31Z,4.164000,4.170000,4.140000,4.155000,4.176000,4.197000,4.140000,4.155000,changed
2025-04-10 15:20:00+00:00,2026-10-05T09:34:31Z,4.330000,4.382000,4.330000,4.368000,4.330000,4.382000,4.326000,4.368000,changed
2025-04-14 13:20:00+00:00,2026-10-05T09:34:31Z,4.436000,4.440000,4.392000,4.417000,4.452000,4.452000,4.392000,4.417000,changed
2025-04-14 14:20:00+00:00,2026-10-05T09:34:31Z,4.415000,4.438000,4.397000,4.409000,4.415000,4.438000,4.392000,4.409000,changed
2025-04-14 15:20:00+00:00,2026-10-05T09:34:31Z,4.436000,4.436000,4.397000,4.419000,4.407000,4.438000,4.397000,4.419000,changed
2025-04-14 16:20:00+00:00,2026-10-05T09:34:31Z,4.409000,4.427000,4.403000,4.405000,4.405000,4.427000,4.401000,4.405000,changed
2025-04-14 17:20:00+00:00,2026-10-05T09:34:31Z,4.425000,4.425000,4.372000,4.372000,4.423000,4.427000,4.372000,4.372000,changed
2025-04-14 18:20:00+00:00,2026-10-05T09:34:31Z,4.382000,4.386000,4.360000,4.364000,4.395000,4.395000,4.360000,4.364000,changed
2025-04-16 14:20:00+00:00,2026-10-05T09:34:31Z,4.325000,4.352000,4.323000,4.323000,4.325000,4.352000,4.321000,4.323000,changed
2025-04-17 13:20:00+00:00,2026-10-05T09:34:31Z,4.286000,4.304000,4.278000,4.300000,4.298000,4.304000,4.278000,4.300000,changed
2025-04-17 14:20:00+00:00,2026-10-05T09:34:31Z,4.294000,4.304000,4.286000,4.304000,4.298000,4.304000,4.282000,4.304000,changed
2025-04-17 15:20:00+00:00,2026-10-05T09:34:31Z,4.290000,4.329000,4.290000,4.319000,4.290000,4.329000,4.288000,4.319000,changed
2025-04-17 16:20:00+00:00,2026-10-05T09:34:31Z,4.317000,4.344000,4.307000,4.327000,4.304000,4.344000,4.304000,4.327000,changed
2025-04-17 17:20:00+00:00,2026-10-05T09:34:31Z,4.327000,4.336000,4.321000,4.333000,4.325000,4.344000,4.321000,4.333000,changed
2025-04-17 18:20:00+00:00,2026-10-05T09:34:31Z,4.327000,4.336000,4.327000,4.333000,4.333000,4.336000,4.327000,4.333000,changed
2025-04-21 13:20:00+00:00,2026-10-05T09:34:31Z,4.391000,4.391000,4.350000,4.350000,4.399000,4.401000,4.350000,4.350000,changed
2025-04-21 14:20:00+00:00,2026-10-05T09:34:31Z,4.362000,4.374000,4.333000,4.374000,4.381000,4.381000,4.333000,4.374000,changed
2025-04-21 15:20:00+00:00,2026-10-05T09:34:31Z,4.360000,4.377000,4.354000,4.368000,4.336000,4.377000,4.335000,4.368000,changed
2025-04-21 16:20:00+00:00,2026-10-05T09:34:31Z,4.370000,4.403000,4.362000,4.403000,4.362000,4.403000,4.360000,4.403000,changed
2025-04-21 17:20:00+00:00,2026-10-05T09:34:31Z,4.387000,4.407000,4.383000,4.391000,4.377000,4.407000,4.377000,4.391000,changed
2025-04-21 18:20:00+00:00,2026-10-05T09:34:31Z,4.401000,4.405000,4.387000,4.405000,4.401000,4.407000,4.387000,4.405000,changed
2025-04-28 13:20:00+00:00,2026-10-05T09:34:31Z,4.291000,4.293000,4.251000,4.253000,4.278000,4.295000,4.251000,4.253000,changed
2025-04-28 14:20:00+00:00,2026-10-05T09:34:31Z,4.268000,4.270000,4.229000,4.237000,4.280000,4.284000,4.229000,4.237000,changed
2025-04-28 15:20:00+00:00,2026-10-05T09:34:31Z,4.237000,4.243000,4.229000,4.235000,4.256000,4.256000,4.229000,4.235000,changed
2025-04-28 16:20:00+00:00,2026-10-05T09:34:31Z,4.237000,4.239000,4.216000,4.222000,4.239000,4.243000,4.216000,4.222000,changed
2025-04-28 17:20:00+00:00,2026-10-05T09:34:31Z,4.220000,4.229000,4.216000,4.229000,4.235000,4.239000,4.216000,4.229000,changed
2025-04-28 18:20:00+00:00,2026-10-05T09:34:31Z,4.229000,4.229000,4.214000,4.216000,4.222000,4.229000,4.214000,4.216000,changed
2025-04-01 15:20:00+00:00,2026-10-05T11:01:46Z,4.165000,4.173000,4.146000,4.169000,4.171000,4.173000,4.146000,4.169000,changed
2025-04-02 13:20:00+00:00,2026-10-05T11:01:46Z,4.129000,4.152000,4.110000,4.150000,4.127000,4.152000,4.110000,4.150000,changed
2025-04-02 14:20:00+00:00,2026-10-05T11:01:46Z,4.140000,4.167000,4.133000,4.161000,4.112000,4.167000,4.112000,4.161000,changed
2025-04-02 15:20:00+00:00,2026-10-05T11:01:46Z,4.165000,4.199000,4.157000,4.199000,4.150000,4.199000,4.142000,4.199000,changed
2025-04-02 16:20:00+00:00,2026-10-05T11:01:46Z,4.188000,4.226000,4.184000,4.218000,4.186000,4.226000,4.175000,4.218000,changed
2025-04-02 17:20:00+00:00,2026-10-05T11:01:46Z,4.217000,4.222000,4.203000,4.205000,4.211000,4.226000,4.203000,4.205000,changed
2025-04-02 18:20:00+00:00,2026-10-05T11:01:46Z,4.211000,4.213000,4.196000,4.196000,4.220000,4.220000,4.196000,4.196000,changed
2025-04-03 13:20:00+00:00,2026-10-05T11:01:46Z,4.063000,4.063000,4.004000,4.034000,4.021000,4.047000,4.004000,4.034000,changed
2025-04-03 14:20:00+00:00,2026-10-05T11:01:46Z,4.032000,4.047000,4.004000,4.032000,4.019000,4.044000,4.004000,4.032000,changed
2025-04-03 15:20:00+00:00,2026-10-05T11:01:46Z,4.030000,4.068000,4.008000,4.068000,4.014000,4.068000,4.008000,4.068000,changed
2025-04-03 16:20:00+00:00,2026-10-05T11:01:46Z,4.034000,4.068000,4.029000,4.044000,4.055000,4.068000,4.044000,4.044000,changed
2025-04-03 17:20:00+00:00,2026-10-05T11:01:46Z,4.066000,4.068000,4.032000,4.040000,4.049000,4.055000,4.032000,4.040000,changed
2025-04-03 18:20:00+00:00,2026-10-05T11:01:46Z,4.042000,4.059000,4.032000,4.055000,4.036000,4.059000,4.032000,4.055000,changed
2025-04-04 15:20:00+00:00,2026-10-05T11:01:46Z,3.916000,3.972000,3.910000,3.934000,3.912000,3.972000,3.912000,3.934000,changed
2025-04-07 13:20:00+00:00,2026-10-05T11:01:46Z,4.011000,4.210000,4.011000,4.140000,4.058000,4.210000,4.011000,4.140000,changed
2025-04-07 14:20:00+00:00,2026-10-05T11:01:46Z,4.032000,4.210000,4.011000,4.096000,4.066000,4.210000,4.062000,4.096000,changed
2025-04-07 15:20:00+00:00,2026-10-05T11:01:46Z,4.107000,4.145000,4.066000,4.128000,4.123000,4.142000,4.066000,4.128000,changed
2025-04-07 16:20:00+00:00,2026-10-05T11:01:46Z,4.096000,4.172000,4.096000,4.172000,4.128000,4.172000,4.113000,4.172000,changed
2025-04-07 17:20:00+00:00,2026-10-05T11:01:46Z,4.142000,4.197000,4.134000,4.163000,4.140000,4.197000,4.134000,4.163000,changed
2025-04-07 18:20:00+00:00,2026-10-05T11:01:46Z,4.176000,4.197000,4.140000,4.155000,4.164000,4.170000,4.140000,4.155000,changed
2025-04-10 15:20:00+00:00,2026-10-05T11:01:46Z,4.330000,4.382000,4.326000,4.368000,4.330000,4.382000,4.330000,4.368000,changed
2025-04-14 13:20:00+00:00,2026-10-05T11:01:46Z,4.452000,4.452000,4.392000,4.417000,4.436000,4.440000,4.392000,4.417000,changed
2025-04-14 14:20:00+00:00,2026-10-05T11:01:46Z,4.415000,4.438000,4.392000,4.409000,4.415000,4.438000,4.397000,4.409000,changed
2025-04-14 15:20:00+00:00,2026-10-05T11:01:46Z,4.407000,4.438000,4.397000,4.419000,4.436000,4.436000,4.397000,4.419000,changed
2025-04-14 16:20:00+00:00,2026-10-05T11:01:46Z,4.405000,4.427000,4.401000,4.405000,4.409000,4.427000,4.403000,4.405000,changed
2025-04-14 17:20:00+00:00,2026-10-05T11:01:46Z,4.423000,4.427000,4.372000,4.372000,4.425000,4.425000,4.372000,4.372000,changed
2025-04-14 18:20:00+00:00,2026-10-05T11:01:46Z,4.395000,4.395000,4.360000,4.364000,4.382000,4.386000,4.360000,4.364000,changed
2025-04-16 14:20:00+00:00,2026-10-05T11:01:46Z,4.325000,4.352000,4.321000,4.323000,4.325000,4.352000,4.323000,4.323000,changed
2025-04-17 13:20:00+00:00,2026-10-05T11:01:46Z,4.298000,4.304000,4.278000,4.300000,4.286000,4.304000,4.278000,4.300000,changed
2025-04-17 14:20:00+00:00,2026-10-05T11:01:46Z,4.298000,4.304000,4.282000,4.304000,4.294000,4.304000,4.286000,4.304000,changed
2025-04-17 15:20:00+00:00,2026-10-05T11:01:46Z,4.290000,4.329000,4.288000,4.319000,4.290000,4.329000,4.290000,4.319000,changed
2025-04-17 16:20:00+00:00,2026-10-05T11:01:46Z,4.304000,4.344000,4.304000,4.327000,4.317000,4.344000,4.307000,4.327000,changed
2025-04-17 17:20:00+00:00,2026-10-05T11:01:46Z,4.325000,4.344000,4.321000,4.333000,4.327000,4.336000,4.321000,4.333000,changed
2025-04-17 18:20:00+00:00,2026-10-05T11:01:46Z,4.333000,4.336000,4.327000,4.333000,4.327000,4.336000,4.327000,4.333000,changed
2025-04-21 13:20:00+00:00,2026-10-05T11:01:46Z,4.399000,4.401000,4.350000,4.350000,4.391000,4.391000,4.350000,4.350000,changed
2025-04-21 14:20:00+00:00,2026-10-05T11:01:46Z,4.381000,4.381000,4.333000,4.374000,4.362000,4.374000,4.333000,4.374000,changed
2025-04-21 15:20:00+00:00,2026-10-05T11:01:46Z,4.336000,4.377000,4.335000,4.368000,4.360000,4.377000,4.354000,4.368000,changed
2025-04-21 16:20:00+00:00,2026-10-05T11:01:46Z,4.362000,4.403000,4.360000,4.403000,4.370000,4.403000,4.362000,4.403000,changed
2025-04-21 17:20:00+00:00,2026-10-05T11:01:46Z,4.377000,4.407000,4.377000,4.391000,4.387000,4.407000,4.383000,4.391000,changed
2025-04-21 18:20:00+00:00,2026-10-05T11:01:46Z,4.401000,4.407000,4.387000,4.405000,4.401000,4.405000,4.387000,4.405000,changed
2025-04-28 13:20:00+00:00,2026-10-05T11:01:46Z,4.278000,4.295000,4.251000,4.253000,4.291000,4.293000,4.251000,4.253000,changed
2025-04-28 14:20:00+00:00,2026-10-05T11:01:46Z,4.280000,4.284000,4.229000,4.237000,4.268000,4.270000,4.229000,4.237000,changed
2025-04-28 15:20:00+00:00,2026-10-05T11:01:46Z,4.256000,4.256000,4.229000,4.235000,4.237000,4.243000,4.229000,4.235000,changed
2025-04-28 16:20:00+00:00,2026-10-05T11:01:46Z,4.239000,4.243000,4.216000,4.222000,4.237000,4.239000,4.216000,4.222000,changed
2025-04-28 17:20:00+00:00,2026-10-05T11:01:46Z,4.235000,4.239000,4.216000,4.229000,4.220000,4.229000,4.216000,4.229000,changed
2025-04-28 18:20:00+00:00,2026-10-05T11:01:46Z,4.222000,4.229000,4.214000,4.216000,4.229000,4.229000,4.214000,4.216000,changed
2025-04-01 15:20:00+00:00,2026-10-05T11:14:49Z,4.171000,4.173000,4.146000,4.169000,4.165000,4.173000,4.146000,4.169000,changed
2025-04-02 13:20:00+00:00,2026-10-05T11:14:49Z,4.127000,4.152000,4.110000,4.150000,4.129000,4.152000,4.110000,4.150000,changed
2025-04-02 14:20:00+00:00,2026-10-05T11:14:49Z,4.112000,4.167000,4.112000,4.161000,4.140000,4.167000,4.133000,4.161000,changed
2025-04-02 15:20:00+00:00,2026-10-05T11:14:49Z,4.150000,4.199000,4.142000,4.199000,4.165000,4.199000,4.157000,4.199000,changed
2025-04-02 16:20:00+00:00,2026-10-05T11:14:49Z,4.186000,4.226000,4.175000,4.218000,4.188000,4.226000,4.184000,4.218000,changed
2025-04-02 17:20:00+00:00,2026-10-05T11:14:49Z,4.211000,4.226000,4.203000,4.205000,4.217000,4.222000,4.203000,4.205000,changed
2025-04-02 18:20:00+00:00,2026-10-05T11:14:49Z,4.220000,4.220000,4.196000,4.196000,4.211000,4.213000,4.196000,4.196000,changed
2025-04-03 13:20:00+00:00,2026-10-05T11:14:49Z,4.021000,4.047000,4.004000,4.034000,4.063000,4.063000,4.004000,4.034000,changed
2025-04-03 14:20:00+00:00,2026-10-05T11:14:49Z,4.019000,4.044000,4.004000,4.032000,4.032000,4.047000,4.004000,4.032000,changed
2025-04-03 15:20:00+00:00,2026-10-05T11:14:49Z,4.014000,4.068000,4.008000,4.068000,4.030000,4.068000,4.008000,4.068000,changed
2025-04-03 16:20:00+00:00,2026-10-05T11:14:49Z,4.055000,4.068000,4.044000,4.044000,4.034000,4.068000,4.029000,4.044000,changed
2025-04-03 17:20:00+00:00,2026-10-05T11:14:49Z,4.049000,4.055000,4.032000,4.040000,4.066000,4.068000,4.032000,4.040000,changed
2025-04-03 18:20:00+00:00,2026-10-05T11:14:49Z,4.036000,4.059000,4.032000,4.055000,4.042000,4.059000,4.032000,4.055000,changed
2025-04-04 15:20:00+00:00,2026-10-05T11:14:49Z,3.912000,3.972000,3.912000,3.934000,3.916000,3.972000,3.910000,3.934000,changed
2025-04-07 13:20:00+00:00,2026-10-05T11:14:49Z,4.058000,4.210000,4.011000,4.140000,4.011000,4.210000,4.011000,4.140000,changed
2025-04-07 14:20:00+00:00,2026-10-05T11:14:49Z,4.066000,4.210000,4.062000,4.096000,4.032000,4.210000,4.011000,4.096000,changed
2025-04-07 15:20:00+00:00,2026-10-05T11:14:49Z,4.123000,4.142000,4.066000,4.128000,4.107000,4.145000,4.066000,4.128000,changed
2025-04-07 16:20:00+00:00,2026-10-05T11:14:49Z,4.128000,4.172000,4.113000,4.172000,4.096000,4.172000,4.096000,4.172000,changed
2025-04-07 17:20:00+00:00,2026-10-05T11:14:49Z,4.140000,4.197000,4.134000,4.163000,4.142000,4.197000,4.134000,4.163000,changed
2025-04-07 18:20:00+00:00,2026-10-05T11:14:49Z,4.164000,4.170000,4.140000,4.155000,4.176000,4.197000,4.140000,4.155000,changed
2025-04-10 15:20:00+00:00,2026-10-05T11:14:49Z,4.330000,4.382000,4.330000,4.368000,4.330000,4.382000,4.326000,4.368000,changed
2025-04-14 13:20:00+00:00,2026-10-05T11:14:49Z,4.436000,4.440000,4.392000,4.417000,4.452000,4.452000,4.392000,4.417000,changed
2025-04-14 14:20:00+00:00,2026-10-05T11:14:49Z,4.415000,4.438000,4.397000,4.409000,4.415000,4.438000,4.392000,4.409000,changed
2025-04-14 15:20:00+00:00,2026-10-05T11:14:49Z,4.436000,4.436000,4.397000,4.419000,4.407000,4.438000,4.397000,4.419000,changed
2025-04-14 16:20:00+00:00,2026-10-05T11:14:49Z,4.409000,4.427000,4.403000,4.405000,4.405000,4.427000,4.401000,4.405000,changed
2025-04-14 17:20:00+00:00,2026-10-05T11:14:49Z,4.425000,4.425000,4.372000,4.372000,4.423000,4.427000,4.372000,4.372000,changed
2025-04-14 18:20:00+00:00,2026-10-05T11:14:49Z,4.382000,4.386000,4.360000,4.364000,4.395000,4.395000,4.360000,4.364000,changed
2025-04-16 14:20:00+00:00,2026-10-05T11:14:49Z,4.325000,4.352000,4.323000,4.323000,4.325000,4.352000,4.321000,4.323000,changed
2025-04-17 13:20:00+00:00,2026-10-05T11:14:49Z,4.286000,4.304000,4.278000,4.300000,4.298000,4.304000,4.278000,4.300000,changed
2025-04-17 14:20:00+00:00,2026-10-05T11:14:49Z,4.294000,4.304000,4.286000,4.304000,4.298000,4.304000,4.282000,4.304000,changed
2025-04-17 15:20:00+00:00,2026-10-05T11:14:49Z,4.290000,4.329000,4.290000,4.319000,4.290000,4.329000,4.288000,4.319000,changed
2025-04-17 16:20:00+00:00,2026-10-05T11:14:49Z,4.317000,4.344000,4.307000,4.327000,4.304000,4.344000,4.304000,4.327000,changed
2025-04-17 17:20:00+00:00,2026-10-05T11:14:49Z,4.327000,4.336000,4.321000,4.333000,4.325000,4.344000,4.321000,4.333000,changed
2025-04-17 18:20:00+00:00,2026-10-05T11:14:49Z,4.327000,4.336000,4.327000,4.333000,4.333000,4.336000,4.327000,4.333000,changed
2025-04-21 13:20:00+00:00,2026-10-05T11:14:49Z,4.391000,4.391000,4.350000,4.350000,4.399000,4.401000,4.350000,4.350000,changed
2025-04-21 14:20:00+00:00,2026-10-05T11:14:49Z,4.362000,4.374000,4.333000,4.374000,4.381000,4.381000,4.333000,4.374000,changed
2025-04-21 15:20:00+00:00,2026-10-05T11:14:49Z,4.360000,4.377000,4.354000,4.368000,4.336000,4.377000,4.335000,4.368000,changed
2025-04-21 16:20:00+00:00,2026-10-05T11:14:49Z,4.370000,4.403000,4.362000,4.403000,4.362000,4.403000,4.360000,4.403000,changed
2025-04-21 17:20:00+00:00,2026-10-05T11:14:49Z,4.387000,4.407000,4.383000,4.391000,4.377000,4.407000,4.377000,4.391000,changed
2025-04-21 18:20:00+00:00,2026-10-05T11:14:49Z,4.401000,4.405000,4.387000,4.405000,4.401000,4.407000,4.387000,4.405000,changed
2025-04-28 13:20:00+00:00,2026-10-05T11:14:49Z,4.291000,4.293000,4.251000,4.253000,4.278000,4.295000,4.251000,4.253000,changed
2025-04-28 14:20:00+00:00,2026-10-05T11:14:49Z,4.268000,4.270000,4.229000,4.237000,4.280000,4.284000,4.229000,4.237000,changed
2025-04-28 15:20:00+00:00,2026-10-05T11:14:49Z,4.237000,4.243000,4.229000,4.235000,4.256000,4.256000,4.229000,4.235000,changed
2025-04-28 16:20:00+00:00,2026-10-05T11:14:49Z,4.237000,4.239000,4.216000,4.222000,4.239000,4.243000,4.216000,4.222000,changed
2025-04-28 17:20:00+00:00,2026-10-05T11:14:49Z,4.220000,4.229000,4.216000,4.229000,4.235000,4.239000,4.216000,4.229000,changed
2025-04-28 18:20:00+00:00,2026-10-05T11:14:49Z,4.229000,4.229000,4.214000,4.216000,4.222000,4.229000,4.214000,4.216000,changed
2025-04-01 15:20:00+00:00,2026-10-05T11:48:47Z,4.165000,4.173000,4.146000,4.169000,4.171000,4.173000,4.146000,4.169000,changed
2025-04-02 13:20:00+00:00,2026-10-05T11:48:47Z,4.129000,4.152000,4.110000,4.150000,4.127000,4.152000,4.110000,4.150000,changed
2025-04-02 14:20:00+00:00,2026-10-05T11:48:47Z,4.140000,4.167000,4.133000,4.161000,4.112000,4.167000,4.112000,4.161000,changed
2025-04-02 15:20:00+00:00,2026-10-05T11:48:47Z,4.165000,4.199000,4.157000,4.199000,4.150000,4.199000,4.142000,4.199000,changed
2025-04-02 16:20:00+00:00,2026-10-05T11:48:47Z,4.188000,4.226000,4.184000,4.218000,4.186000,4.226000,4.175000,4.218000,changed
2025-04-02 17:20:00+00:00,2026-10-05T11:48:47Z,4.217000,4.222000,4.203000,4.205000,4.211000,4.226000,4.203000,4.205000,changed
2025-04-02 18:20:00+00:00,2026-10-05T11:48:47Z,4.211000,4.213000,4.196000,4.196000,4.220000,4.220000,4.196000,4.196000,changed
2025-04-03 13:20:00+00:00,2026-10-05T11:48:47Z,4.063000,4.063000,4.004000,4.034000,4.021000,4.047000,4.004000,4.034000,changed
2025-04-03 14:20:00+00:00,2026-10-05T11:48:47Z,4.032000,4.047000,4.004000,4.032000,4.019000,4.044000,4.004000,4.032000,changed
2025-04-03 15:20:00+00:00,2026-10-05T11:48:47Z,4.030000,4.068000,4.008000,4.068000,4.014000,4.068000,4.008000,4.068000,changed
2025-04-03 16:20:00+00:00,2026-10-05T11:48:47Z,4.034000,4.068000,4.029000,4.044000,4.055000,4.068000,4.044000,4.044000,changed
2025-04-03 17:20:00+00:00,2026-10-05T11:48:47Z,4.066000,4.068000,4.032000,4.040000,4.049000,4.055000,4.032000,4.040000,changed
2025-04-03 18:20:00+00:00,2026-10-05T11:48:47Z,4.042000,4.059000,4.032000,4.055000,4.036000,4.059000,4.032000,4.055000,changed
2025-04-04 15:20:00+00:00,2026-10-05T11:48:47Z,3.916000,3.972000,3.910000,3.934000,3.912000,3.972000,3.912000,3.934000,changed
2025-04-07 13:20:00+00:00,2026-10-05T11:48:47Z,4.011000,4.210000,4.011000,4.140000,4.058000,4.210000,4.011000,4.140000,changed
2025-04-07 14:20:00+00:00,2026-10-05T11:48:47Z,4.032000,4.210000,4.011000,4.096000,4.066000,4.210000,4.062000,4.096000,changed
2025-04-07 15:20:00+00:00,2026-10-05T11:48:47Z,4.107000,4.145000,4.066000,4.128000,4.123000,4.142000,4.066000,4.128000,changed
2025-04-07 16:20:00+00:00,2026-10-05T11:48:47Z,4.096000,4.172000,4.096000,4.172000,4.128000,4.172000,4.113000,4.172000,changed
2025-04-07 17:20:00+00:00,2026-10-05T11:48:47Z,4.142000,4.197000,4.134000,4.163000,4.140000,4.197000,4.134000,4.163000,changed
2025-04-07 18:20:00+00:00,2026-10-05T11:48:47Z,4.176000,4.197000,4.140000,4.155000,4.164000,4.170000,4.140000,4.155000,changed
2025-04-10 15:20:00+00:00,2026-10-05T11:48:47Z,4.330000,4.382000,4.326000,4.368000,4.330000,4.382000,4.330000,4.368000,changed
2025-04-14 13:20:00+00:00,2026-10-05T11:48:47Z,4.452000,4.452000,4.392000,4.417000,4.436000,4.440000,4.392000,4.417000,changed
2025-04-14 14:20:00+00:00,2026-10-05T11:48:47Z,4.415000,4.438000,4.392000,4.409000,4.415000,4.438000,4.397000,4.409000,changed
2025-04-14 15:20:00+00:00,2026-10-05T11:48:47Z,4.407000,4.438000,4.397000,4.419000,4.436000,4.436000,4.397000,4.419000,changed
2025-04-14 16:20:00+00:00,2026-10-05T11:48:47Z,4.405000,4.427000,4.401000,4.405000,4.409000,4.427000,4.403000,4.405000,changed
2025-04-14 17:20:00+00:00,2026-10-05T11:48:47Z,4.423000,4.427000,4.372000,4.372000,4.425000,4.425000,4.372000,4.372000,changed
2025-04-14 18:20:00+00:00,2026-10-05T11:48:47Z,4.395000,4.395000,4.360000,4.364000,4.382000,4.386000,4.360000,4.364000,changed
2025-04-16 14:20:00+00:00,2026-10-05T11:48:47Z,4.325000,4.352000,4.321000,4.323000,4.325000,4.352000,4.323000,4.323000,changed
2025-04-17 13:20:00+00:00,2026-10-05T11:48:47Z,4.298000,4.304000,4.278000,4.300000,4.286000,4.304000,4.278000,4.300000,changed
2025-04-17 14:20:00+00:00,2026-10-05T11:48:47Z,4.298000,4.304000,4.282000,4.304000,4.294000,4.304000,4.286000,4.304000,changed
2025-04-17 15:20:00+00:00,2026-10-05T11:48:47Z,4.290000,4.329000,4.288000,4.319000,4.290000,4.329000,4.290000,4.319000,changed
2025-04-17 16:20:00+00:00,2026-10-05T11:48:47Z,4.304000,4.344000,4.304000,4.327000,4.317000,4.344000,4.307000,4.327000,changed
2025-04-17 17:20:00+00:00,2026-10-05T11:48:47Z,4.325000,4.344000,4.321000,4.333000,4.327000,4.336000,4.321000,4.333000,changed
2025-04-17 18:20:00+00:00,2026-10-05T11:48:47Z,4.333000,4.336000,4.327000,4.333000,4.327000,4.336000,4.327000,4.333000,changed
2025-04-21 13:20:00+00:00,2026-10-05T11:48:47Z,4.399000,4.401000,4.350000,4.350000,4.391000,4.391000,4.350000,4.350000,changed
2025-04-21 14:20:00+00:00,2026-10-05T11:48:47Z,4.381000,4.381000,4.333000,4.374000,4.362000,4.374000,4.333000,4.374000,changed
2025-04-21 15:20:00+00:00,2026-10-05T11:48:47Z,4.336000,4.377000,4.335000,4.368000,4.360000,4.377000,4.354000,4.368000,changed
2025-04-21 16:20:00+00:00,2026-10-05T11:48:47Z,4.362000,4.403000,4.360000,4.403000,4.370000,4.403000,4.362000,4.403000,changed
2025-04-21 17:20:00+00:00,2026-10-05T11:48:47Z,4.377000,4.407000,4.377000,4.391000,4.387000,4.407000,4.383000,4.391000,changed
2025-04-21 18:20:00+00:00,2026-10-05T11:48:47Z,4.401000,4.407000,4.387000,4.405000,4.401000,4.405000,4.387000,4.405000,changed
2025-04-28 13:20:00+00:00,2026-10-05T11:48:47Z,4.278000,4.295000,4.251000,4.253000,4.291000,4.293000,4.251000,4.253000,changed
2025-04-28 14:20:00+00:00,2026-10-05T11:48:47Z,4.280000,4.284000,4.229000,4.237000,4.268000,4.270000,4.229000,4.237000,changed
2025-04-28 15:20:00+00:00,2026-10-05T11:48:47Z,4.256000,4.256000,4.229000,4.235000,4.237000,4.243000,4.229000,4.235000,changed
2025-04-28 16:20:00+00:00,2026-10-05T11:48:47Z,4.239000,4.243000,4.216000,4.222000,4.237000,4.239000,4.216000,4.222000,changed
2025-04-28 17:20:00+00:00,2026-10-05T11:48:47Z,4.235000,4.239000,4.216000,4.229000,4.220000,4.229000,4.216000,4.229000,changed
2025-04-28 18:20:00+00:00,2026-10-05T11:48:47Z,4.222000,4.229000,4.214000,4.216000,4.229000,4.229000,4.214000,4.216000,changed
2025-04-01 15:20:00+00:00,2026-10-05T12:19:05Z,4.171000,4.173000,4.146000,4.169000,4.165000,4.173000,4.146000,4.169000,changed
2025-04-02 13:20:00+00:00,2026-10-05T12:19:05Z,4.127000,4.152000,4.110000,4.150000,4.129000,4.152000,4.110000,4.150000,changed
2025-04-02 14:20:00+00:00,2026-10-05T12:19:05Z,4.112000,4.167000,4.112000,4.161000,4.140000,4.167000,4.133000,4.161000,changed
2025-04-02 15:20:00+00:00,2026-10-05T12:19:05Z,4.150000,4.199000,4.142000,4.199000,4.165000,4.199000,4.157000,4.199000,changed
2025-04-02 16:20:00+00:00,2026-10-05T12:19:05Z,4.186000,4.226000,4.175000,4.218000,4.188000,4.226000,4.184000,4.218000,changed
2025-04-02 17:20:00+00:00,2026-10-05T12:19:05Z,4.211000,4.226000,4.203000,4.205000,4.217000,4.222000,4.203000,4.205000,changed
2025-04-02 18:20:00+00:00,2026-10-05T12:19:05Z,4.220000,4.220000,4.196000,4.196000,4.211000,4.213000,4.196000,4.196000,changed
2025-04-03 13:20:00+00:00,2026-10-05T12:19:05Z,4.021000,4.047000,4.004000,4.034000,4.063000,4.063000,4.004000,4.034000,changed
2025-04-03 14:20:00+00:00,2026-10-05T12:19:05Z,4.019000,4.044000,4.004000,4.032000,4.032000,4.047000,4.004000,4.032000,changed
2025-04-03 15:20:00+00:00,2026-10-05T12:19:05Z,4.014000,4.068000,4.008000,4.068000,4.030000,4.068000,4.008000,4.068000,changed
2025-04-03 16:20:00+00:00,2026-10-05T12:19:05Z,4.055000,4.068000,4.044000,4.044000,4.034000,4.068000,4.029000,4.044000,changed
2025-04-03 17:20:00+00:00,2026-10-05T12:19:05Z,4.049000,4.055000,4.032000,4.040000,4.066000,4.068000,4.032000,4.040000,changed
2025-04-03 18:20:00+00:00,2026-10-05T12:19:05Z,4.036000,4.059000,4.032000,4.055000,4.042000,4.059000,4.032000,4.055000,changed
2025-04-04 15:20:00+00:00,2026-10-05T12:19:05Z,3.912000,3.972000,3.912000,3.934000,3.916000,3.972000,3.910000,3.934000,changed
2025-04-07 13:20:00+00:00,2026-10-05T12:19:05Z,4.058000,4.210000,4.011000,4.140000,4.011000,4.210000,4.011000,4.140000,changed
2025-04-07 14:20:00+00:00,2026-10-05T12:19:05Z,4.066000,4.210000,4.062000,4.096000,4.032000,4.210000,4.011000,4.096000,changed
2025-04-07 15:20:00+00:00,2026-10-05T12:19:05Z,4.123000,4.142000,4.066000,4.128000,4.107000,4.145000,4.066000,4.128000,changed
2025-04-07 16:20:00+00:00,2026-10-05T12:19:05Z,4.128000,4.172000,4.113000,4.172000,4.096000,4.172000,4.096000,4.172000,changed
2025-04-07 17:20:00+00:00,2026-10-05T12:19:05Z,4.140000,4.197000,4.134000,4.163000,4.142000,4.197000,4.134000,4.163000,changed
2025-04-07 18:20:00+00:00,2026-10-05T12:19:05Z,4.164000,4.170000,4.140000,4.155000,4.176000,4.197000,4.140000,4.155000,changed
2025-04-10 15:20:00+00:00,2026-10-05T12:19:05Z,4.330000,4.382000,4.330000,4.368000,4.330000,4.382000,4.326000,4.368000,changed
2025-04-14 13:20:00+00:00,2026-10-05T12:19:05Z,4.436000,4.440000,4.392000,4.417000,4.452000,4.452000,4.392000,4.417000,changed
2025-04-14 14:20:00+00:00,2026-10-05T12:19:05Z,4.415000,4.438000,4.397000,4.409000,4.415000,4.438000,4.392000,4.409000,changed
2025-04-14 15:20:00+00:00,2026-10-05T12:19:05Z,4.436000,4.436000,4.397000,4.419000,4.407000,4.438000,4.397000,4.419000,changed
2025-04-14 16:20:00+00:00,2026-10-05T12:19:05Z,4.409000,4.427000,4.403000,4.405000,4.405000,4.427000,4.401000,4.405000,changed
2025-04-14 17:20:00+00:00,2026-10-05T12:19:05Z,4.425000,4.425000,4.372000,4.372000,4.423000,4.427000,4.372000,4.372000,changed
2025-04-14 18:20:00+00:00,2026-10-05T12:19:05Z,4.382000,4.386000,4.360000,4.364000,4.395000,4.395000,4.360000,4.364000,changed
2025-04-16 14:20:00+00:00,2026-10-05T12:19:05Z,4.325000,4.352000,4.323000,4.323000,4.325000,4.352000,4.321000,4.323000,changed
2025-04-17 13:20:00+00:00,2026-10-05T12:19:05Z,4.286000,4.304000,4.278000,4.300000,4.298000,4.304000,4.278000,4.300000,changed
2025-04-17 14:20:00+00:00,2026-10-05T12:19:05Z,4.294000,4.304000,4.286000,4.304000,4.298000,4.304000,4.282000,4.304000,changed
2025-04-17 15:20:00+00:00,2026-10-05T12:19:05Z,4.290000,4.329000,4.290000,4.319000,4.290000,4.329000,4.288000,4.319000,changed
2025-04-17 16:20:00+00:00,2026-10-05T12:19:05Z,4.317000,4.344000,4.307000,4.327000,4.304000,4.344000,4.304000,4.327000,changed
2025-04-17 17:20:00+00:00,2026-10-05T12:19:05Z,4.327000,4.336000,4.321000,4.333000,4.325000,4.344000,4.321000,4.333000,changed
2025-04-17 18:20:00+00:00,2026-10-05T12:19:05Z,4.327000,4.336000,4.327000,4.333000,4.333000,4.336000,4.327000,4.333000,changed
2025-04-21 13:20:00+00:00,2026-10-05T12:19:05Z,4.391000,4.391000,4.350000,4.350000,4.399000,4.401000,4.350000,4.350000,changed
2025-04-21 14:20:00+00:00,2026-10-05T12:19:05Z,4.362000,4.374000,4.333000,4.374000,4.381000,4.381000,4.333000,4.374000,changed
2025-04-21 15:20:00+00:00,2026-10-05T12:19:05Z,4.360000,4.377000,4.354000,4.368000,4.336000,4.377000,4.335000,4.368000,changed
2025-04-21 16:20:00+00:00,2026-10-05T12:19:05Z,4.370000,4.403000,4.362000,4.403000,4.362000,4.403000,4.360000,4.403000,changed
2025-04-21 17:20:00+00:00,2026-10-05T12:19:05Z,4.387000,4.407000,4.383000,4.391000,4.377000,4.407000,4.377000,4.391000,changed
2025-04-21 18:20:00+00:00,2026-10-05T12:19:05Z,4.401000,4.405000,4.387000,4.405000,4.401000,4.407000,4.387000,4.405000,changed
2025-04-28 13:20:00+00:00,2026-10-05T12:19:05Z,4.291000,4.293000,4.251000,4.253000,4.278000,4.295000,4.251000,4.253000,changed
2025-04-28 14:20:00+00:00,2026-10-05T12:19:05Z,4.268000,4.270000,4.229000,4.237000,4.280000,4.284000,4.229000,4.237000,changed
2025-04-28 15:20:00+00:00,2026-10-05T12:19:05Z,4.237000,4.243000,4.229000,4.235000,4.256000,4.256000,4.229000,4.235000,changed
2025-04-28 16:20:00+00:00,2026-10-05T12:19:05Z,4.237000,4.239000,4.216000,4.222000,4.239000,4.243000,4.216000,4.222000,changed
2025-04-28 17:20:00+00:00,2026-10-05T12:19:05Z,4.220000,4.229000,4.216000,4.229000,4.235000,4.239000,4.216000,4.229000,changed
2025-04-28 18:20:00+00:00,2026-10-05T12:19:05Z,4.229000,4.229000,4.214000,4.216000,4.222000,4.229000,4.214000,4.216000,changed
2025-04-01 15:20:00+00:00,2026-10-05T12:43:13Z,4.165000,4.173000,4.146000,4.169000,4.171000,4.173000,4.146000,4.169000,changed
2025-04-02 13:20:00+00:00,2026-10-05T12:43:13Z,4.129000,4.152000,4.110000,4.150000,4.127000,4.152000,4.110000,4.150000,changed
2025-04-02 14:20:00+00:00,2026-10-05T12:43:13Z,4.140000,4.167000,4.133000,4.161000,4.112000,4.167000,4.112000,4.161000,changed
2025-04-02 15:20:00+00:00,2026-10-05T12:43:13Z,4.165000,4.199000,4.157000,4.199000,4.150000,4.199000,4.142000,4.199000,changed
2025-04-02 16:20:00+00:00,2026-10-05T12:43:13Z,4.188000,4.226000,4.184000,4.218000,4.186000,4.226000,4.175000,4.218000,changed
2025-04-02 17:20:00+00:00,2026-10-05T12:43:13Z,4.217000,4.222000,4.203000,4.205000,4.211000,4.226000,4.203000,4.205000,changed
2025-04-02 18:20:00+00:00,2026-10-05T12:43:13Z,4.211000,4.213000,4.196000,4.196000,4.220000,4.220000,4.196000,4.196000,changed
2025-04-03 13:20:00+00:00,2026-10-05T12:43:13Z,4.063000,4.063000,4.004000,4.034000,4.021000,4.047000,4.004000,4.034000,changed
2025-04-03 14:20:00+00:00,2026-10-05T12:43:13Z,4.032000,4.047000,4.004000,4.032000,4.019000,4.044000,4.004000,4.032000,changed
2025-04-03 15:20:00+00:00,2026-10-05T12:43:13Z,4.030000,4.068000,4.008000,4.068000,4.014000,4.068000,4.008000,4.068000,changed
2025-04-03 16:20:00+00:00,2026-10-05T12:43:13Z,4.034000,4.068000,4.029000,4.044000,4.055000,4.068000,4.044000,4.044000,changed
2025-04-03 17:20:00+00:00,2026-10-05T12:43:13Z,4.066000,4.068000,4.032000,4.040000,4.049000,4.055000,4.032000,4.040000,changed
2025-04-03 18:20:00+00:00,2026-10-05T12:43:13Z,4.042000,4.059000,4.032000,4.055000,4.036000,4.059000,4.032000,4.055000,changed
2025-04-04 15:20:00+00:00,2026-10-05T12:43:13Z,3.916000,3.972000,3.910000,3.934000,3.912000,3.972000,3.912000,3.934000,changed
2025-04-07 13:20:00+00:00,2026-10-05T12:43:13Z,4.011000,4.210000,4.011000,4.140000,4.058000,4.210000,4.011000,4.140000,changed
2025-04-07 14:20:00+00:00,2026-10-05T12:43:13Z,4.032000,4.210000,4.011000,4.096000,4.066000,4.210000,4.062000,4.096000,changed
2025-04-07 15:20:00+00:00,2026-10-05T12:43:13Z,4.107000,4.145000,4.066000,4.128000,4.123000,4.142000,4.066000,4.128000,changed
2025-04-07 16:20:00+00:00,2026-10-05T12:43:13Z,4.096000,4.172000,4.096000,4.172000,4.128000,4.172000,4.113000,4.172000,changed
2025-04-07 17:20:00+00:00,2026-10-05T12:43:13Z,4.142000,4.197000,4.134000,4.163000,4.140000,4.197000,4.134000,4.163000,changed
2025-04-07 18:20:00+00:00,2026-10-05T12:43:13Z,4.176000,4.197000,4.140000,4.155000,4.164000,4.170000,4.140000,4.155000,changed
2025-04-10 15:20:00+00:00,2026-10-05T12:43:13Z,4.330000,4.382000,4.326000,4.368000,4.330000,4.382000,4.330000,4.368000,changed
2025-04-14 13:20:00+00:00,2026-10-05T12:43:13Z,4.452000,4.452000,4.392000,4.417000,4.436000,4.440000,4.392000,4.417000,changed
2025-04-14 14:20:00+00:00,2026-10-05T12:43:13Z,4.415000,4.438000,4.392000,4.409000,4.415000,4.438000,4.397000,4.409000,changed
2025-04-14 15:20:00+00:00,2026-10-05T12:43:13Z,4.407000,4.438000,4.397000,4.419000,4.436000,4.436000,4.397000,4.419000,changed
2025-04-14 16:20:00+00:00,2026-10-05T12:43:13Z,4.405000,4.427000,4.401000,4.405000,4.409000,4.427000,4.403000,4.405000,changed
2025-04-14 17:20:00+00:00,2026-10-05T12:43:13Z,4.423000,4.427000,4.372000,4.372000,4.425000,4.425000,4.372000,4.372000,changed
2025-04-14 18:20:00+00:00,2026-10-05T12:43:13Z,4.395000,4.395000,4.360000,4.364000,4.382000,4.386000,4.360000,4.364000,changed
2025-04-16 14:20:00+00:00,2026-10-05T12:43:13Z,4.325000,4.352000,4.321000,4.323000,4.325000,4.352000,4.323000,4.323000,changed
2025-04-17 13:20:00+00:00,2026-10-05T12:43:13Z,4.298000,4.304000,4.278000,4.300000,4.286000,4.304000,4.278000,4.300000,changed
2025-04-17 14:20:00+00:00,2026-10-05T12:43:13Z,4.298000,4.304000,4.282000,4.304000,4.294000,4.304000,4.286000,4.304000,changed
2025-04-17 15:20:00+00:00,2026-10-05T12:43:13Z,4.290000,4.329000,4.288000,4.319000,4.290000,4.329000,4.290000,4.319000,changed
2025-04-17 16:20:00+00:00,2026-10-05T12:43:13Z,4.304000,4.344000,4.304000,4.327000,4.317000,4.344000,4.307000,4.327000,changed
2025-04-17 17:20:00+00:00,2026-10-05T12:43:13Z,4.325000,4.344000,4.321000,4.333000,4.327000,4.336000,4.321000,4.333000,changed
2025-04-17 18:20:00+00:00,2026-10-05T12:43:13Z,4.333000,4.336000,4.327000,4.333000,4.327000,4.336000,4.327000,4.333000,changed
2025-04-21 13:20:00+00:00,2026-10-05T12:43:13Z,4.399000,4.401000,4.350000,4.350000,4.391000,4.391000,4.350000,4.350000,changed
2025-04-21 14:20:00+00:00,2026-10-05T12:43:13Z,4.381000,4.381000,4.333000,4.374000,4.362000,4.374000,4.333000,4.374000,changed
2025-04-21 15:20:00+00:00,2026-10-05T12:43:13Z,4.336000,4.377000,4.335000,4.368000,4.360000,4.377000,4.354000,4.368000,changed
2025-04-21 16:20:00+00:00,2026-10-05T12:43:13Z,4.362000,4.403000,4.360000,4.403000,4.370000,4.403000,4.362000,4.403000,changed
2025-04-21 17:20:00+00:00,2026-10-05T12:43:13Z,4.377000,4.407000,4.377000,4.391000,4.387000,4.407000,4.383000,4.391000,changed
2025-04-21 18:20:00+00:00,2026-10-05T12:43:13Z,4.401000,4.407000,4.387000,4.405000,4.401000,4.405000,4.387000,4.405000,changed
2025-04-28 13:20:00+00:00,2026-10-05T12:43:13Z,4.278000,4.295000,4.251000,4.253000,4.291000,4.293000,4.251000,4.253000,changed
2025-04-28 14:20:00+00:00,2026-10-05T12:43:13Z,4.280000,4.284000,4.229000,4.237000,4.268000,4.270000,4.229000,4.237000,changed
2025-04-28 15:20:00+00:00,2026-10-05T12:43:13Z,4.256000,4.256000,4.229000,4.235000,4.237000,4.243000,4.229000,4.235000,changed
2025-04-28 16:20:00+00:00,2026-10-05T12:43:13Z,4.239000,4.243000,4.216000,4.222000,4.237000,4.239000,4.216000,4.222000,changed
2025-04-28 17:20:00+00:00,2026-10-05T12:43:13Z,4.235000,4.239000,4.216000,4.229000,4.220000,4.229000,4.216000,4.229000,changed
2025-04-28 18:20:00+00:00,2026-10-05T12:43:13Z,4.222000,4.229000,4.214000,4.216000,4.229000,4.229000,4.214000,4.216000,changed
2025-04-01 15:20:00+00:00,2026-10-05T13:26:20Z,4.171000,4.173000,4.146000,4.169000,4.165000,4.173000,4.146000,4.169000,changed
2025-04-02 13:20:00+00:00,2026-10-05T13:26:20Z,4.127000,4.152000,4.110000,4.150000,4.129000,4.152000,4.110000,4.150000,changed
2025-04-02 14:20:00+00:00,2026-10-05T13:26:20Z,4.112000,4.167000,4.112000,4.161000,4.140000,4.167000,4.133000,4.161000,changed
2025-04-02 15:20:00+00:00,2026-10-05T13:26:20Z,4.150000,4.199000,4.142000,4.199000,4.165000,4.199000,4.157000,4.199000,changed
2025-04-02 16:20:00+00:00,2026-10-05T13:26:20Z,4.186000,4.226000,4.175000,4.218000,4.188000,4.226000,4.184000,4.218000,changed
2025-04-02 17:20:00+00:00,2026-10-05T13:26:20Z,4.211000,4.226000,4.203000,4.205000,4.217000,4.222000,4.203000,4.205000,changed
2025-04-02 18:20:00+00:00,2026-10-05T13:26:20Z,4.220000,4.220000,4.196000,4.196000,4.211000,4.213000,4.196000,4.196000,changed
2025-04-03 13:20:00+00:00,2026-10-05T13:26:20Z,4.021000,4.047000,4.004000,4.034000,4.063000,4.063000,4.004000,4.034000,changed
2025-04-03 14:20:00+00:00,2026-10-05T13:26:20Z,4.019000,4.044000,4.004000,4.032000,4.032000,4.047000,4.004000,4.032000,changed
2025-04-03 15:20:00+00:00,2026-10-05T13:26:20Z,4.014000,4.068000,4.008000,4.068000,4.030000,4.068000,4.008000,4.068000,changed
2025-04-03 16:20:00+00:00,2026-10-05T13:26:20Z,4.055000,4.068000,4.044000,4.044000,4.034000,4.068000,4.029000,4.044000,changed
2025-04-03 17:20:00+00:00,2026-10-05T13:26:20Z,4.049000,4.055000,4.032000,4.040000,4.066000,4.068000,4.032000,4.040000,changed
2025-04-03 18:20:00+00:00,2026-10-05T13:26:20Z,4.036000,4.059000,4.032000,4.055000,4.042000,4.059000,4.032000,4.055000,changed
2025-04-04 15:20:00+00:00,2026-10-05T13:26:20Z,3.912000,3.972000,3.912000,3.934000,3.916000,3.972000,3.910000,3.934000,changed
2025-04-07 13:20:00+00:00,2026-10-05T13:26:20Z,4.058000,4.210000,4.011000,4.140000,4.011000,4.210000,4.011000,4.140000,changed
2025-04-07 14:20:00+00:00,2026-10-05T13:26:20Z,4.066000,4.210000,4.062000,4.096000,4.032000,4.210000,4.011000,4.096000,changed
2025-04-07 15:20:00+00:00,2026-10-05T13:26:20Z,4.123000,4.142000,4.066000,4.128000,4.107000,4.145000,4.066000,4.128000,changed
2025-04-07 16:20:00+00:00,2026-10-05T13:26:20Z,4.128000,4.172000,4.113000,4.172000,4.096000,4.172000,4.096000,4.172000,changed
2025-04-07 17:20:00+00:00,2026-10-05T13:26:20Z,4.140000,4.197000,4.134000,4.163000,4.142000,4.197000,4.134000,4.163000,changed
2025-04-07 18:20:00+00:00,2026-10-05T13:26:20Z,4.164000,4.170000,4.140000,4.155000,4.176000,4.197000,4.140000,4.155000,changed
2025-04-10 15:20:00+00:00,2026-10-05T13:26:20Z,4.330000,4.382000,4.330000,4.368000,4.330000,4.382000,4.326000,4.368000,changed
2025-04-14 13:20:00+00:00,2026-10-05T13:26:20Z,4.436000,4.440000,4.392000,4.417000,4.452000,4.452000,4.392000,4.417000,changed
2025-04-14 14:20:00+00:00,2026-10-05T13:26:20Z,4.415000,4.438000,4.397000,4.409000,4.415000,4.438000,4.392000,4.409000,changed
2025-04-14 15:20:00+00:00,2026-10-05T13:26:20Z,4.436000,4.436000,4.397000,4.419000,4.407000,4.438000,4.397000,4.419000,changed
2025-04-14 16:20:00+00:00,2026-10-05T13:26:20Z,4.409000,4.427000,4.403000,4.405000,4.405000,4.427000,4.401000,4.405000,changed
2025-04-14 17:20:00+00:00,2026-10-05T13:26:20Z,4.425000,4.425000,4.372000,4.372000,4.423000,4.427000,4.372000,4.372000,changed
2025-04-14 18:20:00+00:00,2026-10-05T13:26:20Z,4.382000,4.386000,4.360000,4.364000,4.395000,4.395000,4.360000,4.364000,changed
2025-04-16 14:20:00+00:00,2026-10-05T13:26:20Z,4.325000,4.352000,4.323000,4.323000,4.325000,4.352000,4.321000,4.323000,changed
2025-04-17 13:20:00+00:00,2026-10-05T13:26:20Z,4.286000,4.304000,4.278000,4.300000,4.298000,4.304000,4.278000,4.300000,changed
2025-04-17 14:20:00+00:00,2026-10-05T13:26:20Z,4.294000,4.304000,4.286000,4.304000,4.298000,4.304000,4.282000,4.304000,changed
2025-04-17 15:20:00+00:00,2026-10-05T13:26:20Z,4.290000,4.329000,4.290000,4.319000,4.290000,4.329000,4.288000,4.319000,changed
2025-04-17 16:20:00+00:00,2026-10-05T13:26:20Z,4.317000,4.344000,4.307000,4.327000,4.304000,4.344000,4.304000,4.327000,changed
2025-04-17 17:20:00+00:00,2026-10-05T13:26:20Z,4.327000,4.336000,4.321000,4.333000,4.325000,4.344000,4.321000,4.333000,changed
2025-04-17 18:20:00+00:00,2026-10-05T13:26:20Z,4.327000,4.336000,4.327000,4.333000,4.333000,4.336000,4.327000,4.333000,changed
2025-04-21 13:20:00+00:00,2026-10-05T13:26:20Z,4.391000,4.391000,4.350000,4.350000,4.399000,4.401000,4.350000,4.350000,changed
2025-04-21 14:20:00+00:00,2026-10-05T13:26:20Z,4.362000,4.374000,4.333000,4.374000,4.381000,4.381000,4.333000,4.374000,changed
2025-04-21 15:20:00+00:00,2026-10-05T13:26:20Z,4.360000,4.377000,4.354000,4.368000,4.336000,4.377000,4.335000,4.368000,changed
2025-04-21 16:20:00+00:00,2026-10-05T13:26:20Z,4.370000,4.403000,4.362000,4.403000,4.362000,4.403000,4.360000,4.403000,changed
2025-04-21 17:20:00+00:00,2026-10-05T13:26:20Z,4.387000,4.407000,4.383000,4.391000,4.377000,4.407000,4.377000,4.391000,changed
2025-04-21 18:20:00+00:00,2026-10-05T13:26:20Z,4.401000,4.405000,4.387000,4.405000,4.401000,4.407000,4.387000,4.405000,changed
2025-04-28 13:20:00+00:00,2026-10-05T13:26:20Z,4.291000,4.293000,4.251000,4.253000,4.278000,4.295000,4.251000,4.253000,changed
2025-04-28 14:20:00+00:00,2026-10-05T13:26:20Z,4.268000,4.270000,4.229000,4.237000,4.280000,4.284000,4.229000,4.237000,changed
2025-04-28 15:20:00+00:00,2026-10-05T13:26:20Z,4.237000,4.243000,4.229000,4.235000,4.256000,4.256000,4.229000,4.235000,changed
2025-04-28 16:20:00+00:00,2026-10-05T13:26:20Z,4.237000,4.239000,4.216000,4.222000,4.239000,4.243000,4.216000,4.222000,changed
2025-04-28 17:20:00+00:00,2026-10-05T13:26:20Z,4.220000,4.229000,4.216000,4.229000,4.235000,4.239000,4.216000,4.229000,changed
2025-04-28 18:20:00+00:00,2026-10-05T13:26:20Z,4.229000,4.229000,4.214000,4.216000,4.222000,4.229000,4.214000,4.216000,changed
2025-04-01 15:20:00+00:00,2026-10-05T14:21:32Z,4.165000,4.173000,4.146000,4.169000,4.171000,4.173000,4.146000,4.169000,changed
2025-04-02 13:20:00+00:00,2026-10-05T14:21:32Z,4.129000,4.152000,4.110000,4.150000,4.127000,4.152000,4.110000,4.150000,changed
2025-04-02 14:20:00+00:00,2026-10-05T14:21:32Z,4.140000,4.167000,4.133000,4.161000,4.112000,4.167000,4.112000,4.161000,changed
2025-04-02 15:20:00+00:00,2026-10-05T14:21:32Z,4.165000,4.199000,4.157000,4.199000,4.150000,4.199000,4.142000,4.199000,changed
2025-04-02 16:20:00+00:00,2026-10-05T14:21:32Z,4.188000,4.226000,4.184000,4.218000,4.186000,4.226000,4.175000,4.218000,changed
2025-04-02 17:20:00+00:00,2026-10-05T14:21:32Z,4.217000,4.222000,4.203000,4.205000,4.211000,4.226000,4.203000,4.205000,changed
2025-04-02 18:20:00+00:00,2026-10-05T14:21:32Z,4.211000,4.213000,4.196000,4.196000,4.220000,4.220000,4.196000,4.196000,changed
2025-04-03 13:20:00+00:00,2026-10-05T14:21:32Z,4.063000,4.063000,4.004000,4.034000,4.021000,4.047000,4.004000,4.034000,changed
2025-04-03 14:20:00+00:00,2026-10-05T14:21:32Z,4.032000,4.047000,4.004000,4.032000,4.019000,4.044000,4.004000,4.032000,changed
2025-04-03 15:20:00+00:00,2026-10-05T14:21:32Z,4.030000,4.068000,4.008000,4.068000,4.014000,4.068000,4.008000,4.068000,changed
2025-04-03 16:20:00+00:00,2026-10-05T14:21:32Z,4.034000,4.068000,4.029000,4.044000,4.055000,4.068000,4.044000,4.044000,changed
2025-04-03 17:20:00+00:00,2026-10-05T14:21:32Z,4.066000,4.068000,4.032000,4.040000,4.049000,4.055000,4.032000,4.040000,changed
2025-04-03 18:20:00+00:00,2026-10-05T14:21:32Z,4.042000,4.059000,4.032000,4.055000,4.036000,4.059000,4.032000,4.055000,changed
2025-04-04 15:20:00+00:00,2026-10-05T14:21:32Z,3.916000,3.972000,3.910000,3.934000,3.912000,3.972000,3.912000,3.934000,changed
2025-04-07 13:20:00+00:00,2026-10-05T14:21:32Z,4.011000,4.210000,4.011000,4.140000,4.058000,4.210000,4.011000,4.140000,changed
2025-04-07 14:20:00+00:00,2026-10-05T14:21:32Z,4.032000,4.210000,4.011000,4.096000,4.066000,4.210000,4.062000,4.096000,changed
2025-04-07 15:20:00+00:00,2026-10-05T14:21:32Z,4.107000,4.145000,4.066000,4.128000,4.123000,4.142000,4.066000,4.128000,changed
2025-04-07 16:20:00+00:00,2026-10-05T14:21:32Z,4.096000,4.172000,4.096000,4.172000,4.128000,4.172000,4.113000,4.172000,changed
2025-04-07 17:20:00+00:00,2026-10-05T14:21:32Z,4.142000,4.197000,4.134000,4.163000,4.140000,4.197000,4.134000,4.163000,changed
2025-04-07 18:20:00+00:00,2026-10-05T14:21:32Z,4.176000,4.197000,4.140000,4.155000,4.164000,4.170000,4.140000,4.155000,changed
2025-04-10 15:20:00+00:00,2026-10-05T14:21:32Z,4.330000,4.382000,4.326000,4.368000,4.330000,4.382000,4.330000,4.368000,changed
2025-04-14 13:20:00+00:00,2026-10-05T14:21:32Z,4.452000,4.452000,4.392000,4.417000,4.436000,4.440000,4.392000,4.417000,changed
2025-04-14 14:20:00+00:00,2026-10-05T14:21:32Z,4.415000,4.438000,4.392000,4.409000,4.415000,4.438000,4.397000,4.409000,changed
2025-04-14 15:20:00+00:00,2026-10-05T14:21:32Z,4.407000,4.438000,4.397000,4.419000,4.436000,4.436000,4.397000,4.419000,changed
2025-04-14 16:20:00+00:00,2026-10-05T14:21:32Z,4.405000,4.427000,4.401000,4.405000,4.409000,4.427000,4.403000,4.405000,changed
2025-04-14 17:20:00+00:00,2026-10-05T14:21:32Z,4.423000,4.427000,4.372000,4.372000,4.425000,4.425000,4.372000,4.372000,changed
2025-04-14 18:20:00+00:00,2026-10-05T14:21:32Z,4.395000,4.395000,4.360000,4.364000,4.382000,4.386000,4.360000,4.364000,changed
2025-04-16 14:20:00+00:00,2026-10-05T14:21:32Z,4.325000,4.352000,4.321000,4.323000,4.325000,4.352000,4.323000,4.323000,changed
2025-04-17 13:20:00+00:00,2026-10-05T14:21:32Z,4.298000,4.304000,4.278000,4.300000,4.286000,4.304000,4.278000,4.300000,changed
2025-04-17 14:20:00+00:00,2026-10-05T14:21:32Z,4.298000,4.304000,4.282000,4.304000,4.294000,4.304000,4.286000,4.304000,changed
2025-04-17 15:20:00+00:00,2026-10-05T14:21:32Z,4.290000,4.329000,4.288000,4.319000,4.290000,4.329000,4.290000,4.319000,changed
2025-04-17 16:20:00+00:00,2026-10-05T14:21:32Z,4.304000,4.344000,4.304000,4.327000,4.317000,4.344000,4.307000,4.327000,changed
2025-04-17 17:20:00+00:00,2026-10-05T14:21:32Z,4.325000,4.344000,4.321000,4.333000,4.327000,4.336000,4.321000,4.333000,changed
2025-04-17 18:20:00+00:00,2026-10-05T14:21:32Z,4.333000,4.336000,4.327000,4.333000,4.327000,4.336000,4.327000,4.333000,changed
2025-04-21 13:20:00+00:00,2026-10-05T14:21:32Z,4.399000,4.401000,4.350000,4.350000,4.391000,4.391000,4.350000,4.350000,changed
2025-04-21 14:20:00+00:00,2026-10-05T14:21:32Z,4.381000,4.381000,4.333000,4.374000,4.362000,4.374000,4.333000,4.374000,changed
2025-04-21 15:20:00+00:00,2026-10-05T14:21:32Z,4.336000,4.377000,4.335000,4.368000,4.360000,4.377000,4.354000,4.368000,changed
2025-04-21 16:20:00+00:00,2026-10-05T14:21:32Z,4.362000,4.403000,4.360000,4.403000,4.370000,4.403000,4.362000,4.403000,changed
2025-04-21 17:20:00+00:00,2026-10-05T14:21:32Z,4.377000,4.407000,4.377000,4.391000,4.387000,4.407000,4.383000,4.391000,changed
2025-04-21 18:20:00+00:00,2026-10-05T14:21:32Z,4.401000,4.407000,4.387000,4.405000,4.401000,4.405000,4.387000,4.405000,changed
2025-04-28 13:20:00+00:00,2026-10-05T14:21:32Z,4.278000,4.295000,4.251000,4.253000,4.291000,4.293000,4.251000,4.253000,changed
2025-04-28 14:20:00+00:00,2026-10-05T14:21:32Z,4.280000,4.284000,4.229000,4.237000,4.268000,4.270000,4.229000,4.237000,changed
2025-04-28 15:20:00+00:00,2026-10-05T14:21:32Z,4.256000,4.256000,4.229000,4.235000,4.237000,4.243000,4.229000,4.235000,changed
2025-04-28 16:20:00+00:00,2026-10-05T14:21:32Z,4.239000,4.243000,4.216000,4.222000,4.237000,4.239000,4.216000,4.222000,changed
2025-04-28 17:20:00+00:00,2026-10-05T14:21:32Z,4.235000,4.239000,4.216000,4.229000,4.220000,4.229000,4.216000,4.229000,changed
2025-04-28 18:20:00+00:00,2026-10-05T14:21:32Z,4.222000,4.229000,4.214000,4.216000,4.229000,4.229000,4.214000,4.216000,changed
2025-04-01 15:20:00+00:00,2026-10-05T14:46:26Z,4.171000,4.173000,4.146000,4.169000,4.165000,4.173000,4.146000,4.169000,changed
2025-04-02 13:20:00+00:00,2026-10-05T14:46:26Z,4.127000,4.152000,4.110000,4.150000,4.129000,4.152000,4.110000,4.150000,changed
2025-04-02 14:20:00+00:00,2026-10-05T14:46:26Z,4.112000,4.167000,4.112000,4.161000,4.140000,4.167000,4.133000,4.161000,changed
2025-04-02 15:20:00+00:00,2026-10-05T14:46:26Z,4.150000,4.199000,4.142000,4.199000,4.165000,4.199000,4.157000,4.199000,changed
2025-04-02 16:20:00+00:00,2026-10-05T14:46:26Z,4.186000,4.226000,4.175000,4.218000,4.188000,4.226000,4.184000,4.218000,changed
2025-04-02 17:20:00+00:00,2026-10-05T14:46:26Z,4.211000,4.226000,4.203000,4.205000,4.217000,4.222000,4.203000,4.205000,changed
2025-04-02 18:20:00+00:00,2026-10-05T14:46:26Z,4.220000,4.220000,4.196000,4.196000,4.211000,4.213000,4.196000,4.196000,changed
2025-04-03 13:20:00+00:00,2026-10-05T14:46:26Z,4.021000,4.047000,4.004000,4.034000,4.063000,4.063000,4.004000,4.034000,changed
2025-04-03 14:20:00+00:00,2026-10-05T14:46:26Z,4.019000,4.044000,4.004000,4.032000,4.032000,4.047000,4.004000,4.032000,changed
2025-04-03 15:20:00+00:00,2026-10-05T14:46:26Z,4.014000,4.068000,4.008000,4.068000,4.030000,4.068000,4.008000,4.068000,changed
2025-04-03 16:20:00+00:00,2026-10-05T14:46:26Z,4.055000,4.068000,4.044000,4.044000,4.034000,4.068000,4.029000,4.044000,changed
2025-04-03 17:20:00+00:00,2026-10-05T14:46:26Z,4.049000,4.055000,4.032000,4.040000,4.066000,4.068000,4.032000,4.040000,changed
2025-04-03 18:20:00+00:00,2026-10-05T14:46:26Z,4.036000,4.059000,4.032000,4.055000,4.042000,4.059000,4.032000,4.055000,changed
2025-04-04 15:20:00+00:00,2026-10-05T14:46:26Z,3.912000,3.972000,3.912000,3.934000,3.916000,3.972000,3.910000,3.934000,changed
2025-04-07 13:20:00+00:00,2026-10-05T14:46:26Z,4.058000,4.210000,4.011000,4.140000,4.011000,4.210000,4.011000,4.140000,changed
2025-04-07 14:20:00+00:00,2026-10-05T14:46:26Z,4.066000,4.210000,4.062000,4.096000,4.032000,4.210000,4.011000,4.096000,changed
2025-04-07 15:20:00+00:00,2026-10-05T14:46:26Z,4.123000,4.142000,4.066000,4.128000,4.107000,4.145000,4.066000,4.128000,changed
2025-04-07 16:20:00+00:00,2026-10-05T14:46:26Z,4.128000,4.172000,4.113000,4.172000,4.096000,4.172000,4.096000,4.172000,changed
2025-04-07 17:20:00+00:00,2026-10-05T14:46:26Z,4.140000,4.197000,4.134000,4.163000,4.142000,4.197000,4.134000,4.163000,changed
2025-04-07 18:20:00+00:00,2026-10-05T14:46:26Z,4.164000,4.170000,4.140000,4.155000,4.176000,4.197000,4.140000,4.155000,changed
2025-04-10 15:20:00+00:00,2026-10-05T14:46:26Z,4.330000,4.382000,4.330000,4.368000,4.330000,4.382000,4.326000,4.368000,changed
2025-04-14 13:20:00+00:00,2026-10-05T14:46:26Z,4.436000,4.440000,4.392000,4.417000,4.452000,4.452000,4.392000,4.417000,changed
2025-04-14 14:20:00+00:00,2026-10-05T14:46:26Z,4.415000,4.438000,4.397000,4.409000,4.415000,4.438000,4.392000,4.409000,changed
2025-04-14 15:20:00+00:00,2026-10-05T14:46:26Z,4.436000,4.436000,4.397000,4.419000,4.407000,4.438000,4.397000,4.419000,changed
2025-04-14 16:20:00+00:00,2026-10-05T14:46:26Z,4.409000,4.427000,4.403000,4.405000,4.405000,4.427000,4.401000,4.405000,changed
2025-04-14 17:20:00+00:00,2026-10-05T14:46:26Z,4.425000,4.425000,4.372000,4.372000,4.423000,4.427000,4.372000,4.372000,changed
2025-04-14 18:20:00+00:00,2026-10-05T14:46:26Z,4.382000,4.386000,4.360000,4.364000,4.395000,4.395000,4.360000,4.364000,changed
2025-04-16 14:20:00+00:00,2026-10-05T14:46:26Z,4.325000,4.352000,4.323000,4.323000,4.325000,4.352000,4.321000,4.323000,changed
2025-04-17 13:20:00+00:00,2026-10-05T14:46:26Z,4.286000,4.304000,4.278000,4.300000,4.298000,4.304000,4.278000,4.300000,changed
2025-04-17 14:20:00+00:00,2026-10-05T14:46:26Z,4.294000,4.304000,4.286000,4.304000,4.298000,4.304000,4.282000,4.304000,changed
2025-04-17 15:20:00+00:00,2026-10-05T14:46:26Z,4.290000,4.329000,4.290000,4.319000,4.290000,4.329000,4.288000,4.319000,changed
2025-04-17 16:20:00+00:00,2026-10-05T14:46:26Z,4.317000,4.344000,4.307000,4.327000,4.304000,4.344000,4.304000,4.327000,changed
2025-04-17 17:20:00+00:00,2026-10-05T14:46:26Z,4.327000,4.336000,4.321000,4.333000,4.325000,4.344000,4.321000,4.333000,changed
2025-04-17 18:20:00+00:00,2026-10-05T14:46:26Z,4.327000,4.336000,4.327000,4.333000,4.333000,4.336000,4.327000,4.333000,changed
2025-04-21 13:20:00+00:00,2026-10-05T14:46:26Z,4.391000,4.391000,4.350000,4.350000,4.399000,4.401000,4.350000,4.350000,changed
2025-04-21 14:20:00+00:00,2026-10-05T14:46:26Z,4.362000,4.374000,4.333000,4.374000,4.381000,4.381000,4.333000,4.374000,changed
2025-04-21 15:20:00+00:00,2026-10-05T14:46:26Z,4.360000,4.377000,4.354000,4.368000,4.336000,4.377000,4.335000,4.368000,changed
2025-04-21 16:20:00+00:00,2026-10-05T14:46:26Z,4.370000,4.403000,4.362000,4.403000,4.362000,4.403000,4.360000,4.403000,changed
2025-04-21 17:20:00+00:00,2026-10-05T14:46:26Z,4.387000,4.407000,4.383000,4.391000,4.377000,4.407000,4.377000,4.391000,changed
2025-04-21 18:20:00+00:00,2026-10-05T14:46:26Z,4.401000,4.405000,4.387000,4.405000,4.401000,4.407000,4.387000,4.405000,changed
2025-04-28 13:20:00+00:00,2026-10-05T14:46:26Z,4.291000,4.293000,4.251000,4.253000,4.278000,4.295000,4.251000,4.253000,changed
2025-04-28 14:20:00+00:00,2026-10-05T14:46:26Z,4.268000,4.270000,4.229000,4.237000,4.280000,4.284000,4.229000,4.237000,changed
2025-04-28 15:20:00+00:00,2026-10-05T14:46:26Z,4.237000,4.243000,4.229000,4.235000,4.256000,4.256000,4.229000,4.235000,changed
2025-04-28 16:20:00+00:00,2026-10-05T14:46:26Z,4.237000,4.239000,4.216000,4.222000,4.239000,4.243000,4.216000,4.222000,changed
2025-04-28 17:20:00+00:00,2026-10-05T14:46:26Z,4.220000,4.229000,4.216000,4.229000,4.235000,4.239000,4.216000,4.229000,changed
2025-04-28 18:20:00+00:00,2026-10-05T14:46:26Z,4.229000,4.229000,4.214000,4.216000,4.222000,4.229000,4.214000,4.216000,changed
2025-04-01 15:20:00+00:00,2026-10-05T15:58:06Z,4.165000,4.173000,4.146000,4.169000,4.171000,4.173000,4.146000,4.169000,changed
2025-04-02 13:20:00+00:00,2026-10-05T15:58:06Z,4.129000,4.152000,4.110000,4.150000,4.127000,4.152000,4.110000,4.150000,changed
2025-04-02 14:20:00+00:00,2026-10-05T15:58:06Z,4.140000,4.167000,4.133000,4.161000,4.112000,4.167000,4.112000,4.161000,changed
2025-04-02 15:20:00+00:00,2026-10-05T15:58:06Z,4.165000,4.199000,4.157000,4.199000,4.150000,4.199000,4.142000,4.199000,changed
2025-04-02 16:20:00+00:00,2026-10-05T15:58:06Z,4.188000,4.226000,4.184000,4.218000,4.186000,4.226000,4.175000,4.218000,changed
2025-04-02 17:20:00+00:00,2026-10-05T15:58:06Z,4.217000,4.222000,4.203000,4.205000,4.211000,4.226000,4.203000,4.205000,changed
2025-04-02 18:20:00+00:00,2026-10-05T15:58:06Z,4.211000,4.213000,4.196000,4.196000,4.220000,4.220000,4.196000,4.196000,changed
2025-04-03 13:20:00+00:00,2026-10-05T15:58:06Z,4.063000,4.063000,4.004000,4.034000,4.021000,4.047000,4.004000,4.034000,changed
2025-04-03 14:20:00+00:00,2026-10-05T15:58:06Z,4.032000,4.047000,4.004000,4.032000,4.019000,4.044000,4.004000,4.032000,changed
2025-04-03 15:20:00+00:00,2026-10-05T15:58:06Z,4.030000,4.068000,4.008000,4.068000,4.014000,4.068000,4.008000,4.068000,changed
2025-04-03 16:20:00+00:00,2026-10-05T15:58:06Z,4.034000,4.068000,4.029000,4.044000,4.055000,4.068000,4.044000,4.044000,changed
2025-04-03 17:20:00+00:00,2026-10-05T15:58:06Z,4.066000,4.068000,4.032000,4.040000,4.049000,4.055000,4.032000,4.040000,changed
2025-04-03 18:20:00+00:00,2026-10-05T15:58:06Z,4.042000,4.059000,4.032000,4.055000,4.036000,4.059000,4.032000,4.055000,changed
2025-04-04 15:20:00+00:00,2026-10-05T15:58:06Z,3.916000,3.972000,3.910000,3.934000,3.912000,3.972000,3.912000,3.934000,changed
2025-04-07 13:20:00+00:00,2026-10-05T15:58:06Z,4.011000,4.210000,4.011000,4.140000,4.058000,4.210000,4.011000,4.140000,changed
2025-04-07 14:20:00+00:00,2026-10-05T15:58:06Z,4.032000,4.210000,4.011000,4.096000,4.066000,4.210000,4.062000,4.096000,changed
2025-04-07 15:20:00+00:00,2026-10-05T15:58:06Z,4.107000,4.145000,4.066000,4.128000,4.123000,4.142000,4.066000,4.128000,changed
2025-04-07 16:20:00+00:00,2026-10-05T15:58:06Z,4.096000,4.172000,4.096000,4.172000,4.128000,4.172000,4.113000,4.172000,changed
2025-04-07 17:20:00+00:00,2026-10-05T15:58:06Z,4.142000,4.197000,4.134000,4.163000,4.140000,4.197000,4.134000,4.163000,changed
2025-04-07 18:20:00+00:00,2026-10-05T15:58:06Z,4.176000,4.197000,4.140000,4.155000,4.164000,4.170000,4.140000,4.155000,changed
2025-04-10 15:20:00+00:00,2026-10-05T15:58:06Z,4.330000,4.382000,4.326000,4.368000,4.330000,4.382000,4.330000,4.368000,changed
2025-04-14 13:20:00+00:00,2026-10-05T15:58:06Z,4.452000,4.452000,4.392000,4.417000,4.436000,4.440000,4.392000,4.417000,changed
2025-04-14 14:20:00+00:00,2026-10-05T15:58:06Z,4.415000,4.438000,4.392000,4.409000,4.415000,4.438000,4.397000,4.409000,changed
2025-04-14 15:20:00+00:00,2026-10-05T15:58:06Z,4.407000,4.438000,4.397000,4.419000,4.436000,4.436000,4.397000,4.419000,changed
2025-04-14 16:20:00+00:00,2026-10-05T15:58:06Z,4.405000,4.427000,4.401000,4.405000,4.409000,4.427000,4.403000,4.405000,changed
2025-04-14 17:20:00+00:00,2026-10-05T15:58:06Z,4.423000,4.427000,4.372000,4.372000,4.425000,4.425000,4.372000,4.372000,changed
2025-04-14 18:20:00+00:00,2026-10-05T15:58:06Z,4.395000,4.395000,4.360000,4.364000,4.382000,4.386000,4.360000,4.364000,changed
2025-04-16 14:20:00+00:00,2026-10-05T15:58:06Z,4.325000,4.352000,4.321000,4.323000,4.325000,4.352000,4.323000,4.323000,changed
2025-04-17 13:20:00+00:00,2026-10-05T15:58:06Z,4.298000,4.304000,4.278000,4.300000,4.286000,4.304000,4.278000,4.300000,changed
2025-04-17 14:20:00+00:00,2026-10-05T15:58:06Z,4.298000,4.304000,4.282000,4.304000,4.294000,4.304000,4.286000,4.304000,changed
2025-04-17 15:20:00+00:00,2026-10-05T15:58:06Z,4.290000,4.329000,4.288000,4.319000,4.290000,4.329000,4.290000,4.319000,changed
2025-04-17 16:20:00+00:00,2026-10-05T15:58:06Z,4.304000,4.344000,4.304000,4.327000,4.317000,4.344000,4.307000,4.327000,changed
2025-04-17 17:20:00+00:00,2026-10-05T15:58:06Z,4.325000,4.344000,4.321000,4.333000,4.327000,4.336000,4.321000,4.333000,changed
2025-04-17 18:20:00+00:00,2026-10-05T15:58:06Z,4.333000,4.336000,4.327000,4.333000,4.327000,4.336000,4.327000,4.333000,changed
2025-04-21 13:20:00+00:00,2026-10-05T15:58:06Z,4.399000,4.401000,4.350000,4.350000,4.391000,4.391000,4.350000,4.350000,changed
2025-04-21 14:20:00+00:00,2026-10-05T15:58:06Z,4.381000,4.381000,4.333000,4.374000,4.362000,4.374000,4.333000,4.374000,changed
2025-04-21 15:20:00+00:00,2026-10-05T15:58:06Z,4.336000,4.377000,4.335000,4.368000,4.360000,4.377000,4.354000,4.368000,changed
2025-04-21 16:20:00+00:00,2026-10-05T15:58:06Z,4.362000,4.403000,4.360000,4.403000,4.370000,4.403000,4.362000,4.403000,changed
2025-04-21 17:20:00+00:00,2026-10-05T15:58:06Z,4.377000,4.407000,4.377000,4.391000,4.387000,4.407000,4.383000,4.391000,changed
2025-04-21 18:20:00+00:00,2026-10-05T15:58:06Z,4.401000,4.407000,4.387000,4.405000,4.401000,4.405000,4.387000,4.405000,changed
2025-04-28 13:20:00+00:00,2026-10-05T15:58:06Z,4.278000,4.295000,4.251000,4.253000,4.291000,4.293000,4.251000,4.253000,changed
2025-04-28 14:20:00+00:00,2026-10-05T15:58:06Z,4.280000,4.284000,4.229000,4.237000,4.268000,4.270000,4.229000,4.237000,changed
2025-04-28 15:20:00+00:00,2026-10-05T15:58:06Z,4.256000,4.256000,4.229000,4.235000,4.237000,4.243000,4.229000,4.235000,changed
2025-04-28 16:20:00+00:00,2026-10-05T15:58:06Z,4.239000,4.243000,4.216000,4.222000,4.237000,4.239000,4.216000,4.222000,changed
2025-04-28 17:20:00+00:00,2026-10-05T15:58:06Z,4.235000,4.239000,4.216000,4.229000,4.220000,4.229000,4.216000,4.229000,changed
2025-04-28 18:20:00+00:00,2026-10-05T15:58:06Z,4.222000,4.229000,4.214000,4.216000,4.229000,4.229000,4.214000,4.216000,changed
2025-04-01 15:20:00+00:00,2026-10-05T18:35:37Z,4.171000,4.173000,4.146000,4.169000,4.165000,4.173000,4.146000,4.169000,changed
2025-04-02 13:20:00+00:00,2026-10-05T18:35:37Z,4.127000,4.152000,4.110000,4.150000,4.129000,4.152000,4.110000,4.150000,changed
2025-04-02 14:20:00+00:00,2026-10-05T18:35:37Z,4.112000,4.167000,4.112000,4.161000,4.140000,4.167000,4.133000,4.161000,changed
2025-04-02 15:20:00+00:00,2026-10-05T18:35:37Z,4.150000,4.199000,4.142000,4.199000,4.165000,4.199000,4.157000,4.199000,changed
2025-04-02 16:20:00+00:00,2026-10-05T18:35:37Z,4.186000,4.226000,4.175000,4.218000,4.188000,4.226000,4.184000,4.218000,changed
2025-04-02 17:20:00+00:00,2026-10-05T18:35:37Z,4.211000,4.226000,4.203000,4.205000,4.217000,4.222000,4.203000,4.205000,changed
2025-04-02 18:20:00+00:00,2026-10-05T18:35:37Z,4.220000,4.220000,4.196000,4.196000,4.211000,4.213000,4.196000,4.196000,changed
2025-04-03 13:20:00+00:00,2026-10-05T18:35:37Z,4.021000,4.047000,4.004000,4.034000,4.063000,4.063000,4.004000,4.034000,changed
2025-04-03 14:20:00+00:00,2026-10-05T18:35:37Z,4.019000,4.044000,4.004000,4.032000,4.032000,4.047000,4.004000,4.032000,changed
2025-04-03 15:20:00+00:00,2026-10-05T18:35:37Z,4.014000,4.068000,4.008000,4.068000,4.030000,4.068000,4.008000,4.068000,changed
2025-04-03 16:20:00+00:00,2026-10-05T18:35:37Z,4.055000,4.068000,4.044000,4.044000,4.034000,4.068000,4.029000,4.044000,changed
2025-04-03 17:20:00+00:00,2026-10-05T18:35:37Z,4.049000,4.055000,4.032000,4.040000,4.066000,4.068000,4.032000,4.040000,changed
2025-04-03 18:20:00+00:00,2026-10-05T18:35:37Z,4.036000,4.059000,4.032000,4.055000,4.042000,4.059000,4.032000,4.055000,changed
2025-04-04 15:20:00+00:00,2026-10-05T18:35:37Z,3.912000,3.972000,3.912000,3.934000,3.916000,3.972000,3.910000,3.934000,changed
2025-04-07 13:20:00+00:00,2026-10-05T18:35:37Z,4.058000,4.210000,4.011000,4.140000,4.011000,4.210000,4.011000,4.140000,changed
2025-04-07 14:20:00+00:00,2026-10-05T18:35:37Z,4.066000,4.210000,4.062000,4.096000,4.032000,4.210000,4.011000,4.096000,changed
2025-04-07 15:20:00+00:00,2026-10-05T18:35:37Z,4.123000,4.142000,4.066000,4.128000,4.107000,4.145000,4.066000,4.128000,changed
2025-04-07 16:20:00+00:00,2026-10-05T18:35:37Z,4.128000,4.172000,4.113000,4.172000,4.096000,4.172000,4.096000,4.172000,changed
2025-04-07 17:20:00+00:00,2026-10-05T18:35:37Z,4.140000,4.197000,4.134000,4.163000,4.142000,4.197000,4.134000,4.163000,changed
2025-04-07 18:20:00+00:00,2026-10-05T18:35:37Z,4.164000,4.170000,4.140000,4.155000,4.176000,4.197000,4.140000,4.155000,changed
2025-04-10 15:20:00+00:00,2026-10-05T18:35:37Z,4.330000,4.382000,4.330000,4.368000,4.330000,4.382000,4.326000,4.368000,changed
2025-04-14 13:20:00+00:00,2026-10-05T18:35:37Z,4.436000,4.440000,4.392000,4.417000,4.452000,4.452000,4.392000,4.417000,changed
2025-04-14 14:20:00+00:00,2026-10-05T18:35:37Z,4.415000,4.438000,4.397000,4.409000,4.415000,4.438000,4.392000,4.409000,changed
2025-04-14 15:20:00+00:00,2026-10-05T18:35:37Z,4.436000,4.436000,4.397000,4.419000,4.407000,4.438000,4.397000,4.419000,changed
2025-04-14 16:20:00+00:00,2026-10-05T18:35:37Z,4.409000,4.427000,4.403000,4.405000,4.405000,4.427000,4.401000,4.405000,changed
2025-04-14 17:20:00+00:00,2026-10-05T18:35:37Z,4.425000,4.425000,4.372000,4.372000,4.423000,4.427000,4.372000,4.372000,changed
2025-04-14 18:20:00+00:00,2026-10-05T18:35:37Z,4.382000,4.386000,4.360000,4.364000,4.395000,4.395000,4.360000,4.364000,changed
2025-04-16 14:20:00+00:00,2026-10-05T18:35:37Z,4.325000,4.352000,4.323000,4.323000,4.325000,4.352000,4.321000,4.323000,changed
2025-04-17 13:20:00+00:00,2026-10-05T18:35:37Z,4.286000,4.304000,4.278000,4.300000,4.298000,4.304000,4.278000,4.300000,changed
2025-04-17 14:20:00+00:00,2026-10-05T18:35:37Z,4.294000,4.304000,4.286000,4.304000,4.298000,4.304000,4.282000,4.304000,changed
2025-04-17 15:20:00+00:00,2026-10-05T18:35:37Z,4.290000,4.329000,4.290000,4.319000,4.290000,4.329000,4.288000,4.319000,changed
2025-04-17 16:20:00+00:00,2026-10-05T18:35:37Z,4.317000,4.344000,4.307000,4.327000,4.304000,4.344000,4.304000,4.327000,changed
2025-04-17 17:20:00+00:00,2026-10-05T18:35:37Z,4.327000,4.336000,4.321000,4.333000,4.325000,4.344000,4.321000,4.333000,changed
2025-04-17 18:20:00+00:00,2026-10-05T18:35:37Z,4.327000,4.336000,4.327000,4.333000,4.333000,4.336000,4.327000,4.333000,changed
2025-04-21 13:20:00+00:00,2026-10-05T18:35:37Z,4.391000,4.391000,4.350000,4.350000,4.399000,4.401000,4.350000,4.350000,changed
2025-04-21 14:20:00+00:00,2026-10-05T18:35:37Z,4.362000,4.374000,4.333000,4.374000,4.381000,4.381000,4.333000,4.374000,changed
2025-04-21 15:20:00+00:00,2026-10-05T18:35:37Z,4.360000,4.377000,4.354000,4.368000,4.336000,4.377000,4.335000,4.368000,changed
2025-04-21 16:20:00+00:00,2026-10-05T18:35:37Z,4.370000,4.403000,4.362000,4.403000,4.362000,4.403000,4.360000,4.403000,changed
2025-04-21 17:20:00+00:00,2026-10-05T18:35:37Z,4.387000,4.407000,4.383000,4.391000,4.377000,4.407000,4.377000,4.391000,changed
2025-04-21 18:20:00+00:00,2026-10-05T18:35:37Z,4.401000,4.405000,4.387000,4.405000,4.401000,4.407000,4.387000,4.405000,changed
2025-04-28 13:20:00+00:00,2026-10-05T18:35:37Z,4.291000,4.293000,4.251000,4.253000,4.278000,4.295000,4.251000,4.253000,changed
2025-04-28 14:20:00+00:00,2026-10-05T18:35:37Z,4.268000,4.270000,4.229000,4.237000,4.280000,4.284000,4.229000,4.237000,changed
2025-04-28 15:20:00+00:00,2026-10-05T18:35:37Z,4.237000,4.243000,4.229000,4.235000,4.256000,4.256000,4.229000,4.235000,changed
2025-04-28 16:20:00+00:00,2026-10-05T18:35:37Z,4.237000,4.239000,4.216000,4.222000,4.239000,4.243000,4.216000,4.222000,changed
2025-04-28 17:20:00+00:00,2026-10-05T18:35:37Z,4.220000,4.229000,4.216000,4.229000,4.235000,4.239000,4.216000,4.229000,changed
2025-04-28 18:20:00+00:00,2026-10-05T18:35:37Z,4.229000,4.229000,4.214000,4.216000,4.222000,4.229000,4.214000,4.216000,changed
2025-04-01 15:20:00+00:00,2026-10-05T21:35:18Z,4.165000,4.173000,4.146000,4.169000,4.171000,4.173000,4.146000,4.169000,changed
2025-04-02 13:20:00+00:00,2026-10-05T21:35:18Z,4.129000,4.152000,4.110000,4.150000,4.127000,4.152000,4.110000,4.150000,changed
2025-04-02 14:20:00+00:00,2026-10-05T21:35:18Z,4.140000,4.167000,4.133000,4.161000,4.112000,4.167000,4.112000,4.161000,changed
2025-04-02 15:20:00+00:00,2026-10-05T21:35:18Z,4.165000,4.199000,4.157000,4.199000,4.150000,4.199000,4.142000,4.199000,changed
2025-04-02 16:20:00+00:00,2026-10-05T21:35:18Z,4.188000,4.226000,4.184000,4.218000,4.186000,4.226000,4.175000,4.218000,changed
2025-04-02 17:20:00+00:00,2026-10-05T21:35:18Z,4.217000,4.222000,4.203000,4.205000,4.211000,4.226000,4.203000,4.205000,changed
2025-04-02 18:20:00+00:00,2026-10-05T21:35:18Z,4.211000,4.213000,4.196000,4.196000,4.220000,4.220000,4.196000,4.196000,changed
2025-04-03 13:20:00+00:00,2026-10-05T21:35:18Z,4.063000,4.063000,4.004000,4.034000,4.021000,4.047000,4.004000,4.034000,changed
2025-04-03 14:20:00+00:00,2026-10-05T21:35:18Z,4.032000,4.047000,4.004000,4.032000,4.019000,4.044000,4.004000,4.032000,changed
2025-04-03 15:20:00+00:00,2026-10-05T21:35:18Z,4.030000,4.068000,4.008000,4.068000,4.014000,4.068000,4.008000,4.068000,changed
2025-04-03 16:20:00+00:00,2026-10-05T21:35:18Z,4.034000,4.068000,4.029000,4.044000,4.055000,4.068000,4.044000,4.044000,changed
2025-04-03 17:20:00+00:00,2026-10-05T21:35:18Z,4.066000,4.068000,4.032000,4.040000,4.049000,4.055000,4.032000,4.040000,changed
2025-04-03 18:20:00+00:00,2026-10-05T21:35:18Z,4.042000,4.059000,4.032000,4.055000,4.036000,4.059000,4.032000,4.055000,changed
2025-04-04 15:20:00+00:00,2026-10-05T21:35:18Z,3.916000,3.972000,3.910000,3.934000,3.912000,3.972000,3.912000,3.934000,changed
2025-04-07 13:20:00+00:00,2026-10-05T21:35:18Z,4.011000,4.210000,4.011000,4.140000,4.058000,4.210000,4.011000,4.140000,changed
2025-04-07 14:20:00+00:00,2026-10-05T21:35:18Z,4.032000,4.210000,4.011000,4.096000,4.066000,4.210000,4.062000,4.096000,changed
2025-04-07 15:20:00+00:00,2026-10-05T21:35:18Z,4.107000,4.145000,4.066000,4.128000,4.123000,4.142000,4.066000,4.128000,changed
2025-04-07 16:20:00+00:00,2026-10-05T21:35:18Z,4.096000,4.172000,4.096000,4.172000,4.128000,4.172000,4.113000,4.172000,changed
2025-04-07 17:20:00+00:00,2026-10-05T21:35:18Z,4.142000,4.197000,4.134000,4.163000,4.140000,4.197000,4.134000,4.163000,changed
2025-04-07 18:20:00+00:00,2026-10-05T21:35:18Z,4.176000,4.197000,4.140000,4.155000,4.164000,4.170000,4.140000,4.155000,changed
2025-04-10 15:20:00+00:00,2026-10-05T21:35:18Z,4.330000,4.382000,4.326000,4.368000,4.330000,4.382000,4.330000,4.368000,changed
2025-04-14 13:20:00+00:00,2026-10-05T21:35:18Z,4.452000,4.452000,4.392000,4.417000,4.436000,4.440000,4.392000,4.417000,changed
2025-04-14 14:20:00+00:00,2026-10-05T21:35:18Z,4.415000,4.438000,4.392000,4.409000,4.415000,4.438000,4.397000,4.409000,changed
2025-04-14 15:20:00+00:00,2026-10-05T21:35:18Z,4.407000,4.438000,4.397000,4.419000,4.436000,4.436000,4.397000,4.419000,changed
2025-04-14 16:20:00+00:00,2026-10-05T21:35:18Z,4.405000,4.427000,4.401000,4.405000,4.409000,4.427000,4.403000,4.405000,changed
2025-04-14 17:20:00+00:00,2026-10-05T21:35:18Z,4.423000,4.427000,4.372000,4.372000,4.425000,4.425000,4.372000,4.372000,changed
2025-04-14 18:20:00+00:00,2026-10-05T21:35:18Z,4.395000,4.395000,4.360000,4.364000,4.382000,4.386000,4.360000,4.364000,changed
2025-04-16 14:20:00+00:00,2026-10-05T21:35:18Z,4.325000,4.352000,4.321000,4.323000,4.325000,4.352000,4.323000,4.323000,changed
2025-04-17 13:20:00+00:00,2026-10-05T21:35:18Z,4.298000,4.304000,4.278000,4.300000,4.286000,4.304000,4.278000,4.300000,changed
2025-04-17 14:20:00+00:00,2026-10-05T21:35:18Z,4.298000,4.304000,4.282000,4.304000,4.294000,4.304000,4.286000,4.304000,changed
2025-04-17 15:20:00+00:00,2026-10-05T21:35:18Z,4.290000,4.329000,4.288000,4.319000,4.290000,4.329000,4.290000,4.319000,changed
2025-04-17 16:20:00+00:00,2026-10-05T21:35:18Z,4.304000,4.344000,4.304000,4.327000,4.317000,4.344000,4.307000,4.327000,changed
2025-04-17 17:20:00+00:00,2026-10-05T21:35:18Z,4.325000,4.344000,4.321000,4.333000,4.327000,4.336000,4.321000,4.333000,changed
2025-04-17 18:20:00+00:00,2026-10-05T21:35:18Z,4.333000,4.336000,4.327000,4.333000,4.327000,4.336000,4.327000,4.333000,changed
2025-04-21 13:20:00+00:00,2026-10-05T21:35:18Z,4.399000,4.401000,4.350000,4.350000,4.391000,4.391000,4.350000,4.350000,changed
2025-04-21 14:20:00+00:00,2026-10-05T21:35:18Z,4.381000,4.381000,4.333000,4.374000,4.362000,4.374000,4.333000,4.374000,changed
2025-04-21 15:20:00+00:00,2026-10-05T21:35:18Z,4.336000,4.377000,4.335000,4.368000,4.360000,4.377000,4.354000,4.368000,changed
2025-04-21 16:20:00+00:00,2026-10-05T21:35:18Z,4.362000,4.403000,4.360000,4.403000,4.370000,4.403000,4.362000,4.403000,changed
2025-04-21 17:20:00+00:00,2026-10-05T21:35:18Z,4.377000,4.407000,4.377000,4.391000,4.387000,4.407000,4.383000,4.391000,changed
2025-04-21 18:20:00+00:00,2026-10-05T21:35:18Z,4.401000,4.407000,4.387000,4.405000,4.401000,4.405000,4.387000,4.405000,changed
2025-04-28 13:20:00+00:00,2026-10-05T21:35:18Z,4.278000,4.295000,4.251000,4.253000,4.291000,4.293000,4.251000,4.253000,changed
2025-04-28 14:20:00+00:00,2026-10-05T21:35:18Z,4.280000,4.284000,4.229000,4.237000,4.268000,4.270000,4.229000,4.237000,changed
2025-04-28 15:20:00+00:00,2026-10-05T21:35:18Z,4.256000,4.256000,4.229000,4.235000,4.237000,4.243000,4.229000,4.235000,changed
2025-04-28 16:20:00+00:00,2026-10-05T21:35:18Z,4.239000,4.243000,4.216000,4.222000,4.237000,4.239000,4.216000,4.222000,changed
2025-04-28 17:20:00+00:00,2026-10-05T21:35:18Z,4.235000,4.239000,4.216000,4.229000,4.220000,4.229000,4.216000,4.229000,changed
2025-04-28 18:20:00+00:00,2026-10-05T21:35:18Z,4.222000,4.229000,4.214000,4.216000,4.229000,4.229000,4.214000,4.216000,changed
2025-04-01 15:20:00+00:00,2026-10-05T22:40:56Z,4.171000,4.173000,4.146000,4.169000,4.165000,4.173000,4.146000,4.169000,changed
2025-04-02 13:20:00+00:00,2026-10-05T22:40:56Z,4.127000,4.152000,4.110000,4.150000,4.129000,4.152000,4.110000,4.150000,changed
2025-04-02 14:20:00+00:00,2026-10-05T22:40:56Z,4.112000,4.167000,4.112000,4.161000,4.140000,4.167000,4.133000,4.161000,changed
2025-04-02 15:20:00+00:00,2026-10-05T22:40:56Z,4.150000,4.199000,4.142000,4.199000,4.165000,4.199000,4.157000,4.199000,changed
2025-04-02 16:20:00+00:00,2026-10-05T22:40:56Z,4.186000,4.226000,4.175000,4.218000,4.188000,4.226000,4.184000,4.218000,changed
2025-04-02 17:20:00+00:00,2026-10-05T22:40:56Z,4.211000,4.226000,4.203000,4.205000,4.217000,4.222000,4.203000,4.205000,changed
2025-04-02 18:20:00+00:00,2026-10-05T22:40:56Z,4.220000,4.220000,4.196000,4.196000,4.211000,4.213000,4.196000,4.196000,changed
2025-04-03 13:20:00+00:00,2026-10-05T22:40:56Z,4.021000,4.047000,4.004000,4.034000,4.063000,4.063000,4.004000,4.034000,changed
2025-04-03 14:20:00+00:00,2026-10-05T22:40:56Z,4.019000,4.044000,4.004000,4.032000,4.032000,4.047000,4.004000,4.032000,changed
2025-04-03 15:20:00+00:00,2026-10-05T22:40:56Z,4.014000,4.068000,4.008000,4.068000,4.030000,4.068000,4.008000,4.068000,changed
2025-04-03 16:20:00+00:00,2026-10-05T22:40:56Z,4.055000,4.068000,4.044000,4.044000,4.034000,4.068000,4.029000,4.044000,changed
2025-04-03 17:20:00+00:00,2026-10-05T22:40:56Z,4.049000,4.055000,4.032000,4.040000,4.066000,4.068000,4.032000,4.040000,changed
2025-04-03 18:20:00+00:00,2026-10-05T22:40:56Z,4.036000,4.059000,4.032000,4.055000,4.042000,4.059000,4.032000,4.055000,changed
2025-04-04 15:20:00+00:00,2026-10-05T22:40:56Z,3.912000,3.972000,3.912000,3.934000,3.916000,3.972000,3.910000,3.934000,changed
2025-04-07 13:20:00+00:00,2026-10-05T22:40:56Z,4.058000,4.210000,4.011000,4.140000,4.011000,4.210000,4.011000,4.140000,changed
2025-04-07 14:20:00+00:00,2026-10-05T22:40:56Z,4.066000,4.210000,4.062000,4.096000,4.032000,4.210000,4.011000,4.096000,changed
2025-04-07 15:20:00+00:00,2026-10-05T22:40:56Z,4.123000,4.142000,4.066000,4.128000,4.107000,4.145000,4.066000,4.128000,changed
2025-04-07 16:20:00+00:00,2026-10-05T22:40:56Z,4.128000,4.172000,4.113000,4.172000,4.096000,4.172000,4.096000,4.172000,changed
2025-04-07 17:20:00+00:00,2026-10-05T22:40:56Z,4.140000,4.197000,4.134000,4.163000,4.142000,4.197000,4.134000,4.163000,changed
2025-04-07 18:20:00+00:00,2026-10-05T22:40:56Z,4.164000,4.170000,4.140000,4.155000,4.176000,4.197000,4.140000,4.155000,changed
2025-04-10 15:20:00+00:00,2026-10-05T22:40:56Z,4.330000,4.382000,4.330000,4.368000,4.330000,4.382000,4.326000,4.368000,changed
2025-04-14 13:20:00+00:00,2026-10-05T22:40:56Z,4.436000,4.440000,4.392000,4.417000,4.452000,4.452000,4.392000,4.417000,changed
2025-04-14 14:20:00+00:00,2026-10-05T22:40:56Z,4.415000,4.438000,4.397000,4.409000,4.415000,4.438000,4.392000,4.409000,changed
2025-04-14 15:20:00+00:00,2026-10-05T22:40:56Z,4.436000,4.436000,4.397000,4.419000,4.407000,4.438000,4.397000,4.419000,changed
2025-04-14 16:20:00+00:00,2026-10-05T22:40:56Z,4.409000,4.427000,4.403000,4.405000,4.405000,4.427000,4.401000,4.405000,changed
2025-04-14 17:20:00+00:00,2026-10-05T22:40:56Z,4.425000,4.425000,4.372000,4.372000,4.423000,4.427000,4.372000,4.372000,changed
2025-04-14 18:20:00+00:00,2026-10-05T22:40:56Z,4.382000,4.386000,4.360000,4.364000,4.395000,4.395000,4.360000,4.364000,changed
2025-04-16 14:20:00+00:00,2026-10-05T22:40:56Z,4.325000,4.352000,4.323000,4.323000,4.325000,4.352000,4.321000,4.323000,changed
2025-04-17 13:20:00+00:00,2026-10-05T22:40:56Z,4.286000,4.304000,4.278000,4.300000,4.298000,4.304000,4.278000,4.300000,changed
2025-04-17 14:20:00+00:00,2026-10-05T22:40:56Z,4.294000,4.304000,4.286000,4.304000,4.298000,4.304000,4.282000,4.304000,changed
2025-04-17 15:20:00+00:00,2026-10-05T22:40:56Z,4.290000,4.329000,4.290000,4.319000,4.290000,4.329000,4.288000,4.319000,changed
2025-04-17 16:20:00+00:00,2026-10-05T22:40:56Z,4.317000,4.344000,4.307000,4.327000,4.304000,4.344000,4.304000,4.327000,changed
2025-04-17 17:20:00+00:00,2026-10-05T22:40:56Z,4.327000,4.336000,4.321000,4.333000,4.325000,4.344000,4.321000,4.333000,changed
2025-04-17 18:20:00+00:00,2026-10-05T22:40:56Z,4.327000,4.336000,4.327000,4.333000,4.333000,4.336000,4.327000,4.333000,changed
2025-04-21 13:20:00+00:00,2026-10-05T22:40:56Z,4.391000,4.391000,4.350000,4.350000,4.399000,4.401000,4.350000,4.350000,changed
2025-04-21 14:20:00+00:00,2026-10-05T22:40:56Z,4.362000,4.374000,4.333000,4.374000,4.381000,4.381000,4.333000,4.374000,changed
2025-04-21 15:20:00+00:00,2026-10-05T22:40:56Z,4.360000,4.377000,4.354000,4.368000,4.336000,4.377000,4.335000,4.368000,changed
2025-04-21 16:20:00+00:00,2026-10-05T22:40:56Z,4.370000,4.403000,4.362000,4.403000,4.362000,4.403000,4.360000,4.403000,changed
2025-04-21 17:20:00+00:00,2026-10-05T22:40:56Z,4.387000,4.407000,4.383000,4.391000,4.377000,4.407000,4.377000,4.391000,changed
2025-04-21 18:20:00+00:00,2026-10-05T22:40:56Z,4.401000,4.405000,4.387000,4.405000,4.401000,4.407000,4.387000,4.405000,changed
2025-04-28 13:20:00+00:00,2026-10-05T22:40:56Z,4.291000,4.293000,4.251000,4.253000,4.278000,4.295000,4.251000,4.253000,changed
2025-04-28 14:20:00+00:00,2026-10-05T22:40:56Z,4.268000,4.270000,4.229000,4.237000,4.280000,4.284000,4.229000,4.237000,changed
2025-04-28 15:20:00+00:00,2026-10-05T22:40:56Z,4.237000,4.243000,4.229000,4.235000,4.256000,4.256000,4.229000,4.235000,changed
2025-04-28 16:20:00+00:00,2026-10-05T22:40:56Z,4.237000,4.239000,4.216000,4.222000,4.239000,4.243000,4.216000,4.222000,changed
2025-04-28 17:20:00+00:00,2026-10-05T22:40:56Z,4.220000,4.229000,4.216000,4.229000,4.235000,4.239000,4.216000,4.229000,changed
2025-04-28 18:20:00+00:00,2026-10-05T22:40:56Z,4.229000,4.229000,4.214000,4.216000,4.222000,4.229000,4.214000,4.216000,changed
2025-04-01 15:20:00+00:00,2026-10-05T22:55:19Z,4.165000,4.173000,4.146000,4.169000,4.171000,4.173000,4.146000,4.169000,changed
2025-04-02 13:20:00+00:00,2026-10-05T22:55:19Z,4.129000,4.152000,4.110000,4.150000,4.127000,4.152000,4.110000,4.150000,changed
2025-04-02 14:20:00+00:00,2026-10-05T22:55:19Z,4.140000,4.167000,4.133000,4.161000,4.112000,4.167000,4.112000,4.161000,changed
2025-04-02 15:20:00+00:00,2026-10-05T22:55:19Z,4.165000,4.199000,4.157000,4.199000,4.150000,4.199000,4.142000,4.199000,changed
2025-04-02 16:20:00+00:00,2026-10-05T22:55:19Z,4.188000,4.226000,4.184000,4.218000,4.186000,4.226000,4.175000,4.218000,changed
2025-04-02 17:20:00+00:00,2026-10-05T22:55:19Z,4.217000,4.222000,4.203000,4.205000,4.211000,4.226000,4.203000,4.205000,changed
2025-04-02 18:20:00+00:00,2026-10-05T22:55:19Z,4.211000,4.213000,4.196000,4.196000,4.220000,4.220000,4.196000,4.196000,changed
2025-04-03 13:20:00+00:00,2026-10-05T22:55:19Z,4.063000,4.063000,4.004000,4.034000,4.021000,4.047000,4.004000,4.034000,changed
2025-04-03 14:20:00+00:00,2026-10-05T22:55:19Z,4.032000,4.047000,4.004000,4.032000,4.019000,4.044000,4.004000,4.032000,changed
2025-04-03 15:20:00+00:00,2026-10-05T22:55:19Z,4.030000,4.068000,4.008000,4.068000,4.014000,4.068000,4.008000,4.068000,changed
2025-04-03 16:20:00+00:00,2026-10-05T22:55:19Z,4.034000,4.068000,4.029000,4.044000,4.055000,4.068000,4.044000,4.044000,changed
2025-04-03 17:20:00+00:00,2026-10-05T22:55:19Z,4.066000,4.068000,4.032000,4.040000,4.049000,4.055000,4.032000,4.040000,changed
2025-04-03 18:20:00+00:00,2026-10-05T22:55:19Z,4.042000,4.059000,4.032000,4.055000,4.036000,4.059000,4.032000,4.055000,changed
2025-04-04 15:20:00+00:00,2026-10-05T22:55:19Z,3.916000,3.972000,3.910000,3.934000,3.912000,3.972000,3.912000,3.934000,changed
2025-04-07 13:20:00+00:00,2026-10-05T22:55:19Z,4.011000,4.210000,4.011000,4.140000,4.058000,4.210000,4.011000,4.140000,changed
2025-04-07 14:20:00+00:00,2026-10-05T22:55:19Z,4.032000,4.210000,4.011000,4.096000,4.066000,4.210000,4.062000,4.096000,changed
2025-04-07 15:20:00+00:00,2026-10-05T22:55:19Z,4.107000,4.145000,4.066000,4.128000,4.123000,4.142000,4.066000,4.128000,changed
2025-04-07 16:20:00+00:00,2026-10-05T22:55:19Z,4.096000,4.172000,4.096000,4.172000,4.128000,4.172000,4.113000,4.172000,changed
2025-04-07 17:20:00+00:00,2026-10-05T22:55:19Z,4.142000,4.197000,4.134000,4.163000,4.140000,4.197000,4.134000,4.163000,changed
2025-04-07 18:20:00+00:00,2026-10-05T22:55:19Z,4.176000,4.197000,4.140000,4.155000,4.164000,4.170000,4.140000,4.155000,changed
2025-04-10 15:20:00+00:00,2026-10-05T22:55:19Z,4.330000,4.382000,4.326000,4.368000,4.330000,4.382000,4.330000,4.368000,changed
2025-04-14 13:20:00+00:00,2026-10-05T22:55:19Z,4.452000,4.452000,4.392000,4.417000,4.436000,4.440000,4.392000,4.417000,changed
2025-04-14 14:20:00+00:00,2026-10-05T22:55:19Z,4.415000,4.438000,4.392000,4.409000,4.415000,4.438000,4.397000,4.409000,changed
2025-04-14 15:20:00+00:00,2026-10-05T22:55:19Z,4.407000,4.438000,4.397000,4.419000,4.436000,4.436000,4.397000,4.419000,changed
2025-04-14 16:20:00+00:00,2026-10-05T22:55:19Z,4.405000,4.427000,4.401000,4.405000,4.409000,4.427000,4.403000,4.405000,changed
2025-04-14 17:20:00+00:00,2026-10-05T22:55:19Z,4.423000,4.427000,4.372000,4.372000,4.425000,4.425000,4.372000,4.372000,changed
2025-04-14 18:20:00+00:00,2026-10-05T22:55:19Z,4.395000,4.395000,4.360000,4.364000,4.382000,4.386000,4.360000,4.364000,changed
2025-04-16 14:20:00+00:00,2026-10-05T22:55:19Z,4.325000,4.352000,4.321000,4.323000,4.325000,4.352000,4.323000,4.323000,changed
2025-04-17 13:20:00+00:00,2026-10-05T22:55:19Z,4.298000,4.304000,4.278000,4.300000,4.286000,4.304000,4.278000,4.300000,changed
2025-04-17 14:20:00+00:00,2026-10-05T22:55:19Z,4.298000,4.304000,4.282000,4.304000,4.294000,4.304000,4.286000,4.304000,changed
2025-04-17 15:20:00+00:00,2026-10-05T22:55:19Z,4.290000,4.329000,4.288000,4.319000,4.290000,4.329000,4.290000,4.319000,changed
2025-04-17 16:20:00+00:00,2026-10-05T22:55:19Z,4.304000,4.344000,4.304000,4.327000,4.317000,4.344000,4.307000,4.327000,changed
2025-04-17 17:20:00+00:00,2026-10-05T22:55:19Z,4.325000,4.344000,4.321000,4.333000,4.327000,4.336000,4.321000,4.333000,changed
2025-04-17 18:20:00+00:00,2026-10-05T22:55:19Z,4.333000,4.336000,4.327000,4.333000,4.327000,4.336000,4.327000,4.333000,changed
2025-04-21 13:20:00+00:00,2026-10-05T22:55:19Z,4.399000,4.401000,4.350000,4.350000,4.391000,4.391000,4.350000,4.350000,changed
2025-04-21 14:20:00+00:00,2026-10-05T22:55:19Z,4.381000,4.381000,4.333000,4.374000,4.362000,4.374000,4.333000,4.374000,changed
2025-04-21 15:20:00+00:00,2026-10-05T22:55:19Z,4.336000,4.377000,4.335000,4.368000,4.360000,4.377000,4.354000,4.368000,changed
2025-04-21 16:20:00+00:00,2026-10-05T22:55:19Z,4.362000,4.403000,4.360000,4.403000,4.370000,4.403000,4.362000,4.403000,changed
2025-04-21 17:20:00+00:00,2026-10-05T22:55:19Z,4.377000,4.407000,4.377000,4.391000,4.387000,4.407000,4.383000,4.391000,changed
2025-04-21 18:20:00+00:00,2026-10-05T22:55:19Z,4.401000,4.407000,4.387000,4.405000,4.401000,4.405000,4.387000,4.405000,changed
2025-04-28 13:20:00+00:00,2026-10-05T22:55:19Z,4.278000,4.295000,4.251000,4.253000,4.291000,4.293000,4.251000,4.253000,changed
2025-04-28 14:20:00+00:00,2026-10-05T22:55:19Z,4.280000,4.284000,4.229000,4.237000,4.268000,4.270000,4.229000,4.237000,changed
2025-04-28 15:20:00+00:00,2026-10-05T22:55:19Z,4.256000,4.256000,4.229000,4.235000,4.237000,4.243000,4.229000,4.235000,changed
2025-04-28 16:20:00+00:00,2026-10-05T22:55:19Z,4.239000,4.243000,4.216000,4.222000,4.237000,4.239000,4.216000,4.222000,changed
2025-04-28 17:20:00+00:00,2026-10-05T22:55:19Z,4.235000,4.239000,4.216000,4.229000,4.220000,4.229000,4.216000,4.229000,changed
2025-04-28 18:20:00+00:00,2026-10-05T22:55:19Z,4.222000,4.229000,4.214000,4.216000,4.229000,4.229000,4.214000,4.216000,changed
