bar_open,run_utc,old_open,old_high,old_low,old_close,new_open,new_high,new_low,new_close,kind
2025-12-01 14:20:00+00:00,2026-10-03T10:38:11Z,4.069000,4.094000,4.069000,4.083000,4.056000,4.094000,4.056000,4.083000,changed
2025-12-01 16:20:00+00:00,2026-10-03T10:38:11Z,4.090000,4.098000,4.088000,4.092000,4.081000,4.098000,4.081000,4.092000,changed
2025-12-01 17:20:00+00:00,2026-10-03T10:38:11Z,4.096000,4.098000,4.090000,4.092000,4.090000,4.098000,4.090000,4.092000,changed
2025-12-01 19:20:00+00:00,2026-10-03T10:38:11Z,4.096000,4.098000,4.092000,4.096000,4.092000,4.098000,4.092000,4.096000,changed
2025-12-02 14:20:00+00:00,2026-10-03T10:38:11Z,4.112000,4.114000,4.102000,4.108000,4.104000,4.114000,4.102000,4.108000,changed
2025-12-02 15:20:00+00:00,2026-10-03T10:38:11Z,4.106000,4.112000,4.096000,4.102000,4.110000,4.112000,4.096000,4.102000,changed
2025-12-02 16:20:00+00:00,2026-10-03T10:38:11Z,4.106000,4.106000,4.090000,4.100000,4.102000,4.106000,4.090000,4.100000,changed
2025-12-02 17:20:00+00:00,2026-10-03T10:38:11Z,4.092000,4.102000,4.090000,4.092000,4.098000,4.102000,4.090000,4.092000,changed
2025-12-02 18:20:00+00:00,2026-10-03T10:38:11Z,4.096000,4.096000,4.085000,4.085000,4.092000,4.094000,4.085000,4.085000,changed
2025-12-02 19:20:00+00:00,2026-10-03T10:38:11Z,4.094000,4.094000,4.081000,4.086000,4.090000,4.090000,4.081000,4.086000,changed
2025-12-03 18:20:00+00:00,2026-10-03T10:38:11Z,4.065000,4.069000,4.056000,4.057000,4.065000,4.067000,4.056000,4.057000,changed
2025-12-04 14:20:00+00:00,2026-10-03T10:38:11Z,4.088000,4.098000,4.083000,4.094000,4.108000,4.110000,4.083000,4.094000,changed
2025-12-04 15:20:00+00:00,2026-10-03T10:38:11Z,4.086000,4.102000,4.085000,4.098000,4.083000,4.102000,4.083000,4.098000,changed
2025-12-04 16:20:00+00:00,2026-10-03T10:38:11Z,4.100000,4.106000,4.096000,4.100000,4.092000,4.106000,4.090000,4.100000,changed
2025-12-04 17:20:00+00:00,2026-10-03T10:38:11Z,4.100000,4.102000,4.096000,4.102000,4.100000,4.106000,4.096000,4.102000,changed
2025-12-04 18:20:00+00:00,2026-10-03T10:38:11Z,4.098000,4.108000,4.098000,4.108000,4.100000,4.108000,4.096000,4.108000,changed
2025-12-04 19:20:00+00:00,2026-10-03T10:38:11Z,4.104000,4.110000,4.104000,4.108000,4.100000,4.110000,4.100000,4.108000,changed
2025-12-05 14:20:00+00:00,2026-10-03T10:38:11Z,4.112000,4.121000,4.098000,4.116000,4.120000,4.121000,4.098000,4.116000,changed
2025-12-05 15:20:00+00:00,2026-10-03T10:38:11Z,4.106000,4.135000,4.106000,4.133000,4.112000,4.135000,4.108000,4.133000,changed
2025-12-05 16:20:00+00:00,2026-10-03T10:38:11Z,4.114000,4.139000,4.114000,4.129000,4.127000,4.139000,4.127000,4.129000,changed
2025-12-05 17:20:00+00:00,2026-10-03T10:38:11Z,4.137000,4.145000,4.127000,4.141000,4.131000,4.145000,4.127000,4.141000,changed
2025-12-05 18:20:00+00:00,2026-10-03T10:38:11Z,4.135000,4.145000,4.135000,4.141000,4.143000,4.143000,4.139000,4.141000,changed
2025-12-05 19:20:00+00:00,2026-10-03T10:38:11Z,4.139000,4.143000,4.135000,4.139000,4.141000,4.141000,4.135000,4.139000,changed
2025-12-08 14:20:00+00:00,2026-10-03T10:38:11Z,4.155000,4.186000,4.143000,4.186000,4.145000,4.186000,4.143000,4.186000,changed
2025-12-08 15:20:00+00:00,2026-10-03T10:38:11Z,4.174000,4.192000,4.174000,4.180000,4.147000,4.192000,4.145000,4.180000,changed
2025-12-08 16:20:00+00:00,2026-10-03T10:38:11Z,4.188000,4.188000,4.176000,4.178000,4.184000,4.192000,4.176000,4.178000,changed
2025-12-08 17:20:00+00:00,2026-10-03T10:38:11Z,4.178000,4.182000,4.172000,4.174000,4.184000,4.184000,4.172000,4.174000,changed
2025-12-08 18:20:00+00:00,2026-10-03T10:38:11Z,4.180000,4.180000,4.166000,4.168000,4.174000,4.182000,4.166000,4.168000,changed
2025-12-08 19:20:00+00:00,2026-10-03T10:38:11Z,4.168000,4.172000,4.164000,4.172000,4.174000,4.174000,4.164000,4.172000,changed
2025-12-09 14:20:00+00:00,2026-10-03T10:38:11Z,4.164000,4.186000,4.143000,4.174000,4.143000,4.186000,4.143000,4.174000,changed
2025-12-09 15:20:00+00:00,2026-10-03T10:38:11Z,4.147000,4.186000,4.147000,4.178000,4.164000,4.186000,4.164000,4.178000,changed
2025-12-09 16:20:00+00:00,2026-10-03T10:38:11Z,4.172000,4.184000,4.166000,4.170000,4.180000,4.182000,4.166000,4.170000,changed
2025-12-09 17:20:00+00:00,2026-10-03T10:38:11Z,4.178000,4.178000,4.166000,4.176000,4.170000,4.176000,4.166000,4.176000,changed
2025-12-09 19:20:00+00:00,2026-10-03T10:38:11Z,4.176000,4.190000,4.176000,4.186000,4.186000,4.188000,4.182000,4.186000,changed
2025-12-11 14:20:00+00:00,2026-10-03T10:38:11Z,4.125000,4.125000,4.102000,4.118000,4.135000,4.143000,4.102000,4.118000,changed
2025-12-11 15:20:00+00:00,2026-10-03T10:38:11Z,4.106000,4.124000,4.106000,4.121000,4.108000,4.124000,4.102000,4.121000,changed
2025-12-11 16:20:00+00:00,2026-10-03T10:38:11Z,4.124000,4.125000,4.112000,4.114000,4.116000,4.125000,4.112000,4.114000,changed
2025-12-11 17:20:00+00:00,2026-10-03T10:38:11Z,4.118000,4.125000,4.112000,4.121000,4.124000,4.125000,4.112000,4.121000,changed
2025-12-11 18:20:00+00:00,2026-10-03T10:38:11Z,4.121000,4.143000,4.120000,4.143000,4.114000,4.143000,4.114000,4.143000,changed
2025-12-11 19:20:00+00:00,2026-10-03T10:38:11Z,4.127000,4.143000,4.127000,4.141000,4.124000,4.143000,4.121000,4.141000,changed
2025-12-12 14:20:00+00:00,2026-10-03T10:38:11Z,4.182000,4.200000,4.178000,4.190000,4.190000,4.200000,4.184000,4.190000,changed
2025-12-12 15:20:00+00:00,2026-10-03T10:38:11Z,4.194000,4.196000,4.180000,4.186000,4.186000,4.194000,4.180000,4.186000,changed
2025-12-12 16:20:00+00:00,2026-10-03T10:38:11Z,4.182000,4.196000,4.180000,4.192000,4.184000,4.196000,4.182000,4.192000,changed
2025-12-12 17:20:00+00:00,2026-10-03T10:38:11Z,4.190000,4.196000,4.186000,4.192000,4.190000,4.194000,4.188000,4.192000,changed
2025-12-12 18:20:00+00:00,2026-10-03T10:38:11Z,4.188000,4.194000,4.188000,4.192000,4.192000,4.194000,4.188000,4.192000,changed
2025-12-12 19:20:00+00:00,2026-10-03T10:38:11Z,4.190000,4.196000,4.188000,4.194000,4.190000,4.196000,4.190000,4.194000,changed
2025-12-15 15:20:00+00:00,2026-10-03T10:38:11Z,4.155000,4.167000,4.151000,4.167000,4.163000,4.167000,4.151000,4.167000,changed
2025-12-15 16:20:00+00:00,2026-10-03T10:38:11Z,4.163000,4.184000,4.161000,4.184000,4.157000,4.184000,4.157000,4.184000,changed
2025-12-15 17:20:00+00:00,2026-10-03T10:38:11Z,4.178000,4.184000,4.178000,4.180000,4.170000,4.184000,4.170000,4.180000,changed
2025-12-15 18:20:00+00:00,2026-10-03T10:38:11Z,4.178000,4.186000,4.178000,4.182000,4.184000,4.186000,4.178000,4.182000,changed
2025-12-15 19:20:00+00:00,2026-10-03T10:38:11Z,4.180000,4.184000,4.180000,4.182000,4.182000,4.186000,4.178000,4.182000,changed
2025-12-16 14:20:00+00:00,2026-10-03T10:38:11Z,4.167000,4.196000,4.143000,4.161000,4.174000,4.196000,4.159000,4.161000,changed
2025-12-16 15:20:00+00:00,2026-10-03T10:38:11Z,4.194000,4.194000,4.155000,4.165000,4.168000,4.176000,4.155000,4.165000,changed
2025-12-16 16:20:00+00:00,2026-10-03T10:38:11Z,4.157000,4.176000,4.151000,4.157000,4.172000,4.176000,4.151000,4.157000,changed
2025-12-16 17:20:00+00:00,2026-10-03T10:38:11Z,4.163000,4.165000,4.149000,4.157000,4.159000,4.163000,4.149000,4.157000,changed
2025-12-16 18:20:00+00:00,2026-10-03T10:38:11Z,4.153000,4.161000,4.149000,4.155000,4.157000,4.161000,4.155000,4.155000,changed
2025-12-16 19:20:00+00:00,2026-10-03T10:38:11Z,4.157000,4.163000,4.147000,4.149000,4.159000,4.163000,4.147000,4.149000,changed
2025-12-17 18:20:00+00:00,2026-10-03T10:38:11Z,4.159000,4.159000,4.151000,4.151000,4.159000,4.161000,4.151000,4.151000,changed
2025-12-18 14:20:00+00:00,2026-10-03T10:38:11Z,4.137000,4.137000,4.110000,4.114000,4.124000,4.137000,4.110000,4.114000,changed
2025-12-18 15:20:00+00:00,2026-10-03T10:38:11Z,4.118000,4.122000,4.108000,4.112000,4.116000,4.122000,4.108000,4.112000,changed
2025-12-18 16:20:00+00:00,2026-10-03T10:38:11Z,4.112000,4.128000,4.110000,4.124000,4.118000,4.128000,4.108000,4.124000,changed
2025-12-18 17:20:00+00:00,2026-10-03T10:38:11Z,4.120000,4.131000,4.120000,4.130000,4.114000,4.131000,4.112000,4.130000,changed
2025-12-18 18:20:00+00:00,2026-10-03T10:38:11Z,4.125000,4.131000,4.122000,4.122000,4.124000,4.131000,4.120000,4.122000,changed
2025-12-18 19:20:00+00:00,2026-10-03T10:38:11Z,4.122000,4.125000,4.116000,4.116000,4.128000,4.128000,4.116000,4.116000,changed
2025-12-19 14:20:00+00:00,2026-10-03T10:38:11Z,4.145000,4.155000,4.139000,4.143000,4.153000,4.153000,4.141000,4.143000,changed
2025-12-19 15:20:00+00:00,2026-10-03T10:38:11Z,4.143000,4.153000,4.130000,4.137000,4.151000,4.153000,4.130000,4.137000,changed
2025-12-19 16:20:00+00:00,2026-10-03T10:38:11Z,4.139000,4.153000,4.130000,4.147000,4.133000,4.153000,4.130000,4.147000,changed
2025-12-19 17:20:00+00:00,2026-10-03T10:38:11Z,4.139000,4.153000,4.139000,4.147000,4.143000,4.153000,4.143000,4.147000,changed
2025-12-19 18:20:00+00:00,2026-10-03T10:38:11Z,4.149000,4.157000,4.145000,4.153000,4.147000,4.157000,4.145000,4.153000,changed
2025-12-19 19:20:00+00:00,2026-10-03T10:38:11Z,4.147000,4.157000,4.147000,4.151000,4.155000,4.157000,4.149000,4.151000,changed
2025-12-22 14:20:00+00:00,2026-10-03T10:38:11Z,4.163000,4.169000,4.159000,4.167000,4.163000,4.169000,4.155000,4.167000,changed
2025-12-22 15:20:00+00:00,2026-10-03T10:38:11Z,4.167000,4.169000,4.159000,4.161000,4.163000,4.169000,4.159000,4.161000,changed
2025-12-22 17:20:00+00:00,2026-10-03T10:38:11Z,4.163000,4.171000,4.161000,4.171000,4.165000,4.171000,4.161000,4.171000,changed
2025-12-22 18:20:00+00:00,2026-10-03T10:38:11Z,4.167000,4.175000,4.167000,4.175000,4.165000,4.175000,4.165000,4.175000,changed
2025-12-22 19:20:00+00:00,2026-10-03T10:38:11Z,4.171000,4.175000,4.169000,4.169000,4.173000,4.175000,4.169000,4.169000,changed
2025-12-23 14:20:00+00:00,2026-10-03T10:38:11Z,4.155000,4.202000,4.155000,4.186000,4.186000,4.202000,4.182000,4.186000,changed
2025-12-23 15:20:00+00:00,2026-10-03T10:38:11Z,4.198000,4.202000,4.175000,4.175000,4.198000,4.198000,4.175000,4.175000,changed
2025-12-23 16:20:00+00:00,2026-10-03T10:38:11Z,4.182000,4.188000,4.167000,4.167000,4.179000,4.180000,4.167000,4.167000,changed
2025-12-23 17:20:00+00:00,2026-10-03T10:38:11Z,4.173000,4.175000,4.167000,4.171000,4.173000,4.173000,4.167000,4.171000,changed
2025-12-23 18:20:00+00:00,2026-10-03T10:38:11Z,4.169000,4.173000,4.167000,4.173000,4.173000,4.173000,4.167000,4.173000,changed
2025-12-23 19:20:00+00:00,2026-10-03T10:38:11Z,4.169000,4.173000,4.167000,4.169000,4.169000,4.173000,4.169000,4.169000,changed
2025-12-26 14:20:00+00:00,2026-10-03T10:38:11Z,4.120000,4.124000,4.110000,4.120000,4.120000,4.124000,4.116000,4.120000,changed
2025-12-26 16:20:00+00:00,2026-10-03T10:38:11Z,4.122000,4.143000,4.118000,4.143000,4.120000,4.143000,4.120000,4.143000,changed
2025-12-26 17:20:00+00:00,2026-10-03T10:38:11Z,4.141000,4.145000,4.139000,4.139000,4.143000,4.145000,4.139000,4.139000,changed
2025-12-26 18:20:00+00:00,2026-10-03T10:38:11Z,4.143000,4.145000,4.139000,4.139000,4.139000,4.143000,4.139000,4.139000,changed
2025-12-29 14:20:00+00:00,2026-10-03T10:38:11Z,4.112000,4.124000,4.108000,4.122000,4.120000,4.124000,4.108000,4.122000,changed
2025-12-29 15:20:00+00:00,2026-10-03T10:38:11Z,4.118000,4.130000,4.116000,4.122000,4.116000,4.130000,4.108000,4.122000,changed
2025-12-29 16:20:00+00:00,2026-10-03T10:38:11Z,4.126000,4.126000,4.114000,4.116000,4.124000,4.130000,4.114000,4.116000,changed
2025-12-29 17:20:00+00:00,2026-10-03T10:38:11Z,4.116000,4.118000,4.112000,4.114000,4.118000,4.118000,4.112000,4.114000,changed
2025-12-29 18:20:00+00:00,2026-10-03T10:38:11Z,4.114000,4.116000,4.110000,4.114000,4.112000,4.116000,4.110000,4.114000,changed
2025-12-29 19:20:00+00:00,2026-10-03T10:38:11Z,4.112000,4.120000,4.112000,4.116000,4.112000,4.120000,4.110000,4.116000,changed
2025-12-30 14:20:00+00:00,2026-10-03T10:38:11Z,4.134000,4.138000,4.128000,4.136000,4.128000,4.138000,4.128000,4.136000,changed
2025-12-30 15:20:00+00:00,2026-10-03T10:38:11Z,4.132000,4.139000,4.120000,4.120000,4.136000,4.139000,4.120000,4.120000,changed
2025-12-30 16:20:00+00:00,2026-10-03T10:38:11Z,4.132000,4.139000,4.116000,4.122000,4.130000,4.130000,4.116000,4.122000,changed
2025-12-30 17:20:00+00:00,2026-10-03T10:38:11Z,4.116000,4.126000,4.116000,4.118000,4.120000,4.126000,4.118000,4.118000,changed
2025-12-30 18:20:00+00:00,2026-10-03T10:38:11Z,4.126000,4.128000,4.118000,4.122000,4.120000,4.128000,4.118000,4.122000,changed
2025-12-30 19:20:00+00:00,2026-10-03T10:38:11Z,4.118000,4.132000,4.118000,4.130000,4.126000,4.132000,4.122000,4.130000,changed
2025-12-01 14:20:00+00:00,2026-10-03T13:44:48Z,4.056000,4.094000,4.056000,4.083000,4.069000,4.094000,4.069000,4.083000,changed
2025-12-01 16:20:00+00:00,2026-10-03T13:44:48Z,4.081000,4.098000,4.081000,4.092000,4.090000,4.098000,4.088000,4.092000,changed
2025-12-01 17:20:00+00:00,2026-10-03T13:44:48Z,4.090000,4.098000,4.090000,4.092000,4.096000,4.098000,4.090000,4.092000,changed
2025-12-01 19:20:00+00:00,2026-10-03T13:44:48Z,4.092000,4.098000,4.092000,4.096000,4.096000,4.098000,4.092000,4.096000,changed
2025-12-02 14:20:00+00:00,2026-10-03T13:44:48Z,4.104000,4.114000,4.102000,4.108000,4.112000,4.114000,4.102000,4.108000,changed
2025-12-02 15:20:00+00:00,2026-10-03T13:44:48Z,4.110000,4.112000,4.096000,4.102000,4.106000,4.112000,4.096000,4.102000,changed
2025-12-02 16:20:00+00:00,2026-10-03T13:44:48Z,4.102000,4.106000,4.090000,4.100000,4.106000,4.106000,4.090000,4.100000,changed
2025-12-02 17:20:00+00:00,2026-10-03T13:44:48Z,4.098000,4.102000,4.090000,4.092000,4.092000,4.102000,4.090000,4.092000,changed
2025-12-02 18:20:00+00:00,2026-10-03T13:44:48Z,4.092000,4.094000,4.085000,4.085000,4.096000,4.096000,4.085000,4.085000,changed
2025-12-02 19:20:00+00:00,2026-10-03T13:44:48Z,4.090000,4.090000,4.081000,4.086000,4.094000,4.094000,4.081000,4.086000,changed
2025-12-03 18:20:00+00:00,2026-10-03T13:44:48Z,4.065000,4.067000,4.056000,4.057000,4.065000,4.069000,4.056000,4.057000,changed
2025-12-04 14:20:00+00:00,2026-10-03T13:44:48Z,4.108000,4.110000,4.083000,4.094000,4.088000,4.098000,4.083000,4.094000,changed
2025-12-04 15:20:00+00:00,2026-10-03T13:44:48Z,4.083000,4.102000,4.083000,4.098000,4.086000,4.102000,4.085000,4.098000,changed
2025-12-04 16:20:00+00:00,2026-10-03T13:44:48Z,4.092000,4.106000,4.090000,4.100000,4.100000,4.106000,4.096000,4.100000,changed
2025-12-04 17:20:00+00:00,2026-10-03T13:44:48Z,4.100000,4.106000,4.096000,4.102000,4.100000,4.102000,4.096000,4.102000,changed
2025-12-04 18:20:00+00:00,2026-10-03T13:44:48Z,4.100000,4.108000,4.096000,4.108000,4.098000,4.108000,4.098000,4.108000,changed
2025-12-04 19:20:00+00:00,2026-10-03T13:44:48Z,4.100000,4.110000,4.100000,4.108000,4.104000,4.110000,4.104000,4.108000,changed
2025-12-05 14:20:00+00:00,2026-10-03T13:44:48Z,4.120000,4.121000,4.098000,4.116000,4.112000,4.121000,4.098000,4.116000,changed
2025-12-05 15:20:00+00:00,2026-10-03T13:44:48Z,4.112000,4.135000,4.108000,4.133000,4.106000,4.135000,4.106000,4.133000,changed
2025-12-05 16:20:00+00:00,2026-10-03T13:44:48Z,4.127000,4.139000,4.127000,4.129000,4.114000,4.139000,4.114000,4.129000,changed
2025-12-05 17:20:00+00:00,2026-10-03T13:44:48Z,4.131000,4.145000,4.127000,4.141000,4.137000,4.145000,4.127000,4.141000,changed
2025-12-05 18:20:00+00:00,2026-10-03T13:44:48Z,4.143000,4.143000,4.139000,4.141000,4.135000,4.145000,4.135000,4.141000,changed
2025-12-05 19:20:00+00:00,2026-10-03T13:44:48Z,4.141000,4.141000,4.135000,4.139000,4.139000,4.143000,4.135000,4.139000,changed
2025-12-08 14:20:00+00:00,2026-10-03T13:44:48Z,4.145000,4.186000,4.143000,4.186000,4.155000,4.186000,4.143000,4.186000,changed
2025-12-08 15:20:00+00:00,2026-10-03T13:44:48Z,4.147000,4.192000,4.145000,4.180000,4.174000,4.192000,4.174000,4.180000,changed
2025-12-08 16:20:00+00:00,2026-10-03T13:44:48Z,4.184000,4.192000,4.176000,4.178000,4.188000,4.188000,4.176000,4.178000,changed
2025-12-08 17:20:00+00:00,2026-10-03T13:44:48Z,4.184000,4.184000,4.172000,4.174000,4.178000,4.182000,4.172000,4.174000,changed
2025-12-08 18:20:00+00:00,2026-10-03T13:44:48Z,4.174000,4.182000,4.166000,4.168000,4.180000,4.180000,4.166000,4.168000,changed
2025-12-08 19:20:00+00:00,2026-10-03T13:44:48Z,4.174000,4.174000,4.164000,4.172000,4.168000,4.172000,4.164000,4.172000,changed
2025-12-09 14:20:00+00:00,2026-10-03T13:44:48Z,4.143000,4.186000,4.143000,4.174000,4.164000,4.186000,4.143000,4.174000,changed
2025-12-09 15:20:00+00:00,2026-10-03T13:44:48Z,4.164000,4.186000,4.164000,4.178000,4.147000,4.186000,4.147000,4.178000,changed
2025-12-09 16:20:00+00:00,2026-10-03T13:44:48Z,4.180000,4.182000,4.166000,4.170000,4.172000,4.184000,4.166000,4.170000,changed
2025-12-09 17:20:00+00:00,2026-10-03T13:44:48Z,4.170000,4.176000,4.166000,4.176000,4.178000,4.178000,4.166000,4.176000,changed
2025-12-09 19:20:00+00:00,2026-10-03T13:44:48Z,4.186000,4.188000,4.182000,4.186000,4.176000,4.190000,4.176000,4.186000,changed
2025-12-11 14:20:00+00:00,2026-10-03T13:44:48Z,4.135000,4.143000,4.102000,4.118000,4.125000,4.125000,4.102000,4.118000,changed
2025-12-11 15:20:00+00:00,2026-10-03T13:44:48Z,4.108000,4.124000,4.102000,4.121000,4.106000,4.124000,4.106000,4.121000,changed
2025-12-11 16:20:00+00:00,2026-10-03T13:44:48Z,4.116000,4.125000,4.112000,4.114000,4.124000,4.125000,4.112000,4.114000,changed
2025-12-11 17:20:00+00:00,2026-10-03T13:44:48Z,4.124000,4.125000,4.112000,4.121000,4.118000,4.125000,4.112000,4.121000,changed
2025-12-11 18:20:00+00:00,2026-10-03T13:44:48Z,4.114000,4.143000,4.114000,4.143000,4.121000,4.143000,4.120000,4.143000,changed
2025-12-11 19:20:00+00:00,2026-10-03T13:44:48Z,4.124000,4.143000,4.121000,4.141000,4.127000,4.143000,4.127000,4.141000,changed
2025-12-12 14:20:00+00:00,2026-10-03T13:44:48Z,4.190000,4.200000,4.184000,4.190000,4.182000,4.200000,4.178000,4.190000,changed
2025-12-12 15:20:00+00:00,2026-10-03T13:44:48Z,4.186000,4.194000,4.180000,4.186000,4.194000,4.196000,4.180000,4.186000,changed
2025-12-12 16:20:00+00:00,2026-10-03T13:44:48Z,4.184000,4.196000,4.182000,4.192000,4.182000,4.196000,4.180000,4.192000,changed
2025-12-12 17:20:00+00:00,2026-10-03T13:44:48Z,4.190000,4.194000,4.188000,4.192000,4.190000,4.196000,4.186000,4.192000,changed
2025-12-12 18:20:00+00:00,2026-10-03T13:44:48Z,4.192000,4.194000,4.188000,4.192000,4.188000,4.194000,4.188000,4.192000,changed
2025-12-12 19:20:00+00:00,2026-10-03T13:44:48Z,4.190000,4.196000,4.190000,4.194000,4.190000,4.196000,4.188000,4.194000,changed
2025-12-15 15:20:00+00:00,2026-10-03T13:44:48Z,4.163000,4.167000,4.151000,4.167000,4.155000,4.167000,4.151000,4.167000,changed
2025-12-15 16:20:00+00:00,2026-10-03T13:44:48Z,4.157000,4.184000,4.157000,4.184000,4.163000,4.184000,4.161000,4.184000,changed
2025-12-15 17:20:00+00:00,2026-10-03T13:44:48Z,4.170000,4.184000,4.170000,4.180000,4.178000,4.184000,4.178000,4.180000,changed
2025-12-15 18:20:00+00:00,2026-10-03T13:44:48Z,4.184000,4.186000,4.178000,4.182000,4.178000,4.186000,4.178000,4.182000,changed
2025-12-15 19:20:00+00:00,2026-10-03T13:44:48Z,4.182000,4.186000,4.178000,4.182000,4.180000,4.184000,4.180000,4.182000,changed
2025-12-16 14:20:00+00:00,2026-10-03T13:44:48Z,4.174000,4.196000,4.159000,4.161000,4.167000,4.196000,4.143000,4.161000,changed
2025-12-16 15:20:00+00:00,2026-10-03T13:44:48Z,4.168000,4.176000,4.155000,4.165000,4.194000,4.194000,4.155000,4.165000,changed
2025-12-16 16:20:00+00:00,2026-10-03T13:44:48Z,4.172000,4.176000,4.151000,4.157000,4.157000,4.176000,4.151000,4.157000,changed
2025-12-16 17:20:00+00:00,2026-10-03T13:44:48Z,4.159000,4.163000,4.149000,4.157000,4.163000,4.165000,4.149000,4.157000,changed
2025-12-16 18:20:00+00:00,2026-10-03T13:44:48Z,4.157000,4.161000,4.155000,4.155000,4.153000,4.161000,4.149000,4.155000,changed
2025-12-16 19:20:00+00:00,2026-10-03T13:44:48Z,4.159000,4.163000,4.147000,4.149000,4.157000,4.163000,4.147000,4.149000,changed
2025-12-17 18:20:00+00:00,2026-10-03T13:44:48Z,4.159000,4.161000,4.151000,4.151000,4.159000,4.159000,4.151000,4.151000,changed
2025-12-18 14:20:00+00:00,2026-10-03T13:44:48Z,4.124000,4.137000,4.110000,4.114000,4.137000,4.137000,4.110000,4.114000,changed
2025-12-18 15:20:00+00:00,2026-10-03T13:44:48Z,4.116000,4.122000,4.108000,4.112000,4.118000,4.122000,4.108000,4.112000,changed
2025-12-18 16:20:00+00:00,2026-10-03T13:44:48Z,4.118000,4.128000,4.108000,4.124000,4.112000,4.128000,4.110000,4.124000,changed
2025-12-18 17:20:00+00:00,2026-10-03T13:44:48Z,4.114000,4.131000,4.112000,4.130000,4.120000,4.131000,4.120000,4.130000,changed
2025-12-18 18:20:00+00:00,2026-10-03T13:44:48Z,4.124000,4.131000,4.120000,4.122000,4.125000,4.131000,4.122000,4.122000,changed
2025-12-18 19:20:00+00:00,2026-10-03T13:44:48Z,4.128000,4.128000,4.116000,4.116000,4.122000,4.125000,4.116000,4.116000,changed
2025-12-19 14:20:00+00:00,2026-10-03T13:44:48Z,4.153000,4.153000,4.141000,4.143000,4.145000,4.155000,4.139000,4.143000,changed
2025-12-19 15:20:00+00:00,2026-10-03T13:44:48Z,4.151000,4.153000,4.130000,4.137000,4.143000,4.153000,4.130000,4.137000,changed
2025-12-19 16:20:00+00:00,2026-10-03T13:44:48Z,4.133000,4.153000,4.130000,4.147000,4.139000,4.153000,4.130000,4.147000,changed
2025-12-19 17:20:00+00:00,2026-10-03T13:44:48Z,4.143000,4.153000,4.143000,4.147000,4.139000,4.153000,4.139000,4.147000,changed
2025-12-19 18:20:00+00:00,2026-10-03T13:44:48Z,4.147000,4.157000,4.145000,4.153000,4.149000,4.157000,4.145000,4.153000,changed
2025-12-19 19:20:00+00:00,2026-10-03T13:44:48Z,4.155000,4.157000,4.149000,4.151000,4.147000,4.157000,4.147000,4.151000,changed
2025-12-22 14:20:00+00:00,2026-10-03T13:44:48Z,4.163000,4.169000,4.155000,4.167000,4.163000,4.169000,4.159000,4.167000,changed
2025-12-22 15:20:00+00:00,2026-10-03T13:44:48Z,4.163000,4.169000,4.159000,4.161000,4.167000,4.169000,4.159000,4.161000,changed
2025-12-22 17:20:00+00:00,2026-10-03T13:44:48Z,4.165000,4.171000,4.161000,4.171000,4.163000,4.171000,4.161000,4.171000,changed
2025-12-22 18:20:00+00:00,2026-10-03T13:44:48Z,4.165000,4.175000,4.165000,4.175000,4.167000,4.175000,4.167000,4.175000,changed
2025-12-22 19:20:00+00:00,2026-10-03T13:44:48Z,4.173000,4.175000,4.169000,4.169000,4.171000,4.175000,4.169000,4.169000,changed
2025-12-23 14:20:00+00:00,2026-10-03T13:44:48Z,4.186000,4.202000,4.182000,4.186000,4.155000,4.202000,4.155000,4.186000,changed
2025-12-23 15:20:00+00:00,2026-10-03T13:44:48Z,4.198000,4.198000,4.175000,4.175000,4.198000,4.202000,4.175000,4.175000,changed
2025-12-23 16:20:00+00:00,2026-10-03T13:44:48Z,4.179000,4.180000,4.167000,4.167000,4.182000,4.188000,4.167000,4.167000,changed
2025-12-23 17:20:00+00:00,2026-10-03T13:44:48Z,4.173000,4.173000,4.167000,4.171000,4.173000,4.175000,4.167000,4.171000,changed
2025-12-23 18:20:00+00:00,2026-10-03T13:44:48Z,4.173000,4.173000,4.167000,4.173000,4.169000,4.173000,4.167000,4.173000,changed
2025-12-23 19:20:00+00:00,2026-10-03T13:44:48Z,4.169000,4.173000,4.169000,4.169000,4.169000,4.173000,4.167000,4.169000,changed
2025-12-26 14:20:00+00:00,2026-10-03T13:44:48Z,4.120000,4.124000,4.116000,4.120000,4.120000,4.124000,4.110000,4.120000,changed
2025-12-26 16:20:00+00:00,2026-10-03T13:44:48Z,4.120000,4.143000,4.120000,4.143000,4.122000,4.143000,4.118000,4.143000,changed
2025-12-26 17:20:00+00:00,2026-10-03T13:44:48Z,4.143000,4.145000,4.139000,4.139000,4.141000,4.145000,4.139000,4.139000,changed
2025-12-26 18:20:00+00:00,2026-10-03T13:44:48Z,4.139000,4.143000,4.139000,4.139000,4.143000,4.145000,4.139000,4.139000,changed
2025-12-29 14:20:00+00:00,2026-10-03T13:44:48Z,4.120000,4.124000,4.108000,4.122000,4.112000,4.124000,4.108000,4.122000,changed
2025-12-29 15:20:00+00:00,2026-10-03T13:44:48Z,4.116000,4.130000,4.108000,4.122000,4.118000,4.130000,4.116000,4.122000,changed
2025-12-29 16:20:00+00:00,2026-10-03T13:44:48Z,4.124000,4.130000,4.114000,4.116000,4.126000,4.126000,4.114000,4.116000,changed
2025-12-29 17:20:00+00:00,2026-10-03T13:44:48Z,4.118000,4.118000,4.112000,4.114000,4.116000,4.118000,4.112000,4.114000,changed
2025-12-29 18:20:00+00:00,2026-10-03T13:44:48Z,4.112000,4.116000,4.110000,4.114000,4.114000,4.116000,4.110000,4.114000,changed
2025-12-29 19:20:00+00:00,2026-10-03T13:44:48Z,4.112000,4.120000,4.110000,4.116000,4.112000,4.120000,4.112000,4.116000,changed
2025-12-30 14:20:00+00:00,2026-10-03T13:44:48Z,4.128000,4.138000,4.128000,4.136000,4.134000,4.138000,4.128000,4.136000,changed
2025-12-30 15:20:00+00:00,2026-10-03T13:44:48Z,4.136000,4.139000,4.120000,4.120000,4.132000,4.139000,4.120000,4.120000,changed
2025-12-30 16:20:00+00:00,2026-10-03T13:44:48Z,4.130000,4.130000,4.116000,4.122000,4.132000,4.139000,4.116000,4.122000,changed
2025-12-30 17:20:00+00:00,2026-10-03T13:44:48Z,4.120000,4.126000,4.118000,4.118000,4.116000,4.126000,4.116000,4.118000,changed
2025-12-30 18:20:00+00:00,2026-10-03T13:44:48Z,4.120000,4.128000,4.118000,4.122000,4.126000,4.128000,4.118000,4.122000,changed
2025-12-30 19:20:00+00:00,2026-10-03T13:44:48Z,4.126000,4.132000,4.122000,4.130000,4.118000,4.132000,4.118000,4.130000,changed
2025-12-01 14:20:00+00:00,2026-10-04T07:55:55Z,4.069000,4.094000,4.069000,4.083000,4.056000,4.094000,4.056000,4.083000,changed
2025-12-01 16:20:00+00:00,2026-10-04T07:55:55Z,4.090000,4.098000,4.088000,4.092000,4.081000,4.098000,4.081000,4.092000,changed
2025-12-01 17:20:00+00:00,2026-10-04T07:55:55Z,4.096000,4.098000,4.090000,4.092000,4.090000,4.098000,4.090000,4.092000,changed
2025-12-01 19:20:00+00:00,2026-10-04T07:55:55Z,4.096000,4.098000,4.092000,4.096000,4.092000,4.098000,4.092000,4.096000,changed
2025-12-02 14:20:00+00:00,2026-10-04T07:55:55Z,4.112000,4.114000,4.102000,4.108000,4.104000,4.114000,4.102000,4.108000,changed
2025-12-02 15:20:00+00:00,2026-10-04T07:55:55Z,4.106000,4.112000,4.096000,4.102000,4.110000,4.112000,4.096000,4.102000,changed
2025-12-02 16:20:00+00:00,2026-10-04T07:55:55Z,4.106000,4.106000,4.090000,4.100000,4.102000,4.106000,4.090000,4.100000,changed
2025-12-02 17:20:00+00:00,2026-10-04T07:55:55Z,4.092000,4.102000,4.090000,4.092000,4.098000,4.102000,4.090000,4.092000,changed
2025-12-02 18:20:00+00:00,2026-10-04T07:55:55Z,4.096000,4.096000,4.085000,4.085000,4.092000,4.094000,4.085000,4.085000,changed
2025-12-02 19:20:00+00:00,2026-10-04T07:55:55Z,4.094000,4.094000,4.081000,4.086000,4.090000,4.090000,4.081000,4.086000,changed
2025-12-03 18:20:00+00:00,2026-10-04T07:55:55Z,4.065000,4.069000,4.056000,4.057000,4.065000,4.067000,4.056000,4.057000,changed
2025-12-04 14:20:00+00:00,2026-10-04T07:55:55Z,4.088000,4.098000,4.083000,4.094000,4.108000,4.110000,4.083000,4.094000,changed
2025-12-04 15:20:00+00:00,2026-10-04T07:55:55Z,4.086000,4.102000,4.085000,4.098000,4.083000,4.102000,4.083000,4.098000,changed
2025-12-04 16:20:00+00:00,2026-10-04T07:55:55Z,4.100000,4.106000,4.096000,4.100000,4.092000,4.106000,4.090000,4.100000,changed
2025-12-04 17:20:00+00:00,2026-10-04T07:55:55Z,4.100000,4.102000,4.096000,4.102000,4.100000,4.106000,4.096000,4.102000,changed
2025-12-04 18:20:00+00:00,2026-10-04T07:55:55Z,4.098000,4.108000,4.098000,4.108000,4.100000,4.108000,4.096000,4.108000,changed
2025-12-04 19:20:00+00:00,2026-10-04T07:55:55Z,4.104000,4.110000,4.104000,4.108000,4.100000,4.110000,4.100000,4.108000,changed
2025-12-05 14:20:00+00:00,2026-10-04T07:55:55Z,4.112000,4.121000,4.098000,4.116000,4.120000,4.121000,4.098000,4.116000,changed
2025-12-05 15:20:00+00:00,2026-10-04T07:55:55Z,4.106000,4.135000,4.106000,4.133000,4.112000,4.135000,4.108000,4.133000,changed
2025-12-05 16:20:00+00:00,2026-10-04T07:55:55Z,4.114000,4.139000,4.114000,4.129000,4.127000,4.139000,4.127000,4.129000,changed
2025-12-05 17:20:00+00:00,2026-10-04T07:55:55Z,4.137000,4.145000,4.127000,4.141000,4.131000,4.145000,4.127000,4.141000,changed
2025-12-05 18:20:00+00:00,2026-10-04T07:55:55Z,4.135000,4.145000,4.135000,4.141000,4.143000,4.143000,4.139000,4.141000,changed
2025-12-05 19:20:00+00:00,2026-10-04T07:55:55Z,4.139000,4.143000,4.135000,4.139000,4.141000,4.141000,4.135000,4.139000,changed
2025-12-08 14:20:00+00:00,2026-10-04T07:55:55Z,4.155000,4.186000,4.143000,4.186000,4.145000,4.186000,4.143000,4.186000,changed
2025-12-08 15:20:00+00:00,2026-10-04T07:55:55Z,4.174000,4.192000,4.174000,4.180000,4.147000,4.192000,4.145000,4.180000,changed
2025-12-08 16:20:00+00:00,2026-10-04T07:55:55Z,4.188000,4.188000,4.176000,4.178000,4.184000,4.192000,4.176000,4.178000,changed
2025-12-08 17:20:00+00:00,2026-10-04T07:55:55Z,4.178000,4.182000,4.172000,4.174000,4.184000,4.184000,4.172000,4.174000,changed
2025-12-08 18:20:00+00:00,2026-10-04T07:55:55Z,4.180000,4.180000,4.166000,4.168000,4.174000,4.182000,4.166000,4.168000,changed
2025-12-08 19:20:00+00:00,2026-10-04T07:55:55Z,4.168000,4.172000,4.164000,4.172000,4.174000,4.174000,4.164000,4.172000,changed
2025-12-09 14:20:00+00:00,2026-10-04T07:55:55Z,4.164000,4.186000,4.143000,4.174000,4.143000,4.186000,4.143000,4.174000,changed
2025-12-09 15:20:00+00:00,2026-10-04T07:55:55Z,4.147000,4.186000,4.147000,4.178000,4.164000,4.186000,4.164000,4.178000,changed
2025-12-09 16:20:00+00:00,2026-10-04T07:55:55Z,4.172000,4.184000,4.166000,4.170000,4.180000,4.182000,4.166000,4.170000,changed
2025-12-09 17:20:00+00:00,2026-10-04T07:55:55Z,4.178000,4.178000,4.166000,4.176000,4.170000,4.176000,4.166000,4.176000,changed
2025-12-09 19:20:00+00:00,2026-10-04T07:55:55Z,4.176000,4.190000,4.176000,4.186000,4.186000,4.188000,4.182000,4.186000,changed
2025-12-11 14:20:00+00:00,2026-10-04T07:55:55Z,4.125000,4.125000,4.102000,4.118000,4.135000,4.143000,4.102000,4.118000,changed
2025-12-11 15:20:00+00:00,2026-10-04T07:55:55Z,4.106000,4.124000,4.106000,4.121000,4.108000,4.124000,4.102000,4.121000,changed
2025-12-11 16:20:00+00:00,2026-10-04T07:55:55Z,4.124000,4.125000,4.112000,4.114000,4.116000,4.125000,4.112000,4.114000,changed
2025-12-11 17:20:00+00:00,2026-10-04T07:55:55Z,4.118000,4.125000,4.112000,4.121000,4.124000,4.125000,4.112000,4.121000,changed
2025-12-11 18:20:00+00:00,2026-10-04T07:55:55Z,4.121000,4.143000,4.120000,4.143000,4.114000,4.143000,4.114000,4.143000,changed
2025-12-11 19:20:00+00:00,2026-10-04T07:55:55Z,4.127000,4.143000,4.127000,4.141000,4.124000,4.143000,4.121000,4.141000,changed
2025-12-12 14:20:00+00:00,2026-10-04T07:55:55Z,4.182000,4.200000,4.178000,4.190000,4.190000,4.200000,4.184000,4.190000,changed
2025-12-12 15:20:00+00:00,2026-10-04T07:55:55Z,4.194000,4.196000,4.180000,4.186000,4.186000,4.194000,4.180000,4.186000,changed
2025-12-12 16:20:00+00:00,2026-10-04T07:55:55Z,4.182000,4.196000,4.180000,4.192000,4.184000,4.196000,4.182000,4.192000,changed
2025-12-12 17:20:00+00:00,2026-10-04T07:55:55Z,4.190000,4.196000,4.186000,4.192000,4.190000,4.194000,4.188000,4.192000,changed
2025-12-12 18:20:00+00:00,2026-10-04T07:55:55Z,4.188000,4.194000,4.188000,4.192000,4.192000,4.194000,4.188000,4.192000,changed
2025-12-12 19:20:00+00:00,2026-10-04T07:55:55Z,4.190000,4.196000,4.188000,4.194000,4.190000,4.196000,4.190000,4.194000,changed
2025-12-15 15:20:00+00:00,2026-10-04T07:55:55Z,4.155000,4.167000,4.151000,4.167000,4.163000,4.167000,4.151000,4.167000,changed
2025-12-15 16:20:00+00:00,2026-10-04T07:55:55Z,4.163000,4.184000,4.161000,4.184000,4.157000,4.184000,4.157000,4.184000,changed
2025-12-15 17:20:00+00:00,2026-10-04T07:55:55Z,4.178000,4.184000,4.178000,4.180000,4.170000,4.184000,4.170000,4.180000,changed
2025-12-15 18:20:00+00:00,2026-10-04T07:55:55Z,4.178000,4.186000,4.178000,4.182000,4.184000,4.186000,4.178000,4.182000,changed
2025-12-15 19:20:00+00:00,2026-10-04T07:55:55Z,4.180000,4.184000,4.180000,4.182000,4.182000,4.186000,4.178000,4.182000,changed
2025-12-16 14:20:00+00:00,2026-10-04T07:55:55Z,4.167000,4.196000,4.143000,4.161000,4.174000,4.196000,4.159000,4.161000,changed
2025-12-16 15:20:00+00:00,2026-10-04T07:55:55Z,4.194000,4.194000,4.155000,4.165000,4.168000,4.176000,4.155000,4.165000,changed
2025-12-16 16:20:00+00:00,2026-10-04T07:55:55Z,4.157000,4.176000,4.151000,4.157000,4.172000,4.176000,4.151000,4.157000,changed
2025-12-16 17:20:00+00:00,2026-10-04T07:55:55Z,4.163000,4.165000,4.149000,4.157000,4.159000,4.163000,4.149000,4.157000,changed
2025-12-16 18:20:00+00:00,2026-10-04T07:55:55Z,4.153000,4.161000,4.149000,4.155000,4.157000,4.161000,4.155000,4.155000,changed
2025-12-16 19:20:00+00:00,2026-10-04T07:55:55Z,4.157000,4.163000,4.147000,4.149000,4.159000,4.163000,4.147000,4.149000,changed
2025-12-17 18:20:00+00:00,2026-10-04T07:55:55Z,4.159000,4.159000,4.151000,4.151000,4.159000,4.161000,4.151000,4.151000,changed
2025-12-18 14:20:00+00:00,2026-10-04T07:55:55Z,4.137000,4.137000,4.110000,4.114000,4.124000,4.137000,4.110000,4.114000,changed
2025-12-18 15:20:00+00:00,2026-10-04T07:55:55Z,4.118000,4.122000,4.108000,4.112000,4.116000,4.122000,4.108000,4.112000,changed
2025-12-18 16:20:00+00:00,2026-10-04T07:55:55Z,4.112000,4.128000,4.110000,4.124000,4.118000,4.128000,4.108000,4.124000,changed
2025-12-18 17:20:00+00:00,2026-10-04T07:55:55Z,4.120000,4.131000,4.120000,4.130000,4.114000,4.131000,4.112000,4.130000,changed
2025-12-18 18:20:00+00:00,2026-10-04T07:55:55Z,4.125000,4.131000,4.122000,4.122000,4.124000,4.131000,4.120000,4.122000,changed
2025-12-18 19:20:00+00:00,2026-10-04T07:55:55Z,4.122000,4.125000,4.116000,4.116000,4.128000,4.128000,4.116000,4.116000,changed
2025-12-19 14:20:00+00:00,2026-10-04T07:55:55Z,4.145000,4.155000,4.139000,4.143000,4.153000,4.153000,4.141000,4.143000,changed
2025-12-19 15:20:00+00:00,2026-10-04T07:55:55Z,4.143000,4.153000,4.130000,4.137000,4.151000,4.153000,4.130000,4.137000,changed
2025-12-19 16:20:00+00:00,2026-10-04T07:55:55Z,4.139000,4.153000,4.130000,4.147000,4.133000,4.153000,4.130000,4.147000,changed
2025-12-19 17:20:00+00:00,2026-10-04T07:55:55Z,4.139000,4.153000,4.139000,4.147000,4.143000,4.153000,4.143000,4.147000,changed
2025-12-19 18:20:00+00:00,2026-10-04T07:55:55Z,4.149000,4.157000,4.145000,4.153000,4.147000,4.157000,4.145000,4.153000,changed
2025-12-19 19:20:00+00:00,2026-10-04T07:55:55Z,4.147000,4.157000,4.147000,4.151000,4.155000,4.157000,4.149000,4.151000,changed
2025-12-22 14:20:00+00:00,2026-10-04T07:55:55Z,4.163000,4.169000,4.159000,4.167000,4.163000,4.169000,4.155000,4.167000,changed
2025-12-22 15:20:00+00:00,2026-10-04T07:55:55Z,4.167000,4.169000,4.159000,4.161000,4.163000,4.169000,4.159000,4.161000,changed
2025-12-22 17:20:00+00:00,2026-10-04T07:55:55Z,4.163000,4.171000,4.161000,4.171000,4.165000,4.171000,4.161000,4.171000,changed
2025-12-22 18:20:00+00:00,2026-10-04T07:55:55Z,4.167000,4.175000,4.167000,4.175000,4.165000,4.175000,4.165000,4.175000,changed
2025-12-22 19:20:00+00:00,2026-10-04T07:55:55Z,4.171000,4.175000,4.169000,4.169000,4.173000,4.175000,4.169000,4.169000,changed
2025-12-23 14:20:00+00:00,2026-10-04T07:55:55Z,4.155000,4.202000,4.155000,4.186000,4.186000,4.202000,4.182000,4.186000,changed
2025-12-23 15:20:00+00:00,2026-10-04T07:55:55Z,4.198000,4.202000,4.175000,4.175000,4.198000,4.198000,4.175000,4.175000,changed
2025-12-23 16:20:00+00:00,2026-10-04T07:55:55Z,4.182000,4.188000,4.167000,4.167000,4.179000,4.180000,4.167000,4.167000,changed
2025-12-23 17:20:00+00:00,2026-10-04T07:55:55Z,4.173000,4.175000,4.167000,4.171000,4.173000,4.173000,4.167000,4.171000,changed
2025-12-23 18:20:00+00:00,2026-10-04T07:55:55Z,4.169000,4.173000,4.167000,4.173000,4.173000,4.173000,4.167000,4.173000,changed
2025-12-23 19:20:00+00:00,2026-10-04T07:55:55Z,4.169000,4.173000,4.167000,4.169000,4.169000,4.173000,4.169000,4.169000,changed
2025-12-26 14:20:00+00:00,2026-10-04T07:55:55Z,4.120000,4.124000,4.110000,4.120000,4.120000,4.124000,4.116000,4.120000,changed
2025-12-26 16:20:00+00:00,2026-10-04T07:55:55Z,4.122000,4.143000,4.118000,4.143000,4.120000,4.143000,4.120000,4.143000,changed
2025-12-26 17:20:00+00:00,2026-10-04T07:55:55Z,4.141000,4.145000,4.139000,4.139000,4.143000,4.145000,4.139000,4.139000,changed
2025-12-26 18:20:00+00:00,2026-10-04T07:55:55Z,4.143000,4.145000,4.139000,4.139000,4.139000,4.143000,4.139000,4.139000,changed
2025-12-29 14:20:00+00:00,2026-10-04T07:55:55Z,4.112000,4.124000,4.108000,4.122000,4.120000,4.124000,4.108000,4.122000,changed
2025-12-29 15:20:00+00:00,2026-10-04T07:55:55Z,4.118000,4.130000,4.116000,4.122000,4.116000,4.130000,4.108000,4.122000,changed
2025-12-29 16:20:00+00:00,2026-10-04T07:55:55Z,4.126000,4.126000,4.114000,4.116000,4.124000,4.130000,4.114000,4.116000,changed
2025-12-29 17:20:00+00:00,2026-10-04T07:55:55Z,4.116000,4.118000,4.112000,4.114000,4.118000,4.118000,4.112000,4.114000,changed
2025-12-29 18:20:00+00:00,2026-10-04T07:55:55Z,4.114000,4.116000,4.110000,4.114000,4.112000,4.116000,4.110000,4.114000,changed
2025-12-29 19:20:00+00:00,2026-10-04T07:55:55Z,4.112000,4.120000,4.112000,4.116000,4.112000,4.120000,4.110000,4.116000,changed
2025-12-30 14:20:00+00:00,2026-10-04T07:55:55Z,4.134000,4.138000,4.128000,4.136000,4.128000,4.138000,4.128000,4.136000,changed
2025-12-30 15:20:00+00:00,2026-10-04T07:55:55Z,4.132000,4.139000,4.120000,4.120000,4.136000,4.139000,4.120000,4.120000,changed
2025-12-30 16:20:00+00:00,2026-10-04T07:55:55Z,4.132000,4.139000,4.116000,4.122000,4.130000,4.130000,4.116000,4.122000,changed
2025-12-30 17:20:00+00:00,2026-10-04T07:55:55Z,4.116000,4.126000,4.116000,4.118000,4.120000,4.126000,4.118000,4.118000,changed
2025-12-30 18:20:00+00:00,2026-10-04T07:55:55Z,4.126000,4.128000,4.118000,4.122000,4.120000,4.128000,4.118000,4.122000,changed
2025-12-30 19:20:00+00:00,2026-10-04T07:55:55Z,4.118000,4.132000,4.118000,4.130000,4.126000,4.132000,4.122000,4.130000,changed
2025-12-01 14:20:00+00:00,2026-10-04T21:11:09Z,4.056000,4.094000,4.056000,4.083000,4.069000,4.094000,4.069000,4.083000,changed
2025-12-01 16:20:00+00:00,2026-10-04T21:11:09Z,4.081000,4.098000,4.081000,4.092000,4.090000,4.098000,4.088000,4.092000,changed
2025-12-01 17:20:00+00:00,2026-10-04T21:11:09Z,4.090000,4.098000,4.090000,4.092000,4.096000,4.098000,4.090000,4.092000,changed
2025-12-01 19:20:00+00:00,2026-10-04T21:11:09Z,4.092000,4.098000,4.092000,4.096000,4.096000,4.098000,4.092000,4.096000,changed
2025-12-02 14:20:00+00:00,2026-10-04T21:11:09Z,4.104000,4.114000,4.102000,4.108000,4.112000,4.114000,4.102000,4.108000,changed
2025-12-02 15:20:00+00:00,2026-10-04T21:11:09Z,4.110000,4.112000,4.096000,4.102000,4.106000,4.112000,4.096000,4.102000,changed
2025-12-02 16:20:00+00:00,2026-10-04T21:11:09Z,4.102000,4.106000,4.090000,4.100000,4.106000,4.106000,4.090000,4.100000,changed
2025-12-02 17:20:00+00:00,2026-10-04T21:11:09Z,4.098000,4.102000,4.090000,4.092000,4.092000,4.102000,4.090000,4.092000,changed
2025-12-02 18:20:00+00:00,2026-10-04T21:11:09Z,4.092000,4.094000,4.085000,4.085000,4.096000,4.096000,4.085000,4.085000,changed
2025-12-02 19:20:00+00:00,2026-10-04T21:11:09Z,4.090000,4.090000,4.081000,4.086000,4.094000,4.094000,4.081000,4.086000,changed
2025-12-03 18:20:00+00:00,2026-10-04T21:11:09Z,4.065000,4.067000,4.056000,4.057000,4.065000,4.069000,4.056000,4.057000,changed
2025-12-04 14:20:00+00:00,2026-10-04T21:11:09Z,4.108000,4.110000,4.083000,4.094000,4.088000,4.098000,4.083000,4.094000,changed
2025-12-04 15:20:00+00:00,2026-10-04T21:11:09Z,4.083000,4.102000,4.083000,4.098000,4.086000,4.102000,4.085000,4.098000,changed
2025-12-04 16:20:00+00:00,2026-10-04T21:11:09Z,4.092000,4.106000,4.090000,4.100000,4.100000,4.106000,4.096000,4.100000,changed
2025-12-04 17:20:00+00:00,2026-10-04T21:11:09Z,4.100000,4.106000,4.096000,4.102000,4.100000,4.102000,4.096000,4.102000,changed
2025-12-04 18:20:00+00:00,2026-10-04T21:11:09Z,4.100000,4.108000,4.096000,4.108000,4.098000,4.108000,4.098000,4.108000,changed
2025-12-04 19:20:00+00:00,2026-10-04T21:11:09Z,4.100000,4.110000,4.100000,4.108000,4.104000,4.110000,4.104000,4.108000,changed
2025-12-05 14:20:00+00:00,2026-10-04T21:11:09Z,4.120000,4.121000,4.098000,4.116000,4.112000,4.121000,4.098000,4.116000,changed
2025-12-05 15:20:00+00:00,2026-10-04T21:11:09Z,4.112000,4.135000,4.108000,4.133000,4.106000,4.135000,4.106000,4.133000,changed
2025-12-05 16:20:00+00:00,2026-10-04T21:11:09Z,4.127000,4.139000,4.127000,4.129000,4.114000,4.139000,4.114000,4.129000,changed
2025-12-05 17:20:00+00:00,2026-10-04T21:11:09Z,4.131000,4.145000,4.127000,4.141000,4.137000,4.145000,4.127000,4.141000,changed
2025-12-05 18:20:00+00:00,2026-10-04T21:11:09Z,4.143000,4.143000,4.139000,4.141000,4.135000,4.145000,4.135000,4.141000,changed
2025-12-05 19:20:00+00:00,2026-10-04T21:11:09Z,4.141000,4.141000,4.135000,4.139000,4.139000,4.143000,4.135000,4.139000,changed
2025-12-08 14:20:00+00:00,2026-10-04T21:11:09Z,4.145000,4.186000,4.143000,4.186000,4.155000,4.186000,4.143000,4.186000,changed
2025-12-08 15:20:00+00:00,2026-10-04T21:11:09Z,4.147000,4.192000,4.145000,4.180000,4.174000,4.192000,4.174000,4.180000,changed
2025-12-08 16:20:00+00:00,2026-10-04T21:11:09Z,4.184000,4.192000,4.176000,4.178000,4.188000,4.188000,4.176000,4.178000,changed
2025-12-08 17:20:00+00:00,2026-10-04T21:11:09Z,4.184000,4.184000,4.172000,4.174000,4.178000,4.182000,4.172000,4.174000,changed
2025-12-08 18:20:00+00:00,2026-10-04T21:11:09Z,4.174000,4.182000,4.166000,4.168000,4.180000,4.180000,4.166000,4.168000,changed
2025-12-08 19:20:00+00:00,2026-10-04T21:11:09Z,4.174000,4.174000,4.164000,4.172000,4.168000,4.172000,4.164000,4.172000,changed
2025-12-09 14:20:00+00:00,2026-10-04T21:11:09Z,4.143000,4.186000,4.143000,4.174000,4.164000,4.186000,4.143000,4.174000,changed
2025-12-09 15:20:00+00:00,2026-10-04T21:11:09Z,4.164000,4.186000,4.164000,4.178000,4.147000,4.186000,4.147000,4.178000,changed
2025-12-09 16:20:00+00:00,2026-10-04T21:11:09Z,4.180000,4.182000,4.166000,4.170000,4.172000,4.184000,4.166000,4.170000,changed
2025-12-09 17:20:00+00:00,2026-10-04T21:11:09Z,4.170000,4.176000,4.166000,4.176000,4.178000,4.178000,4.166000,4.176000,changed
2025-12-09 19:20:00+00:00,2026-10-04T21:11:09Z,4.186000,4.188000,4.182000,4.186000,4.176000,4.190000,4.176000,4.186000,changed
2025-12-11 14:20:00+00:00,2026-10-04T21:11:09Z,4.135000,4.143000,4.102000,4.118000,4.125000,4.125000,4.102000,4.118000,changed
2025-12-11 15:20:00+00:00,2026-10-04T21:11:09Z,4.108000,4.124000,4.102000,4.121000,4.106000,4.124000,4.106000,4.121000,changed
2025-12-11 16:20:00+00:00,2026-10-04T21:11:09Z,4.116000,4.125000,4.112000,4.114000,4.124000,4.125000,4.112000,4.114000,changed
2025-12-11 17:20:00+00:00,2026-10-04T21:11:09Z,4.124000,4.125000,4.112000,4.121000,4.118000,4.125000,4.112000,4.121000,changed
2025-12-11 18:20:00+00:00,2026-10-04T21:11:09Z,4.114000,4.143000,4.114000,4.143000,4.121000,4.143000,4.120000,4.143000,changed
2025-12-11 19:20:00+00:00,2026-10-04T21:11:09Z,4.124000,4.143000,4.121000,4.141000,4.127000,4.143000,4.127000,4.141000,changed
2025-12-12 14:20:00+00:00,2026-10-04T21:11:09Z,4.190000,4.200000,4.184000,4.190000,4.182000,4.200000,4.178000,4.190000,changed
2025-12-12 15:20:00+00:00,2026-10-04T21:11:09Z,4.186000,4.194000,4.180000,4.186000,4.194000,4.196000,4.180000,4.186000,changed
2025-12-12 16:20:00+00:00,2026-10-04T21:11:09Z,4.184000,4.196000,4.182000,4.192000,4.182000,4.196000,4.180000,4.192000,changed
2025-12-12 17:20:00+00:00,2026-10-04T21:11:09Z,4.190000,4.194000,4.188000,4.192000,4.190000,4.196000,4.186000,4.192000,changed
2025-12-12 18:20:00+00:00,2026-10-04T21:11:09Z,4.192000,4.194000,4.188000,4.192000,4.188000,4.194000,4.188000,4.192000,changed
2025-12-12 19:20:00+00:00,2026-10-04T21:11:09Z,4.190000,4.196000,4.190000,4.194000,4.190000,4.196000,4.188000,4.194000,changed
2025-12-15 15:20:00+00:00,2026-10-04T21:11:09Z,4.163000,4.167000,4.151000,4.167000,4.155000,4.167000,4.151000,4.167000,changed
2025-12-15 16:20:00+00:00,2026-10-04T21:11:09Z,4.157000,4.184000,4.157000,4.184000,4.163000,4.184000,4.161000,4.184000,changed
2025-12-15 17:20:00+00:00,2026-10-04T21:11:09Z,4.170000,4.184000,4.170000,4.180000,4.178000,4.184000,4.178000,4.180000,changed
2025-12-15 18:20:00+00:00,2026-10-04T21:11:09Z,4.184000,4.186000,4.178000,4.182000,4.178000,4.186000,4.178000,4.182000,changed
2025-12-15 19:20:00+00:00,2026-10-04T21:11:09Z,4.182000,4.186000,4.178000,4.182000,4.180000,4.184000,4.180000,4.182000,changed
2025-12-16 14:20:00+00:00,2026-10-04T21:11:09Z,4.174000,4.196000,4.159000,4.161000,4.167000,4.196000,4.143000,4.161000,changed
2025-12-16 15:20:00+00:00,2026-10-04T21:11:09Z,4.168000,4.176000,4.155000,4.165000,4.194000,4.194000,4.155000,4.165000,changed
2025-12-16 16:20:00+00:00,2026-10-04T21:11:09Z,4.172000,4.176000,4.151000,4.157000,4.157000,4.176000,4.151000,4.157000,changed
2025-12-16 17:20:00+00:00,2026-10-04T21:11:09Z,4.159000,4.163000,4.149000,4.157000,4.163000,4.165000,4.149000,4.157000,changed
2025-12-16 18:20:00+00:00,2026-10-04T21:11:09Z,4.157000,4.161000,4.155000,4.155000,4.153000,4.161000,4.149000,4.155000,changed
2025-12-16 19:20:00+00:00,2026-10-04T21:11:09Z,4.159000,4.163000,4.147000,4.149000,4.157000,4.163000,4.147000,4.149000,changed
2025-12-17 18:20:00+00:00,2026-10-04T21:11:09Z,4.159000,4.161000,4.151000,4.151000,4.159000,4.159000,4.151000,4.151000,changed
2025-12-18 14:20:00+00:00,2026-10-04T21:11:09Z,4.124000,4.137000,4.110000,4.114000,4.137000,4.137000,4.110000,4.114000,changed
2025-12-18 15:20:00+00:00,2026-10-04T21:11:09Z,4.116000,4.122000,4.108000,4.112000,4.118000,4.122000,4.108000,4.112000,changed
2025-12-18 16:20:00+00:00,2026-10-04T21:11:09Z,4.118000,4.128000,4.108000,4.124000,4.112000,4.128000,4.110000,4.124000,changed
2025-12-18 17:20:00+00:00,2026-10-04T21:11:09Z,4.114000,4.131000,4.112000,4.130000,4.120000,4.131000,4.120000,4.130000,changed
2025-12-18 18:20:00+00:00,2026-10-04T21:11:09Z,4.124000,4.131000,4.120000,4.122000,4.125000,4.131000,4.122000,4.122000,changed
2025-12-18 19:20:00+00:00,2026-10-04T21:11:09Z,4.128000,4.128000,4.116000,4.116000,4.122000,4.125000,4.116000,4.116000,changed
2025-12-19 14:20:00+00:00,2026-10-04T21:11:09Z,4.153000,4.153000,4.141000,4.143000,4.145000,4.155000,4.139000,4.143000,changed
2025-12-19 15:20:00+00:00,2026-10-04T21:11:09Z,4.151000,4.153000,4.130000,4.137000,4.143000,4.153000,4.130000,4.137000,changed
2025-12-19 16:20:00+00:00,2026-10-04T21:11:09Z,4.133000,4.153000,4.130000,4.147000,4.139000,4.153000,4.130000,4.147000,changed
2025-12-19 17:20:00+00:00,2026-10-04T21:11:09Z,4.143000,4.153000,4.143000,4.147000,4.139000,4.153000,4.139000,4.147000,changed
2025-12-19 18:20:00+00:00,2026-10-04T21:11:09Z,4.147000,4.157000,4.145000,4.153000,4.149000,4.157000,4.145000,4.153000,changed
2025-12-19 19:20:00+00:00,2026-10-04T21:11:09Z,4.155000,4.157000,4.149000,4.151000,4.147000,4.157000,4.147000,4.151000,changed
2025-12-22 14:20:00+00:00,2026-10-04T21:11:09Z,4.163000,4.169000,4.155000,4.167000,4.163000,4.169000,4.159000,4.167000,changed
2025-12-22 15:20:00+00:00,2026-10-04T21:11:09Z,4.163000,4.169000,4.159000,4.161000,4.167000,4.169000,4.159000,4.161000,changed
2025-12-22 17:20:00+00:00,2026-10-04T21:11:09Z,4.165000,4.171000,4.161000,4.171000,4.163000,4.171000,4.161000,4.171000,changed
2025-12-22 18:20:00+00:00,2026-10-04T21:11:09Z,4.165000,4.175000,4.165000,4.175000,4.167000,4.175000,4.167000,4.175000,changed
2025-12-22 19:20:00+00:00,2026-10-04T21:11:09Z,4.173000,4.175000,4.169000,4.169000,4.171000,4.175000,4.169000,4.169000,changed
2025-12-23 14:20:00+00:00,2026-10-04T21:11:09Z,4.186000,4.202000,4.182000,4.186000,4.155000,4.202000,4.155000,4.186000,changed
2025-12-23 15:20:00+00:00,2026-10-04T21:11:09Z,4.198000,4.198000,4.175000,4.175000,4.198000,4.202000,4.175000,4.175000,changed
2025-12-23 16:20:00+00:00,2026-10-04T21:11:09Z,4.179000,4.180000,4.167000,4.167000,4.182000,4.188000,4.167000,4.167000,changed
2025-12-23 17:20:00+00:00,2026-10-04T21:11:09Z,4.173000,4.173000,4.167000,4.171000,4.173000,4.175000,4.167000,4.171000,changed
2025-12-23 18:20:00+00:00,2026-10-04T21:11:09Z,4.173000,4.173000,4.167000,4.173000,4.169000,4.173000,4.167000,4.173000,changed
2025-12-23 19:20:00+00:00,2026-10-04T21:11:09Z,4.169000,4.173000,4.169000,4.169000,4.169000,4.173000,4.167000,4.169000,changed
2025-12-26 14:20:00+00:00,2026-10-04T21:11:09Z,4.120000,4.124000,4.116000,4.120000,4.120000,4.124000,4.110000,4.120000,changed
2025-12-26 16:20:00+00:00,2026-10-04T21:11:09Z,4.120000,4.143000,4.120000,4.143000,4.122000,4.143000,4.118000,4.143000,changed
2025-12-26 17:20:00+00:00,2026-10-04T21:11:09Z,4.143000,4.145000,4.139000,4.139000,4.141000,4.145000,4.139000,4.139000,changed
2025-12-26 18:20:00+00:00,2026-10-04T21:11:09Z,4.139000,4.143000,4.139000,4.139000,4.143000,4.145000,4.139000,4.139000,changed
2025-12-29 14:20:00+00:00,2026-10-04T21:11:09Z,4.120000,4.124000,4.108000,4.122000,4.112000,4.124000,4.108000,4.122000,changed
2025-12-29 15:20:00+00:00,2026-10-04T21:11:09Z,4.116000,4.130000,4.108000,4.122000,4.118000,4.130000,4.116000,4.122000,changed
2025-12-29 16:20:00+00:00,2026-10-04T21:11:09Z,4.124000,4.130000,4.114000,4.116000,4.126000,4.126000,4.114000,4.116000,changed
2025-12-29 17:20:00+00:00,2026-10-04T21:11:09Z,4.118000,4.118000,4.112000,4.114000,4.116000,4.118000,4.112000,4.114000,changed
2025-12-29 18:20:00+00:00,2026-10-04T21:11:09Z,4.112000,4.116000,4.110000,4.114000,4.114000,4.116000,4.110000,4.114000,changed
2025-12-29 19:20:00+00:00,2026-10-04T21:11:09Z,4.112000,4.120000,4.110000,4.116000,4.112000,4.120000,4.112000,4.116000,changed
2025-12-30 14:20:00+00:00,2026-10-04T21:11:09Z,4.128000,4.138000,4.128000,4.136000,4.134000,4.138000,4.128000,4.136000,changed
2025-12-30 15:20:00+00:00,2026-10-04T21:11:09Z,4.136000,4.139000,4.120000,4.120000,4.132000,4.139000,4.120000,4.120000,changed
2025-12-30 16:20:00+00:00,2026-10-04T21:11:09Z,4.130000,4.130000,4.116000,4.122000,4.132000,4.139000,4.116000,4.122000,changed
2025-12-30 17:20:00+00:00,2026-10-04T21:11:09Z,4.120000,4.126000,4.118000,4.118000,4.116000,4.126000,4.116000,4.118000,changed
2025-12-30 18:20:00+00:00,2026-10-04T21:11:09Z,4.120000,4.128000,4.118000,4.122000,4.126000,4.128000,4.118000,4.122000,changed
2025-12-30 19:20:00+00:00,2026-10-04T21:11:09Z,4.126000,4.132000,4.122000,4.130000,4.118000,4.132000,4.118000,4.130000,changed
2025-12-01 14:20:00+00:00,2026-10-04T21:39:49Z,4.069000,4.094000,4.069000,4.083000,4.056000,4.094000,4.056000,4.083000,changed
2025-12-01 16:20:00+00:00,2026-10-04T21:39:49Z,4.090000,4.098000,4.088000,4.092000,4.081000,4.098000,4.081000,4.092000,changed
2025-12-01 17:20:00+00:00,2026-10-04T21:39:49Z,4.096000,4.098000,4.090000,4.092000,4.090000,4.098000,4.090000,4.092000,changed
2025-12-01 19:20:00+00:00,2026-10-04T21:39:49Z,4.096000,4.098000,4.092000,4.096000,4.092000,4.098000,4.092000,4.096000,changed
2025-12-02 14:20:00+00:00,2026-10-04T21:39:49Z,4.112000,4.114000,4.102000,4.108000,4.104000,4.114000,4.102000,4.108000,changed
2025-12-02 15:20:00+00:00,2026-10-04T21:39:49Z,4.106000,4.112000,4.096000,4.102000,4.110000,4.112000,4.096000,4.102000,changed
2025-12-02 16:20:00+00:00,2026-10-04T21:39:49Z,4.106000,4.106000,4.090000,4.100000,4.102000,4.106000,4.090000,4.100000,changed
2025-12-02 17:20:00+00:00,2026-10-04T21:39:49Z,4.092000,4.102000,4.090000,4.092000,4.098000,4.102000,4.090000,4.092000,changed
2025-12-02 18:20:00+00:00,2026-10-04T21:39:49Z,4.096000,4.096000,4.085000,4.085000,4.092000,4.094000,4.085000,4.085000,changed
2025-12-02 19:20:00+00:00,2026-10-04T21:39:49Z,4.094000,4.094000,4.081000,4.086000,4.090000,4.090000,4.081000,4.086000,changed
2025-12-03 18:20:00+00:00,2026-10-04T21:39:49Z,4.065000,4.069000,4.056000,4.057000,4.065000,4.067000,4.056000,4.057000,changed
2025-12-04 14:20:00+00:00,2026-10-04T21:39:49Z,4.088000,4.098000,4.083000,4.094000,4.108000,4.110000,4.083000,4.094000,changed
2025-12-04 15:20:00+00:00,2026-10-04T21:39:49Z,4.086000,4.102000,4.085000,4.098000,4.083000,4.102000,4.083000,4.098000,changed
2025-12-04 16:20:00+00:00,2026-10-04T21:39:49Z,4.100000,4.106000,4.096000,4.100000,4.092000,4.106000,4.090000,4.100000,changed
2025-12-04 17:20:00+00:00,2026-10-04T21:39:49Z,4.100000,4.102000,4.096000,4.102000,4.100000,4.106000,4.096000,4.102000,changed
2025-12-04 18:20:00+00:00,2026-10-04T21:39:49Z,4.098000,4.108000,4.098000,4.108000,4.100000,4.108000,4.096000,4.108000,changed
2025-12-04 19:20:00+00:00,2026-10-04T21:39:49Z,4.104000,4.110000,4.104000,4.108000,4.100000,4.110000,4.100000,4.108000,changed
2025-12-05 14:20:00+00:00,2026-10-04T21:39:49Z,4.112000,4.121000,4.098000,4.116000,4.120000,4.121000,4.098000,4.116000,changed
2025-12-05 15:20:00+00:00,2026-10-04T21:39:49Z,4.106000,4.135000,4.106000,4.133000,4.112000,4.135000,4.108000,4.133000,changed
2025-12-05 16:20:00+00:00,2026-10-04T21:39:49Z,4.114000,4.139000,4.114000,4.129000,4.127000,4.139000,4.127000,4.129000,changed
2025-12-05 17:20:00+00:00,2026-10-04T21:39:49Z,4.137000,4.145000,4.127000,4.141000,4.131000,4.145000,4.127000,4.141000,changed
2025-12-05 18:20:00+00:00,2026-10-04T21:39:49Z,4.135000,4.145000,4.135000,4.141000,4.143000,4.143000,4.139000,4.141000,changed
2025-12-05 19:20:00+00:00,2026-10-04T21:39:49Z,4.139000,4.143000,4.135000,4.139000,4.141000,4.141000,4.135000,4.139000,changed
2025-12-08 14:20:00+00:00,2026-10-04T21:39:49Z,4.155000,4.186000,4.143000,4.186000,4.145000,4.186000,4.143000,4.186000,changed
2025-12-08 15:20:00+00:00,2026-10-04T21:39:49Z,4.174000,4.192000,4.174000,4.180000,4.147000,4.192000,4.145000,4.180000,changed
2025-12-08 16:20:00+00:00,2026-10-04T21:39:49Z,4.188000,4.188000,4.176000,4.178000,4.184000,4.192000,4.176000,4.178000,changed
2025-12-08 17:20:00+00:00,2026-10-04T21:39:49Z,4.178000,4.182000,4.172000,4.174000,4.184000,4.184000,4.172000,4.174000,changed
2025-12-08 18:20:00+00:00,2026-10-04T21:39:49Z,4.180000,4.180000,4.166000,4.168000,4.174000,4.182000,4.166000,4.168000,changed
2025-12-08 19:20:00+00:00,2026-10-04T21:39:49Z,4.168000,4.172000,4.164000,4.172000,4.174000,4.174000,4.164000,4.172000,changed
2025-12-09 14:20:00+00:00,2026-10-04T21:39:49Z,4.164000,4.186000,4.143000,4.174000,4.143000,4.186000,4.143000,4.174000,changed
2025-12-09 15:20:00+00:00,2026-10-04T21:39:49Z,4.147000,4.186000,4.147000,4.178000,4.164000,4.186000,4.164000,4.178000,changed
2025-12-09 16:20:00+00:00,2026-10-04T21:39:49Z,4.172000,4.184000,4.166000,4.170000,4.180000,4.182000,4.166000,4.170000,changed
2025-12-09 17:20:00+00:00,2026-10-04T21:39:49Z,4.178000,4.178000,4.166000,4.176000,4.170000,4.176000,4.166000,4.176000,changed
2025-12-09 19:20:00+00:00,2026-10-04T21:39:49Z,4.176000,4.190000,4.176000,4.186000,4.186000,4.188000,4.182000,4.186000,changed
2025-12-11 14:20:00+00:00,2026-10-04T21:39:49Z,4.125000,4.125000,4.102000,4.118000,4.135000,4.143000,4.102000,4.118000,changed
2025-12-11 15:20:00+00:00,2026-10-04T21:39:49Z,4.106000,4.124000,4.106000,4.121000,4.108000,4.124000,4.102000,4.121000,changed
2025-12-11 16:20:00+00:00,2026-10-04T21:39:49Z,4.124000,4.125000,4.112000,4.114000,4.116000,4.125000,4.112000,4.114000,changed
2025-12-11 17:20:00+00:00,2026-10-04T21:39:49Z,4.118000,4.125000,4.112000,4.121000,4.124000,4.125000,4.112000,4.121000,changed
2025-12-11 18:20:00+00:00,2026-10-04T21:39:49Z,4.121000,4.143000,4.120000,4.143000,4.114000,4.143000,4.114000,4.143000,changed
2025-12-11 19:20:00+00:00,2026-10-04T21:39:49Z,4.127000,4.143000,4.127000,4.141000,4.124000,4.143000,4.121000,4.141000,changed
2025-12-12 14:20:00+00:00,2026-10-04T21:39:49Z,4.182000,4.200000,4.178000,4.190000,4.190000,4.200000,4.184000,4.190000,changed
2025-12-12 15:20:00+00:00,2026-10-04T21:39:49Z,4.194000,4.196000,4.180000,4.186000,4.186000,4.194000,4.180000,4.186000,changed
2025-12-12 16:20:00+00:00,2026-10-04T21:39:49Z,4.182000,4.196000,4.180000,4.192000,4.184000,4.196000,4.182000,4.192000,changed
2025-12-12 17:20:00+00:00,2026-10-04T21:39:49Z,4.190000,4.196000,4.186000,4.192000,4.190000,4.194000,4.188000,4.192000,changed
2025-12-12 18:20:00+00:00,2026-10-04T21:39:49Z,4.188000,4.194000,4.188000,4.192000,4.192000,4.194000,4.188000,4.192000,changed
2025-12-12 19:20:00+00:00,2026-10-04T21:39:49Z,4.190000,4.196000,4.188000,4.194000,4.190000,4.196000,4.190000,4.194000,changed
2025-12-15 15:20:00+00:00,2026-10-04T21:39:49Z,4.155000,4.167000,4.151000,4.167000,4.163000,4.167000,4.151000,4.167000,changed
2025-12-15 16:20:00+00:00,2026-10-04T21:39:49Z,4.163000,4.184000,4.161000,4.184000,4.157000,4.184000,4.157000,4.184000,changed
2025-12-15 17:20:00+00:00,2026-10-04T21:39:49Z,4.178000,4.184000,4.178000,4.180000,4.170000,4.184000,4.170000,4.180000,changed
2025-12-15 18:20:00+00:00,2026-10-04T21:39:49Z,4.178000,4.186000,4.178000,4.182000,4.184000,4.186000,4.178000,4.182000,changed
2025-12-15 19:20:00+00:00,2026-10-04T21:39:49Z,4.180000,4.184000,4.180000,4.182000,4.182000,4.186000,4.178000,4.182000,changed
2025-12-16 14:20:00+00:00,2026-10-04T21:39:49Z,4.167000,4.196000,4.143000,4.161000,4.174000,4.196000,4.159000,4.161000,changed
2025-12-16 15:20:00+00:00,2026-10-04T21:39:49Z,4.194000,4.194000,4.155000,4.165000,4.168000,4.176000,4.155000,4.165000,changed
2025-12-16 16:20:00+00:00,2026-10-04T21:39:49Z,4.157000,4.176000,4.151000,4.157000,4.172000,4.176000,4.151000,4.157000,changed
2025-12-16 17:20:00+00:00,2026-10-04T21:39:49Z,4.163000,4.165000,4.149000,4.157000,4.159000,4.163000,4.149000,4.157000,changed
2025-12-16 18:20:00+00:00,2026-10-04T21:39:49Z,4.153000,4.161000,4.149000,4.155000,4.157000,4.161000,4.155000,4.155000,changed
2025-12-16 19:20:00+00:00,2026-10-04T21:39:49Z,4.157000,4.163000,4.147000,4.149000,4.159000,4.163000,4.147000,4.149000,changed
2025-12-17 18:20:00+00:00,2026-10-04T21:39:49Z,4.159000,4.159000,4.151000,4.151000,4.159000,4.161000,4.151000,4.151000,changed
2025-12-18 14:20:00+00:00,2026-10-04T21:39:49Z,4.137000,4.137000,4.110000,4.114000,4.124000,4.137000,4.110000,4.114000,changed
2025-12-18 15:20:00+00:00,2026-10-04T21:39:49Z,4.118000,4.122000,4.108000,4.112000,4.116000,4.122000,4.108000,4.112000,changed
2025-12-18 16:20:00+00:00,2026-10-04T21:39:49Z,4.112000,4.128000,4.110000,4.124000,4.118000,4.128000,4.108000,4.124000,changed
2025-12-18 17:20:00+00:00,2026-10-04T21:39:49Z,4.120000,4.131000,4.120000,4.130000,4.114000,4.131000,4.112000,4.130000,changed
2025-12-18 18:20:00+00:00,2026-10-04T21:39:49Z,4.125000,4.131000,4.122000,4.122000,4.124000,4.131000,4.120000,4.122000,changed
2025-12-18 19:20:00+00:00,2026-10-04T21:39:49Z,4.122000,4.125000,4.116000,4.116000,4.128000,4.128000,4.116000,4.116000,changed
2025-12-19 14:20:00+00:00,2026-10-04T21:39:49Z,4.145000,4.155000,4.139000,4.143000,4.153000,4.153000,4.141000,4.143000,changed
2025-12-19 15:20:00+00:00,2026-10-04T21:39:49Z,4.143000,4.153000,4.130000,4.137000,4.151000,4.153000,4.130000,4.137000,changed
2025-12-19 16:20:00+00:00,2026-10-04T21:39:49Z,4.139000,4.153000,4.130000,4.147000,4.133000,4.153000,4.130000,4.147000,changed
2025-12-19 17:20:00+00:00,2026-10-04T21:39:49Z,4.139000,4.153000,4.139000,4.147000,4.143000,4.153000,4.143000,4.147000,changed
2025-12-19 18:20:00+00:00,2026-10-04T21:39:49Z,4.149000,4.157000,4.145000,4.153000,4.147000,4.157000,4.145000,4.153000,changed
2025-12-19 19:20:00+00:00,2026-10-04T21:39:49Z,4.147000,4.157000,4.147000,4.151000,4.155000,4.157000,4.149000,4.151000,changed
2025-12-22 14:20:00+00:00,2026-10-04T21:39:49Z,4.163000,4.169000,4.159000,4.167000,4.163000,4.169000,4.155000,4.167000,changed
2025-12-22 15:20:00+00:00,2026-10-04T21:39:49Z,4.167000,4.169000,4.159000,4.161000,4.163000,4.169000,4.159000,4.161000,changed
2025-12-22 17:20:00+00:00,2026-10-04T21:39:49Z,4.163000,4.171000,4.161000,4.171000,4.165000,4.171000,4.161000,4.171000,changed
2025-12-22 18:20:00+00:00,2026-10-04T21:39:49Z,4.167000,4.175000,4.167000,4.175000,4.165000,4.175000,4.165000,4.175000,changed
2025-12-22 19:20:00+00:00,2026-10-04T21:39:49Z,4.171000,4.175000,4.169000,4.169000,4.173000,4.175000,4.169000,4.169000,changed
2025-12-23 14:20:00+00:00,2026-10-04T21:39:49Z,4.155000,4.202000,4.155000,4.186000,4.186000,4.202000,4.182000,4.186000,changed
2025-12-23 15:20:00+00:00,2026-10-04T21:39:49Z,4.198000,4.202000,4.175000,4.175000,4.198000,4.198000,4.175000,4.175000,changed
2025-12-23 16:20:00+00:00,2026-10-04T21:39:49Z,4.182000,4.188000,4.167000,4.167000,4.179000,4.180000,4.167000,4.167000,changed
2025-12-23 17:20:00+00:00,2026-10-04T21:39:49Z,4.173000,4.175000,4.167000,4.171000,4.173000,4.173000,4.167000,4.171000,changed
2025-12-23 18:20:00+00:00,2026-10-04T21:39:49Z,4.169000,4.173000,4.167000,4.173000,4.173000,4.173000,4.167000,4.173000,changed
2025-12-23 19:20:00+00:00,2026-10-04T21:39:49Z,4.169000,4.173000,4.167000,4.169000,4.169000,4.173000,4.169000,4.169000,changed
2025-12-26 14:20:00+00:00,2026-10-04T21:39:49Z,4.120000,4.124000,4.110000,4.120000,4.120000,4.124000,4.116000,4.120000,changed
2025-12-26 16:20:00+00:00,2026-10-04T21:39:49Z,4.122000,4.143000,4.118000,4.143000,4.120000,4.143000,4.120000,4.143000,changed
2025-12-26 17:20:00+00:00,2026-10-04T21:39:49Z,4.141000,4.145000,4.139000,4.139000,4.143000,4.145000,4.139000,4.139000,changed
2025-12-26 18:20:00+00:00,2026-10-04T21:39:49Z,4.143000,4.145000,4.139000,4.139000,4.139000,4.143000,4.139000,4.139000,changed
2025-12-29 14:20:00+00:00,2026-10-04T21:39:49Z,4.112000,4.124000,4.108000,4.122000,4.120000,4.124000,4.108000,4.122000,changed
2025-12-29 15:20:00+00:00,2026-10-04T21:39:49Z,4.118000,4.130000,4.116000,4.122000,4.116000,4.130000,4.108000,4.122000,changed
2025-12-29 16:20:00+00:00,2026-10-04T21:39:49Z,4.126000,4.126000,4.114000,4.116000,4.124000,4.130000,4.114000,4.116000,changed
2025-12-29 17:20:00+00:00,2026-10-04T21:39:49Z,4.116000,4.118000,4.112000,4.114000,4.118000,4.118000,4.112000,4.114000,changed
2025-12-29 18:20:00+00:00,2026-10-04T21:39:49Z,4.114000,4.116000,4.110000,4.114000,4.112000,4.116000,4.110000,4.114000,changed
2025-12-29 19:20:00+00:00,2026-10-04T21:39:49Z,4.112000,4.120000,4.112000,4.116000,4.112000,4.120000,4.110000,4.116000,changed
2025-12-30 14:20:00+00:00,2026-10-04T21:39:49Z,4.134000,4.138000,4.128000,4.136000,4.128000,4.138000,4.128000,4.136000,changed
2025-12-30 15:20:00+00:00,2026-10-04T21:39:49Z,4.132000,4.139000,4.120000,4.120000,4.136000,4.139000,4.120000,4.120000,changed
2025-12-30 16:20:00+00:00,2026-10-04T21:39:49Z,4.132000,4.139000,4.116000,4.122000,4.130000,4.130000,4.116000,4.122000,changed
2025-12-30 17:20:00+00:00,2026-10-04T21:39:49Z,4.116000,4.126000,4.116000,4.118000,4.120000,4.126000,4.118000,4.118000,changed
2025-12-30 18:20:00+00:00,2026-10-04T21:39:49Z,4.126000,4.128000,4.118000,4.122000,4.120000,4.128000,4.118000,4.122000,changed
2025-12-30 19:20:00+00:00,2026-10-04T21:39:49Z,4.118000,4.132000,4.118000,4.130000,4.126000,4.132000,4.122000,4.130000,changed
2025-12-01 14:20:00+00:00,2026-10-04T21:58:00Z,4.056000,4.094000,4.056000,4.083000,4.069000,4.094000,4.069000,4.083000,changed
2025-12-01 16:20:00+00:00,2026-10-04T21:58:00Z,4.081000,4.098000,4.081000,4.092000,4.090000,4.098000,4.088000,4.092000,changed
2025-12-01 17:20:00+00:00,2026-10-04T21:58:00Z,4.090000,4.098000,4.090000,4.092000,4.096000,4.098000,4.090000,4.092000,changed
2025-12-01 19:20:00+00:00,2026-10-04T21:58:00Z,4.092000,4.098000,4.092000,4.096000,4.096000,4.098000,4.092000,4.096000,changed
2025-12-02 14:20:00+00:00,2026-10-04T21:58:00Z,4.104000,4.114000,4.102000,4.108000,4.112000,4.114000,4.102000,4.108000,changed
2025-12-02 15:20:00+00:00,2026-10-04T21:58:00Z,4.110000,4.112000,4.096000,4.102000,4.106000,4.112000,4.096000,4.102000,changed
2025-12-02 16:20:00+00:00,2026-10-04T21:58:00Z,4.102000,4.106000,4.090000,4.100000,4.106000,4.106000,4.090000,4.100000,changed
2025-12-02 17:20:00+00:00,2026-10-04T21:58:00Z,4.098000,4.102000,4.090000,4.092000,4.092000,4.102000,4.090000,4.092000,changed
2025-12-02 18:20:00+00:00,2026-10-04T21:58:00Z,4.092000,4.094000,4.085000,4.085000,4.096000,4.096000,4.085000,4.085000,changed
2025-12-02 19:20:00+00:00,2026-10-04T21:58:00Z,4.090000,4.090000,4.081000,4.086000,4.094000,4.094000,4.081000,4.086000,changed
2025-12-03 18:20:00+00:00,2026-10-04T21:58:00Z,4.065000,4.067000,4.056000,4.057000,4.065000,4.069000,4.056000,4.057000,changed
2025-12-04 14:20:00+00:00,2026-10-04T21:58:00Z,4.108000,4.110000,4.083000,4.094000,4.088000,4.098000,4.083000,4.094000,changed
2025-12-04 15:20:00+00:00,2026-10-04T21:58:00Z,4.083000,4.102000,4.083000,4.098000,4.086000,4.102000,4.085000,4.098000,changed
2025-12-04 16:20:00+00:00,2026-10-04T21:58:00Z,4.092000,4.106000,4.090000,4.100000,4.100000,4.106000,4.096000,4.100000,changed
2025-12-04 17:20:00+00:00,2026-10-04T21:58:00Z,4.100000,4.106000,4.096000,4.102000,4.100000,4.102000,4.096000,4.102000,changed
2025-12-04 18:20:00+00:00,2026-10-04T21:58:00Z,4.100000,4.108000,4.096000,4.108000,4.098000,4.108000,4.098000,4.108000,changed
2025-12-04 19:20:00+00:00,2026-10-04T21:58:00Z,4.100000,4.110000,4.100000,4.108000,4.104000,4.110000,4.104000,4.108000,changed
2025-12-05 14:20:00+00:00,2026-10-04T21:58:00Z,4.120000,4.121000,4.098000,4.116000,4.112000,4.121000,4.098000,4.116000,changed
2025-12-05 15:20:00+00:00,2026-10-04T21:58:00Z,4.112000,4.135000,4.108000,4.133000,4.106000,4.135000,4.106000,4.133000,changed
2025-12-05 16:20:00+00:00,2026-10-04T21:58:00Z,4.127000,4.139000,4.127000,4.129000,4.114000,4.139000,4.114000,4.129000,changed
2025-12-05 17:20:00+00:00,2026-10-04T21:58:00Z,4.131000,4.145000,4.127000,4.141000,4.137000,4.145000,4.127000,4.141000,changed
2025-12-05 18:20:00+00:00,2026-10-04T21:58:00Z,4.143000,4.143000,4.139000,4.141000,4.135000,4.145000,4.135000,4.141000,changed
2025-12-05 19:20:00+00:00,2026-10-04T21:58:00Z,4.141000,4.141000,4.135000,4.139000,4.139000,4.143000,4.135000,4.139000,changed
2025-12-08 14:20:00+00:00,2026-10-04T21:58:00Z,4.145000,4.186000,4.143000,4.186000,4.155000,4.186000,4.143000,4.186000,changed
2025-12-08 15:20:00+00:00,2026-10-04T21:58:00Z,4.147000,4.192000,4.145000,4.180000,4.174000,4.192000,4.174000,4.180000,changed
2025-12-08 16:20:00+00:00,2026-10-04T21:58:00Z,4.184000,4.192000,4.176000,4.178000,4.188000,4.188000,4.176000,4.178000,changed
2025-12-08 17:20:00+00:00,2026-10-04T21:58:00Z,4.184000,4.184000,4.172000,4.174000,4.178000,4.182000,4.172000,4.174000,changed
2025-12-08 18:20:00+00:00,2026-10-04T21:58:00Z,4.174000,4.182000,4.166000,4.168000,4.180000,4.180000,4.166000,4.168000,changed
2025-12-08 19:20:00+00:00,2026-10-04T21:58:00Z,4.174000,4.174000,4.164000,4.172000,4.168000,4.172000,4.164000,4.172000,changed
2025-12-09 14:20:00+00:00,2026-10-04T21:58:00Z,4.143000,4.186000,4.143000,4.174000,4.164000,4.186000,4.143000,4.174000,changed
2025-12-09 15:20:00+00:00,2026-10-04T21:58:00Z,4.164000,4.186000,4.164000,4.178000,4.147000,4.186000,4.147000,4.178000,changed
2025-12-09 16:20:00+00:00,2026-10-04T21:58:00Z,4.180000,4.182000,4.166000,4.170000,4.172000,4.184000,4.166000,4.170000,changed
2025-12-09 17:20:00+00:00,2026-10-04T21:58:00Z,4.170000,4.176000,4.166000,4.176000,4.178000,4.178000,4.166000,4.176000,changed
2025-12-09 19:20:00+00:00,2026-10-04T21:58:00Z,4.186000,4.188000,4.182000,4.186000,4.176000,4.190000,4.176000,4.186000,changed
2025-12-11 14:20:00+00:00,2026-10-04T21:58:00Z,4.135000,4.143000,4.102000,4.118000,4.125000,4.125000,4.102000,4.118000,changed
2025-12-11 15:20:00+00:00,2026-10-04T21:58:00Z,4.108000,4.124000,4.102000,4.121000,4.106000,4.124000,4.106000,4.121000,changed
2025-12-11 16:20:00+00:00,2026-10-04T21:58:00Z,4.116000,4.125000,4.112000,4.114000,4.124000,4.125000,4.112000,4.114000,changed
2025-12-11 17:20:00+00:00,2026-10-04T21:58:00Z,4.124000,4.125000,4.112000,4.121000,4.118000,4.125000,4.112000,4.121000,changed
2025-12-11 18:20:00+00:00,2026-10-04T21:58:00Z,4.114000,4.143000,4.114000,4.143000,4.121000,4.143000,4.120000,4.143000,changed
2025-12-11 19:20:00+00:00,2026-10-04T21:58:00Z,4.124000,4.143000,4.121000,4.141000,4.127000,4.143000,4.127000,4.141000,changed
2025-12-12 14:20:00+00:00,2026-10-04T21:58:00Z,4.190000,4.200000,4.184000,4.190000,4.182000,4.200000,4.178000,4.190000,changed
2025-12-12 15:20:00+00:00,2026-10-04T21:58:00Z,4.186000,4.194000,4.180000,4.186000,4.194000,4.196000,4.180000,4.186000,changed
2025-12-12 16:20:00+00:00,2026-10-04T21:58:00Z,4.184000,4.196000,4.182000,4.192000,4.182000,4.196000,4.180000,4.192000,changed
2025-12-12 17:20:00+00:00,2026-10-04T21:58:00Z,4.190000,4.194000,4.188000,4.192000,4.190000,4.196000,4.186000,4.192000,changed
2025-12-12 18:20:00+00:00,2026-10-04T21:58:00Z,4.192000,4.194000,4.188000,4.192000,4.188000,4.194000,4.188000,4.192000,changed
2025-12-12 19:20:00+00:00,2026-10-04T21:58:00Z,4.190000,4.196000,4.190000,4.194000,4.190000,4.196000,4.188000,4.194000,changed
2025-12-15 15:20:00+00:00,2026-10-04T21:58:00Z,4.163000,4.167000,4.151000,4.167000,4.155000,4.167000,4.151000,4.167000,changed
2025-12-15 16:20:00+00:00,2026-10-04T21:58:00Z,4.157000,4.184000,4.157000,4.184000,4.163000,4.184000,4.161000,4.184000,changed
2025-12-15 17:20:00+00:00,2026-10-04T21:58:00Z,4.170000,4.184000,4.170000,4.180000,4.178000,4.184000,4.178000,4.180000,changed
2025-12-15 18:20:00+00:00,2026-10-04T21:58:00Z,4.184000,4.186000,4.178000,4.182000,4.178000,4.186000,4.178000,4.182000,changed
2025-12-15 19:20:00+00:00,2026-10-04T21:58:00Z,4.182000,4.186000,4.178000,4.182000,4.180000,4.184000,4.180000,4.182000,changed
2025-12-16 14:20:00+00:00,2026-10-04T21:58:00Z,4.174000,4.196000,4.159000,4.161000,4.167000,4.196000,4.143000,4.161000,changed
2025-12-16 15:20:00+00:00,2026-10-04T21:58:00Z,4.168000,4.176000,4.155000,4.165000,4.194000,4.194000,4.155000,4.165000,changed
2025-12-16 16:20:00+00:00,2026-10-04T21:58:00Z,4.172000,4.176000,4.151000,4.157000,4.157000,4.176000,4.151000,4.157000,changed
2025-12-16 17:20:00+00:00,2026-10-04T21:58:00Z,4.159000,4.163000,4.149000,4.157000,4.163000,4.165000,4.149000,4.157000,changed
2025-12-16 18:20:00+00:00,2026-10-04T21:58:00Z,4.157000,4.161000,4.155000,4.155000,4.153000,4.161000,4.149000,4.155000,changed
2025-12-16 19:20:00+00:00,2026-10-04T21:58:00Z,4.159000,4.163000,4.147000,4.149000,4.157000,4.163000,4.147000,4.149000,changed
2025-12-17 18:20:00+00:00,2026-10-04T21:58:00Z,4.159000,4.161000,4.151000,4.151000,4.159000,4.159000,4.151000,4.151000,changed
2025-12-18 14:20:00+00:00,2026-10-04T21:58:00Z,4.124000,4.137000,4.110000,4.114000,4.137000,4.137000,4.110000,4.114000,changed
2025-12-18 15:20:00+00:00,2026-10-04T21:58:00Z,4.116000,4.122000,4.108000,4.112000,4.118000,4.122000,4.108000,4.112000,changed
2025-12-18 16:20:00+00:00,2026-10-04T21:58:00Z,4.118000,4.128000,4.108000,4.124000,4.112000,4.128000,4.110000,4.124000,changed
2025-12-18 17:20:00+00:00,2026-10-04T21:58:00Z,4.114000,4.131000,4.112000,4.130000,4.120000,4.131000,4.120000,4.130000,changed
2025-12-18 18:20:00+00:00,2026-10-04T21:58:00Z,4.124000,4.131000,4.120000,4.122000,4.125000,4.131000,4.122000,4.122000,changed
2025-12-18 19:20:00+00:00,2026-10-04T21:58:00Z,4.128000,4.128000,4.116000,4.116000,4.122000,4.125000,4.116000,4.116000,changed
2025-12-19 14:20:00+00:00,2026-10-04T21:58:00Z,4.153000,4.153000,4.141000,4.143000,4.145000,4.155000,4.139000,4.143000,changed
2025-12-19 15:20:00+00:00,2026-10-04T21:58:00Z,4.151000,4.153000,4.130000,4.137000,4.143000,4.153000,4.130000,4.137000,changed
2025-12-19 16:20:00+00:00,2026-10-04T21:58:00Z,4.133000,4.153000,4.130000,4.147000,4.139000,4.153000,4.130000,4.147000,changed
2025-12-19 17:20:00+00:00,2026-10-04T21:58:00Z,4.143000,4.153000,4.143000,4.147000,4.139000,4.153000,4.139000,4.147000,changed
2025-12-19 18:20:00+00:00,2026-10-04T21:58:00Z,4.147000,4.157000,4.145000,4.153000,4.149000,4.157000,4.145000,4.153000,changed
2025-12-19 19:20:00+00:00,2026-10-04T21:58:00Z,4.155000,4.157000,4.149000,4.151000,4.147000,4.157000,4.147000,4.151000,changed
2025-12-22 14:20:00+00:00,2026-10-04T21:58:00Z,4.163000,4.169000,4.155000,4.167000,4.163000,4.169000,4.159000,4.167000,changed
2025-12-22 15:20:00+00:00,2026-10-04T21:58:00Z,4.163000,4.169000,4.159000,4.161000,4.167000,4.169000,4.159000,4.161000,changed
2025-12-22 17:20:00+00:00,2026-10-04T21:58:00Z,4.165000,4.171000,4.161000,4.171000,4.163000,4.171000,4.161000,4.171000,changed
2025-12-22 18:20:00+00:00,2026-10-04T21:58:00Z,4.165000,4.175000,4.165000,4.175000,4.167000,4.175000,4.167000,4.175000,changed
2025-12-22 19:20:00+00:00,2026-10-04T21:58:00Z,4.173000,4.175000,4.169000,4.169000,4.171000,4.175000,4.169000,4.169000,changed
2025-12-23 14:20:00+00:00,2026-10-04T21:58:00Z,4.186000,4.202000,4.182000,4.186000,4.155000,4.202000,4.155000,4.186000,changed
2025-12-23 15:20:00+00:00,2026-10-04T21:58:00Z,4.198000,4.198000,4.175000,4.175000,4.198000,4.202000,4.175000,4.175000,changed
2025-12-23 16:20:00+00:00,2026-10-04T21:58:00Z,4.179000,4.180000,4.167000,4.167000,4.182000,4.188000,4.167000,4.167000,changed
2025-12-23 17:20:00+00:00,2026-10-04T21:58:00Z,4.173000,4.173000,4.167000,4.171000,4.173000,4.175000,4.167000,4.171000,changed
2025-12-23 18:20:00+00:00,2026-10-04T21:58:00Z,4.173000,4.173000,4.167000,4.173000,4.169000,4.173000,4.167000,4.173000,changed
2025-12-23 19:20:00+00:00,2026-10-04T21:58:00Z,4.169000,4.173000,4.169000,4.169000,4.169000,4.173000,4.167000,4.169000,changed
2025-12-26 14:20:00+00:00,2026-10-04T21:58:00Z,4.120000,4.124000,4.116000,4.120000,4.120000,4.124000,4.110000,4.120000,changed
2025-12-26 16:20:00+00:00,2026-10-04T21:58:00Z,4.120000,4.143000,4.120000,4.143000,4.122000,4.143000,4.118000,4.143000,changed
2025-12-26 17:20:00+00:00,2026-10-04T21:58:00Z,4.143000,4.145000,4.139000,4.139000,4.141000,4.145000,4.139000,4.139000,changed
2025-12-26 18:20:00+00:00,2026-10-04T21:58:00Z,4.139000,4.143000,4.139000,4.139000,4.143000,4.145000,4.139000,4.139000,changed
2025-12-29 14:20:00+00:00,2026-10-04T21:58:00Z,4.120000,4.124000,4.108000,4.122000,4.112000,4.124000,4.108000,4.122000,changed
2025-12-29 15:20:00+00:00,2026-10-04T21:58:00Z,4.116000,4.130000,4.108000,4.122000,4.118000,4.130000,4.116000,4.122000,changed
2025-12-29 16:20:00+00:00,2026-10-04T21:58:00Z,4.124000,4.130000,4.114000,4.116000,4.126000,4.126000,4.114000,4.116000,changed
2025-12-29 17:20:00+00:00,2026-10-04T21:58:00Z,4.118000,4.118000,4.112000,4.114000,4.116000,4.118000,4.112000,4.114000,changed
2025-12-29 18:20:00+00:00,2026-10-04T21:58:00Z,4.112000,4.116000,4.110000,4.114000,4.114000,4.116000,4.110000,4.114000,changed
2025-12-29 19:20:00+00:00,2026-10-04T21:58:00Z,4.112000,4.120000,4.110000,4.116000,4.112000,4.120000,4.112000,4.116000,changed
2025-12-30 14:20:00+00:00,2026-10-04T21:58:00Z,4.128000,4.138000,4.128000,4.136000,4.134000,4.138000,4.128000,4.136000,changed
2025-12-30 15:20:00+00:00,2026-10-04T21:58:00Z,4.136000,4.139000,4.120000,4.120000,4.132000,4.139000,4.120000,4.120000,changed
2025-12-30 16:20:00+00:00,2026-10-04T21:58:00Z,4.130000,4.130000,4.116000,4.122000,4.132000,4.139000,4.116000,4.122000,changed
2025-12-30 17:20:00+00:00,2026-10-04T21:58:00Z,4.120000,4.126000,4.118000,4.118000,4.116000,4.126000,4.116000,4.118000,changed
2025-12-30 18:20:00+00:00,2026-10-04T21:58:00Z,4.120000,4.128000,4.118000,4.122000,4.126000,4.128000,4.118000,4.122000,changed
2025-12-30 19:20:00+00:00,2026-10-04T21:58:00Z,4.126000,4.132000,4.122000,4.130000,4.118000,4.132000,4.118000,4.130000,changed
2025-12-01 14:20:00+00:00,2026-10-04T22:10:08Z,4.069000,4.094000,4.069000,4.083000,4.056000,4.094000,4.056000,4.083000,changed
2025-12-01 16:20:00+00:00,2026-10-04T22:10:08Z,4.090000,4.098000,4.088000,4.092000,4.081000,4.098000,4.081000,4.092000,changed
2025-12-01 17:20:00+00:00,2026-10-04T22:10:08Z,4.096000,4.098000,4.090000,4.092000,4.090000,4.098000,4.090000,4.092000,changed
2025-12-01 19:20:00+00:00,2026-10-04T22:10:08Z,4.096000,4.098000,4.092000,4.096000,4.092000,4.098000,4.092000,4.096000,changed
2025-12-02 14:20:00+00:00,2026-10-04T22:10:08Z,4.112000,4.114000,4.102000,4.108000,4.104000,4.114000,4.102000,4.108000,changed
2025-12-02 15:20:00+00:00,2026-10-04T22:10:08Z,4.106000,4.112000,4.096000,4.102000,4.110000,4.112000,4.096000,4.102000,changed
2025-12-02 16:20:00+00:00,2026-10-04T22:10:08Z,4.106000,4.106000,4.090000,4.100000,4.102000,4.106000,4.090000,4.100000,changed
2025-12-02 17:20:00+00:00,2026-10-04T22:10:08Z,4.092000,4.102000,4.090000,4.092000,4.098000,4.102000,4.090000,4.092000,changed
2025-12-02 18:20:00+00:00,2026-10-04T22:10:08Z,4.096000,4.096000,4.085000,4.085000,4.092000,4.094000,4.085000,4.085000,changed
2025-12-02 19:20:00+00:00,2026-10-04T22:10:08Z,4.094000,4.094000,4.081000,4.086000,4.090000,4.090000,4.081000,4.086000,changed
2025-12-03 18:20:00+00:00,2026-10-04T22:10:08Z,4.065000,4.069000,4.056000,4.057000,4.065000,4.067000,4.056000,4.057000,changed
2025-12-04 14:20:00+00:00,2026-10-04T22:10:08Z,4.088000,4.098000,4.083000,4.094000,4.108000,4.110000,4.083000,4.094000,changed
2025-12-04 15:20:00+00:00,2026-10-04T22:10:08Z,4.086000,4.102000,4.085000,4.098000,4.083000,4.102000,4.083000,4.098000,changed
2025-12-04 16:20:00+00:00,2026-10-04T22:10:08Z,4.100000,4.106000,4.096000,4.100000,4.092000,4.106000,4.090000,4.100000,changed
2025-12-04 17:20:00+00:00,2026-10-04T22:10:08Z,4.100000,4.102000,4.096000,4.102000,4.100000,4.106000,4.096000,4.102000,changed
2025-12-04 18:20:00+00:00,2026-10-04T22:10:08Z,4.098000,4.108000,4.098000,4.108000,4.100000,4.108000,4.096000,4.108000,changed
2025-12-04 19:20:00+00:00,2026-10-04T22:10:08Z,4.104000,4.110000,4.104000,4.108000,4.100000,4.110000,4.100000,4.108000,changed
2025-12-05 14:20:00+00:00,2026-10-04T22:10:08Z,4.112000,4.121000,4.098000,4.116000,4.120000,4.121000,4.098000,4.116000,changed
2025-12-05 15:20:00+00:00,2026-10-04T22:10:08Z,4.106000,4.135000,4.106000,4.133000,4.112000,4.135000,4.108000,4.133000,changed
2025-12-05 16:20:00+00:00,2026-10-04T22:10:08Z,4.114000,4.139000,4.114000,4.129000,4.127000,4.139000,4.127000,4.129000,changed
2025-12-05 17:20:00+00:00,2026-10-04T22:10:08Z,4.137000,4.145000,4.127000,4.141000,4.131000,4.145000,4.127000,4.141000,changed
2025-12-05 18:20:00+00:00,2026-10-04T22:10:08Z,4.135000,4.145000,4.135000,4.141000,4.143000,4.143000,4.139000,4.141000,changed
2025-12-05 19:20:00+00:00,2026-10-04T22:10:08Z,4.139000,4.143000,4.135000,4.139000,4.141000,4.141000,4.135000,4.139000,changed
2025-12-08 14:20:00+00:00,2026-10-04T22:10:08Z,4.155000,4.186000,4.143000,4.186000,4.145000,4.186000,4.143000,4.186000,changed
2025-12-08 15:20:00+00:00,2026-10-04T22:10:08Z,4.174000,4.192000,4.174000,4.180000,4.147000,4.192000,4.145000,4.180000,changed
2025-12-08 16:20:00+00:00,2026-10-04T22:10:08Z,4.188000,4.188000,4.176000,4.178000,4.184000,4.192000,4.176000,4.178000,changed
2025-12-08 17:20:00+00:00,2026-10-04T22:10:08Z,4.178000,4.182000,4.172000,4.174000,4.184000,4.184000,4.172000,4.174000,changed
2025-12-08 18:20:00+00:00,2026-10-04T22:10:08Z,4.180000,4.180000,4.166000,4.168000,4.174000,4.182000,4.166000,4.168000,changed
2025-12-08 19:20:00+00:00,2026-10-04T22:10:08Z,4.168000,4.172000,4.164000,4.172000,4.174000,4.174000,4.164000,4.172000,changed
2025-12-09 14:20:00+00:00,2026-10-04T22:10:08Z,4.164000,4.186000,4.143000,4.174000,4.143000,4.186000,4.143000,4.174000,changed
2025-12-09 15:20:00+00:00,2026-10-04T22:10:08Z,4.147000,4.186000,4.147000,4.178000,4.164000,4.186000,4.164000,4.178000,changed
2025-12-09 16:20:00+00:00,2026-10-04T22:10:08Z,4.172000,4.184000,4.166000,4.170000,4.180000,4.182000,4.166000,4.170000,changed
2025-12-09 17:20:00+00:00,2026-10-04T22:10:08Z,4.178000,4.178000,4.166000,4.176000,4.170000,4.176000,4.166000,4.176000,changed
2025-12-09 19:20:00+00:00,2026-10-04T22:10:08Z,4.176000,4.190000,4.176000,4.186000,4.186000,4.188000,4.182000,4.186000,changed
2025-12-11 14:20:00+00:00,2026-10-04T22:10:08Z,4.125000,4.125000,4.102000,4.118000,4.135000,4.143000,4.102000,4.118000,changed
2025-12-11 15:20:00+00:00,2026-10-04T22:10:08Z,4.106000,4.124000,4.106000,4.121000,4.108000,4.124000,4.102000,4.121000,changed
2025-12-11 16:20:00+00:00,2026-10-04T22:10:08Z,4.124000,4.125000,4.112000,4.114000,4.116000,4.125000,4.112000,4.114000,changed
2025-12-11 17:20:00+00:00,2026-10-04T22:10:08Z,4.118000,4.125000,4.112000,4.121000,4.124000,4.125000,4.112000,4.121000,changed
2025-12-11 18:20:00+00:00,2026-10-04T22:10:08Z,4.121000,4.143000,4.120000,4.143000,4.114000,4.143000,4.114000,4.143000,changed
2025-12-11 19:20:00+00:00,2026-10-04T22:10:08Z,4.127000,4.143000,4.127000,4.141000,4.124000,4.143000,4.121000,4.141000,changed
2025-12-12 14:20:00+00:00,2026-10-04T22:10:08Z,4.182000,4.200000,4.178000,4.190000,4.190000,4.200000,4.184000,4.190000,changed
2025-12-12 15:20:00+00:00,2026-10-04T22:10:08Z,4.194000,4.196000,4.180000,4.186000,4.186000,4.194000,4.180000,4.186000,changed
2025-12-12 16:20:00+00:00,2026-10-04T22:10:08Z,4.182000,4.196000,4.180000,4.192000,4.184000,4.196000,4.182000,4.192000,changed
2025-12-12 17:20:00+00:00,2026-10-04T22:10:08Z,4.190000,4.196000,4.186000,4.192000,4.190000,4.194000,4.188000,4.192000,changed
2025-12-12 18:20:00+00:00,2026-10-04T22:10:08Z,4.188000,4.194000,4.188000,4.192000,4.192000,4.194000,4.188000,4.192000,changed
2025-12-12 19:20:00+00:00,2026-10-04T22:10:08Z,4.190000,4.196000,4.188000,4.194000,4.190000,4.196000,4.190000,4.194000,changed
2025-12-15 15:20:00+00:00,2026-10-04T22:10:08Z,4.155000,4.167000,4.151000,4.167000,4.163000,4.167000,4.151000,4.167000,changed
2025-12-15 16:20:00+00:00,2026-10-04T22:10:08Z,4.163000,4.184000,4.161000,4.184000,4.157000,4.184000,4.157000,4.184000,changed
2025-12-15 17:20:00+00:00,2026-10-04T22:10:08Z,4.178000,4.184000,4.178000,4.180000,4.170000,4.184000,4.170000,4.180000,changed
2025-12-15 18:20:00+00:00,2026-10-04T22:10:08Z,4.178000,4.186000,4.178000,4.182000,4.184000,4.186000,4.178000,4.182000,changed
2025-12-15 19:20:00+00:00,2026-10-04T22:10:08Z,4.180000,4.184000,4.180000,4.182000,4.182000,4.186000,4.178000,4.182000,changed
2025-12-16 14:20:00+00:00,2026-10-04T22:10:08Z,4.167000,4.196000,4.143000,4.161000,4.174000,4.196000,4.159000,4.161000,changed
2025-12-16 15:20:00+00:00,2026-10-04T22:10:08Z,4.194000,4.194000,4.155000,4.165000,4.168000,4.176000,4.155000,4.165000,changed
2025-12-16 16:20:00+00:00,2026-10-04T22:10:08Z,4.157000,4.176000,4.151000,4.157000,4.172000,4.176000,4.151000,4.157000,changed
2025-12-16 17:20:00+00:00,2026-10-04T22:10:08Z,4.163000,4.165000,4.149000,4.157000,4.159000,4.163000,4.149000,4.157000,changed
2025-12-16 18:20:00+00:00,2026-10-04T22:10:08Z,4.153000,4.161000,4.149000,4.155000,4.157000,4.161000,4.155000,4.155000,changed
2025-12-16 19:20:00+00:00,2026-10-04T22:10:08Z,4.157000,4.163000,4.147000,4.149000,4.159000,4.163000,4.147000,4.149000,changed
2025-12-17 18:20:00+00:00,2026-10-04T22:10:08Z,4.159000,4.159000,4.151000,4.151000,4.159000,4.161000,4.151000,4.151000,changed
2025-12-18 14:20:00+00:00,2026-10-04T22:10:08Z,4.137000,4.137000,4.110000,4.114000,4.124000,4.137000,4.110000,4.114000,changed
2025-12-18 15:20:00+00:00,2026-10-04T22:10:08Z,4.118000,4.122000,4.108000,4.112000,4.116000,4.122000,4.108000,4.112000,changed
2025-12-18 16:20:00+00:00,2026-10-04T22:10:08Z,4.112000,4.128000,4.110000,4.124000,4.118000,4.128000,4.108000,4.124000,changed
2025-12-18 17:20:00+00:00,2026-10-04T22:10:08Z,4.120000,4.131000,4.120000,4.130000,4.114000,4.131000,4.112000,4.130000,changed
2025-12-18 18:20:00+00:00,2026-10-04T22:10:08Z,4.125000,4.131000,4.122000,4.122000,4.124000,4.131000,4.120000,4.122000,changed
2025-12-18 19:20:00+00:00,2026-10-04T22:10:08Z,4.122000,4.125000,4.116000,4.116000,4.128000,4.128000,4.116000,4.116000,changed
2025-12-19 14:20:00+00:00,2026-10-04T22:10:08Z,4.145000,4.155000,4.139000,4.143000,4.153000,4.153000,4.141000,4.143000,changed
2025-12-19 15:20:00+00:00,2026-10-04T22:10:08Z,4.143000,4.153000,4.130000,4.137000,4.151000,4.153000,4.130000,4.137000,changed
2025-12-19 16:20:00+00:00,2026-10-04T22:10:08Z,4.139000,4.153000,4.130000,4.147000,4.133000,4.153000,4.130000,4.147000,changed
2025-12-19 17:20:00+00:00,2026-10-04T22:10:08Z,4.139000,4.153000,4.139000,4.147000,4.143000,4.153000,4.143000,4.147000,changed
2025-12-19 18:20:00+00:00,2026-10-04T22:10:08Z,4.149000,4.157000,4.145000,4.153000,4.147000,4.157000,4.145000,4.153000,changed
2025-12-19 19:20:00+00:00,2026-10-04T22:10:08Z,4.147000,4.157000,4.147000,4.151000,4.155000,4.157000,4.149000,4.151000,changed
2025-12-22 14:20:00+00:00,2026-10-04T22:10:08Z,4.163000,4.169000,4.159000,4.167000,4.163000,4.169000,4.155000,4.167000,changed
2025-12-22 15:20:00+00:00,2026-10-04T22:10:08Z,4.167000,4.169000,4.159000,4.161000,4.163000,4.169000,4.159000,4.161000,changed
2025-12-22 17:20:00+00:00,2026-10-04T22:10:08Z,4.163000,4.171000,4.161000,4.171000,4.165000,4.171000,4.161000,4.171000,changed
2025-12-22 18:20:00+00:00,2026-10-04T22:10:08Z,4.167000,4.175000,4.167000,4.175000,4.165000,4.175000,4.165000,4.175000,changed
2025-12-22 19:20:00+00:00,2026-10-04T22:10:08Z,4.171000,4.175000,4.169000,4.169000,4.173000,4.175000,4.169000,4.169000,changed
2025-12-23 14:20:00+00:00,2026-10-04T22:10:08Z,4.155000,4.202000,4.155000,4.186000,4.186000,4.202000,4.182000,4.186000,changed
2025-12-23 15:20:00+00:00,2026-10-04T22:10:08Z,4.198000,4.202000,4.175000,4.175000,4.198000,4.198000,4.175000,4.175000,changed
2025-12-23 16:20:00+00:00,2026-10-04T22:10:08Z,4.182000,4.188000,4.167000,4.167000,4.179000,4.180000,4.167000,4.167000,changed
2025-12-23 17:20:00+00:00,2026-10-04T22:10:08Z,4.173000,4.175000,4.167000,4.171000,4.173000,4.173000,4.167000,4.171000,changed
2025-12-23 18:20:00+00:00,2026-10-04T22:10:08Z,4.169000,4.173000,4.167000,4.173000,4.173000,4.173000,4.167000,4.173000,changed
2025-12-23 19:20:00+00:00,2026-10-04T22:10:08Z,4.169000,4.173000,4.167000,4.169000,4.169000,4.173000,4.169000,4.169000,changed
2025-12-26 14:20:00+00:00,2026-10-04T22:10:08Z,4.120000,4.124000,4.110000,4.120000,4.120000,4.124000,4.116000,4.120000,changed
2025-12-26 16:20:00+00:00,2026-10-04T22:10:08Z,4.122000,4.143000,4.118000,4.143000,4.120000,4.143000,4.120000,4.143000,changed
2025-12-26 17:20:00+00:00,2026-10-04T22:10:08Z,4.141000,4.145000,4.139000,4.139000,4.143000,4.145000,4.139000,4.139000,changed
2025-12-26 18:20:00+00:00,2026-10-04T22:10:08Z,4.143000,4.145000,4.139000,4.139000,4.139000,4.143000,4.139000,4.139000,changed
2025-12-29 14:20:00+00:00,2026-10-04T22:10:08Z,4.112000,4.124000,4.108000,4.122000,4.120000,4.124000,4.108000,4.122000,changed
2025-12-29 15:20:00+00:00,2026-10-04T22:10:08Z,4.118000,4.130000,4.116000,4.122000,4.116000,4.130000,4.108000,4.122000,changed
2025-12-29 16:20:00+00:00,2026-10-04T22:10:08Z,4.126000,4.126000,4.114000,4.116000,4.124000,4.130000,4.114000,4.116000,changed
2025-12-29 17:20:00+00:00,2026-10-04T22:10:08Z,4.116000,4.118000,4.112000,4.114000,4.118000,4.118000,4.112000,4.114000,changed
2025-12-29 18:20:00+00:00,2026-10-04T22:10:08Z,4.114000,4.116000,4.110000,4.114000,4.112000,4.116000,4.110000,4.114000,changed
2025-12-29 19:20:00+00:00,2026-10-04T22:10:08Z,4.112000,4.120000,4.112000,4.116000,4.112000,4.120000,4.110000,4.116000,changed
2025-12-30 14:20:00+00:00,2026-10-04T22:10:08Z,4.134000,4.138000,4.128000,4.136000,4.128000,4.138000,4.128000,4.136000,changed
2025-12-30 15:20:00+00:00,2026-10-04T22:10:08Z,4.132000,4.139000,4.120000,4.120000,4.136000,4.139000,4.120000,4.120000,changed
2025-12-30 16:20:00+00:00,2026-10-04T22:10:08Z,4.132000,4.139000,4.116000,4.122000,4.130000,4.130000,4.116000,4.122000,changed
2025-12-30 17:20:00+00:00,2026-10-04T22:10:08Z,4.116000,4.126000,4.116000,4.118000,4.120000,4.126000,4.118000,4.118000,changed
2025-12-30 18:20:00+00:00,2026-10-04T22:10:08Z,4.126000,4.128000,4.118000,4.122000,4.120000,4.128000,4.118000,4.122000,changed
2025-12-30 19:20:00+00:00,2026-10-04T22:10:08Z,4.118000,4.132000,4.118000,4.130000,4.126000,4.132000,4.122000,4.130000,changed
2025-12-01 14:20:00+00:00,2026-10-04T22:41:33Z,4.056000,4.094000,4.056000,4.083000,4.069000,4.094000,4.069000,4.083000,changed
2025-12-01 16:20:00+00:00,2026-10-04T22:41:33Z,4.081000,4.098000,4.081000,4.092000,4.090000,4.098000,4.088000,4.092000,changed
2025-12-01 17:20:00+00:00,2026-10-04T22:41:33Z,4.090000,4.098000,4.090000,4.092000,4.096000,4.098000,4.090000,4.092000,changed
2025-12-01 19:20:00+00:00,2026-10-04T22:41:33Z,4.092000,4.098000,4.092000,4.096000,4.096000,4.098000,4.092000,4.096000,changed
2025-12-02 14:20:00+00:00,2026-10-04T22:41:33Z,4.104000,4.114000,4.102000,4.108000,4.112000,4.114000,4.102000,4.108000,changed
2025-12-02 15:20:00+00:00,2026-10-04T22:41:33Z,4.110000,4.112000,4.096000,4.102000,4.106000,4.112000,4.096000,4.102000,changed
2025-12-02 16:20:00+00:00,2026-10-04T22:41:33Z,4.102000,4.106000,4.090000,4.100000,4.106000,4.106000,4.090000,4.100000,changed
2025-12-02 17:20:00+00:00,2026-10-04T22:41:33Z,4.098000,4.102000,4.090000,4.092000,4.092000,4.102000,4.090000,4.092000,changed
2025-12-02 18:20:00+00:00,2026-10-04T22:41:33Z,4.092000,4.094000,4.085000,4.085000,4.096000,4.096000,4.085000,4.085000,changed
2025-12-02 19:20:00+00:00,2026-10-04T22:41:33Z,4.090000,4.090000,4.081000,4.086000,4.094000,4.094000,4.081000,4.086000,changed
2025-12-03 18:20:00+00:00,2026-10-04T22:41:33Z,4.065000,4.067000,4.056000,4.057000,4.065000,4.069000,4.056000,4.057000,changed
2025-12-04 14:20:00+00:00,2026-10-04T22:41:33Z,4.108000,4.110000,4.083000,4.094000,4.088000,4.098000,4.083000,4.094000,changed
2025-12-04 15:20:00+00:00,2026-10-04T22:41:33Z,4.083000,4.102000,4.083000,4.098000,4.086000,4.102000,4.085000,4.098000,changed
2025-12-04 16:20:00+00:00,2026-10-04T22:41:33Z,4.092000,4.106000,4.090000,4.100000,4.100000,4.106000,4.096000,4.100000,changed
2025-12-04 17:20:00+00:00,2026-10-04T22:41:33Z,4.100000,4.106000,4.096000,4.102000,4.100000,4.102000,4.096000,4.102000,changed
2025-12-04 18:20:00+00:00,2026-10-04T22:41:33Z,4.100000,4.108000,4.096000,4.108000,4.098000,4.108000,4.098000,4.108000,changed
2025-12-04 19:20:00+00:00,2026-10-04T22:41:33Z,4.100000,4.110000,4.100000,4.108000,4.104000,4.110000,4.104000,4.108000,changed
2025-12-05 14:20:00+00:00,2026-10-04T22:41:33Z,4.120000,4.121000,4.098000,4.116000,4.112000,4.121000,4.098000,4.116000,changed
2025-12-05 15:20:00+00:00,2026-10-04T22:41:33Z,4.112000,4.135000,4.108000,4.133000,4.106000,4.135000,4.106000,4.133000,changed
2025-12-05 16:20:00+00:00,2026-10-04T22:41:33Z,4.127000,4.139000,4.127000,4.129000,4.114000,4.139000,4.114000,4.129000,changed
2025-12-05 17:20:00+00:00,2026-10-04T22:41:33Z,4.131000,4.145000,4.127000,4.141000,4.137000,4.145000,4.127000,4.141000,changed
2025-12-05 18:20:00+00:00,2026-10-04T22:41:33Z,4.143000,4.143000,4.139000,4.141000,4.135000,4.145000,4.135000,4.141000,changed
2025-12-05 19:20:00+00:00,2026-10-04T22:41:33Z,4.141000,4.141000,4.135000,4.139000,4.139000,4.143000,4.135000,4.139000,changed
2025-12-08 14:20:00+00:00,2026-10-04T22:41:33Z,4.145000,4.186000,4.143000,4.186000,4.155000,4.186000,4.143000,4.186000,changed
2025-12-08 15:20:00+00:00,2026-10-04T22:41:33Z,4.147000,4.192000,4.145000,4.180000,4.174000,4.192000,4.174000,4.180000,changed
2025-12-08 16:20:00+00:00,2026-10-04T22:41:33Z,4.184000,4.192000,4.176000,4.178000,4.188000,4.188000,4.176000,4.178000,changed
2025-12-08 17:20:00+00:00,2026-10-04T22:41:33Z,4.184000,4.184000,4.172000,4.174000,4.178000,4.182000,4.172000,4.174000,changed
2025-12-08 18:20:00+00:00,2026-10-04T22:41:33Z,4.174000,4.182000,4.166000,4.168000,4.180000,4.180000,4.166000,4.168000,changed
2025-12-08 19:20:00+00:00,2026-10-04T22:41:33Z,4.174000,4.174000,4.164000,4.172000,4.168000,4.172000,4.164000,4.172000,changed
2025-12-09 14:20:00+00:00,2026-10-04T22:41:33Z,4.143000,4.186000,4.143000,4.174000,4.164000,4.186000,4.143000,4.174000,changed
2025-12-09 15:20:00+00:00,2026-10-04T22:41:33Z,4.164000,4.186000,4.164000,4.178000,4.147000,4.186000,4.147000,4.178000,changed
2025-12-09 16:20:00+00:00,2026-10-04T22:41:33Z,4.180000,4.182000,4.166000,4.170000,4.172000,4.184000,4.166000,4.170000,changed
2025-12-09 17:20:00+00:00,2026-10-04T22:41:33Z,4.170000,4.176000,4.166000,4.176000,4.178000,4.178000,4.166000,4.176000,changed
2025-12-09 19:20:00+00:00,2026-10-04T22:41:33Z,4.186000,4.188000,4.182000,4.186000,4.176000,4.190000,4.176000,4.186000,changed
2025-12-11 14:20:00+00:00,2026-10-04T22:41:33Z,4.135000,4.143000,4.102000,4.118000,4.125000,4.125000,4.102000,4.118000,changed
2025-12-11 15:20:00+00:00,2026-10-04T22:41:33Z,4.108000,4.124000,4.102000,4.121000,4.106000,4.124000,4.106000,4.121000,changed
2025-12-11 16:20:00+00:00,2026-10-04T22:41:33Z,4.116000,4.125000,4.112000,4.114000,4.124000,4.125000,4.112000,4.114000,changed
2025-12-11 17:20:00+00:00,2026-10-04T22:41:33Z,4.124000,4.125000,4.112000,4.121000,4.118000,4.125000,4.112000,4.121000,changed
2025-12-11 18:20:00+00:00,2026-10-04T22:41:33Z,4.114000,4.143000,4.114000,4.143000,4.121000,4.143000,4.120000,4.143000,changed
2025-12-11 19:20:00+00:00,2026-10-04T22:41:33Z,4.124000,4.143000,4.121000,4.141000,4.127000,4.143000,4.127000,4.141000,changed
2025-12-12 14:20:00+00:00,2026-10-04T22:41:33Z,4.190000,4.200000,4.184000,4.190000,4.182000,4.200000,4.178000,4.190000,changed
2025-12-12 15:20:00+00:00,2026-10-04T22:41:33Z,4.186000,4.194000,4.180000,4.186000,4.194000,4.196000,4.180000,4.186000,changed
2025-12-12 16:20:00+00:00,2026-10-04T22:41:33Z,4.184000,4.196000,4.182000,4.192000,4.182000,4.196000,4.180000,4.192000,changed
2025-12-12 17:20:00+00:00,2026-10-04T22:41:33Z,4.190000,4.194000,4.188000,4.192000,4.190000,4.196000,4.186000,4.192000,changed
2025-12-12 18:20:00+00:00,2026-10-04T22:41:33Z,4.192000,4.194000,4.188000,4.192000,4.188000,4.194000,4.188000,4.192000,changed
2025-12-12 19:20:00+00:00,2026-10-04T22:41:33Z,4.190000,4.196000,4.190000,4.194000,4.190000,4.196000,4.188000,4.194000,changed
2025-12-15 15:20:00+00:00,2026-10-04T22:41:33Z,4.163000,4.167000,4.151000,4.167000,4.155000,4.167000,4.151000,4.167000,changed
2025-12-15 16:20:00+00:00,2026-10-04T22:41:33Z,4.157000,4.184000,4.157000,4.184000,4.163000,4.184000,4.161000,4.184000,changed
2025-12-15 17:20:00+00:00,2026-10-04T22:41:33Z,4.170000,4.184000,4.170000,4.180000,4.178000,4.184000,4.178000,4.180000,changed
2025-12-15 18:20:00+00:00,2026-10-04T22:41:33Z,4.184000,4.186000,4.178000,4.182000,4.178000,4.186000,4.178000,4.182000,changed
2025-12-15 19:20:00+00:00,2026-10-04T22:41:33Z,4.182000,4.186000,4.178000,4.182000,4.180000,4.184000,4.180000,4.182000,changed
2025-12-16 14:20:00+00:00,2026-10-04T22:41:33Z,4.174000,4.196000,4.159000,4.161000,4.167000,4.196000,4.143000,4.161000,changed
2025-12-16 15:20:00+00:00,2026-10-04T22:41:33Z,4.168000,4.176000,4.155000,4.165000,4.194000,4.194000,4.155000,4.165000,changed
2025-12-16 16:20:00+00:00,2026-10-04T22:41:33Z,4.172000,4.176000,4.151000,4.157000,4.157000,4.176000,4.151000,4.157000,changed
2025-12-16 17:20:00+00:00,2026-10-04T22:41:33Z,4.159000,4.163000,4.149000,4.157000,4.163000,4.165000,4.149000,4.157000,changed
2025-12-16 18:20:00+00:00,2026-10-04T22:41:33Z,4.157000,4.161000,4.155000,4.155000,4.153000,4.161000,4.149000,4.155000,changed
2025-12-16 19:20:00+00:00,2026-10-04T22:41:33Z,4.159000,4.163000,4.147000,4.149000,4.157000,4.163000,4.147000,4.149000,changed
2025-12-17 18:20:00+00:00,2026-10-04T22:41:33Z,4.159000,4.161000,4.151000,4.151000,4.159000,4.159000,4.151000,4.151000,changed
2025-12-18 14:20:00+00:00,2026-10-04T22:41:33Z,4.124000,4.137000,4.110000,4.114000,4.137000,4.137000,4.110000,4.114000,changed
2025-12-18 15:20:00+00:00,2026-10-04T22:41:33Z,4.116000,4.122000,4.108000,4.112000,4.118000,4.122000,4.108000,4.112000,changed
2025-12-18 16:20:00+00:00,2026-10-04T22:41:33Z,4.118000,4.128000,4.108000,4.124000,4.112000,4.128000,4.110000,4.124000,changed
2025-12-18 17:20:00+00:00,2026-10-04T22:41:33Z,4.114000,4.131000,4.112000,4.130000,4.120000,4.131000,4.120000,4.130000,changed
2025-12-18 18:20:00+00:00,2026-10-04T22:41:33Z,4.124000,4.131000,4.120000,4.122000,4.125000,4.131000,4.122000,4.122000,changed
2025-12-18 19:20:00+00:00,2026-10-04T22:41:33Z,4.128000,4.128000,4.116000,4.116000,4.122000,4.125000,4.116000,4.116000,changed
2025-12-19 14:20:00+00:00,2026-10-04T22:41:33Z,4.153000,4.153000,4.141000,4.143000,4.145000,4.155000,4.139000,4.143000,changed
2025-12-19 15:20:00+00:00,2026-10-04T22:41:33Z,4.151000,4.153000,4.130000,4.137000,4.143000,4.153000,4.130000,4.137000,changed
2025-12-19 16:20:00+00:00,2026-10-04T22:41:33Z,4.133000,4.153000,4.130000,4.147000,4.139000,4.153000,4.130000,4.147000,changed
2025-12-19 17:20:00+00:00,2026-10-04T22:41:33Z,4.143000,4.153000,4.143000,4.147000,4.139000,4.153000,4.139000,4.147000,changed
2025-12-19 18:20:00+00:00,2026-10-04T22:41:33Z,4.147000,4.157000,4.145000,4.153000,4.149000,4.157000,4.145000,4.153000,changed
2025-12-19 19:20:00+00:00,2026-10-04T22:41:33Z,4.155000,4.157000,4.149000,4.151000,4.147000,4.157000,4.147000,4.151000,changed
2025-12-22 14:20:00+00:00,2026-10-04T22:41:33Z,4.163000,4.169000,4.155000,4.167000,4.163000,4.169000,4.159000,4.167000,changed
2025-12-22 15:20:00+00:00,2026-10-04T22:41:33Z,4.163000,4.169000,4.159000,4.161000,4.167000,4.169000,4.159000,4.161000,changed
2025-12-22 17:20:00+00:00,2026-10-04T22:41:33Z,4.165000,4.171000,4.161000,4.171000,4.163000,4.171000,4.161000,4.171000,changed
2025-12-22 18:20:00+00:00,2026-10-04T22:41:33Z,4.165000,4.175000,4.165000,4.175000,4.167000,4.175000,4.167000,4.175000,changed
2025-12-22 19:20:00+00:00,2026-10-04T22:41:33Z,4.173000,4.175000,4.169000,4.169000,4.171000,4.175000,4.169000,4.169000,changed
2025-12-23 14:20:00+00:00,2026-10-04T22:41:33Z,4.186000,4.202000,4.182000,4.186000,4.155000,4.202000,4.155000,4.186000,changed
2025-12-23 15:20:00+00:00,2026-10-04T22:41:33Z,4.198000,4.198000,4.175000,4.175000,4.198000,4.202000,4.175000,4.175000,changed
2025-12-23 16:20:00+00:00,2026-10-04T22:41:33Z,4.179000,4.180000,4.167000,4.167000,4.182000,4.188000,4.167000,4.167000,changed
2025-12-23 17:20:00+00:00,2026-10-04T22:41:33Z,4.173000,4.173000,4.167000,4.171000,4.173000,4.175000,4.167000,4.171000,changed
2025-12-23 18:20:00+00:00,2026-10-04T22:41:33Z,4.173000,4.173000,4.167000,4.173000,4.169000,4.173000,4.167000,4.173000,changed
2025-12-23 19:20:00+00:00,2026-10-04T22:41:33Z,4.169000,4.173000,4.169000,4.169000,4.169000,4.173000,4.167000,4.169000,changed
2025-12-26 14:20:00+00:00,2026-10-04T22:41:33Z,4.120000,4.124000,4.116000,4.120000,4.120000,4.124000,4.110000,4.120000,changed
2025-12-26 16:20:00+00:00,2026-10-04T22:41:33Z,4.120000,4.143000,4.120000,4.143000,4.122000,4.143000,4.118000,4.143000,changed
2025-12-26 17:20:00+00:00,2026-10-04T22:41:33Z,4.143000,4.145000,4.139000,4.139000,4.141000,4.145000,4.139000,4.139000,changed
2025-12-26 18:20:00+00:00,2026-10-04T22:41:33Z,4.139000,4.143000,4.139000,4.139000,4.143000,4.145000,4.139000,4.139000,changed
2025-12-29 14:20:00+00:00,2026-10-04T22:41:33Z,4.120000,4.124000,4.108000,4.122000,4.112000,4.124000,4.108000,4.122000,changed
2025-12-29 15:20:00+00:00,2026-10-04T22:41:33Z,4.116000,4.130000,4.108000,4.122000,4.118000,4.130000,4.116000,4.122000,changed
2025-12-29 16:20:00+00:00,2026-10-04T22:41:33Z,4.124000,4.130000,4.114000,4.116000,4.126000,4.126000,4.114000,4.116000,changed
2025-12-29 17:20:00+00:00,2026-10-04T22:41:33Z,4.118000,4.118000,4.112000,4.114000,4.116000,4.118000,4.112000,4.114000,changed
2025-12-29 18:20:00+00:00,2026-10-04T22:41:33Z,4.112000,4.116000,4.110000,4.114000,4.114000,4.116000,4.110000,4.114000,changed
2025-12-29 19:20:00+00:00,2026-10-04T22:41:33Z,4.112000,4.120000,4.110000,4.116000,4.112000,4.120000,4.112000,4.116000,changed
2025-12-30 14:20:00+00:00,2026-10-04T22:41:33Z,4.128000,4.138000,4.128000,4.136000,4.134000,4.138000,4.128000,4.136000,changed
2025-12-30 15:20:00+00:00,2026-10-04T22:41:33Z,4.136000,4.139000,4.120000,4.120000,4.132000,4.139000,4.120000,4.120000,changed
2025-12-30 16:20:00+00:00,2026-10-04T22:41:33Z,4.130000,4.130000,4.116000,4.122000,4.132000,4.139000,4.116000,4.122000,changed
2025-12-30 17:20:00+00:00,2026-10-04T22:41:33Z,4.120000,4.126000,4.118000,4.118000,4.116000,4.126000,4.116000,4.118000,changed
2025-12-30 18:20:00+00:00,2026-10-04T22:41:33Z,4.120000,4.128000,4.118000,4.122000,4.126000,4.128000,4.118000,4.122000,changed
2025-12-30 19:20:00+00:00,2026-10-04T22:41:33Z,4.126000,4.132000,4.122000,4.130000,4.118000,4.132000,4.118000,4.130000,changed
2025-12-01 14:20:00+00:00,2026-10-04T22:55:27Z,4.069000,4.094000,4.069000,4.083000,4.056000,4.094000,4.056000,4.083000,changed
2025-12-01 16:20:00+00:00,2026-10-04T22:55:27Z,4.090000,4.098000,4.088000,4.092000,4.081000,4.098000,4.081000,4.092000,changed
2025-12-01 17:20:00+00:00,2026-10-04T22:55:27Z,4.096000,4.098000,4.090000,4.092000,4.090000,4.098000,4.090000,4.092000,changed
2025-12-01 19:20:00+00:00,2026-10-04T22:55:27Z,4.096000,4.098000,4.092000,4.096000,4.092000,4.098000,4.092000,4.096000,changed
2025-12-02 14:20:00+00:00,2026-10-04T22:55:27Z,4.112000,4.114000,4.102000,4.108000,4.104000,4.114000,4.102000,4.108000,changed
2025-12-02 15:20:00+00:00,2026-10-04T22:55:27Z,4.106000,4.112000,4.096000,4.102000,4.110000,4.112000,4.096000,4.102000,changed
2025-12-02 16:20:00+00:00,2026-10-04T22:55:27Z,4.106000,4.106000,4.090000,4.100000,4.102000,4.106000,4.090000,4.100000,changed
2025-12-02 17:20:00+00:00,2026-10-04T22:55:27Z,4.092000,4.102000,4.090000,4.092000,4.098000,4.102000,4.090000,4.092000,changed
2025-12-02 18:20:00+00:00,2026-10-04T22:55:27Z,4.096000,4.096000,4.085000,4.085000,4.092000,4.094000,4.085000,4.085000,changed
2025-12-02 19:20:00+00:00,2026-10-04T22:55:27Z,4.094000,4.094000,4.081000,4.086000,4.090000,4.090000,4.081000,4.086000,changed
2025-12-03 18:20:00+00:00,2026-10-04T22:55:27Z,4.065000,4.069000,4.056000,4.057000,4.065000,4.067000,4.056000,4.057000,changed
2025-12-04 14:20:00+00:00,2026-10-04T22:55:27Z,4.088000,4.098000,4.083000,4.094000,4.108000,4.110000,4.083000,4.094000,changed
2025-12-04 15:20:00+00:00,2026-10-04T22:55:27Z,4.086000,4.102000,4.085000,4.098000,4.083000,4.102000,4.083000,4.098000,changed
2025-12-04 16:20:00+00:00,2026-10-04T22:55:27Z,4.100000,4.106000,4.096000,4.100000,4.092000,4.106000,4.090000,4.100000,changed
2025-12-04 17:20:00+00:00,2026-10-04T22:55:27Z,4.100000,4.102000,4.096000,4.102000,4.100000,4.106000,4.096000,4.102000,changed
2025-12-04 18:20:00+00:00,2026-10-04T22:55:27Z,4.098000,4.108000,4.098000,4.108000,4.100000,4.108000,4.096000,4.108000,changed
2025-12-04 19:20:00+00:00,2026-10-04T22:55:27Z,4.104000,4.110000,4.104000,4.108000,4.100000,4.110000,4.100000,4.108000,changed
2025-12-05 14:20:00+00:00,2026-10-04T22:55:27Z,4.112000,4.121000,4.098000,4.116000,4.120000,4.121000,4.098000,4.116000,changed
2025-12-05 15:20:00+00:00,2026-10-04T22:55:27Z,4.106000,4.135000,4.106000,4.133000,4.112000,4.135000,4.108000,4.133000,changed
2025-12-05 16:20:00+00:00,2026-10-04T22:55:27Z,4.114000,4.139000,4.114000,4.129000,4.127000,4.139000,4.127000,4.129000,changed
2025-12-05 17:20:00+00:00,2026-10-04T22:55:27Z,4.137000,4.145000,4.127000,4.141000,4.131000,4.145000,4.127000,4.141000,changed
2025-12-05 18:20:00+00:00,2026-10-04T22:55:27Z,4.135000,4.145000,4.135000,4.141000,4.143000,4.143000,4.139000,4.141000,changed
2025-12-05 19:20:00+00:00,2026-10-04T22:55:27Z,4.139000,4.143000,4.135000,4.139000,4.141000,4.141000,4.135000,4.139000,changed
2025-12-08 14:20:00+00:00,2026-10-04T22:55:27Z,4.155000,4.186000,4.143000,4.186000,4.145000,4.186000,4.143000,4.186000,changed
2025-12-08 15:20:00+00:00,2026-10-04T22:55:27Z,4.174000,4.192000,4.174000,4.180000,4.147000,4.192000,4.145000,4.180000,changed
2025-12-08 16:20:00+00:00,2026-10-04T22:55:27Z,4.188000,4.188000,4.176000,4.178000,4.184000,4.192000,4.176000,4.178000,changed
2025-12-08 17:20:00+00:00,2026-10-04T22:55:27Z,4.178000,4.182000,4.172000,4.174000,4.184000,4.184000,4.172000,4.174000,changed
2025-12-08 18:20:00+00:00,2026-10-04T22:55:27Z,4.180000,4.180000,4.166000,4.168000,4.174000,4.182000,4.166000,4.168000,changed
2025-12-08 19:20:00+00:00,2026-10-04T22:55:27Z,4.168000,4.172000,4.164000,4.172000,4.174000,4.174000,4.164000,4.172000,changed
2025-12-09 14:20:00+00:00,2026-10-04T22:55:27Z,4.164000,4.186000,4.143000,4.174000,4.143000,4.186000,4.143000,4.174000,changed
2025-12-09 15:20:00+00:00,2026-10-04T22:55:27Z,4.147000,4.186000,4.147000,4.178000,4.164000,4.186000,4.164000,4.178000,changed
2025-12-09 16:20:00+00:00,2026-10-04T22:55:27Z,4.172000,4.184000,4.166000,4.170000,4.180000,4.182000,4.166000,4.170000,changed
2025-12-09 17:20:00+00:00,2026-10-04T22:55:27Z,4.178000,4.178000,4.166000,4.176000,4.170000,4.176000,4.166000,4.176000,changed
2025-12-09 19:20:00+00:00,2026-10-04T22:55:27Z,4.176000,4.190000,4.176000,4.186000,4.186000,4.188000,4.182000,4.186000,changed
2025-12-11 14:20:00+00:00,2026-10-04T22:55:27Z,4.125000,4.125000,4.102000,4.118000,4.135000,4.143000,4.102000,4.118000,changed
2025-12-11 15:20:00+00:00,2026-10-04T22:55:27Z,4.106000,4.124000,4.106000,4.121000,4.108000,4.124000,4.102000,4.121000,changed
2025-12-11 16:20:00+00:00,2026-10-04T22:55:27Z,4.124000,4.125000,4.112000,4.114000,4.116000,4.125000,4.112000,4.114000,changed
2025-12-11 17:20:00+00:00,2026-10-04T22:55:27Z,4.118000,4.125000,4.112000,4.121000,4.124000,4.125000,4.112000,4.121000,changed
2025-12-11 18:20:00+00:00,2026-10-04T22:55:27Z,4.121000,4.143000,4.120000,4.143000,4.114000,4.143000,4.114000,4.143000,changed
2025-12-11 19:20:00+00:00,2026-10-04T22:55:27Z,4.127000,4.143000,4.127000,4.141000,4.124000,4.143000,4.121000,4.141000,changed
2025-12-12 14:20:00+00:00,2026-10-04T22:55:27Z,4.182000,4.200000,4.178000,4.190000,4.190000,4.200000,4.184000,4.190000,changed
2025-12-12 15:20:00+00:00,2026-10-04T22:55:27Z,4.194000,4.196000,4.180000,4.186000,4.186000,4.194000,4.180000,4.186000,changed
2025-12-12 16:20:00+00:00,2026-10-04T22:55:27Z,4.182000,4.196000,4.180000,4.192000,4.184000,4.196000,4.182000,4.192000,changed
2025-12-12 17:20:00+00:00,2026-10-04T22:55:27Z,4.190000,4.196000,4.186000,4.192000,4.190000,4.194000,4.188000,4.192000,changed
2025-12-12 18:20:00+00:00,2026-10-04T22:55:27Z,4.188000,4.194000,4.188000,4.192000,4.192000,4.194000,4.188000,4.192000,changed
2025-12-12 19:20:00+00:00,2026-10-04T22:55:27Z,4.190000,4.196000,4.188000,4.194000,4.190000,4.196000,4.190000,4.194000,changed
2025-12-15 15:20:00+00:00,2026-10-04T22:55:27Z,4.155000,4.167000,4.151000,4.167000,4.163000,4.167000,4.151000,4.167000,changed
2025-12-15 16:20:00+00:00,2026-10-04T22:55:27Z,4.163000,4.184000,4.161000,4.184000,4.157000,4.184000,4.157000,4.184000,changed
2025-12-15 17:20:00+00:00,2026-10-04T22:55:27Z,4.178000,4.184000,4.178000,4.180000,4.170000,4.184000,4.170000,4.180000,changed
2025-12-15 18:20:00+00:00,2026-10-04T22:55:27Z,4.178000,4.186000,4.178000,4.182000,4.184000,4.186000,4.178000,4.182000,changed
2025-12-15 19:20:00+00:00,2026-10-04T22:55:27Z,4.180000,4.184000,4.180000,4.182000,4.182000,4.186000,4.178000,4.182000,changed
2025-12-16 14:20:00+00:00,2026-10-04T22:55:27Z,4.167000,4.196000,4.143000,4.161000,4.174000,4.196000,4.159000,4.161000,changed
2025-12-16 15:20:00+00:00,2026-10-04T22:55:27Z,4.194000,4.194000,4.155000,4.165000,4.168000,4.176000,4.155000,4.165000,changed
2025-12-16 16:20:00+00:00,2026-10-04T22:55:27Z,4.157000,4.176000,4.151000,4.157000,4.172000,4.176000,4.151000,4.157000,changed
2025-12-16 17:20:00+00:00,2026-10-04T22:55:27Z,4.163000,4.165000,4.149000,4.157000,4.159000,4.163000,4.149000,4.157000,changed
2025-12-16 18:20:00+00:00,2026-10-04T22:55:27Z,4.153000,4.161000,4.149000,4.155000,4.157000,4.161000,4.155000,4.155000,changed
2025-12-16 19:20:00+00:00,2026-10-04T22:55:27Z,4.157000,4.163000,4.147000,4.149000,4.159000,4.163000,4.147000,4.149000,changed
2025-12-17 18:20:00+00:00,2026-10-04T22:55:27Z,4.159000,4.159000,4.151000,4.151000,4.159000,4.161000,4.151000,4.151000,changed
2025-12-18 14:20:00+00:00,2026-10-04T22:55:27Z,4.137000,4.137000,4.110000,4.114000,4.124000,4.137000,4.110000,4.114000,changed
2025-12-18 15:20:00+00:00,2026-10-04T22:55:27Z,4.118000,4.122000,4.108000,4.112000,4.116000,4.122000,4.108000,4.112000,changed
2025-12-18 16:20:00+00:00,2026-10-04T22:55:27Z,4.112000,4.128000,4.110000,4.124000,4.118000,4.128000,4.108000,4.124000,changed
2025-12-18 17:20:00+00:00,2026-10-04T22:55:27Z,4.120000,4.131000,4.120000,4.130000,4.114000,4.131000,4.112000,4.130000,changed
2025-12-18 18:20:00+00:00,2026-10-04T22:55:27Z,4.125000,4.131000,4.122000,4.122000,4.124000,4.131000,4.120000,4.122000,changed
2025-12-18 19:20:00+00:00,2026-10-04T22:55:27Z,4.122000,4.125000,4.116000,4.116000,4.128000,4.128000,4.116000,4.116000,changed
2025-12-19 14:20:00+00:00,2026-10-04T22:55:27Z,4.145000,4.155000,4.139000,4.143000,4.153000,4.153000,4.141000,4.143000,changed
2025-12-19 15:20:00+00:00,2026-10-04T22:55:27Z,4.143000,4.153000,4.130000,4.137000,4.151000,4.153000,4.130000,4.137000,changed
2025-12-19 16:20:00+00:00,2026-10-04T22:55:27Z,4.139000,4.153000,4.130000,4.147000,4.133000,4.153000,4.130000,4.147000,changed
2025-12-19 17:20:00+00:00,2026-10-04T22:55:27Z,4.139000,4.153000,4.139000,4.147000,4.143000,4.153000,4.143000,4.147000,changed
2025-12-19 18:20:00+00:00,2026-10-04T22:55:27Z,4.149000,4.157000,4.145000,4.153000,4.147000,4.157000,4.145000,4.153000,changed
2025-12-19 19:20:00+00:00,2026-10-04T22:55:27Z,4.147000,4.157000,4.147000,4.151000,4.155000,4.157000,4.149000,4.151000,changed
2025-12-22 14:20:00+00:00,2026-10-04T22:55:27Z,4.163000,4.169000,4.159000,4.167000,4.163000,4.169000,4.155000,4.167000,changed
2025-12-22 15:20:00+00:00,2026-10-04T22:55:27Z,4.167000,4.169000,4.159000,4.161000,4.163000,4.169000,4.159000,4.161000,changed
2025-12-22 17:20:00+00:00,2026-10-04T22:55:27Z,4.163000,4.171000,4.161000,4.171000,4.165000,4.171000,4.161000,4.171000,changed
2025-12-22 18:20:00+00:00,2026-10-04T22:55:27Z,4.167000,4.175000,4.167000,4.175000,4.165000,4.175000,4.165000,4.175000,changed
2025-12-22 19:20:00+00:00,2026-10-04T22:55:27Z,4.171000,4.175000,4.169000,4.169000,4.173000,4.175000,4.169000,4.169000,changed
2025-12-23 14:20:00+00:00,2026-10-04T22:55:27Z,4.155000,4.202000,4.155000,4.186000,4.186000,4.202000,4.182000,4.186000,changed
2025-12-23 15:20:00+00:00,2026-10-04T22:55:27Z,4.198000,4.202000,4.175000,4.175000,4.198000,4.198000,4.175000,4.175000,changed
2025-12-23 16:20:00+00:00,2026-10-04T22:55:27Z,4.182000,4.188000,4.167000,4.167000,4.179000,4.180000,4.167000,4.167000,changed
2025-12-23 17:20:00+00:00,2026-10-04T22:55:27Z,4.173000,4.175000,4.167000,4.171000,4.173000,4.173000,4.167000,4.171000,changed
2025-12-23 18:20:00+00:00,2026-10-04T22:55:27Z,4.169000,4.173000,4.167000,4.173000,4.173000,4.173000,4.167000,4.173000,changed
2025-12-23 19:20:00+00:00,2026-10-04T22:55:27Z,4.169000,4.173000,4.167000,4.169000,4.169000,4.173000,4.169000,4.169000,changed
2025-12-26 14:20:00+00:00,2026-10-04T22:55:27Z,4.120000,4.124000,4.110000,4.120000,4.120000,4.124000,4.116000,4.120000,changed
2025-12-26 16:20:00+00:00,2026-10-04T22:55:27Z,4.122000,4.143000,4.118000,4.143000,4.120000,4.143000,4.120000,4.143000,changed
2025-12-26 17:20:00+00:00,2026-10-04T22:55:27Z,4.141000,4.145000,4.139000,4.139000,4.143000,4.145000,4.139000,4.139000,changed
2025-12-26 18:20:00+00:00,2026-10-04T22:55:27Z,4.143000,4.145000,4.139000,4.139000,4.139000,4.143000,4.139000,4.139000,changed
2025-12-29 14:20:00+00:00,2026-10-04T22:55:27Z,4.112000,4.124000,4.108000,4.122000,4.120000,4.124000,4.108000,4.122000,changed
2025-12-29 15:20:00+00:00,2026-10-04T22:55:27Z,4.118000,4.130000,4.116000,4.122000,4.116000,4.130000,4.108000,4.122000,changed
2025-12-29 16:20:00+00:00,2026-10-04T22:55:27Z,4.126000,4.126000,4.114000,4.116000,4.124000,4.130000,4.114000,4.116000,changed
2025-12-29 17:20:00+00:00,2026-10-04T22:55:27Z,4.116000,4.118000,4.112000,4.114000,4.118000,4.118000,4.112000,4.114000,changed
2025-12-29 18:20:00+00:00,2026-10-04T22:55:27Z,4.114000,4.116000,4.110000,4.114000,4.112000,4.116000,4.110000,4.114000,changed
2025-12-29 19:20:00+00:00,2026-10-04T22:55:27Z,4.112000,4.120000,4.112000,4.116000,4.112000,4.120000,4.110000,4.116000,changed
2025-12-30 14:20:00+00:00,2026-10-04T22:55:27Z,4.134000,4.138000,4.128000,4.136000,4.128000,4.138000,4.128000,4.136000,changed
2025-12-30 15:20:00+00:00,2026-10-04T22:55:27Z,4.132000,4.139000,4.120000,4.120000,4.136000,4.139000,4.120000,4.120000,changed
2025-12-30 16:20:00+00:00,2026-10-04T22:55:27Z,4.132000,4.139000,4.116000,4.122000,4.130000,4.130000,4.116000,4.122000,changed
2025-12-30 17:20:00+00:00,2026-10-04T22:55:27Z,4.116000,4.126000,4.116000,4.118000,4.120000,4.126000,4.118000,4.118000,changed
2025-12-30 18:20:00+00:00,2026-10-04T22:55:27Z,4.126000,4.128000,4.118000,4.122000,4.120000,4.128000,4.118000,4.122000,changed
2025-12-30 19:20:00+00:00,2026-10-04T22:55:27Z,4.118000,4.132000,4.118000,4.130000,4.126000,4.132000,4.122000,4.130000,changed
2025-12-01 14:20:00+00:00,2026-10-04T23:41:37Z,4.056000,4.094000,4.056000,4.083000,4.069000,4.094000,4.069000,4.083000,changed
2025-12-01 16:20:00+00:00,2026-10-04T23:41:37Z,4.081000,4.098000,4.081000,4.092000,4.090000,4.098000,4.088000,4.092000,changed
2025-12-01 17:20:00+00:00,2026-10-04T23:41:37Z,4.090000,4.098000,4.090000,4.092000,4.096000,4.098000,4.090000,4.092000,changed
2025-12-01 19:20:00+00:00,2026-10-04T23:41:37Z,4.092000,4.098000,4.092000,4.096000,4.096000,4.098000,4.092000,4.096000,changed
2025-12-02 14:20:00+00:00,2026-10-04T23:41:37Z,4.104000,4.114000,4.102000,4.108000,4.112000,4.114000,4.102000,4.108000,changed
2025-12-02 15:20:00+00:00,2026-10-04T23:41:37Z,4.110000,4.112000,4.096000,4.102000,4.106000,4.112000,4.096000,4.102000,changed
2025-12-02 16:20:00+00:00,2026-10-04T23:41:37Z,4.102000,4.106000,4.090000,4.100000,4.106000,4.106000,4.090000,4.100000,changed
2025-12-02 17:20:00+00:00,2026-10-04T23:41:37Z,4.098000,4.102000,4.090000,4.092000,4.092000,4.102000,4.090000,4.092000,changed
2025-12-02 18:20:00+00:00,2026-10-04T23:41:37Z,4.092000,4.094000,4.085000,4.085000,4.096000,4.096000,4.085000,4.085000,changed
2025-12-02 19:20:00+00:00,2026-10-04T23:41:37Z,4.090000,4.090000,4.081000,4.086000,4.094000,4.094000,4.081000,4.086000,changed
2025-12-03 18:20:00+00:00,2026-10-04T23:41:37Z,4.065000,4.067000,4.056000,4.057000,4.065000,4.069000,4.056000,4.057000,changed
2025-12-04 14:20:00+00:00,2026-10-04T23:41:37Z,4.108000,4.110000,4.083000,4.094000,4.088000,4.098000,4.083000,4.094000,changed
2025-12-04 15:20:00+00:00,2026-10-04T23:41:37Z,4.083000,4.102000,4.083000,4.098000,4.086000,4.102000,4.085000,4.098000,changed
2025-12-04 16:20:00+00:00,2026-10-04T23:41:37Z,4.092000,4.106000,4.090000,4.100000,4.100000,4.106000,4.096000,4.100000,changed
2025-12-04 17:20:00+00:00,2026-10-04T23:41:37Z,4.100000,4.106000,4.096000,4.102000,4.100000,4.102000,4.096000,4.102000,changed
2025-12-04 18:20:00+00:00,2026-10-04T23:41:37Z,4.100000,4.108000,4.096000,4.108000,4.098000,4.108000,4.098000,4.108000,changed
2025-12-04 19:20:00+00:00,2026-10-04T23:41:37Z,4.100000,4.110000,4.100000,4.108000,4.104000,4.110000,4.104000,4.108000,changed
2025-12-05 14:20:00+00:00,2026-10-04T23:41:37Z,4.120000,4.121000,4.098000,4.116000,4.112000,4.121000,4.098000,4.116000,changed
2025-12-05 15:20:00+00:00,2026-10-04T23:41:37Z,4.112000,4.135000,4.108000,4.133000,4.106000,4.135000,4.106000,4.133000,changed
2025-12-05 16:20:00+00:00,2026-10-04T23:41:37Z,4.127000,4.139000,4.127000,4.129000,4.114000,4.139000,4.114000,4.129000,changed
2025-12-05 17:20:00+00:00,2026-10-04T23:41:37Z,4.131000,4.145000,4.127000,4.141000,4.137000,4.145000,4.127000,4.141000,changed
2025-12-05 18:20:00+00:00,2026-10-04T23:41:37Z,4.143000,4.143000,4.139000,4.141000,4.135000,4.145000,4.135000,4.141000,changed
2025-12-05 19:20:00+00:00,2026-10-04T23:41:37Z,4.141000,4.141000,4.135000,4.139000,4.139000,4.143000,4.135000,4.139000,changed
2025-12-08 14:20:00+00:00,2026-10-04T23:41:37Z,4.145000,4.186000,4.143000,4.186000,4.155000,4.186000,4.143000,4.186000,changed
2025-12-08 15:20:00+00:00,2026-10-04T23:41:37Z,4.147000,4.192000,4.145000,4.180000,4.174000,4.192000,4.174000,4.180000,changed
2025-12-08 16:20:00+00:00,2026-10-04T23:41:37Z,4.184000,4.192000,4.176000,4.178000,4.188000,4.188000,4.176000,4.178000,changed
2025-12-08 17:20:00+00:00,2026-10-04T23:41:37Z,4.184000,4.184000,4.172000,4.174000,4.178000,4.182000,4.172000,4.174000,changed
2025-12-08 18:20:00+00:00,2026-10-04T23:41:37Z,4.174000,4.182000,4.166000,4.168000,4.180000,4.180000,4.166000,4.168000,changed
2025-12-08 19:20:00+00:00,2026-10-04T23:41:37Z,4.174000,4.174000,4.164000,4.172000,4.168000,4.172000,4.164000,4.172000,changed
2025-12-09 14:20:00+00:00,2026-10-04T23:41:37Z,4.143000,4.186000,4.143000,4.174000,4.164000,4.186000,4.143000,4.174000,changed
2025-12-09 15:20:00+00:00,2026-10-04T23:41:37Z,4.164000,4.186000,4.164000,4.178000,4.147000,4.186000,4.147000,4.178000,changed
2025-12-09 16:20:00+00:00,2026-10-04T23:41:37Z,4.180000,4.182000,4.166000,4.170000,4.172000,4.184000,4.166000,4.170000,changed
2025-12-09 17:20:00+00:00,2026-10-04T23:41:37Z,4.170000,4.176000,4.166000,4.176000,4.178000,4.178000,4.166000,4.176000,changed
2025-12-09 19:20:00+00:00,2026-10-04T23:41:37Z,4.186000,4.188000,4.182000,4.186000,4.176000,4.190000,4.176000,4.186000,changed
2025-12-11 14:20:00+00:00,2026-10-04T23:41:37Z,4.135000,4.143000,4.102000,4.118000,4.125000,4.125000,4.102000,4.118000,changed
2025-12-11 15:20:00+00:00,2026-10-04T23:41:37Z,4.108000,4.124000,4.102000,4.121000,4.106000,4.124000,4.106000,4.121000,changed
2025-12-11 16:20:00+00:00,2026-10-04T23:41:37Z,4.116000,4.125000,4.112000,4.114000,4.124000,4.125000,4.112000,4.114000,changed
2025-12-11 17:20:00+00:00,2026-10-04T23:41:37Z,4.124000,4.125000,4.112000,4.121000,4.118000,4.125000,4.112000,4.121000,changed
2025-12-11 18:20:00+00:00,2026-10-04T23:41:37Z,4.114000,4.143000,4.114000,4.143000,4.121000,4.143000,4.120000,4.143000,changed
2025-12-11 19:20:00+00:00,2026-10-04T23:41:37Z,4.124000,4.143000,4.121000,4.141000,4.127000,4.143000,4.127000,4.141000,changed
2025-12-12 14:20:00+00:00,2026-10-04T23:41:37Z,4.190000,4.200000,4.184000,4.190000,4.182000,4.200000,4.178000,4.190000,changed
2025-12-12 15:20:00+00:00,2026-10-04T23:41:37Z,4.186000,4.194000,4.180000,4.186000,4.194000,4.196000,4.180000,4.186000,changed
2025-12-12 16:20:00+00:00,2026-10-04T23:41:37Z,4.184000,4.196000,4.182000,4.192000,4.182000,4.196000,4.180000,4.192000,changed
2025-12-12 17:20:00+00:00,2026-10-04T23:41:37Z,4.190000,4.194000,4.188000,4.192000,4.190000,4.196000,4.186000,4.192000,changed
2025-12-12 18:20:00+00:00,2026-10-04T23:41:37Z,4.192000,4.194000,4.188000,4.192000,4.188000,4.194000,4.188000,4.192000,changed
2025-12-12 19:20:00+00:00,2026-10-04T23:41:37Z,4.190000,4.196000,4.190000,4.194000,4.190000,4.196000,4.188000,4.194000,changed
2025-12-15 15:20:00+00:00,2026-10-04T23:41:37Z,4.163000,4.167000,4.151000,4.167000,4.155000,4.167000,4.151000,4.167000,changed
2025-12-15 16:20:00+00:00,2026-10-04T23:41:37Z,4.157000,4.184000,4.157000,4.184000,4.163000,4.184000,4.161000,4.184000,changed
2025-12-15 17:20:00+00:00,2026-10-04T23:41:37Z,4.170000,4.184000,4.170000,4.180000,4.178000,4.184000,4.178000,4.180000,changed
2025-12-15 18:20:00+00:00,2026-10-04T23:41:37Z,4.184000,4.186000,4.178000,4.182000,4.178000,4.186000,4.178000,4.182000,changed
2025-12-15 19:20:00+00:00,2026-10-04T23:41:37Z,4.182000,4.186000,4.178000,4.182000,4.180000,4.184000,4.180000,4.182000,changed
2025-12-16 14:20:00+00:00,2026-10-04T23:41:37Z,4.174000,4.196000,4.159000,4.161000,4.167000,4.196000,4.143000,4.161000,changed
2025-12-16 15:20:00+00:00,2026-10-04T23:41:37Z,4.168000,4.176000,4.155000,4.165000,4.194000,4.194000,4.155000,4.165000,changed
2025-12-16 16:20:00+00:00,2026-10-04T23:41:37Z,4.172000,4.176000,4.151000,4.157000,4.157000,4.176000,4.151000,4.157000,changed
2025-12-16 17:20:00+00:00,2026-10-04T23:41:37Z,4.159000,4.163000,4.149000,4.157000,4.163000,4.165000,4.149000,4.157000,changed
2025-12-16 18:20:00+00:00,2026-10-04T23:41:37Z,4.157000,4.161000,4.155000,4.155000,4.153000,4.161000,4.149000,4.155000,changed
2025-12-16 19:20:00+00:00,2026-10-04T23:41:37Z,4.159000,4.163000,4.147000,4.149000,4.157000,4.163000,4.147000,4.149000,changed
2025-12-17 18:20:00+00:00,2026-10-04T23:41:37Z,4.159000,4.161000,4.151000,4.151000,4.159000,4.159000,4.151000,4.151000,changed
2025-12-18 14:20:00+00:00,2026-10-04T23:41:37Z,4.124000,4.137000,4.110000,4.114000,4.137000,4.137000,4.110000,4.114000,changed
2025-12-18 15:20:00+00:00,2026-10-04T23:41:37Z,4.116000,4.122000,4.108000,4.112000,4.118000,4.122000,4.108000,4.112000,changed
2025-12-18 16:20:00+00:00,2026-10-04T23:41:37Z,4.118000,4.128000,4.108000,4.124000,4.112000,4.128000,4.110000,4.124000,changed
2025-12-18 17:20:00+00:00,2026-10-04T23:41:37Z,4.114000,4.131000,4.112000,4.130000,4.120000,4.131000,4.120000,4.130000,changed
2025-12-18 18:20:00+00:00,2026-10-04T23:41:37Z,4.124000,4.131000,4.120000,4.122000,4.125000,4.131000,4.122000,4.122000,changed
2025-12-18 19:20:00+00:00,2026-10-04T23:41:37Z,4.128000,4.128000,4.116000,4.116000,4.122000,4.125000,4.116000,4.116000,changed
2025-12-19 14:20:00+00:00,2026-10-04T23:41:37Z,4.153000,4.153000,4.141000,4.143000,4.145000,4.155000,4.139000,4.143000,changed
2025-12-19 15:20:00+00:00,2026-10-04T23:41:37Z,4.151000,4.153000,4.130000,4.137000,4.143000,4.153000,4.130000,4.137000,changed
2025-12-19 16:20:00+00:00,2026-10-04T23:41:37Z,4.133000,4.153000,4.130000,4.147000,4.139000,4.153000,4.130000,4.147000,changed
2025-12-19 17:20:00+00:00,2026-10-04T23:41:37Z,4.143000,4.153000,4.143000,4.147000,4.139000,4.153000,4.139000,4.147000,changed
2025-12-19 18:20:00+00:00,2026-10-04T23:41:37Z,4.147000,4.157000,4.145000,4.153000,4.149000,4.157000,4.145000,4.153000,changed
2025-12-19 19:20:00+00:00,2026-10-04T23:41:37Z,4.155000,4.157000,4.149000,4.151000,4.147000,4.157000,4.147000,4.151000,changed
2025-12-22 14:20:00+00:00,2026-10-04T23:41:37Z,4.163000,4.169000,4.155000,4.167000,4.163000,4.169000,4.159000,4.167000,changed
2025-12-22 15:20:00+00:00,2026-10-04T23:41:37Z,4.163000,4.169000,4.159000,4.161000,4.167000,4.169000,4.159000,4.161000,changed
2025-12-22 17:20:00+00:00,2026-10-04T23:41:37Z,4.165000,4.171000,4.161000,4.171000,4.163000,4.171000,4.161000,4.171000,changed
2025-12-22 18:20:00+00:00,2026-10-04T23:41:37Z,4.165000,4.175000,4.165000,4.175000,4.167000,4.175000,4.167000,4.175000,changed
2025-12-22 19:20:00+00:00,2026-10-04T23:41:37Z,4.173000,4.175000,4.169000,4.169000,4.171000,4.175000,4.169000,4.169000,changed
2025-12-23 14:20:00+00:00,2026-10-04T23:41:37Z,4.186000,4.202000,4.182000,4.186000,4.155000,4.202000,4.155000,4.186000,changed
2025-12-23 15:20:00+00:00,2026-10-04T23:41:37Z,4.198000,4.198000,4.175000,4.175000,4.198000,4.202000,4.175000,4.175000,changed
2025-12-23 16:20:00+00:00,2026-10-04T23:41:37Z,4.179000,4.180000,4.167000,4.167000,4.182000,4.188000,4.167000,4.167000,changed
2025-12-23 17:20:00+00:00,2026-10-04T23:41:37Z,4.173000,4.173000,4.167000,4.171000,4.173000,4.175000,4.167000,4.171000,changed
2025-12-23 18:20:00+00:00,2026-10-04T23:41:37Z,4.173000,4.173000,4.167000,4.173000,4.169000,4.173000,4.167000,4.173000,changed
2025-12-23 19:20:00+00:00,2026-10-04T23:41:37Z,4.169000,4.173000,4.169000,4.169000,4.169000,4.173000,4.167000,4.169000,changed
2025-12-26 14:20:00+00:00,2026-10-04T23:41:37Z,4.120000,4.124000,4.116000,4.120000,4.120000,4.124000,4.110000,4.120000,changed
2025-12-26 16:20:00+00:00,2026-10-04T23:41:37Z,4.120000,4.143000,4.120000,4.143000,4.122000,4.143000,4.118000,4.143000,changed
2025-12-26 17:20:00+00:00,2026-10-04T23:41:37Z,4.143000,4.145000,4.139000,4.139000,4.141000,4.145000,4.139000,4.139000,changed
2025-12-26 18:20:00+00:00,2026-10-04T23:41:37Z,4.139000,4.143000,4.139000,4.139000,4.143000,4.145000,4.139000,4.139000,changed
2025-12-29 14:20:00+00:00,2026-10-04T23:41:37Z,4.120000,4.124000,4.108000,4.122000,4.112000,4.124000,4.108000,4.122000,changed
2025-12-29 15:20:00+00:00,2026-10-04T23:41:37Z,4.116000,4.130000,4.108000,4.122000,4.118000,4.130000,4.116000,4.122000,changed
2025-12-29 16:20:00+00:00,2026-10-04T23:41:37Z,4.124000,4.130000,4.114000,4.116000,4.126000,4.126000,4.114000,4.116000,changed
2025-12-29 17:20:00+00:00,2026-10-04T23:41:37Z,4.118000,4.118000,4.112000,4.114000,4.116000,4.118000,4.112000,4.114000,changed
2025-12-29 18:20:00+00:00,2026-10-04T23:41:37Z,4.112000,4.116000,4.110000,4.114000,4.114000,4.116000,4.110000,4.114000,changed
2025-12-29 19:20:00+00:00,2026-10-04T23:41:37Z,4.112000,4.120000,4.110000,4.116000,4.112000,4.120000,4.112000,4.116000,changed
2025-12-30 14:20:00+00:00,2026-10-04T23:41:37Z,4.128000,4.138000,4.128000,4.136000,4.134000,4.138000,4.128000,4.136000,changed
2025-12-30 15:20:00+00:00,2026-10-04T23:41:37Z,4.136000,4.139000,4.120000,4.120000,4.132000,4.139000,4.120000,4.120000,changed
2025-12-30 16:20:00+00:00,2026-10-04T23:41:37Z,4.130000,4.130000,4.116000,4.122000,4.132000,4.139000,4.116000,4.122000,changed
2025-12-30 17:20:00+00:00,2026-10-04T23:41:37Z,4.120000,4.126000,4.118000,4.118000,4.116000,4.126000,4.116000,4.118000,changed
2025-12-30 18:20:00+00:00,2026-10-04T23:41:37Z,4.120000,4.128000,4.118000,4.122000,4.126000,4.128000,4.118000,4.122000,changed
2025-12-30 19:20:00+00:00,2026-10-04T23:41:37Z,4.126000,4.132000,4.122000,4.130000,4.118000,4.132000,4.118000,4.130000,changed
2025-12-01 14:20:00+00:00,2026-10-05T00:39:31Z,4.069000,4.094000,4.069000,4.083000,4.056000,4.094000,4.056000,4.083000,changed
2025-12-01 16:20:00+00:00,2026-10-05T00:39:31Z,4.090000,4.098000,4.088000,4.092000,4.081000,4.098000,4.081000,4.092000,changed
2025-12-01 17:20:00+00:00,2026-10-05T00:39:31Z,4.096000,4.098000,4.090000,4.092000,4.090000,4.098000,4.090000,4.092000,changed
2025-12-01 19:20:00+00:00,2026-10-05T00:39:31Z,4.096000,4.098000,4.092000,4.096000,4.092000,4.098000,4.092000,4.096000,changed
2025-12-02 14:20:00+00:00,2026-10-05T00:39:31Z,4.112000,4.114000,4.102000,4.108000,4.104000,4.114000,4.102000,4.108000,changed
2025-12-02 15:20:00+00:00,2026-10-05T00:39:31Z,4.106000,4.112000,4.096000,4.102000,4.110000,4.112000,4.096000,4.102000,changed
2025-12-02 16:20:00+00:00,2026-10-05T00:39:31Z,4.106000,4.106000,4.090000,4.100000,4.102000,4.106000,4.090000,4.100000,changed
2025-12-02 17:20:00+00:00,2026-10-05T00:39:31Z,4.092000,4.102000,4.090000,4.092000,4.098000,4.102000,4.090000,4.092000,changed
2025-12-02 18:20:00+00:00,2026-10-05T00:39:31Z,4.096000,4.096000,4.085000,4.085000,4.092000,4.094000,4.085000,4.085000,changed
2025-12-02 19:20:00+00:00,2026-10-05T00:39:31Z,4.094000,4.094000,4.081000,4.086000,4.090000,4.090000,4.081000,4.086000,changed
2025-12-03 18:20:00+00:00,2026-10-05T00:39:31Z,4.065000,4.069000,4.056000,4.057000,4.065000,4.067000,4.056000,4.057000,changed
2025-12-04 14:20:00+00:00,2026-10-05T00:39:31Z,4.088000,4.098000,4.083000,4.094000,4.108000,4.110000,4.083000,4.094000,changed
2025-12-04 15:20:00+00:00,2026-10-05T00:39:31Z,4.086000,4.102000,4.085000,4.098000,4.083000,4.102000,4.083000,4.098000,changed
2025-12-04 16:20:00+00:00,2026-10-05T00:39:31Z,4.100000,4.106000,4.096000,4.100000,4.092000,4.106000,4.090000,4.100000,changed
2025-12-04 17:20:00+00:00,2026-10-05T00:39:31Z,4.100000,4.102000,4.096000,4.102000,4.100000,4.106000,4.096000,4.102000,changed
2025-12-04 18:20:00+00:00,2026-10-05T00:39:31Z,4.098000,4.108000,4.098000,4.108000,4.100000,4.108000,4.096000,4.108000,changed
2025-12-04 19:20:00+00:00,2026-10-05T00:39:31Z,4.104000,4.110000,4.104000,4.108000,4.100000,4.110000,4.100000,4.108000,changed
2025-12-05 14:20:00+00:00,2026-10-05T00:39:31Z,4.112000,4.121000,4.098000,4.116000,4.120000,4.121000,4.098000,4.116000,changed
2025-12-05 15:20:00+00:00,2026-10-05T00:39:31Z,4.106000,4.135000,4.106000,4.133000,4.112000,4.135000,4.108000,4.133000,changed
2025-12-05 16:20:00+00:00,2026-10-05T00:39:31Z,4.114000,4.139000,4.114000,4.129000,4.127000,4.139000,4.127000,4.129000,changed
2025-12-05 17:20:00+00:00,2026-10-05T00:39:31Z,4.137000,4.145000,4.127000,4.141000,4.131000,4.145000,4.127000,4.141000,changed
2025-12-05 18:20:00+00:00,2026-10-05T00:39:31Z,4.135000,4.145000,4.135000,4.141000,4.143000,4.143000,4.139000,4.141000,changed
2025-12-05 19:20:00+00:00,2026-10-05T00:39:31Z,4.139000,4.143000,4.135000,4.139000,4.141000,4.141000,4.135000,4.139000,changed
2025-12-08 14:20:00+00:00,2026-10-05T00:39:31Z,4.155000,4.186000,4.143000,4.186000,4.145000,4.186000,4.143000,4.186000,changed
2025-12-08 15:20:00+00:00,2026-10-05T00:39:31Z,4.174000,4.192000,4.174000,4.180000,4.147000,4.192000,4.145000,4.180000,changed
2025-12-08 16:20:00+00:00,2026-10-05T00:39:31Z,4.188000,4.188000,4.176000,4.178000,4.184000,4.192000,4.176000,4.178000,changed
2025-12-08 17:20:00+00:00,2026-10-05T00:39:31Z,4.178000,4.182000,4.172000,4.174000,4.184000,4.184000,4.172000,4.174000,changed
2025-12-08 18:20:00+00:00,2026-10-05T00:39:31Z,4.180000,4.180000,4.166000,4.168000,4.174000,4.182000,4.166000,4.168000,changed
2025-12-08 19:20:00+00:00,2026-10-05T00:39:31Z,4.168000,4.172000,4.164000,4.172000,4.174000,4.174000,4.164000,4.172000,changed
2025-12-09 14:20:00+00:00,2026-10-05T00:39:31Z,4.164000,4.186000,4.143000,4.174000,4.143000,4.186000,4.143000,4.174000,changed
2025-12-09 15:20:00+00:00,2026-10-05T00:39:31Z,4.147000,4.186000,4.147000,4.178000,4.164000,4.186000,4.164000,4.178000,changed
2025-12-09 16:20:00+00:00,2026-10-05T00:39:31Z,4.172000,4.184000,4.166000,4.170000,4.180000,4.182000,4.166000,4.170000,changed
2025-12-09 17:20:00+00:00,2026-10-05T00:39:31Z,4.178000,4.178000,4.166000,4.176000,4.170000,4.176000,4.166000,4.176000,changed
2025-12-09 19:20:00+00:00,2026-10-05T00:39:31Z,4.176000,4.190000,4.176000,4.186000,4.186000,4.188000,4.182000,4.186000,changed
2025-12-11 14:20:00+00:00,2026-10-05T00:39:31Z,4.125000,4.125000,4.102000,4.118000,4.135000,4.143000,4.102000,4.118000,changed
2025-12-11 15:20:00+00:00,2026-10-05T00:39:31Z,4.106000,4.124000,4.106000,4.121000,4.108000,4.124000,4.102000,4.121000,changed
2025-12-11 16:20:00+00:00,2026-10-05T00:39:31Z,4.124000,4.125000,4.112000,4.114000,4.116000,4.125000,4.112000,4.114000,changed
2025-12-11 17:20:00+00:00,2026-10-05T00:39:31Z,4.118000,4.125000,4.112000,4.121000,4.124000,4.125000,4.112000,4.121000,changed
2025-12-11 18:20:00+00:00,2026-10-05T00:39:31Z,4.121000,4.143000,4.120000,4.143000,4.114000,4.143000,4.114000,4.143000,changed
2025-12-11 19:20:00+00:00,2026-10-05T00:39:31Z,4.127000,4.143000,4.127000,4.141000,4.124000,4.143000,4.121000,4.141000,changed
2025-12-12 14:20:00+00:00,2026-10-05T00:39:31Z,4.182000,4.200000,4.178000,4.190000,4.190000,4.200000,4.184000,4.190000,changed
2025-12-12 15:20:00+00:00,2026-10-05T00:39:31Z,4.194000,4.196000,4.180000,4.186000,4.186000,4.194000,4.180000,4.186000,changed
2025-12-12 16:20:00+00:00,2026-10-05T00:39:31Z,4.182000,4.196000,4.180000,4.192000,4.184000,4.196000,4.182000,4.192000,changed
2025-12-12 17:20:00+00:00,2026-10-05T00:39:31Z,4.190000,4.196000,4.186000,4.192000,4.190000,4.194000,4.188000,4.192000,changed
2025-12-12 18:20:00+00:00,2026-10-05T00:39:31Z,4.188000,4.194000,4.188000,4.192000,4.192000,4.194000,4.188000,4.192000,changed
2025-12-12 19:20:00+00:00,2026-10-05T00:39:31Z,4.190000,4.196000,4.188000,4.194000,4.190000,4.196000,4.190000,4.194000,changed
2025-12-15 15:20:00+00:00,2026-10-05T00:39:31Z,4.155000,4.167000,4.151000,4.167000,4.163000,4.167000,4.151000,4.167000,changed
2025-12-15 16:20:00+00:00,2026-10-05T00:39:31Z,4.163000,4.184000,4.161000,4.184000,4.157000,4.184000,4.157000,4.184000,changed
2025-12-15 17:20:00+00:00,2026-10-05T00:39:31Z,4.178000,4.184000,4.178000,4.180000,4.170000,4.184000,4.170000,4.180000,changed
2025-12-15 18:20:00+00:00,2026-10-05T00:39:31Z,4.178000,4.186000,4.178000,4.182000,4.184000,4.186000,4.178000,4.182000,changed
2025-12-15 19:20:00+00:00,2026-10-05T00:39:31Z,4.180000,4.184000,4.180000,4.182000,4.182000,4.186000,4.178000,4.182000,changed
2025-12-16 14:20:00+00:00,2026-10-05T00:39:31Z,4.167000,4.196000,4.143000,4.161000,4.174000,4.196000,4.159000,4.161000,changed
2025-12-16 15:20:00+00:00,2026-10-05T00:39:31Z,4.194000,4.194000,4.155000,4.165000,4.168000,4.176000,4.155000,4.165000,changed
2025-12-16 16:20:00+00:00,2026-10-05T00:39:31Z,4.157000,4.176000,4.151000,4.157000,4.172000,4.176000,4.151000,4.157000,changed
2025-12-16 17:20:00+00:00,2026-10-05T00:39:31Z,4.163000,4.165000,4.149000,4.157000,4.159000,4.163000,4.149000,4.157000,changed
2025-12-16 18:20:00+00:00,2026-10-05T00:39:31Z,4.153000,4.161000,4.149000,4.155000,4.157000,4.161000,4.155000,4.155000,changed
2025-12-16 19:20:00+00:00,2026-10-05T00:39:31Z,4.157000,4.163000,4.147000,4.149000,4.159000,4.163000,4.147000,4.149000,changed
2025-12-17 18:20:00+00:00,2026-10-05T00:39:31Z,4.159000,4.159000,4.151000,4.151000,4.159000,4.161000,4.151000,4.151000,changed
2025-12-18 14:20:00+00:00,2026-10-05T00:39:31Z,4.137000,4.137000,4.110000,4.114000,4.124000,4.137000,4.110000,4.114000,changed
2025-12-18 15:20:00+00:00,2026-10-05T00:39:31Z,4.118000,4.122000,4.108000,4.112000,4.116000,4.122000,4.108000,4.112000,changed
2025-12-18 16:20:00+00:00,2026-10-05T00:39:31Z,4.112000,4.128000,4.110000,4.124000,4.118000,4.128000,4.108000,4.124000,changed
2025-12-18 17:20:00+00:00,2026-10-05T00:39:31Z,4.120000,4.131000,4.120000,4.130000,4.114000,4.131000,4.112000,4.130000,changed
2025-12-18 18:20:00+00:00,2026-10-05T00:39:31Z,4.125000,4.131000,4.122000,4.122000,4.124000,4.131000,4.120000,4.122000,changed
2025-12-18 19:20:00+00:00,2026-10-05T00:39:31Z,4.122000,4.125000,4.116000,4.116000,4.128000,4.128000,4.116000,4.116000,changed
2025-12-19 14:20:00+00:00,2026-10-05T00:39:31Z,4.145000,4.155000,4.139000,4.143000,4.153000,4.153000,4.141000,4.143000,changed
2025-12-19 15:20:00+00:00,2026-10-05T00:39:31Z,4.143000,4.153000,4.130000,4.137000,4.151000,4.153000,4.130000,4.137000,changed
2025-12-19 16:20:00+00:00,2026-10-05T00:39:31Z,4.139000,4.153000,4.130000,4.147000,4.133000,4.153000,4.130000,4.147000,changed
2025-12-19 17:20:00+00:00,2026-10-05T00:39:31Z,4.139000,4.153000,4.139000,4.147000,4.143000,4.153000,4.143000,4.147000,changed
2025-12-19 18:20:00+00:00,2026-10-05T00:39:31Z,4.149000,4.157000,4.145000,4.153000,4.147000,4.157000,4.145000,4.153000,changed
2025-12-19 19:20:00+00:00,2026-10-05T00:39:31Z,4.147000,4.157000,4.147000,4.151000,4.155000,4.157000,4.149000,4.151000,changed
2025-12-22 14:20:00+00:00,2026-10-05T00:39:31Z,4.163000,4.169000,4.159000,4.167000,4.163000,4.169000,4.155000,4.167000,changed
2025-12-22 15:20:00+00:00,2026-10-05T00:39:31Z,4.167000,4.169000,4.159000,4.161000,4.163000,4.169000,4.159000,4.161000,changed
2025-12-22 17:20:00+00:00,2026-10-05T00:39:31Z,4.163000,4.171000,4.161000,4.171000,4.165000,4.171000,4.161000,4.171000,changed
2025-12-22 18:20:00+00:00,2026-10-05T00:39:31Z,4.167000,4.175000,4.167000,4.175000,4.165000,4.175000,4.165000,4.175000,changed
2025-12-22 19:20:00+00:00,2026-10-05T00:39:31Z,4.171000,4.175000,4.169000,4.169000,4.173000,4.175000,4.169000,4.169000,changed
2025-12-23 14:20:00+00:00,2026-10-05T00:39:31Z,4.155000,4.202000,4.155000,4.186000,4.186000,4.202000,4.182000,4.186000,changed
2025-12-23 15:20:00+00:00,2026-10-05T00:39:31Z,4.198000,4.202000,4.175000,4.175000,4.198000,4.198000,4.175000,4.175000,changed
2025-12-23 16:20:00+00:00,2026-10-05T00:39:31Z,4.182000,4.188000,4.167000,4.167000,4.179000,4.180000,4.167000,4.167000,changed
2025-12-23 17:20:00+00:00,2026-10-05T00:39:31Z,4.173000,4.175000,4.167000,4.171000,4.173000,4.173000,4.167000,4.171000,changed
2025-12-23 18:20:00+00:00,2026-10-05T00:39:31Z,4.169000,4.173000,4.167000,4.173000,4.173000,4.173000,4.167000,4.173000,changed
2025-12-23 19:20:00+00:00,2026-10-05T00:39:31Z,4.169000,4.173000,4.167000,4.169000,4.169000,4.173000,4.169000,4.169000,changed
2025-12-26 14:20:00+00:00,2026-10-05T00:39:31Z,4.120000,4.124000,4.110000,4.120000,4.120000,4.124000,4.116000,4.120000,changed
2025-12-26 16:20:00+00:00,2026-10-05T00:39:31Z,4.122000,4.143000,4.118000,4.143000,4.120000,4.143000,4.120000,4.143000,changed
2025-12-26 17:20:00+00:00,2026-10-05T00:39:31Z,4.141000,4.145000,4.139000,4.139000,4.143000,4.145000,4.139000,4.139000,changed
2025-12-26 18:20:00+00:00,2026-10-05T00:39:31Z,4.143000,4.145000,4.139000,4.139000,4.139000,4.143000,4.139000,4.139000,changed
2025-12-29 14:20:00+00:00,2026-10-05T00:39:31Z,4.112000,4.124000,4.108000,4.122000,4.120000,4.124000,4.108000,4.122000,changed
2025-12-29 15:20:00+00:00,2026-10-05T00:39:31Z,4.118000,4.130000,4.116000,4.122000,4.116000,4.130000,4.108000,4.122000,changed
2025-12-29 16:20:00+00:00,2026-10-05T00:39:31Z,4.126000,4.126000,4.114000,4.116000,4.124000,4.130000,4.114000,4.116000,changed
2025-12-29 17:20:00+00:00,2026-10-05T00:39:31Z,4.116000,4.118000,4.112000,4.114000,4.118000,4.118000,4.112000,4.114000,changed
2025-12-29 18:20:00+00:00,2026-10-05T00:39:31Z,4.114000,4.116000,4.110000,4.114000,4.112000,4.116000,4.110000,4.114000,changed
2025-12-29 19:20:00+00:00,2026-10-05T00:39:31Z,4.112000,4.120000,4.112000,4.116000,4.112000,4.120000,4.110000,4.116000,changed
2025-12-30 14:20:00+00:00,2026-10-05T00:39:31Z,4.134000,4.138000,4.128000,4.136000,4.128000,4.138000,4.128000,4.136000,changed
2025-12-30 15:20:00+00:00,2026-10-05T00:39:31Z,4.132000,4.139000,4.120000,4.120000,4.136000,4.139000,4.120000,4.120000,changed
2025-12-30 16:20:00+00:00,2026-10-05T00:39:31Z,4.132000,4.139000,4.116000,4.122000,4.130000,4.130000,4.116000,4.122000,changed
2025-12-30 17:20:00+00:00,2026-10-05T00:39:31Z,4.116000,4.126000,4.116000,4.118000,4.120000,4.126000,4.118000,4.118000,changed
2025-12-30 18:20:00+00:00,2026-10-05T00:39:31Z,4.126000,4.128000,4.118000,4.122000,4.120000,4.128000,4.118000,4.122000,changed
2025-12-30 19:20:00+00:00,2026-10-05T00:39:31Z,4.118000,4.132000,4.118000,4.130000,4.126000,4.132000,4.122000,4.130000,changed
2025-12-01 14:20:00+00:00,2026-10-05T02:45:26Z,4.056000,4.094000,4.056000,4.083000,4.069000,4.094000,4.069000,4.083000,changed
2025-12-01 16:20:00+00:00,2026-10-05T02:45:26Z,4.081000,4.098000,4.081000,4.092000,4.090000,4.098000,4.088000,4.092000,changed
2025-12-01 17:20:00+00:00,2026-10-05T02:45:26Z,4.090000,4.098000,4.090000,4.092000,4.096000,4.098000,4.090000,4.092000,changed
2025-12-01 19:20:00+00:00,2026-10-05T02:45:26Z,4.092000,4.098000,4.092000,4.096000,4.096000,4.098000,4.092000,4.096000,changed
2025-12-02 14:20:00+00:00,2026-10-05T02:45:26Z,4.104000,4.114000,4.102000,4.108000,4.112000,4.114000,4.102000,4.108000,changed
2025-12-02 15:20:00+00:00,2026-10-05T02:45:26Z,4.110000,4.112000,4.096000,4.102000,4.106000,4.112000,4.096000,4.102000,changed
2025-12-02 16:20:00+00:00,2026-10-05T02:45:26Z,4.102000,4.106000,4.090000,4.100000,4.106000,4.106000,4.090000,4.100000,changed
2025-12-02 17:20:00+00:00,2026-10-05T02:45:26Z,4.098000,4.102000,4.090000,4.092000,4.092000,4.102000,4.090000,4.092000,changed
2025-12-02 18:20:00+00:00,2026-10-05T02:45:26Z,4.092000,4.094000,4.085000,4.085000,4.096000,4.096000,4.085000,4.085000,changed
2025-12-02 19:20:00+00:00,2026-10-05T02:45:26Z,4.090000,4.090000,4.081000,4.086000,4.094000,4.094000,4.081000,4.086000,changed
2025-12-03 18:20:00+00:00,2026-10-05T02:45:26Z,4.065000,4.067000,4.056000,4.057000,4.065000,4.069000,4.056000,4.057000,changed
2025-12-04 14:20:00+00:00,2026-10-05T02:45:26Z,4.108000,4.110000,4.083000,4.094000,4.088000,4.098000,4.083000,4.094000,changed
2025-12-04 15:20:00+00:00,2026-10-05T02:45:26Z,4.083000,4.102000,4.083000,4.098000,4.086000,4.102000,4.085000,4.098000,changed
2025-12-04 16:20:00+00:00,2026-10-05T02:45:26Z,4.092000,4.106000,4.090000,4.100000,4.100000,4.106000,4.096000,4.100000,changed
2025-12-04 17:20:00+00:00,2026-10-05T02:45:26Z,4.100000,4.106000,4.096000,4.102000,4.100000,4.102000,4.096000,4.102000,changed
2025-12-04 18:20:00+00:00,2026-10-05T02:45:26Z,4.100000,4.108000,4.096000,4.108000,4.098000,4.108000,4.098000,4.108000,changed
2025-12-04 19:20:00+00:00,2026-10-05T02:45:26Z,4.100000,4.110000,4.100000,4.108000,4.104000,4.110000,4.104000,4.108000,changed
2025-12-05 14:20:00+00:00,2026-10-05T02:45:26Z,4.120000,4.121000,4.098000,4.116000,4.112000,4.121000,4.098000,4.116000,changed
2025-12-05 15:20:00+00:00,2026-10-05T02:45:26Z,4.112000,4.135000,4.108000,4.133000,4.106000,4.135000,4.106000,4.133000,changed
2025-12-05 16:20:00+00:00,2026-10-05T02:45:26Z,4.127000,4.139000,4.127000,4.129000,4.114000,4.139000,4.114000,4.129000,changed
2025-12-05 17:20:00+00:00,2026-10-05T02:45:26Z,4.131000,4.145000,4.127000,4.141000,4.137000,4.145000,4.127000,4.141000,changed
2025-12-05 18:20:00+00:00,2026-10-05T02:45:26Z,4.143000,4.143000,4.139000,4.141000,4.135000,4.145000,4.135000,4.141000,changed
2025-12-05 19:20:00+00:00,2026-10-05T02:45:26Z,4.141000,4.141000,4.135000,4.139000,4.139000,4.143000,4.135000,4.139000,changed
2025-12-08 14:20:00+00:00,2026-10-05T02:45:26Z,4.145000,4.186000,4.143000,4.186000,4.155000,4.186000,4.143000,4.186000,changed
2025-12-08 15:20:00+00:00,2026-10-05T02:45:26Z,4.147000,4.192000,4.145000,4.180000,4.174000,4.192000,4.174000,4.180000,changed
2025-12-08 16:20:00+00:00,2026-10-05T02:45:26Z,4.184000,4.192000,4.176000,4.178000,4.188000,4.188000,4.176000,4.178000,changed
2025-12-08 17:20:00+00:00,2026-10-05T02:45:26Z,4.184000,4.184000,4.172000,4.174000,4.178000,4.182000,4.172000,4.174000,changed
2025-12-08 18:20:00+00:00,2026-10-05T02:45:26Z,4.174000,4.182000,4.166000,4.168000,4.180000,4.180000,4.166000,4.168000,changed
2025-12-08 19:20:00+00:00,2026-10-05T02:45:26Z,4.174000,4.174000,4.164000,4.172000,4.168000,4.172000,4.164000,4.172000,changed
2025-12-09 14:20:00+00:00,2026-10-05T02:45:26Z,4.143000,4.186000,4.143000,4.174000,4.164000,4.186000,4.143000,4.174000,changed
2025-12-09 15:20:00+00:00,2026-10-05T02:45:26Z,4.164000,4.186000,4.164000,4.178000,4.147000,4.186000,4.147000,4.178000,changed
2025-12-09 16:20:00+00:00,2026-10-05T02:45:26Z,4.180000,4.182000,4.166000,4.170000,4.172000,4.184000,4.166000,4.170000,changed
2025-12-09 17:20:00+00:00,2026-10-05T02:45:26Z,4.170000,4.176000,4.166000,4.176000,4.178000,4.178000,4.166000,4.176000,changed
2025-12-09 19:20:00+00:00,2026-10-05T02:45:26Z,4.186000,4.188000,4.182000,4.186000,4.176000,4.190000,4.176000,4.186000,changed
2025-12-11 14:20:00+00:00,2026-10-05T02:45:26Z,4.135000,4.143000,4.102000,4.118000,4.125000,4.125000,4.102000,4.118000,changed
2025-12-11 15:20:00+00:00,2026-10-05T02:45:26Z,4.108000,4.124000,4.102000,4.121000,4.106000,4.124000,4.106000,4.121000,changed
2025-12-11 16:20:00+00:00,2026-10-05T02:45:26Z,4.116000,4.125000,4.112000,4.114000,4.124000,4.125000,4.112000,4.114000,changed
2025-12-11 17:20:00+00:00,2026-10-05T02:45:26Z,4.124000,4.125000,4.112000,4.121000,4.118000,4.125000,4.112000,4.121000,changed
2025-12-11 18:20:00+00:00,2026-10-05T02:45:26Z,4.114000,4.143000,4.114000,4.143000,4.121000,4.143000,4.120000,4.143000,changed
2025-12-11 19:20:00+00:00,2026-10-05T02:45:26Z,4.124000,4.143000,4.121000,4.141000,4.127000,4.143000,4.127000,4.141000,changed
2025-12-12 14:20:00+00:00,2026-10-05T02:45:26Z,4.190000,4.200000,4.184000,4.190000,4.182000,4.200000,4.178000,4.190000,changed
2025-12-12 15:20:00+00:00,2026-10-05T02:45:26Z,4.186000,4.194000,4.180000,4.186000,4.194000,4.196000,4.180000,4.186000,changed
2025-12-12 16:20:00+00:00,2026-10-05T02:45:26Z,4.184000,4.196000,4.182000,4.192000,4.182000,4.196000,4.180000,4.192000,changed
2025-12-12 17:20:00+00:00,2026-10-05T02:45:26Z,4.190000,4.194000,4.188000,4.192000,4.190000,4.196000,4.186000,4.192000,changed
2025-12-12 18:20:00+00:00,2026-10-05T02:45:26Z,4.192000,4.194000,4.188000,4.192000,4.188000,4.194000,4.188000,4.192000,changed
2025-12-12 19:20:00+00:00,2026-10-05T02:45:26Z,4.190000,4.196000,4.190000,4.194000,4.190000,4.196000,4.188000,4.194000,changed
2025-12-15 15:20:00+00:00,2026-10-05T02:45:26Z,4.163000,4.167000,4.151000,4.167000,4.155000,4.167000,4.151000,4.167000,changed
2025-12-15 16:20:00+00:00,2026-10-05T02:45:26Z,4.157000,4.184000,4.157000,4.184000,4.163000,4.184000,4.161000,4.184000,changed
2025-12-15 17:20:00+00:00,2026-10-05T02:45:26Z,4.170000,4.184000,4.170000,4.180000,4.178000,4.184000,4.178000,4.180000,changed
2025-12-15 18:20:00+00:00,2026-10-05T02:45:26Z,4.184000,4.186000,4.178000,4.182000,4.178000,4.186000,4.178000,4.182000,changed
2025-12-15 19:20:00+00:00,2026-10-05T02:45:26Z,4.182000,4.186000,4.178000,4.182000,4.180000,4.184000,4.180000,4.182000,changed
2025-12-16 14:20:00+00:00,2026-10-05T02:45:26Z,4.174000,4.196000,4.159000,4.161000,4.167000,4.196000,4.143000,4.161000,changed
2025-12-16 15:20:00+00:00,2026-10-05T02:45:26Z,4.168000,4.176000,4.155000,4.165000,4.194000,4.194000,4.155000,4.165000,changed
2025-12-16 16:20:00+00:00,2026-10-05T02:45:26Z,4.172000,4.176000,4.151000,4.157000,4.157000,4.176000,4.151000,4.157000,changed
2025-12-16 17:20:00+00:00,2026-10-05T02:45:26Z,4.159000,4.163000,4.149000,4.157000,4.163000,4.165000,4.149000,4.157000,changed
2025-12-16 18:20:00+00:00,2026-10-05T02:45:26Z,4.157000,4.161000,4.155000,4.155000,4.153000,4.161000,4.149000,4.155000,changed
2025-12-16 19:20:00+00:00,2026-10-05T02:45:26Z,4.159000,4.163000,4.147000,4.149000,4.157000,4.163000,4.147000,4.149000,changed
2025-12-17 18:20:00+00:00,2026-10-05T02:45:26Z,4.159000,4.161000,4.151000,4.151000,4.159000,4.159000,4.151000,4.151000,changed
2025-12-18 14:20:00+00:00,2026-10-05T02:45:26Z,4.124000,4.137000,4.110000,4.114000,4.137000,4.137000,4.110000,4.114000,changed
2025-12-18 15:20:00+00:00,2026-10-05T02:45:26Z,4.116000,4.122000,4.108000,4.112000,4.118000,4.122000,4.108000,4.112000,changed
2025-12-18 16:20:00+00:00,2026-10-05T02:45:26Z,4.118000,4.128000,4.108000,4.124000,4.112000,4.128000,4.110000,4.124000,changed
2025-12-18 17:20:00+00:00,2026-10-05T02:45:26Z,4.114000,4.131000,4.112000,4.130000,4.120000,4.131000,4.120000,4.130000,changed
2025-12-18 18:20:00+00:00,2026-10-05T02:45:26Z,4.124000,4.131000,4.120000,4.122000,4.125000,4.131000,4.122000,4.122000,changed
2025-12-18 19:20:00+00:00,2026-10-05T02:45:26Z,4.128000,4.128000,4.116000,4.116000,4.122000,4.125000,4.116000,4.116000,changed
2025-12-19 14:20:00+00:00,2026-10-05T02:45:26Z,4.153000,4.153000,4.141000,4.143000,4.145000,4.155000,4.139000,4.143000,changed
2025-12-19 15:20:00+00:00,2026-10-05T02:45:26Z,4.151000,4.153000,4.130000,4.137000,4.143000,4.153000,4.130000,4.137000,changed
2025-12-19 16:20:00+00:00,2026-10-05T02:45:26Z,4.133000,4.153000,4.130000,4.147000,4.139000,4.153000,4.130000,4.147000,changed
2025-12-19 17:20:00+00:00,2026-10-05T02:45:26Z,4.143000,4.153000,4.143000,4.147000,4.139000,4.153000,4.139000,4.147000,changed
2025-12-19 18:20:00+00:00,2026-10-05T02:45:26Z,4.147000,4.157000,4.145000,4.153000,4.149000,4.157000,4.145000,4.153000,changed
2025-12-19 19:20:00+00:00,2026-10-05T02:45:26Z,4.155000,4.157000,4.149000,4.151000,4.147000,4.157000,4.147000,4.151000,changed
2025-12-22 14:20:00+00:00,2026-10-05T02:45:26Z,4.163000,4.169000,4.155000,4.167000,4.163000,4.169000,4.159000,4.167000,changed
2025-12-22 15:20:00+00:00,2026-10-05T02:45:26Z,4.163000,4.169000,4.159000,4.161000,4.167000,4.169000,4.159000,4.161000,changed
2025-12-22 17:20:00+00:00,2026-10-05T02:45:26Z,4.165000,4.171000,4.161000,4.171000,4.163000,4.171000,4.161000,4.171000,changed
2025-12-22 18:20:00+00:00,2026-10-05T02:45:26Z,4.165000,4.175000,4.165000,4.175000,4.167000,4.175000,4.167000,4.175000,changed
2025-12-22 19:20:00+00:00,2026-10-05T02:45:26Z,4.173000,4.175000,4.169000,4.169000,4.171000,4.175000,4.169000,4.169000,changed
2025-12-23 14:20:00+00:00,2026-10-05T02:45:26Z,4.186000,4.202000,4.182000,4.186000,4.155000,4.202000,4.155000,4.186000,changed
2025-12-23 15:20:00+00:00,2026-10-05T02:45:26Z,4.198000,4.198000,4.175000,4.175000,4.198000,4.202000,4.175000,4.175000,changed
2025-12-23 16:20:00+00:00,2026-10-05T02:45:26Z,4.179000,4.180000,4.167000,4.167000,4.182000,4.188000,4.167000,4.167000,changed
2025-12-23 17:20:00+00:00,2026-10-05T02:45:26Z,4.173000,4.173000,4.167000,4.171000,4.173000,4.175000,4.167000,4.171000,changed
2025-12-23 18:20:00+00:00,2026-10-05T02:45:26Z,4.173000,4.173000,4.167000,4.173000,4.169000,4.173000,4.167000,4.173000,changed
2025-12-23 19:20:00+00:00,2026-10-05T02:45:26Z,4.169000,4.173000,4.169000,4.169000,4.169000,4.173000,4.167000,4.169000,changed
2025-12-26 14:20:00+00:00,2026-10-05T02:45:26Z,4.120000,4.124000,4.116000,4.120000,4.120000,4.124000,4.110000,4.120000,changed
2025-12-26 16:20:00+00:00,2026-10-05T02:45:26Z,4.120000,4.143000,4.120000,4.143000,4.122000,4.143000,4.118000,4.143000,changed
2025-12-26 17:20:00+00:00,2026-10-05T02:45:26Z,4.143000,4.145000,4.139000,4.139000,4.141000,4.145000,4.139000,4.139000,changed
2025-12-26 18:20:00+00:00,2026-10-05T02:45:26Z,4.139000,4.143000,4.139000,4.139000,4.143000,4.145000,4.139000,4.139000,changed
2025-12-29 14:20:00+00:00,2026-10-05T02:45:26Z,4.120000,4.124000,4.108000,4.122000,4.112000,4.124000,4.108000,4.122000,changed
2025-12-29 15:20:00+00:00,2026-10-05T02:45:26Z,4.116000,4.130000,4.108000,4.122000,4.118000,4.130000,4.116000,4.122000,changed
2025-12-29 16:20:00+00:00,2026-10-05T02:45:26Z,4.124000,4.130000,4.114000,4.116000,4.126000,4.126000,4.114000,4.116000,changed
2025-12-29 17:20:00+00:00,2026-10-05T02:45:26Z,4.118000,4.118000,4.112000,4.114000,4.116000,4.118000,4.112000,4.114000,changed
2025-12-29 18:20:00+00:00,2026-10-05T02:45:26Z,4.112000,4.116000,4.110000,4.114000,4.114000,4.116000,4.110000,4.114000,changed
2025-12-29 19:20:00+00:00,2026-10-05T02:45:26Z,4.112000,4.120000,4.110000,4.116000,4.112000,4.120000,4.112000,4.116000,changed
2025-12-30 14:20:00+00:00,2026-10-05T02:45:26Z,4.128000,4.138000,4.128000,4.136000,4.134000,4.138000,4.128000,4.136000,changed
2025-12-30 15:20:00+00:00,2026-10-05T02:45:26Z,4.136000,4.139000,4.120000,4.120000,4.132000,4.139000,4.120000,4.120000,changed
2025-12-30 16:20:00+00:00,2026-10-05T02:45:26Z,4.130000,4.130000,4.116000,4.122000,4.132000,4.139000,4.116000,4.122000,changed
2025-12-30 17:20:00+00:00,2026-10-05T02:45:26Z,4.120000,4.126000,4.118000,4.118000,4.116000,4.126000,4.116000,4.118000,changed
2025-12-30 18:20:00+00:00,2026-10-05T02:45:26Z,4.120000,4.128000,4.118000,4.122000,4.126000,4.128000,4.118000,4.122000,changed
2025-12-30 19:20:00+00:00,2026-10-05T02:45:26Z,4.126000,4.132000,4.122000,4.130000,4.118000,4.132000,4.118000,4.130000,changed
