bar_open,run_utc,old_open,old_high,old_low,old_close,new_open,new_high,new_low,new_close,kind
2025-10-02 13:20:00+00:00,2026-10-03T10:38:11Z,4.123000,4.125000,4.106000,4.108000,4.104000,4.127000,4.102000,4.108000,changed
2025-10-02 14:20:00+00:00,2026-10-03T10:38:11Z,4.115000,4.117000,4.102000,4.102000,4.115000,4.121000,4.102000,4.102000,changed
2025-10-02 15:20:00+00:00,2026-10-03T10:38:11Z,4.106000,4.110000,4.092000,4.092000,4.108000,4.110000,4.092000,4.092000,changed
2025-10-02 16:20:00+00:00,2026-10-03T10:38:11Z,4.104000,4.108000,4.083000,4.085000,4.102000,4.110000,4.083000,4.085000,changed
2025-10-02 17:20:00+00:00,2026-10-03T10:38:11Z,4.085000,4.090000,4.083000,4.086000,4.086000,4.090000,4.083000,4.086000,changed
2025-10-02 18:20:00+00:00,2026-10-03T10:38:11Z,4.088000,4.090000,4.085000,4.088000,4.085000,4.090000,4.083000,4.088000,changed
2025-10-06 13:20:00+00:00,2026-10-03T10:38:11Z,4.162000,4.166000,4.133000,4.144000,4.162000,4.164000,4.133000,4.144000,changed
2025-10-06 14:20:00+00:00,2026-10-03T10:38:11Z,4.160000,4.162000,4.133000,4.152000,4.152000,4.154000,4.133000,4.152000,changed
2025-10-06 15:20:00+00:00,2026-10-03T10:38:11Z,4.144000,4.160000,4.136000,4.160000,4.139000,4.160000,4.136000,4.160000,changed
2025-10-06 16:20:00+00:00,2026-10-03T10:38:11Z,4.156000,4.164000,4.154000,4.162000,4.160000,4.164000,4.154000,4.162000,changed
2025-10-06 17:20:00+00:00,2026-10-03T10:38:11Z,4.164000,4.164000,4.158000,4.162000,4.160000,4.162000,4.158000,4.162000,changed
2025-10-09 13:20:00+00:00,2026-10-03T10:38:11Z,4.140000,4.152000,4.136000,4.144000,4.133000,4.152000,4.127000,4.144000,changed
2025-10-09 14:20:00+00:00,2026-10-03T10:38:11Z,4.144000,4.148000,4.136000,4.144000,4.142000,4.152000,4.136000,4.144000,changed
2025-10-09 15:20:00+00:00,2026-10-03T10:38:11Z,4.140000,4.146000,4.135000,4.142000,4.142000,4.146000,4.135000,4.142000,changed
2025-10-09 16:20:00+00:00,2026-10-03T10:38:11Z,4.138000,4.150000,4.135000,4.146000,4.140000,4.150000,4.135000,4.146000,changed
2025-10-09 17:20:00+00:00,2026-10-03T10:38:11Z,4.144000,4.152000,4.144000,4.152000,4.142000,4.152000,4.140000,4.152000,changed
2025-10-09 18:20:00+00:00,2026-10-03T10:38:11Z,4.148000,4.152000,4.144000,4.148000,4.144000,4.152000,4.144000,4.148000,changed
2025-10-16 13:20:00+00:00,2026-10-03T10:38:11Z,4.017000,4.051000,4.017000,4.043000,4.015000,4.051000,4.009000,4.043000,changed
2025-10-16 14:20:00+00:00,2026-10-03T10:38:11Z,4.043000,4.047000,4.034000,4.036000,4.049000,4.049000,4.034000,4.036000,changed
2025-10-16 15:20:00+00:00,2026-10-03T10:38:11Z,4.036000,4.040000,4.011000,4.011000,4.042000,4.047000,4.011000,4.011000,changed
2025-10-16 16:20:00+00:00,2026-10-03T10:38:11Z,4.021000,4.021000,3.973000,3.990000,4.026000,4.028000,3.973000,3.990000,changed
2025-10-16 17:20:00+00:00,2026-10-03T10:38:11Z,3.992000,3.994000,3.973000,3.975000,4.007000,4.007000,3.973000,3.975000,changed
2025-10-16 18:20:00+00:00,2026-10-03T10:38:11Z,3.980000,3.984000,3.971000,3.976000,3.986000,3.990000,3.971000,3.976000,changed
2025-10-20 13:20:00+00:00,2026-10-03T10:38:11Z,4.001000,4.001000,3.988000,3.993000,3.992000,3.999000,3.988000,3.993000,changed
2025-10-20 14:20:00+00:00,2026-10-03T10:38:11Z,3.993000,4.001000,3.990000,3.995000,3.997000,4.001000,3.992000,3.995000,changed
2025-10-20 15:20:00+00:00,2026-10-03T10:38:11Z,3.995000,4.001000,3.990000,3.993000,3.997000,4.001000,3.990000,3.993000,changed
2025-10-20 16:20:00+00:00,2026-10-03T10:38:11Z,3.997000,4.001000,3.990000,3.993000,3.997000,3.997000,3.990000,3.993000,changed
2025-10-20 17:20:00+00:00,2026-10-03T10:38:11Z,3.993000,3.997000,3.986000,3.992000,3.995000,3.995000,3.986000,3.992000,changed
2025-10-20 18:20:00+00:00,2026-10-03T10:38:11Z,3.993000,3.995000,3.986000,3.986000,3.992000,3.992000,3.986000,3.986000,changed
2025-10-23 13:20:00+00:00,2026-10-03T10:38:11Z,3.982000,3.991000,3.978000,3.978000,3.986000,3.991000,3.978000,3.978000,changed
2025-10-23 14:20:00+00:00,2026-10-03T10:38:11Z,3.988000,3.997000,3.978000,3.995000,3.986000,3.997000,3.978000,3.995000,changed
2025-10-23 15:20:00+00:00,2026-10-03T10:38:11Z,3.984000,4.005000,3.984000,3.997000,3.980000,4.005000,3.978000,3.997000,changed
2025-10-23 16:20:00+00:00,2026-10-03T10:38:11Z,3.999000,4.005000,3.991000,3.997000,3.993000,4.005000,3.991000,3.997000,changed
2025-10-23 18:20:00+00:00,2026-10-03T10:38:11Z,3.995000,3.997000,3.991000,3.991000,3.997000,4.001000,3.991000,3.991000,changed
2025-10-27 14:20:00+00:00,2026-10-03T10:38:11Z,4.016000,4.033000,4.014000,4.024000,4.031000,4.031000,4.016000,4.024000,changed
2025-10-27 15:20:00+00:00,2026-10-03T10:38:11Z,4.018000,4.028000,4.006000,4.008000,4.022000,4.028000,4.006000,4.008000,changed
2025-10-27 16:20:00+00:00,2026-10-03T10:38:11Z,4.022000,4.022000,3.995000,4.001000,4.012000,4.014000,3.995000,4.001000,changed
2025-10-27 17:20:00+00:00,2026-10-03T10:38:11Z,4.005000,4.006000,3.995000,3.999000,4.003000,4.003000,3.995000,3.999000,changed
2025-10-30 13:20:00+00:00,2026-10-03T10:38:11Z,4.109000,4.116000,4.087000,4.087000,4.103000,4.116000,4.087000,4.087000,changed
2025-10-30 14:20:00+00:00,2026-10-03T10:38:11Z,4.097000,4.103000,4.078000,4.080000,4.112000,4.112000,4.078000,4.080000,changed
2025-10-30 15:20:00+00:00,2026-10-03T10:38:11Z,4.087000,4.089000,4.068000,4.083000,4.085000,4.093000,4.068000,4.083000,changed
2025-10-30 16:20:00+00:00,2026-10-03T10:38:11Z,4.080000,4.097000,4.076000,4.093000,4.078000,4.097000,4.068000,4.093000,changed
2025-10-30 17:20:00+00:00,2026-10-03T10:38:11Z,4.095000,4.097000,4.087000,4.093000,4.082000,4.097000,4.082000,4.093000,changed
2025-10-30 18:20:00+00:00,2026-10-03T10:38:11Z,4.089000,4.097000,4.089000,4.093000,4.091000,4.097000,4.087000,4.093000,changed
2025-10-02 13:20:00+00:00,2026-10-03T13:44:48Z,4.104000,4.127000,4.102000,4.108000,4.123000,4.125000,4.106000,4.108000,changed
2025-10-02 14:20:00+00:00,2026-10-03T13:44:48Z,4.115000,4.121000,4.102000,4.102000,4.115000,4.117000,4.102000,4.102000,changed
2025-10-02 15:20:00+00:00,2026-10-03T13:44:48Z,4.108000,4.110000,4.092000,4.092000,4.106000,4.110000,4.092000,4.092000,changed
2025-10-02 16:20:00+00:00,2026-10-03T13:44:48Z,4.102000,4.110000,4.083000,4.085000,4.104000,4.108000,4.083000,4.085000,changed
2025-10-02 17:20:00+00:00,2026-10-03T13:44:48Z,4.086000,4.090000,4.083000,4.086000,4.085000,4.090000,4.083000,4.086000,changed
2025-10-02 18:20:00+00:00,2026-10-03T13:44:48Z,4.085000,4.090000,4.083000,4.088000,4.088000,4.090000,4.085000,4.088000,changed
2025-10-06 13:20:00+00:00,2026-10-03T13:44:48Z,4.162000,4.164000,4.133000,4.144000,4.162000,4.166000,4.133000,4.144000,changed
2025-10-06 14:20:00+00:00,2026-10-03T13:44:48Z,4.152000,4.154000,4.133000,4.152000,4.160000,4.162000,4.133000,4.152000,changed
2025-10-06 15:20:00+00:00,2026-10-03T13:44:48Z,4.139000,4.160000,4.136000,4.160000,4.144000,4.160000,4.136000,4.160000,changed
2025-10-06 16:20:00+00:00,2026-10-03T13:44:48Z,4.160000,4.164000,4.154000,4.162000,4.156000,4.164000,4.154000,4.162000,changed
2025-10-06 17:20:00+00:00,2026-10-03T13:44:48Z,4.160000,4.162000,4.158000,4.162000,4.164000,4.164000,4.158000,4.162000,changed
2025-10-09 13:20:00+00:00,2026-10-03T13:44:48Z,4.133000,4.152000,4.127000,4.144000,4.140000,4.152000,4.136000,4.144000,changed
2025-10-09 14:20:00+00:00,2026-10-03T13:44:48Z,4.142000,4.152000,4.136000,4.144000,4.144000,4.148000,4.136000,4.144000,changed
2025-10-09 15:20:00+00:00,2026-10-03T13:44:48Z,4.142000,4.146000,4.135000,4.142000,4.140000,4.146000,4.135000,4.142000,changed
2025-10-09 16:20:00+00:00,2026-10-03T13:44:48Z,4.140000,4.150000,4.135000,4.146000,4.138000,4.150000,4.135000,4.146000,changed
2025-10-09 17:20:00+00:00,2026-10-03T13:44:48Z,4.142000,4.152000,4.140000,4.152000,4.144000,4.152000,4.144000,4.152000,changed
2025-10-09 18:20:00+00:00,2026-10-03T13:44:48Z,4.144000,4.152000,4.144000,4.148000,4.148000,4.152000,4.144000,4.148000,changed
2025-10-16 13:20:00+00:00,2026-10-03T13:44:48Z,4.015000,4.051000,4.009000,4.043000,4.017000,4.051000,4.017000,4.043000,changed
2025-10-16 14:20:00+00:00,2026-10-03T13:44:48Z,4.049000,4.049000,4.034000,4.036000,4.043000,4.047000,4.034000,4.036000,changed
2025-10-16 15:20:00+00:00,2026-10-03T13:44:48Z,4.042000,4.047000,4.011000,4.011000,4.036000,4.040000,4.011000,4.011000,changed
2025-10-16 16:20:00+00:00,2026-10-03T13:44:48Z,4.026000,4.028000,3.973000,3.990000,4.021000,4.021000,3.973000,3.990000,changed
2025-10-16 17:20:00+00:00,2026-10-03T13:44:48Z,4.007000,4.007000,3.973000,3.975000,3.992000,3.994000,3.973000,3.975000,changed
2025-10-16 18:20:00+00:00,2026-10-03T13:44:48Z,3.986000,3.990000,3.971000,3.976000,3.980000,3.984000,3.971000,3.976000,changed
2025-10-20 13:20:00+00:00,2026-10-03T13:44:48Z,3.992000,3.999000,3.988000,3.993000,4.001000,4.001000,3.988000,3.993000,changed
2025-10-20 14:20:00+00:00,2026-10-03T13:44:48Z,3.997000,4.001000,3.992000,3.995000,3.993000,4.001000,3.990000,3.995000,changed
2025-10-20 15:20:00+00:00,2026-10-03T13:44:48Z,3.997000,4.001000,3.990000,3.993000,3.995000,4.001000,3.990000,3.993000,changed
2025-10-20 16:20:00+00:00,2026-10-03T13:44:48Z,3.997000,3.997000,3.990000,3.993000,3.997000,4.001000,3.990000,3.993000,changed
2025-10-20 17:20:00+00:00,2026-10-03T13:44:48Z,3.995000,3.995000,3.986000,3.992000,3.993000,3.997000,3.986000,3.992000,changed
2025-10-20 18:20:00+00:00,2026-10-03T13:44:48Z,3.992000,3.992000,3.986000,3.986000,3.993000,3.995000,3.986000,3.986000,changed
2025-10-23 13:20:00+00:00,2026-10-03T13:44:48Z,3.986000,3.991000,3.978000,3.978000,3.982000,3.991000,3.978000,3.978000,changed
2025-10-23 14:20:00+00:00,2026-10-03T13:44:48Z,3.986000,3.997000,3.978000,3.995000,3.988000,3.997000,3.978000,3.995000,changed
2025-10-23 15:20:00+00:00,2026-10-03T13:44:48Z,3.980000,4.005000,3.978000,3.997000,3.984000,4.005000,3.984000,3.997000,changed
2025-10-23 16:20:00+00:00,2026-10-03T13:44:48Z,3.993000,4.005000,3.991000,3.997000,3.999000,4.005000,3.991000,3.997000,changed
2025-10-23 18:20:00+00:00,2026-10-03T13:44:48Z,3.997000,4.001000,3.991000,3.991000,3.995000,3.997000,3.991000,3.991000,changed
2025-10-27 14:20:00+00:00,2026-10-03T13:44:48Z,4.031000,4.031000,4.016000,4.024000,4.016000,4.033000,4.014000,4.024000,changed
2025-10-27 15:20:00+00:00,2026-10-03T13:44:48Z,4.022000,4.028000,4.006000,4.008000,4.018000,4.028000,4.006000,4.008000,changed
2025-10-27 16:20:00+00:00,2026-10-03T13:44:48Z,4.012000,4.014000,3.995000,4.001000,4.022000,4.022000,3.995000,4.001000,changed
2025-10-27 17:20:00+00:00,2026-10-03T13:44:48Z,4.003000,4.003000,3.995000,3.999000,4.005000,4.006000,3.995000,3.999000,changed
2025-10-30 13:20:00+00:00,2026-10-03T13:44:48Z,4.103000,4.116000,4.087000,4.087000,4.109000,4.116000,4.087000,4.087000,changed
2025-10-30 14:20:00+00:00,2026-10-03T13:44:48Z,4.112000,4.112000,4.078000,4.080000,4.097000,4.103000,4.078000,4.080000,changed
2025-10-30 15:20:00+00:00,2026-10-03T13:44:48Z,4.085000,4.093000,4.068000,4.083000,4.087000,4.089000,4.068000,4.083000,changed
2025-10-30 16:20:00+00:00,2026-10-03T13:44:48Z,4.078000,4.097000,4.068000,4.093000,4.080000,4.097000,4.076000,4.093000,changed
2025-10-30 17:20:00+00:00,2026-10-03T13:44:48Z,4.082000,4.097000,4.082000,4.093000,4.095000,4.097000,4.087000,4.093000,changed
2025-10-30 18:20:00+00:00,2026-10-03T13:44:48Z,4.091000,4.097000,4.087000,4.093000,4.089000,4.097000,4.089000,4.093000,changed
2025-10-02 13:20:00+00:00,2026-10-04T07:55:55Z,4.123000,4.125000,4.106000,4.108000,4.104000,4.127000,4.102000,4.108000,changed
2025-10-02 14:20:00+00:00,2026-10-04T07:55:55Z,4.115000,4.117000,4.102000,4.102000,4.115000,4.121000,4.102000,4.102000,changed
2025-10-02 15:20:00+00:00,2026-10-04T07:55:55Z,4.106000,4.110000,4.092000,4.092000,4.108000,4.110000,4.092000,4.092000,changed
2025-10-02 16:20:00+00:00,2026-10-04T07:55:55Z,4.104000,4.108000,4.083000,4.085000,4.102000,4.110000,4.083000,4.085000,changed
2025-10-02 17:20:00+00:00,2026-10-04T07:55:55Z,4.085000,4.090000,4.083000,4.086000,4.086000,4.090000,4.083000,4.086000,changed
2025-10-02 18:20:00+00:00,2026-10-04T07:55:55Z,4.088000,4.090000,4.085000,4.088000,4.085000,4.090000,4.083000,4.088000,changed
2025-10-06 13:20:00+00:00,2026-10-04T07:55:55Z,4.162000,4.166000,4.133000,4.144000,4.162000,4.164000,4.133000,4.144000,changed
2025-10-06 14:20:00+00:00,2026-10-04T07:55:55Z,4.160000,4.162000,4.133000,4.152000,4.152000,4.154000,4.133000,4.152000,changed
2025-10-06 15:20:00+00:00,2026-10-04T07:55:55Z,4.144000,4.160000,4.136000,4.160000,4.139000,4.160000,4.136000,4.160000,changed
2025-10-06 16:20:00+00:00,2026-10-04T07:55:55Z,4.156000,4.164000,4.154000,4.162000,4.160000,4.164000,4.154000,4.162000,changed
2025-10-06 17:20:00+00:00,2026-10-04T07:55:55Z,4.164000,4.164000,4.158000,4.162000,4.160000,4.162000,4.158000,4.162000,changed
2025-10-09 13:20:00+00:00,2026-10-04T07:55:55Z,4.140000,4.152000,4.136000,4.144000,4.133000,4.152000,4.127000,4.144000,changed
2025-10-09 14:20:00+00:00,2026-10-04T07:55:55Z,4.144000,4.148000,4.136000,4.144000,4.142000,4.152000,4.136000,4.144000,changed
2025-10-09 15:20:00+00:00,2026-10-04T07:55:55Z,4.140000,4.146000,4.135000,4.142000,4.142000,4.146000,4.135000,4.142000,changed
2025-10-09 16:20:00+00:00,2026-10-04T07:55:55Z,4.138000,4.150000,4.135000,4.146000,4.140000,4.150000,4.135000,4.146000,changed
2025-10-09 17:20:00+00:00,2026-10-04T07:55:55Z,4.144000,4.152000,4.144000,4.152000,4.142000,4.152000,4.140000,4.152000,changed
2025-10-09 18:20:00+00:00,2026-10-04T07:55:55Z,4.148000,4.152000,4.144000,4.148000,4.144000,4.152000,4.144000,4.148000,changed
2025-10-16 13:20:00+00:00,2026-10-04T07:55:55Z,4.017000,4.051000,4.017000,4.043000,4.015000,4.051000,4.009000,4.043000,changed
2025-10-16 14:20:00+00:00,2026-10-04T07:55:55Z,4.043000,4.047000,4.034000,4.036000,4.049000,4.049000,4.034000,4.036000,changed
2025-10-16 15:20:00+00:00,2026-10-04T07:55:55Z,4.036000,4.040000,4.011000,4.011000,4.042000,4.047000,4.011000,4.011000,changed
2025-10-16 16:20:00+00:00,2026-10-04T07:55:55Z,4.021000,4.021000,3.973000,3.990000,4.026000,4.028000,3.973000,3.990000,changed
2025-10-16 17:20:00+00:00,2026-10-04T07:55:55Z,3.992000,3.994000,3.973000,3.975000,4.007000,4.007000,3.973000,3.975000,changed
2025-10-16 18:20:00+00:00,2026-10-04T07:55:55Z,3.980000,3.984000,3.971000,3.976000,3.986000,3.990000,3.971000,3.976000,changed
2025-10-20 13:20:00+00:00,2026-10-04T07:55:55Z,4.001000,4.001000,3.988000,3.993000,3.992000,3.999000,3.988000,3.993000,changed
2025-10-20 14:20:00+00:00,2026-10-04T07:55:55Z,3.993000,4.001000,3.990000,3.995000,3.997000,4.001000,3.992000,3.995000,changed
2025-10-20 15:20:00+00:00,2026-10-04T07:55:55Z,3.995000,4.001000,3.990000,3.993000,3.997000,4.001000,3.990000,3.993000,changed
2025-10-20 16:20:00+00:00,2026-10-04T07:55:55Z,3.997000,4.001000,3.990000,3.993000,3.997000,3.997000,3.990000,3.993000,changed
2025-10-20 17:20:00+00:00,2026-10-04T07:55:55Z,3.993000,3.997000,3.986000,3.992000,3.995000,3.995000,3.986000,3.992000,changed
2025-10-20 18:20:00+00:00,2026-10-04T07:55:55Z,3.993000,3.995000,3.986000,3.986000,3.992000,3.992000,3.986000,3.986000,changed
2025-10-23 13:20:00+00:00,2026-10-04T07:55:55Z,3.982000,3.991000,3.978000,3.978000,3.986000,3.991000,3.978000,3.978000,changed
2025-10-23 14:20:00+00:00,2026-10-04T07:55:55Z,3.988000,3.997000,3.978000,3.995000,3.986000,3.997000,3.978000,3.995000,changed
2025-10-23 15:20:00+00:00,2026-10-04T07:55:55Z,3.984000,4.005000,3.984000,3.997000,3.980000,4.005000,3.978000,3.997000,changed
2025-10-23 16:20:00+00:00,2026-10-04T07:55:55Z,3.999000,4.005000,3.991000,3.997000,3.993000,4.005000,3.991000,3.997000,changed
2025-10-23 18:20:00+00:00,2026-10-04T07:55:55Z,3.995000,3.997000,3.991000,3.991000,3.997000,4.001000,3.991000,3.991000,changed
2025-10-27 14:20:00+00:00,2026-10-04T07:55:55Z,4.016000,4.033000,4.014000,4.024000,4.031000,4.031000,4.016000,4.024000,changed
2025-10-27 15:20:00+00:00,2026-10-04T07:55:55Z,4.018000,4.028000,4.006000,4.008000,4.022000,4.028000,4.006000,4.008000,changed
2025-10-27 16:20:00+00:00,2026-10-04T07:55:55Z,4.022000,4.022000,3.995000,4.001000,4.012000,4.014000,3.995000,4.001000,changed
2025-10-27 17:20:00+00:00,2026-10-04T07:55:55Z,4.005000,4.006000,3.995000,3.999000,4.003000,4.003000,3.995000,3.999000,changed
2025-10-30 13:20:00+00:00,2026-10-04T07:55:55Z,4.109000,4.116000,4.087000,4.087000,4.103000,4.116000,4.087000,4.087000,changed
2025-10-30 14:20:00+00:00,2026-10-04T07:55:55Z,4.097000,4.103000,4.078000,4.080000,4.112000,4.112000,4.078000,4.080000,changed
2025-10-30 15:20:00+00:00,2026-10-04T07:55:55Z,4.087000,4.089000,4.068000,4.083000,4.085000,4.093000,4.068000,4.083000,changed
2025-10-30 16:20:00+00:00,2026-10-04T07:55:55Z,4.080000,4.097000,4.076000,4.093000,4.078000,4.097000,4.068000,4.093000,changed
2025-10-30 17:20:00+00:00,2026-10-04T07:55:55Z,4.095000,4.097000,4.087000,4.093000,4.082000,4.097000,4.082000,4.093000,changed
2025-10-30 18:20:00+00:00,2026-10-04T07:55:55Z,4.089000,4.097000,4.089000,4.093000,4.091000,4.097000,4.087000,4.093000,changed
2025-10-02 13:20:00+00:00,2026-10-04T21:11:09Z,4.104000,4.127000,4.102000,4.108000,4.123000,4.125000,4.106000,4.108000,changed
2025-10-02 14:20:00+00:00,2026-10-04T21:11:09Z,4.115000,4.121000,4.102000,4.102000,4.115000,4.117000,4.102000,4.102000,changed
2025-10-02 15:20:00+00:00,2026-10-04T21:11:09Z,4.108000,4.110000,4.092000,4.092000,4.106000,4.110000,4.092000,4.092000,changed
2025-10-02 16:20:00+00:00,2026-10-04T21:11:09Z,4.102000,4.110000,4.083000,4.085000,4.104000,4.108000,4.083000,4.085000,changed
2025-10-02 17:20:00+00:00,2026-10-04T21:11:09Z,4.086000,4.090000,4.083000,4.086000,4.085000,4.090000,4.083000,4.086000,changed
2025-10-02 18:20:00+00:00,2026-10-04T21:11:09Z,4.085000,4.090000,4.083000,4.088000,4.088000,4.090000,4.085000,4.088000,changed
2025-10-06 13:20:00+00:00,2026-10-04T21:11:09Z,4.162000,4.164000,4.133000,4.144000,4.162000,4.166000,4.133000,4.144000,changed
2025-10-06 14:20:00+00:00,2026-10-04T21:11:09Z,4.152000,4.154000,4.133000,4.152000,4.160000,4.162000,4.133000,4.152000,changed
2025-10-06 15:20:00+00:00,2026-10-04T21:11:09Z,4.139000,4.160000,4.136000,4.160000,4.144000,4.160000,4.136000,4.160000,changed
2025-10-06 16:20:00+00:00,2026-10-04T21:11:09Z,4.160000,4.164000,4.154000,4.162000,4.156000,4.164000,4.154000,4.162000,changed
2025-10-06 17:20:00+00:00,2026-10-04T21:11:09Z,4.160000,4.162000,4.158000,4.162000,4.164000,4.164000,4.158000,4.162000,changed
2025-10-09 13:20:00+00:00,2026-10-04T21:11:09Z,4.133000,4.152000,4.127000,4.144000,4.140000,4.152000,4.136000,4.144000,changed
2025-10-09 14:20:00+00:00,2026-10-04T21:11:09Z,4.142000,4.152000,4.136000,4.144000,4.144000,4.148000,4.136000,4.144000,changed
2025-10-09 15:20:00+00:00,2026-10-04T21:11:09Z,4.142000,4.146000,4.135000,4.142000,4.140000,4.146000,4.135000,4.142000,changed
2025-10-09 16:20:00+00:00,2026-10-04T21:11:09Z,4.140000,4.150000,4.135000,4.146000,4.138000,4.150000,4.135000,4.146000,changed
2025-10-09 17:20:00+00:00,2026-10-04T21:11:09Z,4.142000,4.152000,4.140000,4.152000,4.144000,4.152000,4.144000,4.152000,changed
2025-10-09 18:20:00+00:00,2026-10-04T21:11:09Z,4.144000,4.152000,4.144000,4.148000,4.148000,4.152000,4.144000,4.148000,changed
2025-10-16 13:20:00+00:00,2026-10-04T21:11:09Z,4.015000,4.051000,4.009000,4.043000,4.017000,4.051000,4.017000,4.043000,changed
2025-10-16 14:20:00+00:00,2026-10-04T21:11:09Z,4.049000,4.049000,4.034000,4.036000,4.043000,4.047000,4.034000,4.036000,changed
2025-10-16 15:20:00+00:00,2026-10-04T21:11:09Z,4.042000,4.047000,4.011000,4.011000,4.036000,4.040000,4.011000,4.011000,changed
2025-10-16 16:20:00+00:00,2026-10-04T21:11:09Z,4.026000,4.028000,3.973000,3.990000,4.021000,4.021000,3.973000,3.990000,changed
2025-10-16 17:20:00+00:00,2026-10-04T21:11:09Z,4.007000,4.007000,3.973000,3.975000,3.992000,3.994000,3.973000,3.975000,changed
2025-10-16 18:20:00+00:00,2026-10-04T21:11:09Z,3.986000,3.990000,3.971000,3.976000,3.980000,3.984000,3.971000,3.976000,changed
2025-10-20 13:20:00+00:00,2026-10-04T21:11:09Z,3.992000,3.999000,3.988000,3.993000,4.001000,4.001000,3.988000,3.993000,changed
2025-10-20 14:20:00+00:00,2026-10-04T21:11:09Z,3.997000,4.001000,3.992000,3.995000,3.993000,4.001000,3.990000,3.995000,changed
2025-10-20 15:20:00+00:00,2026-10-04T21:11:09Z,3.997000,4.001000,3.990000,3.993000,3.995000,4.001000,3.990000,3.993000,changed
2025-10-20 16:20:00+00:00,2026-10-04T21:11:09Z,3.997000,3.997000,3.990000,3.993000,3.997000,4.001000,3.990000,3.993000,changed
2025-10-20 17:20:00+00:00,2026-10-04T21:11:09Z,3.995000,3.995000,3.986000,3.992000,3.993000,3.997000,3.986000,3.992000,changed
2025-10-20 18:20:00+00:00,2026-10-04T21:11:09Z,3.992000,3.992000,3.986000,3.986000,3.993000,3.995000,3.986000,3.986000,changed
2025-10-23 13:20:00+00:00,2026-10-04T21:11:09Z,3.986000,3.991000,3.978000,3.978000,3.982000,3.991000,3.978000,3.978000,changed
2025-10-23 14:20:00+00:00,2026-10-04T21:11:09Z,3.986000,3.997000,3.978000,3.995000,3.988000,3.997000,3.978000,3.995000,changed
2025-10-23 15:20:00+00:00,2026-10-04T21:11:09Z,3.980000,4.005000,3.978000,3.997000,3.984000,4.005000,3.984000,3.997000,changed
2025-10-23 16:20:00+00:00,2026-10-04T21:11:09Z,3.993000,4.005000,3.991000,3.997000,3.999000,4.005000,3.991000,3.997000,changed
2025-10-23 18:20:00+00:00,2026-10-04T21:11:09Z,3.997000,4.001000,3.991000,3.991000,3.995000,3.997000,3.991000,3.991000,changed
2025-10-27 14:20:00+00:00,2026-10-04T21:11:09Z,4.031000,4.031000,4.016000,4.024000,4.016000,4.033000,4.014000,4.024000,changed
2025-10-27 15:20:00+00:00,2026-10-04T21:11:09Z,4.022000,4.028000,4.006000,4.008000,4.018000,4.028000,4.006000,4.008000,changed
2025-10-27 16:20:00+00:00,2026-10-04T21:11:09Z,4.012000,4.014000,3.995000,4.001000,4.022000,4.022000,3.995000,4.001000,changed
2025-10-27 17:20:00+00:00,2026-10-04T21:11:09Z,4.003000,4.003000,3.995000,3.999000,4.005000,4.006000,3.995000,3.999000,changed
2025-10-30 13:20:00+00:00,2026-10-04T21:11:09Z,4.103000,4.116000,4.087000,4.087000,4.109000,4.116000,4.087000,4.087000,changed
2025-10-30 14:20:00+00:00,2026-10-04T21:11:09Z,4.112000,4.112000,4.078000,4.080000,4.097000,4.103000,4.078000,4.080000,changed
2025-10-30 15:20:00+00:00,2026-10-04T21:11:09Z,4.085000,4.093000,4.068000,4.083000,4.087000,4.089000,4.068000,4.083000,changed
2025-10-30 16:20:00+00:00,2026-10-04T21:11:09Z,4.078000,4.097000,4.068000,4.093000,4.080000,4.097000,4.076000,4.093000,changed
2025-10-30 17:20:00+00:00,2026-10-04T21:11:09Z,4.082000,4.097000,4.082000,4.093000,4.095000,4.097000,4.087000,4.093000,changed
2025-10-30 18:20:00+00:00,2026-10-04T21:11:09Z,4.091000,4.097000,4.087000,4.093000,4.089000,4.097000,4.089000,4.093000,changed
2025-10-02 13:20:00+00:00,2026-10-04T21:39:49Z,4.123000,4.125000,4.106000,4.108000,4.104000,4.127000,4.102000,4.108000,changed
2025-10-02 14:20:00+00:00,2026-10-04T21:39:49Z,4.115000,4.117000,4.102000,4.102000,4.115000,4.121000,4.102000,4.102000,changed
2025-10-02 15:20:00+00:00,2026-10-04T21:39:49Z,4.106000,4.110000,4.092000,4.092000,4.108000,4.110000,4.092000,4.092000,changed
2025-10-02 16:20:00+00:00,2026-10-04T21:39:49Z,4.104000,4.108000,4.083000,4.085000,4.102000,4.110000,4.083000,4.085000,changed
2025-10-02 17:20:00+00:00,2026-10-04T21:39:49Z,4.085000,4.090000,4.083000,4.086000,4.086000,4.090000,4.083000,4.086000,changed
2025-10-02 18:20:00+00:00,2026-10-04T21:39:49Z,4.088000,4.090000,4.085000,4.088000,4.085000,4.090000,4.083000,4.088000,changed
2025-10-06 13:20:00+00:00,2026-10-04T21:39:49Z,4.162000,4.166000,4.133000,4.144000,4.162000,4.164000,4.133000,4.144000,changed
2025-10-06 14:20:00+00:00,2026-10-04T21:39:49Z,4.160000,4.162000,4.133000,4.152000,4.152000,4.154000,4.133000,4.152000,changed
2025-10-06 15:20:00+00:00,2026-10-04T21:39:49Z,4.144000,4.160000,4.136000,4.160000,4.139000,4.160000,4.136000,4.160000,changed
2025-10-06 16:20:00+00:00,2026-10-04T21:39:49Z,4.156000,4.164000,4.154000,4.162000,4.160000,4.164000,4.154000,4.162000,changed
2025-10-06 17:20:00+00:00,2026-10-04T21:39:49Z,4.164000,4.164000,4.158000,4.162000,4.160000,4.162000,4.158000,4.162000,changed
2025-10-09 13:20:00+00:00,2026-10-04T21:39:49Z,4.140000,4.152000,4.136000,4.144000,4.133000,4.152000,4.127000,4.144000,changed
2025-10-09 14:20:00+00:00,2026-10-04T21:39:49Z,4.144000,4.148000,4.136000,4.144000,4.142000,4.152000,4.136000,4.144000,changed
2025-10-09 15:20:00+00:00,2026-10-04T21:39:49Z,4.140000,4.146000,4.135000,4.142000,4.142000,4.146000,4.135000,4.142000,changed
2025-10-09 16:20:00+00:00,2026-10-04T21:39:49Z,4.138000,4.150000,4.135000,4.146000,4.140000,4.150000,4.135000,4.146000,changed
2025-10-09 17:20:00+00:00,2026-10-04T21:39:49Z,4.144000,4.152000,4.144000,4.152000,4.142000,4.152000,4.140000,4.152000,changed
2025-10-09 18:20:00+00:00,2026-10-04T21:39:49Z,4.148000,4.152000,4.144000,4.148000,4.144000,4.152000,4.144000,4.148000,changed
2025-10-16 13:20:00+00:00,2026-10-04T21:39:49Z,4.017000,4.051000,4.017000,4.043000,4.015000,4.051000,4.009000,4.043000,changed
2025-10-16 14:20:00+00:00,2026-10-04T21:39:49Z,4.043000,4.047000,4.034000,4.036000,4.049000,4.049000,4.034000,4.036000,changed
2025-10-16 15:20:00+00:00,2026-10-04T21:39:49Z,4.036000,4.040000,4.011000,4.011000,4.042000,4.047000,4.011000,4.011000,changed
2025-10-16 16:20:00+00:00,2026-10-04T21:39:49Z,4.021000,4.021000,3.973000,3.990000,4.026000,4.028000,3.973000,3.990000,changed
2025-10-16 17:20:00+00:00,2026-10-04T21:39:49Z,3.992000,3.994000,3.973000,3.975000,4.007000,4.007000,3.973000,3.975000,changed
2025-10-16 18:20:00+00:00,2026-10-04T21:39:49Z,3.980000,3.984000,3.971000,3.976000,3.986000,3.990000,3.971000,3.976000,changed
2025-10-20 13:20:00+00:00,2026-10-04T21:39:49Z,4.001000,4.001000,3.988000,3.993000,3.992000,3.999000,3.988000,3.993000,changed
2025-10-20 14:20:00+00:00,2026-10-04T21:39:49Z,3.993000,4.001000,3.990000,3.995000,3.997000,4.001000,3.992000,3.995000,changed
2025-10-20 15:20:00+00:00,2026-10-04T21:39:49Z,3.995000,4.001000,3.990000,3.993000,3.997000,4.001000,3.990000,3.993000,changed
2025-10-20 16:20:00+00:00,2026-10-04T21:39:49Z,3.997000,4.001000,3.990000,3.993000,3.997000,3.997000,3.990000,3.993000,changed
2025-10-20 17:20:00+00:00,2026-10-04T21:39:49Z,3.993000,3.997000,3.986000,3.992000,3.995000,3.995000,3.986000,3.992000,changed
2025-10-20 18:20:00+00:00,2026-10-04T21:39:49Z,3.993000,3.995000,3.986000,3.986000,3.992000,3.992000,3.986000,3.986000,changed
2025-10-23 13:20:00+00:00,2026-10-04T21:39:49Z,3.982000,3.991000,3.978000,3.978000,3.986000,3.991000,3.978000,3.978000,changed
2025-10-23 14:20:00+00:00,2026-10-04T21:39:49Z,3.988000,3.997000,3.978000,3.995000,3.986000,3.997000,3.978000,3.995000,changed
2025-10-23 15:20:00+00:00,2026-10-04T21:39:49Z,3.984000,4.005000,3.984000,3.997000,3.980000,4.005000,3.978000,3.997000,changed
2025-10-23 16:20:00+00:00,2026-10-04T21:39:49Z,3.999000,4.005000,3.991000,3.997000,3.993000,4.005000,3.991000,3.997000,changed
2025-10-23 18:20:00+00:00,2026-10-04T21:39:49Z,3.995000,3.997000,3.991000,3.991000,3.997000,4.001000,3.991000,3.991000,changed
2025-10-27 14:20:00+00:00,2026-10-04T21:39:49Z,4.016000,4.033000,4.014000,4.024000,4.031000,4.031000,4.016000,4.024000,changed
2025-10-27 15:20:00+00:00,2026-10-04T21:39:49Z,4.018000,4.028000,4.006000,4.008000,4.022000,4.028000,4.006000,4.008000,changed
2025-10-27 16:20:00+00:00,2026-10-04T21:39:49Z,4.022000,4.022000,3.995000,4.001000,4.012000,4.014000,3.995000,4.001000,changed
2025-10-27 17:20:00+00:00,2026-10-04T21:39:49Z,4.005000,4.006000,3.995000,3.999000,4.003000,4.003000,3.995000,3.999000,changed
2025-10-30 13:20:00+00:00,2026-10-04T21:39:49Z,4.109000,4.116000,4.087000,4.087000,4.103000,4.116000,4.087000,4.087000,changed
2025-10-30 14:20:00+00:00,2026-10-04T21:39:49Z,4.097000,4.103000,4.078000,4.080000,4.112000,4.112000,4.078000,4.080000,changed
2025-10-30 15:20:00+00:00,2026-10-04T21:39:49Z,4.087000,4.089000,4.068000,4.083000,4.085000,4.093000,4.068000,4.083000,changed
2025-10-30 16:20:00+00:00,2026-10-04T21:39:49Z,4.080000,4.097000,4.076000,4.093000,4.078000,4.097000,4.068000,4.093000,changed
2025-10-30 17:20:00+00:00,2026-10-04T21:39:49Z,4.095000,4.097000,4.087000,4.093000,4.082000,4.097000,4.082000,4.093000,changed
2025-10-30 18:20:00+00:00,2026-10-04T21:39:49Z,4.089000,4.097000,4.089000,4.093000,4.091000,4.097000,4.087000,4.093000,changed
2025-10-02 13:20:00+00:00,2026-10-04T21:58:00Z,4.104000,4.127000,4.102000,4.108000,4.123000,4.125000,4.106000,4.108000,changed
2025-10-02 14:20:00+00:00,2026-10-04T21:58:00Z,4.115000,4.121000,4.102000,4.102000,4.115000,4.117000,4.102000,4.102000,changed
2025-10-02 15:20:00+00:00,2026-10-04T21:58:00Z,4.108000,4.110000,4.092000,4.092000,4.106000,4.110000,4.092000,4.092000,changed
2025-10-02 16:20:00+00:00,2026-10-04T21:58:00Z,4.102000,4.110000,4.083000,4.085000,4.104000,4.108000,4.083000,4.085000,changed
2025-10-02 17:20:00+00:00,2026-10-04T21:58:00Z,4.086000,4.090000,4.083000,4.086000,4.085000,4.090000,4.083000,4.086000,changed
2025-10-02 18:20:00+00:00,2026-10-04T21:58:00Z,4.085000,4.090000,4.083000,4.088000,4.088000,4.090000,4.085000,4.088000,changed
2025-10-06 13:20:00+00:00,2026-10-04T21:58:00Z,4.162000,4.164000,4.133000,4.144000,4.162000,4.166000,4.133000,4.144000,changed
2025-10-06 14:20:00+00:00,2026-10-04T21:58:00Z,4.152000,4.154000,4.133000,4.152000,4.160000,4.162000,4.133000,4.152000,changed
2025-10-06 15:20:00+00:00,2026-10-04T21:58:00Z,4.139000,4.160000,4.136000,4.160000,4.144000,4.160000,4.136000,4.160000,changed
2025-10-06 16:20:00+00:00,2026-10-04T21:58:00Z,4.160000,4.164000,4.154000,4.162000,4.156000,4.164000,4.154000,4.162000,changed
2025-10-06 17:20:00+00:00,2026-10-04T21:58:00Z,4.160000,4.162000,4.158000,4.162000,4.164000,4.164000,4.158000,4.162000,changed
2025-10-09 13:20:00+00:00,2026-10-04T21:58:00Z,4.133000,4.152000,4.127000,4.144000,4.140000,4.152000,4.136000,4.144000,changed
2025-10-09 14:20:00+00:00,2026-10-04T21:58:00Z,4.142000,4.152000,4.136000,4.144000,4.144000,4.148000,4.136000,4.144000,changed
2025-10-09 15:20:00+00:00,2026-10-04T21:58:00Z,4.142000,4.146000,4.135000,4.142000,4.140000,4.146000,4.135000,4.142000,changed
2025-10-09 16:20:00+00:00,2026-10-04T21:58:00Z,4.140000,4.150000,4.135000,4.146000,4.138000,4.150000,4.135000,4.146000,changed
2025-10-09 17:20:00+00:00,2026-10-04T21:58:00Z,4.142000,4.152000,4.140000,4.152000,4.144000,4.152000,4.144000,4.152000,changed
2025-10-09 18:20:00+00:00,2026-10-04T21:58:00Z,4.144000,4.152000,4.144000,4.148000,4.148000,4.152000,4.144000,4.148000,changed
2025-10-16 13:20:00+00:00,2026-10-04T21:58:00Z,4.015000,4.051000,4.009000,4.043000,4.017000,4.051000,4.017000,4.043000,changed
2025-10-16 14:20:00+00:00,2026-10-04T21:58:00Z,4.049000,4.049000,4.034000,4.036000,4.043000,4.047000,4.034000,4.036000,changed
2025-10-16 15:20:00+00:00,2026-10-04T21:58:00Z,4.042000,4.047000,4.011000,4.011000,4.036000,4.040000,4.011000,4.011000,changed
2025-10-16 16:20:00+00:00,2026-10-04T21:58:00Z,4.026000,4.028000,3.973000,3.990000,4.021000,4.021000,3.973000,3.990000,changed
2025-10-16 17:20:00+00:00,2026-10-04T21:58:00Z,4.007000,4.007000,3.973000,3.975000,3.992000,3.994000,3.973000,3.975000,changed
2025-10-16 18:20:00+00:00,2026-10-04T21:58:00Z,3.986000,3.990000,3.971000,3.976000,3.980000,3.984000,3.971000,3.976000,changed
2025-10-20 13:20:00+00:00,2026-10-04T21:58:00Z,3.992000,3.999000,3.988000,3.993000,4.001000,4.001000,3.988000,3.993000,changed
2025-10-20 14:20:00+00:00,2026-10-04T21:58:00Z,3.997000,4.001000,3.992000,3.995000,3.993000,4.001000,3.990000,3.995000,changed
2025-10-20 15:20:00+00:00,2026-10-04T21:58:00Z,3.997000,4.001000,3.990000,3.993000,3.995000,4.001000,3.990000,3.993000,changed
2025-10-20 16:20:00+00:00,2026-10-04T21:58:00Z,3.997000,3.997000,3.990000,3.993000,3.997000,4.001000,3.990000,3.993000,changed
2025-10-20 17:20:00+00:00,2026-10-04T21:58:00Z,3.995000,3.995000,3.986000,3.992000,3.993000,3.997000,3.986000,3.992000,changed
2025-10-20 18:20:00+00:00,2026-10-04T21:58:00Z,3.992000,3.992000,3.986000,3.986000,3.993000,3.995000,3.986000,3.986000,changed
2025-10-23 13:20:00+00:00,2026-10-04T21:58:00Z,3.986000,3.991000,3.978000,3.978000,3.982000,3.991000,3.978000,3.978000,changed
2025-10-23 14:20:00+00:00,2026-10-04T21:58:00Z,3.986000,3.997000,3.978000,3.995000,3.988000,3.997000,3.978000,3.995000,changed
2025-10-23 15:20:00+00:00,2026-10-04T21:58:00Z,3.980000,4.005000,3.978000,3.997000,3.984000,4.005000,3.984000,3.997000,changed
2025-10-23 16:20:00+00:00,2026-10-04T21:58:00Z,3.993000,4.005000,3.991000,3.997000,3.999000,4.005000,3.991000,3.997000,changed
2025-10-23 18:20:00+00:00,2026-10-04T21:58:00Z,3.997000,4.001000,3.991000,3.991000,3.995000,3.997000,3.991000,3.991000,changed
2025-10-27 14:20:00+00:00,2026-10-04T21:58:00Z,4.031000,4.031000,4.016000,4.024000,4.016000,4.033000,4.014000,4.024000,changed
2025-10-27 15:20:00+00:00,2026-10-04T21:58:00Z,4.022000,4.028000,4.006000,4.008000,4.018000,4.028000,4.006000,4.008000,changed
2025-10-27 16:20:00+00:00,2026-10-04T21:58:00Z,4.012000,4.014000,3.995000,4.001000,4.022000,4.022000,3.995000,4.001000,changed
2025-10-27 17:20:00+00:00,2026-10-04T21:58:00Z,4.003000,4.003000,3.995000,3.999000,4.005000,4.006000,3.995000,3.999000,changed
2025-10-30 13:20:00+00:00,2026-10-04T21:58:00Z,4.103000,4.116000,4.087000,4.087000,4.109000,4.116000,4.087000,4.087000,changed
2025-10-30 14:20:00+00:00,2026-10-04T21:58:00Z,4.112000,4.112000,4.078000,4.080000,4.097000,4.103000,4.078000,4.080000,changed
2025-10-30 15:20:00+00:00,2026-10-04T21:58:00Z,4.085000,4.093000,4.068000,4.083000,4.087000,4.089000,4.068000,4.083000,changed
2025-10-30 16:20:00+00:00,2026-10-04T21:58:00Z,4.078000,4.097000,4.068000,4.093000,4.080000,4.097000,4.076000,4.093000,changed
2025-10-30 17:20:00+00:00,2026-10-04T21:58:00Z,4.082000,4.097000,4.082000,4.093000,4.095000,4.097000,4.087000,4.093000,changed
2025-10-30 18:20:00+00:00,2026-10-04T21:58:00Z,4.091000,4.097000,4.087000,4.093000,4.089000,4.097000,4.089000,4.093000,changed
2025-10-02 13:20:00+00:00,2026-10-04T22:10:08Z,4.123000,4.125000,4.106000,4.108000,4.104000,4.127000,4.102000,4.108000,changed
2025-10-02 14:20:00+00:00,2026-10-04T22:10:08Z,4.115000,4.117000,4.102000,4.102000,4.115000,4.121000,4.102000,4.102000,changed
2025-10-02 15:20:00+00:00,2026-10-04T22:10:08Z,4.106000,4.110000,4.092000,4.092000,4.108000,4.110000,4.092000,4.092000,changed
2025-10-02 16:20:00+00:00,2026-10-04T22:10:08Z,4.104000,4.108000,4.083000,4.085000,4.102000,4.110000,4.083000,4.085000,changed
2025-10-02 17:20:00+00:00,2026-10-04T22:10:08Z,4.085000,4.090000,4.083000,4.086000,4.086000,4.090000,4.083000,4.086000,changed
2025-10-02 18:20:00+00:00,2026-10-04T22:10:08Z,4.088000,4.090000,4.085000,4.088000,4.085000,4.090000,4.083000,4.088000,changed
2025-10-06 13:20:00+00:00,2026-10-04T22:10:08Z,4.162000,4.166000,4.133000,4.144000,4.162000,4.164000,4.133000,4.144000,changed
2025-10-06 14:20:00+00:00,2026-10-04T22:10:08Z,4.160000,4.162000,4.133000,4.152000,4.152000,4.154000,4.133000,4.152000,changed
2025-10-06 15:20:00+00:00,2026-10-04T22:10:08Z,4.144000,4.160000,4.136000,4.160000,4.139000,4.160000,4.136000,4.160000,changed
2025-10-06 16:20:00+00:00,2026-10-04T22:10:08Z,4.156000,4.164000,4.154000,4.162000,4.160000,4.164000,4.154000,4.162000,changed
2025-10-06 17:20:00+00:00,2026-10-04T22:10:08Z,4.164000,4.164000,4.158000,4.162000,4.160000,4.162000,4.158000,4.162000,changed
2025-10-09 13:20:00+00:00,2026-10-04T22:10:08Z,4.140000,4.152000,4.136000,4.144000,4.133000,4.152000,4.127000,4.144000,changed
2025-10-09 14:20:00+00:00,2026-10-04T22:10:08Z,4.144000,4.148000,4.136000,4.144000,4.142000,4.152000,4.136000,4.144000,changed
2025-10-09 15:20:00+00:00,2026-10-04T22:10:08Z,4.140000,4.146000,4.135000,4.142000,4.142000,4.146000,4.135000,4.142000,changed
2025-10-09 16:20:00+00:00,2026-10-04T22:10:08Z,4.138000,4.150000,4.135000,4.146000,4.140000,4.150000,4.135000,4.146000,changed
2025-10-09 17:20:00+00:00,2026-10-04T22:10:08Z,4.144000,4.152000,4.144000,4.152000,4.142000,4.152000,4.140000,4.152000,changed
2025-10-09 18:20:00+00:00,2026-10-04T22:10:08Z,4.148000,4.152000,4.144000,4.148000,4.144000,4.152000,4.144000,4.148000,changed
2025-10-16 13:20:00+00:00,2026-10-04T22:10:08Z,4.017000,4.051000,4.017000,4.043000,4.015000,4.051000,4.009000,4.043000,changed
2025-10-16 14:20:00+00:00,2026-10-04T22:10:08Z,4.043000,4.047000,4.034000,4.036000,4.049000,4.049000,4.034000,4.036000,changed
2025-10-16 15:20:00+00:00,2026-10-04T22:10:08Z,4.036000,4.040000,4.011000,4.011000,4.042000,4.047000,4.011000,4.011000,changed
2025-10-16 16:20:00+00:00,2026-10-04T22:10:08Z,4.021000,4.021000,3.973000,3.990000,4.026000,4.028000,3.973000,3.990000,changed
2025-10-16 17:20:00+00:00,2026-10-04T22:10:08Z,3.992000,3.994000,3.973000,3.975000,4.007000,4.007000,3.973000,3.975000,changed
2025-10-16 18:20:00+00:00,2026-10-04T22:10:08Z,3.980000,3.984000,3.971000,3.976000,3.986000,3.990000,3.971000,3.976000,changed
2025-10-20 13:20:00+00:00,2026-10-04T22:10:08Z,4.001000,4.001000,3.988000,3.993000,3.992000,3.999000,3.988000,3.993000,changed
2025-10-20 14:20:00+00:00,2026-10-04T22:10:08Z,3.993000,4.001000,3.990000,3.995000,3.997000,4.001000,3.992000,3.995000,changed
2025-10-20 15:20:00+00:00,2026-10-04T22:10:08Z,3.995000,4.001000,3.990000,3.993000,3.997000,4.001000,3.990000,3.993000,changed
2025-10-20 16:20:00+00:00,2026-10-04T22:10:08Z,3.997000,4.001000,3.990000,3.993000,3.997000,3.997000,3.990000,3.993000,changed
2025-10-20 17:20:00+00:00,2026-10-04T22:10:08Z,3.993000,3.997000,3.986000,3.992000,3.995000,3.995000,3.986000,3.992000,changed
2025-10-20 18:20:00+00:00,2026-10-04T22:10:08Z,3.993000,3.995000,3.986000,3.986000,3.992000,3.992000,3.986000,3.986000,changed
2025-10-23 13:20:00+00:00,2026-10-04T22:10:08Z,3.982000,3.991000,3.978000,3.978000,3.986000,3.991000,3.978000,3.978000,changed
2025-10-23 14:20:00+00:00,2026-10-04T22:10:08Z,3.988000,3.997000,3.978000,3.995000,3.986000,3.997000,3.978000,3.995000,changed
2025-10-23 15:20:00+00:00,2026-10-04T22:10:08Z,3.984000,4.005000,3.984000,3.997000,3.980000,4.005000,3.978000,3.997000,changed
2025-10-23 16:20:00+00:00,2026-10-04T22:10:08Z,3.999000,4.005000,3.991000,3.997000,3.993000,4.005000,3.991000,3.997000,changed
2025-10-23 18:20:00+00:00,2026-10-04T22:10:08Z,3.995000,3.997000,3.991000,3.991000,3.997000,4.001000,3.991000,3.991000,changed
2025-10-27 14:20:00+00:00,2026-10-04T22:10:08Z,4.016000,4.033000,4.014000,4.024000,4.031000,4.031000,4.016000,4.024000,changed
2025-10-27 15:20:00+00:00,2026-10-04T22:10:08Z,4.018000,4.028000,4.006000,4.008000,4.022000,4.028000,4.006000,4.008000,changed
2025-10-27 16:20:00+00:00,2026-10-04T22:10:08Z,4.022000,4.022000,3.995000,4.001000,4.012000,4.014000,3.995000,4.001000,changed
2025-10-27 17:20:00+00:00,2026-10-04T22:10:08Z,4.005000,4.006000,3.995000,3.999000,4.003000,4.003000,3.995000,3.999000,changed
2025-10-30 13:20:00+00:00,2026-10-04T22:10:08Z,4.109000,4.116000,4.087000,4.087000,4.103000,4.116000,4.087000,4.087000,changed
2025-10-30 14:20:00+00:00,2026-10-04T22:10:08Z,4.097000,4.103000,4.078000,4.080000,4.112000,4.112000,4.078000,4.080000,changed
2025-10-30 15:20:00+00:00,2026-10-04T22:10:08Z,4.087000,4.089000,4.068000,4.083000,4.085000,4.093000,4.068000,4.083000,changed
2025-10-30 16:20:00+00:00,2026-10-04T22:10:08Z,4.080000,4.097000,4.076000,4.093000,4.078000,4.097000,4.068000,4.093000,changed
2025-10-30 17:20:00+00:00,2026-10-04T22:10:08Z,4.095000,4.097000,4.087000,4.093000,4.082000,4.097000,4.082000,4.093000,changed
2025-10-30 18:20:00+00:00,2026-10-04T22:10:08Z,4.089000,4.097000,4.089000,4.093000,4.091000,4.097000,4.087000,4.093000,changed
2025-10-02 13:20:00+00:00,2026-10-04T22:41:33Z,4.104000,4.127000,4.102000,4.108000,4.123000,4.125000,4.106000,4.108000,changed
2025-10-02 14:20:00+00:00,2026-10-04T22:41:33Z,4.115000,4.121000,4.102000,4.102000,4.115000,4.117000,4.102000,4.102000,changed
2025-10-02 15:20:00+00:00,2026-10-04T22:41:33Z,4.108000,4.110000,4.092000,4.092000,4.106000,4.110000,4.092000,4.092000,changed
2025-10-02 16:20:00+00:00,2026-10-04T22:41:33Z,4.102000,4.110000,4.083000,4.085000,4.104000,4.108000,4.083000,4.085000,changed
2025-10-02 17:20:00+00:00,2026-10-04T22:41:33Z,4.086000,4.090000,4.083000,4.086000,4.085000,4.090000,4.083000,4.086000,changed
2025-10-02 18:20:00+00:00,2026-10-04T22:41:33Z,4.085000,4.090000,4.083000,4.088000,4.088000,4.090000,4.085000,4.088000,changed
2025-10-06 13:20:00+00:00,2026-10-04T22:41:33Z,4.162000,4.164000,4.133000,4.144000,4.162000,4.166000,4.133000,4.144000,changed
2025-10-06 14:20:00+00:00,2026-10-04T22:41:33Z,4.152000,4.154000,4.133000,4.152000,4.160000,4.162000,4.133000,4.152000,changed
2025-10-06 15:20:00+00:00,2026-10-04T22:41:33Z,4.139000,4.160000,4.136000,4.160000,4.144000,4.160000,4.136000,4.160000,changed
2025-10-06 16:20:00+00:00,2026-10-04T22:41:33Z,4.160000,4.164000,4.154000,4.162000,4.156000,4.164000,4.154000,4.162000,changed
2025-10-06 17:20:00+00:00,2026-10-04T22:41:33Z,4.160000,4.162000,4.158000,4.162000,4.164000,4.164000,4.158000,4.162000,changed
2025-10-09 13:20:00+00:00,2026-10-04T22:41:33Z,4.133000,4.152000,4.127000,4.144000,4.140000,4.152000,4.136000,4.144000,changed
2025-10-09 14:20:00+00:00,2026-10-04T22:41:33Z,4.142000,4.152000,4.136000,4.144000,4.144000,4.148000,4.136000,4.144000,changed
2025-10-09 15:20:00+00:00,2026-10-04T22:41:33Z,4.142000,4.146000,4.135000,4.142000,4.140000,4.146000,4.135000,4.142000,changed
2025-10-09 16:20:00+00:00,2026-10-04T22:41:33Z,4.140000,4.150000,4.135000,4.146000,4.138000,4.150000,4.135000,4.146000,changed
2025-10-09 17:20:00+00:00,2026-10-04T22:41:33Z,4.142000,4.152000,4.140000,4.152000,4.144000,4.152000,4.144000,4.152000,changed
2025-10-09 18:20:00+00:00,2026-10-04T22:41:33Z,4.144000,4.152000,4.144000,4.148000,4.148000,4.152000,4.144000,4.148000,changed
2025-10-16 13:20:00+00:00,2026-10-04T22:41:33Z,4.015000,4.051000,4.009000,4.043000,4.017000,4.051000,4.017000,4.043000,changed
2025-10-16 14:20:00+00:00,2026-10-04T22:41:33Z,4.049000,4.049000,4.034000,4.036000,4.043000,4.047000,4.034000,4.036000,changed
2025-10-16 15:20:00+00:00,2026-10-04T22:41:33Z,4.042000,4.047000,4.011000,4.011000,4.036000,4.040000,4.011000,4.011000,changed
2025-10-16 16:20:00+00:00,2026-10-04T22:41:33Z,4.026000,4.028000,3.973000,3.990000,4.021000,4.021000,3.973000,3.990000,changed
2025-10-16 17:20:00+00:00,2026-10-04T22:41:33Z,4.007000,4.007000,3.973000,3.975000,3.992000,3.994000,3.973000,3.975000,changed
2025-10-16 18:20:00+00:00,2026-10-04T22:41:33Z,3.986000,3.990000,3.971000,3.976000,3.980000,3.984000,3.971000,3.976000,changed
2025-10-20 13:20:00+00:00,2026-10-04T22:41:33Z,3.992000,3.999000,3.988000,3.993000,4.001000,4.001000,3.988000,3.993000,changed
2025-10-20 14:20:00+00:00,2026-10-04T22:41:33Z,3.997000,4.001000,3.992000,3.995000,3.993000,4.001000,3.990000,3.995000,changed
2025-10-20 15:20:00+00:00,2026-10-04T22:41:33Z,3.997000,4.001000,3.990000,3.993000,3.995000,4.001000,3.990000,3.993000,changed
2025-10-20 16:20:00+00:00,2026-10-04T22:41:33Z,3.997000,3.997000,3.990000,3.993000,3.997000,4.001000,3.990000,3.993000,changed
2025-10-20 17:20:00+00:00,2026-10-04T22:41:33Z,3.995000,3.995000,3.986000,3.992000,3.993000,3.997000,3.986000,3.992000,changed
2025-10-20 18:20:00+00:00,2026-10-04T22:41:33Z,3.992000,3.992000,3.986000,3.986000,3.993000,3.995000,3.986000,3.986000,changed
2025-10-23 13:20:00+00:00,2026-10-04T22:41:33Z,3.986000,3.991000,3.978000,3.978000,3.982000,3.991000,3.978000,3.978000,changed
2025-10-23 14:20:00+00:00,2026-10-04T22:41:33Z,3.986000,3.997000,3.978000,3.995000,3.988000,3.997000,3.978000,3.995000,changed
2025-10-23 15:20:00+00:00,2026-10-04T22:41:33Z,3.980000,4.005000,3.978000,3.997000,3.984000,4.005000,3.984000,3.997000,changed
2025-10-23 16:20:00+00:00,2026-10-04T22:41:33Z,3.993000,4.005000,3.991000,3.997000,3.999000,4.005000,3.991000,3.997000,changed
2025-10-23 18:20:00+00:00,2026-10-04T22:41:33Z,3.997000,4.001000,3.991000,3.991000,3.995000,3.997000,3.991000,3.991000,changed
2025-10-27 14:20:00+00:00,2026-10-04T22:41:33Z,4.031000,4.031000,4.016000,4.024000,4.016000,4.033000,4.014000,4.024000,changed
2025-10-27 15:20:00+00:00,2026-10-04T22:41:33Z,4.022000,4.028000,4.006000,4.008000,4.018000,4.028000,4.006000,4.008000,changed
2025-10-27 16:20:00+00:00,2026-10-04T22:41:33Z,4.012000,4.014000,3.995000,4.001000,4.022000,4.022000,3.995000,4.001000,changed
2025-10-27 17:20:00+00:00,2026-10-04T22:41:33Z,4.003000,4.003000,3.995000,3.999000,4.005000,4.006000,3.995000,3.999000,changed
2025-10-30 13:20:00+00:00,2026-10-04T22:41:33Z,4.103000,4.116000,4.087000,4.087000,4.109000,4.116000,4.087000,4.087000,changed
2025-10-30 14:20:00+00:00,2026-10-04T22:41:33Z,4.112000,4.112000,4.078000,4.080000,4.097000,4.103000,4.078000,4.080000,changed
2025-10-30 15:20:00+00:00,2026-10-04T22:41:33Z,4.085000,4.093000,4.068000,4.083000,4.087000,4.089000,4.068000,4.083000,changed
2025-10-30 16:20:00+00:00,2026-10-04T22:41:33Z,4.078000,4.097000,4.068000,4.093000,4.080000,4.097000,4.076000,4.093000,changed
2025-10-30 17:20:00+00:00,2026-10-04T22:41:33Z,4.082000,4.097000,4.082000,4.093000,4.095000,4.097000,4.087000,4.093000,changed
2025-10-30 18:20:00+00:00,2026-10-04T22:41:33Z,4.091000,4.097000,4.087000,4.093000,4.089000,4.097000,4.089000,4.093000,changed
2025-10-02 13:20:00+00:00,2026-10-04T22:55:27Z,4.123000,4.125000,4.106000,4.108000,4.104000,4.127000,4.102000,4.108000,changed
2025-10-02 14:20:00+00:00,2026-10-04T22:55:27Z,4.115000,4.117000,4.102000,4.102000,4.115000,4.121000,4.102000,4.102000,changed
2025-10-02 15:20:00+00:00,2026-10-04T22:55:27Z,4.106000,4.110000,4.092000,4.092000,4.108000,4.110000,4.092000,4.092000,changed
2025-10-02 16:20:00+00:00,2026-10-04T22:55:27Z,4.104000,4.108000,4.083000,4.085000,4.102000,4.110000,4.083000,4.085000,changed
2025-10-02 17:20:00+00:00,2026-10-04T22:55:27Z,4.085000,4.090000,4.083000,4.086000,4.086000,4.090000,4.083000,4.086000,changed
2025-10-02 18:20:00+00:00,2026-10-04T22:55:27Z,4.088000,4.090000,4.085000,4.088000,4.085000,4.090000,4.083000,4.088000,changed
2025-10-06 13:20:00+00:00,2026-10-04T22:55:27Z,4.162000,4.166000,4.133000,4.144000,4.162000,4.164000,4.133000,4.144000,changed
2025-10-06 14:20:00+00:00,2026-10-04T22:55:27Z,4.160000,4.162000,4.133000,4.152000,4.152000,4.154000,4.133000,4.152000,changed
2025-10-06 15:20:00+00:00,2026-10-04T22:55:27Z,4.144000,4.160000,4.136000,4.160000,4.139000,4.160000,4.136000,4.160000,changed
2025-10-06 16:20:00+00:00,2026-10-04T22:55:27Z,4.156000,4.164000,4.154000,4.162000,4.160000,4.164000,4.154000,4.162000,changed
2025-10-06 17:20:00+00:00,2026-10-04T22:55:27Z,4.164000,4.164000,4.158000,4.162000,4.160000,4.162000,4.158000,4.162000,changed
2025-10-09 13:20:00+00:00,2026-10-04T22:55:27Z,4.140000,4.152000,4.136000,4.144000,4.133000,4.152000,4.127000,4.144000,changed
2025-10-09 14:20:00+00:00,2026-10-04T22:55:27Z,4.144000,4.148000,4.136000,4.144000,4.142000,4.152000,4.136000,4.144000,changed
2025-10-09 15:20:00+00:00,2026-10-04T22:55:27Z,4.140000,4.146000,4.135000,4.142000,4.142000,4.146000,4.135000,4.142000,changed
2025-10-09 16:20:00+00:00,2026-10-04T22:55:27Z,4.138000,4.150000,4.135000,4.146000,4.140000,4.150000,4.135000,4.146000,changed
2025-10-09 17:20:00+00:00,2026-10-04T22:55:27Z,4.144000,4.152000,4.144000,4.152000,4.142000,4.152000,4.140000,4.152000,changed
2025-10-09 18:20:00+00:00,2026-10-04T22:55:27Z,4.148000,4.152000,4.144000,4.148000,4.144000,4.152000,4.144000,4.148000,changed
2025-10-16 13:20:00+00:00,2026-10-04T22:55:27Z,4.017000,4.051000,4.017000,4.043000,4.015000,4.051000,4.009000,4.043000,changed
2025-10-16 14:20:00+00:00,2026-10-04T22:55:27Z,4.043000,4.047000,4.034000,4.036000,4.049000,4.049000,4.034000,4.036000,changed
2025-10-16 15:20:00+00:00,2026-10-04T22:55:27Z,4.036000,4.040000,4.011000,4.011000,4.042000,4.047000,4.011000,4.011000,changed
2025-10-16 16:20:00+00:00,2026-10-04T22:55:27Z,4.021000,4.021000,3.973000,3.990000,4.026000,4.028000,3.973000,3.990000,changed
2025-10-16 17:20:00+00:00,2026-10-04T22:55:27Z,3.992000,3.994000,3.973000,3.975000,4.007000,4.007000,3.973000,3.975000,changed
2025-10-16 18:20:00+00:00,2026-10-04T22:55:27Z,3.980000,3.984000,3.971000,3.976000,3.986000,3.990000,3.971000,3.976000,changed
2025-10-20 13:20:00+00:00,2026-10-04T22:55:27Z,4.001000,4.001000,3.988000,3.993000,3.992000,3.999000,3.988000,3.993000,changed
2025-10-20 14:20:00+00:00,2026-10-04T22:55:27Z,3.993000,4.001000,3.990000,3.995000,3.997000,4.001000,3.992000,3.995000,changed
2025-10-20 15:20:00+00:00,2026-10-04T22:55:27Z,3.995000,4.001000,3.990000,3.993000,3.997000,4.001000,3.990000,3.993000,changed
2025-10-20 16:20:00+00:00,2026-10-04T22:55:27Z,3.997000,4.001000,3.990000,3.993000,3.997000,3.997000,3.990000,3.993000,changed
2025-10-20 17:20:00+00:00,2026-10-04T22:55:27Z,3.993000,3.997000,3.986000,3.992000,3.995000,3.995000,3.986000,3.992000,changed
2025-10-20 18:20:00+00:00,2026-10-04T22:55:27Z,3.993000,3.995000,3.986000,3.986000,3.992000,3.992000,3.986000,3.986000,changed
2025-10-23 13:20:00+00:00,2026-10-04T22:55:27Z,3.982000,3.991000,3.978000,3.978000,3.986000,3.991000,3.978000,3.978000,changed
2025-10-23 14:20:00+00:00,2026-10-04T22:55:27Z,3.988000,3.997000,3.978000,3.995000,3.986000,3.997000,3.978000,3.995000,changed
2025-10-23 15:20:00+00:00,2026-10-04T22:55:27Z,3.984000,4.005000,3.984000,3.997000,3.980000,4.005000,3.978000,3.997000,changed
2025-10-23 16:20:00+00:00,2026-10-04T22:55:27Z,3.999000,4.005000,3.991000,3.997000,3.993000,4.005000,3.991000,3.997000,changed
2025-10-23 18:20:00+00:00,2026-10-04T22:55:27Z,3.995000,3.997000,3.991000,3.991000,3.997000,4.001000,3.991000,3.991000,changed
2025-10-27 14:20:00+00:00,2026-10-04T22:55:27Z,4.016000,4.033000,4.014000,4.024000,4.031000,4.031000,4.016000,4.024000,changed
2025-10-27 15:20:00+00:00,2026-10-04T22:55:27Z,4.018000,4.028000,4.006000,4.008000,4.022000,4.028000,4.006000,4.008000,changed
2025-10-27 16:20:00+00:00,2026-10-04T22:55:27Z,4.022000,4.022000,3.995000,4.001000,4.012000,4.014000,3.995000,4.001000,changed
2025-10-27 17:20:00+00:00,2026-10-04T22:55:27Z,4.005000,4.006000,3.995000,3.999000,4.003000,4.003000,3.995000,3.999000,changed
2025-10-30 13:20:00+00:00,2026-10-04T22:55:27Z,4.109000,4.116000,4.087000,4.087000,4.103000,4.116000,4.087000,4.087000,changed
2025-10-30 14:20:00+00:00,2026-10-04T22:55:27Z,4.097000,4.103000,4.078000,4.080000,4.112000,4.112000,4.078000,4.080000,changed
2025-10-30 15:20:00+00:00,2026-10-04T22:55:27Z,4.087000,4.089000,4.068000,4.083000,4.085000,4.093000,4.068000,4.083000,changed
2025-10-30 16:20:00+00:00,2026-10-04T22:55:27Z,4.080000,4.097000,4.076000,4.093000,4.078000,4.097000,4.068000,4.093000,changed
2025-10-30 17:20:00+00:00,2026-10-04T22:55:27Z,4.095000,4.097000,4.087000,4.093000,4.082000,4.097000,4.082000,4.093000,changed
2025-10-30 18:20:00+00:00,2026-10-04T22:55:27Z,4.089000,4.097000,4.089000,4.093000,4.091000,4.097000,4.087000,4.093000,changed
2025-10-02 13:20:00+00:00,2026-10-04T23:41:37Z,4.104000,4.127000,4.102000,4.108000,4.123000,4.125000,4.106000,4.108000,changed
2025-10-02 14:20:00+00:00,2026-10-04T23:41:37Z,4.115000,4.121000,4.102000,4.102000,4.115000,4.117000,4.102000,4.102000,changed
2025-10-02 15:20:00+00:00,2026-10-04T23:41:37Z,4.108000,4.110000,4.092000,4.092000,4.106000,4.110000,4.092000,4.092000,changed
2025-10-02 16:20:00+00:00,2026-10-04T23:41:37Z,4.102000,4.110000,4.083000,4.085000,4.104000,4.108000,4.083000,4.085000,changed
2025-10-02 17:20:00+00:00,2026-10-04T23:41:37Z,4.086000,4.090000,4.083000,4.086000,4.085000,4.090000,4.083000,4.086000,changed
2025-10-02 18:20:00+00:00,2026-10-04T23:41:37Z,4.085000,4.090000,4.083000,4.088000,4.088000,4.090000,4.085000,4.088000,changed
2025-10-06 13:20:00+00:00,2026-10-04T23:41:37Z,4.162000,4.164000,4.133000,4.144000,4.162000,4.166000,4.133000,4.144000,changed
2025-10-06 14:20:00+00:00,2026-10-04T23:41:37Z,4.152000,4.154000,4.133000,4.152000,4.160000,4.162000,4.133000,4.152000,changed
2025-10-06 15:20:00+00:00,2026-10-04T23:41:37Z,4.139000,4.160000,4.136000,4.160000,4.144000,4.160000,4.136000,4.160000,changed
2025-10-06 16:20:00+00:00,2026-10-04T23:41:37Z,4.160000,4.164000,4.154000,4.162000,4.156000,4.164000,4.154000,4.162000,changed
2025-10-06 17:20:00+00:00,2026-10-04T23:41:37Z,4.160000,4.162000,4.158000,4.162000,4.164000,4.164000,4.158000,4.162000,changed
2025-10-09 13:20:00+00:00,2026-10-04T23:41:37Z,4.133000,4.152000,4.127000,4.144000,4.140000,4.152000,4.136000,4.144000,changed
2025-10-09 14:20:00+00:00,2026-10-04T23:41:37Z,4.142000,4.152000,4.136000,4.144000,4.144000,4.148000,4.136000,4.144000,changed
2025-10-09 15:20:00+00:00,2026-10-04T23:41:37Z,4.142000,4.146000,4.135000,4.142000,4.140000,4.146000,4.135000,4.142000,changed
2025-10-09 16:20:00+00:00,2026-10-04T23:41:37Z,4.140000,4.150000,4.135000,4.146000,4.138000,4.150000,4.135000,4.146000,changed
2025-10-09 17:20:00+00:00,2026-10-04T23:41:37Z,4.142000,4.152000,4.140000,4.152000,4.144000,4.152000,4.144000,4.152000,changed
2025-10-09 18:20:00+00:00,2026-10-04T23:41:37Z,4.144000,4.152000,4.144000,4.148000,4.148000,4.152000,4.144000,4.148000,changed
2025-10-16 13:20:00+00:00,2026-10-04T23:41:37Z,4.015000,4.051000,4.009000,4.043000,4.017000,4.051000,4.017000,4.043000,changed
2025-10-16 14:20:00+00:00,2026-10-04T23:41:37Z,4.049000,4.049000,4.034000,4.036000,4.043000,4.047000,4.034000,4.036000,changed
2025-10-16 15:20:00+00:00,2026-10-04T23:41:37Z,4.042000,4.047000,4.011000,4.011000,4.036000,4.040000,4.011000,4.011000,changed
2025-10-16 16:20:00+00:00,2026-10-04T23:41:37Z,4.026000,4.028000,3.973000,3.990000,4.021000,4.021000,3.973000,3.990000,changed
2025-10-16 17:20:00+00:00,2026-10-04T23:41:37Z,4.007000,4.007000,3.973000,3.975000,3.992000,3.994000,3.973000,3.975000,changed
2025-10-16 18:20:00+00:00,2026-10-04T23:41:37Z,3.986000,3.990000,3.971000,3.976000,3.980000,3.984000,3.971000,3.976000,changed
2025-10-20 13:20:00+00:00,2026-10-04T23:41:37Z,3.992000,3.999000,3.988000,3.993000,4.001000,4.001000,3.988000,3.993000,changed
2025-10-20 14:20:00+00:00,2026-10-04T23:41:37Z,3.997000,4.001000,3.992000,3.995000,3.993000,4.001000,3.990000,3.995000,changed
2025-10-20 15:20:00+00:00,2026-10-04T23:41:37Z,3.997000,4.001000,3.990000,3.993000,3.995000,4.001000,3.990000,3.993000,changed
2025-10-20 16:20:00+00:00,2026-10-04T23:41:37Z,3.997000,3.997000,3.990000,3.993000,3.997000,4.001000,3.990000,3.993000,changed
2025-10-20 17:20:00+00:00,2026-10-04T23:41:37Z,3.995000,3.995000,3.986000,3.992000,3.993000,3.997000,3.986000,3.992000,changed
2025-10-20 18:20:00+00:00,2026-10-04T23:41:37Z,3.992000,3.992000,3.986000,3.986000,3.993000,3.995000,3.986000,3.986000,changed
2025-10-23 13:20:00+00:00,2026-10-04T23:41:37Z,3.986000,3.991000,3.978000,3.978000,3.982000,3.991000,3.978000,3.978000,changed
2025-10-23 14:20:00+00:00,2026-10-04T23:41:37Z,3.986000,3.997000,3.978000,3.995000,3.988000,3.997000,3.978000,3.995000,changed
2025-10-23 15:20:00+00:00,2026-10-04T23:41:37Z,3.980000,4.005000,3.978000,3.997000,3.984000,4.005000,3.984000,3.997000,changed
2025-10-23 16:20:00+00:00,2026-10-04T23:41:37Z,3.993000,4.005000,3.991000,3.997000,3.999000,4.005000,3.991000,3.997000,changed
2025-10-23 18:20:00+00:00,2026-10-04T23:41:37Z,3.997000,4.001000,3.991000,3.991000,3.995000,3.997000,3.991000,3.991000,changed
2025-10-27 14:20:00+00:00,2026-10-04T23:41:37Z,4.031000,4.031000,4.016000,4.024000,4.016000,4.033000,4.014000,4.024000,changed
2025-10-27 15:20:00+00:00,2026-10-04T23:41:37Z,4.022000,4.028000,4.006000,4.008000,4.018000,4.028000,4.006000,4.008000,changed
2025-10-27 16:20:00+00:00,2026-10-04T23:41:37Z,4.012000,4.014000,3.995000,4.001000,4.022000,4.022000,3.995000,4.001000,changed
2025-10-27 17:20:00+00:00,2026-10-04T23:41:37Z,4.003000,4.003000,3.995000,3.999000,4.005000,4.006000,3.995000,3.999000,changed
2025-10-30 13:20:00+00:00,2026-10-04T23:41:37Z,4.103000,4.116000,4.087000,4.087000,4.109000,4.116000,4.087000,4.087000,changed
2025-10-30 14:20:00+00:00,2026-10-04T23:41:37Z,4.112000,4.112000,4.078000,4.080000,4.097000,4.103000,4.078000,4.080000,changed
2025-10-30 15:20:00+00:00,2026-10-04T23:41:37Z,4.085000,4.093000,4.068000,4.083000,4.087000,4.089000,4.068000,4.083000,changed
2025-10-30 16:20:00+00:00,2026-10-04T23:41:37Z,4.078000,4.097000,4.068000,4.093000,4.080000,4.097000,4.076000,4.093000,changed
2025-10-30 17:20:00+00:00,2026-10-04T23:41:37Z,4.082000,4.097000,4.082000,4.093000,4.095000,4.097000,4.087000,4.093000,changed
2025-10-30 18:20:00+00:00,2026-10-04T23:41:37Z,4.091000,4.097000,4.087000,4.093000,4.089000,4.097000,4.089000,4.093000,changed
2025-10-02 13:20:00+00:00,2026-10-05T00:39:31Z,4.123000,4.125000,4.106000,4.108000,4.104000,4.127000,4.102000,4.108000,changed
2025-10-02 14:20:00+00:00,2026-10-05T00:39:31Z,4.115000,4.117000,4.102000,4.102000,4.115000,4.121000,4.102000,4.102000,changed
2025-10-02 15:20:00+00:00,2026-10-05T00:39:31Z,4.106000,4.110000,4.092000,4.092000,4.108000,4.110000,4.092000,4.092000,changed
2025-10-02 16:20:00+00:00,2026-10-05T00:39:31Z,4.104000,4.108000,4.083000,4.085000,4.102000,4.110000,4.083000,4.085000,changed
2025-10-02 17:20:00+00:00,2026-10-05T00:39:31Z,4.085000,4.090000,4.083000,4.086000,4.086000,4.090000,4.083000,4.086000,changed
2025-10-02 18:20:00+00:00,2026-10-05T00:39:31Z,4.088000,4.090000,4.085000,4.088000,4.085000,4.090000,4.083000,4.088000,changed
2025-10-06 13:20:00+00:00,2026-10-05T00:39:31Z,4.162000,4.166000,4.133000,4.144000,4.162000,4.164000,4.133000,4.144000,changed
2025-10-06 14:20:00+00:00,2026-10-05T00:39:31Z,4.160000,4.162000,4.133000,4.152000,4.152000,4.154000,4.133000,4.152000,changed
2025-10-06 15:20:00+00:00,2026-10-05T00:39:31Z,4.144000,4.160000,4.136000,4.160000,4.139000,4.160000,4.136000,4.160000,changed
2025-10-06 16:20:00+00:00,2026-10-05T00:39:31Z,4.156000,4.164000,4.154000,4.162000,4.160000,4.164000,4.154000,4.162000,changed
2025-10-06 17:20:00+00:00,2026-10-05T00:39:31Z,4.164000,4.164000,4.158000,4.162000,4.160000,4.162000,4.158000,4.162000,changed
2025-10-09 13:20:00+00:00,2026-10-05T00:39:31Z,4.140000,4.152000,4.136000,4.144000,4.133000,4.152000,4.127000,4.144000,changed
2025-10-09 14:20:00+00:00,2026-10-05T00:39:31Z,4.144000,4.148000,4.136000,4.144000,4.142000,4.152000,4.136000,4.144000,changed
2025-10-09 15:20:00+00:00,2026-10-05T00:39:31Z,4.140000,4.146000,4.135000,4.142000,4.142000,4.146000,4.135000,4.142000,changed
2025-10-09 16:20:00+00:00,2026-10-05T00:39:31Z,4.138000,4.150000,4.135000,4.146000,4.140000,4.150000,4.135000,4.146000,changed
2025-10-09 17:20:00+00:00,2026-10-05T00:39:31Z,4.144000,4.152000,4.144000,4.152000,4.142000,4.152000,4.140000,4.152000,changed
2025-10-09 18:20:00+00:00,2026-10-05T00:39:31Z,4.148000,4.152000,4.144000,4.148000,4.144000,4.152000,4.144000,4.148000,changed
2025-10-16 13:20:00+00:00,2026-10-05T00:39:31Z,4.017000,4.051000,4.017000,4.043000,4.015000,4.051000,4.009000,4.043000,changed
2025-10-16 14:20:00+00:00,2026-10-05T00:39:31Z,4.043000,4.047000,4.034000,4.036000,4.049000,4.049000,4.034000,4.036000,changed
2025-10-16 15:20:00+00:00,2026-10-05T00:39:31Z,4.036000,4.040000,4.011000,4.011000,4.042000,4.047000,4.011000,4.011000,changed
2025-10-16 16:20:00+00:00,2026-10-05T00:39:31Z,4.021000,4.021000,3.973000,3.990000,4.026000,4.028000,3.973000,3.990000,changed
2025-10-16 17:20:00+00:00,2026-10-05T00:39:31Z,3.992000,3.994000,3.973000,3.975000,4.007000,4.007000,3.973000,3.975000,changed
2025-10-16 18:20:00+00:00,2026-10-05T00:39:31Z,3.980000,3.984000,3.971000,3.976000,3.986000,3.990000,3.971000,3.976000,changed
2025-10-20 13:20:00+00:00,2026-10-05T00:39:31Z,4.001000,4.001000,3.988000,3.993000,3.992000,3.999000,3.988000,3.993000,changed
2025-10-20 14:20:00+00:00,2026-10-05T00:39:31Z,3.993000,4.001000,3.990000,3.995000,3.997000,4.001000,3.992000,3.995000,changed
2025-10-20 15:20:00+00:00,2026-10-05T00:39:31Z,3.995000,4.001000,3.990000,3.993000,3.997000,4.001000,3.990000,3.993000,changed
2025-10-20 16:20:00+00:00,2026-10-05T00:39:31Z,3.997000,4.001000,3.990000,3.993000,3.997000,3.997000,3.990000,3.993000,changed
2025-10-20 17:20:00+00:00,2026-10-05T00:39:31Z,3.993000,3.997000,3.986000,3.992000,3.995000,3.995000,3.986000,3.992000,changed
2025-10-20 18:20:00+00:00,2026-10-05T00:39:31Z,3.993000,3.995000,3.986000,3.986000,3.992000,3.992000,3.986000,3.986000,changed
2025-10-23 13:20:00+00:00,2026-10-05T00:39:31Z,3.982000,3.991000,3.978000,3.978000,3.986000,3.991000,3.978000,3.978000,changed
2025-10-23 14:20:00+00:00,2026-10-05T00:39:31Z,3.988000,3.997000,3.978000,3.995000,3.986000,3.997000,3.978000,3.995000,changed
2025-10-23 15:20:00+00:00,2026-10-05T00:39:31Z,3.984000,4.005000,3.984000,3.997000,3.980000,4.005000,3.978000,3.997000,changed
2025-10-23 16:20:00+00:00,2026-10-05T00:39:31Z,3.999000,4.005000,3.991000,3.997000,3.993000,4.005000,3.991000,3.997000,changed
2025-10-23 18:20:00+00:00,2026-10-05T00:39:31Z,3.995000,3.997000,3.991000,3.991000,3.997000,4.001000,3.991000,3.991000,changed
2025-10-27 14:20:00+00:00,2026-10-05T00:39:31Z,4.016000,4.033000,4.014000,4.024000,4.031000,4.031000,4.016000,4.024000,changed
2025-10-27 15:20:00+00:00,2026-10-05T00:39:31Z,4.018000,4.028000,4.006000,4.008000,4.022000,4.028000,4.006000,4.008000,changed
2025-10-27 16:20:00+00:00,2026-10-05T00:39:31Z,4.022000,4.022000,3.995000,4.001000,4.012000,4.014000,3.995000,4.001000,changed
2025-10-27 17:20:00+00:00,2026-10-05T00:39:31Z,4.005000,4.006000,3.995000,3.999000,4.003000,4.003000,3.995000,3.999000,changed
2025-10-30 13:20:00+00:00,2026-10-05T00:39:31Z,4.109000,4.116000,4.087000,4.087000,4.103000,4.116000,4.087000,4.087000,changed
2025-10-30 14:20:00+00:00,2026-10-05T00:39:31Z,4.097000,4.103000,4.078000,4.080000,4.112000,4.112000,4.078000,4.080000,changed
2025-10-30 15:20:00+00:00,2026-10-05T00:39:31Z,4.087000,4.089000,4.068000,4.083000,4.085000,4.093000,4.068000,4.083000,changed
2025-10-30 16:20:00+00:00,2026-10-05T00:39:31Z,4.080000,4.097000,4.076000,4.093000,4.078000,4.097000,4.068000,4.093000,changed
2025-10-30 17:20:00+00:00,2026-10-05T00:39:31Z,4.095000,4.097000,4.087000,4.093000,4.082000,4.097000,4.082000,4.093000,changed
2025-10-30 18:20:00+00:00,2026-10-05T00:39:31Z,4.089000,4.097000,4.089000,4.093000,4.091000,4.097000,4.087000,4.093000,changed
2025-10-02 13:20:00+00:00,2026-10-05T02:45:26Z,4.104000,4.127000,4.102000,4.108000,4.123000,4.125000,4.106000,4.108000,changed
2025-10-02 14:20:00+00:00,2026-10-05T02:45:26Z,4.115000,4.121000,4.102000,4.102000,4.115000,4.117000,4.102000,4.102000,changed
2025-10-02 15:20:00+00:00,2026-10-05T02:45:26Z,4.108000,4.110000,4.092000,4.092000,4.106000,4.110000,4.092000,4.092000,changed
2025-10-02 16:20:00+00:00,2026-10-05T02:45:26Z,4.102000,4.110000,4.083000,4.085000,4.104000,4.108000,4.083000,4.085000,changed
2025-10-02 17:20:00+00:00,2026-10-05T02:45:26Z,4.086000,4.090000,4.083000,4.086000,4.085000,4.090000,4.083000,4.086000,changed
2025-10-02 18:20:00+00:00,2026-10-05T02:45:26Z,4.085000,4.090000,4.083000,4.088000,4.088000,4.090000,4.085000,4.088000,changed
2025-10-06 13:20:00+00:00,2026-10-05T02:45:26Z,4.162000,4.164000,4.133000,4.144000,4.162000,4.166000,4.133000,4.144000,changed
2025-10-06 14:20:00+00:00,2026-10-05T02:45:26Z,4.152000,4.154000,4.133000,4.152000,4.160000,4.162000,4.133000,4.152000,changed
2025-10-06 15:20:00+00:00,2026-10-05T02:45:26Z,4.139000,4.160000,4.136000,4.160000,4.144000,4.160000,4.136000,4.160000,changed
2025-10-06 16:20:00+00:00,2026-10-05T02:45:26Z,4.160000,4.164000,4.154000,4.162000,4.156000,4.164000,4.154000,4.162000,changed
2025-10-06 17:20:00+00:00,2026-10-05T02:45:26Z,4.160000,4.162000,4.158000,4.162000,4.164000,4.164000,4.158000,4.162000,changed
2025-10-09 13:20:00+00:00,2026-10-05T02:45:26Z,4.133000,4.152000,4.127000,4.144000,4.140000,4.152000,4.136000,4.144000,changed
2025-10-09 14:20:00+00:00,2026-10-05T02:45:26Z,4.142000,4.152000,4.136000,4.144000,4.144000,4.148000,4.136000,4.144000,changed
2025-10-09 15:20:00+00:00,2026-10-05T02:45:26Z,4.142000,4.146000,4.135000,4.142000,4.140000,4.146000,4.135000,4.142000,changed
2025-10-09 16:20:00+00:00,2026-10-05T02:45:26Z,4.140000,4.150000,4.135000,4.146000,4.138000,4.150000,4.135000,4.146000,changed
2025-10-09 17:20:00+00:00,2026-10-05T02:45:26Z,4.142000,4.152000,4.140000,4.152000,4.144000,4.152000,4.144000,4.152000,changed
2025-10-09 18:20:00+00:00,2026-10-05T02:45:26Z,4.144000,4.152000,4.144000,4.148000,4.148000,4.152000,4.144000,4.148000,changed
2025-10-16 13:20:00+00:00,2026-10-05T02:45:26Z,4.015000,4.051000,4.009000,4.043000,4.017000,4.051000,4.017000,4.043000,changed
2025-10-16 14:20:00+00:00,2026-10-05T02:45:26Z,4.049000,4.049000,4.034000,4.036000,4.043000,4.047000,4.034000,4.036000,changed
2025-10-16 15:20:00+00:00,2026-10-05T02:45:26Z,4.042000,4.047000,4.011000,4.011000,4.036000,4.040000,4.011000,4.011000,changed
2025-10-16 16:20:00+00:00,2026-10-05T02:45:26Z,4.026000,4.028000,3.973000,3.990000,4.021000,4.021000,3.973000,3.990000,changed
2025-10-16 17:20:00+00:00,2026-10-05T02:45:26Z,4.007000,4.007000,3.973000,3.975000,3.992000,3.994000,3.973000,3.975000,changed
2025-10-16 18:20:00+00:00,2026-10-05T02:45:26Z,3.986000,3.990000,3.971000,3.976000,3.980000,3.984000,3.971000,3.976000,changed
2025-10-20 13:20:00+00:00,2026-10-05T02:45:26Z,3.992000,3.999000,3.988000,3.993000,4.001000,4.001000,3.988000,3.993000,changed
2025-10-20 14:20:00+00:00,2026-10-05T02:45:26Z,3.997000,4.001000,3.992000,3.995000,3.993000,4.001000,3.990000,3.995000,changed
2025-10-20 15:20:00+00:00,2026-10-05T02:45:26Z,3.997000,4.001000,3.990000,3.993000,3.995000,4.001000,3.990000,3.993000,changed
2025-10-20 16:20:00+00:00,2026-10-05T02:45:26Z,3.997000,3.997000,3.990000,3.993000,3.997000,4.001000,3.990000,3.993000,changed
2025-10-20 17:20:00+00:00,2026-10-05T02:45:26Z,3.995000,3.995000,3.986000,3.992000,3.993000,3.997000,3.986000,3.992000,changed
2025-10-20 18:20:00+00:00,2026-10-05T02:45:26Z,3.992000,3.992000,3.986000,3.986000,3.993000,3.995000,3.986000,3.986000,changed
2025-10-23 13:20:00+00:00,2026-10-05T02:45:26Z,3.986000,3.991000,3.978000,3.978000,3.982000,3.991000,3.978000,3.978000,changed
2025-10-23 14:20:00+00:00,2026-10-05T02:45:26Z,3.986000,3.997000,3.978000,3.995000,3.988000,3.997000,3.978000,3.995000,changed
2025-10-23 15:20:00+00:00,2026-10-05T02:45:26Z,3.980000,4.005000,3.978000,3.997000,3.984000,4.005000,3.984000,3.997000,changed
2025-10-23 16:20:00+00:00,2026-10-05T02:45:26Z,3.993000,4.005000,3.991000,3.997000,3.999000,4.005000,3.991000,3.997000,changed
2025-10-23 18:20:00+00:00,2026-10-05T02:45:26Z,3.997000,4.001000,3.991000,3.991000,3.995000,3.997000,3.991000,3.991000,changed
2025-10-27 14:20:00+00:00,2026-10-05T02:45:26Z,4.031000,4.031000,4.016000,4.024000,4.016000,4.033000,4.014000,4.024000,changed
2025-10-27 15:20:00+00:00,2026-10-05T02:45:26Z,4.022000,4.028000,4.006000,4.008000,4.018000,4.028000,4.006000,4.008000,changed
2025-10-27 16:20:00+00:00,2026-10-05T02:45:26Z,4.012000,4.014000,3.995000,4.001000,4.022000,4.022000,3.995000,4.001000,changed
2025-10-27 17:20:00+00:00,2026-10-05T02:45:26Z,4.003000,4.003000,3.995000,3.999000,4.005000,4.006000,3.995000,3.999000,changed
2025-10-30 13:20:00+00:00,2026-10-05T02:45:26Z,4.103000,4.116000,4.087000,4.087000,4.109000,4.116000,4.087000,4.087000,changed
2025-10-30 14:20:00+00:00,2026-10-05T02:45:26Z,4.112000,4.112000,4.078000,4.080000,4.097000,4.103000,4.078000,4.080000,changed
2025-10-30 15:20:00+00:00,2026-10-05T02:45:26Z,4.085000,4.093000,4.068000,4.083000,4.087000,4.089000,4.068000,4.083000,changed
2025-10-30 16:20:00+00:00,2026-10-05T02:45:26Z,4.078000,4.097000,4.068000,4.093000,4.080000,4.097000,4.076000,4.093000,changed
2025-10-30 17:20:00+00:00,2026-10-05T02:45:26Z,4.082000,4.097000,4.082000,4.093000,4.095000,4.097000,4.087000,4.093000,changed
2025-10-30 18:20:00+00:00,2026-10-05T02:45:26Z,4.091000,4.097000,4.087000,4.093000,4.089000,4.097000,4.089000,4.093000,changed
2025-10-02 13:20:00+00:00,2026-10-05T02:58:33Z,4.123000,4.125000,4.106000,4.108000,4.104000,4.127000,4.102000,4.108000,changed
2025-10-02 14:20:00+00:00,2026-10-05T02:58:33Z,4.115000,4.117000,4.102000,4.102000,4.115000,4.121000,4.102000,4.102000,changed
2025-10-02 15:20:00+00:00,2026-10-05T02:58:33Z,4.106000,4.110000,4.092000,4.092000,4.108000,4.110000,4.092000,4.092000,changed
2025-10-02 16:20:00+00:00,2026-10-05T02:58:33Z,4.104000,4.108000,4.083000,4.085000,4.102000,4.110000,4.083000,4.085000,changed
2025-10-02 17:20:00+00:00,2026-10-05T02:58:33Z,4.085000,4.090000,4.083000,4.086000,4.086000,4.090000,4.083000,4.086000,changed
2025-10-02 18:20:00+00:00,2026-10-05T02:58:33Z,4.088000,4.090000,4.085000,4.088000,4.085000,4.090000,4.083000,4.088000,changed
2025-10-06 13:20:00+00:00,2026-10-05T02:58:33Z,4.162000,4.166000,4.133000,4.144000,4.162000,4.164000,4.133000,4.144000,changed
2025-10-06 14:20:00+00:00,2026-10-05T02:58:33Z,4.160000,4.162000,4.133000,4.152000,4.152000,4.154000,4.133000,4.152000,changed
2025-10-06 15:20:00+00:00,2026-10-05T02:58:33Z,4.144000,4.160000,4.136000,4.160000,4.139000,4.160000,4.136000,4.160000,changed
2025-10-06 16:20:00+00:00,2026-10-05T02:58:33Z,4.156000,4.164000,4.154000,4.162000,4.160000,4.164000,4.154000,4.162000,changed
2025-10-06 17:20:00+00:00,2026-10-05T02:58:33Z,4.164000,4.164000,4.158000,4.162000,4.160000,4.162000,4.158000,4.162000,changed
2025-10-09 13:20:00+00:00,2026-10-05T02:58:33Z,4.140000,4.152000,4.136000,4.144000,4.133000,4.152000,4.127000,4.144000,changed
2025-10-09 14:20:00+00:00,2026-10-05T02:58:33Z,4.144000,4.148000,4.136000,4.144000,4.142000,4.152000,4.136000,4.144000,changed
2025-10-09 15:20:00+00:00,2026-10-05T02:58:33Z,4.140000,4.146000,4.135000,4.142000,4.142000,4.146000,4.135000,4.142000,changed
2025-10-09 16:20:00+00:00,2026-10-05T02:58:33Z,4.138000,4.150000,4.135000,4.146000,4.140000,4.150000,4.135000,4.146000,changed
2025-10-09 17:20:00+00:00,2026-10-05T02:58:33Z,4.144000,4.152000,4.144000,4.152000,4.142000,4.152000,4.140000,4.152000,changed
2025-10-09 18:20:00+00:00,2026-10-05T02:58:33Z,4.148000,4.152000,4.144000,4.148000,4.144000,4.152000,4.144000,4.148000,changed
2025-10-16 13:20:00+00:00,2026-10-05T02:58:33Z,4.017000,4.051000,4.017000,4.043000,4.015000,4.051000,4.009000,4.043000,changed
2025-10-16 14:20:00+00:00,2026-10-05T02:58:33Z,4.043000,4.047000,4.034000,4.036000,4.049000,4.049000,4.034000,4.036000,changed
2025-10-16 15:20:00+00:00,2026-10-05T02:58:33Z,4.036000,4.040000,4.011000,4.011000,4.042000,4.047000,4.011000,4.011000,changed
2025-10-16 16:20:00+00:00,2026-10-05T02:58:33Z,4.021000,4.021000,3.973000,3.990000,4.026000,4.028000,3.973000,3.990000,changed
2025-10-16 17:20:00+00:00,2026-10-05T02:58:33Z,3.992000,3.994000,3.973000,3.975000,4.007000,4.007000,3.973000,3.975000,changed
2025-10-16 18:20:00+00:00,2026-10-05T02:58:33Z,3.980000,3.984000,3.971000,3.976000,3.986000,3.990000,3.971000,3.976000,changed
2025-10-20 13:20:00+00:00,2026-10-05T02:58:33Z,4.001000,4.001000,3.988000,3.993000,3.992000,3.999000,3.988000,3.993000,changed
2025-10-20 14:20:00+00:00,2026-10-05T02:58:33Z,3.993000,4.001000,3.990000,3.995000,3.997000,4.001000,3.992000,3.995000,changed
2025-10-20 15:20:00+00:00,2026-10-05T02:58:33Z,3.995000,4.001000,3.990000,3.993000,3.997000,4.001000,3.990000,3.993000,changed
2025-10-20 16:20:00+00:00,2026-10-05T02:58:33Z,3.997000,4.001000,3.990000,3.993000,3.997000,3.997000,3.990000,3.993000,changed
2025-10-20 17:20:00+00:00,2026-10-05T02:58:33Z,3.993000,3.997000,3.986000,3.992000,3.995000,3.995000,3.986000,3.992000,changed
2025-10-20 18:20:00+00:00,2026-10-05T02:58:33Z,3.993000,3.995000,3.986000,3.986000,3.992000,3.992000,3.986000,3.986000,changed
2025-10-23 13:20:00+00:00,2026-10-05T02:58:33Z,3.982000,3.991000,3.978000,3.978000,3.986000,3.991000,3.978000,3.978000,changed
2025-10-23 14:20:00+00:00,2026-10-05T02:58:33Z,3.988000,3.997000,3.978000,3.995000,3.986000,3.997000,3.978000,3.995000,changed
2025-10-23 15:20:00+00:00,2026-10-05T02:58:33Z,3.984000,4.005000,3.984000,3.997000,3.980000,4.005000,3.978000,3.997000,changed
2025-10-23 16:20:00+00:00,2026-10-05T02:58:33Z,3.999000,4.005000,3.991000,3.997000,3.993000,4.005000,3.991000,3.997000,changed
2025-10-23 18:20:00+00:00,2026-10-05T02:58:33Z,3.995000,3.997000,3.991000,3.991000,3.997000,4.001000,3.991000,3.991000,changed
2025-10-27 14:20:00+00:00,2026-10-05T02:58:33Z,4.016000,4.033000,4.014000,4.024000,4.031000,4.031000,4.016000,4.024000,changed
2025-10-27 15:20:00+00:00,2026-10-05T02:58:33Z,4.018000,4.028000,4.006000,4.008000,4.022000,4.028000,4.006000,4.008000,changed
2025-10-27 16:20:00+00:00,2026-10-05T02:58:33Z,4.022000,4.022000,3.995000,4.001000,4.012000,4.014000,3.995000,4.001000,changed
2025-10-27 17:20:00+00:00,2026-10-05T02:58:33Z,4.005000,4.006000,3.995000,3.999000,4.003000,4.003000,3.995000,3.999000,changed
2025-10-30 13:20:00+00:00,2026-10-05T02:58:33Z,4.109000,4.116000,4.087000,4.087000,4.103000,4.116000,4.087000,4.087000,changed
2025-10-30 14:20:00+00:00,2026-10-05T02:58:33Z,4.097000,4.103000,4.078000,4.080000,4.112000,4.112000,4.078000,4.080000,changed
2025-10-30 15:20:00+00:00,2026-10-05T02:58:33Z,4.087000,4.089000,4.068000,4.083000,4.085000,4.093000,4.068000,4.083000,changed
2025-10-30 16:20:00+00:00,2026-10-05T02:58:33Z,4.080000,4.097000,4.076000,4.093000,4.078000,4.097000,4.068000,4.093000,changed
2025-10-30 17:20:00+00:00,2026-10-05T02:58:33Z,4.095000,4.097000,4.087000,4.093000,4.082000,4.097000,4.082000,4.093000,changed
2025-10-30 18:20:00+00:00,2026-10-05T02:58:33Z,4.089000,4.097000,4.089000,4.093000,4.091000,4.097000,4.087000,4.093000,changed
2025-10-02 13:20:00+00:00,2026-10-05T03:10:39Z,4.104000,4.127000,4.102000,4.108000,4.123000,4.125000,4.106000,4.108000,changed
2025-10-02 14:20:00+00:00,2026-10-05T03:10:39Z,4.115000,4.121000,4.102000,4.102000,4.115000,4.117000,4.102000,4.102000,changed
2025-10-02 15:20:00+00:00,2026-10-05T03:10:39Z,4.108000,4.110000,4.092000,4.092000,4.106000,4.110000,4.092000,4.092000,changed
2025-10-02 16:20:00+00:00,2026-10-05T03:10:39Z,4.102000,4.110000,4.083000,4.085000,4.104000,4.108000,4.083000,4.085000,changed
2025-10-02 17:20:00+00:00,2026-10-05T03:10:39Z,4.086000,4.090000,4.083000,4.086000,4.085000,4.090000,4.083000,4.086000,changed
2025-10-02 18:20:00+00:00,2026-10-05T03:10:39Z,4.085000,4.090000,4.083000,4.088000,4.088000,4.090000,4.085000,4.088000,changed
2025-10-06 13:20:00+00:00,2026-10-05T03:10:39Z,4.162000,4.164000,4.133000,4.144000,4.162000,4.166000,4.133000,4.144000,changed
2025-10-06 14:20:00+00:00,2026-10-05T03:10:39Z,4.152000,4.154000,4.133000,4.152000,4.160000,4.162000,4.133000,4.152000,changed
2025-10-06 15:20:00+00:00,2026-10-05T03:10:39Z,4.139000,4.160000,4.136000,4.160000,4.144000,4.160000,4.136000,4.160000,changed
2025-10-06 16:20:00+00:00,2026-10-05T03:10:39Z,4.160000,4.164000,4.154000,4.162000,4.156000,4.164000,4.154000,4.162000,changed
2025-10-06 17:20:00+00:00,2026-10-05T03:10:39Z,4.160000,4.162000,4.158000,4.162000,4.164000,4.164000,4.158000,4.162000,changed
2025-10-09 13:20:00+00:00,2026-10-05T03:10:39Z,4.133000,4.152000,4.127000,4.144000,4.140000,4.152000,4.136000,4.144000,changed
2025-10-09 14:20:00+00:00,2026-10-05T03:10:39Z,4.142000,4.152000,4.136000,4.144000,4.144000,4.148000,4.136000,4.144000,changed
2025-10-09 15:20:00+00:00,2026-10-05T03:10:39Z,4.142000,4.146000,4.135000,4.142000,4.140000,4.146000,4.135000,4.142000,changed
2025-10-09 16:20:00+00:00,2026-10-05T03:10:39Z,4.140000,4.150000,4.135000,4.146000,4.138000,4.150000,4.135000,4.146000,changed
2025-10-09 17:20:00+00:00,2026-10-05T03:10:39Z,4.142000,4.152000,4.140000,4.152000,4.144000,4.152000,4.144000,4.152000,changed
2025-10-09 18:20:00+00:00,2026-10-05T03:10:39Z,4.144000,4.152000,4.144000,4.148000,4.148000,4.152000,4.144000,4.148000,changed
2025-10-16 13:20:00+00:00,2026-10-05T03:10:39Z,4.015000,4.051000,4.009000,4.043000,4.017000,4.051000,4.017000,4.043000,changed
2025-10-16 14:20:00+00:00,2026-10-05T03:10:39Z,4.049000,4.049000,4.034000,4.036000,4.043000,4.047000,4.034000,4.036000,changed
2025-10-16 15:20:00+00:00,2026-10-05T03:10:39Z,4.042000,4.047000,4.011000,4.011000,4.036000,4.040000,4.011000,4.011000,changed
2025-10-16 16:20:00+00:00,2026-10-05T03:10:39Z,4.026000,4.028000,3.973000,3.990000,4.021000,4.021000,3.973000,3.990000,changed
2025-10-16 17:20:00+00:00,2026-10-05T03:10:39Z,4.007000,4.007000,3.973000,3.975000,3.992000,3.994000,3.973000,3.975000,changed
2025-10-16 18:20:00+00:00,2026-10-05T03:10:39Z,3.986000,3.990000,3.971000,3.976000,3.980000,3.984000,3.971000,3.976000,changed
2025-10-20 13:20:00+00:00,2026-10-05T03:10:39Z,3.992000,3.999000,3.988000,3.993000,4.001000,4.001000,3.988000,3.993000,changed
2025-10-20 14:20:00+00:00,2026-10-05T03:10:39Z,3.997000,4.001000,3.992000,3.995000,3.993000,4.001000,3.990000,3.995000,changed
2025-10-20 15:20:00+00:00,2026-10-05T03:10:39Z,3.997000,4.001000,3.990000,3.993000,3.995000,4.001000,3.990000,3.993000,changed
2025-10-20 16:20:00+00:00,2026-10-05T03:10:39Z,3.997000,3.997000,3.990000,3.993000,3.997000,4.001000,3.990000,3.993000,changed
2025-10-20 17:20:00+00:00,2026-10-05T03:10:39Z,3.995000,3.995000,3.986000,3.992000,3.993000,3.997000,3.986000,3.992000,changed
2025-10-20 18:20:00+00:00,2026-10-05T03:10:39Z,3.992000,3.992000,3.986000,3.986000,3.993000,3.995000,3.986000,3.986000,changed
2025-10-23 13:20:00+00:00,2026-10-05T03:10:39Z,3.986000,3.991000,3.978000,3.978000,3.982000,3.991000,3.978000,3.978000,changed
2025-10-23 14:20:00+00:00,2026-10-05T03:10:39Z,3.986000,3.997000,3.978000,3.995000,3.988000,3.997000,3.978000,3.995000,changed
2025-10-23 15:20:00+00:00,2026-10-05T03:10:39Z,3.980000,4.005000,3.978000,3.997000,3.984000,4.005000,3.984000,3.997000,changed
2025-10-23 16:20:00+00:00,2026-10-05T03:10:39Z,3.993000,4.005000,3.991000,3.997000,3.999000,4.005000,3.991000,3.997000,changed
2025-10-23 18:20:00+00:00,2026-10-05T03:10:39Z,3.997000,4.001000,3.991000,3.991000,3.995000,3.997000,3.991000,3.991000,changed
2025-10-27 14:20:00+00:00,2026-10-05T03:10:39Z,4.031000,4.031000,4.016000,4.024000,4.016000,4.033000,4.014000,4.024000,changed
2025-10-27 15:20:00+00:00,2026-10-05T03:10:39Z,4.022000,4.028000,4.006000,4.008000,4.018000,4.028000,4.006000,4.008000,changed
2025-10-27 16:20:00+00:00,2026-10-05T03:10:39Z,4.012000,4.014000,3.995000,4.001000,4.022000,4.022000,3.995000,4.001000,changed
2025-10-27 17:20:00+00:00,2026-10-05T03:10:39Z,4.003000,4.003000,3.995000,3.999000,4.005000,4.006000,3.995000,3.999000,changed
2025-10-30 13:20:00+00:00,2026-10-05T03:10:39Z,4.103000,4.116000,4.087000,4.087000,4.109000,4.116000,4.087000,4.087000,changed
2025-10-30 14:20:00+00:00,2026-10-05T03:10:39Z,4.112000,4.112000,4.078000,4.080000,4.097000,4.103000,4.078000,4.080000,changed
2025-10-30 15:20:00+00:00,2026-10-05T03:10:39Z,4.085000,4.093000,4.068000,4.083000,4.087000,4.089000,4.068000,4.083000,changed
2025-10-30 16:20:00+00:00,2026-10-05T03:10:39Z,4.078000,4.097000,4.068000,4.093000,4.080000,4.097000,4.076000,4.093000,changed
2025-10-30 17:20:00+00:00,2026-10-05T03:10:39Z,4.082000,4.097000,4.082000,4.093000,4.095000,4.097000,4.087000,4.093000,changed
2025-10-30 18:20:00+00:00,2026-10-05T03:10:39Z,4.091000,4.097000,4.087000,4.093000,4.089000,4.097000,4.089000,4.093000,changed
2025-10-02 13:20:00+00:00,2026-10-05T03:31:19Z,4.123000,4.125000,4.106000,4.108000,4.104000,4.127000,4.102000,4.108000,changed
2025-10-02 14:20:00+00:00,2026-10-05T03:31:19Z,4.115000,4.117000,4.102000,4.102000,4.115000,4.121000,4.102000,4.102000,changed
2025-10-02 15:20:00+00:00,2026-10-05T03:31:19Z,4.106000,4.110000,4.092000,4.092000,4.108000,4.110000,4.092000,4.092000,changed
2025-10-02 16:20:00+00:00,2026-10-05T03:31:19Z,4.104000,4.108000,4.083000,4.085000,4.102000,4.110000,4.083000,4.085000,changed
2025-10-02 17:20:00+00:00,2026-10-05T03:31:19Z,4.085000,4.090000,4.083000,4.086000,4.086000,4.090000,4.083000,4.086000,changed
2025-10-02 18:20:00+00:00,2026-10-05T03:31:19Z,4.088000,4.090000,4.085000,4.088000,4.085000,4.090000,4.083000,4.088000,changed
2025-10-06 13:20:00+00:00,2026-10-05T03:31:19Z,4.162000,4.166000,4.133000,4.144000,4.162000,4.164000,4.133000,4.144000,changed
2025-10-06 14:20:00+00:00,2026-10-05T03:31:19Z,4.160000,4.162000,4.133000,4.152000,4.152000,4.154000,4.133000,4.152000,changed
2025-10-06 15:20:00+00:00,2026-10-05T03:31:19Z,4.144000,4.160000,4.136000,4.160000,4.139000,4.160000,4.136000,4.160000,changed
2025-10-06 16:20:00+00:00,2026-10-05T03:31:19Z,4.156000,4.164000,4.154000,4.162000,4.160000,4.164000,4.154000,4.162000,changed
2025-10-06 17:20:00+00:00,2026-10-05T03:31:19Z,4.164000,4.164000,4.158000,4.162000,4.160000,4.162000,4.158000,4.162000,changed
2025-10-09 13:20:00+00:00,2026-10-05T03:31:19Z,4.140000,4.152000,4.136000,4.144000,4.133000,4.152000,4.127000,4.144000,changed
2025-10-09 14:20:00+00:00,2026-10-05T03:31:19Z,4.144000,4.148000,4.136000,4.144000,4.142000,4.152000,4.136000,4.144000,changed
2025-10-09 15:20:00+00:00,2026-10-05T03:31:19Z,4.140000,4.146000,4.135000,4.142000,4.142000,4.146000,4.135000,4.142000,changed
2025-10-09 16:20:00+00:00,2026-10-05T03:31:19Z,4.138000,4.150000,4.135000,4.146000,4.140000,4.150000,4.135000,4.146000,changed
2025-10-09 17:20:00+00:00,2026-10-05T03:31:19Z,4.144000,4.152000,4.144000,4.152000,4.142000,4.152000,4.140000,4.152000,changed
2025-10-09 18:20:00+00:00,2026-10-05T03:31:19Z,4.148000,4.152000,4.144000,4.148000,4.144000,4.152000,4.144000,4.148000,changed
2025-10-16 13:20:00+00:00,2026-10-05T03:31:19Z,4.017000,4.051000,4.017000,4.043000,4.015000,4.051000,4.009000,4.043000,changed
2025-10-16 14:20:00+00:00,2026-10-05T03:31:19Z,4.043000,4.047000,4.034000,4.036000,4.049000,4.049000,4.034000,4.036000,changed
2025-10-16 15:20:00+00:00,2026-10-05T03:31:19Z,4.036000,4.040000,4.011000,4.011000,4.042000,4.047000,4.011000,4.011000,changed
2025-10-16 16:20:00+00:00,2026-10-05T03:31:19Z,4.021000,4.021000,3.973000,3.990000,4.026000,4.028000,3.973000,3.990000,changed
2025-10-16 17:20:00+00:00,2026-10-05T03:31:19Z,3.992000,3.994000,3.973000,3.975000,4.007000,4.007000,3.973000,3.975000,changed
2025-10-16 18:20:00+00:00,2026-10-05T03:31:19Z,3.980000,3.984000,3.971000,3.976000,3.986000,3.990000,3.971000,3.976000,changed
2025-10-20 13:20:00+00:00,2026-10-05T03:31:19Z,4.001000,4.001000,3.988000,3.993000,3.992000,3.999000,3.988000,3.993000,changed
2025-10-20 14:20:00+00:00,2026-10-05T03:31:19Z,3.993000,4.001000,3.990000,3.995000,3.997000,4.001000,3.992000,3.995000,changed
2025-10-20 15:20:00+00:00,2026-10-05T03:31:19Z,3.995000,4.001000,3.990000,3.993000,3.997000,4.001000,3.990000,3.993000,changed
2025-10-20 16:20:00+00:00,2026-10-05T03:31:19Z,3.997000,4.001000,3.990000,3.993000,3.997000,3.997000,3.990000,3.993000,changed
2025-10-20 17:20:00+00:00,2026-10-05T03:31:19Z,3.993000,3.997000,3.986000,3.992000,3.995000,3.995000,3.986000,3.992000,changed
2025-10-20 18:20:00+00:00,2026-10-05T03:31:19Z,3.993000,3.995000,3.986000,3.986000,3.992000,3.992000,3.986000,3.986000,changed
2025-10-23 13:20:00+00:00,2026-10-05T03:31:19Z,3.982000,3.991000,3.978000,3.978000,3.986000,3.991000,3.978000,3.978000,changed
2025-10-23 14:20:00+00:00,2026-10-05T03:31:19Z,3.988000,3.997000,3.978000,3.995000,3.986000,3.997000,3.978000,3.995000,changed
2025-10-23 15:20:00+00:00,2026-10-05T03:31:19Z,3.984000,4.005000,3.984000,3.997000,3.980000,4.005000,3.978000,3.997000,changed
2025-10-23 16:20:00+00:00,2026-10-05T03:31:19Z,3.999000,4.005000,3.991000,3.997000,3.993000,4.005000,3.991000,3.997000,changed
2025-10-23 18:20:00+00:00,2026-10-05T03:31:19Z,3.995000,3.997000,3.991000,3.991000,3.997000,4.001000,3.991000,3.991000,changed
2025-10-27 14:20:00+00:00,2026-10-05T03:31:19Z,4.016000,4.033000,4.014000,4.024000,4.031000,4.031000,4.016000,4.024000,changed
2025-10-27 15:20:00+00:00,2026-10-05T03:31:19Z,4.018000,4.028000,4.006000,4.008000,4.022000,4.028000,4.006000,4.008000,changed
2025-10-27 16:20:00+00:00,2026-10-05T03:31:19Z,4.022000,4.022000,3.995000,4.001000,4.012000,4.014000,3.995000,4.001000,changed
2025-10-27 17:20:00+00:00,2026-10-05T03:31:19Z,4.005000,4.006000,3.995000,3.999000,4.003000,4.003000,3.995000,3.999000,changed
2025-10-30 13:20:00+00:00,2026-10-05T03:31:19Z,4.109000,4.116000,4.087000,4.087000,4.103000,4.116000,4.087000,4.087000,changed
2025-10-30 14:20:00+00:00,2026-10-05T03:31:19Z,4.097000,4.103000,4.078000,4.080000,4.112000,4.112000,4.078000,4.080000,changed
2025-10-30 15:20:00+00:00,2026-10-05T03:31:19Z,4.087000,4.089000,4.068000,4.083000,4.085000,4.093000,4.068000,4.083000,changed
2025-10-30 16:20:00+00:00,2026-10-05T03:31:19Z,4.080000,4.097000,4.076000,4.093000,4.078000,4.097000,4.068000,4.093000,changed
2025-10-30 17:20:00+00:00,2026-10-05T03:31:19Z,4.095000,4.097000,4.087000,4.093000,4.082000,4.097000,4.082000,4.093000,changed
2025-10-30 18:20:00+00:00,2026-10-05T03:31:19Z,4.089000,4.097000,4.089000,4.093000,4.091000,4.097000,4.087000,4.093000,changed
2025-10-02 13:20:00+00:00,2026-10-05T03:49:21Z,4.104000,4.127000,4.102000,4.108000,4.123000,4.125000,4.106000,4.108000,changed
2025-10-02 14:20:00+00:00,2026-10-05T03:49:21Z,4.115000,4.121000,4.102000,4.102000,4.115000,4.117000,4.102000,4.102000,changed
2025-10-02 15:20:00+00:00,2026-10-05T03:49:21Z,4.108000,4.110000,4.092000,4.092000,4.106000,4.110000,4.092000,4.092000,changed
2025-10-02 16:20:00+00:00,2026-10-05T03:49:21Z,4.102000,4.110000,4.083000,4.085000,4.104000,4.108000,4.083000,4.085000,changed
2025-10-02 17:20:00+00:00,2026-10-05T03:49:21Z,4.086000,4.090000,4.083000,4.086000,4.085000,4.090000,4.083000,4.086000,changed
2025-10-02 18:20:00+00:00,2026-10-05T03:49:21Z,4.085000,4.090000,4.083000,4.088000,4.088000,4.090000,4.085000,4.088000,changed
2025-10-06 13:20:00+00:00,2026-10-05T03:49:21Z,4.162000,4.164000,4.133000,4.144000,4.162000,4.166000,4.133000,4.144000,changed
2025-10-06 14:20:00+00:00,2026-10-05T03:49:21Z,4.152000,4.154000,4.133000,4.152000,4.160000,4.162000,4.133000,4.152000,changed
2025-10-06 15:20:00+00:00,2026-10-05T03:49:21Z,4.139000,4.160000,4.136000,4.160000,4.144000,4.160000,4.136000,4.160000,changed
2025-10-06 16:20:00+00:00,2026-10-05T03:49:21Z,4.160000,4.164000,4.154000,4.162000,4.156000,4.164000,4.154000,4.162000,changed
2025-10-06 17:20:00+00:00,2026-10-05T03:49:21Z,4.160000,4.162000,4.158000,4.162000,4.164000,4.164000,4.158000,4.162000,changed
2025-10-09 13:20:00+00:00,2026-10-05T03:49:21Z,4.133000,4.152000,4.127000,4.144000,4.140000,4.152000,4.136000,4.144000,changed
2025-10-09 14:20:00+00:00,2026-10-05T03:49:21Z,4.142000,4.152000,4.136000,4.144000,4.144000,4.148000,4.136000,4.144000,changed
2025-10-09 15:20:00+00:00,2026-10-05T03:49:21Z,4.142000,4.146000,4.135000,4.142000,4.140000,4.146000,4.135000,4.142000,changed
2025-10-09 16:20:00+00:00,2026-10-05T03:49:21Z,4.140000,4.150000,4.135000,4.146000,4.138000,4.150000,4.135000,4.146000,changed
2025-10-09 17:20:00+00:00,2026-10-05T03:49:21Z,4.142000,4.152000,4.140000,4.152000,4.144000,4.152000,4.144000,4.152000,changed
2025-10-09 18:20:00+00:00,2026-10-05T03:49:21Z,4.144000,4.152000,4.144000,4.148000,4.148000,4.152000,4.144000,4.148000,changed
2025-10-16 13:20:00+00:00,2026-10-05T03:49:21Z,4.015000,4.051000,4.009000,4.043000,4.017000,4.051000,4.017000,4.043000,changed
2025-10-16 14:20:00+00:00,2026-10-05T03:49:21Z,4.049000,4.049000,4.034000,4.036000,4.043000,4.047000,4.034000,4.036000,changed
2025-10-16 15:20:00+00:00,2026-10-05T03:49:21Z,4.042000,4.047000,4.011000,4.011000,4.036000,4.040000,4.011000,4.011000,changed
2025-10-16 16:20:00+00:00,2026-10-05T03:49:21Z,4.026000,4.028000,3.973000,3.990000,4.021000,4.021000,3.973000,3.990000,changed
2025-10-16 17:20:00+00:00,2026-10-05T03:49:21Z,4.007000,4.007000,3.973000,3.975000,3.992000,3.994000,3.973000,3.975000,changed
2025-10-16 18:20:00+00:00,2026-10-05T03:49:21Z,3.986000,3.990000,3.971000,3.976000,3.980000,3.984000,3.971000,3.976000,changed
2025-10-20 13:20:00+00:00,2026-10-05T03:49:21Z,3.992000,3.999000,3.988000,3.993000,4.001000,4.001000,3.988000,3.993000,changed
2025-10-20 14:20:00+00:00,2026-10-05T03:49:21Z,3.997000,4.001000,3.992000,3.995000,3.993000,4.001000,3.990000,3.995000,changed
2025-10-20 15:20:00+00:00,2026-10-05T03:49:21Z,3.997000,4.001000,3.990000,3.993000,3.995000,4.001000,3.990000,3.993000,changed
2025-10-20 16:20:00+00:00,2026-10-05T03:49:21Z,3.997000,3.997000,3.990000,3.993000,3.997000,4.001000,3.990000,3.993000,changed
2025-10-20 17:20:00+00:00,2026-10-05T03:49:21Z,3.995000,3.995000,3.986000,3.992000,3.993000,3.997000,3.986000,3.992000,changed
2025-10-20 18:20:00+00:00,2026-10-05T03:49:21Z,3.992000,3.992000,3.986000,3.986000,3.993000,3.995000,3.986000,3.986000,changed
2025-10-23 13:20:00+00:00,2026-10-05T03:49:21Z,3.986000,3.991000,3.978000,3.978000,3.982000,3.991000,3.978000,3.978000,changed
2025-10-23 14:20:00+00:00,2026-10-05T03:49:21Z,3.986000,3.997000,3.978000,3.995000,3.988000,3.997000,3.978000,3.995000,changed
2025-10-23 15:20:00+00:00,2026-10-05T03:49:21Z,3.980000,4.005000,3.978000,3.997000,3.984000,4.005000,3.984000,3.997000,changed
2025-10-23 16:20:00+00:00,2026-10-05T03:49:21Z,3.993000,4.005000,3.991000,3.997000,3.999000,4.005000,3.991000,3.997000,changed
2025-10-23 18:20:00+00:00,2026-10-05T03:49:21Z,3.997000,4.001000,3.991000,3.991000,3.995000,3.997000,3.991000,3.991000,changed
2025-10-27 14:20:00+00:00,2026-10-05T03:49:21Z,4.031000,4.031000,4.016000,4.024000,4.016000,4.033000,4.014000,4.024000,changed
2025-10-27 15:20:00+00:00,2026-10-05T03:49:21Z,4.022000,4.028000,4.006000,4.008000,4.018000,4.028000,4.006000,4.008000,changed
2025-10-27 16:20:00+00:00,2026-10-05T03:49:21Z,4.012000,4.014000,3.995000,4.001000,4.022000,4.022000,3.995000,4.001000,changed
2025-10-27 17:20:00+00:00,2026-10-05T03:49:21Z,4.003000,4.003000,3.995000,3.999000,4.005000,4.006000,3.995000,3.999000,changed
2025-10-30 13:20:00+00:00,2026-10-05T03:49:21Z,4.103000,4.116000,4.087000,4.087000,4.109000,4.116000,4.087000,4.087000,changed
2025-10-30 14:20:00+00:00,2026-10-05T03:49:21Z,4.112000,4.112000,4.078000,4.080000,4.097000,4.103000,4.078000,4.080000,changed
2025-10-30 15:20:00+00:00,2026-10-05T03:49:21Z,4.085000,4.093000,4.068000,4.083000,4.087000,4.089000,4.068000,4.083000,changed
2025-10-30 16:20:00+00:00,2026-10-05T03:49:21Z,4.078000,4.097000,4.068000,4.093000,4.080000,4.097000,4.076000,4.093000,changed
2025-10-30 17:20:00+00:00,2026-10-05T03:49:21Z,4.082000,4.097000,4.082000,4.093000,4.095000,4.097000,4.087000,4.093000,changed
2025-10-30 18:20:00+00:00,2026-10-05T03:49:21Z,4.091000,4.097000,4.087000,4.093000,4.089000,4.097000,4.089000,4.093000,changed
2025-10-02 13:20:00+00:00,2026-10-05T04:32:12Z,4.123000,4.125000,4.106000,4.108000,4.104000,4.127000,4.102000,4.108000,changed
2025-10-02 14:20:00+00:00,2026-10-05T04:32:12Z,4.115000,4.117000,4.102000,4.102000,4.115000,4.121000,4.102000,4.102000,changed
2025-10-02 15:20:00+00:00,2026-10-05T04:32:12Z,4.106000,4.110000,4.092000,4.092000,4.108000,4.110000,4.092000,4.092000,changed
2025-10-02 16:20:00+00:00,2026-10-05T04:32:12Z,4.104000,4.108000,4.083000,4.085000,4.102000,4.110000,4.083000,4.085000,changed
2025-10-02 17:20:00+00:00,2026-10-05T04:32:12Z,4.085000,4.090000,4.083000,4.086000,4.086000,4.090000,4.083000,4.086000,changed
2025-10-02 18:20:00+00:00,2026-10-05T04:32:12Z,4.088000,4.090000,4.085000,4.088000,4.085000,4.090000,4.083000,4.088000,changed
2025-10-06 13:20:00+00:00,2026-10-05T04:32:12Z,4.162000,4.166000,4.133000,4.144000,4.162000,4.164000,4.133000,4.144000,changed
2025-10-06 14:20:00+00:00,2026-10-05T04:32:12Z,4.160000,4.162000,4.133000,4.152000,4.152000,4.154000,4.133000,4.152000,changed
2025-10-06 15:20:00+00:00,2026-10-05T04:32:12Z,4.144000,4.160000,4.136000,4.160000,4.139000,4.160000,4.136000,4.160000,changed
2025-10-06 16:20:00+00:00,2026-10-05T04:32:12Z,4.156000,4.164000,4.154000,4.162000,4.160000,4.164000,4.154000,4.162000,changed
2025-10-06 17:20:00+00:00,2026-10-05T04:32:12Z,4.164000,4.164000,4.158000,4.162000,4.160000,4.162000,4.158000,4.162000,changed
2025-10-09 13:20:00+00:00,2026-10-05T04:32:12Z,4.140000,4.152000,4.136000,4.144000,4.133000,4.152000,4.127000,4.144000,changed
2025-10-09 14:20:00+00:00,2026-10-05T04:32:12Z,4.144000,4.148000,4.136000,4.144000,4.142000,4.152000,4.136000,4.144000,changed
2025-10-09 15:20:00+00:00,2026-10-05T04:32:12Z,4.140000,4.146000,4.135000,4.142000,4.142000,4.146000,4.135000,4.142000,changed
2025-10-09 16:20:00+00:00,2026-10-05T04:32:12Z,4.138000,4.150000,4.135000,4.146000,4.140000,4.150000,4.135000,4.146000,changed
2025-10-09 17:20:00+00:00,2026-10-05T04:32:12Z,4.144000,4.152000,4.144000,4.152000,4.142000,4.152000,4.140000,4.152000,changed
2025-10-09 18:20:00+00:00,2026-10-05T04:32:12Z,4.148000,4.152000,4.144000,4.148000,4.144000,4.152000,4.144000,4.148000,changed
2025-10-16 13:20:00+00:00,2026-10-05T04:32:12Z,4.017000,4.051000,4.017000,4.043000,4.015000,4.051000,4.009000,4.043000,changed
2025-10-16 14:20:00+00:00,2026-10-05T04:32:12Z,4.043000,4.047000,4.034000,4.036000,4.049000,4.049000,4.034000,4.036000,changed
2025-10-16 15:20:00+00:00,2026-10-05T04:32:12Z,4.036000,4.040000,4.011000,4.011000,4.042000,4.047000,4.011000,4.011000,changed
2025-10-16 16:20:00+00:00,2026-10-05T04:32:12Z,4.021000,4.021000,3.973000,3.990000,4.026000,4.028000,3.973000,3.990000,changed
2025-10-16 17:20:00+00:00,2026-10-05T04:32:12Z,3.992000,3.994000,3.973000,3.975000,4.007000,4.007000,3.973000,3.975000,changed
2025-10-16 18:20:00+00:00,2026-10-05T04:32:12Z,3.980000,3.984000,3.971000,3.976000,3.986000,3.990000,3.971000,3.976000,changed
2025-10-20 13:20:00+00:00,2026-10-05T04:32:12Z,4.001000,4.001000,3.988000,3.993000,3.992000,3.999000,3.988000,3.993000,changed
2025-10-20 14:20:00+00:00,2026-10-05T04:32:12Z,3.993000,4.001000,3.990000,3.995000,3.997000,4.001000,3.992000,3.995000,changed
2025-10-20 15:20:00+00:00,2026-10-05T04:32:12Z,3.995000,4.001000,3.990000,3.993000,3.997000,4.001000,3.990000,3.993000,changed
2025-10-20 16:20:00+00:00,2026-10-05T04:32:12Z,3.997000,4.001000,3.990000,3.993000,3.997000,3.997000,3.990000,3.993000,changed
2025-10-20 17:20:00+00:00,2026-10-05T04:32:12Z,3.993000,3.997000,3.986000,3.992000,3.995000,3.995000,3.986000,3.992000,changed
2025-10-20 18:20:00+00:00,2026-10-05T04:32:12Z,3.993000,3.995000,3.986000,3.986000,3.992000,3.992000,3.986000,3.986000,changed
2025-10-23 13:20:00+00:00,2026-10-05T04:32:12Z,3.982000,3.991000,3.978000,3.978000,3.986000,3.991000,3.978000,3.978000,changed
2025-10-23 14:20:00+00:00,2026-10-05T04:32:12Z,3.988000,3.997000,3.978000,3.995000,3.986000,3.997000,3.978000,3.995000,changed
2025-10-23 15:20:00+00:00,2026-10-05T04:32:12Z,3.984000,4.005000,3.984000,3.997000,3.980000,4.005000,3.978000,3.997000,changed
2025-10-23 16:20:00+00:00,2026-10-05T04:32:12Z,3.999000,4.005000,3.991000,3.997000,3.993000,4.005000,3.991000,3.997000,changed
2025-10-23 18:20:00+00:00,2026-10-05T04:32:12Z,3.995000,3.997000,3.991000,3.991000,3.997000,4.001000,3.991000,3.991000,changed
2025-10-27 14:20:00+00:00,2026-10-05T04:32:12Z,4.016000,4.033000,4.014000,4.024000,4.031000,4.031000,4.016000,4.024000,changed
2025-10-27 15:20:00+00:00,2026-10-05T04:32:12Z,4.018000,4.028000,4.006000,4.008000,4.022000,4.028000,4.006000,4.008000,changed
2025-10-27 16:20:00+00:00,2026-10-05T04:32:12Z,4.022000,4.022000,3.995000,4.001000,4.012000,4.014000,3.995000,4.001000,changed
2025-10-27 17:20:00+00:00,2026-10-05T04:32:12Z,4.005000,4.006000,3.995000,3.999000,4.003000,4.003000,3.995000,3.999000,changed
2025-10-30 13:20:00+00:00,2026-10-05T04:32:12Z,4.109000,4.116000,4.087000,4.087000,4.103000,4.116000,4.087000,4.087000,changed
2025-10-30 14:20:00+00:00,2026-10-05T04:32:12Z,4.097000,4.103000,4.078000,4.080000,4.112000,4.112000,4.078000,4.080000,changed
2025-10-30 15:20:00+00:00,2026-10-05T04:32:12Z,4.087000,4.089000,4.068000,4.083000,4.085000,4.093000,4.068000,4.083000,changed
2025-10-30 16:20:00+00:00,2026-10-05T04:32:12Z,4.080000,4.097000,4.076000,4.093000,4.078000,4.097000,4.068000,4.093000,changed
2025-10-30 17:20:00+00:00,2026-10-05T04:32:12Z,4.095000,4.097000,4.087000,4.093000,4.082000,4.097000,4.082000,4.093000,changed
2025-10-30 18:20:00+00:00,2026-10-05T04:32:12Z,4.089000,4.097000,4.089000,4.093000,4.091000,4.097000,4.087000,4.093000,changed
2025-10-02 13:20:00+00:00,2026-10-05T05:08:34Z,4.104000,4.127000,4.102000,4.108000,4.123000,4.125000,4.106000,4.108000,changed
2025-10-02 14:20:00+00:00,2026-10-05T05:08:34Z,4.115000,4.121000,4.102000,4.102000,4.115000,4.117000,4.102000,4.102000,changed
2025-10-02 15:20:00+00:00,2026-10-05T05:08:34Z,4.108000,4.110000,4.092000,4.092000,4.106000,4.110000,4.092000,4.092000,changed
2025-10-02 16:20:00+00:00,2026-10-05T05:08:34Z,4.102000,4.110000,4.083000,4.085000,4.104000,4.108000,4.083000,4.085000,changed
2025-10-02 17:20:00+00:00,2026-10-05T05:08:34Z,4.086000,4.090000,4.083000,4.086000,4.085000,4.090000,4.083000,4.086000,changed
2025-10-02 18:20:00+00:00,2026-10-05T05:08:34Z,4.085000,4.090000,4.083000,4.088000,4.088000,4.090000,4.085000,4.088000,changed
2025-10-06 13:20:00+00:00,2026-10-05T05:08:34Z,4.162000,4.164000,4.133000,4.144000,4.162000,4.166000,4.133000,4.144000,changed
2025-10-06 14:20:00+00:00,2026-10-05T05:08:34Z,4.152000,4.154000,4.133000,4.152000,4.160000,4.162000,4.133000,4.152000,changed
2025-10-06 15:20:00+00:00,2026-10-05T05:08:34Z,4.139000,4.160000,4.136000,4.160000,4.144000,4.160000,4.136000,4.160000,changed
2025-10-06 16:20:00+00:00,2026-10-05T05:08:34Z,4.160000,4.164000,4.154000,4.162000,4.156000,4.164000,4.154000,4.162000,changed
2025-10-06 17:20:00+00:00,2026-10-05T05:08:34Z,4.160000,4.162000,4.158000,4.162000,4.164000,4.164000,4.158000,4.162000,changed
2025-10-09 13:20:00+00:00,2026-10-05T05:08:34Z,4.133000,4.152000,4.127000,4.144000,4.140000,4.152000,4.136000,4.144000,changed
2025-10-09 14:20:00+00:00,2026-10-05T05:08:34Z,4.142000,4.152000,4.136000,4.144000,4.144000,4.148000,4.136000,4.144000,changed
2025-10-09 15:20:00+00:00,2026-10-05T05:08:34Z,4.142000,4.146000,4.135000,4.142000,4.140000,4.146000,4.135000,4.142000,changed
2025-10-09 16:20:00+00:00,2026-10-05T05:08:34Z,4.140000,4.150000,4.135000,4.146000,4.138000,4.150000,4.135000,4.146000,changed
2025-10-09 17:20:00+00:00,2026-10-05T05:08:34Z,4.142000,4.152000,4.140000,4.152000,4.144000,4.152000,4.144000,4.152000,changed
2025-10-09 18:20:00+00:00,2026-10-05T05:08:34Z,4.144000,4.152000,4.144000,4.148000,4.148000,4.152000,4.144000,4.148000,changed
2025-10-16 13:20:00+00:00,2026-10-05T05:08:34Z,4.015000,4.051000,4.009000,4.043000,4.017000,4.051000,4.017000,4.043000,changed
2025-10-16 14:20:00+00:00,2026-10-05T05:08:34Z,4.049000,4.049000,4.034000,4.036000,4.043000,4.047000,4.034000,4.036000,changed
2025-10-16 15:20:00+00:00,2026-10-05T05:08:34Z,4.042000,4.047000,4.011000,4.011000,4.036000,4.040000,4.011000,4.011000,changed
2025-10-16 16:20:00+00:00,2026-10-05T05:08:34Z,4.026000,4.028000,3.973000,3.990000,4.021000,4.021000,3.973000,3.990000,changed
2025-10-16 17:20:00+00:00,2026-10-05T05:08:34Z,4.007000,4.007000,3.973000,3.975000,3.992000,3.994000,3.973000,3.975000,changed
2025-10-16 18:20:00+00:00,2026-10-05T05:08:34Z,3.986000,3.990000,3.971000,3.976000,3.980000,3.984000,3.971000,3.976000,changed
2025-10-20 13:20:00+00:00,2026-10-05T05:08:34Z,3.992000,3.999000,3.988000,3.993000,4.001000,4.001000,3.988000,3.993000,changed
2025-10-20 14:20:00+00:00,2026-10-05T05:08:34Z,3.997000,4.001000,3.992000,3.995000,3.993000,4.001000,3.990000,3.995000,changed
2025-10-20 15:20:00+00:00,2026-10-05T05:08:34Z,3.997000,4.001000,3.990000,3.993000,3.995000,4.001000,3.990000,3.993000,changed
2025-10-20 16:20:00+00:00,2026-10-05T05:08:34Z,3.997000,3.997000,3.990000,3.993000,3.997000,4.001000,3.990000,3.993000,changed
2025-10-20 17:20:00+00:00,2026-10-05T05:08:34Z,3.995000,3.995000,3.986000,3.992000,3.993000,3.997000,3.986000,3.992000,changed
2025-10-20 18:20:00+00:00,2026-10-05T05:08:34Z,3.992000,3.992000,3.986000,3.986000,3.993000,3.995000,3.986000,3.986000,changed
2025-10-23 13:20:00+00:00,2026-10-05T05:08:34Z,3.986000,3.991000,3.978000,3.978000,3.982000,3.991000,3.978000,3.978000,changed
2025-10-23 14:20:00+00:00,2026-10-05T05:08:34Z,3.986000,3.997000,3.978000,3.995000,3.988000,3.997000,3.978000,3.995000,changed
2025-10-23 15:20:00+00:00,2026-10-05T05:08:34Z,3.980000,4.005000,3.978000,3.997000,3.984000,4.005000,3.984000,3.997000,changed
2025-10-23 16:20:00+00:00,2026-10-05T05:08:34Z,3.993000,4.005000,3.991000,3.997000,3.999000,4.005000,3.991000,3.997000,changed
2025-10-23 18:20:00+00:00,2026-10-05T05:08:34Z,3.997000,4.001000,3.991000,3.991000,3.995000,3.997000,3.991000,3.991000,changed
2025-10-27 14:20:00+00:00,2026-10-05T05:08:34Z,4.031000,4.031000,4.016000,4.024000,4.016000,4.033000,4.014000,4.024000,changed
2025-10-27 15:20:00+00:00,2026-10-05T05:08:34Z,4.022000,4.028000,4.006000,4.008000,4.018000,4.028000,4.006000,4.008000,changed
2025-10-27 16:20:00+00:00,2026-10-05T05:08:34Z,4.012000,4.014000,3.995000,4.001000,4.022000,4.022000,3.995000,4.001000,changed
2025-10-27 17:20:00+00:00,2026-10-05T05:08:34Z,4.003000,4.003000,3.995000,3.999000,4.005000,4.006000,3.995000,3.999000,changed
2025-10-30 13:20:00+00:00,2026-10-05T05:08:34Z,4.103000,4.116000,4.087000,4.087000,4.109000,4.116000,4.087000,4.087000,changed
2025-10-30 14:20:00+00:00,2026-10-05T05:08:34Z,4.112000,4.112000,4.078000,4.080000,4.097000,4.103000,4.078000,4.080000,changed
2025-10-30 15:20:00+00:00,2026-10-05T05:08:34Z,4.085000,4.093000,4.068000,4.083000,4.087000,4.089000,4.068000,4.083000,changed
2025-10-30 16:20:00+00:00,2026-10-05T05:08:34Z,4.078000,4.097000,4.068000,4.093000,4.080000,4.097000,4.076000,4.093000,changed
2025-10-30 17:20:00+00:00,2026-10-05T05:08:34Z,4.082000,4.097000,4.082000,4.093000,4.095000,4.097000,4.087000,4.093000,changed
2025-10-30 18:20:00+00:00,2026-10-05T05:08:34Z,4.091000,4.097000,4.087000,4.093000,4.089000,4.097000,4.089000,4.093000,changed
2025-10-02 13:20:00+00:00,2026-10-05T07:33:41Z,4.123000,4.125000,4.106000,4.108000,4.104000,4.127000,4.102000,4.108000,changed
2025-10-02 14:20:00+00:00,2026-10-05T07:33:41Z,4.115000,4.117000,4.102000,4.102000,4.115000,4.121000,4.102000,4.102000,changed
2025-10-02 15:20:00+00:00,2026-10-05T07:33:41Z,4.106000,4.110000,4.092000,4.092000,4.108000,4.110000,4.092000,4.092000,changed
2025-10-02 16:20:00+00:00,2026-10-05T07:33:41Z,4.104000,4.108000,4.083000,4.085000,4.102000,4.110000,4.083000,4.085000,changed
2025-10-02 17:20:00+00:00,2026-10-05T07:33:41Z,4.085000,4.090000,4.083000,4.086000,4.086000,4.090000,4.083000,4.086000,changed
2025-10-02 18:20:00+00:00,2026-10-05T07:33:41Z,4.088000,4.090000,4.085000,4.088000,4.085000,4.090000,4.083000,4.088000,changed
2025-10-06 13:20:00+00:00,2026-10-05T07:33:41Z,4.162000,4.166000,4.133000,4.144000,4.162000,4.164000,4.133000,4.144000,changed
2025-10-06 14:20:00+00:00,2026-10-05T07:33:41Z,4.160000,4.162000,4.133000,4.152000,4.152000,4.154000,4.133000,4.152000,changed
2025-10-06 15:20:00+00:00,2026-10-05T07:33:41Z,4.144000,4.160000,4.136000,4.160000,4.139000,4.160000,4.136000,4.160000,changed
2025-10-06 16:20:00+00:00,2026-10-05T07:33:41Z,4.156000,4.164000,4.154000,4.162000,4.160000,4.164000,4.154000,4.162000,changed
2025-10-06 17:20:00+00:00,2026-10-05T07:33:41Z,4.164000,4.164000,4.158000,4.162000,4.160000,4.162000,4.158000,4.162000,changed
2025-10-09 13:20:00+00:00,2026-10-05T07:33:41Z,4.140000,4.152000,4.136000,4.144000,4.133000,4.152000,4.127000,4.144000,changed
2025-10-09 14:20:00+00:00,2026-10-05T07:33:41Z,4.144000,4.148000,4.136000,4.144000,4.142000,4.152000,4.136000,4.144000,changed
2025-10-09 15:20:00+00:00,2026-10-05T07:33:41Z,4.140000,4.146000,4.135000,4.142000,4.142000,4.146000,4.135000,4.142000,changed
2025-10-09 16:20:00+00:00,2026-10-05T07:33:41Z,4.138000,4.150000,4.135000,4.146000,4.140000,4.150000,4.135000,4.146000,changed
2025-10-09 17:20:00+00:00,2026-10-05T07:33:41Z,4.144000,4.152000,4.144000,4.152000,4.142000,4.152000,4.140000,4.152000,changed
2025-10-09 18:20:00+00:00,2026-10-05T07:33:41Z,4.148000,4.152000,4.144000,4.148000,4.144000,4.152000,4.144000,4.148000,changed
2025-10-16 13:20:00+00:00,2026-10-05T07:33:41Z,4.017000,4.051000,4.017000,4.043000,4.015000,4.051000,4.009000,4.043000,changed
2025-10-16 14:20:00+00:00,2026-10-05T07:33:41Z,4.043000,4.047000,4.034000,4.036000,4.049000,4.049000,4.034000,4.036000,changed
2025-10-16 15:20:00+00:00,2026-10-05T07:33:41Z,4.036000,4.040000,4.011000,4.011000,4.042000,4.047000,4.011000,4.011000,changed
2025-10-16 16:20:00+00:00,2026-10-05T07:33:41Z,4.021000,4.021000,3.973000,3.990000,4.026000,4.028000,3.973000,3.990000,changed
2025-10-16 17:20:00+00:00,2026-10-05T07:33:41Z,3.992000,3.994000,3.973000,3.975000,4.007000,4.007000,3.973000,3.975000,changed
2025-10-16 18:20:00+00:00,2026-10-05T07:33:41Z,3.980000,3.984000,3.971000,3.976000,3.986000,3.990000,3.971000,3.976000,changed
2025-10-20 13:20:00+00:00,2026-10-05T07:33:41Z,4.001000,4.001000,3.988000,3.993000,3.992000,3.999000,3.988000,3.993000,changed
2025-10-20 14:20:00+00:00,2026-10-05T07:33:41Z,3.993000,4.001000,3.990000,3.995000,3.997000,4.001000,3.992000,3.995000,changed
2025-10-20 15:20:00+00:00,2026-10-05T07:33:41Z,3.995000,4.001000,3.990000,3.993000,3.997000,4.001000,3.990000,3.993000,changed
2025-10-20 16:20:00+00:00,2026-10-05T07:33:41Z,3.997000,4.001000,3.990000,3.993000,3.997000,3.997000,3.990000,3.993000,changed
2025-10-20 17:20:00+00:00,2026-10-05T07:33:41Z,3.993000,3.997000,3.986000,3.992000,3.995000,3.995000,3.986000,3.992000,changed
2025-10-20 18:20:00+00:00,2026-10-05T07:33:41Z,3.993000,3.995000,3.986000,3.986000,3.992000,3.992000,3.986000,3.986000,changed
2025-10-23 13:20:00+00:00,2026-10-05T07:33:41Z,3.982000,3.991000,3.978000,3.978000,3.986000,3.991000,3.978000,3.978000,changed
2025-10-23 14:20:00+00:00,2026-10-05T07:33:41Z,3.988000,3.997000,3.978000,3.995000,3.986000,3.997000,3.978000,3.995000,changed
2025-10-23 15:20:00+00:00,2026-10-05T07:33:41Z,3.984000,4.005000,3.984000,3.997000,3.980000,4.005000,3.978000,3.997000,changed
2025-10-23 16:20:00+00:00,2026-10-05T07:33:41Z,3.999000,4.005000,3.991000,3.997000,3.993000,4.005000,3.991000,3.997000,changed
2025-10-23 18:20:00+00:00,2026-10-05T07:33:41Z,3.995000,3.997000,3.991000,3.991000,3.997000,4.001000,3.991000,3.991000,changed
2025-10-27 14:20:00+00:00,2026-10-05T07:33:41Z,4.016000,4.033000,4.014000,4.024000,4.031000,4.031000,4.016000,4.024000,changed
2025-10-27 15:20:00+00:00,2026-10-05T07:33:41Z,4.018000,4.028000,4.006000,4.008000,4.022000,4.028000,4.006000,4.008000,changed
2025-10-27 16:20:00+00:00,2026-10-05T07:33:41Z,4.022000,4.022000,3.995000,4.001000,4.012000,4.014000,3.995000,4.001000,changed
2025-10-27 17:20:00+00:00,2026-10-05T07:33:41Z,4.005000,4.006000,3.995000,3.999000,4.003000,4.003000,3.995000,3.999000,changed
2025-10-30 13:20:00+00:00,2026-10-05T07:33:41Z,4.109000,4.116000,4.087000,4.087000,4.103000,4.116000,4.087000,4.087000,changed
2025-10-30 14:20:00+00:00,2026-10-05T07:33:41Z,4.097000,4.103000,4.078000,4.080000,4.112000,4.112000,4.078000,4.080000,changed
2025-10-30 15:20:00+00:00,2026-10-05T07:33:41Z,4.087000,4.089000,4.068000,4.083000,4.085000,4.093000,4.068000,4.083000,changed
2025-10-30 16:20:00+00:00,2026-10-05T07:33:41Z,4.080000,4.097000,4.076000,4.093000,4.078000,4.097000,4.068000,4.093000,changed
2025-10-30 17:20:00+00:00,2026-10-05T07:33:41Z,4.095000,4.097000,4.087000,4.093000,4.082000,4.097000,4.082000,4.093000,changed
2025-10-30 18:20:00+00:00,2026-10-05T07:33:41Z,4.089000,4.097000,4.089000,4.093000,4.091000,4.097000,4.087000,4.093000,changed
