bar_open,run_utc,old_open,old_high,old_low,old_close,new_open,new_high,new_low,new_close,kind
2026-02-02 18:20:00+00:00,2026-10-03T10:38:11Z,4.271000,4.275000,4.271000,4.275000,4.263000,4.277000,4.261000,4.277000,changed
2026-02-02 19:20:00+00:00,2026-10-03T10:38:11Z,4.275000,4.279000,4.269000,4.275000,4.273000,4.279000,4.269000,4.275000,changed
2026-02-03 14:20:00+00:00,2026-10-03T10:38:11Z,4.292000,4.300000,4.282000,4.284000,4.293000,4.300000,4.282000,4.284000,changed
2026-02-03 15:20:00+00:00,2026-10-03T10:38:11Z,4.292000,4.293000,4.279000,4.287000,4.284000,4.293000,4.279000,4.287000,changed
2026-02-03 16:20:00+00:00,2026-10-03T10:38:11Z,4.285000,4.293000,4.278000,4.285000,4.292000,4.293000,4.278000,4.285000,changed
2026-02-03 18:20:00+00:00,2026-10-03T10:38:11Z,4.290000,4.293000,4.266000,4.271000,4.290000,4.292000,4.266000,4.271000,changed
2026-02-03 19:20:00+00:00,2026-10-03T10:38:11Z,4.284000,4.284000,4.266000,4.274000,4.268000,4.278000,4.266000,4.274000,changed
2026-02-04 14:20:00+00:00,2026-10-03T10:38:11Z,4.271000,4.290000,4.269000,4.271000,4.282000,4.290000,4.269000,4.271000,changed
2026-02-04 15:20:00+00:00,2026-10-03T10:38:11Z,4.284000,4.290000,4.269000,4.271000,4.287000,4.287000,4.269000,4.271000,changed
2026-02-04 17:20:00+00:00,2026-10-03T10:38:11Z,4.278000,4.279000,4.261000,4.271000,4.275000,4.275000,4.261000,4.271000,changed
2026-02-04 18:20:00+00:00,2026-10-03T10:38:11Z,4.263000,4.279000,4.261000,4.279000,4.271000,4.279000,4.268000,4.279000,changed
2026-02-04 19:20:00+00:00,2026-10-03T10:38:11Z,4.275000,4.279000,4.268000,4.275000,4.269000,4.279000,4.269000,4.275000,changed
2026-02-05 14:20:00+00:00,2026-10-03T10:38:11Z,4.232000,4.250000,4.222000,4.222000,4.246000,4.250000,4.222000,4.222000,changed
2026-02-05 15:20:00+00:00,2026-10-03T10:38:11Z,4.234000,4.236000,4.206000,4.210000,4.236000,4.250000,4.206000,4.210000,changed
2026-02-05 16:20:00+00:00,2026-10-03T10:38:11Z,4.216000,4.220000,4.206000,4.210000,4.214000,4.220000,4.206000,4.210000,changed
2026-02-05 17:20:00+00:00,2026-10-03T10:38:11Z,4.216000,4.218000,4.208000,4.212000,4.218000,4.220000,4.208000,4.212000,changed
2026-02-05 18:20:00+00:00,2026-10-03T10:38:11Z,4.212000,4.212000,4.204000,4.210000,4.216000,4.218000,4.204000,4.210000,changed
2026-02-05 19:20:00+00:00,2026-10-03T10:38:11Z,4.204000,4.210000,4.204000,4.210000,4.208000,4.210000,4.204000,4.210000,changed
2026-02-06 14:20:00+00:00,2026-10-03T10:38:11Z,4.198000,4.220000,4.194000,4.216000,4.204000,4.220000,4.194000,4.216000,changed
2026-02-06 15:20:00+00:00,2026-10-03T10:38:11Z,4.214000,4.222000,4.212000,4.218000,4.196000,4.224000,4.194000,4.218000,changed
2026-02-06 16:20:00+00:00,2026-10-03T10:38:11Z,4.216000,4.220000,4.216000,4.218000,4.220000,4.224000,4.212000,4.218000,changed
2026-02-06 17:20:00+00:00,2026-10-03T10:38:11Z,4.218000,4.220000,4.214000,4.216000,4.216000,4.220000,4.212000,4.216000,changed
2026-02-06 18:20:00+00:00,2026-10-03T10:38:11Z,4.214000,4.216000,4.208000,4.210000,4.218000,4.220000,4.208000,4.210000,changed
2026-02-06 19:20:00+00:00,2026-10-03T10:38:11Z,4.210000,4.212000,4.206000,4.206000,4.214000,4.214000,4.206000,4.206000,changed
2026-02-09 14:20:00+00:00,2026-10-03T10:38:11Z,4.220000,4.226000,4.210000,4.220000,4.218000,4.226000,4.210000,4.220000,changed
2026-02-09 15:20:00+00:00,2026-10-03T10:38:11Z,4.218000,4.222000,4.206000,4.208000,4.216000,4.226000,4.206000,4.208000,changed
2026-02-09 16:20:00+00:00,2026-10-03T10:38:11Z,4.212000,4.216000,4.206000,4.206000,4.214000,4.220000,4.206000,4.206000,changed
2026-02-09 17:20:00+00:00,2026-10-03T10:38:11Z,4.210000,4.212000,4.202000,4.206000,4.210000,4.216000,4.202000,4.206000,changed
2026-02-09 18:20:00+00:00,2026-10-03T10:38:11Z,4.206000,4.210000,4.200000,4.202000,4.204000,4.210000,4.200000,4.202000,changed
2026-02-09 19:20:00+00:00,2026-10-03T10:38:11Z,4.204000,4.204000,4.196000,4.198000,4.206000,4.206000,4.196000,4.198000,changed
2026-02-10 14:20:00+00:00,2026-10-03T10:38:11Z,4.164000,4.166000,4.139000,4.145000,4.159000,4.162000,4.139000,4.145000,changed
2026-02-10 15:20:00+00:00,2026-10-03T10:38:11Z,4.154000,4.154000,4.135000,4.139000,4.147000,4.149000,4.135000,4.139000,changed
2026-02-10 16:20:00+00:00,2026-10-03T10:38:11Z,4.145000,4.151000,4.135000,4.145000,4.141000,4.151000,4.135000,4.145000,changed
2026-02-10 17:20:00+00:00,2026-10-03T10:38:11Z,4.137000,4.153000,4.137000,4.149000,4.145000,4.153000,4.143000,4.149000,changed
2026-02-10 18:20:00+00:00,2026-10-03T10:38:11Z,4.143000,4.153000,4.143000,4.151000,4.149000,4.153000,4.149000,4.151000,changed
2026-02-10 19:20:00+00:00,2026-10-03T10:38:11Z,4.153000,4.153000,4.145000,4.147000,4.151000,4.153000,4.145000,4.147000,changed
2026-02-11 14:20:00+00:00,2026-10-03T10:38:11Z,4.176000,4.206000,4.168000,4.170000,4.202000,4.202000,4.168000,4.170000,changed
2026-02-11 15:20:00+00:00,2026-10-03T10:38:11Z,4.184000,4.188000,4.165000,4.170000,4.182000,4.184000,4.165000,4.170000,changed
2026-02-11 16:20:00+00:00,2026-10-03T10:38:11Z,4.165000,4.178000,4.149000,4.149000,4.174000,4.178000,4.149000,4.149000,changed
2026-02-11 17:20:00+00:00,2026-10-03T10:38:11Z,4.165000,4.174000,4.147000,4.172000,4.151000,4.174000,4.147000,4.172000,changed
2026-02-11 18:20:00+00:00,2026-10-03T10:38:11Z,4.155000,4.178000,4.151000,4.172000,4.155000,4.178000,4.153000,4.172000,changed
2026-02-11 19:20:00+00:00,2026-10-03T10:38:11Z,4.174000,4.178000,4.166000,4.172000,4.176000,4.178000,4.170000,4.172000,changed
2026-02-12 14:20:00+00:00,2026-10-03T10:38:11Z,4.162000,4.169000,4.146000,4.146000,4.158000,4.169000,4.146000,4.146000,changed
2026-02-12 15:20:00+00:00,2026-10-03T10:38:11Z,4.152000,4.152000,4.125000,4.127000,4.164000,4.165000,4.125000,4.127000,changed
2026-02-12 16:20:00+00:00,2026-10-03T10:38:11Z,4.140000,4.140000,4.119000,4.123000,4.146000,4.146000,4.119000,4.123000,changed
2026-02-12 17:20:00+00:00,2026-10-03T10:38:11Z,4.127000,4.131000,4.102000,4.102000,4.121000,4.131000,4.102000,4.102000,changed
2026-02-12 18:20:00+00:00,2026-10-03T10:38:11Z,4.127000,4.129000,4.100000,4.100000,4.129000,4.131000,4.100000,4.100000,changed
2026-02-12 19:20:00+00:00,2026-10-03T10:38:11Z,4.104000,4.110000,4.100000,4.104000,4.102000,4.110000,4.100000,4.104000,changed
2026-02-13 14:20:00+00:00,2026-10-03T10:38:11Z,4.087000,4.090000,4.050000,4.064000,4.100000,4.100000,4.050000,4.064000,changed
2026-02-13 15:20:00+00:00,2026-10-03T10:38:11Z,4.062000,4.069000,4.056000,4.062000,4.067000,4.071000,4.050000,4.062000,changed
2026-02-13 16:20:00+00:00,2026-10-03T10:38:11Z,4.064000,4.064000,4.046000,4.054000,4.067000,4.069000,4.046000,4.054000,changed
2026-02-13 17:20:00+00:00,2026-10-03T10:38:11Z,4.052000,4.066000,4.052000,4.064000,4.056000,4.066000,4.046000,4.064000,changed
2026-02-13 18:20:00+00:00,2026-10-03T10:38:11Z,4.064000,4.067000,4.060000,4.064000,4.056000,4.067000,4.056000,4.064000,changed
2026-02-13 19:20:00+00:00,2026-10-03T10:38:11Z,4.066000,4.066000,4.054000,4.056000,4.064000,4.067000,4.054000,4.056000,changed
2026-02-17 14:20:00+00:00,2026-10-03T10:38:11Z,4.029000,4.058000,4.025000,4.052000,4.041000,4.058000,4.041000,4.052000,changed
2026-02-17 15:20:00+00:00,2026-10-03T10:38:11Z,4.048000,4.058000,4.039000,4.056000,4.045000,4.056000,4.039000,4.056000,changed
2026-02-17 16:20:00+00:00,2026-10-03T10:38:11Z,4.048000,4.056000,4.039000,4.052000,4.045000,4.056000,4.045000,4.052000,changed
2026-02-17 17:20:00+00:00,2026-10-03T10:38:11Z,4.052000,4.060000,4.048000,4.056000,4.056000,4.060000,4.048000,4.056000,changed
2026-02-17 18:20:00+00:00,2026-10-03T10:38:11Z,4.052000,4.060000,4.048000,4.058000,4.056000,4.060000,4.054000,4.058000,changed
2026-02-17 19:20:00+00:00,2026-10-03T10:38:11Z,4.060000,4.060000,4.052000,4.052000,4.058000,4.060000,4.052000,4.052000,changed
2026-02-18 14:20:00+00:00,2026-10-03T10:38:11Z,4.067000,4.085000,4.064000,4.079000,4.075000,4.085000,4.075000,4.079000,changed
2026-02-18 15:20:00+00:00,2026-10-03T10:38:11Z,4.079000,4.085000,4.073000,4.077000,4.083000,4.085000,4.073000,4.077000,changed
2026-02-18 16:20:00+00:00,2026-10-03T10:38:11Z,4.083000,4.083000,4.071000,4.073000,4.077000,4.079000,4.071000,4.073000,changed
2026-02-18 18:20:00+00:00,2026-10-03T10:38:11Z,4.071000,4.088000,4.071000,4.079000,4.075000,4.088000,4.075000,4.079000,changed
2026-02-18 19:20:00+00:00,2026-10-03T10:38:11Z,4.081000,4.088000,4.079000,4.079000,4.085000,4.088000,4.079000,4.079000,changed
2026-02-19 14:20:00+00:00,2026-10-03T10:38:11Z,4.100000,4.102000,4.083000,4.088000,4.106000,4.106000,4.083000,4.088000,changed
2026-02-19 15:20:00+00:00,2026-10-03T10:38:11Z,4.088000,4.094000,4.083000,4.085000,4.092000,4.094000,4.083000,4.085000,changed
2026-02-19 16:20:00+00:00,2026-10-03T10:38:11Z,4.088000,4.088000,4.081000,4.083000,4.086000,4.094000,4.081000,4.083000,changed
2026-02-19 17:20:00+00:00,2026-10-03T10:38:11Z,4.085000,4.086000,4.075000,4.075000,4.085000,4.088000,4.075000,4.075000,changed
2026-02-19 18:20:00+00:00,2026-10-03T10:38:11Z,4.085000,4.085000,4.065000,4.069000,4.085000,4.086000,4.065000,4.069000,changed
2026-02-19 19:20:00+00:00,2026-10-03T10:38:11Z,4.069000,4.079000,4.065000,4.075000,4.073000,4.079000,4.065000,4.075000,changed
2026-02-20 14:20:00+00:00,2026-10-03T10:38:11Z,4.071000,4.104000,4.069000,4.096000,4.063000,4.104000,4.060000,4.096000,changed
2026-02-20 15:20:00+00:00,2026-10-03T10:38:11Z,4.077000,4.104000,4.075000,4.086000,4.071000,4.104000,4.071000,4.086000,changed
2026-02-20 16:20:00+00:00,2026-10-03T10:38:11Z,4.096000,4.098000,4.083000,4.088000,4.092000,4.098000,4.083000,4.088000,changed
2026-02-20 17:20:00+00:00,2026-10-03T10:38:11Z,4.096000,4.100000,4.086000,4.096000,4.085000,4.100000,4.085000,4.096000,changed
2026-02-20 18:20:00+00:00,2026-10-03T10:38:11Z,4.094000,4.100000,4.081000,4.085000,4.086000,4.100000,4.081000,4.085000,changed
2026-02-20 19:20:00+00:00,2026-10-03T10:38:11Z,4.088000,4.094000,4.085000,4.086000,4.092000,4.094000,4.081000,4.086000,changed
2026-02-23 14:20:00+00:00,2026-10-03T10:38:11Z,4.063000,4.067000,4.054000,4.056000,4.067000,4.069000,4.054000,4.056000,changed
2026-02-23 15:20:00+00:00,2026-10-03T10:38:11Z,4.060000,4.060000,4.029000,4.033000,4.065000,4.067000,4.029000,4.033000,changed
2026-02-23 16:20:00+00:00,2026-10-03T10:38:11Z,4.042000,4.044000,4.025000,4.027000,4.054000,4.056000,4.025000,4.027000,changed
2026-02-23 17:20:00+00:00,2026-10-03T10:38:11Z,4.029000,4.029000,4.018000,4.027000,4.033000,4.035000,4.018000,4.027000,changed
2026-02-23 18:20:00+00:00,2026-10-03T10:38:11Z,4.023000,4.027000,4.021000,4.025000,4.027000,4.029000,4.018000,4.025000,changed
2026-02-23 19:20:00+00:00,2026-10-03T10:38:11Z,4.023000,4.031000,4.023000,4.029000,4.027000,4.031000,4.021000,4.029000,changed
2026-02-25 14:20:00+00:00,2026-10-03T10:38:11Z,4.056000,4.058000,4.050000,4.050000,4.050000,4.058000,4.050000,4.050000,changed
2026-02-25 15:20:00+00:00,2026-10-03T10:38:11Z,4.056000,4.058000,4.044000,4.046000,4.056000,4.056000,4.044000,4.046000,changed
2026-02-25 16:20:00+00:00,2026-10-03T10:38:11Z,4.052000,4.052000,4.035000,4.037000,4.046000,4.048000,4.035000,4.037000,changed
2026-02-25 17:20:00+00:00,2026-10-03T10:38:11Z,4.044000,4.044000,4.035000,4.039000,4.042000,4.042000,4.035000,4.039000,changed
2026-02-25 18:20:00+00:00,2026-10-03T10:38:11Z,4.035000,4.048000,4.035000,4.048000,4.037000,4.048000,4.037000,4.048000,changed
2026-02-25 19:20:00+00:00,2026-10-03T10:38:11Z,4.040000,4.050000,4.040000,4.048000,4.046000,4.050000,4.044000,4.048000,changed
2026-02-27 14:20:00+00:00,2026-10-03T10:38:11Z,3.987000,3.987000,3.970000,3.981000,3.987000,3.994000,3.970000,3.981000,changed
2026-02-27 15:20:00+00:00,2026-10-03T10:38:11Z,3.975000,3.983000,3.974000,3.975000,3.977000,3.983000,3.970000,3.975000,changed
2026-02-27 16:20:00+00:00,2026-10-03T10:38:11Z,3.975000,3.977000,3.968000,3.975000,3.979000,3.983000,3.968000,3.975000,changed
2026-02-27 17:20:00+00:00,2026-10-03T10:38:11Z,3.970000,3.975000,3.966000,3.966000,3.974000,3.975000,3.966000,3.966000,changed
2026-02-27 18:20:00+00:00,2026-10-03T10:38:11Z,3.972000,3.972000,3.958000,3.958000,3.970000,3.975000,3.958000,3.958000,changed
2026-02-27 19:20:00+00:00,2026-10-03T10:38:11Z,3.964000,3.964000,3.956000,3.962000,3.968000,3.968000,3.956000,3.962000,changed
2026-02-02 18:20:00+00:00,2026-10-03T13:44:48Z,4.263000,4.277000,4.261000,4.277000,4.271000,4.275000,4.271000,4.275000,changed
2026-02-02 19:20:00+00:00,2026-10-03T13:44:48Z,4.273000,4.279000,4.269000,4.275000,4.275000,4.279000,4.269000,4.275000,changed
2026-02-03 14:20:00+00:00,2026-10-03T13:44:48Z,4.293000,4.300000,4.282000,4.284000,4.292000,4.300000,4.282000,4.284000,changed
2026-02-03 15:20:00+00:00,2026-10-03T13:44:48Z,4.284000,4.293000,4.279000,4.287000,4.292000,4.293000,4.279000,4.287000,changed
2026-02-03 16:20:00+00:00,2026-10-03T13:44:48Z,4.292000,4.293000,4.278000,4.285000,4.285000,4.293000,4.278000,4.285000,changed
2026-02-03 18:20:00+00:00,2026-10-03T13:44:48Z,4.290000,4.292000,4.266000,4.271000,4.290000,4.293000,4.266000,4.271000,changed
2026-02-03 19:20:00+00:00,2026-10-03T13:44:48Z,4.268000,4.278000,4.266000,4.274000,4.284000,4.284000,4.266000,4.274000,changed
2026-02-04 14:20:00+00:00,2026-10-03T13:44:48Z,4.282000,4.290000,4.269000,4.271000,4.271000,4.290000,4.269000,4.271000,changed
2026-02-04 15:20:00+00:00,2026-10-03T13:44:48Z,4.287000,4.287000,4.269000,4.271000,4.284000,4.290000,4.269000,4.271000,changed
2026-02-04 17:20:00+00:00,2026-10-03T13:44:48Z,4.275000,4.275000,4.261000,4.271000,4.278000,4.279000,4.261000,4.271000,changed
2026-02-04 18:20:00+00:00,2026-10-03T13:44:48Z,4.271000,4.279000,4.268000,4.279000,4.263000,4.279000,4.261000,4.279000,changed
2026-02-04 19:20:00+00:00,2026-10-03T13:44:48Z,4.269000,4.279000,4.269000,4.275000,4.275000,4.279000,4.268000,4.275000,changed
2026-02-05 14:20:00+00:00,2026-10-03T13:44:48Z,4.246000,4.250000,4.222000,4.222000,4.232000,4.250000,4.222000,4.222000,changed
2026-02-05 15:20:00+00:00,2026-10-03T13:44:48Z,4.236000,4.250000,4.206000,4.210000,4.234000,4.236000,4.206000,4.210000,changed
2026-02-05 16:20:00+00:00,2026-10-03T13:44:48Z,4.214000,4.220000,4.206000,4.210000,4.216000,4.220000,4.206000,4.210000,changed
2026-02-05 17:20:00+00:00,2026-10-03T13:44:48Z,4.218000,4.220000,4.208000,4.212000,4.216000,4.218000,4.208000,4.212000,changed
2026-02-05 18:20:00+00:00,2026-10-03T13:44:48Z,4.216000,4.218000,4.204000,4.210000,4.212000,4.212000,4.204000,4.210000,changed
2026-02-05 19:20:00+00:00,2026-10-03T13:44:48Z,4.208000,4.210000,4.204000,4.210000,4.204000,4.210000,4.204000,4.210000,changed
2026-02-06 14:20:00+00:00,2026-10-03T13:44:48Z,4.204000,4.220000,4.194000,4.216000,4.198000,4.220000,4.194000,4.216000,changed
2026-02-06 15:20:00+00:00,2026-10-03T13:44:48Z,4.196000,4.224000,4.194000,4.218000,4.214000,4.222000,4.212000,4.218000,changed
2026-02-06 16:20:00+00:00,2026-10-03T13:44:48Z,4.220000,4.224000,4.212000,4.218000,4.216000,4.220000,4.216000,4.218000,changed
2026-02-06 17:20:00+00:00,2026-10-03T13:44:48Z,4.216000,4.220000,4.212000,4.216000,4.218000,4.220000,4.214000,4.216000,changed
2026-02-06 18:20:00+00:00,2026-10-03T13:44:48Z,4.218000,4.220000,4.208000,4.210000,4.214000,4.216000,4.208000,4.210000,changed
2026-02-06 19:20:00+00:00,2026-10-03T13:44:48Z,4.214000,4.214000,4.206000,4.206000,4.210000,4.212000,4.206000,4.206000,changed
2026-02-09 14:20:00+00:00,2026-10-03T13:44:48Z,4.218000,4.226000,4.210000,4.220000,4.220000,4.226000,4.210000,4.220000,changed
2026-02-09 15:20:00+00:00,2026-10-03T13:44:48Z,4.216000,4.226000,4.206000,4.208000,4.218000,4.222000,4.206000,4.208000,changed
2026-02-09 16:20:00+00:00,2026-10-03T13:44:48Z,4.214000,4.220000,4.206000,4.206000,4.212000,4.216000,4.206000,4.206000,changed
2026-02-09 17:20:00+00:00,2026-10-03T13:44:48Z,4.210000,4.216000,4.202000,4.206000,4.210000,4.212000,4.202000,4.206000,changed
2026-02-09 18:20:00+00:00,2026-10-03T13:44:48Z,4.204000,4.210000,4.200000,4.202000,4.206000,4.210000,4.200000,4.202000,changed
2026-02-09 19:20:00+00:00,2026-10-03T13:44:48Z,4.206000,4.206000,4.196000,4.198000,4.204000,4.204000,4.196000,4.198000,changed
2026-02-10 14:20:00+00:00,2026-10-03T13:44:48Z,4.159000,4.162000,4.139000,4.145000,4.164000,4.166000,4.139000,4.145000,changed
2026-02-10 15:20:00+00:00,2026-10-03T13:44:48Z,4.147000,4.149000,4.135000,4.139000,4.154000,4.154000,4.135000,4.139000,changed
2026-02-10 16:20:00+00:00,2026-10-03T13:44:48Z,4.141000,4.151000,4.135000,4.145000,4.145000,4.151000,4.135000,4.145000,changed
2026-02-10 17:20:00+00:00,2026-10-03T13:44:48Z,4.145000,4.153000,4.143000,4.149000,4.137000,4.153000,4.137000,4.149000,changed
2026-02-10 18:20:00+00:00,2026-10-03T13:44:48Z,4.149000,4.153000,4.149000,4.151000,4.143000,4.153000,4.143000,4.151000,changed
2026-02-10 19:20:00+00:00,2026-10-03T13:44:48Z,4.151000,4.153000,4.145000,4.147000,4.153000,4.153000,4.145000,4.147000,changed
2026-02-11 14:20:00+00:00,2026-10-03T13:44:48Z,4.202000,4.202000,4.168000,4.170000,4.176000,4.206000,4.168000,4.170000,changed
2026-02-11 15:20:00+00:00,2026-10-03T13:44:48Z,4.182000,4.184000,4.165000,4.170000,4.184000,4.188000,4.165000,4.170000,changed
2026-02-11 16:20:00+00:00,2026-10-03T13:44:48Z,4.174000,4.178000,4.149000,4.149000,4.165000,4.178000,4.149000,4.149000,changed
2026-02-11 17:20:00+00:00,2026-10-03T13:44:48Z,4.151000,4.174000,4.147000,4.172000,4.165000,4.174000,4.147000,4.172000,changed
2026-02-11 18:20:00+00:00,2026-10-03T13:44:48Z,4.155000,4.178000,4.153000,4.172000,4.155000,4.178000,4.151000,4.172000,changed
2026-02-11 19:20:00+00:00,2026-10-03T13:44:48Z,4.176000,4.178000,4.170000,4.172000,4.174000,4.178000,4.166000,4.172000,changed
2026-02-12 14:20:00+00:00,2026-10-03T13:44:48Z,4.158000,4.169000,4.146000,4.146000,4.162000,4.169000,4.146000,4.146000,changed
2026-02-12 15:20:00+00:00,2026-10-03T13:44:48Z,4.164000,4.165000,4.125000,4.127000,4.152000,4.152000,4.125000,4.127000,changed
2026-02-12 16:20:00+00:00,2026-10-03T13:44:48Z,4.146000,4.146000,4.119000,4.123000,4.140000,4.140000,4.119000,4.123000,changed
2026-02-12 17:20:00+00:00,2026-10-03T13:44:48Z,4.121000,4.131000,4.102000,4.102000,4.127000,4.131000,4.102000,4.102000,changed
2026-02-12 18:20:00+00:00,2026-10-03T13:44:48Z,4.129000,4.131000,4.100000,4.100000,4.127000,4.129000,4.100000,4.100000,changed
2026-02-12 19:20:00+00:00,2026-10-03T13:44:48Z,4.102000,4.110000,4.100000,4.104000,4.104000,4.110000,4.100000,4.104000,changed
2026-02-13 14:20:00+00:00,2026-10-03T13:44:48Z,4.100000,4.100000,4.050000,4.064000,4.087000,4.090000,4.050000,4.064000,changed
2026-02-13 15:20:00+00:00,2026-10-03T13:44:48Z,4.067000,4.071000,4.050000,4.062000,4.062000,4.069000,4.056000,4.062000,changed
2026-02-13 16:20:00+00:00,2026-10-03T13:44:48Z,4.067000,4.069000,4.046000,4.054000,4.064000,4.064000,4.046000,4.054000,changed
2026-02-13 17:20:00+00:00,2026-10-03T13:44:48Z,4.056000,4.066000,4.046000,4.064000,4.052000,4.066000,4.052000,4.064000,changed
2026-02-13 18:20:00+00:00,2026-10-03T13:44:48Z,4.056000,4.067000,4.056000,4.064000,4.064000,4.067000,4.060000,4.064000,changed
2026-02-13 19:20:00+00:00,2026-10-03T13:44:48Z,4.064000,4.067000,4.054000,4.056000,4.066000,4.066000,4.054000,4.056000,changed
2026-02-17 14:20:00+00:00,2026-10-03T13:44:48Z,4.041000,4.058000,4.041000,4.052000,4.029000,4.058000,4.025000,4.052000,changed
2026-02-17 15:20:00+00:00,2026-10-03T13:44:48Z,4.045000,4.056000,4.039000,4.056000,4.048000,4.058000,4.039000,4.056000,changed
2026-02-17 16:20:00+00:00,2026-10-03T13:44:48Z,4.045000,4.056000,4.045000,4.052000,4.048000,4.056000,4.039000,4.052000,changed
2026-02-17 17:20:00+00:00,2026-10-03T13:44:48Z,4.056000,4.060000,4.048000,4.056000,4.052000,4.060000,4.048000,4.056000,changed
2026-02-17 18:20:00+00:00,2026-10-03T13:44:48Z,4.056000,4.060000,4.054000,4.058000,4.052000,4.060000,4.048000,4.058000,changed
2026-02-17 19:20:00+00:00,2026-10-03T13:44:48Z,4.058000,4.060000,4.052000,4.052000,4.060000,4.060000,4.052000,4.052000,changed
2026-02-18 14:20:00+00:00,2026-10-03T13:44:48Z,4.075000,4.085000,4.075000,4.079000,4.067000,4.085000,4.064000,4.079000,changed
2026-02-18 15:20:00+00:00,2026-10-03T13:44:48Z,4.083000,4.085000,4.073000,4.077000,4.079000,4.085000,4.073000,4.077000,changed
2026-02-18 16:20:00+00:00,2026-10-03T13:44:48Z,4.077000,4.079000,4.071000,4.073000,4.083000,4.083000,4.071000,4.073000,changed
2026-02-18 18:20:00+00:00,2026-10-03T13:44:48Z,4.075000,4.088000,4.075000,4.079000,4.071000,4.088000,4.071000,4.079000,changed
2026-02-18 19:20:00+00:00,2026-10-03T13:44:48Z,4.085000,4.088000,4.079000,4.079000,4.081000,4.088000,4.079000,4.079000,changed
2026-02-19 14:20:00+00:00,2026-10-03T13:44:48Z,4.106000,4.106000,4.083000,4.088000,4.100000,4.102000,4.083000,4.088000,changed
2026-02-19 15:20:00+00:00,2026-10-03T13:44:48Z,4.092000,4.094000,4.083000,4.085000,4.088000,4.094000,4.083000,4.085000,changed
2026-02-19 16:20:00+00:00,2026-10-03T13:44:48Z,4.086000,4.094000,4.081000,4.083000,4.088000,4.088000,4.081000,4.083000,changed
2026-02-19 17:20:00+00:00,2026-10-03T13:44:48Z,4.085000,4.088000,4.075000,4.075000,4.085000,4.086000,4.075000,4.075000,changed
2026-02-19 18:20:00+00:00,2026-10-03T13:44:48Z,4.085000,4.086000,4.065000,4.069000,4.085000,4.085000,4.065000,4.069000,changed
2026-02-19 19:20:00+00:00,2026-10-03T13:44:48Z,4.073000,4.079000,4.065000,4.075000,4.069000,4.079000,4.065000,4.075000,changed
2026-02-20 14:20:00+00:00,2026-10-03T13:44:48Z,4.063000,4.104000,4.060000,4.096000,4.071000,4.104000,4.069000,4.096000,changed
2026-02-20 15:20:00+00:00,2026-10-03T13:44:48Z,4.071000,4.104000,4.071000,4.086000,4.077000,4.104000,4.075000,4.086000,changed
2026-02-20 16:20:00+00:00,2026-10-03T13:44:48Z,4.092000,4.098000,4.083000,4.088000,4.096000,4.098000,4.083000,4.088000,changed
2026-02-20 17:20:00+00:00,2026-10-03T13:44:48Z,4.085000,4.100000,4.085000,4.096000,4.096000,4.100000,4.086000,4.096000,changed
2026-02-20 18:20:00+00:00,2026-10-03T13:44:48Z,4.086000,4.100000,4.081000,4.085000,4.094000,4.100000,4.081000,4.085000,changed
2026-02-20 19:20:00+00:00,2026-10-03T13:44:48Z,4.092000,4.094000,4.081000,4.086000,4.088000,4.094000,4.085000,4.086000,changed
2026-02-23 14:20:00+00:00,2026-10-03T13:44:48Z,4.067000,4.069000,4.054000,4.056000,4.063000,4.067000,4.054000,4.056000,changed
2026-02-23 15:20:00+00:00,2026-10-03T13:44:48Z,4.065000,4.067000,4.029000,4.033000,4.060000,4.060000,4.029000,4.033000,changed
2026-02-23 16:20:00+00:00,2026-10-03T13:44:48Z,4.054000,4.056000,4.025000,4.027000,4.042000,4.044000,4.025000,4.027000,changed
2026-02-23 17:20:00+00:00,2026-10-03T13:44:48Z,4.033000,4.035000,4.018000,4.027000,4.029000,4.029000,4.018000,4.027000,changed
2026-02-23 18:20:00+00:00,2026-10-03T13:44:48Z,4.027000,4.029000,4.018000,4.025000,4.023000,4.027000,4.021000,4.025000,changed
2026-02-23 19:20:00+00:00,2026-10-03T13:44:48Z,4.027000,4.031000,4.021000,4.029000,4.023000,4.031000,4.023000,4.029000,changed
2026-02-25 14:20:00+00:00,2026-10-03T13:44:48Z,4.050000,4.058000,4.050000,4.050000,4.056000,4.058000,4.050000,4.050000,changed
2026-02-25 15:20:00+00:00,2026-10-03T13:44:48Z,4.056000,4.056000,4.044000,4.046000,4.056000,4.058000,4.044000,4.046000,changed
2026-02-25 16:20:00+00:00,2026-10-03T13:44:48Z,4.046000,4.048000,4.035000,4.037000,4.052000,4.052000,4.035000,4.037000,changed
2026-02-25 17:20:00+00:00,2026-10-03T13:44:48Z,4.042000,4.042000,4.035000,4.039000,4.044000,4.044000,4.035000,4.039000,changed
2026-02-25 18:20:00+00:00,2026-10-03T13:44:48Z,4.037000,4.048000,4.037000,4.048000,4.035000,4.048000,4.035000,4.048000,changed
2026-02-25 19:20:00+00:00,2026-10-03T13:44:48Z,4.046000,4.050000,4.044000,4.048000,4.040000,4.050000,4.040000,4.048000,changed
2026-02-27 14:20:00+00:00,2026-10-03T13:44:48Z,3.987000,3.994000,3.970000,3.981000,3.987000,3.987000,3.970000,3.981000,changed
2026-02-27 15:20:00+00:00,2026-10-03T13:44:48Z,3.977000,3.983000,3.970000,3.975000,3.975000,3.983000,3.974000,3.975000,changed
2026-02-27 16:20:00+00:00,2026-10-03T13:44:48Z,3.979000,3.983000,3.968000,3.975000,3.975000,3.977000,3.968000,3.975000,changed
2026-02-27 17:20:00+00:00,2026-10-03T13:44:48Z,3.974000,3.975000,3.966000,3.966000,3.970000,3.975000,3.966000,3.966000,changed
2026-02-27 18:20:00+00:00,2026-10-03T13:44:48Z,3.970000,3.975000,3.958000,3.958000,3.972000,3.972000,3.958000,3.958000,changed
2026-02-27 19:20:00+00:00,2026-10-03T13:44:48Z,3.968000,3.968000,3.956000,3.962000,3.964000,3.964000,3.956000,3.962000,changed
2026-02-02 18:20:00+00:00,2026-10-04T07:55:55Z,4.271000,4.275000,4.271000,4.275000,4.263000,4.277000,4.261000,4.277000,changed
2026-02-02 19:20:00+00:00,2026-10-04T07:55:55Z,4.275000,4.279000,4.269000,4.275000,4.273000,4.279000,4.269000,4.275000,changed
2026-02-03 14:20:00+00:00,2026-10-04T07:55:55Z,4.292000,4.300000,4.282000,4.284000,4.293000,4.300000,4.282000,4.284000,changed
2026-02-03 15:20:00+00:00,2026-10-04T07:55:55Z,4.292000,4.293000,4.279000,4.287000,4.284000,4.293000,4.279000,4.287000,changed
2026-02-03 16:20:00+00:00,2026-10-04T07:55:55Z,4.285000,4.293000,4.278000,4.285000,4.292000,4.293000,4.278000,4.285000,changed
2026-02-03 18:20:00+00:00,2026-10-04T07:55:55Z,4.290000,4.293000,4.266000,4.271000,4.290000,4.292000,4.266000,4.271000,changed
2026-02-03 19:20:00+00:00,2026-10-04T07:55:55Z,4.284000,4.284000,4.266000,4.274000,4.268000,4.278000,4.266000,4.274000,changed
2026-02-04 14:20:00+00:00,2026-10-04T07:55:55Z,4.271000,4.290000,4.269000,4.271000,4.282000,4.290000,4.269000,4.271000,changed
2026-02-04 15:20:00+00:00,2026-10-04T07:55:55Z,4.284000,4.290000,4.269000,4.271000,4.287000,4.287000,4.269000,4.271000,changed
2026-02-04 17:20:00+00:00,2026-10-04T07:55:55Z,4.278000,4.279000,4.261000,4.271000,4.275000,4.275000,4.261000,4.271000,changed
2026-02-04 18:20:00+00:00,2026-10-04T07:55:55Z,4.263000,4.279000,4.261000,4.279000,4.271000,4.279000,4.268000,4.279000,changed
2026-02-04 19:20:00+00:00,2026-10-04T07:55:55Z,4.275000,4.279000,4.268000,4.275000,4.269000,4.279000,4.269000,4.275000,changed
2026-02-05 14:20:00+00:00,2026-10-04T07:55:55Z,4.232000,4.250000,4.222000,4.222000,4.246000,4.250000,4.222000,4.222000,changed
2026-02-05 15:20:00+00:00,2026-10-04T07:55:55Z,4.234000,4.236000,4.206000,4.210000,4.236000,4.250000,4.206000,4.210000,changed
2026-02-05 16:20:00+00:00,2026-10-04T07:55:55Z,4.216000,4.220000,4.206000,4.210000,4.214000,4.220000,4.206000,4.210000,changed
2026-02-05 17:20:00+00:00,2026-10-04T07:55:55Z,4.216000,4.218000,4.208000,4.212000,4.218000,4.220000,4.208000,4.212000,changed
2026-02-05 18:20:00+00:00,2026-10-04T07:55:55Z,4.212000,4.212000,4.204000,4.210000,4.216000,4.218000,4.204000,4.210000,changed
2026-02-05 19:20:00+00:00,2026-10-04T07:55:55Z,4.204000,4.210000,4.204000,4.210000,4.208000,4.210000,4.204000,4.210000,changed
2026-02-06 14:20:00+00:00,2026-10-04T07:55:55Z,4.198000,4.220000,4.194000,4.216000,4.204000,4.220000,4.194000,4.216000,changed
2026-02-06 15:20:00+00:00,2026-10-04T07:55:55Z,4.214000,4.222000,4.212000,4.218000,4.196000,4.224000,4.194000,4.218000,changed
2026-02-06 16:20:00+00:00,2026-10-04T07:55:55Z,4.216000,4.220000,4.216000,4.218000,4.220000,4.224000,4.212000,4.218000,changed
2026-02-06 17:20:00+00:00,2026-10-04T07:55:55Z,4.218000,4.220000,4.214000,4.216000,4.216000,4.220000,4.212000,4.216000,changed
2026-02-06 18:20:00+00:00,2026-10-04T07:55:55Z,4.214000,4.216000,4.208000,4.210000,4.218000,4.220000,4.208000,4.210000,changed
2026-02-06 19:20:00+00:00,2026-10-04T07:55:55Z,4.210000,4.212000,4.206000,4.206000,4.214000,4.214000,4.206000,4.206000,changed
2026-02-09 14:20:00+00:00,2026-10-04T07:55:55Z,4.220000,4.226000,4.210000,4.220000,4.218000,4.226000,4.210000,4.220000,changed
2026-02-09 15:20:00+00:00,2026-10-04T07:55:55Z,4.218000,4.222000,4.206000,4.208000,4.216000,4.226000,4.206000,4.208000,changed
2026-02-09 16:20:00+00:00,2026-10-04T07:55:55Z,4.212000,4.216000,4.206000,4.206000,4.214000,4.220000,4.206000,4.206000,changed
2026-02-09 17:20:00+00:00,2026-10-04T07:55:55Z,4.210000,4.212000,4.202000,4.206000,4.210000,4.216000,4.202000,4.206000,changed
2026-02-09 18:20:00+00:00,2026-10-04T07:55:55Z,4.206000,4.210000,4.200000,4.202000,4.204000,4.210000,4.200000,4.202000,changed
2026-02-09 19:20:00+00:00,2026-10-04T07:55:55Z,4.204000,4.204000,4.196000,4.198000,4.206000,4.206000,4.196000,4.198000,changed
2026-02-10 14:20:00+00:00,2026-10-04T07:55:55Z,4.164000,4.166000,4.139000,4.145000,4.159000,4.162000,4.139000,4.145000,changed
2026-02-10 15:20:00+00:00,2026-10-04T07:55:55Z,4.154000,4.154000,4.135000,4.139000,4.147000,4.149000,4.135000,4.139000,changed
2026-02-10 16:20:00+00:00,2026-10-04T07:55:55Z,4.145000,4.151000,4.135000,4.145000,4.141000,4.151000,4.135000,4.145000,changed
2026-02-10 17:20:00+00:00,2026-10-04T07:55:55Z,4.137000,4.153000,4.137000,4.149000,4.145000,4.153000,4.143000,4.149000,changed
2026-02-10 18:20:00+00:00,2026-10-04T07:55:55Z,4.143000,4.153000,4.143000,4.151000,4.149000,4.153000,4.149000,4.151000,changed
2026-02-10 19:20:00+00:00,2026-10-04T07:55:55Z,4.153000,4.153000,4.145000,4.147000,4.151000,4.153000,4.145000,4.147000,changed
2026-02-11 14:20:00+00:00,2026-10-04T07:55:55Z,4.176000,4.206000,4.168000,4.170000,4.202000,4.202000,4.168000,4.170000,changed
2026-02-11 15:20:00+00:00,2026-10-04T07:55:55Z,4.184000,4.188000,4.165000,4.170000,4.182000,4.184000,4.165000,4.170000,changed
2026-02-11 16:20:00+00:00,2026-10-04T07:55:55Z,4.165000,4.178000,4.149000,4.149000,4.174000,4.178000,4.149000,4.149000,changed
2026-02-11 17:20:00+00:00,2026-10-04T07:55:55Z,4.165000,4.174000,4.147000,4.172000,4.151000,4.174000,4.147000,4.172000,changed
2026-02-11 18:20:00+00:00,2026-10-04T07:55:55Z,4.155000,4.178000,4.151000,4.172000,4.155000,4.178000,4.153000,4.172000,changed
2026-02-11 19:20:00+00:00,2026-10-04T07:55:55Z,4.174000,4.178000,4.166000,4.172000,4.176000,4.178000,4.170000,4.172000,changed
2026-02-12 14:20:00+00:00,2026-10-04T07:55:55Z,4.162000,4.169000,4.146000,4.146000,4.158000,4.169000,4.146000,4.146000,changed
2026-02-12 15:20:00+00:00,2026-10-04T07:55:55Z,4.152000,4.152000,4.125000,4.127000,4.164000,4.165000,4.125000,4.127000,changed
2026-02-12 16:20:00+00:00,2026-10-04T07:55:55Z,4.140000,4.140000,4.119000,4.123000,4.146000,4.146000,4.119000,4.123000,changed
2026-02-12 17:20:00+00:00,2026-10-04T07:55:55Z,4.127000,4.131000,4.102000,4.102000,4.121000,4.131000,4.102000,4.102000,changed
2026-02-12 18:20:00+00:00,2026-10-04T07:55:55Z,4.127000,4.129000,4.100000,4.100000,4.129000,4.131000,4.100000,4.100000,changed
2026-02-12 19:20:00+00:00,2026-10-04T07:55:55Z,4.104000,4.110000,4.100000,4.104000,4.102000,4.110000,4.100000,4.104000,changed
2026-02-13 14:20:00+00:00,2026-10-04T07:55:55Z,4.087000,4.090000,4.050000,4.064000,4.100000,4.100000,4.050000,4.064000,changed
2026-02-13 15:20:00+00:00,2026-10-04T07:55:55Z,4.062000,4.069000,4.056000,4.062000,4.067000,4.071000,4.050000,4.062000,changed
2026-02-13 16:20:00+00:00,2026-10-04T07:55:55Z,4.064000,4.064000,4.046000,4.054000,4.067000,4.069000,4.046000,4.054000,changed
2026-02-13 17:20:00+00:00,2026-10-04T07:55:55Z,4.052000,4.066000,4.052000,4.064000,4.056000,4.066000,4.046000,4.064000,changed
2026-02-13 18:20:00+00:00,2026-10-04T07:55:55Z,4.064000,4.067000,4.060000,4.064000,4.056000,4.067000,4.056000,4.064000,changed
2026-02-13 19:20:00+00:00,2026-10-04T07:55:55Z,4.066000,4.066000,4.054000,4.056000,4.064000,4.067000,4.054000,4.056000,changed
2026-02-17 14:20:00+00:00,2026-10-04T07:55:55Z,4.029000,4.058000,4.025000,4.052000,4.041000,4.058000,4.041000,4.052000,changed
2026-02-17 15:20:00+00:00,2026-10-04T07:55:55Z,4.048000,4.058000,4.039000,4.056000,4.045000,4.056000,4.039000,4.056000,changed
2026-02-17 16:20:00+00:00,2026-10-04T07:55:55Z,4.048000,4.056000,4.039000,4.052000,4.045000,4.056000,4.045000,4.052000,changed
2026-02-17 17:20:00+00:00,2026-10-04T07:55:55Z,4.052000,4.060000,4.048000,4.056000,4.056000,4.060000,4.048000,4.056000,changed
2026-02-17 18:20:00+00:00,2026-10-04T07:55:55Z,4.052000,4.060000,4.048000,4.058000,4.056000,4.060000,4.054000,4.058000,changed
2026-02-17 19:20:00+00:00,2026-10-04T07:55:55Z,4.060000,4.060000,4.052000,4.052000,4.058000,4.060000,4.052000,4.052000,changed
2026-02-18 14:20:00+00:00,2026-10-04T07:55:55Z,4.067000,4.085000,4.064000,4.079000,4.075000,4.085000,4.075000,4.079000,changed
2026-02-18 15:20:00+00:00,2026-10-04T07:55:55Z,4.079000,4.085000,4.073000,4.077000,4.083000,4.085000,4.073000,4.077000,changed
2026-02-18 16:20:00+00:00,2026-10-04T07:55:55Z,4.083000,4.083000,4.071000,4.073000,4.077000,4.079000,4.071000,4.073000,changed
2026-02-18 18:20:00+00:00,2026-10-04T07:55:55Z,4.071000,4.088000,4.071000,4.079000,4.075000,4.088000,4.075000,4.079000,changed
2026-02-18 19:20:00+00:00,2026-10-04T07:55:55Z,4.081000,4.088000,4.079000,4.079000,4.085000,4.088000,4.079000,4.079000,changed
2026-02-19 14:20:00+00:00,2026-10-04T07:55:55Z,4.100000,4.102000,4.083000,4.088000,4.106000,4.106000,4.083000,4.088000,changed
2026-02-19 15:20:00+00:00,2026-10-04T07:55:55Z,4.088000,4.094000,4.083000,4.085000,4.092000,4.094000,4.083000,4.085000,changed
2026-02-19 16:20:00+00:00,2026-10-04T07:55:55Z,4.088000,4.088000,4.081000,4.083000,4.086000,4.094000,4.081000,4.083000,changed
2026-02-19 17:20:00+00:00,2026-10-04T07:55:55Z,4.085000,4.086000,4.075000,4.075000,4.085000,4.088000,4.075000,4.075000,changed
2026-02-19 18:20:00+00:00,2026-10-04T07:55:55Z,4.085000,4.085000,4.065000,4.069000,4.085000,4.086000,4.065000,4.069000,changed
2026-02-19 19:20:00+00:00,2026-10-04T07:55:55Z,4.069000,4.079000,4.065000,4.075000,4.073000,4.079000,4.065000,4.075000,changed
2026-02-20 14:20:00+00:00,2026-10-04T07:55:55Z,4.071000,4.104000,4.069000,4.096000,4.063000,4.104000,4.060000,4.096000,changed
2026-02-20 15:20:00+00:00,2026-10-04T07:55:55Z,4.077000,4.104000,4.075000,4.086000,4.071000,4.104000,4.071000,4.086000,changed
2026-02-20 16:20:00+00:00,2026-10-04T07:55:55Z,4.096000,4.098000,4.083000,4.088000,4.092000,4.098000,4.083000,4.088000,changed
2026-02-20 17:20:00+00:00,2026-10-04T07:55:55Z,4.096000,4.100000,4.086000,4.096000,4.085000,4.100000,4.085000,4.096000,changed
2026-02-20 18:20:00+00:00,2026-10-04T07:55:55Z,4.094000,4.100000,4.081000,4.085000,4.086000,4.100000,4.081000,4.085000,changed
2026-02-20 19:20:00+00:00,2026-10-04T07:55:55Z,4.088000,4.094000,4.085000,4.086000,4.092000,4.094000,4.081000,4.086000,changed
2026-02-23 14:20:00+00:00,2026-10-04T07:55:55Z,4.063000,4.067000,4.054000,4.056000,4.067000,4.069000,4.054000,4.056000,changed
2026-02-23 15:20:00+00:00,2026-10-04T07:55:55Z,4.060000,4.060000,4.029000,4.033000,4.065000,4.067000,4.029000,4.033000,changed
2026-02-23 16:20:00+00:00,2026-10-04T07:55:55Z,4.042000,4.044000,4.025000,4.027000,4.054000,4.056000,4.025000,4.027000,changed
2026-02-23 17:20:00+00:00,2026-10-04T07:55:55Z,4.029000,4.029000,4.018000,4.027000,4.033000,4.035000,4.018000,4.027000,changed
2026-02-23 18:20:00+00:00,2026-10-04T07:55:55Z,4.023000,4.027000,4.021000,4.025000,4.027000,4.029000,4.018000,4.025000,changed
2026-02-23 19:20:00+00:00,2026-10-04T07:55:55Z,4.023000,4.031000,4.023000,4.029000,4.027000,4.031000,4.021000,4.029000,changed
2026-02-25 14:20:00+00:00,2026-10-04T07:55:55Z,4.056000,4.058000,4.050000,4.050000,4.050000,4.058000,4.050000,4.050000,changed
2026-02-25 15:20:00+00:00,2026-10-04T07:55:55Z,4.056000,4.058000,4.044000,4.046000,4.056000,4.056000,4.044000,4.046000,changed
2026-02-25 16:20:00+00:00,2026-10-04T07:55:55Z,4.052000,4.052000,4.035000,4.037000,4.046000,4.048000,4.035000,4.037000,changed
2026-02-25 17:20:00+00:00,2026-10-04T07:55:55Z,4.044000,4.044000,4.035000,4.039000,4.042000,4.042000,4.035000,4.039000,changed
2026-02-25 18:20:00+00:00,2026-10-04T07:55:55Z,4.035000,4.048000,4.035000,4.048000,4.037000,4.048000,4.037000,4.048000,changed
2026-02-25 19:20:00+00:00,2026-10-04T07:55:55Z,4.040000,4.050000,4.040000,4.048000,4.046000,4.050000,4.044000,4.048000,changed
2026-02-27 14:20:00+00:00,2026-10-04T07:55:55Z,3.987000,3.987000,3.970000,3.981000,3.987000,3.994000,3.970000,3.981000,changed
2026-02-27 15:20:00+00:00,2026-10-04T07:55:55Z,3.975000,3.983000,3.974000,3.975000,3.977000,3.983000,3.970000,3.975000,changed
2026-02-27 16:20:00+00:00,2026-10-04T07:55:55Z,3.975000,3.977000,3.968000,3.975000,3.979000,3.983000,3.968000,3.975000,changed
2026-02-27 17:20:00+00:00,2026-10-04T07:55:55Z,3.970000,3.975000,3.966000,3.966000,3.974000,3.975000,3.966000,3.966000,changed
2026-02-27 18:20:00+00:00,2026-10-04T07:55:55Z,3.972000,3.972000,3.958000,3.958000,3.970000,3.975000,3.958000,3.958000,changed
2026-02-27 19:20:00+00:00,2026-10-04T07:55:55Z,3.964000,3.964000,3.956000,3.962000,3.968000,3.968000,3.956000,3.962000,changed
2026-02-02 18:20:00+00:00,2026-10-04T21:11:09Z,4.263000,4.277000,4.261000,4.277000,4.271000,4.275000,4.271000,4.275000,changed
2026-02-02 19:20:00+00:00,2026-10-04T21:11:09Z,4.273000,4.279000,4.269000,4.275000,4.275000,4.279000,4.269000,4.275000,changed
2026-02-03 14:20:00+00:00,2026-10-04T21:11:09Z,4.293000,4.300000,4.282000,4.284000,4.292000,4.300000,4.282000,4.284000,changed
2026-02-03 15:20:00+00:00,2026-10-04T21:11:09Z,4.284000,4.293000,4.279000,4.287000,4.292000,4.293000,4.279000,4.287000,changed
2026-02-03 16:20:00+00:00,2026-10-04T21:11:09Z,4.292000,4.293000,4.278000,4.285000,4.285000,4.293000,4.278000,4.285000,changed
2026-02-03 18:20:00+00:00,2026-10-04T21:11:09Z,4.290000,4.292000,4.266000,4.271000,4.290000,4.293000,4.266000,4.271000,changed
2026-02-03 19:20:00+00:00,2026-10-04T21:11:09Z,4.268000,4.278000,4.266000,4.274000,4.284000,4.284000,4.266000,4.274000,changed
2026-02-04 14:20:00+00:00,2026-10-04T21:11:09Z,4.282000,4.290000,4.269000,4.271000,4.271000,4.290000,4.269000,4.271000,changed
2026-02-04 15:20:00+00:00,2026-10-04T21:11:09Z,4.287000,4.287000,4.269000,4.271000,4.284000,4.290000,4.269000,4.271000,changed
2026-02-04 17:20:00+00:00,2026-10-04T21:11:09Z,4.275000,4.275000,4.261000,4.271000,4.278000,4.279000,4.261000,4.271000,changed
2026-02-04 18:20:00+00:00,2026-10-04T21:11:09Z,4.271000,4.279000,4.268000,4.279000,4.263000,4.279000,4.261000,4.279000,changed
2026-02-04 19:20:00+00:00,2026-10-04T21:11:09Z,4.269000,4.279000,4.269000,4.275000,4.275000,4.279000,4.268000,4.275000,changed
2026-02-05 14:20:00+00:00,2026-10-04T21:11:09Z,4.246000,4.250000,4.222000,4.222000,4.232000,4.250000,4.222000,4.222000,changed
2026-02-05 15:20:00+00:00,2026-10-04T21:11:09Z,4.236000,4.250000,4.206000,4.210000,4.234000,4.236000,4.206000,4.210000,changed
2026-02-05 16:20:00+00:00,2026-10-04T21:11:09Z,4.214000,4.220000,4.206000,4.210000,4.216000,4.220000,4.206000,4.210000,changed
2026-02-05 17:20:00+00:00,2026-10-04T21:11:09Z,4.218000,4.220000,4.208000,4.212000,4.216000,4.218000,4.208000,4.212000,changed
2026-02-05 18:20:00+00:00,2026-10-04T21:11:09Z,4.216000,4.218000,4.204000,4.210000,4.212000,4.212000,4.204000,4.210000,changed
2026-02-05 19:20:00+00:00,2026-10-04T21:11:09Z,4.208000,4.210000,4.204000,4.210000,4.204000,4.210000,4.204000,4.210000,changed
2026-02-06 14:20:00+00:00,2026-10-04T21:11:09Z,4.204000,4.220000,4.194000,4.216000,4.198000,4.220000,4.194000,4.216000,changed
2026-02-06 15:20:00+00:00,2026-10-04T21:11:09Z,4.196000,4.224000,4.194000,4.218000,4.214000,4.222000,4.212000,4.218000,changed
2026-02-06 16:20:00+00:00,2026-10-04T21:11:09Z,4.220000,4.224000,4.212000,4.218000,4.216000,4.220000,4.216000,4.218000,changed
2026-02-06 17:20:00+00:00,2026-10-04T21:11:09Z,4.216000,4.220000,4.212000,4.216000,4.218000,4.220000,4.214000,4.216000,changed
2026-02-06 18:20:00+00:00,2026-10-04T21:11:09Z,4.218000,4.220000,4.208000,4.210000,4.214000,4.216000,4.208000,4.210000,changed
2026-02-06 19:20:00+00:00,2026-10-04T21:11:09Z,4.214000,4.214000,4.206000,4.206000,4.210000,4.212000,4.206000,4.206000,changed
2026-02-09 14:20:00+00:00,2026-10-04T21:11:09Z,4.218000,4.226000,4.210000,4.220000,4.220000,4.226000,4.210000,4.220000,changed
2026-02-09 15:20:00+00:00,2026-10-04T21:11:09Z,4.216000,4.226000,4.206000,4.208000,4.218000,4.222000,4.206000,4.208000,changed
2026-02-09 16:20:00+00:00,2026-10-04T21:11:09Z,4.214000,4.220000,4.206000,4.206000,4.212000,4.216000,4.206000,4.206000,changed
2026-02-09 17:20:00+00:00,2026-10-04T21:11:09Z,4.210000,4.216000,4.202000,4.206000,4.210000,4.212000,4.202000,4.206000,changed
2026-02-09 18:20:00+00:00,2026-10-04T21:11:09Z,4.204000,4.210000,4.200000,4.202000,4.206000,4.210000,4.200000,4.202000,changed
2026-02-09 19:20:00+00:00,2026-10-04T21:11:09Z,4.206000,4.206000,4.196000,4.198000,4.204000,4.204000,4.196000,4.198000,changed
2026-02-10 14:20:00+00:00,2026-10-04T21:11:09Z,4.159000,4.162000,4.139000,4.145000,4.164000,4.166000,4.139000,4.145000,changed
2026-02-10 15:20:00+00:00,2026-10-04T21:11:09Z,4.147000,4.149000,4.135000,4.139000,4.154000,4.154000,4.135000,4.139000,changed
2026-02-10 16:20:00+00:00,2026-10-04T21:11:09Z,4.141000,4.151000,4.135000,4.145000,4.145000,4.151000,4.135000,4.145000,changed
2026-02-10 17:20:00+00:00,2026-10-04T21:11:09Z,4.145000,4.153000,4.143000,4.149000,4.137000,4.153000,4.137000,4.149000,changed
2026-02-10 18:20:00+00:00,2026-10-04T21:11:09Z,4.149000,4.153000,4.149000,4.151000,4.143000,4.153000,4.143000,4.151000,changed
2026-02-10 19:20:00+00:00,2026-10-04T21:11:09Z,4.151000,4.153000,4.145000,4.147000,4.153000,4.153000,4.145000,4.147000,changed
2026-02-11 14:20:00+00:00,2026-10-04T21:11:09Z,4.202000,4.202000,4.168000,4.170000,4.176000,4.206000,4.168000,4.170000,changed
2026-02-11 15:20:00+00:00,2026-10-04T21:11:09Z,4.182000,4.184000,4.165000,4.170000,4.184000,4.188000,4.165000,4.170000,changed
2026-02-11 16:20:00+00:00,2026-10-04T21:11:09Z,4.174000,4.178000,4.149000,4.149000,4.165000,4.178000,4.149000,4.149000,changed
2026-02-11 17:20:00+00:00,2026-10-04T21:11:09Z,4.151000,4.174000,4.147000,4.172000,4.165000,4.174000,4.147000,4.172000,changed
2026-02-11 18:20:00+00:00,2026-10-04T21:11:09Z,4.155000,4.178000,4.153000,4.172000,4.155000,4.178000,4.151000,4.172000,changed
2026-02-11 19:20:00+00:00,2026-10-04T21:11:09Z,4.176000,4.178000,4.170000,4.172000,4.174000,4.178000,4.166000,4.172000,changed
2026-02-12 14:20:00+00:00,2026-10-04T21:11:09Z,4.158000,4.169000,4.146000,4.146000,4.162000,4.169000,4.146000,4.146000,changed
2026-02-12 15:20:00+00:00,2026-10-04T21:11:09Z,4.164000,4.165000,4.125000,4.127000,4.152000,4.152000,4.125000,4.127000,changed
2026-02-12 16:20:00+00:00,2026-10-04T21:11:09Z,4.146000,4.146000,4.119000,4.123000,4.140000,4.140000,4.119000,4.123000,changed
2026-02-12 17:20:00+00:00,2026-10-04T21:11:09Z,4.121000,4.131000,4.102000,4.102000,4.127000,4.131000,4.102000,4.102000,changed
2026-02-12 18:20:00+00:00,2026-10-04T21:11:09Z,4.129000,4.131000,4.100000,4.100000,4.127000,4.129000,4.100000,4.100000,changed
2026-02-12 19:20:00+00:00,2026-10-04T21:11:09Z,4.102000,4.110000,4.100000,4.104000,4.104000,4.110000,4.100000,4.104000,changed
2026-02-13 14:20:00+00:00,2026-10-04T21:11:09Z,4.100000,4.100000,4.050000,4.064000,4.087000,4.090000,4.050000,4.064000,changed
2026-02-13 15:20:00+00:00,2026-10-04T21:11:09Z,4.067000,4.071000,4.050000,4.062000,4.062000,4.069000,4.056000,4.062000,changed
2026-02-13 16:20:00+00:00,2026-10-04T21:11:09Z,4.067000,4.069000,4.046000,4.054000,4.064000,4.064000,4.046000,4.054000,changed
2026-02-13 17:20:00+00:00,2026-10-04T21:11:09Z,4.056000,4.066000,4.046000,4.064000,4.052000,4.066000,4.052000,4.064000,changed
2026-02-13 18:20:00+00:00,2026-10-04T21:11:09Z,4.056000,4.067000,4.056000,4.064000,4.064000,4.067000,4.060000,4.064000,changed
2026-02-13 19:20:00+00:00,2026-10-04T21:11:09Z,4.064000,4.067000,4.054000,4.056000,4.066000,4.066000,4.054000,4.056000,changed
2026-02-17 14:20:00+00:00,2026-10-04T21:11:09Z,4.041000,4.058000,4.041000,4.052000,4.029000,4.058000,4.025000,4.052000,changed
2026-02-17 15:20:00+00:00,2026-10-04T21:11:09Z,4.045000,4.056000,4.039000,4.056000,4.048000,4.058000,4.039000,4.056000,changed
2026-02-17 16:20:00+00:00,2026-10-04T21:11:09Z,4.045000,4.056000,4.045000,4.052000,4.048000,4.056000,4.039000,4.052000,changed
2026-02-17 17:20:00+00:00,2026-10-04T21:11:09Z,4.056000,4.060000,4.048000,4.056000,4.052000,4.060000,4.048000,4.056000,changed
2026-02-17 18:20:00+00:00,2026-10-04T21:11:09Z,4.056000,4.060000,4.054000,4.058000,4.052000,4.060000,4.048000,4.058000,changed
2026-02-17 19:20:00+00:00,2026-10-04T21:11:09Z,4.058000,4.060000,4.052000,4.052000,4.060000,4.060000,4.052000,4.052000,changed
2026-02-18 14:20:00+00:00,2026-10-04T21:11:09Z,4.075000,4.085000,4.075000,4.079000,4.067000,4.085000,4.064000,4.079000,changed
2026-02-18 15:20:00+00:00,2026-10-04T21:11:09Z,4.083000,4.085000,4.073000,4.077000,4.079000,4.085000,4.073000,4.077000,changed
2026-02-18 16:20:00+00:00,2026-10-04T21:11:09Z,4.077000,4.079000,4.071000,4.073000,4.083000,4.083000,4.071000,4.073000,changed
2026-02-18 18:20:00+00:00,2026-10-04T21:11:09Z,4.075000,4.088000,4.075000,4.079000,4.071000,4.088000,4.071000,4.079000,changed
2026-02-18 19:20:00+00:00,2026-10-04T21:11:09Z,4.085000,4.088000,4.079000,4.079000,4.081000,4.088000,4.079000,4.079000,changed
2026-02-19 14:20:00+00:00,2026-10-04T21:11:09Z,4.106000,4.106000,4.083000,4.088000,4.100000,4.102000,4.083000,4.088000,changed
2026-02-19 15:20:00+00:00,2026-10-04T21:11:09Z,4.092000,4.094000,4.083000,4.085000,4.088000,4.094000,4.083000,4.085000,changed
2026-02-19 16:20:00+00:00,2026-10-04T21:11:09Z,4.086000,4.094000,4.081000,4.083000,4.088000,4.088000,4.081000,4.083000,changed
2026-02-19 17:20:00+00:00,2026-10-04T21:11:09Z,4.085000,4.088000,4.075000,4.075000,4.085000,4.086000,4.075000,4.075000,changed
2026-02-19 18:20:00+00:00,2026-10-04T21:11:09Z,4.085000,4.086000,4.065000,4.069000,4.085000,4.085000,4.065000,4.069000,changed
2026-02-19 19:20:00+00:00,2026-10-04T21:11:09Z,4.073000,4.079000,4.065000,4.075000,4.069000,4.079000,4.065000,4.075000,changed
2026-02-20 14:20:00+00:00,2026-10-04T21:11:09Z,4.063000,4.104000,4.060000,4.096000,4.071000,4.104000,4.069000,4.096000,changed
2026-02-20 15:20:00+00:00,2026-10-04T21:11:09Z,4.071000,4.104000,4.071000,4.086000,4.077000,4.104000,4.075000,4.086000,changed
2026-02-20 16:20:00+00:00,2026-10-04T21:11:09Z,4.092000,4.098000,4.083000,4.088000,4.096000,4.098000,4.083000,4.088000,changed
2026-02-20 17:20:00+00:00,2026-10-04T21:11:09Z,4.085000,4.100000,4.085000,4.096000,4.096000,4.100000,4.086000,4.096000,changed
2026-02-20 18:20:00+00:00,2026-10-04T21:11:09Z,4.086000,4.100000,4.081000,4.085000,4.094000,4.100000,4.081000,4.085000,changed
2026-02-20 19:20:00+00:00,2026-10-04T21:11:09Z,4.092000,4.094000,4.081000,4.086000,4.088000,4.094000,4.085000,4.086000,changed
2026-02-23 14:20:00+00:00,2026-10-04T21:11:09Z,4.067000,4.069000,4.054000,4.056000,4.063000,4.067000,4.054000,4.056000,changed
2026-02-23 15:20:00+00:00,2026-10-04T21:11:09Z,4.065000,4.067000,4.029000,4.033000,4.060000,4.060000,4.029000,4.033000,changed
2026-02-23 16:20:00+00:00,2026-10-04T21:11:09Z,4.054000,4.056000,4.025000,4.027000,4.042000,4.044000,4.025000,4.027000,changed
2026-02-23 17:20:00+00:00,2026-10-04T21:11:09Z,4.033000,4.035000,4.018000,4.027000,4.029000,4.029000,4.018000,4.027000,changed
2026-02-23 18:20:00+00:00,2026-10-04T21:11:09Z,4.027000,4.029000,4.018000,4.025000,4.023000,4.027000,4.021000,4.025000,changed
2026-02-23 19:20:00+00:00,2026-10-04T21:11:09Z,4.027000,4.031000,4.021000,4.029000,4.023000,4.031000,4.023000,4.029000,changed
2026-02-25 14:20:00+00:00,2026-10-04T21:11:09Z,4.050000,4.058000,4.050000,4.050000,4.056000,4.058000,4.050000,4.050000,changed
2026-02-25 15:20:00+00:00,2026-10-04T21:11:09Z,4.056000,4.056000,4.044000,4.046000,4.056000,4.058000,4.044000,4.046000,changed
2026-02-25 16:20:00+00:00,2026-10-04T21:11:09Z,4.046000,4.048000,4.035000,4.037000,4.052000,4.052000,4.035000,4.037000,changed
2026-02-25 17:20:00+00:00,2026-10-04T21:11:09Z,4.042000,4.042000,4.035000,4.039000,4.044000,4.044000,4.035000,4.039000,changed
2026-02-25 18:20:00+00:00,2026-10-04T21:11:09Z,4.037000,4.048000,4.037000,4.048000,4.035000,4.048000,4.035000,4.048000,changed
2026-02-25 19:20:00+00:00,2026-10-04T21:11:09Z,4.046000,4.050000,4.044000,4.048000,4.040000,4.050000,4.040000,4.048000,changed
2026-02-27 14:20:00+00:00,2026-10-04T21:11:09Z,3.987000,3.994000,3.970000,3.981000,3.987000,3.987000,3.970000,3.981000,changed
2026-02-27 15:20:00+00:00,2026-10-04T21:11:09Z,3.977000,3.983000,3.970000,3.975000,3.975000,3.983000,3.974000,3.975000,changed
2026-02-27 16:20:00+00:00,2026-10-04T21:11:09Z,3.979000,3.983000,3.968000,3.975000,3.975000,3.977000,3.968000,3.975000,changed
2026-02-27 17:20:00+00:00,2026-10-04T21:11:09Z,3.974000,3.975000,3.966000,3.966000,3.970000,3.975000,3.966000,3.966000,changed
2026-02-27 18:20:00+00:00,2026-10-04T21:11:09Z,3.970000,3.975000,3.958000,3.958000,3.972000,3.972000,3.958000,3.958000,changed
2026-02-27 19:20:00+00:00,2026-10-04T21:11:09Z,3.968000,3.968000,3.956000,3.962000,3.964000,3.964000,3.956000,3.962000,changed
2026-02-02 18:20:00+00:00,2026-10-04T21:39:49Z,4.271000,4.275000,4.271000,4.275000,4.263000,4.277000,4.261000,4.277000,changed
2026-02-02 19:20:00+00:00,2026-10-04T21:39:49Z,4.275000,4.279000,4.269000,4.275000,4.273000,4.279000,4.269000,4.275000,changed
2026-02-03 14:20:00+00:00,2026-10-04T21:39:49Z,4.292000,4.300000,4.282000,4.284000,4.293000,4.300000,4.282000,4.284000,changed
2026-02-03 15:20:00+00:00,2026-10-04T21:39:49Z,4.292000,4.293000,4.279000,4.287000,4.284000,4.293000,4.279000,4.287000,changed
2026-02-03 16:20:00+00:00,2026-10-04T21:39:49Z,4.285000,4.293000,4.278000,4.285000,4.292000,4.293000,4.278000,4.285000,changed
2026-02-03 18:20:00+00:00,2026-10-04T21:39:49Z,4.290000,4.293000,4.266000,4.271000,4.290000,4.292000,4.266000,4.271000,changed
2026-02-03 19:20:00+00:00,2026-10-04T21:39:49Z,4.284000,4.284000,4.266000,4.274000,4.268000,4.278000,4.266000,4.274000,changed
2026-02-04 14:20:00+00:00,2026-10-04T21:39:49Z,4.271000,4.290000,4.269000,4.271000,4.282000,4.290000,4.269000,4.271000,changed
2026-02-04 15:20:00+00:00,2026-10-04T21:39:49Z,4.284000,4.290000,4.269000,4.271000,4.287000,4.287000,4.269000,4.271000,changed
2026-02-04 17:20:00+00:00,2026-10-04T21:39:49Z,4.278000,4.279000,4.261000,4.271000,4.275000,4.275000,4.261000,4.271000,changed
2026-02-04 18:20:00+00:00,2026-10-04T21:39:49Z,4.263000,4.279000,4.261000,4.279000,4.271000,4.279000,4.268000,4.279000,changed
2026-02-04 19:20:00+00:00,2026-10-04T21:39:49Z,4.275000,4.279000,4.268000,4.275000,4.269000,4.279000,4.269000,4.275000,changed
2026-02-05 14:20:00+00:00,2026-10-04T21:39:49Z,4.232000,4.250000,4.222000,4.222000,4.246000,4.250000,4.222000,4.222000,changed
2026-02-05 15:20:00+00:00,2026-10-04T21:39:49Z,4.234000,4.236000,4.206000,4.210000,4.236000,4.250000,4.206000,4.210000,changed
2026-02-05 16:20:00+00:00,2026-10-04T21:39:49Z,4.216000,4.220000,4.206000,4.210000,4.214000,4.220000,4.206000,4.210000,changed
2026-02-05 17:20:00+00:00,2026-10-04T21:39:49Z,4.216000,4.218000,4.208000,4.212000,4.218000,4.220000,4.208000,4.212000,changed
2026-02-05 18:20:00+00:00,2026-10-04T21:39:49Z,4.212000,4.212000,4.204000,4.210000,4.216000,4.218000,4.204000,4.210000,changed
2026-02-05 19:20:00+00:00,2026-10-04T21:39:49Z,4.204000,4.210000,4.204000,4.210000,4.208000,4.210000,4.204000,4.210000,changed
2026-02-06 14:20:00+00:00,2026-10-04T21:39:49Z,4.198000,4.220000,4.194000,4.216000,4.204000,4.220000,4.194000,4.216000,changed
2026-02-06 15:20:00+00:00,2026-10-04T21:39:49Z,4.214000,4.222000,4.212000,4.218000,4.196000,4.224000,4.194000,4.218000,changed
2026-02-06 16:20:00+00:00,2026-10-04T21:39:49Z,4.216000,4.220000,4.216000,4.218000,4.220000,4.224000,4.212000,4.218000,changed
2026-02-06 17:20:00+00:00,2026-10-04T21:39:49Z,4.218000,4.220000,4.214000,4.216000,4.216000,4.220000,4.212000,4.216000,changed
2026-02-06 18:20:00+00:00,2026-10-04T21:39:49Z,4.214000,4.216000,4.208000,4.210000,4.218000,4.220000,4.208000,4.210000,changed
2026-02-06 19:20:00+00:00,2026-10-04T21:39:49Z,4.210000,4.212000,4.206000,4.206000,4.214000,4.214000,4.206000,4.206000,changed
2026-02-09 14:20:00+00:00,2026-10-04T21:39:49Z,4.220000,4.226000,4.210000,4.220000,4.218000,4.226000,4.210000,4.220000,changed
2026-02-09 15:20:00+00:00,2026-10-04T21:39:49Z,4.218000,4.222000,4.206000,4.208000,4.216000,4.226000,4.206000,4.208000,changed
2026-02-09 16:20:00+00:00,2026-10-04T21:39:49Z,4.212000,4.216000,4.206000,4.206000,4.214000,4.220000,4.206000,4.206000,changed
2026-02-09 17:20:00+00:00,2026-10-04T21:39:49Z,4.210000,4.212000,4.202000,4.206000,4.210000,4.216000,4.202000,4.206000,changed
2026-02-09 18:20:00+00:00,2026-10-04T21:39:49Z,4.206000,4.210000,4.200000,4.202000,4.204000,4.210000,4.200000,4.202000,changed
2026-02-09 19:20:00+00:00,2026-10-04T21:39:49Z,4.204000,4.204000,4.196000,4.198000,4.206000,4.206000,4.196000,4.198000,changed
2026-02-10 14:20:00+00:00,2026-10-04T21:39:49Z,4.164000,4.166000,4.139000,4.145000,4.159000,4.162000,4.139000,4.145000,changed
2026-02-10 15:20:00+00:00,2026-10-04T21:39:49Z,4.154000,4.154000,4.135000,4.139000,4.147000,4.149000,4.135000,4.139000,changed
2026-02-10 16:20:00+00:00,2026-10-04T21:39:49Z,4.145000,4.151000,4.135000,4.145000,4.141000,4.151000,4.135000,4.145000,changed
2026-02-10 17:20:00+00:00,2026-10-04T21:39:49Z,4.137000,4.153000,4.137000,4.149000,4.145000,4.153000,4.143000,4.149000,changed
2026-02-10 18:20:00+00:00,2026-10-04T21:39:49Z,4.143000,4.153000,4.143000,4.151000,4.149000,4.153000,4.149000,4.151000,changed
2026-02-10 19:20:00+00:00,2026-10-04T21:39:49Z,4.153000,4.153000,4.145000,4.147000,4.151000,4.153000,4.145000,4.147000,changed
2026-02-11 14:20:00+00:00,2026-10-04T21:39:49Z,4.176000,4.206000,4.168000,4.170000,4.202000,4.202000,4.168000,4.170000,changed
2026-02-11 15:20:00+00:00,2026-10-04T21:39:49Z,4.184000,4.188000,4.165000,4.170000,4.182000,4.184000,4.165000,4.170000,changed
2026-02-11 16:20:00+00:00,2026-10-04T21:39:49Z,4.165000,4.178000,4.149000,4.149000,4.174000,4.178000,4.149000,4.149000,changed
2026-02-11 17:20:00+00:00,2026-10-04T21:39:49Z,4.165000,4.174000,4.147000,4.172000,4.151000,4.174000,4.147000,4.172000,changed
2026-02-11 18:20:00+00:00,2026-10-04T21:39:49Z,4.155000,4.178000,4.151000,4.172000,4.155000,4.178000,4.153000,4.172000,changed
2026-02-11 19:20:00+00:00,2026-10-04T21:39:49Z,4.174000,4.178000,4.166000,4.172000,4.176000,4.178000,4.170000,4.172000,changed
2026-02-12 14:20:00+00:00,2026-10-04T21:39:49Z,4.162000,4.169000,4.146000,4.146000,4.158000,4.169000,4.146000,4.146000,changed
2026-02-12 15:20:00+00:00,2026-10-04T21:39:49Z,4.152000,4.152000,4.125000,4.127000,4.164000,4.165000,4.125000,4.127000,changed
2026-02-12 16:20:00+00:00,2026-10-04T21:39:49Z,4.140000,4.140000,4.119000,4.123000,4.146000,4.146000,4.119000,4.123000,changed
2026-02-12 17:20:00+00:00,2026-10-04T21:39:49Z,4.127000,4.131000,4.102000,4.102000,4.121000,4.131000,4.102000,4.102000,changed
2026-02-12 18:20:00+00:00,2026-10-04T21:39:49Z,4.127000,4.129000,4.100000,4.100000,4.129000,4.131000,4.100000,4.100000,changed
2026-02-12 19:20:00+00:00,2026-10-04T21:39:49Z,4.104000,4.110000,4.100000,4.104000,4.102000,4.110000,4.100000,4.104000,changed
2026-02-13 14:20:00+00:00,2026-10-04T21:39:49Z,4.087000,4.090000,4.050000,4.064000,4.100000,4.100000,4.050000,4.064000,changed
2026-02-13 15:20:00+00:00,2026-10-04T21:39:49Z,4.062000,4.069000,4.056000,4.062000,4.067000,4.071000,4.050000,4.062000,changed
2026-02-13 16:20:00+00:00,2026-10-04T21:39:49Z,4.064000,4.064000,4.046000,4.054000,4.067000,4.069000,4.046000,4.054000,changed
2026-02-13 17:20:00+00:00,2026-10-04T21:39:49Z,4.052000,4.066000,4.052000,4.064000,4.056000,4.066000,4.046000,4.064000,changed
2026-02-13 18:20:00+00:00,2026-10-04T21:39:49Z,4.064000,4.067000,4.060000,4.064000,4.056000,4.067000,4.056000,4.064000,changed
2026-02-13 19:20:00+00:00,2026-10-04T21:39:49Z,4.066000,4.066000,4.054000,4.056000,4.064000,4.067000,4.054000,4.056000,changed
2026-02-17 14:20:00+00:00,2026-10-04T21:39:49Z,4.029000,4.058000,4.025000,4.052000,4.041000,4.058000,4.041000,4.052000,changed
2026-02-17 15:20:00+00:00,2026-10-04T21:39:49Z,4.048000,4.058000,4.039000,4.056000,4.045000,4.056000,4.039000,4.056000,changed
2026-02-17 16:20:00+00:00,2026-10-04T21:39:49Z,4.048000,4.056000,4.039000,4.052000,4.045000,4.056000,4.045000,4.052000,changed
2026-02-17 17:20:00+00:00,2026-10-04T21:39:49Z,4.052000,4.060000,4.048000,4.056000,4.056000,4.060000,4.048000,4.056000,changed
2026-02-17 18:20:00+00:00,2026-10-04T21:39:49Z,4.052000,4.060000,4.048000,4.058000,4.056000,4.060000,4.054000,4.058000,changed
2026-02-17 19:20:00+00:00,2026-10-04T21:39:49Z,4.060000,4.060000,4.052000,4.052000,4.058000,4.060000,4.052000,4.052000,changed
2026-02-18 14:20:00+00:00,2026-10-04T21:39:49Z,4.067000,4.085000,4.064000,4.079000,4.075000,4.085000,4.075000,4.079000,changed
2026-02-18 15:20:00+00:00,2026-10-04T21:39:49Z,4.079000,4.085000,4.073000,4.077000,4.083000,4.085000,4.073000,4.077000,changed
2026-02-18 16:20:00+00:00,2026-10-04T21:39:49Z,4.083000,4.083000,4.071000,4.073000,4.077000,4.079000,4.071000,4.073000,changed
2026-02-18 18:20:00+00:00,2026-10-04T21:39:49Z,4.071000,4.088000,4.071000,4.079000,4.075000,4.088000,4.075000,4.079000,changed
2026-02-18 19:20:00+00:00,2026-10-04T21:39:49Z,4.081000,4.088000,4.079000,4.079000,4.085000,4.088000,4.079000,4.079000,changed
2026-02-19 14:20:00+00:00,2026-10-04T21:39:49Z,4.100000,4.102000,4.083000,4.088000,4.106000,4.106000,4.083000,4.088000,changed
2026-02-19 15:20:00+00:00,2026-10-04T21:39:49Z,4.088000,4.094000,4.083000,4.085000,4.092000,4.094000,4.083000,4.085000,changed
2026-02-19 16:20:00+00:00,2026-10-04T21:39:49Z,4.088000,4.088000,4.081000,4.083000,4.086000,4.094000,4.081000,4.083000,changed
2026-02-19 17:20:00+00:00,2026-10-04T21:39:49Z,4.085000,4.086000,4.075000,4.075000,4.085000,4.088000,4.075000,4.075000,changed
2026-02-19 18:20:00+00:00,2026-10-04T21:39:49Z,4.085000,4.085000,4.065000,4.069000,4.085000,4.086000,4.065000,4.069000,changed
2026-02-19 19:20:00+00:00,2026-10-04T21:39:49Z,4.069000,4.079000,4.065000,4.075000,4.073000,4.079000,4.065000,4.075000,changed
2026-02-20 14:20:00+00:00,2026-10-04T21:39:49Z,4.071000,4.104000,4.069000,4.096000,4.063000,4.104000,4.060000,4.096000,changed
2026-02-20 15:20:00+00:00,2026-10-04T21:39:49Z,4.077000,4.104000,4.075000,4.086000,4.071000,4.104000,4.071000,4.086000,changed
2026-02-20 16:20:00+00:00,2026-10-04T21:39:49Z,4.096000,4.098000,4.083000,4.088000,4.092000,4.098000,4.083000,4.088000,changed
2026-02-20 17:20:00+00:00,2026-10-04T21:39:49Z,4.096000,4.100000,4.086000,4.096000,4.085000,4.100000,4.085000,4.096000,changed
2026-02-20 18:20:00+00:00,2026-10-04T21:39:49Z,4.094000,4.100000,4.081000,4.085000,4.086000,4.100000,4.081000,4.085000,changed
2026-02-20 19:20:00+00:00,2026-10-04T21:39:49Z,4.088000,4.094000,4.085000,4.086000,4.092000,4.094000,4.081000,4.086000,changed
2026-02-23 14:20:00+00:00,2026-10-04T21:39:49Z,4.063000,4.067000,4.054000,4.056000,4.067000,4.069000,4.054000,4.056000,changed
2026-02-23 15:20:00+00:00,2026-10-04T21:39:49Z,4.060000,4.060000,4.029000,4.033000,4.065000,4.067000,4.029000,4.033000,changed
2026-02-23 16:20:00+00:00,2026-10-04T21:39:49Z,4.042000,4.044000,4.025000,4.027000,4.054000,4.056000,4.025000,4.027000,changed
2026-02-23 17:20:00+00:00,2026-10-04T21:39:49Z,4.029000,4.029000,4.018000,4.027000,4.033000,4.035000,4.018000,4.027000,changed
2026-02-23 18:20:00+00:00,2026-10-04T21:39:49Z,4.023000,4.027000,4.021000,4.025000,4.027000,4.029000,4.018000,4.025000,changed
2026-02-23 19:20:00+00:00,2026-10-04T21:39:49Z,4.023000,4.031000,4.023000,4.029000,4.027000,4.031000,4.021000,4.029000,changed
2026-02-25 14:20:00+00:00,2026-10-04T21:39:49Z,4.056000,4.058000,4.050000,4.050000,4.050000,4.058000,4.050000,4.050000,changed
2026-02-25 15:20:00+00:00,2026-10-04T21:39:49Z,4.056000,4.058000,4.044000,4.046000,4.056000,4.056000,4.044000,4.046000,changed
2026-02-25 16:20:00+00:00,2026-10-04T21:39:49Z,4.052000,4.052000,4.035000,4.037000,4.046000,4.048000,4.035000,4.037000,changed
2026-02-25 17:20:00+00:00,2026-10-04T21:39:49Z,4.044000,4.044000,4.035000,4.039000,4.042000,4.042000,4.035000,4.039000,changed
2026-02-25 18:20:00+00:00,2026-10-04T21:39:49Z,4.035000,4.048000,4.035000,4.048000,4.037000,4.048000,4.037000,4.048000,changed
2026-02-25 19:20:00+00:00,2026-10-04T21:39:49Z,4.040000,4.050000,4.040000,4.048000,4.046000,4.050000,4.044000,4.048000,changed
2026-02-27 14:20:00+00:00,2026-10-04T21:39:49Z,3.987000,3.987000,3.970000,3.981000,3.987000,3.994000,3.970000,3.981000,changed
2026-02-27 15:20:00+00:00,2026-10-04T21:39:49Z,3.975000,3.983000,3.974000,3.975000,3.977000,3.983000,3.970000,3.975000,changed
2026-02-27 16:20:00+00:00,2026-10-04T21:39:49Z,3.975000,3.977000,3.968000,3.975000,3.979000,3.983000,3.968000,3.975000,changed
2026-02-27 17:20:00+00:00,2026-10-04T21:39:49Z,3.970000,3.975000,3.966000,3.966000,3.974000,3.975000,3.966000,3.966000,changed
2026-02-27 18:20:00+00:00,2026-10-04T21:39:49Z,3.972000,3.972000,3.958000,3.958000,3.970000,3.975000,3.958000,3.958000,changed
2026-02-27 19:20:00+00:00,2026-10-04T21:39:49Z,3.964000,3.964000,3.956000,3.962000,3.968000,3.968000,3.956000,3.962000,changed
2026-02-02 18:20:00+00:00,2026-10-04T21:58:00Z,4.263000,4.277000,4.261000,4.277000,4.271000,4.275000,4.271000,4.275000,changed
2026-02-02 19:20:00+00:00,2026-10-04T21:58:00Z,4.273000,4.279000,4.269000,4.275000,4.275000,4.279000,4.269000,4.275000,changed
2026-02-03 14:20:00+00:00,2026-10-04T21:58:00Z,4.293000,4.300000,4.282000,4.284000,4.292000,4.300000,4.282000,4.284000,changed
2026-02-03 15:20:00+00:00,2026-10-04T21:58:00Z,4.284000,4.293000,4.279000,4.287000,4.292000,4.293000,4.279000,4.287000,changed
2026-02-03 16:20:00+00:00,2026-10-04T21:58:00Z,4.292000,4.293000,4.278000,4.285000,4.285000,4.293000,4.278000,4.285000,changed
2026-02-03 18:20:00+00:00,2026-10-04T21:58:00Z,4.290000,4.292000,4.266000,4.271000,4.290000,4.293000,4.266000,4.271000,changed
2026-02-03 19:20:00+00:00,2026-10-04T21:58:00Z,4.268000,4.278000,4.266000,4.274000,4.284000,4.284000,4.266000,4.274000,changed
2026-02-04 14:20:00+00:00,2026-10-04T21:58:00Z,4.282000,4.290000,4.269000,4.271000,4.271000,4.290000,4.269000,4.271000,changed
2026-02-04 15:20:00+00:00,2026-10-04T21:58:00Z,4.287000,4.287000,4.269000,4.271000,4.284000,4.290000,4.269000,4.271000,changed
2026-02-04 17:20:00+00:00,2026-10-04T21:58:00Z,4.275000,4.275000,4.261000,4.271000,4.278000,4.279000,4.261000,4.271000,changed
2026-02-04 18:20:00+00:00,2026-10-04T21:58:00Z,4.271000,4.279000,4.268000,4.279000,4.263000,4.279000,4.261000,4.279000,changed
2026-02-04 19:20:00+00:00,2026-10-04T21:58:00Z,4.269000,4.279000,4.269000,4.275000,4.275000,4.279000,4.268000,4.275000,changed
2026-02-05 14:20:00+00:00,2026-10-04T21:58:00Z,4.246000,4.250000,4.222000,4.222000,4.232000,4.250000,4.222000,4.222000,changed
2026-02-05 15:20:00+00:00,2026-10-04T21:58:00Z,4.236000,4.250000,4.206000,4.210000,4.234000,4.236000,4.206000,4.210000,changed
2026-02-05 16:20:00+00:00,2026-10-04T21:58:00Z,4.214000,4.220000,4.206000,4.210000,4.216000,4.220000,4.206000,4.210000,changed
2026-02-05 17:20:00+00:00,2026-10-04T21:58:00Z,4.218000,4.220000,4.208000,4.212000,4.216000,4.218000,4.208000,4.212000,changed
2026-02-05 18:20:00+00:00,2026-10-04T21:58:00Z,4.216000,4.218000,4.204000,4.210000,4.212000,4.212000,4.204000,4.210000,changed
2026-02-05 19:20:00+00:00,2026-10-04T21:58:00Z,4.208000,4.210000,4.204000,4.210000,4.204000,4.210000,4.204000,4.210000,changed
2026-02-06 14:20:00+00:00,2026-10-04T21:58:00Z,4.204000,4.220000,4.194000,4.216000,4.198000,4.220000,4.194000,4.216000,changed
2026-02-06 15:20:00+00:00,2026-10-04T21:58:00Z,4.196000,4.224000,4.194000,4.218000,4.214000,4.222000,4.212000,4.218000,changed
2026-02-06 16:20:00+00:00,2026-10-04T21:58:00Z,4.220000,4.224000,4.212000,4.218000,4.216000,4.220000,4.216000,4.218000,changed
2026-02-06 17:20:00+00:00,2026-10-04T21:58:00Z,4.216000,4.220000,4.212000,4.216000,4.218000,4.220000,4.214000,4.216000,changed
2026-02-06 18:20:00+00:00,2026-10-04T21:58:00Z,4.218000,4.220000,4.208000,4.210000,4.214000,4.216000,4.208000,4.210000,changed
2026-02-06 19:20:00+00:00,2026-10-04T21:58:00Z,4.214000,4.214000,4.206000,4.206000,4.210000,4.212000,4.206000,4.206000,changed
2026-02-09 14:20:00+00:00,2026-10-04T21:58:00Z,4.218000,4.226000,4.210000,4.220000,4.220000,4.226000,4.210000,4.220000,changed
2026-02-09 15:20:00+00:00,2026-10-04T21:58:00Z,4.216000,4.226000,4.206000,4.208000,4.218000,4.222000,4.206000,4.208000,changed
2026-02-09 16:20:00+00:00,2026-10-04T21:58:00Z,4.214000,4.220000,4.206000,4.206000,4.212000,4.216000,4.206000,4.206000,changed
2026-02-09 17:20:00+00:00,2026-10-04T21:58:00Z,4.210000,4.216000,4.202000,4.206000,4.210000,4.212000,4.202000,4.206000,changed
2026-02-09 18:20:00+00:00,2026-10-04T21:58:00Z,4.204000,4.210000,4.200000,4.202000,4.206000,4.210000,4.200000,4.202000,changed
2026-02-09 19:20:00+00:00,2026-10-04T21:58:00Z,4.206000,4.206000,4.196000,4.198000,4.204000,4.204000,4.196000,4.198000,changed
2026-02-10 14:20:00+00:00,2026-10-04T21:58:00Z,4.159000,4.162000,4.139000,4.145000,4.164000,4.166000,4.139000,4.145000,changed
2026-02-10 15:20:00+00:00,2026-10-04T21:58:00Z,4.147000,4.149000,4.135000,4.139000,4.154000,4.154000,4.135000,4.139000,changed
2026-02-10 16:20:00+00:00,2026-10-04T21:58:00Z,4.141000,4.151000,4.135000,4.145000,4.145000,4.151000,4.135000,4.145000,changed
2026-02-10 17:20:00+00:00,2026-10-04T21:58:00Z,4.145000,4.153000,4.143000,4.149000,4.137000,4.153000,4.137000,4.149000,changed
2026-02-10 18:20:00+00:00,2026-10-04T21:58:00Z,4.149000,4.153000,4.149000,4.151000,4.143000,4.153000,4.143000,4.151000,changed
2026-02-10 19:20:00+00:00,2026-10-04T21:58:00Z,4.151000,4.153000,4.145000,4.147000,4.153000,4.153000,4.145000,4.147000,changed
2026-02-11 14:20:00+00:00,2026-10-04T21:58:00Z,4.202000,4.202000,4.168000,4.170000,4.176000,4.206000,4.168000,4.170000,changed
2026-02-11 15:20:00+00:00,2026-10-04T21:58:00Z,4.182000,4.184000,4.165000,4.170000,4.184000,4.188000,4.165000,4.170000,changed
2026-02-11 16:20:00+00:00,2026-10-04T21:58:00Z,4.174000,4.178000,4.149000,4.149000,4.165000,4.178000,4.149000,4.149000,changed
2026-02-11 17:20:00+00:00,2026-10-04T21:58:00Z,4.151000,4.174000,4.147000,4.172000,4.165000,4.174000,4.147000,4.172000,changed
2026-02-11 18:20:00+00:00,2026-10-04T21:58:00Z,4.155000,4.178000,4.153000,4.172000,4.155000,4.178000,4.151000,4.172000,changed
2026-02-11 19:20:00+00:00,2026-10-04T21:58:00Z,4.176000,4.178000,4.170000,4.172000,4.174000,4.178000,4.166000,4.172000,changed
2026-02-12 14:20:00+00:00,2026-10-04T21:58:00Z,4.158000,4.169000,4.146000,4.146000,4.162000,4.169000,4.146000,4.146000,changed
2026-02-12 15:20:00+00:00,2026-10-04T21:58:00Z,4.164000,4.165000,4.125000,4.127000,4.152000,4.152000,4.125000,4.127000,changed
2026-02-12 16:20:00+00:00,2026-10-04T21:58:00Z,4.146000,4.146000,4.119000,4.123000,4.140000,4.140000,4.119000,4.123000,changed
2026-02-12 17:20:00+00:00,2026-10-04T21:58:00Z,4.121000,4.131000,4.102000,4.102000,4.127000,4.131000,4.102000,4.102000,changed
2026-02-12 18:20:00+00:00,2026-10-04T21:58:00Z,4.129000,4.131000,4.100000,4.100000,4.127000,4.129000,4.100000,4.100000,changed
2026-02-12 19:20:00+00:00,2026-10-04T21:58:00Z,4.102000,4.110000,4.100000,4.104000,4.104000,4.110000,4.100000,4.104000,changed
2026-02-13 14:20:00+00:00,2026-10-04T21:58:00Z,4.100000,4.100000,4.050000,4.064000,4.087000,4.090000,4.050000,4.064000,changed
2026-02-13 15:20:00+00:00,2026-10-04T21:58:00Z,4.067000,4.071000,4.050000,4.062000,4.062000,4.069000,4.056000,4.062000,changed
2026-02-13 16:20:00+00:00,2026-10-04T21:58:00Z,4.067000,4.069000,4.046000,4.054000,4.064000,4.064000,4.046000,4.054000,changed
2026-02-13 17:20:00+00:00,2026-10-04T21:58:00Z,4.056000,4.066000,4.046000,4.064000,4.052000,4.066000,4.052000,4.064000,changed
2026-02-13 18:20:00+00:00,2026-10-04T21:58:00Z,4.056000,4.067000,4.056000,4.064000,4.064000,4.067000,4.060000,4.064000,changed
2026-02-13 19:20:00+00:00,2026-10-04T21:58:00Z,4.064000,4.067000,4.054000,4.056000,4.066000,4.066000,4.054000,4.056000,changed
2026-02-17 14:20:00+00:00,2026-10-04T21:58:00Z,4.041000,4.058000,4.041000,4.052000,4.029000,4.058000,4.025000,4.052000,changed
2026-02-17 15:20:00+00:00,2026-10-04T21:58:00Z,4.045000,4.056000,4.039000,4.056000,4.048000,4.058000,4.039000,4.056000,changed
2026-02-17 16:20:00+00:00,2026-10-04T21:58:00Z,4.045000,4.056000,4.045000,4.052000,4.048000,4.056000,4.039000,4.052000,changed
2026-02-17 17:20:00+00:00,2026-10-04T21:58:00Z,4.056000,4.060000,4.048000,4.056000,4.052000,4.060000,4.048000,4.056000,changed
2026-02-17 18:20:00+00:00,2026-10-04T21:58:00Z,4.056000,4.060000,4.054000,4.058000,4.052000,4.060000,4.048000,4.058000,changed
2026-02-17 19:20:00+00:00,2026-10-04T21:58:00Z,4.058000,4.060000,4.052000,4.052000,4.060000,4.060000,4.052000,4.052000,changed
2026-02-18 14:20:00+00:00,2026-10-04T21:58:00Z,4.075000,4.085000,4.075000,4.079000,4.067000,4.085000,4.064000,4.079000,changed
2026-02-18 15:20:00+00:00,2026-10-04T21:58:00Z,4.083000,4.085000,4.073000,4.077000,4.079000,4.085000,4.073000,4.077000,changed
2026-02-18 16:20:00+00:00,2026-10-04T21:58:00Z,4.077000,4.079000,4.071000,4.073000,4.083000,4.083000,4.071000,4.073000,changed
2026-02-18 18:20:00+00:00,2026-10-04T21:58:00Z,4.075000,4.088000,4.075000,4.079000,4.071000,4.088000,4.071000,4.079000,changed
2026-02-18 19:20:00+00:00,2026-10-04T21:58:00Z,4.085000,4.088000,4.079000,4.079000,4.081000,4.088000,4.079000,4.079000,changed
2026-02-19 14:20:00+00:00,2026-10-04T21:58:00Z,4.106000,4.106000,4.083000,4.088000,4.100000,4.102000,4.083000,4.088000,changed
2026-02-19 15:20:00+00:00,2026-10-04T21:58:00Z,4.092000,4.094000,4.083000,4.085000,4.088000,4.094000,4.083000,4.085000,changed
2026-02-19 16:20:00+00:00,2026-10-04T21:58:00Z,4.086000,4.094000,4.081000,4.083000,4.088000,4.088000,4.081000,4.083000,changed
2026-02-19 17:20:00+00:00,2026-10-04T21:58:00Z,4.085000,4.088000,4.075000,4.075000,4.085000,4.086000,4.075000,4.075000,changed
2026-02-19 18:20:00+00:00,2026-10-04T21:58:00Z,4.085000,4.086000,4.065000,4.069000,4.085000,4.085000,4.065000,4.069000,changed
2026-02-19 19:20:00+00:00,2026-10-04T21:58:00Z,4.073000,4.079000,4.065000,4.075000,4.069000,4.079000,4.065000,4.075000,changed
2026-02-20 14:20:00+00:00,2026-10-04T21:58:00Z,4.063000,4.104000,4.060000,4.096000,4.071000,4.104000,4.069000,4.096000,changed
2026-02-20 15:20:00+00:00,2026-10-04T21:58:00Z,4.071000,4.104000,4.071000,4.086000,4.077000,4.104000,4.075000,4.086000,changed
2026-02-20 16:20:00+00:00,2026-10-04T21:58:00Z,4.092000,4.098000,4.083000,4.088000,4.096000,4.098000,4.083000,4.088000,changed
2026-02-20 17:20:00+00:00,2026-10-04T21:58:00Z,4.085000,4.100000,4.085000,4.096000,4.096000,4.100000,4.086000,4.096000,changed
2026-02-20 18:20:00+00:00,2026-10-04T21:58:00Z,4.086000,4.100000,4.081000,4.085000,4.094000,4.100000,4.081000,4.085000,changed
2026-02-20 19:20:00+00:00,2026-10-04T21:58:00Z,4.092000,4.094000,4.081000,4.086000,4.088000,4.094000,4.085000,4.086000,changed
2026-02-23 14:20:00+00:00,2026-10-04T21:58:00Z,4.067000,4.069000,4.054000,4.056000,4.063000,4.067000,4.054000,4.056000,changed
2026-02-23 15:20:00+00:00,2026-10-04T21:58:00Z,4.065000,4.067000,4.029000,4.033000,4.060000,4.060000,4.029000,4.033000,changed
2026-02-23 16:20:00+00:00,2026-10-04T21:58:00Z,4.054000,4.056000,4.025000,4.027000,4.042000,4.044000,4.025000,4.027000,changed
2026-02-23 17:20:00+00:00,2026-10-04T21:58:00Z,4.033000,4.035000,4.018000,4.027000,4.029000,4.029000,4.018000,4.027000,changed
2026-02-23 18:20:00+00:00,2026-10-04T21:58:00Z,4.027000,4.029000,4.018000,4.025000,4.023000,4.027000,4.021000,4.025000,changed
2026-02-23 19:20:00+00:00,2026-10-04T21:58:00Z,4.027000,4.031000,4.021000,4.029000,4.023000,4.031000,4.023000,4.029000,changed
2026-02-25 14:20:00+00:00,2026-10-04T21:58:00Z,4.050000,4.058000,4.050000,4.050000,4.056000,4.058000,4.050000,4.050000,changed
2026-02-25 15:20:00+00:00,2026-10-04T21:58:00Z,4.056000,4.056000,4.044000,4.046000,4.056000,4.058000,4.044000,4.046000,changed
2026-02-25 16:20:00+00:00,2026-10-04T21:58:00Z,4.046000,4.048000,4.035000,4.037000,4.052000,4.052000,4.035000,4.037000,changed
2026-02-25 17:20:00+00:00,2026-10-04T21:58:00Z,4.042000,4.042000,4.035000,4.039000,4.044000,4.044000,4.035000,4.039000,changed
2026-02-25 18:20:00+00:00,2026-10-04T21:58:00Z,4.037000,4.048000,4.037000,4.048000,4.035000,4.048000,4.035000,4.048000,changed
2026-02-25 19:20:00+00:00,2026-10-04T21:58:00Z,4.046000,4.050000,4.044000,4.048000,4.040000,4.050000,4.040000,4.048000,changed
2026-02-27 14:20:00+00:00,2026-10-04T21:58:00Z,3.987000,3.994000,3.970000,3.981000,3.987000,3.987000,3.970000,3.981000,changed
2026-02-27 15:20:00+00:00,2026-10-04T21:58:00Z,3.977000,3.983000,3.970000,3.975000,3.975000,3.983000,3.974000,3.975000,changed
2026-02-27 16:20:00+00:00,2026-10-04T21:58:00Z,3.979000,3.983000,3.968000,3.975000,3.975000,3.977000,3.968000,3.975000,changed
2026-02-27 17:20:00+00:00,2026-10-04T21:58:00Z,3.974000,3.975000,3.966000,3.966000,3.970000,3.975000,3.966000,3.966000,changed
2026-02-27 18:20:00+00:00,2026-10-04T21:58:00Z,3.970000,3.975000,3.958000,3.958000,3.972000,3.972000,3.958000,3.958000,changed
2026-02-27 19:20:00+00:00,2026-10-04T21:58:00Z,3.968000,3.968000,3.956000,3.962000,3.964000,3.964000,3.956000,3.962000,changed
2026-02-02 18:20:00+00:00,2026-10-04T22:10:08Z,4.271000,4.275000,4.271000,4.275000,4.263000,4.277000,4.261000,4.277000,changed
2026-02-02 19:20:00+00:00,2026-10-04T22:10:08Z,4.275000,4.279000,4.269000,4.275000,4.273000,4.279000,4.269000,4.275000,changed
2026-02-03 14:20:00+00:00,2026-10-04T22:10:08Z,4.292000,4.300000,4.282000,4.284000,4.293000,4.300000,4.282000,4.284000,changed
2026-02-03 15:20:00+00:00,2026-10-04T22:10:08Z,4.292000,4.293000,4.279000,4.287000,4.284000,4.293000,4.279000,4.287000,changed
2026-02-03 16:20:00+00:00,2026-10-04T22:10:08Z,4.285000,4.293000,4.278000,4.285000,4.292000,4.293000,4.278000,4.285000,changed
2026-02-03 18:20:00+00:00,2026-10-04T22:10:08Z,4.290000,4.293000,4.266000,4.271000,4.290000,4.292000,4.266000,4.271000,changed
2026-02-03 19:20:00+00:00,2026-10-04T22:10:08Z,4.284000,4.284000,4.266000,4.274000,4.268000,4.278000,4.266000,4.274000,changed
2026-02-04 14:20:00+00:00,2026-10-04T22:10:08Z,4.271000,4.290000,4.269000,4.271000,4.282000,4.290000,4.269000,4.271000,changed
2026-02-04 15:20:00+00:00,2026-10-04T22:10:08Z,4.284000,4.290000,4.269000,4.271000,4.287000,4.287000,4.269000,4.271000,changed
2026-02-04 17:20:00+00:00,2026-10-04T22:10:08Z,4.278000,4.279000,4.261000,4.271000,4.275000,4.275000,4.261000,4.271000,changed
2026-02-04 18:20:00+00:00,2026-10-04T22:10:08Z,4.263000,4.279000,4.261000,4.279000,4.271000,4.279000,4.268000,4.279000,changed
2026-02-04 19:20:00+00:00,2026-10-04T22:10:08Z,4.275000,4.279000,4.268000,4.275000,4.269000,4.279000,4.269000,4.275000,changed
2026-02-05 14:20:00+00:00,2026-10-04T22:10:08Z,4.232000,4.250000,4.222000,4.222000,4.246000,4.250000,4.222000,4.222000,changed
2026-02-05 15:20:00+00:00,2026-10-04T22:10:08Z,4.234000,4.236000,4.206000,4.210000,4.236000,4.250000,4.206000,4.210000,changed
2026-02-05 16:20:00+00:00,2026-10-04T22:10:08Z,4.216000,4.220000,4.206000,4.210000,4.214000,4.220000,4.206000,4.210000,changed
2026-02-05 17:20:00+00:00,2026-10-04T22:10:08Z,4.216000,4.218000,4.208000,4.212000,4.218000,4.220000,4.208000,4.212000,changed
2026-02-05 18:20:00+00:00,2026-10-04T22:10:08Z,4.212000,4.212000,4.204000,4.210000,4.216000,4.218000,4.204000,4.210000,changed
2026-02-05 19:20:00+00:00,2026-10-04T22:10:08Z,4.204000,4.210000,4.204000,4.210000,4.208000,4.210000,4.204000,4.210000,changed
2026-02-06 14:20:00+00:00,2026-10-04T22:10:08Z,4.198000,4.220000,4.194000,4.216000,4.204000,4.220000,4.194000,4.216000,changed
2026-02-06 15:20:00+00:00,2026-10-04T22:10:08Z,4.214000,4.222000,4.212000,4.218000,4.196000,4.224000,4.194000,4.218000,changed
2026-02-06 16:20:00+00:00,2026-10-04T22:10:08Z,4.216000,4.220000,4.216000,4.218000,4.220000,4.224000,4.212000,4.218000,changed
2026-02-06 17:20:00+00:00,2026-10-04T22:10:08Z,4.218000,4.220000,4.214000,4.216000,4.216000,4.220000,4.212000,4.216000,changed
2026-02-06 18:20:00+00:00,2026-10-04T22:10:08Z,4.214000,4.216000,4.208000,4.210000,4.218000,4.220000,4.208000,4.210000,changed
2026-02-06 19:20:00+00:00,2026-10-04T22:10:08Z,4.210000,4.212000,4.206000,4.206000,4.214000,4.214000,4.206000,4.206000,changed
2026-02-09 14:20:00+00:00,2026-10-04T22:10:08Z,4.220000,4.226000,4.210000,4.220000,4.218000,4.226000,4.210000,4.220000,changed
2026-02-09 15:20:00+00:00,2026-10-04T22:10:08Z,4.218000,4.222000,4.206000,4.208000,4.216000,4.226000,4.206000,4.208000,changed
2026-02-09 16:20:00+00:00,2026-10-04T22:10:08Z,4.212000,4.216000,4.206000,4.206000,4.214000,4.220000,4.206000,4.206000,changed
2026-02-09 17:20:00+00:00,2026-10-04T22:10:08Z,4.210000,4.212000,4.202000,4.206000,4.210000,4.216000,4.202000,4.206000,changed
2026-02-09 18:20:00+00:00,2026-10-04T22:10:08Z,4.206000,4.210000,4.200000,4.202000,4.204000,4.210000,4.200000,4.202000,changed
2026-02-09 19:20:00+00:00,2026-10-04T22:10:08Z,4.204000,4.204000,4.196000,4.198000,4.206000,4.206000,4.196000,4.198000,changed
2026-02-10 14:20:00+00:00,2026-10-04T22:10:08Z,4.164000,4.166000,4.139000,4.145000,4.159000,4.162000,4.139000,4.145000,changed
2026-02-10 15:20:00+00:00,2026-10-04T22:10:08Z,4.154000,4.154000,4.135000,4.139000,4.147000,4.149000,4.135000,4.139000,changed
2026-02-10 16:20:00+00:00,2026-10-04T22:10:08Z,4.145000,4.151000,4.135000,4.145000,4.141000,4.151000,4.135000,4.145000,changed
2026-02-10 17:20:00+00:00,2026-10-04T22:10:08Z,4.137000,4.153000,4.137000,4.149000,4.145000,4.153000,4.143000,4.149000,changed
2026-02-10 18:20:00+00:00,2026-10-04T22:10:08Z,4.143000,4.153000,4.143000,4.151000,4.149000,4.153000,4.149000,4.151000,changed
2026-02-10 19:20:00+00:00,2026-10-04T22:10:08Z,4.153000,4.153000,4.145000,4.147000,4.151000,4.153000,4.145000,4.147000,changed
2026-02-11 14:20:00+00:00,2026-10-04T22:10:08Z,4.176000,4.206000,4.168000,4.170000,4.202000,4.202000,4.168000,4.170000,changed
2026-02-11 15:20:00+00:00,2026-10-04T22:10:08Z,4.184000,4.188000,4.165000,4.170000,4.182000,4.184000,4.165000,4.170000,changed
2026-02-11 16:20:00+00:00,2026-10-04T22:10:08Z,4.165000,4.178000,4.149000,4.149000,4.174000,4.178000,4.149000,4.149000,changed
2026-02-11 17:20:00+00:00,2026-10-04T22:10:08Z,4.165000,4.174000,4.147000,4.172000,4.151000,4.174000,4.147000,4.172000,changed
2026-02-11 18:20:00+00:00,2026-10-04T22:10:08Z,4.155000,4.178000,4.151000,4.172000,4.155000,4.178000,4.153000,4.172000,changed
2026-02-11 19:20:00+00:00,2026-10-04T22:10:08Z,4.174000,4.178000,4.166000,4.172000,4.176000,4.178000,4.170000,4.172000,changed
2026-02-12 14:20:00+00:00,2026-10-04T22:10:08Z,4.162000,4.169000,4.146000,4.146000,4.158000,4.169000,4.146000,4.146000,changed
2026-02-12 15:20:00+00:00,2026-10-04T22:10:08Z,4.152000,4.152000,4.125000,4.127000,4.164000,4.165000,4.125000,4.127000,changed
2026-02-12 16:20:00+00:00,2026-10-04T22:10:08Z,4.140000,4.140000,4.119000,4.123000,4.146000,4.146000,4.119000,4.123000,changed
2026-02-12 17:20:00+00:00,2026-10-04T22:10:08Z,4.127000,4.131000,4.102000,4.102000,4.121000,4.131000,4.102000,4.102000,changed
2026-02-12 18:20:00+00:00,2026-10-04T22:10:08Z,4.127000,4.129000,4.100000,4.100000,4.129000,4.131000,4.100000,4.100000,changed
2026-02-12 19:20:00+00:00,2026-10-04T22:10:08Z,4.104000,4.110000,4.100000,4.104000,4.102000,4.110000,4.100000,4.104000,changed
2026-02-13 14:20:00+00:00,2026-10-04T22:10:08Z,4.087000,4.090000,4.050000,4.064000,4.100000,4.100000,4.050000,4.064000,changed
2026-02-13 15:20:00+00:00,2026-10-04T22:10:08Z,4.062000,4.069000,4.056000,4.062000,4.067000,4.071000,4.050000,4.062000,changed
2026-02-13 16:20:00+00:00,2026-10-04T22:10:08Z,4.064000,4.064000,4.046000,4.054000,4.067000,4.069000,4.046000,4.054000,changed
2026-02-13 17:20:00+00:00,2026-10-04T22:10:08Z,4.052000,4.066000,4.052000,4.064000,4.056000,4.066000,4.046000,4.064000,changed
2026-02-13 18:20:00+00:00,2026-10-04T22:10:08Z,4.064000,4.067000,4.060000,4.064000,4.056000,4.067000,4.056000,4.064000,changed
2026-02-13 19:20:00+00:00,2026-10-04T22:10:08Z,4.066000,4.066000,4.054000,4.056000,4.064000,4.067000,4.054000,4.056000,changed
2026-02-17 14:20:00+00:00,2026-10-04T22:10:08Z,4.029000,4.058000,4.025000,4.052000,4.041000,4.058000,4.041000,4.052000,changed
2026-02-17 15:20:00+00:00,2026-10-04T22:10:08Z,4.048000,4.058000,4.039000,4.056000,4.045000,4.056000,4.039000,4.056000,changed
2026-02-17 16:20:00+00:00,2026-10-04T22:10:08Z,4.048000,4.056000,4.039000,4.052000,4.045000,4.056000,4.045000,4.052000,changed
2026-02-17 17:20:00+00:00,2026-10-04T22:10:08Z,4.052000,4.060000,4.048000,4.056000,4.056000,4.060000,4.048000,4.056000,changed
2026-02-17 18:20:00+00:00,2026-10-04T22:10:08Z,4.052000,4.060000,4.048000,4.058000,4.056000,4.060000,4.054000,4.058000,changed
2026-02-17 19:20:00+00:00,2026-10-04T22:10:08Z,4.060000,4.060000,4.052000,4.052000,4.058000,4.060000,4.052000,4.052000,changed
2026-02-18 14:20:00+00:00,2026-10-04T22:10:08Z,4.067000,4.085000,4.064000,4.079000,4.075000,4.085000,4.075000,4.079000,changed
2026-02-18 15:20:00+00:00,2026-10-04T22:10:08Z,4.079000,4.085000,4.073000,4.077000,4.083000,4.085000,4.073000,4.077000,changed
2026-02-18 16:20:00+00:00,2026-10-04T22:10:08Z,4.083000,4.083000,4.071000,4.073000,4.077000,4.079000,4.071000,4.073000,changed
2026-02-18 18:20:00+00:00,2026-10-04T22:10:08Z,4.071000,4.088000,4.071000,4.079000,4.075000,4.088000,4.075000,4.079000,changed
2026-02-18 19:20:00+00:00,2026-10-04T22:10:08Z,4.081000,4.088000,4.079000,4.079000,4.085000,4.088000,4.079000,4.079000,changed
2026-02-19 14:20:00+00:00,2026-10-04T22:10:08Z,4.100000,4.102000,4.083000,4.088000,4.106000,4.106000,4.083000,4.088000,changed
2026-02-19 15:20:00+00:00,2026-10-04T22:10:08Z,4.088000,4.094000,4.083000,4.085000,4.092000,4.094000,4.083000,4.085000,changed
2026-02-19 16:20:00+00:00,2026-10-04T22:10:08Z,4.088000,4.088000,4.081000,4.083000,4.086000,4.094000,4.081000,4.083000,changed
2026-02-19 17:20:00+00:00,2026-10-04T22:10:08Z,4.085000,4.086000,4.075000,4.075000,4.085000,4.088000,4.075000,4.075000,changed
2026-02-19 18:20:00+00:00,2026-10-04T22:10:08Z,4.085000,4.085000,4.065000,4.069000,4.085000,4.086000,4.065000,4.069000,changed
2026-02-19 19:20:00+00:00,2026-10-04T22:10:08Z,4.069000,4.079000,4.065000,4.075000,4.073000,4.079000,4.065000,4.075000,changed
2026-02-20 14:20:00+00:00,2026-10-04T22:10:08Z,4.071000,4.104000,4.069000,4.096000,4.063000,4.104000,4.060000,4.096000,changed
2026-02-20 15:20:00+00:00,2026-10-04T22:10:08Z,4.077000,4.104000,4.075000,4.086000,4.071000,4.104000,4.071000,4.086000,changed
2026-02-20 16:20:00+00:00,2026-10-04T22:10:08Z,4.096000,4.098000,4.083000,4.088000,4.092000,4.098000,4.083000,4.088000,changed
2026-02-20 17:20:00+00:00,2026-10-04T22:10:08Z,4.096000,4.100000,4.086000,4.096000,4.085000,4.100000,4.085000,4.096000,changed
2026-02-20 18:20:00+00:00,2026-10-04T22:10:08Z,4.094000,4.100000,4.081000,4.085000,4.086000,4.100000,4.081000,4.085000,changed
2026-02-20 19:20:00+00:00,2026-10-04T22:10:08Z,4.088000,4.094000,4.085000,4.086000,4.092000,4.094000,4.081000,4.086000,changed
2026-02-23 14:20:00+00:00,2026-10-04T22:10:08Z,4.063000,4.067000,4.054000,4.056000,4.067000,4.069000,4.054000,4.056000,changed
2026-02-23 15:20:00+00:00,2026-10-04T22:10:08Z,4.060000,4.060000,4.029000,4.033000,4.065000,4.067000,4.029000,4.033000,changed
2026-02-23 16:20:00+00:00,2026-10-04T22:10:08Z,4.042000,4.044000,4.025000,4.027000,4.054000,4.056000,4.025000,4.027000,changed
2026-02-23 17:20:00+00:00,2026-10-04T22:10:08Z,4.029000,4.029000,4.018000,4.027000,4.033000,4.035000,4.018000,4.027000,changed
2026-02-23 18:20:00+00:00,2026-10-04T22:10:08Z,4.023000,4.027000,4.021000,4.025000,4.027000,4.029000,4.018000,4.025000,changed
2026-02-23 19:20:00+00:00,2026-10-04T22:10:08Z,4.023000,4.031000,4.023000,4.029000,4.027000,4.031000,4.021000,4.029000,changed
2026-02-25 14:20:00+00:00,2026-10-04T22:10:08Z,4.056000,4.058000,4.050000,4.050000,4.050000,4.058000,4.050000,4.050000,changed
2026-02-25 15:20:00+00:00,2026-10-04T22:10:08Z,4.056000,4.058000,4.044000,4.046000,4.056000,4.056000,4.044000,4.046000,changed
2026-02-25 16:20:00+00:00,2026-10-04T22:10:08Z,4.052000,4.052000,4.035000,4.037000,4.046000,4.048000,4.035000,4.037000,changed
2026-02-25 17:20:00+00:00,2026-10-04T22:10:08Z,4.044000,4.044000,4.035000,4.039000,4.042000,4.042000,4.035000,4.039000,changed
2026-02-25 18:20:00+00:00,2026-10-04T22:10:08Z,4.035000,4.048000,4.035000,4.048000,4.037000,4.048000,4.037000,4.048000,changed
2026-02-25 19:20:00+00:00,2026-10-04T22:10:08Z,4.040000,4.050000,4.040000,4.048000,4.046000,4.050000,4.044000,4.048000,changed
2026-02-27 14:20:00+00:00,2026-10-04T22:10:08Z,3.987000,3.987000,3.970000,3.981000,3.987000,3.994000,3.970000,3.981000,changed
2026-02-27 15:20:00+00:00,2026-10-04T22:10:08Z,3.975000,3.983000,3.974000,3.975000,3.977000,3.983000,3.970000,3.975000,changed
2026-02-27 16:20:00+00:00,2026-10-04T22:10:08Z,3.975000,3.977000,3.968000,3.975000,3.979000,3.983000,3.968000,3.975000,changed
2026-02-27 17:20:00+00:00,2026-10-04T22:10:08Z,3.970000,3.975000,3.966000,3.966000,3.974000,3.975000,3.966000,3.966000,changed
2026-02-27 18:20:00+00:00,2026-10-04T22:10:08Z,3.972000,3.972000,3.958000,3.958000,3.970000,3.975000,3.958000,3.958000,changed
2026-02-27 19:20:00+00:00,2026-10-04T22:10:08Z,3.964000,3.964000,3.956000,3.962000,3.968000,3.968000,3.956000,3.962000,changed
2026-02-02 18:20:00+00:00,2026-10-04T22:41:33Z,4.263000,4.277000,4.261000,4.277000,4.271000,4.275000,4.271000,4.275000,changed
2026-02-02 19:20:00+00:00,2026-10-04T22:41:33Z,4.273000,4.279000,4.269000,4.275000,4.275000,4.279000,4.269000,4.275000,changed
2026-02-03 14:20:00+00:00,2026-10-04T22:41:33Z,4.293000,4.300000,4.282000,4.284000,4.292000,4.300000,4.282000,4.284000,changed
2026-02-03 15:20:00+00:00,2026-10-04T22:41:33Z,4.284000,4.293000,4.279000,4.287000,4.292000,4.293000,4.279000,4.287000,changed
2026-02-03 16:20:00+00:00,2026-10-04T22:41:33Z,4.292000,4.293000,4.278000,4.285000,4.285000,4.293000,4.278000,4.285000,changed
2026-02-03 18:20:00+00:00,2026-10-04T22:41:33Z,4.290000,4.292000,4.266000,4.271000,4.290000,4.293000,4.266000,4.271000,changed
2026-02-03 19:20:00+00:00,2026-10-04T22:41:33Z,4.268000,4.278000,4.266000,4.274000,4.284000,4.284000,4.266000,4.274000,changed
2026-02-04 14:20:00+00:00,2026-10-04T22:41:33Z,4.282000,4.290000,4.269000,4.271000,4.271000,4.290000,4.269000,4.271000,changed
2026-02-04 15:20:00+00:00,2026-10-04T22:41:33Z,4.287000,4.287000,4.269000,4.271000,4.284000,4.290000,4.269000,4.271000,changed
2026-02-04 17:20:00+00:00,2026-10-04T22:41:33Z,4.275000,4.275000,4.261000,4.271000,4.278000,4.279000,4.261000,4.271000,changed
2026-02-04 18:20:00+00:00,2026-10-04T22:41:33Z,4.271000,4.279000,4.268000,4.279000,4.263000,4.279000,4.261000,4.279000,changed
2026-02-04 19:20:00+00:00,2026-10-04T22:41:33Z,4.269000,4.279000,4.269000,4.275000,4.275000,4.279000,4.268000,4.275000,changed
2026-02-05 14:20:00+00:00,2026-10-04T22:41:33Z,4.246000,4.250000,4.222000,4.222000,4.232000,4.250000,4.222000,4.222000,changed
2026-02-05 15:20:00+00:00,2026-10-04T22:41:33Z,4.236000,4.250000,4.206000,4.210000,4.234000,4.236000,4.206000,4.210000,changed
2026-02-05 16:20:00+00:00,2026-10-04T22:41:33Z,4.214000,4.220000,4.206000,4.210000,4.216000,4.220000,4.206000,4.210000,changed
2026-02-05 17:20:00+00:00,2026-10-04T22:41:33Z,4.218000,4.220000,4.208000,4.212000,4.216000,4.218000,4.208000,4.212000,changed
2026-02-05 18:20:00+00:00,2026-10-04T22:41:33Z,4.216000,4.218000,4.204000,4.210000,4.212000,4.212000,4.204000,4.210000,changed
2026-02-05 19:20:00+00:00,2026-10-04T22:41:33Z,4.208000,4.210000,4.204000,4.210000,4.204000,4.210000,4.204000,4.210000,changed
2026-02-06 14:20:00+00:00,2026-10-04T22:41:33Z,4.204000,4.220000,4.194000,4.216000,4.198000,4.220000,4.194000,4.216000,changed
2026-02-06 15:20:00+00:00,2026-10-04T22:41:33Z,4.196000,4.224000,4.194000,4.218000,4.214000,4.222000,4.212000,4.218000,changed
2026-02-06 16:20:00+00:00,2026-10-04T22:41:33Z,4.220000,4.224000,4.212000,4.218000,4.216000,4.220000,4.216000,4.218000,changed
2026-02-06 17:20:00+00:00,2026-10-04T22:41:33Z,4.216000,4.220000,4.212000,4.216000,4.218000,4.220000,4.214000,4.216000,changed
2026-02-06 18:20:00+00:00,2026-10-04T22:41:33Z,4.218000,4.220000,4.208000,4.210000,4.214000,4.216000,4.208000,4.210000,changed
2026-02-06 19:20:00+00:00,2026-10-04T22:41:33Z,4.214000,4.214000,4.206000,4.206000,4.210000,4.212000,4.206000,4.206000,changed
2026-02-09 14:20:00+00:00,2026-10-04T22:41:33Z,4.218000,4.226000,4.210000,4.220000,4.220000,4.226000,4.210000,4.220000,changed
2026-02-09 15:20:00+00:00,2026-10-04T22:41:33Z,4.216000,4.226000,4.206000,4.208000,4.218000,4.222000,4.206000,4.208000,changed
2026-02-09 16:20:00+00:00,2026-10-04T22:41:33Z,4.214000,4.220000,4.206000,4.206000,4.212000,4.216000,4.206000,4.206000,changed
2026-02-09 17:20:00+00:00,2026-10-04T22:41:33Z,4.210000,4.216000,4.202000,4.206000,4.210000,4.212000,4.202000,4.206000,changed
2026-02-09 18:20:00+00:00,2026-10-04T22:41:33Z,4.204000,4.210000,4.200000,4.202000,4.206000,4.210000,4.200000,4.202000,changed
2026-02-09 19:20:00+00:00,2026-10-04T22:41:33Z,4.206000,4.206000,4.196000,4.198000,4.204000,4.204000,4.196000,4.198000,changed
2026-02-10 14:20:00+00:00,2026-10-04T22:41:33Z,4.159000,4.162000,4.139000,4.145000,4.164000,4.166000,4.139000,4.145000,changed
2026-02-10 15:20:00+00:00,2026-10-04T22:41:33Z,4.147000,4.149000,4.135000,4.139000,4.154000,4.154000,4.135000,4.139000,changed
2026-02-10 16:20:00+00:00,2026-10-04T22:41:33Z,4.141000,4.151000,4.135000,4.145000,4.145000,4.151000,4.135000,4.145000,changed
2026-02-10 17:20:00+00:00,2026-10-04T22:41:33Z,4.145000,4.153000,4.143000,4.149000,4.137000,4.153000,4.137000,4.149000,changed
2026-02-10 18:20:00+00:00,2026-10-04T22:41:33Z,4.149000,4.153000,4.149000,4.151000,4.143000,4.153000,4.143000,4.151000,changed
2026-02-10 19:20:00+00:00,2026-10-04T22:41:33Z,4.151000,4.153000,4.145000,4.147000,4.153000,4.153000,4.145000,4.147000,changed
2026-02-11 14:20:00+00:00,2026-10-04T22:41:33Z,4.202000,4.202000,4.168000,4.170000,4.176000,4.206000,4.168000,4.170000,changed
2026-02-11 15:20:00+00:00,2026-10-04T22:41:33Z,4.182000,4.184000,4.165000,4.170000,4.184000,4.188000,4.165000,4.170000,changed
2026-02-11 16:20:00+00:00,2026-10-04T22:41:33Z,4.174000,4.178000,4.149000,4.149000,4.165000,4.178000,4.149000,4.149000,changed
2026-02-11 17:20:00+00:00,2026-10-04T22:41:33Z,4.151000,4.174000,4.147000,4.172000,4.165000,4.174000,4.147000,4.172000,changed
2026-02-11 18:20:00+00:00,2026-10-04T22:41:33Z,4.155000,4.178000,4.153000,4.172000,4.155000,4.178000,4.151000,4.172000,changed
2026-02-11 19:20:00+00:00,2026-10-04T22:41:33Z,4.176000,4.178000,4.170000,4.172000,4.174000,4.178000,4.166000,4.172000,changed
2026-02-12 14:20:00+00:00,2026-10-04T22:41:33Z,4.158000,4.169000,4.146000,4.146000,4.162000,4.169000,4.146000,4.146000,changed
2026-02-12 15:20:00+00:00,2026-10-04T22:41:33Z,4.164000,4.165000,4.125000,4.127000,4.152000,4.152000,4.125000,4.127000,changed
2026-02-12 16:20:00+00:00,2026-10-04T22:41:33Z,4.146000,4.146000,4.119000,4.123000,4.140000,4.140000,4.119000,4.123000,changed
2026-02-12 17:20:00+00:00,2026-10-04T22:41:33Z,4.121000,4.131000,4.102000,4.102000,4.127000,4.131000,4.102000,4.102000,changed
2026-02-12 18:20:00+00:00,2026-10-04T22:41:33Z,4.129000,4.131000,4.100000,4.100000,4.127000,4.129000,4.100000,4.100000,changed
2026-02-12 19:20:00+00:00,2026-10-04T22:41:33Z,4.102000,4.110000,4.100000,4.104000,4.104000,4.110000,4.100000,4.104000,changed
2026-02-13 14:20:00+00:00,2026-10-04T22:41:33Z,4.100000,4.100000,4.050000,4.064000,4.087000,4.090000,4.050000,4.064000,changed
2026-02-13 15:20:00+00:00,2026-10-04T22:41:33Z,4.067000,4.071000,4.050000,4.062000,4.062000,4.069000,4.056000,4.062000,changed
2026-02-13 16:20:00+00:00,2026-10-04T22:41:33Z,4.067000,4.069000,4.046000,4.054000,4.064000,4.064000,4.046000,4.054000,changed
2026-02-13 17:20:00+00:00,2026-10-04T22:41:33Z,4.056000,4.066000,4.046000,4.064000,4.052000,4.066000,4.052000,4.064000,changed
2026-02-13 18:20:00+00:00,2026-10-04T22:41:33Z,4.056000,4.067000,4.056000,4.064000,4.064000,4.067000,4.060000,4.064000,changed
2026-02-13 19:20:00+00:00,2026-10-04T22:41:33Z,4.064000,4.067000,4.054000,4.056000,4.066000,4.066000,4.054000,4.056000,changed
2026-02-17 14:20:00+00:00,2026-10-04T22:41:33Z,4.041000,4.058000,4.041000,4.052000,4.029000,4.058000,4.025000,4.052000,changed
2026-02-17 15:20:00+00:00,2026-10-04T22:41:33Z,4.045000,4.056000,4.039000,4.056000,4.048000,4.058000,4.039000,4.056000,changed
2026-02-17 16:20:00+00:00,2026-10-04T22:41:33Z,4.045000,4.056000,4.045000,4.052000,4.048000,4.056000,4.039000,4.052000,changed
2026-02-17 17:20:00+00:00,2026-10-04T22:41:33Z,4.056000,4.060000,4.048000,4.056000,4.052000,4.060000,4.048000,4.056000,changed
2026-02-17 18:20:00+00:00,2026-10-04T22:41:33Z,4.056000,4.060000,4.054000,4.058000,4.052000,4.060000,4.048000,4.058000,changed
2026-02-17 19:20:00+00:00,2026-10-04T22:41:33Z,4.058000,4.060000,4.052000,4.052000,4.060000,4.060000,4.052000,4.052000,changed
2026-02-18 14:20:00+00:00,2026-10-04T22:41:33Z,4.075000,4.085000,4.075000,4.079000,4.067000,4.085000,4.064000,4.079000,changed
2026-02-18 15:20:00+00:00,2026-10-04T22:41:33Z,4.083000,4.085000,4.073000,4.077000,4.079000,4.085000,4.073000,4.077000,changed
2026-02-18 16:20:00+00:00,2026-10-04T22:41:33Z,4.077000,4.079000,4.071000,4.073000,4.083000,4.083000,4.071000,4.073000,changed
2026-02-18 18:20:00+00:00,2026-10-04T22:41:33Z,4.075000,4.088000,4.075000,4.079000,4.071000,4.088000,4.071000,4.079000,changed
2026-02-18 19:20:00+00:00,2026-10-04T22:41:33Z,4.085000,4.088000,4.079000,4.079000,4.081000,4.088000,4.079000,4.079000,changed
2026-02-19 14:20:00+00:00,2026-10-04T22:41:33Z,4.106000,4.106000,4.083000,4.088000,4.100000,4.102000,4.083000,4.088000,changed
2026-02-19 15:20:00+00:00,2026-10-04T22:41:33Z,4.092000,4.094000,4.083000,4.085000,4.088000,4.094000,4.083000,4.085000,changed
2026-02-19 16:20:00+00:00,2026-10-04T22:41:33Z,4.086000,4.094000,4.081000,4.083000,4.088000,4.088000,4.081000,4.083000,changed
2026-02-19 17:20:00+00:00,2026-10-04T22:41:33Z,4.085000,4.088000,4.075000,4.075000,4.085000,4.086000,4.075000,4.075000,changed
2026-02-19 18:20:00+00:00,2026-10-04T22:41:33Z,4.085000,4.086000,4.065000,4.069000,4.085000,4.085000,4.065000,4.069000,changed
2026-02-19 19:20:00+00:00,2026-10-04T22:41:33Z,4.073000,4.079000,4.065000,4.075000,4.069000,4.079000,4.065000,4.075000,changed
2026-02-20 14:20:00+00:00,2026-10-04T22:41:33Z,4.063000,4.104000,4.060000,4.096000,4.071000,4.104000,4.069000,4.096000,changed
2026-02-20 15:20:00+00:00,2026-10-04T22:41:33Z,4.071000,4.104000,4.071000,4.086000,4.077000,4.104000,4.075000,4.086000,changed
2026-02-20 16:20:00+00:00,2026-10-04T22:41:33Z,4.092000,4.098000,4.083000,4.088000,4.096000,4.098000,4.083000,4.088000,changed
2026-02-20 17:20:00+00:00,2026-10-04T22:41:33Z,4.085000,4.100000,4.085000,4.096000,4.096000,4.100000,4.086000,4.096000,changed
2026-02-20 18:20:00+00:00,2026-10-04T22:41:33Z,4.086000,4.100000,4.081000,4.085000,4.094000,4.100000,4.081000,4.085000,changed
2026-02-20 19:20:00+00:00,2026-10-04T22:41:33Z,4.092000,4.094000,4.081000,4.086000,4.088000,4.094000,4.085000,4.086000,changed
2026-02-23 14:20:00+00:00,2026-10-04T22:41:33Z,4.067000,4.069000,4.054000,4.056000,4.063000,4.067000,4.054000,4.056000,changed
2026-02-23 15:20:00+00:00,2026-10-04T22:41:33Z,4.065000,4.067000,4.029000,4.033000,4.060000,4.060000,4.029000,4.033000,changed
2026-02-23 16:20:00+00:00,2026-10-04T22:41:33Z,4.054000,4.056000,4.025000,4.027000,4.042000,4.044000,4.025000,4.027000,changed
2026-02-23 17:20:00+00:00,2026-10-04T22:41:33Z,4.033000,4.035000,4.018000,4.027000,4.029000,4.029000,4.018000,4.027000,changed
2026-02-23 18:20:00+00:00,2026-10-04T22:41:33Z,4.027000,4.029000,4.018000,4.025000,4.023000,4.027000,4.021000,4.025000,changed
2026-02-23 19:20:00+00:00,2026-10-04T22:41:33Z,4.027000,4.031000,4.021000,4.029000,4.023000,4.031000,4.023000,4.029000,changed
2026-02-25 14:20:00+00:00,2026-10-04T22:41:33Z,4.050000,4.058000,4.050000,4.050000,4.056000,4.058000,4.050000,4.050000,changed
2026-02-25 15:20:00+00:00,2026-10-04T22:41:33Z,4.056000,4.056000,4.044000,4.046000,4.056000,4.058000,4.044000,4.046000,changed
2026-02-25 16:20:00+00:00,2026-10-04T22:41:33Z,4.046000,4.048000,4.035000,4.037000,4.052000,4.052000,4.035000,4.037000,changed
2026-02-25 17:20:00+00:00,2026-10-04T22:41:33Z,4.042000,4.042000,4.035000,4.039000,4.044000,4.044000,4.035000,4.039000,changed
2026-02-25 18:20:00+00:00,2026-10-04T22:41:33Z,4.037000,4.048000,4.037000,4.048000,4.035000,4.048000,4.035000,4.048000,changed
2026-02-25 19:20:00+00:00,2026-10-04T22:41:33Z,4.046000,4.050000,4.044000,4.048000,4.040000,4.050000,4.040000,4.048000,changed
2026-02-27 14:20:00+00:00,2026-10-04T22:41:33Z,3.987000,3.994000,3.970000,3.981000,3.987000,3.987000,3.970000,3.981000,changed
2026-02-27 15:20:00+00:00,2026-10-04T22:41:33Z,3.977000,3.983000,3.970000,3.975000,3.975000,3.983000,3.974000,3.975000,changed
2026-02-27 16:20:00+00:00,2026-10-04T22:41:33Z,3.979000,3.983000,3.968000,3.975000,3.975000,3.977000,3.968000,3.975000,changed
2026-02-27 17:20:00+00:00,2026-10-04T22:41:33Z,3.974000,3.975000,3.966000,3.966000,3.970000,3.975000,3.966000,3.966000,changed
2026-02-27 18:20:00+00:00,2026-10-04T22:41:33Z,3.970000,3.975000,3.958000,3.958000,3.972000,3.972000,3.958000,3.958000,changed
2026-02-27 19:20:00+00:00,2026-10-04T22:41:33Z,3.968000,3.968000,3.956000,3.962000,3.964000,3.964000,3.956000,3.962000,changed
2026-02-02 18:20:00+00:00,2026-10-04T22:55:27Z,4.271000,4.275000,4.271000,4.275000,4.263000,4.277000,4.261000,4.277000,changed
2026-02-02 19:20:00+00:00,2026-10-04T22:55:27Z,4.275000,4.279000,4.269000,4.275000,4.273000,4.279000,4.269000,4.275000,changed
2026-02-03 14:20:00+00:00,2026-10-04T22:55:27Z,4.292000,4.300000,4.282000,4.284000,4.293000,4.300000,4.282000,4.284000,changed
2026-02-03 15:20:00+00:00,2026-10-04T22:55:27Z,4.292000,4.293000,4.279000,4.287000,4.284000,4.293000,4.279000,4.287000,changed
2026-02-03 16:20:00+00:00,2026-10-04T22:55:27Z,4.285000,4.293000,4.278000,4.285000,4.292000,4.293000,4.278000,4.285000,changed
2026-02-03 18:20:00+00:00,2026-10-04T22:55:27Z,4.290000,4.293000,4.266000,4.271000,4.290000,4.292000,4.266000,4.271000,changed
2026-02-03 19:20:00+00:00,2026-10-04T22:55:27Z,4.284000,4.284000,4.266000,4.274000,4.268000,4.278000,4.266000,4.274000,changed
2026-02-04 14:20:00+00:00,2026-10-04T22:55:27Z,4.271000,4.290000,4.269000,4.271000,4.282000,4.290000,4.269000,4.271000,changed
2026-02-04 15:20:00+00:00,2026-10-04T22:55:27Z,4.284000,4.290000,4.269000,4.271000,4.287000,4.287000,4.269000,4.271000,changed
2026-02-04 17:20:00+00:00,2026-10-04T22:55:27Z,4.278000,4.279000,4.261000,4.271000,4.275000,4.275000,4.261000,4.271000,changed
2026-02-04 18:20:00+00:00,2026-10-04T22:55:27Z,4.263000,4.279000,4.261000,4.279000,4.271000,4.279000,4.268000,4.279000,changed
2026-02-04 19:20:00+00:00,2026-10-04T22:55:27Z,4.275000,4.279000,4.268000,4.275000,4.269000,4.279000,4.269000,4.275000,changed
2026-02-05 14:20:00+00:00,2026-10-04T22:55:27Z,4.232000,4.250000,4.222000,4.222000,4.246000,4.250000,4.222000,4.222000,changed
2026-02-05 15:20:00+00:00,2026-10-04T22:55:27Z,4.234000,4.236000,4.206000,4.210000,4.236000,4.250000,4.206000,4.210000,changed
2026-02-05 16:20:00+00:00,2026-10-04T22:55:27Z,4.216000,4.220000,4.206000,4.210000,4.214000,4.220000,4.206000,4.210000,changed
2026-02-05 17:20:00+00:00,2026-10-04T22:55:27Z,4.216000,4.218000,4.208000,4.212000,4.218000,4.220000,4.208000,4.212000,changed
2026-02-05 18:20:00+00:00,2026-10-04T22:55:27Z,4.212000,4.212000,4.204000,4.210000,4.216000,4.218000,4.204000,4.210000,changed
2026-02-05 19:20:00+00:00,2026-10-04T22:55:27Z,4.204000,4.210000,4.204000,4.210000,4.208000,4.210000,4.204000,4.210000,changed
2026-02-06 14:20:00+00:00,2026-10-04T22:55:27Z,4.198000,4.220000,4.194000,4.216000,4.204000,4.220000,4.194000,4.216000,changed
2026-02-06 15:20:00+00:00,2026-10-04T22:55:27Z,4.214000,4.222000,4.212000,4.218000,4.196000,4.224000,4.194000,4.218000,changed
2026-02-06 16:20:00+00:00,2026-10-04T22:55:27Z,4.216000,4.220000,4.216000,4.218000,4.220000,4.224000,4.212000,4.218000,changed
2026-02-06 17:20:00+00:00,2026-10-04T22:55:27Z,4.218000,4.220000,4.214000,4.216000,4.216000,4.220000,4.212000,4.216000,changed
2026-02-06 18:20:00+00:00,2026-10-04T22:55:27Z,4.214000,4.216000,4.208000,4.210000,4.218000,4.220000,4.208000,4.210000,changed
2026-02-06 19:20:00+00:00,2026-10-04T22:55:27Z,4.210000,4.212000,4.206000,4.206000,4.214000,4.214000,4.206000,4.206000,changed
2026-02-09 14:20:00+00:00,2026-10-04T22:55:27Z,4.220000,4.226000,4.210000,4.220000,4.218000,4.226000,4.210000,4.220000,changed
2026-02-09 15:20:00+00:00,2026-10-04T22:55:27Z,4.218000,4.222000,4.206000,4.208000,4.216000,4.226000,4.206000,4.208000,changed
2026-02-09 16:20:00+00:00,2026-10-04T22:55:27Z,4.212000,4.216000,4.206000,4.206000,4.214000,4.220000,4.206000,4.206000,changed
2026-02-09 17:20:00+00:00,2026-10-04T22:55:27Z,4.210000,4.212000,4.202000,4.206000,4.210000,4.216000,4.202000,4.206000,changed
2026-02-09 18:20:00+00:00,2026-10-04T22:55:27Z,4.206000,4.210000,4.200000,4.202000,4.204000,4.210000,4.200000,4.202000,changed
2026-02-09 19:20:00+00:00,2026-10-04T22:55:27Z,4.204000,4.204000,4.196000,4.198000,4.206000,4.206000,4.196000,4.198000,changed
2026-02-10 14:20:00+00:00,2026-10-04T22:55:27Z,4.164000,4.166000,4.139000,4.145000,4.159000,4.162000,4.139000,4.145000,changed
2026-02-10 15:20:00+00:00,2026-10-04T22:55:27Z,4.154000,4.154000,4.135000,4.139000,4.147000,4.149000,4.135000,4.139000,changed
2026-02-10 16:20:00+00:00,2026-10-04T22:55:27Z,4.145000,4.151000,4.135000,4.145000,4.141000,4.151000,4.135000,4.145000,changed
2026-02-10 17:20:00+00:00,2026-10-04T22:55:27Z,4.137000,4.153000,4.137000,4.149000,4.145000,4.153000,4.143000,4.149000,changed
2026-02-10 18:20:00+00:00,2026-10-04T22:55:27Z,4.143000,4.153000,4.143000,4.151000,4.149000,4.153000,4.149000,4.151000,changed
2026-02-10 19:20:00+00:00,2026-10-04T22:55:27Z,4.153000,4.153000,4.145000,4.147000,4.151000,4.153000,4.145000,4.147000,changed
2026-02-11 14:20:00+00:00,2026-10-04T22:55:27Z,4.176000,4.206000,4.168000,4.170000,4.202000,4.202000,4.168000,4.170000,changed
2026-02-11 15:20:00+00:00,2026-10-04T22:55:27Z,4.184000,4.188000,4.165000,4.170000,4.182000,4.184000,4.165000,4.170000,changed
2026-02-11 16:20:00+00:00,2026-10-04T22:55:27Z,4.165000,4.178000,4.149000,4.149000,4.174000,4.178000,4.149000,4.149000,changed
2026-02-11 17:20:00+00:00,2026-10-04T22:55:27Z,4.165000,4.174000,4.147000,4.172000,4.151000,4.174000,4.147000,4.172000,changed
2026-02-11 18:20:00+00:00,2026-10-04T22:55:27Z,4.155000,4.178000,4.151000,4.172000,4.155000,4.178000,4.153000,4.172000,changed
2026-02-11 19:20:00+00:00,2026-10-04T22:55:27Z,4.174000,4.178000,4.166000,4.172000,4.176000,4.178000,4.170000,4.172000,changed
2026-02-12 14:20:00+00:00,2026-10-04T22:55:27Z,4.162000,4.169000,4.146000,4.146000,4.158000,4.169000,4.146000,4.146000,changed
2026-02-12 15:20:00+00:00,2026-10-04T22:55:27Z,4.152000,4.152000,4.125000,4.127000,4.164000,4.165000,4.125000,4.127000,changed
2026-02-12 16:20:00+00:00,2026-10-04T22:55:27Z,4.140000,4.140000,4.119000,4.123000,4.146000,4.146000,4.119000,4.123000,changed
2026-02-12 17:20:00+00:00,2026-10-04T22:55:27Z,4.127000,4.131000,4.102000,4.102000,4.121000,4.131000,4.102000,4.102000,changed
2026-02-12 18:20:00+00:00,2026-10-04T22:55:27Z,4.127000,4.129000,4.100000,4.100000,4.129000,4.131000,4.100000,4.100000,changed
2026-02-12 19:20:00+00:00,2026-10-04T22:55:27Z,4.104000,4.110000,4.100000,4.104000,4.102000,4.110000,4.100000,4.104000,changed
2026-02-13 14:20:00+00:00,2026-10-04T22:55:27Z,4.087000,4.090000,4.050000,4.064000,4.100000,4.100000,4.050000,4.064000,changed
2026-02-13 15:20:00+00:00,2026-10-04T22:55:27Z,4.062000,4.069000,4.056000,4.062000,4.067000,4.071000,4.050000,4.062000,changed
2026-02-13 16:20:00+00:00,2026-10-04T22:55:27Z,4.064000,4.064000,4.046000,4.054000,4.067000,4.069000,4.046000,4.054000,changed
2026-02-13 17:20:00+00:00,2026-10-04T22:55:27Z,4.052000,4.066000,4.052000,4.064000,4.056000,4.066000,4.046000,4.064000,changed
2026-02-13 18:20:00+00:00,2026-10-04T22:55:27Z,4.064000,4.067000,4.060000,4.064000,4.056000,4.067000,4.056000,4.064000,changed
2026-02-13 19:20:00+00:00,2026-10-04T22:55:27Z,4.066000,4.066000,4.054000,4.056000,4.064000,4.067000,4.054000,4.056000,changed
2026-02-17 14:20:00+00:00,2026-10-04T22:55:27Z,4.029000,4.058000,4.025000,4.052000,4.041000,4.058000,4.041000,4.052000,changed
2026-02-17 15:20:00+00:00,2026-10-04T22:55:27Z,4.048000,4.058000,4.039000,4.056000,4.045000,4.056000,4.039000,4.056000,changed
2026-02-17 16:20:00+00:00,2026-10-04T22:55:27Z,4.048000,4.056000,4.039000,4.052000,4.045000,4.056000,4.045000,4.052000,changed
2026-02-17 17:20:00+00:00,2026-10-04T22:55:27Z,4.052000,4.060000,4.048000,4.056000,4.056000,4.060000,4.048000,4.056000,changed
2026-02-17 18:20:00+00:00,2026-10-04T22:55:27Z,4.052000,4.060000,4.048000,4.058000,4.056000,4.060000,4.054000,4.058000,changed
2026-02-17 19:20:00+00:00,2026-10-04T22:55:27Z,4.060000,4.060000,4.052000,4.052000,4.058000,4.060000,4.052000,4.052000,changed
2026-02-18 14:20:00+00:00,2026-10-04T22:55:27Z,4.067000,4.085000,4.064000,4.079000,4.075000,4.085000,4.075000,4.079000,changed
2026-02-18 15:20:00+00:00,2026-10-04T22:55:27Z,4.079000,4.085000,4.073000,4.077000,4.083000,4.085000,4.073000,4.077000,changed
2026-02-18 16:20:00+00:00,2026-10-04T22:55:27Z,4.083000,4.083000,4.071000,4.073000,4.077000,4.079000,4.071000,4.073000,changed
2026-02-18 18:20:00+00:00,2026-10-04T22:55:27Z,4.071000,4.088000,4.071000,4.079000,4.075000,4.088000,4.075000,4.079000,changed
2026-02-18 19:20:00+00:00,2026-10-04T22:55:27Z,4.081000,4.088000,4.079000,4.079000,4.085000,4.088000,4.079000,4.079000,changed
2026-02-19 14:20:00+00:00,2026-10-04T22:55:27Z,4.100000,4.102000,4.083000,4.088000,4.106000,4.106000,4.083000,4.088000,changed
2026-02-19 15:20:00+00:00,2026-10-04T22:55:27Z,4.088000,4.094000,4.083000,4.085000,4.092000,4.094000,4.083000,4.085000,changed
2026-02-19 16:20:00+00:00,2026-10-04T22:55:27Z,4.088000,4.088000,4.081000,4.083000,4.086000,4.094000,4.081000,4.083000,changed
2026-02-19 17:20:00+00:00,2026-10-04T22:55:27Z,4.085000,4.086000,4.075000,4.075000,4.085000,4.088000,4.075000,4.075000,changed
2026-02-19 18:20:00+00:00,2026-10-04T22:55:27Z,4.085000,4.085000,4.065000,4.069000,4.085000,4.086000,4.065000,4.069000,changed
2026-02-19 19:20:00+00:00,2026-10-04T22:55:27Z,4.069000,4.079000,4.065000,4.075000,4.073000,4.079000,4.065000,4.075000,changed
2026-02-20 14:20:00+00:00,2026-10-04T22:55:27Z,4.071000,4.104000,4.069000,4.096000,4.063000,4.104000,4.060000,4.096000,changed
2026-02-20 15:20:00+00:00,2026-10-04T22:55:27Z,4.077000,4.104000,4.075000,4.086000,4.071000,4.104000,4.071000,4.086000,changed
2026-02-20 16:20:00+00:00,2026-10-04T22:55:27Z,4.096000,4.098000,4.083000,4.088000,4.092000,4.098000,4.083000,4.088000,changed
2026-02-20 17:20:00+00:00,2026-10-04T22:55:27Z,4.096000,4.100000,4.086000,4.096000,4.085000,4.100000,4.085000,4.096000,changed
2026-02-20 18:20:00+00:00,2026-10-04T22:55:27Z,4.094000,4.100000,4.081000,4.085000,4.086000,4.100000,4.081000,4.085000,changed
2026-02-20 19:20:00+00:00,2026-10-04T22:55:27Z,4.088000,4.094000,4.085000,4.086000,4.092000,4.094000,4.081000,4.086000,changed
2026-02-23 14:20:00+00:00,2026-10-04T22:55:27Z,4.063000,4.067000,4.054000,4.056000,4.067000,4.069000,4.054000,4.056000,changed
2026-02-23 15:20:00+00:00,2026-10-04T22:55:27Z,4.060000,4.060000,4.029000,4.033000,4.065000,4.067000,4.029000,4.033000,changed
2026-02-23 16:20:00+00:00,2026-10-04T22:55:27Z,4.042000,4.044000,4.025000,4.027000,4.054000,4.056000,4.025000,4.027000,changed
2026-02-23 17:20:00+00:00,2026-10-04T22:55:27Z,4.029000,4.029000,4.018000,4.027000,4.033000,4.035000,4.018000,4.027000,changed
2026-02-23 18:20:00+00:00,2026-10-04T22:55:27Z,4.023000,4.027000,4.021000,4.025000,4.027000,4.029000,4.018000,4.025000,changed
2026-02-23 19:20:00+00:00,2026-10-04T22:55:27Z,4.023000,4.031000,4.023000,4.029000,4.027000,4.031000,4.021000,4.029000,changed
2026-02-25 14:20:00+00:00,2026-10-04T22:55:27Z,4.056000,4.058000,4.050000,4.050000,4.050000,4.058000,4.050000,4.050000,changed
2026-02-25 15:20:00+00:00,2026-10-04T22:55:27Z,4.056000,4.058000,4.044000,4.046000,4.056000,4.056000,4.044000,4.046000,changed
2026-02-25 16:20:00+00:00,2026-10-04T22:55:27Z,4.052000,4.052000,4.035000,4.037000,4.046000,4.048000,4.035000,4.037000,changed
2026-02-25 17:20:00+00:00,2026-10-04T22:55:27Z,4.044000,4.044000,4.035000,4.039000,4.042000,4.042000,4.035000,4.039000,changed
2026-02-25 18:20:00+00:00,2026-10-04T22:55:27Z,4.035000,4.048000,4.035000,4.048000,4.037000,4.048000,4.037000,4.048000,changed
2026-02-25 19:20:00+00:00,2026-10-04T22:55:27Z,4.040000,4.050000,4.040000,4.048000,4.046000,4.050000,4.044000,4.048000,changed
2026-02-27 14:20:00+00:00,2026-10-04T22:55:27Z,3.987000,3.987000,3.970000,3.981000,3.987000,3.994000,3.970000,3.981000,changed
2026-02-27 15:20:00+00:00,2026-10-04T22:55:27Z,3.975000,3.983000,3.974000,3.975000,3.977000,3.983000,3.970000,3.975000,changed
2026-02-27 16:20:00+00:00,2026-10-04T22:55:27Z,3.975000,3.977000,3.968000,3.975000,3.979000,3.983000,3.968000,3.975000,changed
2026-02-27 17:20:00+00:00,2026-10-04T22:55:27Z,3.970000,3.975000,3.966000,3.966000,3.974000,3.975000,3.966000,3.966000,changed
2026-02-27 18:20:00+00:00,2026-10-04T22:55:27Z,3.972000,3.972000,3.958000,3.958000,3.970000,3.975000,3.958000,3.958000,changed
2026-02-27 19:20:00+00:00,2026-10-04T22:55:27Z,3.964000,3.964000,3.956000,3.962000,3.968000,3.968000,3.956000,3.962000,changed
2026-02-02 18:20:00+00:00,2026-10-04T23:41:37Z,4.263000,4.277000,4.261000,4.277000,4.271000,4.275000,4.271000,4.275000,changed
2026-02-02 19:20:00+00:00,2026-10-04T23:41:37Z,4.273000,4.279000,4.269000,4.275000,4.275000,4.279000,4.269000,4.275000,changed
2026-02-03 14:20:00+00:00,2026-10-04T23:41:37Z,4.293000,4.300000,4.282000,4.284000,4.292000,4.300000,4.282000,4.284000,changed
2026-02-03 15:20:00+00:00,2026-10-04T23:41:37Z,4.284000,4.293000,4.279000,4.287000,4.292000,4.293000,4.279000,4.287000,changed
2026-02-03 16:20:00+00:00,2026-10-04T23:41:37Z,4.292000,4.293000,4.278000,4.285000,4.285000,4.293000,4.278000,4.285000,changed
2026-02-03 18:20:00+00:00,2026-10-04T23:41:37Z,4.290000,4.292000,4.266000,4.271000,4.290000,4.293000,4.266000,4.271000,changed
2026-02-03 19:20:00+00:00,2026-10-04T23:41:37Z,4.268000,4.278000,4.266000,4.274000,4.284000,4.284000,4.266000,4.274000,changed
2026-02-04 14:20:00+00:00,2026-10-04T23:41:37Z,4.282000,4.290000,4.269000,4.271000,4.271000,4.290000,4.269000,4.271000,changed
2026-02-04 15:20:00+00:00,2026-10-04T23:41:37Z,4.287000,4.287000,4.269000,4.271000,4.284000,4.290000,4.269000,4.271000,changed
2026-02-04 17:20:00+00:00,2026-10-04T23:41:37Z,4.275000,4.275000,4.261000,4.271000,4.278000,4.279000,4.261000,4.271000,changed
2026-02-04 18:20:00+00:00,2026-10-04T23:41:37Z,4.271000,4.279000,4.268000,4.279000,4.263000,4.279000,4.261000,4.279000,changed
2026-02-04 19:20:00+00:00,2026-10-04T23:41:37Z,4.269000,4.279000,4.269000,4.275000,4.275000,4.279000,4.268000,4.275000,changed
2026-02-05 14:20:00+00:00,2026-10-04T23:41:37Z,4.246000,4.250000,4.222000,4.222000,4.232000,4.250000,4.222000,4.222000,changed
2026-02-05 15:20:00+00:00,2026-10-04T23:41:37Z,4.236000,4.250000,4.206000,4.210000,4.234000,4.236000,4.206000,4.210000,changed
2026-02-05 16:20:00+00:00,2026-10-04T23:41:37Z,4.214000,4.220000,4.206000,4.210000,4.216000,4.220000,4.206000,4.210000,changed
2026-02-05 17:20:00+00:00,2026-10-04T23:41:37Z,4.218000,4.220000,4.208000,4.212000,4.216000,4.218000,4.208000,4.212000,changed
2026-02-05 18:20:00+00:00,2026-10-04T23:41:37Z,4.216000,4.218000,4.204000,4.210000,4.212000,4.212000,4.204000,4.210000,changed
2026-02-05 19:20:00+00:00,2026-10-04T23:41:37Z,4.208000,4.210000,4.204000,4.210000,4.204000,4.210000,4.204000,4.210000,changed
2026-02-06 14:20:00+00:00,2026-10-04T23:41:37Z,4.204000,4.220000,4.194000,4.216000,4.198000,4.220000,4.194000,4.216000,changed
2026-02-06 15:20:00+00:00,2026-10-04T23:41:37Z,4.196000,4.224000,4.194000,4.218000,4.214000,4.222000,4.212000,4.218000,changed
2026-02-06 16:20:00+00:00,2026-10-04T23:41:37Z,4.220000,4.224000,4.212000,4.218000,4.216000,4.220000,4.216000,4.218000,changed
2026-02-06 17:20:00+00:00,2026-10-04T23:41:37Z,4.216000,4.220000,4.212000,4.216000,4.218000,4.220000,4.214000,4.216000,changed
2026-02-06 18:20:00+00:00,2026-10-04T23:41:37Z,4.218000,4.220000,4.208000,4.210000,4.214000,4.216000,4.208000,4.210000,changed
2026-02-06 19:20:00+00:00,2026-10-04T23:41:37Z,4.214000,4.214000,4.206000,4.206000,4.210000,4.212000,4.206000,4.206000,changed
2026-02-09 14:20:00+00:00,2026-10-04T23:41:37Z,4.218000,4.226000,4.210000,4.220000,4.220000,4.226000,4.210000,4.220000,changed
2026-02-09 15:20:00+00:00,2026-10-04T23:41:37Z,4.216000,4.226000,4.206000,4.208000,4.218000,4.222000,4.206000,4.208000,changed
2026-02-09 16:20:00+00:00,2026-10-04T23:41:37Z,4.214000,4.220000,4.206000,4.206000,4.212000,4.216000,4.206000,4.206000,changed
2026-02-09 17:20:00+00:00,2026-10-04T23:41:37Z,4.210000,4.216000,4.202000,4.206000,4.210000,4.212000,4.202000,4.206000,changed
2026-02-09 18:20:00+00:00,2026-10-04T23:41:37Z,4.204000,4.210000,4.200000,4.202000,4.206000,4.210000,4.200000,4.202000,changed
2026-02-09 19:20:00+00:00,2026-10-04T23:41:37Z,4.206000,4.206000,4.196000,4.198000,4.204000,4.204000,4.196000,4.198000,changed
2026-02-10 14:20:00+00:00,2026-10-04T23:41:37Z,4.159000,4.162000,4.139000,4.145000,4.164000,4.166000,4.139000,4.145000,changed
2026-02-10 15:20:00+00:00,2026-10-04T23:41:37Z,4.147000,4.149000,4.135000,4.139000,4.154000,4.154000,4.135000,4.139000,changed
2026-02-10 16:20:00+00:00,2026-10-04T23:41:37Z,4.141000,4.151000,4.135000,4.145000,4.145000,4.151000,4.135000,4.145000,changed
2026-02-10 17:20:00+00:00,2026-10-04T23:41:37Z,4.145000,4.153000,4.143000,4.149000,4.137000,4.153000,4.137000,4.149000,changed
2026-02-10 18:20:00+00:00,2026-10-04T23:41:37Z,4.149000,4.153000,4.149000,4.151000,4.143000,4.153000,4.143000,4.151000,changed
2026-02-10 19:20:00+00:00,2026-10-04T23:41:37Z,4.151000,4.153000,4.145000,4.147000,4.153000,4.153000,4.145000,4.147000,changed
2026-02-11 14:20:00+00:00,2026-10-04T23:41:37Z,4.202000,4.202000,4.168000,4.170000,4.176000,4.206000,4.168000,4.170000,changed
2026-02-11 15:20:00+00:00,2026-10-04T23:41:37Z,4.182000,4.184000,4.165000,4.170000,4.184000,4.188000,4.165000,4.170000,changed
2026-02-11 16:20:00+00:00,2026-10-04T23:41:37Z,4.174000,4.178000,4.149000,4.149000,4.165000,4.178000,4.149000,4.149000,changed
2026-02-11 17:20:00+00:00,2026-10-04T23:41:37Z,4.151000,4.174000,4.147000,4.172000,4.165000,4.174000,4.147000,4.172000,changed
2026-02-11 18:20:00+00:00,2026-10-04T23:41:37Z,4.155000,4.178000,4.153000,4.172000,4.155000,4.178000,4.151000,4.172000,changed
2026-02-11 19:20:00+00:00,2026-10-04T23:41:37Z,4.176000,4.178000,4.170000,4.172000,4.174000,4.178000,4.166000,4.172000,changed
2026-02-12 14:20:00+00:00,2026-10-04T23:41:37Z,4.158000,4.169000,4.146000,4.146000,4.162000,4.169000,4.146000,4.146000,changed
2026-02-12 15:20:00+00:00,2026-10-04T23:41:37Z,4.164000,4.165000,4.125000,4.127000,4.152000,4.152000,4.125000,4.127000,changed
2026-02-12 16:20:00+00:00,2026-10-04T23:41:37Z,4.146000,4.146000,4.119000,4.123000,4.140000,4.140000,4.119000,4.123000,changed
2026-02-12 17:20:00+00:00,2026-10-04T23:41:37Z,4.121000,4.131000,4.102000,4.102000,4.127000,4.131000,4.102000,4.102000,changed
2026-02-12 18:20:00+00:00,2026-10-04T23:41:37Z,4.129000,4.131000,4.100000,4.100000,4.127000,4.129000,4.100000,4.100000,changed
2026-02-12 19:20:00+00:00,2026-10-04T23:41:37Z,4.102000,4.110000,4.100000,4.104000,4.104000,4.110000,4.100000,4.104000,changed
2026-02-13 14:20:00+00:00,2026-10-04T23:41:37Z,4.100000,4.100000,4.050000,4.064000,4.087000,4.090000,4.050000,4.064000,changed
2026-02-13 15:20:00+00:00,2026-10-04T23:41:37Z,4.067000,4.071000,4.050000,4.062000,4.062000,4.069000,4.056000,4.062000,changed
2026-02-13 16:20:00+00:00,2026-10-04T23:41:37Z,4.067000,4.069000,4.046000,4.054000,4.064000,4.064000,4.046000,4.054000,changed
2026-02-13 17:20:00+00:00,2026-10-04T23:41:37Z,4.056000,4.066000,4.046000,4.064000,4.052000,4.066000,4.052000,4.064000,changed
2026-02-13 18:20:00+00:00,2026-10-04T23:41:37Z,4.056000,4.067000,4.056000,4.064000,4.064000,4.067000,4.060000,4.064000,changed
2026-02-13 19:20:00+00:00,2026-10-04T23:41:37Z,4.064000,4.067000,4.054000,4.056000,4.066000,4.066000,4.054000,4.056000,changed
2026-02-17 14:20:00+00:00,2026-10-04T23:41:37Z,4.041000,4.058000,4.041000,4.052000,4.029000,4.058000,4.025000,4.052000,changed
2026-02-17 15:20:00+00:00,2026-10-04T23:41:37Z,4.045000,4.056000,4.039000,4.056000,4.048000,4.058000,4.039000,4.056000,changed
2026-02-17 16:20:00+00:00,2026-10-04T23:41:37Z,4.045000,4.056000,4.045000,4.052000,4.048000,4.056000,4.039000,4.052000,changed
2026-02-17 17:20:00+00:00,2026-10-04T23:41:37Z,4.056000,4.060000,4.048000,4.056000,4.052000,4.060000,4.048000,4.056000,changed
2026-02-17 18:20:00+00:00,2026-10-04T23:41:37Z,4.056000,4.060000,4.054000,4.058000,4.052000,4.060000,4.048000,4.058000,changed
2026-02-17 19:20:00+00:00,2026-10-04T23:41:37Z,4.058000,4.060000,4.052000,4.052000,4.060000,4.060000,4.052000,4.052000,changed
2026-02-18 14:20:00+00:00,2026-10-04T23:41:37Z,4.075000,4.085000,4.075000,4.079000,4.067000,4.085000,4.064000,4.079000,changed
2026-02-18 15:20:00+00:00,2026-10-04T23:41:37Z,4.083000,4.085000,4.073000,4.077000,4.079000,4.085000,4.073000,4.077000,changed
2026-02-18 16:20:00+00:00,2026-10-04T23:41:37Z,4.077000,4.079000,4.071000,4.073000,4.083000,4.083000,4.071000,4.073000,changed
2026-02-18 18:20:00+00:00,2026-10-04T23:41:37Z,4.075000,4.088000,4.075000,4.079000,4.071000,4.088000,4.071000,4.079000,changed
2026-02-18 19:20:00+00:00,2026-10-04T23:41:37Z,4.085000,4.088000,4.079000,4.079000,4.081000,4.088000,4.079000,4.079000,changed
2026-02-19 14:20:00+00:00,2026-10-04T23:41:37Z,4.106000,4.106000,4.083000,4.088000,4.100000,4.102000,4.083000,4.088000,changed
2026-02-19 15:20:00+00:00,2026-10-04T23:41:37Z,4.092000,4.094000,4.083000,4.085000,4.088000,4.094000,4.083000,4.085000,changed
2026-02-19 16:20:00+00:00,2026-10-04T23:41:37Z,4.086000,4.094000,4.081000,4.083000,4.088000,4.088000,4.081000,4.083000,changed
2026-02-19 17:20:00+00:00,2026-10-04T23:41:37Z,4.085000,4.088000,4.075000,4.075000,4.085000,4.086000,4.075000,4.075000,changed
2026-02-19 18:20:00+00:00,2026-10-04T23:41:37Z,4.085000,4.086000,4.065000,4.069000,4.085000,4.085000,4.065000,4.069000,changed
2026-02-19 19:20:00+00:00,2026-10-04T23:41:37Z,4.073000,4.079000,4.065000,4.075000,4.069000,4.079000,4.065000,4.075000,changed
2026-02-20 14:20:00+00:00,2026-10-04T23:41:37Z,4.063000,4.104000,4.060000,4.096000,4.071000,4.104000,4.069000,4.096000,changed
2026-02-20 15:20:00+00:00,2026-10-04T23:41:37Z,4.071000,4.104000,4.071000,4.086000,4.077000,4.104000,4.075000,4.086000,changed
2026-02-20 16:20:00+00:00,2026-10-04T23:41:37Z,4.092000,4.098000,4.083000,4.088000,4.096000,4.098000,4.083000,4.088000,changed
2026-02-20 17:20:00+00:00,2026-10-04T23:41:37Z,4.085000,4.100000,4.085000,4.096000,4.096000,4.100000,4.086000,4.096000,changed
2026-02-20 18:20:00+00:00,2026-10-04T23:41:37Z,4.086000,4.100000,4.081000,4.085000,4.094000,4.100000,4.081000,4.085000,changed
2026-02-20 19:20:00+00:00,2026-10-04T23:41:37Z,4.092000,4.094000,4.081000,4.086000,4.088000,4.094000,4.085000,4.086000,changed
2026-02-23 14:20:00+00:00,2026-10-04T23:41:37Z,4.067000,4.069000,4.054000,4.056000,4.063000,4.067000,4.054000,4.056000,changed
2026-02-23 15:20:00+00:00,2026-10-04T23:41:37Z,4.065000,4.067000,4.029000,4.033000,4.060000,4.060000,4.029000,4.033000,changed
2026-02-23 16:20:00+00:00,2026-10-04T23:41:37Z,4.054000,4.056000,4.025000,4.027000,4.042000,4.044000,4.025000,4.027000,changed
2026-02-23 17:20:00+00:00,2026-10-04T23:41:37Z,4.033000,4.035000,4.018000,4.027000,4.029000,4.029000,4.018000,4.027000,changed
2026-02-23 18:20:00+00:00,2026-10-04T23:41:37Z,4.027000,4.029000,4.018000,4.025000,4.023000,4.027000,4.021000,4.025000,changed
2026-02-23 19:20:00+00:00,2026-10-04T23:41:37Z,4.027000,4.031000,4.021000,4.029000,4.023000,4.031000,4.023000,4.029000,changed
2026-02-25 14:20:00+00:00,2026-10-04T23:41:37Z,4.050000,4.058000,4.050000,4.050000,4.056000,4.058000,4.050000,4.050000,changed
2026-02-25 15:20:00+00:00,2026-10-04T23:41:37Z,4.056000,4.056000,4.044000,4.046000,4.056000,4.058000,4.044000,4.046000,changed
2026-02-25 16:20:00+00:00,2026-10-04T23:41:37Z,4.046000,4.048000,4.035000,4.037000,4.052000,4.052000,4.035000,4.037000,changed
2026-02-25 17:20:00+00:00,2026-10-04T23:41:37Z,4.042000,4.042000,4.035000,4.039000,4.044000,4.044000,4.035000,4.039000,changed
2026-02-25 18:20:00+00:00,2026-10-04T23:41:37Z,4.037000,4.048000,4.037000,4.048000,4.035000,4.048000,4.035000,4.048000,changed
2026-02-25 19:20:00+00:00,2026-10-04T23:41:37Z,4.046000,4.050000,4.044000,4.048000,4.040000,4.050000,4.040000,4.048000,changed
2026-02-27 14:20:00+00:00,2026-10-04T23:41:37Z,3.987000,3.994000,3.970000,3.981000,3.987000,3.987000,3.970000,3.981000,changed
2026-02-27 15:20:00+00:00,2026-10-04T23:41:37Z,3.977000,3.983000,3.970000,3.975000,3.975000,3.983000,3.974000,3.975000,changed
2026-02-27 16:20:00+00:00,2026-10-04T23:41:37Z,3.979000,3.983000,3.968000,3.975000,3.975000,3.977000,3.968000,3.975000,changed
2026-02-27 17:20:00+00:00,2026-10-04T23:41:37Z,3.974000,3.975000,3.966000,3.966000,3.970000,3.975000,3.966000,3.966000,changed
2026-02-27 18:20:00+00:00,2026-10-04T23:41:37Z,3.970000,3.975000,3.958000,3.958000,3.972000,3.972000,3.958000,3.958000,changed
2026-02-27 19:20:00+00:00,2026-10-04T23:41:37Z,3.968000,3.968000,3.956000,3.962000,3.964000,3.964000,3.956000,3.962000,changed
2026-02-02 18:20:00+00:00,2026-10-05T00:39:31Z,4.271000,4.275000,4.271000,4.275000,4.263000,4.277000,4.261000,4.277000,changed
2026-02-02 19:20:00+00:00,2026-10-05T00:39:31Z,4.275000,4.279000,4.269000,4.275000,4.273000,4.279000,4.269000,4.275000,changed
2026-02-03 14:20:00+00:00,2026-10-05T00:39:31Z,4.292000,4.300000,4.282000,4.284000,4.293000,4.300000,4.282000,4.284000,changed
2026-02-03 15:20:00+00:00,2026-10-05T00:39:31Z,4.292000,4.293000,4.279000,4.287000,4.284000,4.293000,4.279000,4.287000,changed
2026-02-03 16:20:00+00:00,2026-10-05T00:39:31Z,4.285000,4.293000,4.278000,4.285000,4.292000,4.293000,4.278000,4.285000,changed
2026-02-03 18:20:00+00:00,2026-10-05T00:39:31Z,4.290000,4.293000,4.266000,4.271000,4.290000,4.292000,4.266000,4.271000,changed
2026-02-03 19:20:00+00:00,2026-10-05T00:39:31Z,4.284000,4.284000,4.266000,4.274000,4.268000,4.278000,4.266000,4.274000,changed
2026-02-04 14:20:00+00:00,2026-10-05T00:39:31Z,4.271000,4.290000,4.269000,4.271000,4.282000,4.290000,4.269000,4.271000,changed
2026-02-04 15:20:00+00:00,2026-10-05T00:39:31Z,4.284000,4.290000,4.269000,4.271000,4.287000,4.287000,4.269000,4.271000,changed
2026-02-04 17:20:00+00:00,2026-10-05T00:39:31Z,4.278000,4.279000,4.261000,4.271000,4.275000,4.275000,4.261000,4.271000,changed
2026-02-04 18:20:00+00:00,2026-10-05T00:39:31Z,4.263000,4.279000,4.261000,4.279000,4.271000,4.279000,4.268000,4.279000,changed
2026-02-04 19:20:00+00:00,2026-10-05T00:39:31Z,4.275000,4.279000,4.268000,4.275000,4.269000,4.279000,4.269000,4.275000,changed
2026-02-05 14:20:00+00:00,2026-10-05T00:39:31Z,4.232000,4.250000,4.222000,4.222000,4.246000,4.250000,4.222000,4.222000,changed
2026-02-05 15:20:00+00:00,2026-10-05T00:39:31Z,4.234000,4.236000,4.206000,4.210000,4.236000,4.250000,4.206000,4.210000,changed
2026-02-05 16:20:00+00:00,2026-10-05T00:39:31Z,4.216000,4.220000,4.206000,4.210000,4.214000,4.220000,4.206000,4.210000,changed
2026-02-05 17:20:00+00:00,2026-10-05T00:39:31Z,4.216000,4.218000,4.208000,4.212000,4.218000,4.220000,4.208000,4.212000,changed
2026-02-05 18:20:00+00:00,2026-10-05T00:39:31Z,4.212000,4.212000,4.204000,4.210000,4.216000,4.218000,4.204000,4.210000,changed
2026-02-05 19:20:00+00:00,2026-10-05T00:39:31Z,4.204000,4.210000,4.204000,4.210000,4.208000,4.210000,4.204000,4.210000,changed
2026-02-06 14:20:00+00:00,2026-10-05T00:39:31Z,4.198000,4.220000,4.194000,4.216000,4.204000,4.220000,4.194000,4.216000,changed
2026-02-06 15:20:00+00:00,2026-10-05T00:39:31Z,4.214000,4.222000,4.212000,4.218000,4.196000,4.224000,4.194000,4.218000,changed
2026-02-06 16:20:00+00:00,2026-10-05T00:39:31Z,4.216000,4.220000,4.216000,4.218000,4.220000,4.224000,4.212000,4.218000,changed
2026-02-06 17:20:00+00:00,2026-10-05T00:39:31Z,4.218000,4.220000,4.214000,4.216000,4.216000,4.220000,4.212000,4.216000,changed
2026-02-06 18:20:00+00:00,2026-10-05T00:39:31Z,4.214000,4.216000,4.208000,4.210000,4.218000,4.220000,4.208000,4.210000,changed
2026-02-06 19:20:00+00:00,2026-10-05T00:39:31Z,4.210000,4.212000,4.206000,4.206000,4.214000,4.214000,4.206000,4.206000,changed
2026-02-09 14:20:00+00:00,2026-10-05T00:39:31Z,4.220000,4.226000,4.210000,4.220000,4.218000,4.226000,4.210000,4.220000,changed
2026-02-09 15:20:00+00:00,2026-10-05T00:39:31Z,4.218000,4.222000,4.206000,4.208000,4.216000,4.226000,4.206000,4.208000,changed
2026-02-09 16:20:00+00:00,2026-10-05T00:39:31Z,4.212000,4.216000,4.206000,4.206000,4.214000,4.220000,4.206000,4.206000,changed
2026-02-09 17:20:00+00:00,2026-10-05T00:39:31Z,4.210000,4.212000,4.202000,4.206000,4.210000,4.216000,4.202000,4.206000,changed
2026-02-09 18:20:00+00:00,2026-10-05T00:39:31Z,4.206000,4.210000,4.200000,4.202000,4.204000,4.210000,4.200000,4.202000,changed
2026-02-09 19:20:00+00:00,2026-10-05T00:39:31Z,4.204000,4.204000,4.196000,4.198000,4.206000,4.206000,4.196000,4.198000,changed
2026-02-10 14:20:00+00:00,2026-10-05T00:39:31Z,4.164000,4.166000,4.139000,4.145000,4.159000,4.162000,4.139000,4.145000,changed
2026-02-10 15:20:00+00:00,2026-10-05T00:39:31Z,4.154000,4.154000,4.135000,4.139000,4.147000,4.149000,4.135000,4.139000,changed
2026-02-10 16:20:00+00:00,2026-10-05T00:39:31Z,4.145000,4.151000,4.135000,4.145000,4.141000,4.151000,4.135000,4.145000,changed
2026-02-10 17:20:00+00:00,2026-10-05T00:39:31Z,4.137000,4.153000,4.137000,4.149000,4.145000,4.153000,4.143000,4.149000,changed
2026-02-10 18:20:00+00:00,2026-10-05T00:39:31Z,4.143000,4.153000,4.143000,4.151000,4.149000,4.153000,4.149000,4.151000,changed
2026-02-10 19:20:00+00:00,2026-10-05T00:39:31Z,4.153000,4.153000,4.145000,4.147000,4.151000,4.153000,4.145000,4.147000,changed
2026-02-11 14:20:00+00:00,2026-10-05T00:39:31Z,4.176000,4.206000,4.168000,4.170000,4.202000,4.202000,4.168000,4.170000,changed
2026-02-11 15:20:00+00:00,2026-10-05T00:39:31Z,4.184000,4.188000,4.165000,4.170000,4.182000,4.184000,4.165000,4.170000,changed
2026-02-11 16:20:00+00:00,2026-10-05T00:39:31Z,4.165000,4.178000,4.149000,4.149000,4.174000,4.178000,4.149000,4.149000,changed
2026-02-11 17:20:00+00:00,2026-10-05T00:39:31Z,4.165000,4.174000,4.147000,4.172000,4.151000,4.174000,4.147000,4.172000,changed
2026-02-11 18:20:00+00:00,2026-10-05T00:39:31Z,4.155000,4.178000,4.151000,4.172000,4.155000,4.178000,4.153000,4.172000,changed
2026-02-11 19:20:00+00:00,2026-10-05T00:39:31Z,4.174000,4.178000,4.166000,4.172000,4.176000,4.178000,4.170000,4.172000,changed
2026-02-12 14:20:00+00:00,2026-10-05T00:39:31Z,4.162000,4.169000,4.146000,4.146000,4.158000,4.169000,4.146000,4.146000,changed
2026-02-12 15:20:00+00:00,2026-10-05T00:39:31Z,4.152000,4.152000,4.125000,4.127000,4.164000,4.165000,4.125000,4.127000,changed
2026-02-12 16:20:00+00:00,2026-10-05T00:39:31Z,4.140000,4.140000,4.119000,4.123000,4.146000,4.146000,4.119000,4.123000,changed
2026-02-12 17:20:00+00:00,2026-10-05T00:39:31Z,4.127000,4.131000,4.102000,4.102000,4.121000,4.131000,4.102000,4.102000,changed
2026-02-12 18:20:00+00:00,2026-10-05T00:39:31Z,4.127000,4.129000,4.100000,4.100000,4.129000,4.131000,4.100000,4.100000,changed
2026-02-12 19:20:00+00:00,2026-10-05T00:39:31Z,4.104000,4.110000,4.100000,4.104000,4.102000,4.110000,4.100000,4.104000,changed
2026-02-13 14:20:00+00:00,2026-10-05T00:39:31Z,4.087000,4.090000,4.050000,4.064000,4.100000,4.100000,4.050000,4.064000,changed
2026-02-13 15:20:00+00:00,2026-10-05T00:39:31Z,4.062000,4.069000,4.056000,4.062000,4.067000,4.071000,4.050000,4.062000,changed
2026-02-13 16:20:00+00:00,2026-10-05T00:39:31Z,4.064000,4.064000,4.046000,4.054000,4.067000,4.069000,4.046000,4.054000,changed
2026-02-13 17:20:00+00:00,2026-10-05T00:39:31Z,4.052000,4.066000,4.052000,4.064000,4.056000,4.066000,4.046000,4.064000,changed
2026-02-13 18:20:00+00:00,2026-10-05T00:39:31Z,4.064000,4.067000,4.060000,4.064000,4.056000,4.067000,4.056000,4.064000,changed
2026-02-13 19:20:00+00:00,2026-10-05T00:39:31Z,4.066000,4.066000,4.054000,4.056000,4.064000,4.067000,4.054000,4.056000,changed
2026-02-17 14:20:00+00:00,2026-10-05T00:39:31Z,4.029000,4.058000,4.025000,4.052000,4.041000,4.058000,4.041000,4.052000,changed
2026-02-17 15:20:00+00:00,2026-10-05T00:39:31Z,4.048000,4.058000,4.039000,4.056000,4.045000,4.056000,4.039000,4.056000,changed
2026-02-17 16:20:00+00:00,2026-10-05T00:39:31Z,4.048000,4.056000,4.039000,4.052000,4.045000,4.056000,4.045000,4.052000,changed
2026-02-17 17:20:00+00:00,2026-10-05T00:39:31Z,4.052000,4.060000,4.048000,4.056000,4.056000,4.060000,4.048000,4.056000,changed
2026-02-17 18:20:00+00:00,2026-10-05T00:39:31Z,4.052000,4.060000,4.048000,4.058000,4.056000,4.060000,4.054000,4.058000,changed
2026-02-17 19:20:00+00:00,2026-10-05T00:39:31Z,4.060000,4.060000,4.052000,4.052000,4.058000,4.060000,4.052000,4.052000,changed
2026-02-18 14:20:00+00:00,2026-10-05T00:39:31Z,4.067000,4.085000,4.064000,4.079000,4.075000,4.085000,4.075000,4.079000,changed
2026-02-18 15:20:00+00:00,2026-10-05T00:39:31Z,4.079000,4.085000,4.073000,4.077000,4.083000,4.085000,4.073000,4.077000,changed
2026-02-18 16:20:00+00:00,2026-10-05T00:39:31Z,4.083000,4.083000,4.071000,4.073000,4.077000,4.079000,4.071000,4.073000,changed
2026-02-18 18:20:00+00:00,2026-10-05T00:39:31Z,4.071000,4.088000,4.071000,4.079000,4.075000,4.088000,4.075000,4.079000,changed
2026-02-18 19:20:00+00:00,2026-10-05T00:39:31Z,4.081000,4.088000,4.079000,4.079000,4.085000,4.088000,4.079000,4.079000,changed
2026-02-19 14:20:00+00:00,2026-10-05T00:39:31Z,4.100000,4.102000,4.083000,4.088000,4.106000,4.106000,4.083000,4.088000,changed
2026-02-19 15:20:00+00:00,2026-10-05T00:39:31Z,4.088000,4.094000,4.083000,4.085000,4.092000,4.094000,4.083000,4.085000,changed
2026-02-19 16:20:00+00:00,2026-10-05T00:39:31Z,4.088000,4.088000,4.081000,4.083000,4.086000,4.094000,4.081000,4.083000,changed
2026-02-19 17:20:00+00:00,2026-10-05T00:39:31Z,4.085000,4.086000,4.075000,4.075000,4.085000,4.088000,4.075000,4.075000,changed
2026-02-19 18:20:00+00:00,2026-10-05T00:39:31Z,4.085000,4.085000,4.065000,4.069000,4.085000,4.086000,4.065000,4.069000,changed
2026-02-19 19:20:00+00:00,2026-10-05T00:39:31Z,4.069000,4.079000,4.065000,4.075000,4.073000,4.079000,4.065000,4.075000,changed
2026-02-20 14:20:00+00:00,2026-10-05T00:39:31Z,4.071000,4.104000,4.069000,4.096000,4.063000,4.104000,4.060000,4.096000,changed
2026-02-20 15:20:00+00:00,2026-10-05T00:39:31Z,4.077000,4.104000,4.075000,4.086000,4.071000,4.104000,4.071000,4.086000,changed
2026-02-20 16:20:00+00:00,2026-10-05T00:39:31Z,4.096000,4.098000,4.083000,4.088000,4.092000,4.098000,4.083000,4.088000,changed
2026-02-20 17:20:00+00:00,2026-10-05T00:39:31Z,4.096000,4.100000,4.086000,4.096000,4.085000,4.100000,4.085000,4.096000,changed
2026-02-20 18:20:00+00:00,2026-10-05T00:39:31Z,4.094000,4.100000,4.081000,4.085000,4.086000,4.100000,4.081000,4.085000,changed
2026-02-20 19:20:00+00:00,2026-10-05T00:39:31Z,4.088000,4.094000,4.085000,4.086000,4.092000,4.094000,4.081000,4.086000,changed
2026-02-23 14:20:00+00:00,2026-10-05T00:39:31Z,4.063000,4.067000,4.054000,4.056000,4.067000,4.069000,4.054000,4.056000,changed
2026-02-23 15:20:00+00:00,2026-10-05T00:39:31Z,4.060000,4.060000,4.029000,4.033000,4.065000,4.067000,4.029000,4.033000,changed
2026-02-23 16:20:00+00:00,2026-10-05T00:39:31Z,4.042000,4.044000,4.025000,4.027000,4.054000,4.056000,4.025000,4.027000,changed
2026-02-23 17:20:00+00:00,2026-10-05T00:39:31Z,4.029000,4.029000,4.018000,4.027000,4.033000,4.035000,4.018000,4.027000,changed
2026-02-23 18:20:00+00:00,2026-10-05T00:39:31Z,4.023000,4.027000,4.021000,4.025000,4.027000,4.029000,4.018000,4.025000,changed
2026-02-23 19:20:00+00:00,2026-10-05T00:39:31Z,4.023000,4.031000,4.023000,4.029000,4.027000,4.031000,4.021000,4.029000,changed
2026-02-25 14:20:00+00:00,2026-10-05T00:39:31Z,4.056000,4.058000,4.050000,4.050000,4.050000,4.058000,4.050000,4.050000,changed
2026-02-25 15:20:00+00:00,2026-10-05T00:39:31Z,4.056000,4.058000,4.044000,4.046000,4.056000,4.056000,4.044000,4.046000,changed
2026-02-25 16:20:00+00:00,2026-10-05T00:39:31Z,4.052000,4.052000,4.035000,4.037000,4.046000,4.048000,4.035000,4.037000,changed
2026-02-25 17:20:00+00:00,2026-10-05T00:39:31Z,4.044000,4.044000,4.035000,4.039000,4.042000,4.042000,4.035000,4.039000,changed
2026-02-25 18:20:00+00:00,2026-10-05T00:39:31Z,4.035000,4.048000,4.035000,4.048000,4.037000,4.048000,4.037000,4.048000,changed
2026-02-25 19:20:00+00:00,2026-10-05T00:39:31Z,4.040000,4.050000,4.040000,4.048000,4.046000,4.050000,4.044000,4.048000,changed
2026-02-27 14:20:00+00:00,2026-10-05T00:39:31Z,3.987000,3.987000,3.970000,3.981000,3.987000,3.994000,3.970000,3.981000,changed
2026-02-27 15:20:00+00:00,2026-10-05T00:39:31Z,3.975000,3.983000,3.974000,3.975000,3.977000,3.983000,3.970000,3.975000,changed
2026-02-27 16:20:00+00:00,2026-10-05T00:39:31Z,3.975000,3.977000,3.968000,3.975000,3.979000,3.983000,3.968000,3.975000,changed
2026-02-27 17:20:00+00:00,2026-10-05T00:39:31Z,3.970000,3.975000,3.966000,3.966000,3.974000,3.975000,3.966000,3.966000,changed
2026-02-27 18:20:00+00:00,2026-10-05T00:39:31Z,3.972000,3.972000,3.958000,3.958000,3.970000,3.975000,3.958000,3.958000,changed
2026-02-27 19:20:00+00:00,2026-10-05T00:39:31Z,3.964000,3.964000,3.956000,3.962000,3.968000,3.968000,3.956000,3.962000,changed
2026-02-02 18:20:00+00:00,2026-10-05T02:45:26Z,4.263000,4.277000,4.261000,4.277000,4.271000,4.275000,4.271000,4.275000,changed
2026-02-02 19:20:00+00:00,2026-10-05T02:45:26Z,4.273000,4.279000,4.269000,4.275000,4.275000,4.279000,4.269000,4.275000,changed
2026-02-03 14:20:00+00:00,2026-10-05T02:45:26Z,4.293000,4.300000,4.282000,4.284000,4.292000,4.300000,4.282000,4.284000,changed
2026-02-03 15:20:00+00:00,2026-10-05T02:45:26Z,4.284000,4.293000,4.279000,4.287000,4.292000,4.293000,4.279000,4.287000,changed
2026-02-03 16:20:00+00:00,2026-10-05T02:45:26Z,4.292000,4.293000,4.278000,4.285000,4.285000,4.293000,4.278000,4.285000,changed
2026-02-03 18:20:00+00:00,2026-10-05T02:45:26Z,4.290000,4.292000,4.266000,4.271000,4.290000,4.293000,4.266000,4.271000,changed
2026-02-03 19:20:00+00:00,2026-10-05T02:45:26Z,4.268000,4.278000,4.266000,4.274000,4.284000,4.284000,4.266000,4.274000,changed
2026-02-04 14:20:00+00:00,2026-10-05T02:45:26Z,4.282000,4.290000,4.269000,4.271000,4.271000,4.290000,4.269000,4.271000,changed
2026-02-04 15:20:00+00:00,2026-10-05T02:45:26Z,4.287000,4.287000,4.269000,4.271000,4.284000,4.290000,4.269000,4.271000,changed
2026-02-04 17:20:00+00:00,2026-10-05T02:45:26Z,4.275000,4.275000,4.261000,4.271000,4.278000,4.279000,4.261000,4.271000,changed
2026-02-04 18:20:00+00:00,2026-10-05T02:45:26Z,4.271000,4.279000,4.268000,4.279000,4.263000,4.279000,4.261000,4.279000,changed
2026-02-04 19:20:00+00:00,2026-10-05T02:45:26Z,4.269000,4.279000,4.269000,4.275000,4.275000,4.279000,4.268000,4.275000,changed
2026-02-05 14:20:00+00:00,2026-10-05T02:45:26Z,4.246000,4.250000,4.222000,4.222000,4.232000,4.250000,4.222000,4.222000,changed
2026-02-05 15:20:00+00:00,2026-10-05T02:45:26Z,4.236000,4.250000,4.206000,4.210000,4.234000,4.236000,4.206000,4.210000,changed
2026-02-05 16:20:00+00:00,2026-10-05T02:45:26Z,4.214000,4.220000,4.206000,4.210000,4.216000,4.220000,4.206000,4.210000,changed
2026-02-05 17:20:00+00:00,2026-10-05T02:45:26Z,4.218000,4.220000,4.208000,4.212000,4.216000,4.218000,4.208000,4.212000,changed
2026-02-05 18:20:00+00:00,2026-10-05T02:45:26Z,4.216000,4.218000,4.204000,4.210000,4.212000,4.212000,4.204000,4.210000,changed
2026-02-05 19:20:00+00:00,2026-10-05T02:45:26Z,4.208000,4.210000,4.204000,4.210000,4.204000,4.210000,4.204000,4.210000,changed
2026-02-06 14:20:00+00:00,2026-10-05T02:45:26Z,4.204000,4.220000,4.194000,4.216000,4.198000,4.220000,4.194000,4.216000,changed
2026-02-06 15:20:00+00:00,2026-10-05T02:45:26Z,4.196000,4.224000,4.194000,4.218000,4.214000,4.222000,4.212000,4.218000,changed
2026-02-06 16:20:00+00:00,2026-10-05T02:45:26Z,4.220000,4.224000,4.212000,4.218000,4.216000,4.220000,4.216000,4.218000,changed
2026-02-06 17:20:00+00:00,2026-10-05T02:45:26Z,4.216000,4.220000,4.212000,4.216000,4.218000,4.220000,4.214000,4.216000,changed
2026-02-06 18:20:00+00:00,2026-10-05T02:45:26Z,4.218000,4.220000,4.208000,4.210000,4.214000,4.216000,4.208000,4.210000,changed
2026-02-06 19:20:00+00:00,2026-10-05T02:45:26Z,4.214000,4.214000,4.206000,4.206000,4.210000,4.212000,4.206000,4.206000,changed
2026-02-09 14:20:00+00:00,2026-10-05T02:45:26Z,4.218000,4.226000,4.210000,4.220000,4.220000,4.226000,4.210000,4.220000,changed
2026-02-09 15:20:00+00:00,2026-10-05T02:45:26Z,4.216000,4.226000,4.206000,4.208000,4.218000,4.222000,4.206000,4.208000,changed
2026-02-09 16:20:00+00:00,2026-10-05T02:45:26Z,4.214000,4.220000,4.206000,4.206000,4.212000,4.216000,4.206000,4.206000,changed
2026-02-09 17:20:00+00:00,2026-10-05T02:45:26Z,4.210000,4.216000,4.202000,4.206000,4.210000,4.212000,4.202000,4.206000,changed
2026-02-09 18:20:00+00:00,2026-10-05T02:45:26Z,4.204000,4.210000,4.200000,4.202000,4.206000,4.210000,4.200000,4.202000,changed
2026-02-09 19:20:00+00:00,2026-10-05T02:45:26Z,4.206000,4.206000,4.196000,4.198000,4.204000,4.204000,4.196000,4.198000,changed
2026-02-10 14:20:00+00:00,2026-10-05T02:45:26Z,4.159000,4.162000,4.139000,4.145000,4.164000,4.166000,4.139000,4.145000,changed
2026-02-10 15:20:00+00:00,2026-10-05T02:45:26Z,4.147000,4.149000,4.135000,4.139000,4.154000,4.154000,4.135000,4.139000,changed
2026-02-10 16:20:00+00:00,2026-10-05T02:45:26Z,4.141000,4.151000,4.135000,4.145000,4.145000,4.151000,4.135000,4.145000,changed
2026-02-10 17:20:00+00:00,2026-10-05T02:45:26Z,4.145000,4.153000,4.143000,4.149000,4.137000,4.153000,4.137000,4.149000,changed
2026-02-10 18:20:00+00:00,2026-10-05T02:45:26Z,4.149000,4.153000,4.149000,4.151000,4.143000,4.153000,4.143000,4.151000,changed
2026-02-10 19:20:00+00:00,2026-10-05T02:45:26Z,4.151000,4.153000,4.145000,4.147000,4.153000,4.153000,4.145000,4.147000,changed
2026-02-11 14:20:00+00:00,2026-10-05T02:45:26Z,4.202000,4.202000,4.168000,4.170000,4.176000,4.206000,4.168000,4.170000,changed
2026-02-11 15:20:00+00:00,2026-10-05T02:45:26Z,4.182000,4.184000,4.165000,4.170000,4.184000,4.188000,4.165000,4.170000,changed
2026-02-11 16:20:00+00:00,2026-10-05T02:45:26Z,4.174000,4.178000,4.149000,4.149000,4.165000,4.178000,4.149000,4.149000,changed
2026-02-11 17:20:00+00:00,2026-10-05T02:45:26Z,4.151000,4.174000,4.147000,4.172000,4.165000,4.174000,4.147000,4.172000,changed
2026-02-11 18:20:00+00:00,2026-10-05T02:45:26Z,4.155000,4.178000,4.153000,4.172000,4.155000,4.178000,4.151000,4.172000,changed
2026-02-11 19:20:00+00:00,2026-10-05T02:45:26Z,4.176000,4.178000,4.170000,4.172000,4.174000,4.178000,4.166000,4.172000,changed
2026-02-12 14:20:00+00:00,2026-10-05T02:45:26Z,4.158000,4.169000,4.146000,4.146000,4.162000,4.169000,4.146000,4.146000,changed
2026-02-12 15:20:00+00:00,2026-10-05T02:45:26Z,4.164000,4.165000,4.125000,4.127000,4.152000,4.152000,4.125000,4.127000,changed
2026-02-12 16:20:00+00:00,2026-10-05T02:45:26Z,4.146000,4.146000,4.119000,4.123000,4.140000,4.140000,4.119000,4.123000,changed
2026-02-12 17:20:00+00:00,2026-10-05T02:45:26Z,4.121000,4.131000,4.102000,4.102000,4.127000,4.131000,4.102000,4.102000,changed
2026-02-12 18:20:00+00:00,2026-10-05T02:45:26Z,4.129000,4.131000,4.100000,4.100000,4.127000,4.129000,4.100000,4.100000,changed
2026-02-12 19:20:00+00:00,2026-10-05T02:45:26Z,4.102000,4.110000,4.100000,4.104000,4.104000,4.110000,4.100000,4.104000,changed
2026-02-13 14:20:00+00:00,2026-10-05T02:45:26Z,4.100000,4.100000,4.050000,4.064000,4.087000,4.090000,4.050000,4.064000,changed
2026-02-13 15:20:00+00:00,2026-10-05T02:45:26Z,4.067000,4.071000,4.050000,4.062000,4.062000,4.069000,4.056000,4.062000,changed
2026-02-13 16:20:00+00:00,2026-10-05T02:45:26Z,4.067000,4.069000,4.046000,4.054000,4.064000,4.064000,4.046000,4.054000,changed
2026-02-13 17:20:00+00:00,2026-10-05T02:45:26Z,4.056000,4.066000,4.046000,4.064000,4.052000,4.066000,4.052000,4.064000,changed
2026-02-13 18:20:00+00:00,2026-10-05T02:45:26Z,4.056000,4.067000,4.056000,4.064000,4.064000,4.067000,4.060000,4.064000,changed
2026-02-13 19:20:00+00:00,2026-10-05T02:45:26Z,4.064000,4.067000,4.054000,4.056000,4.066000,4.066000,4.054000,4.056000,changed
2026-02-17 14:20:00+00:00,2026-10-05T02:45:26Z,4.041000,4.058000,4.041000,4.052000,4.029000,4.058000,4.025000,4.052000,changed
2026-02-17 15:20:00+00:00,2026-10-05T02:45:26Z,4.045000,4.056000,4.039000,4.056000,4.048000,4.058000,4.039000,4.056000,changed
2026-02-17 16:20:00+00:00,2026-10-05T02:45:26Z,4.045000,4.056000,4.045000,4.052000,4.048000,4.056000,4.039000,4.052000,changed
2026-02-17 17:20:00+00:00,2026-10-05T02:45:26Z,4.056000,4.060000,4.048000,4.056000,4.052000,4.060000,4.048000,4.056000,changed
2026-02-17 18:20:00+00:00,2026-10-05T02:45:26Z,4.056000,4.060000,4.054000,4.058000,4.052000,4.060000,4.048000,4.058000,changed
2026-02-17 19:20:00+00:00,2026-10-05T02:45:26Z,4.058000,4.060000,4.052000,4.052000,4.060000,4.060000,4.052000,4.052000,changed
2026-02-18 14:20:00+00:00,2026-10-05T02:45:26Z,4.075000,4.085000,4.075000,4.079000,4.067000,4.085000,4.064000,4.079000,changed
2026-02-18 15:20:00+00:00,2026-10-05T02:45:26Z,4.083000,4.085000,4.073000,4.077000,4.079000,4.085000,4.073000,4.077000,changed
2026-02-18 16:20:00+00:00,2026-10-05T02:45:26Z,4.077000,4.079000,4.071000,4.073000,4.083000,4.083000,4.071000,4.073000,changed
2026-02-18 18:20:00+00:00,2026-10-05T02:45:26Z,4.075000,4.088000,4.075000,4.079000,4.071000,4.088000,4.071000,4.079000,changed
2026-02-18 19:20:00+00:00,2026-10-05T02:45:26Z,4.085000,4.088000,4.079000,4.079000,4.081000,4.088000,4.079000,4.079000,changed
2026-02-19 14:20:00+00:00,2026-10-05T02:45:26Z,4.106000,4.106000,4.083000,4.088000,4.100000,4.102000,4.083000,4.088000,changed
2026-02-19 15:20:00+00:00,2026-10-05T02:45:26Z,4.092000,4.094000,4.083000,4.085000,4.088000,4.094000,4.083000,4.085000,changed
2026-02-19 16:20:00+00:00,2026-10-05T02:45:26Z,4.086000,4.094000,4.081000,4.083000,4.088000,4.088000,4.081000,4.083000,changed
2026-02-19 17:20:00+00:00,2026-10-05T02:45:26Z,4.085000,4.088000,4.075000,4.075000,4.085000,4.086000,4.075000,4.075000,changed
2026-02-19 18:20:00+00:00,2026-10-05T02:45:26Z,4.085000,4.086000,4.065000,4.069000,4.085000,4.085000,4.065000,4.069000,changed
2026-02-19 19:20:00+00:00,2026-10-05T02:45:26Z,4.073000,4.079000,4.065000,4.075000,4.069000,4.079000,4.065000,4.075000,changed
2026-02-20 14:20:00+00:00,2026-10-05T02:45:26Z,4.063000,4.104000,4.060000,4.096000,4.071000,4.104000,4.069000,4.096000,changed
2026-02-20 15:20:00+00:00,2026-10-05T02:45:26Z,4.071000,4.104000,4.071000,4.086000,4.077000,4.104000,4.075000,4.086000,changed
2026-02-20 16:20:00+00:00,2026-10-05T02:45:26Z,4.092000,4.098000,4.083000,4.088000,4.096000,4.098000,4.083000,4.088000,changed
2026-02-20 17:20:00+00:00,2026-10-05T02:45:26Z,4.085000,4.100000,4.085000,4.096000,4.096000,4.100000,4.086000,4.096000,changed
2026-02-20 18:20:00+00:00,2026-10-05T02:45:26Z,4.086000,4.100000,4.081000,4.085000,4.094000,4.100000,4.081000,4.085000,changed
2026-02-20 19:20:00+00:00,2026-10-05T02:45:26Z,4.092000,4.094000,4.081000,4.086000,4.088000,4.094000,4.085000,4.086000,changed
2026-02-23 14:20:00+00:00,2026-10-05T02:45:26Z,4.067000,4.069000,4.054000,4.056000,4.063000,4.067000,4.054000,4.056000,changed
2026-02-23 15:20:00+00:00,2026-10-05T02:45:26Z,4.065000,4.067000,4.029000,4.033000,4.060000,4.060000,4.029000,4.033000,changed
2026-02-23 16:20:00+00:00,2026-10-05T02:45:26Z,4.054000,4.056000,4.025000,4.027000,4.042000,4.044000,4.025000,4.027000,changed
2026-02-23 17:20:00+00:00,2026-10-05T02:45:26Z,4.033000,4.035000,4.018000,4.027000,4.029000,4.029000,4.018000,4.027000,changed
2026-02-23 18:20:00+00:00,2026-10-05T02:45:26Z,4.027000,4.029000,4.018000,4.025000,4.023000,4.027000,4.021000,4.025000,changed
2026-02-23 19:20:00+00:00,2026-10-05T02:45:26Z,4.027000,4.031000,4.021000,4.029000,4.023000,4.031000,4.023000,4.029000,changed
2026-02-25 14:20:00+00:00,2026-10-05T02:45:26Z,4.050000,4.058000,4.050000,4.050000,4.056000,4.058000,4.050000,4.050000,changed
2026-02-25 15:20:00+00:00,2026-10-05T02:45:26Z,4.056000,4.056000,4.044000,4.046000,4.056000,4.058000,4.044000,4.046000,changed
2026-02-25 16:20:00+00:00,2026-10-05T02:45:26Z,4.046000,4.048000,4.035000,4.037000,4.052000,4.052000,4.035000,4.037000,changed
2026-02-25 17:20:00+00:00,2026-10-05T02:45:26Z,4.042000,4.042000,4.035000,4.039000,4.044000,4.044000,4.035000,4.039000,changed
2026-02-25 18:20:00+00:00,2026-10-05T02:45:26Z,4.037000,4.048000,4.037000,4.048000,4.035000,4.048000,4.035000,4.048000,changed
2026-02-25 19:20:00+00:00,2026-10-05T02:45:26Z,4.046000,4.050000,4.044000,4.048000,4.040000,4.050000,4.040000,4.048000,changed
2026-02-27 14:20:00+00:00,2026-10-05T02:45:26Z,3.987000,3.994000,3.970000,3.981000,3.987000,3.987000,3.970000,3.981000,changed
2026-02-27 15:20:00+00:00,2026-10-05T02:45:26Z,3.977000,3.983000,3.970000,3.975000,3.975000,3.983000,3.974000,3.975000,changed
2026-02-27 16:20:00+00:00,2026-10-05T02:45:26Z,3.979000,3.983000,3.968000,3.975000,3.975000,3.977000,3.968000,3.975000,changed
2026-02-27 17:20:00+00:00,2026-10-05T02:45:26Z,3.974000,3.975000,3.966000,3.966000,3.970000,3.975000,3.966000,3.966000,changed
2026-02-27 18:20:00+00:00,2026-10-05T02:45:26Z,3.970000,3.975000,3.958000,3.958000,3.972000,3.972000,3.958000,3.958000,changed
2026-02-27 19:20:00+00:00,2026-10-05T02:45:26Z,3.968000,3.968000,3.956000,3.962000,3.964000,3.964000,3.956000,3.962000,changed
2026-02-02 18:20:00+00:00,2026-10-05T02:58:33Z,4.271000,4.275000,4.271000,4.275000,4.263000,4.277000,4.261000,4.277000,changed
2026-02-02 19:20:00+00:00,2026-10-05T02:58:33Z,4.275000,4.279000,4.269000,4.275000,4.273000,4.279000,4.269000,4.275000,changed
2026-02-03 14:20:00+00:00,2026-10-05T02:58:33Z,4.292000,4.300000,4.282000,4.284000,4.293000,4.300000,4.282000,4.284000,changed
2026-02-03 15:20:00+00:00,2026-10-05T02:58:33Z,4.292000,4.293000,4.279000,4.287000,4.284000,4.293000,4.279000,4.287000,changed
2026-02-03 16:20:00+00:00,2026-10-05T02:58:33Z,4.285000,4.293000,4.278000,4.285000,4.292000,4.293000,4.278000,4.285000,changed
2026-02-03 18:20:00+00:00,2026-10-05T02:58:33Z,4.290000,4.293000,4.266000,4.271000,4.290000,4.292000,4.266000,4.271000,changed
2026-02-03 19:20:00+00:00,2026-10-05T02:58:33Z,4.284000,4.284000,4.266000,4.274000,4.268000,4.278000,4.266000,4.274000,changed
2026-02-04 14:20:00+00:00,2026-10-05T02:58:33Z,4.271000,4.290000,4.269000,4.271000,4.282000,4.290000,4.269000,4.271000,changed
2026-02-04 15:20:00+00:00,2026-10-05T02:58:33Z,4.284000,4.290000,4.269000,4.271000,4.287000,4.287000,4.269000,4.271000,changed
2026-02-04 17:20:00+00:00,2026-10-05T02:58:33Z,4.278000,4.279000,4.261000,4.271000,4.275000,4.275000,4.261000,4.271000,changed
2026-02-04 18:20:00+00:00,2026-10-05T02:58:33Z,4.263000,4.279000,4.261000,4.279000,4.271000,4.279000,4.268000,4.279000,changed
2026-02-04 19:20:00+00:00,2026-10-05T02:58:33Z,4.275000,4.279000,4.268000,4.275000,4.269000,4.279000,4.269000,4.275000,changed
2026-02-05 14:20:00+00:00,2026-10-05T02:58:33Z,4.232000,4.250000,4.222000,4.222000,4.246000,4.250000,4.222000,4.222000,changed
2026-02-05 15:20:00+00:00,2026-10-05T02:58:33Z,4.234000,4.236000,4.206000,4.210000,4.236000,4.250000,4.206000,4.210000,changed
2026-02-05 16:20:00+00:00,2026-10-05T02:58:33Z,4.216000,4.220000,4.206000,4.210000,4.214000,4.220000,4.206000,4.210000,changed
2026-02-05 17:20:00+00:00,2026-10-05T02:58:33Z,4.216000,4.218000,4.208000,4.212000,4.218000,4.220000,4.208000,4.212000,changed
2026-02-05 18:20:00+00:00,2026-10-05T02:58:33Z,4.212000,4.212000,4.204000,4.210000,4.216000,4.218000,4.204000,4.210000,changed
2026-02-05 19:20:00+00:00,2026-10-05T02:58:33Z,4.204000,4.210000,4.204000,4.210000,4.208000,4.210000,4.204000,4.210000,changed
2026-02-06 14:20:00+00:00,2026-10-05T02:58:33Z,4.198000,4.220000,4.194000,4.216000,4.204000,4.220000,4.194000,4.216000,changed
2026-02-06 15:20:00+00:00,2026-10-05T02:58:33Z,4.214000,4.222000,4.212000,4.218000,4.196000,4.224000,4.194000,4.218000,changed
2026-02-06 16:20:00+00:00,2026-10-05T02:58:33Z,4.216000,4.220000,4.216000,4.218000,4.220000,4.224000,4.212000,4.218000,changed
2026-02-06 17:20:00+00:00,2026-10-05T02:58:33Z,4.218000,4.220000,4.214000,4.216000,4.216000,4.220000,4.212000,4.216000,changed
2026-02-06 18:20:00+00:00,2026-10-05T02:58:33Z,4.214000,4.216000,4.208000,4.210000,4.218000,4.220000,4.208000,4.210000,changed
2026-02-06 19:20:00+00:00,2026-10-05T02:58:33Z,4.210000,4.212000,4.206000,4.206000,4.214000,4.214000,4.206000,4.206000,changed
2026-02-09 14:20:00+00:00,2026-10-05T02:58:33Z,4.220000,4.226000,4.210000,4.220000,4.218000,4.226000,4.210000,4.220000,changed
2026-02-09 15:20:00+00:00,2026-10-05T02:58:33Z,4.218000,4.222000,4.206000,4.208000,4.216000,4.226000,4.206000,4.208000,changed
2026-02-09 16:20:00+00:00,2026-10-05T02:58:33Z,4.212000,4.216000,4.206000,4.206000,4.214000,4.220000,4.206000,4.206000,changed
2026-02-09 17:20:00+00:00,2026-10-05T02:58:33Z,4.210000,4.212000,4.202000,4.206000,4.210000,4.216000,4.202000,4.206000,changed
2026-02-09 18:20:00+00:00,2026-10-05T02:58:33Z,4.206000,4.210000,4.200000,4.202000,4.204000,4.210000,4.200000,4.202000,changed
2026-02-09 19:20:00+00:00,2026-10-05T02:58:33Z,4.204000,4.204000,4.196000,4.198000,4.206000,4.206000,4.196000,4.198000,changed
2026-02-10 14:20:00+00:00,2026-10-05T02:58:33Z,4.164000,4.166000,4.139000,4.145000,4.159000,4.162000,4.139000,4.145000,changed
2026-02-10 15:20:00+00:00,2026-10-05T02:58:33Z,4.154000,4.154000,4.135000,4.139000,4.147000,4.149000,4.135000,4.139000,changed
2026-02-10 16:20:00+00:00,2026-10-05T02:58:33Z,4.145000,4.151000,4.135000,4.145000,4.141000,4.151000,4.135000,4.145000,changed
2026-02-10 17:20:00+00:00,2026-10-05T02:58:33Z,4.137000,4.153000,4.137000,4.149000,4.145000,4.153000,4.143000,4.149000,changed
2026-02-10 18:20:00+00:00,2026-10-05T02:58:33Z,4.143000,4.153000,4.143000,4.151000,4.149000,4.153000,4.149000,4.151000,changed
2026-02-10 19:20:00+00:00,2026-10-05T02:58:33Z,4.153000,4.153000,4.145000,4.147000,4.151000,4.153000,4.145000,4.147000,changed
2026-02-11 14:20:00+00:00,2026-10-05T02:58:33Z,4.176000,4.206000,4.168000,4.170000,4.202000,4.202000,4.168000,4.170000,changed
2026-02-11 15:20:00+00:00,2026-10-05T02:58:33Z,4.184000,4.188000,4.165000,4.170000,4.182000,4.184000,4.165000,4.170000,changed
2026-02-11 16:20:00+00:00,2026-10-05T02:58:33Z,4.165000,4.178000,4.149000,4.149000,4.174000,4.178000,4.149000,4.149000,changed
2026-02-11 17:20:00+00:00,2026-10-05T02:58:33Z,4.165000,4.174000,4.147000,4.172000,4.151000,4.174000,4.147000,4.172000,changed
2026-02-11 18:20:00+00:00,2026-10-05T02:58:33Z,4.155000,4.178000,4.151000,4.172000,4.155000,4.178000,4.153000,4.172000,changed
2026-02-11 19:20:00+00:00,2026-10-05T02:58:33Z,4.174000,4.178000,4.166000,4.172000,4.176000,4.178000,4.170000,4.172000,changed
2026-02-12 14:20:00+00:00,2026-10-05T02:58:33Z,4.162000,4.169000,4.146000,4.146000,4.158000,4.169000,4.146000,4.146000,changed
2026-02-12 15:20:00+00:00,2026-10-05T02:58:33Z,4.152000,4.152000,4.125000,4.127000,4.164000,4.165000,4.125000,4.127000,changed
2026-02-12 16:20:00+00:00,2026-10-05T02:58:33Z,4.140000,4.140000,4.119000,4.123000,4.146000,4.146000,4.119000,4.123000,changed
2026-02-12 17:20:00+00:00,2026-10-05T02:58:33Z,4.127000,4.131000,4.102000,4.102000,4.121000,4.131000,4.102000,4.102000,changed
2026-02-12 18:20:00+00:00,2026-10-05T02:58:33Z,4.127000,4.129000,4.100000,4.100000,4.129000,4.131000,4.100000,4.100000,changed
2026-02-12 19:20:00+00:00,2026-10-05T02:58:33Z,4.104000,4.110000,4.100000,4.104000,4.102000,4.110000,4.100000,4.104000,changed
2026-02-13 14:20:00+00:00,2026-10-05T02:58:33Z,4.087000,4.090000,4.050000,4.064000,4.100000,4.100000,4.050000,4.064000,changed
2026-02-13 15:20:00+00:00,2026-10-05T02:58:33Z,4.062000,4.069000,4.056000,4.062000,4.067000,4.071000,4.050000,4.062000,changed
2026-02-13 16:20:00+00:00,2026-10-05T02:58:33Z,4.064000,4.064000,4.046000,4.054000,4.067000,4.069000,4.046000,4.054000,changed
2026-02-13 17:20:00+00:00,2026-10-05T02:58:33Z,4.052000,4.066000,4.052000,4.064000,4.056000,4.066000,4.046000,4.064000,changed
2026-02-13 18:20:00+00:00,2026-10-05T02:58:33Z,4.064000,4.067000,4.060000,4.064000,4.056000,4.067000,4.056000,4.064000,changed
2026-02-13 19:20:00+00:00,2026-10-05T02:58:33Z,4.066000,4.066000,4.054000,4.056000,4.064000,4.067000,4.054000,4.056000,changed
2026-02-17 14:20:00+00:00,2026-10-05T02:58:33Z,4.029000,4.058000,4.025000,4.052000,4.041000,4.058000,4.041000,4.052000,changed
2026-02-17 15:20:00+00:00,2026-10-05T02:58:33Z,4.048000,4.058000,4.039000,4.056000,4.045000,4.056000,4.039000,4.056000,changed
2026-02-17 16:20:00+00:00,2026-10-05T02:58:33Z,4.048000,4.056000,4.039000,4.052000,4.045000,4.056000,4.045000,4.052000,changed
2026-02-17 17:20:00+00:00,2026-10-05T02:58:33Z,4.052000,4.060000,4.048000,4.056000,4.056000,4.060000,4.048000,4.056000,changed
2026-02-17 18:20:00+00:00,2026-10-05T02:58:33Z,4.052000,4.060000,4.048000,4.058000,4.056000,4.060000,4.054000,4.058000,changed
2026-02-17 19:20:00+00:00,2026-10-05T02:58:33Z,4.060000,4.060000,4.052000,4.052000,4.058000,4.060000,4.052000,4.052000,changed
2026-02-18 14:20:00+00:00,2026-10-05T02:58:33Z,4.067000,4.085000,4.064000,4.079000,4.075000,4.085000,4.075000,4.079000,changed
2026-02-18 15:20:00+00:00,2026-10-05T02:58:33Z,4.079000,4.085000,4.073000,4.077000,4.083000,4.085000,4.073000,4.077000,changed
2026-02-18 16:20:00+00:00,2026-10-05T02:58:33Z,4.083000,4.083000,4.071000,4.073000,4.077000,4.079000,4.071000,4.073000,changed
2026-02-18 18:20:00+00:00,2026-10-05T02:58:33Z,4.071000,4.088000,4.071000,4.079000,4.075000,4.088000,4.075000,4.079000,changed
2026-02-18 19:20:00+00:00,2026-10-05T02:58:33Z,4.081000,4.088000,4.079000,4.079000,4.085000,4.088000,4.079000,4.079000,changed
2026-02-19 14:20:00+00:00,2026-10-05T02:58:33Z,4.100000,4.102000,4.083000,4.088000,4.106000,4.106000,4.083000,4.088000,changed
2026-02-19 15:20:00+00:00,2026-10-05T02:58:33Z,4.088000,4.094000,4.083000,4.085000,4.092000,4.094000,4.083000,4.085000,changed
2026-02-19 16:20:00+00:00,2026-10-05T02:58:33Z,4.088000,4.088000,4.081000,4.083000,4.086000,4.094000,4.081000,4.083000,changed
2026-02-19 17:20:00+00:00,2026-10-05T02:58:33Z,4.085000,4.086000,4.075000,4.075000,4.085000,4.088000,4.075000,4.075000,changed
2026-02-19 18:20:00+00:00,2026-10-05T02:58:33Z,4.085000,4.085000,4.065000,4.069000,4.085000,4.086000,4.065000,4.069000,changed
2026-02-19 19:20:00+00:00,2026-10-05T02:58:33Z,4.069000,4.079000,4.065000,4.075000,4.073000,4.079000,4.065000,4.075000,changed
2026-02-20 14:20:00+00:00,2026-10-05T02:58:33Z,4.071000,4.104000,4.069000,4.096000,4.063000,4.104000,4.060000,4.096000,changed
2026-02-20 15:20:00+00:00,2026-10-05T02:58:33Z,4.077000,4.104000,4.075000,4.086000,4.071000,4.104000,4.071000,4.086000,changed
2026-02-20 16:20:00+00:00,2026-10-05T02:58:33Z,4.096000,4.098000,4.083000,4.088000,4.092000,4.098000,4.083000,4.088000,changed
2026-02-20 17:20:00+00:00,2026-10-05T02:58:33Z,4.096000,4.100000,4.086000,4.096000,4.085000,4.100000,4.085000,4.096000,changed
2026-02-20 18:20:00+00:00,2026-10-05T02:58:33Z,4.094000,4.100000,4.081000,4.085000,4.086000,4.100000,4.081000,4.085000,changed
2026-02-20 19:20:00+00:00,2026-10-05T02:58:33Z,4.088000,4.094000,4.085000,4.086000,4.092000,4.094000,4.081000,4.086000,changed
2026-02-23 14:20:00+00:00,2026-10-05T02:58:33Z,4.063000,4.067000,4.054000,4.056000,4.067000,4.069000,4.054000,4.056000,changed
2026-02-23 15:20:00+00:00,2026-10-05T02:58:33Z,4.060000,4.060000,4.029000,4.033000,4.065000,4.067000,4.029000,4.033000,changed
2026-02-23 16:20:00+00:00,2026-10-05T02:58:33Z,4.042000,4.044000,4.025000,4.027000,4.054000,4.056000,4.025000,4.027000,changed
2026-02-23 17:20:00+00:00,2026-10-05T02:58:33Z,4.029000,4.029000,4.018000,4.027000,4.033000,4.035000,4.018000,4.027000,changed
2026-02-23 18:20:00+00:00,2026-10-05T02:58:33Z,4.023000,4.027000,4.021000,4.025000,4.027000,4.029000,4.018000,4.025000,changed
2026-02-23 19:20:00+00:00,2026-10-05T02:58:33Z,4.023000,4.031000,4.023000,4.029000,4.027000,4.031000,4.021000,4.029000,changed
2026-02-25 14:20:00+00:00,2026-10-05T02:58:33Z,4.056000,4.058000,4.050000,4.050000,4.050000,4.058000,4.050000,4.050000,changed
2026-02-25 15:20:00+00:00,2026-10-05T02:58:33Z,4.056000,4.058000,4.044000,4.046000,4.056000,4.056000,4.044000,4.046000,changed
2026-02-25 16:20:00+00:00,2026-10-05T02:58:33Z,4.052000,4.052000,4.035000,4.037000,4.046000,4.048000,4.035000,4.037000,changed
2026-02-25 17:20:00+00:00,2026-10-05T02:58:33Z,4.044000,4.044000,4.035000,4.039000,4.042000,4.042000,4.035000,4.039000,changed
2026-02-25 18:20:00+00:00,2026-10-05T02:58:33Z,4.035000,4.048000,4.035000,4.048000,4.037000,4.048000,4.037000,4.048000,changed
2026-02-25 19:20:00+00:00,2026-10-05T02:58:33Z,4.040000,4.050000,4.040000,4.048000,4.046000,4.050000,4.044000,4.048000,changed
2026-02-27 14:20:00+00:00,2026-10-05T02:58:33Z,3.987000,3.987000,3.970000,3.981000,3.987000,3.994000,3.970000,3.981000,changed
2026-02-27 15:20:00+00:00,2026-10-05T02:58:33Z,3.975000,3.983000,3.974000,3.975000,3.977000,3.983000,3.970000,3.975000,changed
2026-02-27 16:20:00+00:00,2026-10-05T02:58:33Z,3.975000,3.977000,3.968000,3.975000,3.979000,3.983000,3.968000,3.975000,changed
2026-02-27 17:20:00+00:00,2026-10-05T02:58:33Z,3.970000,3.975000,3.966000,3.966000,3.974000,3.975000,3.966000,3.966000,changed
2026-02-27 18:20:00+00:00,2026-10-05T02:58:33Z,3.972000,3.972000,3.958000,3.958000,3.970000,3.975000,3.958000,3.958000,changed
2026-02-27 19:20:00+00:00,2026-10-05T02:58:33Z,3.964000,3.964000,3.956000,3.962000,3.968000,3.968000,3.956000,3.962000,changed
2026-02-02 18:20:00+00:00,2026-10-05T03:10:39Z,4.263000,4.277000,4.261000,4.277000,4.271000,4.275000,4.271000,4.275000,changed
2026-02-02 19:20:00+00:00,2026-10-05T03:10:39Z,4.273000,4.279000,4.269000,4.275000,4.275000,4.279000,4.269000,4.275000,changed
2026-02-03 14:20:00+00:00,2026-10-05T03:10:39Z,4.293000,4.300000,4.282000,4.284000,4.292000,4.300000,4.282000,4.284000,changed
2026-02-03 15:20:00+00:00,2026-10-05T03:10:39Z,4.284000,4.293000,4.279000,4.287000,4.292000,4.293000,4.279000,4.287000,changed
2026-02-03 16:20:00+00:00,2026-10-05T03:10:39Z,4.292000,4.293000,4.278000,4.285000,4.285000,4.293000,4.278000,4.285000,changed
2026-02-03 18:20:00+00:00,2026-10-05T03:10:39Z,4.290000,4.292000,4.266000,4.271000,4.290000,4.293000,4.266000,4.271000,changed
2026-02-03 19:20:00+00:00,2026-10-05T03:10:39Z,4.268000,4.278000,4.266000,4.274000,4.284000,4.284000,4.266000,4.274000,changed
2026-02-04 14:20:00+00:00,2026-10-05T03:10:39Z,4.282000,4.290000,4.269000,4.271000,4.271000,4.290000,4.269000,4.271000,changed
2026-02-04 15:20:00+00:00,2026-10-05T03:10:39Z,4.287000,4.287000,4.269000,4.271000,4.284000,4.290000,4.269000,4.271000,changed
2026-02-04 17:20:00+00:00,2026-10-05T03:10:39Z,4.275000,4.275000,4.261000,4.271000,4.278000,4.279000,4.261000,4.271000,changed
2026-02-04 18:20:00+00:00,2026-10-05T03:10:39Z,4.271000,4.279000,4.268000,4.279000,4.263000,4.279000,4.261000,4.279000,changed
2026-02-04 19:20:00+00:00,2026-10-05T03:10:39Z,4.269000,4.279000,4.269000,4.275000,4.275000,4.279000,4.268000,4.275000,changed
2026-02-05 14:20:00+00:00,2026-10-05T03:10:39Z,4.246000,4.250000,4.222000,4.222000,4.232000,4.250000,4.222000,4.222000,changed
2026-02-05 15:20:00+00:00,2026-10-05T03:10:39Z,4.236000,4.250000,4.206000,4.210000,4.234000,4.236000,4.206000,4.210000,changed
2026-02-05 16:20:00+00:00,2026-10-05T03:10:39Z,4.214000,4.220000,4.206000,4.210000,4.216000,4.220000,4.206000,4.210000,changed
2026-02-05 17:20:00+00:00,2026-10-05T03:10:39Z,4.218000,4.220000,4.208000,4.212000,4.216000,4.218000,4.208000,4.212000,changed
2026-02-05 18:20:00+00:00,2026-10-05T03:10:39Z,4.216000,4.218000,4.204000,4.210000,4.212000,4.212000,4.204000,4.210000,changed
2026-02-05 19:20:00+00:00,2026-10-05T03:10:39Z,4.208000,4.210000,4.204000,4.210000,4.204000,4.210000,4.204000,4.210000,changed
2026-02-06 14:20:00+00:00,2026-10-05T03:10:39Z,4.204000,4.220000,4.194000,4.216000,4.198000,4.220000,4.194000,4.216000,changed
2026-02-06 15:20:00+00:00,2026-10-05T03:10:39Z,4.196000,4.224000,4.194000,4.218000,4.214000,4.222000,4.212000,4.218000,changed
2026-02-06 16:20:00+00:00,2026-10-05T03:10:39Z,4.220000,4.224000,4.212000,4.218000,4.216000,4.220000,4.216000,4.218000,changed
2026-02-06 17:20:00+00:00,2026-10-05T03:10:39Z,4.216000,4.220000,4.212000,4.216000,4.218000,4.220000,4.214000,4.216000,changed
2026-02-06 18:20:00+00:00,2026-10-05T03:10:39Z,4.218000,4.220000,4.208000,4.210000,4.214000,4.216000,4.208000,4.210000,changed
2026-02-06 19:20:00+00:00,2026-10-05T03:10:39Z,4.214000,4.214000,4.206000,4.206000,4.210000,4.212000,4.206000,4.206000,changed
2026-02-09 14:20:00+00:00,2026-10-05T03:10:39Z,4.218000,4.226000,4.210000,4.220000,4.220000,4.226000,4.210000,4.220000,changed
2026-02-09 15:20:00+00:00,2026-10-05T03:10:39Z,4.216000,4.226000,4.206000,4.208000,4.218000,4.222000,4.206000,4.208000,changed
2026-02-09 16:20:00+00:00,2026-10-05T03:10:39Z,4.214000,4.220000,4.206000,4.206000,4.212000,4.216000,4.206000,4.206000,changed
2026-02-09 17:20:00+00:00,2026-10-05T03:10:39Z,4.210000,4.216000,4.202000,4.206000,4.210000,4.212000,4.202000,4.206000,changed
2026-02-09 18:20:00+00:00,2026-10-05T03:10:39Z,4.204000,4.210000,4.200000,4.202000,4.206000,4.210000,4.200000,4.202000,changed
2026-02-09 19:20:00+00:00,2026-10-05T03:10:39Z,4.206000,4.206000,4.196000,4.198000,4.204000,4.204000,4.196000,4.198000,changed
2026-02-10 14:20:00+00:00,2026-10-05T03:10:39Z,4.159000,4.162000,4.139000,4.145000,4.164000,4.166000,4.139000,4.145000,changed
2026-02-10 15:20:00+00:00,2026-10-05T03:10:39Z,4.147000,4.149000,4.135000,4.139000,4.154000,4.154000,4.135000,4.139000,changed
2026-02-10 16:20:00+00:00,2026-10-05T03:10:39Z,4.141000,4.151000,4.135000,4.145000,4.145000,4.151000,4.135000,4.145000,changed
2026-02-10 17:20:00+00:00,2026-10-05T03:10:39Z,4.145000,4.153000,4.143000,4.149000,4.137000,4.153000,4.137000,4.149000,changed
2026-02-10 18:20:00+00:00,2026-10-05T03:10:39Z,4.149000,4.153000,4.149000,4.151000,4.143000,4.153000,4.143000,4.151000,changed
2026-02-10 19:20:00+00:00,2026-10-05T03:10:39Z,4.151000,4.153000,4.145000,4.147000,4.153000,4.153000,4.145000,4.147000,changed
2026-02-11 14:20:00+00:00,2026-10-05T03:10:39Z,4.202000,4.202000,4.168000,4.170000,4.176000,4.206000,4.168000,4.170000,changed
2026-02-11 15:20:00+00:00,2026-10-05T03:10:39Z,4.182000,4.184000,4.165000,4.170000,4.184000,4.188000,4.165000,4.170000,changed
2026-02-11 16:20:00+00:00,2026-10-05T03:10:39Z,4.174000,4.178000,4.149000,4.149000,4.165000,4.178000,4.149000,4.149000,changed
2026-02-11 17:20:00+00:00,2026-10-05T03:10:39Z,4.151000,4.174000,4.147000,4.172000,4.165000,4.174000,4.147000,4.172000,changed
2026-02-11 18:20:00+00:00,2026-10-05T03:10:39Z,4.155000,4.178000,4.153000,4.172000,4.155000,4.178000,4.151000,4.172000,changed
2026-02-11 19:20:00+00:00,2026-10-05T03:10:39Z,4.176000,4.178000,4.170000,4.172000,4.174000,4.178000,4.166000,4.172000,changed
2026-02-12 14:20:00+00:00,2026-10-05T03:10:39Z,4.158000,4.169000,4.146000,4.146000,4.162000,4.169000,4.146000,4.146000,changed
2026-02-12 15:20:00+00:00,2026-10-05T03:10:39Z,4.164000,4.165000,4.125000,4.127000,4.152000,4.152000,4.125000,4.127000,changed
2026-02-12 16:20:00+00:00,2026-10-05T03:10:39Z,4.146000,4.146000,4.119000,4.123000,4.140000,4.140000,4.119000,4.123000,changed
2026-02-12 17:20:00+00:00,2026-10-05T03:10:39Z,4.121000,4.131000,4.102000,4.102000,4.127000,4.131000,4.102000,4.102000,changed
2026-02-12 18:20:00+00:00,2026-10-05T03:10:39Z,4.129000,4.131000,4.100000,4.100000,4.127000,4.129000,4.100000,4.100000,changed
2026-02-12 19:20:00+00:00,2026-10-05T03:10:39Z,4.102000,4.110000,4.100000,4.104000,4.104000,4.110000,4.100000,4.104000,changed
2026-02-13 14:20:00+00:00,2026-10-05T03:10:39Z,4.100000,4.100000,4.050000,4.064000,4.087000,4.090000,4.050000,4.064000,changed
2026-02-13 15:20:00+00:00,2026-10-05T03:10:39Z,4.067000,4.071000,4.050000,4.062000,4.062000,4.069000,4.056000,4.062000,changed
2026-02-13 16:20:00+00:00,2026-10-05T03:10:39Z,4.067000,4.069000,4.046000,4.054000,4.064000,4.064000,4.046000,4.054000,changed
2026-02-13 17:20:00+00:00,2026-10-05T03:10:39Z,4.056000,4.066000,4.046000,4.064000,4.052000,4.066000,4.052000,4.064000,changed
2026-02-13 18:20:00+00:00,2026-10-05T03:10:39Z,4.056000,4.067000,4.056000,4.064000,4.064000,4.067000,4.060000,4.064000,changed
2026-02-13 19:20:00+00:00,2026-10-05T03:10:39Z,4.064000,4.067000,4.054000,4.056000,4.066000,4.066000,4.054000,4.056000,changed
2026-02-17 14:20:00+00:00,2026-10-05T03:10:39Z,4.041000,4.058000,4.041000,4.052000,4.029000,4.058000,4.025000,4.052000,changed
2026-02-17 15:20:00+00:00,2026-10-05T03:10:39Z,4.045000,4.056000,4.039000,4.056000,4.048000,4.058000,4.039000,4.056000,changed
2026-02-17 16:20:00+00:00,2026-10-05T03:10:39Z,4.045000,4.056000,4.045000,4.052000,4.048000,4.056000,4.039000,4.052000,changed
2026-02-17 17:20:00+00:00,2026-10-05T03:10:39Z,4.056000,4.060000,4.048000,4.056000,4.052000,4.060000,4.048000,4.056000,changed
2026-02-17 18:20:00+00:00,2026-10-05T03:10:39Z,4.056000,4.060000,4.054000,4.058000,4.052000,4.060000,4.048000,4.058000,changed
2026-02-17 19:20:00+00:00,2026-10-05T03:10:39Z,4.058000,4.060000,4.052000,4.052000,4.060000,4.060000,4.052000,4.052000,changed
2026-02-18 14:20:00+00:00,2026-10-05T03:10:39Z,4.075000,4.085000,4.075000,4.079000,4.067000,4.085000,4.064000,4.079000,changed
2026-02-18 15:20:00+00:00,2026-10-05T03:10:39Z,4.083000,4.085000,4.073000,4.077000,4.079000,4.085000,4.073000,4.077000,changed
2026-02-18 16:20:00+00:00,2026-10-05T03:10:39Z,4.077000,4.079000,4.071000,4.073000,4.083000,4.083000,4.071000,4.073000,changed
2026-02-18 18:20:00+00:00,2026-10-05T03:10:39Z,4.075000,4.088000,4.075000,4.079000,4.071000,4.088000,4.071000,4.079000,changed
2026-02-18 19:20:00+00:00,2026-10-05T03:10:39Z,4.085000,4.088000,4.079000,4.079000,4.081000,4.088000,4.079000,4.079000,changed
2026-02-19 14:20:00+00:00,2026-10-05T03:10:39Z,4.106000,4.106000,4.083000,4.088000,4.100000,4.102000,4.083000,4.088000,changed
2026-02-19 15:20:00+00:00,2026-10-05T03:10:39Z,4.092000,4.094000,4.083000,4.085000,4.088000,4.094000,4.083000,4.085000,changed
2026-02-19 16:20:00+00:00,2026-10-05T03:10:39Z,4.086000,4.094000,4.081000,4.083000,4.088000,4.088000,4.081000,4.083000,changed
2026-02-19 17:20:00+00:00,2026-10-05T03:10:39Z,4.085000,4.088000,4.075000,4.075000,4.085000,4.086000,4.075000,4.075000,changed
2026-02-19 18:20:00+00:00,2026-10-05T03:10:39Z,4.085000,4.086000,4.065000,4.069000,4.085000,4.085000,4.065000,4.069000,changed
2026-02-19 19:20:00+00:00,2026-10-05T03:10:39Z,4.073000,4.079000,4.065000,4.075000,4.069000,4.079000,4.065000,4.075000,changed
2026-02-20 14:20:00+00:00,2026-10-05T03:10:39Z,4.063000,4.104000,4.060000,4.096000,4.071000,4.104000,4.069000,4.096000,changed
2026-02-20 15:20:00+00:00,2026-10-05T03:10:39Z,4.071000,4.104000,4.071000,4.086000,4.077000,4.104000,4.075000,4.086000,changed
2026-02-20 16:20:00+00:00,2026-10-05T03:10:39Z,4.092000,4.098000,4.083000,4.088000,4.096000,4.098000,4.083000,4.088000,changed
2026-02-20 17:20:00+00:00,2026-10-05T03:10:39Z,4.085000,4.100000,4.085000,4.096000,4.096000,4.100000,4.086000,4.096000,changed
2026-02-20 18:20:00+00:00,2026-10-05T03:10:39Z,4.086000,4.100000,4.081000,4.085000,4.094000,4.100000,4.081000,4.085000,changed
2026-02-20 19:20:00+00:00,2026-10-05T03:10:39Z,4.092000,4.094000,4.081000,4.086000,4.088000,4.094000,4.085000,4.086000,changed
2026-02-23 14:20:00+00:00,2026-10-05T03:10:39Z,4.067000,4.069000,4.054000,4.056000,4.063000,4.067000,4.054000,4.056000,changed
2026-02-23 15:20:00+00:00,2026-10-05T03:10:39Z,4.065000,4.067000,4.029000,4.033000,4.060000,4.060000,4.029000,4.033000,changed
2026-02-23 16:20:00+00:00,2026-10-05T03:10:39Z,4.054000,4.056000,4.025000,4.027000,4.042000,4.044000,4.025000,4.027000,changed
2026-02-23 17:20:00+00:00,2026-10-05T03:10:39Z,4.033000,4.035000,4.018000,4.027000,4.029000,4.029000,4.018000,4.027000,changed
2026-02-23 18:20:00+00:00,2026-10-05T03:10:39Z,4.027000,4.029000,4.018000,4.025000,4.023000,4.027000,4.021000,4.025000,changed
2026-02-23 19:20:00+00:00,2026-10-05T03:10:39Z,4.027000,4.031000,4.021000,4.029000,4.023000,4.031000,4.023000,4.029000,changed
2026-02-25 14:20:00+00:00,2026-10-05T03:10:39Z,4.050000,4.058000,4.050000,4.050000,4.056000,4.058000,4.050000,4.050000,changed
2026-02-25 15:20:00+00:00,2026-10-05T03:10:39Z,4.056000,4.056000,4.044000,4.046000,4.056000,4.058000,4.044000,4.046000,changed
2026-02-25 16:20:00+00:00,2026-10-05T03:10:39Z,4.046000,4.048000,4.035000,4.037000,4.052000,4.052000,4.035000,4.037000,changed
2026-02-25 17:20:00+00:00,2026-10-05T03:10:39Z,4.042000,4.042000,4.035000,4.039000,4.044000,4.044000,4.035000,4.039000,changed
2026-02-25 18:20:00+00:00,2026-10-05T03:10:39Z,4.037000,4.048000,4.037000,4.048000,4.035000,4.048000,4.035000,4.048000,changed
2026-02-25 19:20:00+00:00,2026-10-05T03:10:39Z,4.046000,4.050000,4.044000,4.048000,4.040000,4.050000,4.040000,4.048000,changed
2026-02-27 14:20:00+00:00,2026-10-05T03:10:39Z,3.987000,3.994000,3.970000,3.981000,3.987000,3.987000,3.970000,3.981000,changed
2026-02-27 15:20:00+00:00,2026-10-05T03:10:39Z,3.977000,3.983000,3.970000,3.975000,3.975000,3.983000,3.974000,3.975000,changed
2026-02-27 16:20:00+00:00,2026-10-05T03:10:39Z,3.979000,3.983000,3.968000,3.975000,3.975000,3.977000,3.968000,3.975000,changed
2026-02-27 17:20:00+00:00,2026-10-05T03:10:39Z,3.974000,3.975000,3.966000,3.966000,3.970000,3.975000,3.966000,3.966000,changed
2026-02-27 18:20:00+00:00,2026-10-05T03:10:39Z,3.970000,3.975000,3.958000,3.958000,3.972000,3.972000,3.958000,3.958000,changed
2026-02-27 19:20:00+00:00,2026-10-05T03:10:39Z,3.968000,3.968000,3.956000,3.962000,3.964000,3.964000,3.956000,3.962000,changed
2026-02-02 18:20:00+00:00,2026-10-05T03:31:19Z,4.271000,4.275000,4.271000,4.275000,4.263000,4.277000,4.261000,4.277000,changed
2026-02-02 19:20:00+00:00,2026-10-05T03:31:19Z,4.275000,4.279000,4.269000,4.275000,4.273000,4.279000,4.269000,4.275000,changed
2026-02-03 14:20:00+00:00,2026-10-05T03:31:19Z,4.292000,4.300000,4.282000,4.284000,4.293000,4.300000,4.282000,4.284000,changed
2026-02-03 15:20:00+00:00,2026-10-05T03:31:19Z,4.292000,4.293000,4.279000,4.287000,4.284000,4.293000,4.279000,4.287000,changed
2026-02-03 16:20:00+00:00,2026-10-05T03:31:19Z,4.285000,4.293000,4.278000,4.285000,4.292000,4.293000,4.278000,4.285000,changed
2026-02-03 18:20:00+00:00,2026-10-05T03:31:19Z,4.290000,4.293000,4.266000,4.271000,4.290000,4.292000,4.266000,4.271000,changed
2026-02-03 19:20:00+00:00,2026-10-05T03:31:19Z,4.284000,4.284000,4.266000,4.274000,4.268000,4.278000,4.266000,4.274000,changed
2026-02-04 14:20:00+00:00,2026-10-05T03:31:19Z,4.271000,4.290000,4.269000,4.271000,4.282000,4.290000,4.269000,4.271000,changed
2026-02-04 15:20:00+00:00,2026-10-05T03:31:19Z,4.284000,4.290000,4.269000,4.271000,4.287000,4.287000,4.269000,4.271000,changed
2026-02-04 17:20:00+00:00,2026-10-05T03:31:19Z,4.278000,4.279000,4.261000,4.271000,4.275000,4.275000,4.261000,4.271000,changed
2026-02-04 18:20:00+00:00,2026-10-05T03:31:19Z,4.263000,4.279000,4.261000,4.279000,4.271000,4.279000,4.268000,4.279000,changed
2026-02-04 19:20:00+00:00,2026-10-05T03:31:19Z,4.275000,4.279000,4.268000,4.275000,4.269000,4.279000,4.269000,4.275000,changed
2026-02-05 14:20:00+00:00,2026-10-05T03:31:19Z,4.232000,4.250000,4.222000,4.222000,4.246000,4.250000,4.222000,4.222000,changed
2026-02-05 15:20:00+00:00,2026-10-05T03:31:19Z,4.234000,4.236000,4.206000,4.210000,4.236000,4.250000,4.206000,4.210000,changed
2026-02-05 16:20:00+00:00,2026-10-05T03:31:19Z,4.216000,4.220000,4.206000,4.210000,4.214000,4.220000,4.206000,4.210000,changed
2026-02-05 17:20:00+00:00,2026-10-05T03:31:19Z,4.216000,4.218000,4.208000,4.212000,4.218000,4.220000,4.208000,4.212000,changed
2026-02-05 18:20:00+00:00,2026-10-05T03:31:19Z,4.212000,4.212000,4.204000,4.210000,4.216000,4.218000,4.204000,4.210000,changed
2026-02-05 19:20:00+00:00,2026-10-05T03:31:19Z,4.204000,4.210000,4.204000,4.210000,4.208000,4.210000,4.204000,4.210000,changed
2026-02-06 14:20:00+00:00,2026-10-05T03:31:19Z,4.198000,4.220000,4.194000,4.216000,4.204000,4.220000,4.194000,4.216000,changed
2026-02-06 15:20:00+00:00,2026-10-05T03:31:19Z,4.214000,4.222000,4.212000,4.218000,4.196000,4.224000,4.194000,4.218000,changed
2026-02-06 16:20:00+00:00,2026-10-05T03:31:19Z,4.216000,4.220000,4.216000,4.218000,4.220000,4.224000,4.212000,4.218000,changed
2026-02-06 17:20:00+00:00,2026-10-05T03:31:19Z,4.218000,4.220000,4.214000,4.216000,4.216000,4.220000,4.212000,4.216000,changed
2026-02-06 18:20:00+00:00,2026-10-05T03:31:19Z,4.214000,4.216000,4.208000,4.210000,4.218000,4.220000,4.208000,4.210000,changed
2026-02-06 19:20:00+00:00,2026-10-05T03:31:19Z,4.210000,4.212000,4.206000,4.206000,4.214000,4.214000,4.206000,4.206000,changed
2026-02-09 14:20:00+00:00,2026-10-05T03:31:19Z,4.220000,4.226000,4.210000,4.220000,4.218000,4.226000,4.210000,4.220000,changed
2026-02-09 15:20:00+00:00,2026-10-05T03:31:19Z,4.218000,4.222000,4.206000,4.208000,4.216000,4.226000,4.206000,4.208000,changed
2026-02-09 16:20:00+00:00,2026-10-05T03:31:19Z,4.212000,4.216000,4.206000,4.206000,4.214000,4.220000,4.206000,4.206000,changed
2026-02-09 17:20:00+00:00,2026-10-05T03:31:19Z,4.210000,4.212000,4.202000,4.206000,4.210000,4.216000,4.202000,4.206000,changed
2026-02-09 18:20:00+00:00,2026-10-05T03:31:19Z,4.206000,4.210000,4.200000,4.202000,4.204000,4.210000,4.200000,4.202000,changed
2026-02-09 19:20:00+00:00,2026-10-05T03:31:19Z,4.204000,4.204000,4.196000,4.198000,4.206000,4.206000,4.196000,4.198000,changed
2026-02-10 14:20:00+00:00,2026-10-05T03:31:19Z,4.164000,4.166000,4.139000,4.145000,4.159000,4.162000,4.139000,4.145000,changed
2026-02-10 15:20:00+00:00,2026-10-05T03:31:19Z,4.154000,4.154000,4.135000,4.139000,4.147000,4.149000,4.135000,4.139000,changed
2026-02-10 16:20:00+00:00,2026-10-05T03:31:19Z,4.145000,4.151000,4.135000,4.145000,4.141000,4.151000,4.135000,4.145000,changed
2026-02-10 17:20:00+00:00,2026-10-05T03:31:19Z,4.137000,4.153000,4.137000,4.149000,4.145000,4.153000,4.143000,4.149000,changed
2026-02-10 18:20:00+00:00,2026-10-05T03:31:19Z,4.143000,4.153000,4.143000,4.151000,4.149000,4.153000,4.149000,4.151000,changed
2026-02-10 19:20:00+00:00,2026-10-05T03:31:19Z,4.153000,4.153000,4.145000,4.147000,4.151000,4.153000,4.145000,4.147000,changed
2026-02-11 14:20:00+00:00,2026-10-05T03:31:19Z,4.176000,4.206000,4.168000,4.170000,4.202000,4.202000,4.168000,4.170000,changed
2026-02-11 15:20:00+00:00,2026-10-05T03:31:19Z,4.184000,4.188000,4.165000,4.170000,4.182000,4.184000,4.165000,4.170000,changed
2026-02-11 16:20:00+00:00,2026-10-05T03:31:19Z,4.165000,4.178000,4.149000,4.149000,4.174000,4.178000,4.149000,4.149000,changed
2026-02-11 17:20:00+00:00,2026-10-05T03:31:19Z,4.165000,4.174000,4.147000,4.172000,4.151000,4.174000,4.147000,4.172000,changed
2026-02-11 18:20:00+00:00,2026-10-05T03:31:19Z,4.155000,4.178000,4.151000,4.172000,4.155000,4.178000,4.153000,4.172000,changed
2026-02-11 19:20:00+00:00,2026-10-05T03:31:19Z,4.174000,4.178000,4.166000,4.172000,4.176000,4.178000,4.170000,4.172000,changed
2026-02-12 14:20:00+00:00,2026-10-05T03:31:19Z,4.162000,4.169000,4.146000,4.146000,4.158000,4.169000,4.146000,4.146000,changed
2026-02-12 15:20:00+00:00,2026-10-05T03:31:19Z,4.152000,4.152000,4.125000,4.127000,4.164000,4.165000,4.125000,4.127000,changed
2026-02-12 16:20:00+00:00,2026-10-05T03:31:19Z,4.140000,4.140000,4.119000,4.123000,4.146000,4.146000,4.119000,4.123000,changed
2026-02-12 17:20:00+00:00,2026-10-05T03:31:19Z,4.127000,4.131000,4.102000,4.102000,4.121000,4.131000,4.102000,4.102000,changed
2026-02-12 18:20:00+00:00,2026-10-05T03:31:19Z,4.127000,4.129000,4.100000,4.100000,4.129000,4.131000,4.100000,4.100000,changed
2026-02-12 19:20:00+00:00,2026-10-05T03:31:19Z,4.104000,4.110000,4.100000,4.104000,4.102000,4.110000,4.100000,4.104000,changed
2026-02-13 14:20:00+00:00,2026-10-05T03:31:19Z,4.087000,4.090000,4.050000,4.064000,4.100000,4.100000,4.050000,4.064000,changed
2026-02-13 15:20:00+00:00,2026-10-05T03:31:19Z,4.062000,4.069000,4.056000,4.062000,4.067000,4.071000,4.050000,4.062000,changed
2026-02-13 16:20:00+00:00,2026-10-05T03:31:19Z,4.064000,4.064000,4.046000,4.054000,4.067000,4.069000,4.046000,4.054000,changed
2026-02-13 17:20:00+00:00,2026-10-05T03:31:19Z,4.052000,4.066000,4.052000,4.064000,4.056000,4.066000,4.046000,4.064000,changed
2026-02-13 18:20:00+00:00,2026-10-05T03:31:19Z,4.064000,4.067000,4.060000,4.064000,4.056000,4.067000,4.056000,4.064000,changed
2026-02-13 19:20:00+00:00,2026-10-05T03:31:19Z,4.066000,4.066000,4.054000,4.056000,4.064000,4.067000,4.054000,4.056000,changed
2026-02-17 14:20:00+00:00,2026-10-05T03:31:19Z,4.029000,4.058000,4.025000,4.052000,4.041000,4.058000,4.041000,4.052000,changed
2026-02-17 15:20:00+00:00,2026-10-05T03:31:19Z,4.048000,4.058000,4.039000,4.056000,4.045000,4.056000,4.039000,4.056000,changed
2026-02-17 16:20:00+00:00,2026-10-05T03:31:19Z,4.048000,4.056000,4.039000,4.052000,4.045000,4.056000,4.045000,4.052000,changed
2026-02-17 17:20:00+00:00,2026-10-05T03:31:19Z,4.052000,4.060000,4.048000,4.056000,4.056000,4.060000,4.048000,4.056000,changed
2026-02-17 18:20:00+00:00,2026-10-05T03:31:19Z,4.052000,4.060000,4.048000,4.058000,4.056000,4.060000,4.054000,4.058000,changed
2026-02-17 19:20:00+00:00,2026-10-05T03:31:19Z,4.060000,4.060000,4.052000,4.052000,4.058000,4.060000,4.052000,4.052000,changed
2026-02-18 14:20:00+00:00,2026-10-05T03:31:19Z,4.067000,4.085000,4.064000,4.079000,4.075000,4.085000,4.075000,4.079000,changed
2026-02-18 15:20:00+00:00,2026-10-05T03:31:19Z,4.079000,4.085000,4.073000,4.077000,4.083000,4.085000,4.073000,4.077000,changed
2026-02-18 16:20:00+00:00,2026-10-05T03:31:19Z,4.083000,4.083000,4.071000,4.073000,4.077000,4.079000,4.071000,4.073000,changed
2026-02-18 18:20:00+00:00,2026-10-05T03:31:19Z,4.071000,4.088000,4.071000,4.079000,4.075000,4.088000,4.075000,4.079000,changed
2026-02-18 19:20:00+00:00,2026-10-05T03:31:19Z,4.081000,4.088000,4.079000,4.079000,4.085000,4.088000,4.079000,4.079000,changed
2026-02-19 14:20:00+00:00,2026-10-05T03:31:19Z,4.100000,4.102000,4.083000,4.088000,4.106000,4.106000,4.083000,4.088000,changed
2026-02-19 15:20:00+00:00,2026-10-05T03:31:19Z,4.088000,4.094000,4.083000,4.085000,4.092000,4.094000,4.083000,4.085000,changed
2026-02-19 16:20:00+00:00,2026-10-05T03:31:19Z,4.088000,4.088000,4.081000,4.083000,4.086000,4.094000,4.081000,4.083000,changed
2026-02-19 17:20:00+00:00,2026-10-05T03:31:19Z,4.085000,4.086000,4.075000,4.075000,4.085000,4.088000,4.075000,4.075000,changed
2026-02-19 18:20:00+00:00,2026-10-05T03:31:19Z,4.085000,4.085000,4.065000,4.069000,4.085000,4.086000,4.065000,4.069000,changed
2026-02-19 19:20:00+00:00,2026-10-05T03:31:19Z,4.069000,4.079000,4.065000,4.075000,4.073000,4.079000,4.065000,4.075000,changed
2026-02-20 14:20:00+00:00,2026-10-05T03:31:19Z,4.071000,4.104000,4.069000,4.096000,4.063000,4.104000,4.060000,4.096000,changed
2026-02-20 15:20:00+00:00,2026-10-05T03:31:19Z,4.077000,4.104000,4.075000,4.086000,4.071000,4.104000,4.071000,4.086000,changed
2026-02-20 16:20:00+00:00,2026-10-05T03:31:19Z,4.096000,4.098000,4.083000,4.088000,4.092000,4.098000,4.083000,4.088000,changed
2026-02-20 17:20:00+00:00,2026-10-05T03:31:19Z,4.096000,4.100000,4.086000,4.096000,4.085000,4.100000,4.085000,4.096000,changed
2026-02-20 18:20:00+00:00,2026-10-05T03:31:19Z,4.094000,4.100000,4.081000,4.085000,4.086000,4.100000,4.081000,4.085000,changed
2026-02-20 19:20:00+00:00,2026-10-05T03:31:19Z,4.088000,4.094000,4.085000,4.086000,4.092000,4.094000,4.081000,4.086000,changed
2026-02-23 14:20:00+00:00,2026-10-05T03:31:19Z,4.063000,4.067000,4.054000,4.056000,4.067000,4.069000,4.054000,4.056000,changed
2026-02-23 15:20:00+00:00,2026-10-05T03:31:19Z,4.060000,4.060000,4.029000,4.033000,4.065000,4.067000,4.029000,4.033000,changed
2026-02-23 16:20:00+00:00,2026-10-05T03:31:19Z,4.042000,4.044000,4.025000,4.027000,4.054000,4.056000,4.025000,4.027000,changed
2026-02-23 17:20:00+00:00,2026-10-05T03:31:19Z,4.029000,4.029000,4.018000,4.027000,4.033000,4.035000,4.018000,4.027000,changed
2026-02-23 18:20:00+00:00,2026-10-05T03:31:19Z,4.023000,4.027000,4.021000,4.025000,4.027000,4.029000,4.018000,4.025000,changed
2026-02-23 19:20:00+00:00,2026-10-05T03:31:19Z,4.023000,4.031000,4.023000,4.029000,4.027000,4.031000,4.021000,4.029000,changed
2026-02-25 14:20:00+00:00,2026-10-05T03:31:19Z,4.056000,4.058000,4.050000,4.050000,4.050000,4.058000,4.050000,4.050000,changed
2026-02-25 15:20:00+00:00,2026-10-05T03:31:19Z,4.056000,4.058000,4.044000,4.046000,4.056000,4.056000,4.044000,4.046000,changed
2026-02-25 16:20:00+00:00,2026-10-05T03:31:19Z,4.052000,4.052000,4.035000,4.037000,4.046000,4.048000,4.035000,4.037000,changed
2026-02-25 17:20:00+00:00,2026-10-05T03:31:19Z,4.044000,4.044000,4.035000,4.039000,4.042000,4.042000,4.035000,4.039000,changed
2026-02-25 18:20:00+00:00,2026-10-05T03:31:19Z,4.035000,4.048000,4.035000,4.048000,4.037000,4.048000,4.037000,4.048000,changed
2026-02-25 19:20:00+00:00,2026-10-05T03:31:19Z,4.040000,4.050000,4.040000,4.048000,4.046000,4.050000,4.044000,4.048000,changed
2026-02-27 14:20:00+00:00,2026-10-05T03:31:19Z,3.987000,3.987000,3.970000,3.981000,3.987000,3.994000,3.970000,3.981000,changed
2026-02-27 15:20:00+00:00,2026-10-05T03:31:19Z,3.975000,3.983000,3.974000,3.975000,3.977000,3.983000,3.970000,3.975000,changed
2026-02-27 16:20:00+00:00,2026-10-05T03:31:19Z,3.975000,3.977000,3.968000,3.975000,3.979000,3.983000,3.968000,3.975000,changed
2026-02-27 17:20:00+00:00,2026-10-05T03:31:19Z,3.970000,3.975000,3.966000,3.966000,3.974000,3.975000,3.966000,3.966000,changed
2026-02-27 18:20:00+00:00,2026-10-05T03:31:19Z,3.972000,3.972000,3.958000,3.958000,3.970000,3.975000,3.958000,3.958000,changed
2026-02-27 19:20:00+00:00,2026-10-05T03:31:19Z,3.964000,3.964000,3.956000,3.962000,3.968000,3.968000,3.956000,3.962000,changed
2026-02-02 18:20:00+00:00,2026-10-05T03:49:21Z,4.263000,4.277000,4.261000,4.277000,4.271000,4.275000,4.271000,4.275000,changed
2026-02-02 19:20:00+00:00,2026-10-05T03:49:21Z,4.273000,4.279000,4.269000,4.275000,4.275000,4.279000,4.269000,4.275000,changed
2026-02-03 14:20:00+00:00,2026-10-05T03:49:21Z,4.293000,4.300000,4.282000,4.284000,4.292000,4.300000,4.282000,4.284000,changed
2026-02-03 15:20:00+00:00,2026-10-05T03:49:21Z,4.284000,4.293000,4.279000,4.287000,4.292000,4.293000,4.279000,4.287000,changed
2026-02-03 16:20:00+00:00,2026-10-05T03:49:21Z,4.292000,4.293000,4.278000,4.285000,4.285000,4.293000,4.278000,4.285000,changed
2026-02-03 18:20:00+00:00,2026-10-05T03:49:21Z,4.290000,4.292000,4.266000,4.271000,4.290000,4.293000,4.266000,4.271000,changed
2026-02-03 19:20:00+00:00,2026-10-05T03:49:21Z,4.268000,4.278000,4.266000,4.274000,4.284000,4.284000,4.266000,4.274000,changed
2026-02-04 14:20:00+00:00,2026-10-05T03:49:21Z,4.282000,4.290000,4.269000,4.271000,4.271000,4.290000,4.269000,4.271000,changed
2026-02-04 15:20:00+00:00,2026-10-05T03:49:21Z,4.287000,4.287000,4.269000,4.271000,4.284000,4.290000,4.269000,4.271000,changed
2026-02-04 17:20:00+00:00,2026-10-05T03:49:21Z,4.275000,4.275000,4.261000,4.271000,4.278000,4.279000,4.261000,4.271000,changed
2026-02-04 18:20:00+00:00,2026-10-05T03:49:21Z,4.271000,4.279000,4.268000,4.279000,4.263000,4.279000,4.261000,4.279000,changed
2026-02-04 19:20:00+00:00,2026-10-05T03:49:21Z,4.269000,4.279000,4.269000,4.275000,4.275000,4.279000,4.268000,4.275000,changed
2026-02-05 14:20:00+00:00,2026-10-05T03:49:21Z,4.246000,4.250000,4.222000,4.222000,4.232000,4.250000,4.222000,4.222000,changed
2026-02-05 15:20:00+00:00,2026-10-05T03:49:21Z,4.236000,4.250000,4.206000,4.210000,4.234000,4.236000,4.206000,4.210000,changed
2026-02-05 16:20:00+00:00,2026-10-05T03:49:21Z,4.214000,4.220000,4.206000,4.210000,4.216000,4.220000,4.206000,4.210000,changed
2026-02-05 17:20:00+00:00,2026-10-05T03:49:21Z,4.218000,4.220000,4.208000,4.212000,4.216000,4.218000,4.208000,4.212000,changed
2026-02-05 18:20:00+00:00,2026-10-05T03:49:21Z,4.216000,4.218000,4.204000,4.210000,4.212000,4.212000,4.204000,4.210000,changed
2026-02-05 19:20:00+00:00,2026-10-05T03:49:21Z,4.208000,4.210000,4.204000,4.210000,4.204000,4.210000,4.204000,4.210000,changed
2026-02-06 14:20:00+00:00,2026-10-05T03:49:21Z,4.204000,4.220000,4.194000,4.216000,4.198000,4.220000,4.194000,4.216000,changed
2026-02-06 15:20:00+00:00,2026-10-05T03:49:21Z,4.196000,4.224000,4.194000,4.218000,4.214000,4.222000,4.212000,4.218000,changed
2026-02-06 16:20:00+00:00,2026-10-05T03:49:21Z,4.220000,4.224000,4.212000,4.218000,4.216000,4.220000,4.216000,4.218000,changed
2026-02-06 17:20:00+00:00,2026-10-05T03:49:21Z,4.216000,4.220000,4.212000,4.216000,4.218000,4.220000,4.214000,4.216000,changed
2026-02-06 18:20:00+00:00,2026-10-05T03:49:21Z,4.218000,4.220000,4.208000,4.210000,4.214000,4.216000,4.208000,4.210000,changed
2026-02-06 19:20:00+00:00,2026-10-05T03:49:21Z,4.214000,4.214000,4.206000,4.206000,4.210000,4.212000,4.206000,4.206000,changed
2026-02-09 14:20:00+00:00,2026-10-05T03:49:21Z,4.218000,4.226000,4.210000,4.220000,4.220000,4.226000,4.210000,4.220000,changed
2026-02-09 15:20:00+00:00,2026-10-05T03:49:21Z,4.216000,4.226000,4.206000,4.208000,4.218000,4.222000,4.206000,4.208000,changed
2026-02-09 16:20:00+00:00,2026-10-05T03:49:21Z,4.214000,4.220000,4.206000,4.206000,4.212000,4.216000,4.206000,4.206000,changed
2026-02-09 17:20:00+00:00,2026-10-05T03:49:21Z,4.210000,4.216000,4.202000,4.206000,4.210000,4.212000,4.202000,4.206000,changed
2026-02-09 18:20:00+00:00,2026-10-05T03:49:21Z,4.204000,4.210000,4.200000,4.202000,4.206000,4.210000,4.200000,4.202000,changed
2026-02-09 19:20:00+00:00,2026-10-05T03:49:21Z,4.206000,4.206000,4.196000,4.198000,4.204000,4.204000,4.196000,4.198000,changed
2026-02-10 14:20:00+00:00,2026-10-05T03:49:21Z,4.159000,4.162000,4.139000,4.145000,4.164000,4.166000,4.139000,4.145000,changed
2026-02-10 15:20:00+00:00,2026-10-05T03:49:21Z,4.147000,4.149000,4.135000,4.139000,4.154000,4.154000,4.135000,4.139000,changed
2026-02-10 16:20:00+00:00,2026-10-05T03:49:21Z,4.141000,4.151000,4.135000,4.145000,4.145000,4.151000,4.135000,4.145000,changed
2026-02-10 17:20:00+00:00,2026-10-05T03:49:21Z,4.145000,4.153000,4.143000,4.149000,4.137000,4.153000,4.137000,4.149000,changed
2026-02-10 18:20:00+00:00,2026-10-05T03:49:21Z,4.149000,4.153000,4.149000,4.151000,4.143000,4.153000,4.143000,4.151000,changed
2026-02-10 19:20:00+00:00,2026-10-05T03:49:21Z,4.151000,4.153000,4.145000,4.147000,4.153000,4.153000,4.145000,4.147000,changed
2026-02-11 14:20:00+00:00,2026-10-05T03:49:21Z,4.202000,4.202000,4.168000,4.170000,4.176000,4.206000,4.168000,4.170000,changed
2026-02-11 15:20:00+00:00,2026-10-05T03:49:21Z,4.182000,4.184000,4.165000,4.170000,4.184000,4.188000,4.165000,4.170000,changed
2026-02-11 16:20:00+00:00,2026-10-05T03:49:21Z,4.174000,4.178000,4.149000,4.149000,4.165000,4.178000,4.149000,4.149000,changed
2026-02-11 17:20:00+00:00,2026-10-05T03:49:21Z,4.151000,4.174000,4.147000,4.172000,4.165000,4.174000,4.147000,4.172000,changed
2026-02-11 18:20:00+00:00,2026-10-05T03:49:21Z,4.155000,4.178000,4.153000,4.172000,4.155000,4.178000,4.151000,4.172000,changed
2026-02-11 19:20:00+00:00,2026-10-05T03:49:21Z,4.176000,4.178000,4.170000,4.172000,4.174000,4.178000,4.166000,4.172000,changed
2026-02-12 14:20:00+00:00,2026-10-05T03:49:21Z,4.158000,4.169000,4.146000,4.146000,4.162000,4.169000,4.146000,4.146000,changed
2026-02-12 15:20:00+00:00,2026-10-05T03:49:21Z,4.164000,4.165000,4.125000,4.127000,4.152000,4.152000,4.125000,4.127000,changed
2026-02-12 16:20:00+00:00,2026-10-05T03:49:21Z,4.146000,4.146000,4.119000,4.123000,4.140000,4.140000,4.119000,4.123000,changed
2026-02-12 17:20:00+00:00,2026-10-05T03:49:21Z,4.121000,4.131000,4.102000,4.102000,4.127000,4.131000,4.102000,4.102000,changed
2026-02-12 18:20:00+00:00,2026-10-05T03:49:21Z,4.129000,4.131000,4.100000,4.100000,4.127000,4.129000,4.100000,4.100000,changed
2026-02-12 19:20:00+00:00,2026-10-05T03:49:21Z,4.102000,4.110000,4.100000,4.104000,4.104000,4.110000,4.100000,4.104000,changed
2026-02-13 14:20:00+00:00,2026-10-05T03:49:21Z,4.100000,4.100000,4.050000,4.064000,4.087000,4.090000,4.050000,4.064000,changed
2026-02-13 15:20:00+00:00,2026-10-05T03:49:21Z,4.067000,4.071000,4.050000,4.062000,4.062000,4.069000,4.056000,4.062000,changed
2026-02-13 16:20:00+00:00,2026-10-05T03:49:21Z,4.067000,4.069000,4.046000,4.054000,4.064000,4.064000,4.046000,4.054000,changed
2026-02-13 17:20:00+00:00,2026-10-05T03:49:21Z,4.056000,4.066000,4.046000,4.064000,4.052000,4.066000,4.052000,4.064000,changed
2026-02-13 18:20:00+00:00,2026-10-05T03:49:21Z,4.056000,4.067000,4.056000,4.064000,4.064000,4.067000,4.060000,4.064000,changed
2026-02-13 19:20:00+00:00,2026-10-05T03:49:21Z,4.064000,4.067000,4.054000,4.056000,4.066000,4.066000,4.054000,4.056000,changed
2026-02-17 14:20:00+00:00,2026-10-05T03:49:21Z,4.041000,4.058000,4.041000,4.052000,4.029000,4.058000,4.025000,4.052000,changed
2026-02-17 15:20:00+00:00,2026-10-05T03:49:21Z,4.045000,4.056000,4.039000,4.056000,4.048000,4.058000,4.039000,4.056000,changed
2026-02-17 16:20:00+00:00,2026-10-05T03:49:21Z,4.045000,4.056000,4.045000,4.052000,4.048000,4.056000,4.039000,4.052000,changed
2026-02-17 17:20:00+00:00,2026-10-05T03:49:21Z,4.056000,4.060000,4.048000,4.056000,4.052000,4.060000,4.048000,4.056000,changed
2026-02-17 18:20:00+00:00,2026-10-05T03:49:21Z,4.056000,4.060000,4.054000,4.058000,4.052000,4.060000,4.048000,4.058000,changed
2026-02-17 19:20:00+00:00,2026-10-05T03:49:21Z,4.058000,4.060000,4.052000,4.052000,4.060000,4.060000,4.052000,4.052000,changed
2026-02-18 14:20:00+00:00,2026-10-05T03:49:21Z,4.075000,4.085000,4.075000,4.079000,4.067000,4.085000,4.064000,4.079000,changed
2026-02-18 15:20:00+00:00,2026-10-05T03:49:21Z,4.083000,4.085000,4.073000,4.077000,4.079000,4.085000,4.073000,4.077000,changed
2026-02-18 16:20:00+00:00,2026-10-05T03:49:21Z,4.077000,4.079000,4.071000,4.073000,4.083000,4.083000,4.071000,4.073000,changed
2026-02-18 18:20:00+00:00,2026-10-05T03:49:21Z,4.075000,4.088000,4.075000,4.079000,4.071000,4.088000,4.071000,4.079000,changed
2026-02-18 19:20:00+00:00,2026-10-05T03:49:21Z,4.085000,4.088000,4.079000,4.079000,4.081000,4.088000,4.079000,4.079000,changed
2026-02-19 14:20:00+00:00,2026-10-05T03:49:21Z,4.106000,4.106000,4.083000,4.088000,4.100000,4.102000,4.083000,4.088000,changed
2026-02-19 15:20:00+00:00,2026-10-05T03:49:21Z,4.092000,4.094000,4.083000,4.085000,4.088000,4.094000,4.083000,4.085000,changed
2026-02-19 16:20:00+00:00,2026-10-05T03:49:21Z,4.086000,4.094000,4.081000,4.083000,4.088000,4.088000,4.081000,4.083000,changed
2026-02-19 17:20:00+00:00,2026-10-05T03:49:21Z,4.085000,4.088000,4.075000,4.075000,4.085000,4.086000,4.075000,4.075000,changed
2026-02-19 18:20:00+00:00,2026-10-05T03:49:21Z,4.085000,4.086000,4.065000,4.069000,4.085000,4.085000,4.065000,4.069000,changed
2026-02-19 19:20:00+00:00,2026-10-05T03:49:21Z,4.073000,4.079000,4.065000,4.075000,4.069000,4.079000,4.065000,4.075000,changed
2026-02-20 14:20:00+00:00,2026-10-05T03:49:21Z,4.063000,4.104000,4.060000,4.096000,4.071000,4.104000,4.069000,4.096000,changed
2026-02-20 15:20:00+00:00,2026-10-05T03:49:21Z,4.071000,4.104000,4.071000,4.086000,4.077000,4.104000,4.075000,4.086000,changed
2026-02-20 16:20:00+00:00,2026-10-05T03:49:21Z,4.092000,4.098000,4.083000,4.088000,4.096000,4.098000,4.083000,4.088000,changed
2026-02-20 17:20:00+00:00,2026-10-05T03:49:21Z,4.085000,4.100000,4.085000,4.096000,4.096000,4.100000,4.086000,4.096000,changed
2026-02-20 18:20:00+00:00,2026-10-05T03:49:21Z,4.086000,4.100000,4.081000,4.085000,4.094000,4.100000,4.081000,4.085000,changed
2026-02-20 19:20:00+00:00,2026-10-05T03:49:21Z,4.092000,4.094000,4.081000,4.086000,4.088000,4.094000,4.085000,4.086000,changed
2026-02-23 14:20:00+00:00,2026-10-05T03:49:21Z,4.067000,4.069000,4.054000,4.056000,4.063000,4.067000,4.054000,4.056000,changed
2026-02-23 15:20:00+00:00,2026-10-05T03:49:21Z,4.065000,4.067000,4.029000,4.033000,4.060000,4.060000,4.029000,4.033000,changed
2026-02-23 16:20:00+00:00,2026-10-05T03:49:21Z,4.054000,4.056000,4.025000,4.027000,4.042000,4.044000,4.025000,4.027000,changed
2026-02-23 17:20:00+00:00,2026-10-05T03:49:21Z,4.033000,4.035000,4.018000,4.027000,4.029000,4.029000,4.018000,4.027000,changed
2026-02-23 18:20:00+00:00,2026-10-05T03:49:21Z,4.027000,4.029000,4.018000,4.025000,4.023000,4.027000,4.021000,4.025000,changed
2026-02-23 19:20:00+00:00,2026-10-05T03:49:21Z,4.027000,4.031000,4.021000,4.029000,4.023000,4.031000,4.023000,4.029000,changed
2026-02-25 14:20:00+00:00,2026-10-05T03:49:21Z,4.050000,4.058000,4.050000,4.050000,4.056000,4.058000,4.050000,4.050000,changed
2026-02-25 15:20:00+00:00,2026-10-05T03:49:21Z,4.056000,4.056000,4.044000,4.046000,4.056000,4.058000,4.044000,4.046000,changed
2026-02-25 16:20:00+00:00,2026-10-05T03:49:21Z,4.046000,4.048000,4.035000,4.037000,4.052000,4.052000,4.035000,4.037000,changed
2026-02-25 17:20:00+00:00,2026-10-05T03:49:21Z,4.042000,4.042000,4.035000,4.039000,4.044000,4.044000,4.035000,4.039000,changed
2026-02-25 18:20:00+00:00,2026-10-05T03:49:21Z,4.037000,4.048000,4.037000,4.048000,4.035000,4.048000,4.035000,4.048000,changed
2026-02-25 19:20:00+00:00,2026-10-05T03:49:21Z,4.046000,4.050000,4.044000,4.048000,4.040000,4.050000,4.040000,4.048000,changed
2026-02-27 14:20:00+00:00,2026-10-05T03:49:21Z,3.987000,3.994000,3.970000,3.981000,3.987000,3.987000,3.970000,3.981000,changed
2026-02-27 15:20:00+00:00,2026-10-05T03:49:21Z,3.977000,3.983000,3.970000,3.975000,3.975000,3.983000,3.974000,3.975000,changed
2026-02-27 16:20:00+00:00,2026-10-05T03:49:21Z,3.979000,3.983000,3.968000,3.975000,3.975000,3.977000,3.968000,3.975000,changed
2026-02-27 17:20:00+00:00,2026-10-05T03:49:21Z,3.974000,3.975000,3.966000,3.966000,3.970000,3.975000,3.966000,3.966000,changed
2026-02-27 18:20:00+00:00,2026-10-05T03:49:21Z,3.970000,3.975000,3.958000,3.958000,3.972000,3.972000,3.958000,3.958000,changed
2026-02-27 19:20:00+00:00,2026-10-05T03:49:21Z,3.968000,3.968000,3.956000,3.962000,3.964000,3.964000,3.956000,3.962000,changed
2026-02-02 18:20:00+00:00,2026-10-05T04:32:12Z,4.271000,4.275000,4.271000,4.275000,4.263000,4.277000,4.261000,4.277000,changed
2026-02-02 19:20:00+00:00,2026-10-05T04:32:12Z,4.275000,4.279000,4.269000,4.275000,4.273000,4.279000,4.269000,4.275000,changed
2026-02-03 14:20:00+00:00,2026-10-05T04:32:12Z,4.292000,4.300000,4.282000,4.284000,4.293000,4.300000,4.282000,4.284000,changed
2026-02-03 15:20:00+00:00,2026-10-05T04:32:12Z,4.292000,4.293000,4.279000,4.287000,4.284000,4.293000,4.279000,4.287000,changed
2026-02-03 16:20:00+00:00,2026-10-05T04:32:12Z,4.285000,4.293000,4.278000,4.285000,4.292000,4.293000,4.278000,4.285000,changed
2026-02-03 18:20:00+00:00,2026-10-05T04:32:12Z,4.290000,4.293000,4.266000,4.271000,4.290000,4.292000,4.266000,4.271000,changed
2026-02-03 19:20:00+00:00,2026-10-05T04:32:12Z,4.284000,4.284000,4.266000,4.274000,4.268000,4.278000,4.266000,4.274000,changed
2026-02-04 14:20:00+00:00,2026-10-05T04:32:12Z,4.271000,4.290000,4.269000,4.271000,4.282000,4.290000,4.269000,4.271000,changed
2026-02-04 15:20:00+00:00,2026-10-05T04:32:12Z,4.284000,4.290000,4.269000,4.271000,4.287000,4.287000,4.269000,4.271000,changed
2026-02-04 17:20:00+00:00,2026-10-05T04:32:12Z,4.278000,4.279000,4.261000,4.271000,4.275000,4.275000,4.261000,4.271000,changed
2026-02-04 18:20:00+00:00,2026-10-05T04:32:12Z,4.263000,4.279000,4.261000,4.279000,4.271000,4.279000,4.268000,4.279000,changed
2026-02-04 19:20:00+00:00,2026-10-05T04:32:12Z,4.275000,4.279000,4.268000,4.275000,4.269000,4.279000,4.269000,4.275000,changed
2026-02-05 14:20:00+00:00,2026-10-05T04:32:12Z,4.232000,4.250000,4.222000,4.222000,4.246000,4.250000,4.222000,4.222000,changed
2026-02-05 15:20:00+00:00,2026-10-05T04:32:12Z,4.234000,4.236000,4.206000,4.210000,4.236000,4.250000,4.206000,4.210000,changed
2026-02-05 16:20:00+00:00,2026-10-05T04:32:12Z,4.216000,4.220000,4.206000,4.210000,4.214000,4.220000,4.206000,4.210000,changed
2026-02-05 17:20:00+00:00,2026-10-05T04:32:12Z,4.216000,4.218000,4.208000,4.212000,4.218000,4.220000,4.208000,4.212000,changed
2026-02-05 18:20:00+00:00,2026-10-05T04:32:12Z,4.212000,4.212000,4.204000,4.210000,4.216000,4.218000,4.204000,4.210000,changed
2026-02-05 19:20:00+00:00,2026-10-05T04:32:12Z,4.204000,4.210000,4.204000,4.210000,4.208000,4.210000,4.204000,4.210000,changed
2026-02-06 14:20:00+00:00,2026-10-05T04:32:12Z,4.198000,4.220000,4.194000,4.216000,4.204000,4.220000,4.194000,4.216000,changed
2026-02-06 15:20:00+00:00,2026-10-05T04:32:12Z,4.214000,4.222000,4.212000,4.218000,4.196000,4.224000,4.194000,4.218000,changed
2026-02-06 16:20:00+00:00,2026-10-05T04:32:12Z,4.216000,4.220000,4.216000,4.218000,4.220000,4.224000,4.212000,4.218000,changed
2026-02-06 17:20:00+00:00,2026-10-05T04:32:12Z,4.218000,4.220000,4.214000,4.216000,4.216000,4.220000,4.212000,4.216000,changed
2026-02-06 18:20:00+00:00,2026-10-05T04:32:12Z,4.214000,4.216000,4.208000,4.210000,4.218000,4.220000,4.208000,4.210000,changed
2026-02-06 19:20:00+00:00,2026-10-05T04:32:12Z,4.210000,4.212000,4.206000,4.206000,4.214000,4.214000,4.206000,4.206000,changed
2026-02-09 14:20:00+00:00,2026-10-05T04:32:12Z,4.220000,4.226000,4.210000,4.220000,4.218000,4.226000,4.210000,4.220000,changed
2026-02-09 15:20:00+00:00,2026-10-05T04:32:12Z,4.218000,4.222000,4.206000,4.208000,4.216000,4.226000,4.206000,4.208000,changed
2026-02-09 16:20:00+00:00,2026-10-05T04:32:12Z,4.212000,4.216000,4.206000,4.206000,4.214000,4.220000,4.206000,4.206000,changed
2026-02-09 17:20:00+00:00,2026-10-05T04:32:12Z,4.210000,4.212000,4.202000,4.206000,4.210000,4.216000,4.202000,4.206000,changed
2026-02-09 18:20:00+00:00,2026-10-05T04:32:12Z,4.206000,4.210000,4.200000,4.202000,4.204000,4.210000,4.200000,4.202000,changed
2026-02-09 19:20:00+00:00,2026-10-05T04:32:12Z,4.204000,4.204000,4.196000,4.198000,4.206000,4.206000,4.196000,4.198000,changed
2026-02-10 14:20:00+00:00,2026-10-05T04:32:12Z,4.164000,4.166000,4.139000,4.145000,4.159000,4.162000,4.139000,4.145000,changed
2026-02-10 15:20:00+00:00,2026-10-05T04:32:12Z,4.154000,4.154000,4.135000,4.139000,4.147000,4.149000,4.135000,4.139000,changed
2026-02-10 16:20:00+00:00,2026-10-05T04:32:12Z,4.145000,4.151000,4.135000,4.145000,4.141000,4.151000,4.135000,4.145000,changed
2026-02-10 17:20:00+00:00,2026-10-05T04:32:12Z,4.137000,4.153000,4.137000,4.149000,4.145000,4.153000,4.143000,4.149000,changed
2026-02-10 18:20:00+00:00,2026-10-05T04:32:12Z,4.143000,4.153000,4.143000,4.151000,4.149000,4.153000,4.149000,4.151000,changed
2026-02-10 19:20:00+00:00,2026-10-05T04:32:12Z,4.153000,4.153000,4.145000,4.147000,4.151000,4.153000,4.145000,4.147000,changed
2026-02-11 14:20:00+00:00,2026-10-05T04:32:12Z,4.176000,4.206000,4.168000,4.170000,4.202000,4.202000,4.168000,4.170000,changed
2026-02-11 15:20:00+00:00,2026-10-05T04:32:12Z,4.184000,4.188000,4.165000,4.170000,4.182000,4.184000,4.165000,4.170000,changed
2026-02-11 16:20:00+00:00,2026-10-05T04:32:12Z,4.165000,4.178000,4.149000,4.149000,4.174000,4.178000,4.149000,4.149000,changed
2026-02-11 17:20:00+00:00,2026-10-05T04:32:12Z,4.165000,4.174000,4.147000,4.172000,4.151000,4.174000,4.147000,4.172000,changed
2026-02-11 18:20:00+00:00,2026-10-05T04:32:12Z,4.155000,4.178000,4.151000,4.172000,4.155000,4.178000,4.153000,4.172000,changed
2026-02-11 19:20:00+00:00,2026-10-05T04:32:12Z,4.174000,4.178000,4.166000,4.172000,4.176000,4.178000,4.170000,4.172000,changed
2026-02-12 14:20:00+00:00,2026-10-05T04:32:12Z,4.162000,4.169000,4.146000,4.146000,4.158000,4.169000,4.146000,4.146000,changed
2026-02-12 15:20:00+00:00,2026-10-05T04:32:12Z,4.152000,4.152000,4.125000,4.127000,4.164000,4.165000,4.125000,4.127000,changed
2026-02-12 16:20:00+00:00,2026-10-05T04:32:12Z,4.140000,4.140000,4.119000,4.123000,4.146000,4.146000,4.119000,4.123000,changed
2026-02-12 17:20:00+00:00,2026-10-05T04:32:12Z,4.127000,4.131000,4.102000,4.102000,4.121000,4.131000,4.102000,4.102000,changed
2026-02-12 18:20:00+00:00,2026-10-05T04:32:12Z,4.127000,4.129000,4.100000,4.100000,4.129000,4.131000,4.100000,4.100000,changed
2026-02-12 19:20:00+00:00,2026-10-05T04:32:12Z,4.104000,4.110000,4.100000,4.104000,4.102000,4.110000,4.100000,4.104000,changed
2026-02-13 14:20:00+00:00,2026-10-05T04:32:12Z,4.087000,4.090000,4.050000,4.064000,4.100000,4.100000,4.050000,4.064000,changed
2026-02-13 15:20:00+00:00,2026-10-05T04:32:12Z,4.062000,4.069000,4.056000,4.062000,4.067000,4.071000,4.050000,4.062000,changed
2026-02-13 16:20:00+00:00,2026-10-05T04:32:12Z,4.064000,4.064000,4.046000,4.054000,4.067000,4.069000,4.046000,4.054000,changed
2026-02-13 17:20:00+00:00,2026-10-05T04:32:12Z,4.052000,4.066000,4.052000,4.064000,4.056000,4.066000,4.046000,4.064000,changed
2026-02-13 18:20:00+00:00,2026-10-05T04:32:12Z,4.064000,4.067000,4.060000,4.064000,4.056000,4.067000,4.056000,4.064000,changed
2026-02-13 19:20:00+00:00,2026-10-05T04:32:12Z,4.066000,4.066000,4.054000,4.056000,4.064000,4.067000,4.054000,4.056000,changed
2026-02-17 14:20:00+00:00,2026-10-05T04:32:12Z,4.029000,4.058000,4.025000,4.052000,4.041000,4.058000,4.041000,4.052000,changed
2026-02-17 15:20:00+00:00,2026-10-05T04:32:12Z,4.048000,4.058000,4.039000,4.056000,4.045000,4.056000,4.039000,4.056000,changed
2026-02-17 16:20:00+00:00,2026-10-05T04:32:12Z,4.048000,4.056000,4.039000,4.052000,4.045000,4.056000,4.045000,4.052000,changed
2026-02-17 17:20:00+00:00,2026-10-05T04:32:12Z,4.052000,4.060000,4.048000,4.056000,4.056000,4.060000,4.048000,4.056000,changed
2026-02-17 18:20:00+00:00,2026-10-05T04:32:12Z,4.052000,4.060000,4.048000,4.058000,4.056000,4.060000,4.054000,4.058000,changed
2026-02-17 19:20:00+00:00,2026-10-05T04:32:12Z,4.060000,4.060000,4.052000,4.052000,4.058000,4.060000,4.052000,4.052000,changed
2026-02-18 14:20:00+00:00,2026-10-05T04:32:12Z,4.067000,4.085000,4.064000,4.079000,4.075000,4.085000,4.075000,4.079000,changed
2026-02-18 15:20:00+00:00,2026-10-05T04:32:12Z,4.079000,4.085000,4.073000,4.077000,4.083000,4.085000,4.073000,4.077000,changed
2026-02-18 16:20:00+00:00,2026-10-05T04:32:12Z,4.083000,4.083000,4.071000,4.073000,4.077000,4.079000,4.071000,4.073000,changed
2026-02-18 18:20:00+00:00,2026-10-05T04:32:12Z,4.071000,4.088000,4.071000,4.079000,4.075000,4.088000,4.075000,4.079000,changed
2026-02-18 19:20:00+00:00,2026-10-05T04:32:12Z,4.081000,4.088000,4.079000,4.079000,4.085000,4.088000,4.079000,4.079000,changed
2026-02-19 14:20:00+00:00,2026-10-05T04:32:12Z,4.100000,4.102000,4.083000,4.088000,4.106000,4.106000,4.083000,4.088000,changed
2026-02-19 15:20:00+00:00,2026-10-05T04:32:12Z,4.088000,4.094000,4.083000,4.085000,4.092000,4.094000,4.083000,4.085000,changed
2026-02-19 16:20:00+00:00,2026-10-05T04:32:12Z,4.088000,4.088000,4.081000,4.083000,4.086000,4.094000,4.081000,4.083000,changed
2026-02-19 17:20:00+00:00,2026-10-05T04:32:12Z,4.085000,4.086000,4.075000,4.075000,4.085000,4.088000,4.075000,4.075000,changed
2026-02-19 18:20:00+00:00,2026-10-05T04:32:12Z,4.085000,4.085000,4.065000,4.069000,4.085000,4.086000,4.065000,4.069000,changed
2026-02-19 19:20:00+00:00,2026-10-05T04:32:12Z,4.069000,4.079000,4.065000,4.075000,4.073000,4.079000,4.065000,4.075000,changed
2026-02-20 14:20:00+00:00,2026-10-05T04:32:12Z,4.071000,4.104000,4.069000,4.096000,4.063000,4.104000,4.060000,4.096000,changed
2026-02-20 15:20:00+00:00,2026-10-05T04:32:12Z,4.077000,4.104000,4.075000,4.086000,4.071000,4.104000,4.071000,4.086000,changed
2026-02-20 16:20:00+00:00,2026-10-05T04:32:12Z,4.096000,4.098000,4.083000,4.088000,4.092000,4.098000,4.083000,4.088000,changed
2026-02-20 17:20:00+00:00,2026-10-05T04:32:12Z,4.096000,4.100000,4.086000,4.096000,4.085000,4.100000,4.085000,4.096000,changed
2026-02-20 18:20:00+00:00,2026-10-05T04:32:12Z,4.094000,4.100000,4.081000,4.085000,4.086000,4.100000,4.081000,4.085000,changed
2026-02-20 19:20:00+00:00,2026-10-05T04:32:12Z,4.088000,4.094000,4.085000,4.086000,4.092000,4.094000,4.081000,4.086000,changed
2026-02-23 14:20:00+00:00,2026-10-05T04:32:12Z,4.063000,4.067000,4.054000,4.056000,4.067000,4.069000,4.054000,4.056000,changed
2026-02-23 15:20:00+00:00,2026-10-05T04:32:12Z,4.060000,4.060000,4.029000,4.033000,4.065000,4.067000,4.029000,4.033000,changed
2026-02-23 16:20:00+00:00,2026-10-05T04:32:12Z,4.042000,4.044000,4.025000,4.027000,4.054000,4.056000,4.025000,4.027000,changed
2026-02-23 17:20:00+00:00,2026-10-05T04:32:12Z,4.029000,4.029000,4.018000,4.027000,4.033000,4.035000,4.018000,4.027000,changed
2026-02-23 18:20:00+00:00,2026-10-05T04:32:12Z,4.023000,4.027000,4.021000,4.025000,4.027000,4.029000,4.018000,4.025000,changed
2026-02-23 19:20:00+00:00,2026-10-05T04:32:12Z,4.023000,4.031000,4.023000,4.029000,4.027000,4.031000,4.021000,4.029000,changed
2026-02-25 14:20:00+00:00,2026-10-05T04:32:12Z,4.056000,4.058000,4.050000,4.050000,4.050000,4.058000,4.050000,4.050000,changed
2026-02-25 15:20:00+00:00,2026-10-05T04:32:12Z,4.056000,4.058000,4.044000,4.046000,4.056000,4.056000,4.044000,4.046000,changed
2026-02-25 16:20:00+00:00,2026-10-05T04:32:12Z,4.052000,4.052000,4.035000,4.037000,4.046000,4.048000,4.035000,4.037000,changed
2026-02-25 17:20:00+00:00,2026-10-05T04:32:12Z,4.044000,4.044000,4.035000,4.039000,4.042000,4.042000,4.035000,4.039000,changed
2026-02-25 18:20:00+00:00,2026-10-05T04:32:12Z,4.035000,4.048000,4.035000,4.048000,4.037000,4.048000,4.037000,4.048000,changed
2026-02-25 19:20:00+00:00,2026-10-05T04:32:12Z,4.040000,4.050000,4.040000,4.048000,4.046000,4.050000,4.044000,4.048000,changed
2026-02-27 14:20:00+00:00,2026-10-05T04:32:12Z,3.987000,3.987000,3.970000,3.981000,3.987000,3.994000,3.970000,3.981000,changed
2026-02-27 15:20:00+00:00,2026-10-05T04:32:12Z,3.975000,3.983000,3.974000,3.975000,3.977000,3.983000,3.970000,3.975000,changed
2026-02-27 16:20:00+00:00,2026-10-05T04:32:12Z,3.975000,3.977000,3.968000,3.975000,3.979000,3.983000,3.968000,3.975000,changed
2026-02-27 17:20:00+00:00,2026-10-05T04:32:12Z,3.970000,3.975000,3.966000,3.966000,3.974000,3.975000,3.966000,3.966000,changed
2026-02-27 18:20:00+00:00,2026-10-05T04:32:12Z,3.972000,3.972000,3.958000,3.958000,3.970000,3.975000,3.958000,3.958000,changed
2026-02-27 19:20:00+00:00,2026-10-05T04:32:12Z,3.964000,3.964000,3.956000,3.962000,3.968000,3.968000,3.956000,3.962000,changed
2026-02-02 18:20:00+00:00,2026-10-05T05:08:34Z,4.263000,4.277000,4.261000,4.277000,4.271000,4.275000,4.271000,4.275000,changed
2026-02-02 19:20:00+00:00,2026-10-05T05:08:34Z,4.273000,4.279000,4.269000,4.275000,4.275000,4.279000,4.269000,4.275000,changed
2026-02-03 14:20:00+00:00,2026-10-05T05:08:34Z,4.293000,4.300000,4.282000,4.284000,4.292000,4.300000,4.282000,4.284000,changed
2026-02-03 15:20:00+00:00,2026-10-05T05:08:34Z,4.284000,4.293000,4.279000,4.287000,4.292000,4.293000,4.279000,4.287000,changed
2026-02-03 16:20:00+00:00,2026-10-05T05:08:34Z,4.292000,4.293000,4.278000,4.285000,4.285000,4.293000,4.278000,4.285000,changed
2026-02-03 18:20:00+00:00,2026-10-05T05:08:34Z,4.290000,4.292000,4.266000,4.271000,4.290000,4.293000,4.266000,4.271000,changed
2026-02-03 19:20:00+00:00,2026-10-05T05:08:34Z,4.268000,4.278000,4.266000,4.274000,4.284000,4.284000,4.266000,4.274000,changed
2026-02-04 14:20:00+00:00,2026-10-05T05:08:34Z,4.282000,4.290000,4.269000,4.271000,4.271000,4.290000,4.269000,4.271000,changed
2026-02-04 15:20:00+00:00,2026-10-05T05:08:34Z,4.287000,4.287000,4.269000,4.271000,4.284000,4.290000,4.269000,4.271000,changed
2026-02-04 17:20:00+00:00,2026-10-05T05:08:34Z,4.275000,4.275000,4.261000,4.271000,4.278000,4.279000,4.261000,4.271000,changed
2026-02-04 18:20:00+00:00,2026-10-05T05:08:34Z,4.271000,4.279000,4.268000,4.279000,4.263000,4.279000,4.261000,4.279000,changed
2026-02-04 19:20:00+00:00,2026-10-05T05:08:34Z,4.269000,4.279000,4.269000,4.275000,4.275000,4.279000,4.268000,4.275000,changed
2026-02-05 14:20:00+00:00,2026-10-05T05:08:34Z,4.246000,4.250000,4.222000,4.222000,4.232000,4.250000,4.222000,4.222000,changed
2026-02-05 15:20:00+00:00,2026-10-05T05:08:34Z,4.236000,4.250000,4.206000,4.210000,4.234000,4.236000,4.206000,4.210000,changed
2026-02-05 16:20:00+00:00,2026-10-05T05:08:34Z,4.214000,4.220000,4.206000,4.210000,4.216000,4.220000,4.206000,4.210000,changed
2026-02-05 17:20:00+00:00,2026-10-05T05:08:34Z,4.218000,4.220000,4.208000,4.212000,4.216000,4.218000,4.208000,4.212000,changed
2026-02-05 18:20:00+00:00,2026-10-05T05:08:34Z,4.216000,4.218000,4.204000,4.210000,4.212000,4.212000,4.204000,4.210000,changed
2026-02-05 19:20:00+00:00,2026-10-05T05:08:34Z,4.208000,4.210000,4.204000,4.210000,4.204000,4.210000,4.204000,4.210000,changed
2026-02-06 14:20:00+00:00,2026-10-05T05:08:34Z,4.204000,4.220000,4.194000,4.216000,4.198000,4.220000,4.194000,4.216000,changed
2026-02-06 15:20:00+00:00,2026-10-05T05:08:34Z,4.196000,4.224000,4.194000,4.218000,4.214000,4.222000,4.212000,4.218000,changed
2026-02-06 16:20:00+00:00,2026-10-05T05:08:34Z,4.220000,4.224000,4.212000,4.218000,4.216000,4.220000,4.216000,4.218000,changed
2026-02-06 17:20:00+00:00,2026-10-05T05:08:34Z,4.216000,4.220000,4.212000,4.216000,4.218000,4.220000,4.214000,4.216000,changed
2026-02-06 18:20:00+00:00,2026-10-05T05:08:34Z,4.218000,4.220000,4.208000,4.210000,4.214000,4.216000,4.208000,4.210000,changed
2026-02-06 19:20:00+00:00,2026-10-05T05:08:34Z,4.214000,4.214000,4.206000,4.206000,4.210000,4.212000,4.206000,4.206000,changed
2026-02-09 14:20:00+00:00,2026-10-05T05:08:34Z,4.218000,4.226000,4.210000,4.220000,4.220000,4.226000,4.210000,4.220000,changed
2026-02-09 15:20:00+00:00,2026-10-05T05:08:34Z,4.216000,4.226000,4.206000,4.208000,4.218000,4.222000,4.206000,4.208000,changed
2026-02-09 16:20:00+00:00,2026-10-05T05:08:34Z,4.214000,4.220000,4.206000,4.206000,4.212000,4.216000,4.206000,4.206000,changed
2026-02-09 17:20:00+00:00,2026-10-05T05:08:34Z,4.210000,4.216000,4.202000,4.206000,4.210000,4.212000,4.202000,4.206000,changed
2026-02-09 18:20:00+00:00,2026-10-05T05:08:34Z,4.204000,4.210000,4.200000,4.202000,4.206000,4.210000,4.200000,4.202000,changed
2026-02-09 19:20:00+00:00,2026-10-05T05:08:34Z,4.206000,4.206000,4.196000,4.198000,4.204000,4.204000,4.196000,4.198000,changed
2026-02-10 14:20:00+00:00,2026-10-05T05:08:34Z,4.159000,4.162000,4.139000,4.145000,4.164000,4.166000,4.139000,4.145000,changed
2026-02-10 15:20:00+00:00,2026-10-05T05:08:34Z,4.147000,4.149000,4.135000,4.139000,4.154000,4.154000,4.135000,4.139000,changed
2026-02-10 16:20:00+00:00,2026-10-05T05:08:34Z,4.141000,4.151000,4.135000,4.145000,4.145000,4.151000,4.135000,4.145000,changed
2026-02-10 17:20:00+00:00,2026-10-05T05:08:34Z,4.145000,4.153000,4.143000,4.149000,4.137000,4.153000,4.137000,4.149000,changed
2026-02-10 18:20:00+00:00,2026-10-05T05:08:34Z,4.149000,4.153000,4.149000,4.151000,4.143000,4.153000,4.143000,4.151000,changed
2026-02-10 19:20:00+00:00,2026-10-05T05:08:34Z,4.151000,4.153000,4.145000,4.147000,4.153000,4.153000,4.145000,4.147000,changed
2026-02-11 14:20:00+00:00,2026-10-05T05:08:34Z,4.202000,4.202000,4.168000,4.170000,4.176000,4.206000,4.168000,4.170000,changed
2026-02-11 15:20:00+00:00,2026-10-05T05:08:34Z,4.182000,4.184000,4.165000,4.170000,4.184000,4.188000,4.165000,4.170000,changed
2026-02-11 16:20:00+00:00,2026-10-05T05:08:34Z,4.174000,4.178000,4.149000,4.149000,4.165000,4.178000,4.149000,4.149000,changed
2026-02-11 17:20:00+00:00,2026-10-05T05:08:34Z,4.151000,4.174000,4.147000,4.172000,4.165000,4.174000,4.147000,4.172000,changed
2026-02-11 18:20:00+00:00,2026-10-05T05:08:34Z,4.155000,4.178000,4.153000,4.172000,4.155000,4.178000,4.151000,4.172000,changed
2026-02-11 19:20:00+00:00,2026-10-05T05:08:34Z,4.176000,4.178000,4.170000,4.172000,4.174000,4.178000,4.166000,4.172000,changed
2026-02-12 14:20:00+00:00,2026-10-05T05:08:34Z,4.158000,4.169000,4.146000,4.146000,4.162000,4.169000,4.146000,4.146000,changed
2026-02-12 15:20:00+00:00,2026-10-05T05:08:34Z,4.164000,4.165000,4.125000,4.127000,4.152000,4.152000,4.125000,4.127000,changed
2026-02-12 16:20:00+00:00,2026-10-05T05:08:34Z,4.146000,4.146000,4.119000,4.123000,4.140000,4.140000,4.119000,4.123000,changed
2026-02-12 17:20:00+00:00,2026-10-05T05:08:34Z,4.121000,4.131000,4.102000,4.102000,4.127000,4.131000,4.102000,4.102000,changed
2026-02-12 18:20:00+00:00,2026-10-05T05:08:34Z,4.129000,4.131000,4.100000,4.100000,4.127000,4.129000,4.100000,4.100000,changed
2026-02-12 19:20:00+00:00,2026-10-05T05:08:34Z,4.102000,4.110000,4.100000,4.104000,4.104000,4.110000,4.100000,4.104000,changed
2026-02-13 14:20:00+00:00,2026-10-05T05:08:34Z,4.100000,4.100000,4.050000,4.064000,4.087000,4.090000,4.050000,4.064000,changed
2026-02-13 15:20:00+00:00,2026-10-05T05:08:34Z,4.067000,4.071000,4.050000,4.062000,4.062000,4.069000,4.056000,4.062000,changed
2026-02-13 16:20:00+00:00,2026-10-05T05:08:34Z,4.067000,4.069000,4.046000,4.054000,4.064000,4.064000,4.046000,4.054000,changed
2026-02-13 17:20:00+00:00,2026-10-05T05:08:34Z,4.056000,4.066000,4.046000,4.064000,4.052000,4.066000,4.052000,4.064000,changed
2026-02-13 18:20:00+00:00,2026-10-05T05:08:34Z,4.056000,4.067000,4.056000,4.064000,4.064000,4.067000,4.060000,4.064000,changed
2026-02-13 19:20:00+00:00,2026-10-05T05:08:34Z,4.064000,4.067000,4.054000,4.056000,4.066000,4.066000,4.054000,4.056000,changed
2026-02-17 14:20:00+00:00,2026-10-05T05:08:34Z,4.041000,4.058000,4.041000,4.052000,4.029000,4.058000,4.025000,4.052000,changed
2026-02-17 15:20:00+00:00,2026-10-05T05:08:34Z,4.045000,4.056000,4.039000,4.056000,4.048000,4.058000,4.039000,4.056000,changed
2026-02-17 16:20:00+00:00,2026-10-05T05:08:34Z,4.045000,4.056000,4.045000,4.052000,4.048000,4.056000,4.039000,4.052000,changed
2026-02-17 17:20:00+00:00,2026-10-05T05:08:34Z,4.056000,4.060000,4.048000,4.056000,4.052000,4.060000,4.048000,4.056000,changed
2026-02-17 18:20:00+00:00,2026-10-05T05:08:34Z,4.056000,4.060000,4.054000,4.058000,4.052000,4.060000,4.048000,4.058000,changed
2026-02-17 19:20:00+00:00,2026-10-05T05:08:34Z,4.058000,4.060000,4.052000,4.052000,4.060000,4.060000,4.052000,4.052000,changed
2026-02-18 14:20:00+00:00,2026-10-05T05:08:34Z,4.075000,4.085000,4.075000,4.079000,4.067000,4.085000,4.064000,4.079000,changed
2026-02-18 15:20:00+00:00,2026-10-05T05:08:34Z,4.083000,4.085000,4.073000,4.077000,4.079000,4.085000,4.073000,4.077000,changed
2026-02-18 16:20:00+00:00,2026-10-05T05:08:34Z,4.077000,4.079000,4.071000,4.073000,4.083000,4.083000,4.071000,4.073000,changed
2026-02-18 18:20:00+00:00,2026-10-05T05:08:34Z,4.075000,4.088000,4.075000,4.079000,4.071000,4.088000,4.071000,4.079000,changed
2026-02-18 19:20:00+00:00,2026-10-05T05:08:34Z,4.085000,4.088000,4.079000,4.079000,4.081000,4.088000,4.079000,4.079000,changed
2026-02-19 14:20:00+00:00,2026-10-05T05:08:34Z,4.106000,4.106000,4.083000,4.088000,4.100000,4.102000,4.083000,4.088000,changed
2026-02-19 15:20:00+00:00,2026-10-05T05:08:34Z,4.092000,4.094000,4.083000,4.085000,4.088000,4.094000,4.083000,4.085000,changed
2026-02-19 16:20:00+00:00,2026-10-05T05:08:34Z,4.086000,4.094000,4.081000,4.083000,4.088000,4.088000,4.081000,4.083000,changed
2026-02-19 17:20:00+00:00,2026-10-05T05:08:34Z,4.085000,4.088000,4.075000,4.075000,4.085000,4.086000,4.075000,4.075000,changed
2026-02-19 18:20:00+00:00,2026-10-05T05:08:34Z,4.085000,4.086000,4.065000,4.069000,4.085000,4.085000,4.065000,4.069000,changed
2026-02-19 19:20:00+00:00,2026-10-05T05:08:34Z,4.073000,4.079000,4.065000,4.075000,4.069000,4.079000,4.065000,4.075000,changed
2026-02-20 14:20:00+00:00,2026-10-05T05:08:34Z,4.063000,4.104000,4.060000,4.096000,4.071000,4.104000,4.069000,4.096000,changed
2026-02-20 15:20:00+00:00,2026-10-05T05:08:34Z,4.071000,4.104000,4.071000,4.086000,4.077000,4.104000,4.075000,4.086000,changed
2026-02-20 16:20:00+00:00,2026-10-05T05:08:34Z,4.092000,4.098000,4.083000,4.088000,4.096000,4.098000,4.083000,4.088000,changed
2026-02-20 17:20:00+00:00,2026-10-05T05:08:34Z,4.085000,4.100000,4.085000,4.096000,4.096000,4.100000,4.086000,4.096000,changed
2026-02-20 18:20:00+00:00,2026-10-05T05:08:34Z,4.086000,4.100000,4.081000,4.085000,4.094000,4.100000,4.081000,4.085000,changed
2026-02-20 19:20:00+00:00,2026-10-05T05:08:34Z,4.092000,4.094000,4.081000,4.086000,4.088000,4.094000,4.085000,4.086000,changed
2026-02-23 14:20:00+00:00,2026-10-05T05:08:34Z,4.067000,4.069000,4.054000,4.056000,4.063000,4.067000,4.054000,4.056000,changed
2026-02-23 15:20:00+00:00,2026-10-05T05:08:34Z,4.065000,4.067000,4.029000,4.033000,4.060000,4.060000,4.029000,4.033000,changed
2026-02-23 16:20:00+00:00,2026-10-05T05:08:34Z,4.054000,4.056000,4.025000,4.027000,4.042000,4.044000,4.025000,4.027000,changed
2026-02-23 17:20:00+00:00,2026-10-05T05:08:34Z,4.033000,4.035000,4.018000,4.027000,4.029000,4.029000,4.018000,4.027000,changed
2026-02-23 18:20:00+00:00,2026-10-05T05:08:34Z,4.027000,4.029000,4.018000,4.025000,4.023000,4.027000,4.021000,4.025000,changed
2026-02-23 19:20:00+00:00,2026-10-05T05:08:34Z,4.027000,4.031000,4.021000,4.029000,4.023000,4.031000,4.023000,4.029000,changed
2026-02-25 14:20:00+00:00,2026-10-05T05:08:34Z,4.050000,4.058000,4.050000,4.050000,4.056000,4.058000,4.050000,4.050000,changed
2026-02-25 15:20:00+00:00,2026-10-05T05:08:34Z,4.056000,4.056000,4.044000,4.046000,4.056000,4.058000,4.044000,4.046000,changed
2026-02-25 16:20:00+00:00,2026-10-05T05:08:34Z,4.046000,4.048000,4.035000,4.037000,4.052000,4.052000,4.035000,4.037000,changed
2026-02-25 17:20:00+00:00,2026-10-05T05:08:34Z,4.042000,4.042000,4.035000,4.039000,4.044000,4.044000,4.035000,4.039000,changed
2026-02-25 18:20:00+00:00,2026-10-05T05:08:34Z,4.037000,4.048000,4.037000,4.048000,4.035000,4.048000,4.035000,4.048000,changed
2026-02-25 19:20:00+00:00,2026-10-05T05:08:34Z,4.046000,4.050000,4.044000,4.048000,4.040000,4.050000,4.040000,4.048000,changed
2026-02-27 14:20:00+00:00,2026-10-05T05:08:34Z,3.987000,3.994000,3.970000,3.981000,3.987000,3.987000,3.970000,3.981000,changed
2026-02-27 15:20:00+00:00,2026-10-05T05:08:34Z,3.977000,3.983000,3.970000,3.975000,3.975000,3.983000,3.974000,3.975000,changed
2026-02-27 16:20:00+00:00,2026-10-05T05:08:34Z,3.979000,3.983000,3.968000,3.975000,3.975000,3.977000,3.968000,3.975000,changed
2026-02-27 17:20:00+00:00,2026-10-05T05:08:34Z,3.974000,3.975000,3.966000,3.966000,3.970000,3.975000,3.966000,3.966000,changed
2026-02-27 18:20:00+00:00,2026-10-05T05:08:34Z,3.970000,3.975000,3.958000,3.958000,3.972000,3.972000,3.958000,3.958000,changed
2026-02-27 19:20:00+00:00,2026-10-05T05:08:34Z,3.968000,3.968000,3.956000,3.962000,3.964000,3.964000,3.956000,3.962000,changed
2026-02-02 18:20:00+00:00,2026-10-05T07:33:41Z,4.271000,4.275000,4.271000,4.275000,4.263000,4.277000,4.261000,4.277000,changed
2026-02-02 19:20:00+00:00,2026-10-05T07:33:41Z,4.275000,4.279000,4.269000,4.275000,4.273000,4.279000,4.269000,4.275000,changed
2026-02-03 14:20:00+00:00,2026-10-05T07:33:41Z,4.292000,4.300000,4.282000,4.284000,4.293000,4.300000,4.282000,4.284000,changed
2026-02-03 15:20:00+00:00,2026-10-05T07:33:41Z,4.292000,4.293000,4.279000,4.287000,4.284000,4.293000,4.279000,4.287000,changed
2026-02-03 16:20:00+00:00,2026-10-05T07:33:41Z,4.285000,4.293000,4.278000,4.285000,4.292000,4.293000,4.278000,4.285000,changed
2026-02-03 18:20:00+00:00,2026-10-05T07:33:41Z,4.290000,4.293000,4.266000,4.271000,4.290000,4.292000,4.266000,4.271000,changed
2026-02-03 19:20:00+00:00,2026-10-05T07:33:41Z,4.284000,4.284000,4.266000,4.274000,4.268000,4.278000,4.266000,4.274000,changed
2026-02-04 14:20:00+00:00,2026-10-05T07:33:41Z,4.271000,4.290000,4.269000,4.271000,4.282000,4.290000,4.269000,4.271000,changed
2026-02-04 15:20:00+00:00,2026-10-05T07:33:41Z,4.284000,4.290000,4.269000,4.271000,4.287000,4.287000,4.269000,4.271000,changed
2026-02-04 17:20:00+00:00,2026-10-05T07:33:41Z,4.278000,4.279000,4.261000,4.271000,4.275000,4.275000,4.261000,4.271000,changed
2026-02-04 18:20:00+00:00,2026-10-05T07:33:41Z,4.263000,4.279000,4.261000,4.279000,4.271000,4.279000,4.268000,4.279000,changed
2026-02-04 19:20:00+00:00,2026-10-05T07:33:41Z,4.275000,4.279000,4.268000,4.275000,4.269000,4.279000,4.269000,4.275000,changed
2026-02-05 14:20:00+00:00,2026-10-05T07:33:41Z,4.232000,4.250000,4.222000,4.222000,4.246000,4.250000,4.222000,4.222000,changed
2026-02-05 15:20:00+00:00,2026-10-05T07:33:41Z,4.234000,4.236000,4.206000,4.210000,4.236000,4.250000,4.206000,4.210000,changed
2026-02-05 16:20:00+00:00,2026-10-05T07:33:41Z,4.216000,4.220000,4.206000,4.210000,4.214000,4.220000,4.206000,4.210000,changed
2026-02-05 17:20:00+00:00,2026-10-05T07:33:41Z,4.216000,4.218000,4.208000,4.212000,4.218000,4.220000,4.208000,4.212000,changed
2026-02-05 18:20:00+00:00,2026-10-05T07:33:41Z,4.212000,4.212000,4.204000,4.210000,4.216000,4.218000,4.204000,4.210000,changed
2026-02-05 19:20:00+00:00,2026-10-05T07:33:41Z,4.204000,4.210000,4.204000,4.210000,4.208000,4.210000,4.204000,4.210000,changed
2026-02-06 14:20:00+00:00,2026-10-05T07:33:41Z,4.198000,4.220000,4.194000,4.216000,4.204000,4.220000,4.194000,4.216000,changed
2026-02-06 15:20:00+00:00,2026-10-05T07:33:41Z,4.214000,4.222000,4.212000,4.218000,4.196000,4.224000,4.194000,4.218000,changed
2026-02-06 16:20:00+00:00,2026-10-05T07:33:41Z,4.216000,4.220000,4.216000,4.218000,4.220000,4.224000,4.212000,4.218000,changed
2026-02-06 17:20:00+00:00,2026-10-05T07:33:41Z,4.218000,4.220000,4.214000,4.216000,4.216000,4.220000,4.212000,4.216000,changed
2026-02-06 18:20:00+00:00,2026-10-05T07:33:41Z,4.214000,4.216000,4.208000,4.210000,4.218000,4.220000,4.208000,4.210000,changed
2026-02-06 19:20:00+00:00,2026-10-05T07:33:41Z,4.210000,4.212000,4.206000,4.206000,4.214000,4.214000,4.206000,4.206000,changed
2026-02-09 14:20:00+00:00,2026-10-05T07:33:41Z,4.220000,4.226000,4.210000,4.220000,4.218000,4.226000,4.210000,4.220000,changed
2026-02-09 15:20:00+00:00,2026-10-05T07:33:41Z,4.218000,4.222000,4.206000,4.208000,4.216000,4.226000,4.206000,4.208000,changed
2026-02-09 16:20:00+00:00,2026-10-05T07:33:41Z,4.212000,4.216000,4.206000,4.206000,4.214000,4.220000,4.206000,4.206000,changed
2026-02-09 17:20:00+00:00,2026-10-05T07:33:41Z,4.210000,4.212000,4.202000,4.206000,4.210000,4.216000,4.202000,4.206000,changed
2026-02-09 18:20:00+00:00,2026-10-05T07:33:41Z,4.206000,4.210000,4.200000,4.202000,4.204000,4.210000,4.200000,4.202000,changed
2026-02-09 19:20:00+00:00,2026-10-05T07:33:41Z,4.204000,4.204000,4.196000,4.198000,4.206000,4.206000,4.196000,4.198000,changed
2026-02-10 14:20:00+00:00,2026-10-05T07:33:41Z,4.164000,4.166000,4.139000,4.145000,4.159000,4.162000,4.139000,4.145000,changed
2026-02-10 15:20:00+00:00,2026-10-05T07:33:41Z,4.154000,4.154000,4.135000,4.139000,4.147000,4.149000,4.135000,4.139000,changed
2026-02-10 16:20:00+00:00,2026-10-05T07:33:41Z,4.145000,4.151000,4.135000,4.145000,4.141000,4.151000,4.135000,4.145000,changed
2026-02-10 17:20:00+00:00,2026-10-05T07:33:41Z,4.137000,4.153000,4.137000,4.149000,4.145000,4.153000,4.143000,4.149000,changed
2026-02-10 18:20:00+00:00,2026-10-05T07:33:41Z,4.143000,4.153000,4.143000,4.151000,4.149000,4.153000,4.149000,4.151000,changed
2026-02-10 19:20:00+00:00,2026-10-05T07:33:41Z,4.153000,4.153000,4.145000,4.147000,4.151000,4.153000,4.145000,4.147000,changed
2026-02-11 14:20:00+00:00,2026-10-05T07:33:41Z,4.176000,4.206000,4.168000,4.170000,4.202000,4.202000,4.168000,4.170000,changed
2026-02-11 15:20:00+00:00,2026-10-05T07:33:41Z,4.184000,4.188000,4.165000,4.170000,4.182000,4.184000,4.165000,4.170000,changed
2026-02-11 16:20:00+00:00,2026-10-05T07:33:41Z,4.165000,4.178000,4.149000,4.149000,4.174000,4.178000,4.149000,4.149000,changed
2026-02-11 17:20:00+00:00,2026-10-05T07:33:41Z,4.165000,4.174000,4.147000,4.172000,4.151000,4.174000,4.147000,4.172000,changed
2026-02-11 18:20:00+00:00,2026-10-05T07:33:41Z,4.155000,4.178000,4.151000,4.172000,4.155000,4.178000,4.153000,4.172000,changed
2026-02-11 19:20:00+00:00,2026-10-05T07:33:41Z,4.174000,4.178000,4.166000,4.172000,4.176000,4.178000,4.170000,4.172000,changed
2026-02-12 14:20:00+00:00,2026-10-05T07:33:41Z,4.162000,4.169000,4.146000,4.146000,4.158000,4.169000,4.146000,4.146000,changed
2026-02-12 15:20:00+00:00,2026-10-05T07:33:41Z,4.152000,4.152000,4.125000,4.127000,4.164000,4.165000,4.125000,4.127000,changed
2026-02-12 16:20:00+00:00,2026-10-05T07:33:41Z,4.140000,4.140000,4.119000,4.123000,4.146000,4.146000,4.119000,4.123000,changed
2026-02-12 17:20:00+00:00,2026-10-05T07:33:41Z,4.127000,4.131000,4.102000,4.102000,4.121000,4.131000,4.102000,4.102000,changed
2026-02-12 18:20:00+00:00,2026-10-05T07:33:41Z,4.127000,4.129000,4.100000,4.100000,4.129000,4.131000,4.100000,4.100000,changed
2026-02-12 19:20:00+00:00,2026-10-05T07:33:41Z,4.104000,4.110000,4.100000,4.104000,4.102000,4.110000,4.100000,4.104000,changed
2026-02-13 14:20:00+00:00,2026-10-05T07:33:41Z,4.087000,4.090000,4.050000,4.064000,4.100000,4.100000,4.050000,4.064000,changed
2026-02-13 15:20:00+00:00,2026-10-05T07:33:41Z,4.062000,4.069000,4.056000,4.062000,4.067000,4.071000,4.050000,4.062000,changed
2026-02-13 16:20:00+00:00,2026-10-05T07:33:41Z,4.064000,4.064000,4.046000,4.054000,4.067000,4.069000,4.046000,4.054000,changed
2026-02-13 17:20:00+00:00,2026-10-05T07:33:41Z,4.052000,4.066000,4.052000,4.064000,4.056000,4.066000,4.046000,4.064000,changed
2026-02-13 18:20:00+00:00,2026-10-05T07:33:41Z,4.064000,4.067000,4.060000,4.064000,4.056000,4.067000,4.056000,4.064000,changed
2026-02-13 19:20:00+00:00,2026-10-05T07:33:41Z,4.066000,4.066000,4.054000,4.056000,4.064000,4.067000,4.054000,4.056000,changed
2026-02-17 14:20:00+00:00,2026-10-05T07:33:41Z,4.029000,4.058000,4.025000,4.052000,4.041000,4.058000,4.041000,4.052000,changed
2026-02-17 15:20:00+00:00,2026-10-05T07:33:41Z,4.048000,4.058000,4.039000,4.056000,4.045000,4.056000,4.039000,4.056000,changed
2026-02-17 16:20:00+00:00,2026-10-05T07:33:41Z,4.048000,4.056000,4.039000,4.052000,4.045000,4.056000,4.045000,4.052000,changed
2026-02-17 17:20:00+00:00,2026-10-05T07:33:41Z,4.052000,4.060000,4.048000,4.056000,4.056000,4.060000,4.048000,4.056000,changed
2026-02-17 18:20:00+00:00,2026-10-05T07:33:41Z,4.052000,4.060000,4.048000,4.058000,4.056000,4.060000,4.054000,4.058000,changed
2026-02-17 19:20:00+00:00,2026-10-05T07:33:41Z,4.060000,4.060000,4.052000,4.052000,4.058000,4.060000,4.052000,4.052000,changed
2026-02-18 14:20:00+00:00,2026-10-05T07:33:41Z,4.067000,4.085000,4.064000,4.079000,4.075000,4.085000,4.075000,4.079000,changed
2026-02-18 15:20:00+00:00,2026-10-05T07:33:41Z,4.079000,4.085000,4.073000,4.077000,4.083000,4.085000,4.073000,4.077000,changed
2026-02-18 16:20:00+00:00,2026-10-05T07:33:41Z,4.083000,4.083000,4.071000,4.073000,4.077000,4.079000,4.071000,4.073000,changed
2026-02-18 18:20:00+00:00,2026-10-05T07:33:41Z,4.071000,4.088000,4.071000,4.079000,4.075000,4.088000,4.075000,4.079000,changed
2026-02-18 19:20:00+00:00,2026-10-05T07:33:41Z,4.081000,4.088000,4.079000,4.079000,4.085000,4.088000,4.079000,4.079000,changed
2026-02-19 14:20:00+00:00,2026-10-05T07:33:41Z,4.100000,4.102000,4.083000,4.088000,4.106000,4.106000,4.083000,4.088000,changed
2026-02-19 15:20:00+00:00,2026-10-05T07:33:41Z,4.088000,4.094000,4.083000,4.085000,4.092000,4.094000,4.083000,4.085000,changed
2026-02-19 16:20:00+00:00,2026-10-05T07:33:41Z,4.088000,4.088000,4.081000,4.083000,4.086000,4.094000,4.081000,4.083000,changed
2026-02-19 17:20:00+00:00,2026-10-05T07:33:41Z,4.085000,4.086000,4.075000,4.075000,4.085000,4.088000,4.075000,4.075000,changed
2026-02-19 18:20:00+00:00,2026-10-05T07:33:41Z,4.085000,4.085000,4.065000,4.069000,4.085000,4.086000,4.065000,4.069000,changed
2026-02-19 19:20:00+00:00,2026-10-05T07:33:41Z,4.069000,4.079000,4.065000,4.075000,4.073000,4.079000,4.065000,4.075000,changed
2026-02-20 14:20:00+00:00,2026-10-05T07:33:41Z,4.071000,4.104000,4.069000,4.096000,4.063000,4.104000,4.060000,4.096000,changed
2026-02-20 15:20:00+00:00,2026-10-05T07:33:41Z,4.077000,4.104000,4.075000,4.086000,4.071000,4.104000,4.071000,4.086000,changed
2026-02-20 16:20:00+00:00,2026-10-05T07:33:41Z,4.096000,4.098000,4.083000,4.088000,4.092000,4.098000,4.083000,4.088000,changed
2026-02-20 17:20:00+00:00,2026-10-05T07:33:41Z,4.096000,4.100000,4.086000,4.096000,4.085000,4.100000,4.085000,4.096000,changed
2026-02-20 18:20:00+00:00,2026-10-05T07:33:41Z,4.094000,4.100000,4.081000,4.085000,4.086000,4.100000,4.081000,4.085000,changed
2026-02-20 19:20:00+00:00,2026-10-05T07:33:41Z,4.088000,4.094000,4.085000,4.086000,4.092000,4.094000,4.081000,4.086000,changed
2026-02-23 14:20:00+00:00,2026-10-05T07:33:41Z,4.063000,4.067000,4.054000,4.056000,4.067000,4.069000,4.054000,4.056000,changed
2026-02-23 15:20:00+00:00,2026-10-05T07:33:41Z,4.060000,4.060000,4.029000,4.033000,4.065000,4.067000,4.029000,4.033000,changed
2026-02-23 16:20:00+00:00,2026-10-05T07:33:41Z,4.042000,4.044000,4.025000,4.027000,4.054000,4.056000,4.025000,4.027000,changed
2026-02-23 17:20:00+00:00,2026-10-05T07:33:41Z,4.029000,4.029000,4.018000,4.027000,4.033000,4.035000,4.018000,4.027000,changed
2026-02-23 18:20:00+00:00,2026-10-05T07:33:41Z,4.023000,4.027000,4.021000,4.025000,4.027000,4.029000,4.018000,4.025000,changed
2026-02-23 19:20:00+00:00,2026-10-05T07:33:41Z,4.023000,4.031000,4.023000,4.029000,4.027000,4.031000,4.021000,4.029000,changed
2026-02-25 14:20:00+00:00,2026-10-05T07:33:41Z,4.056000,4.058000,4.050000,4.050000,4.050000,4.058000,4.050000,4.050000,changed
2026-02-25 15:20:00+00:00,2026-10-05T07:33:41Z,4.056000,4.058000,4.044000,4.046000,4.056000,4.056000,4.044000,4.046000,changed
2026-02-25 16:20:00+00:00,2026-10-05T07:33:41Z,4.052000,4.052000,4.035000,4.037000,4.046000,4.048000,4.035000,4.037000,changed
2026-02-25 17:20:00+00:00,2026-10-05T07:33:41Z,4.044000,4.044000,4.035000,4.039000,4.042000,4.042000,4.035000,4.039000,changed
2026-02-25 18:20:00+00:00,2026-10-05T07:33:41Z,4.035000,4.048000,4.035000,4.048000,4.037000,4.048000,4.037000,4.048000,changed
2026-02-25 19:20:00+00:00,2026-10-05T07:33:41Z,4.040000,4.050000,4.040000,4.048000,4.046000,4.050000,4.044000,4.048000,changed
2026-02-27 14:20:00+00:00,2026-10-05T07:33:41Z,3.987000,3.987000,3.970000,3.981000,3.987000,3.994000,3.970000,3.981000,changed
2026-02-27 15:20:00+00:00,2026-10-05T07:33:41Z,3.975000,3.983000,3.974000,3.975000,3.977000,3.983000,3.970000,3.975000,changed
2026-02-27 16:20:00+00:00,2026-10-05T07:33:41Z,3.975000,3.977000,3.968000,3.975000,3.979000,3.983000,3.968000,3.975000,changed
2026-02-27 17:20:00+00:00,2026-10-05T07:33:41Z,3.970000,3.975000,3.966000,3.966000,3.974000,3.975000,3.966000,3.966000,changed
2026-02-27 18:20:00+00:00,2026-10-05T07:33:41Z,3.972000,3.972000,3.958000,3.958000,3.970000,3.975000,3.958000,3.958000,changed
2026-02-27 19:20:00+00:00,2026-10-05T07:33:41Z,3.964000,3.964000,3.956000,3.962000,3.968000,3.968000,3.956000,3.962000,changed
2026-02-02 18:20:00+00:00,2026-10-05T08:34:57Z,4.263000,4.277000,4.261000,4.277000,4.271000,4.275000,4.271000,4.275000,changed
2026-02-02 19:20:00+00:00,2026-10-05T08:34:57Z,4.273000,4.279000,4.269000,4.275000,4.275000,4.279000,4.269000,4.275000,changed
2026-02-03 14:20:00+00:00,2026-10-05T08:34:57Z,4.293000,4.300000,4.282000,4.284000,4.292000,4.300000,4.282000,4.284000,changed
2026-02-03 15:20:00+00:00,2026-10-05T08:34:57Z,4.284000,4.293000,4.279000,4.287000,4.292000,4.293000,4.279000,4.287000,changed
2026-02-03 16:20:00+00:00,2026-10-05T08:34:57Z,4.292000,4.293000,4.278000,4.285000,4.285000,4.293000,4.278000,4.285000,changed
2026-02-03 18:20:00+00:00,2026-10-05T08:34:57Z,4.290000,4.292000,4.266000,4.271000,4.290000,4.293000,4.266000,4.271000,changed
2026-02-03 19:20:00+00:00,2026-10-05T08:34:57Z,4.268000,4.278000,4.266000,4.274000,4.284000,4.284000,4.266000,4.274000,changed
2026-02-04 14:20:00+00:00,2026-10-05T08:34:57Z,4.282000,4.290000,4.269000,4.271000,4.271000,4.290000,4.269000,4.271000,changed
2026-02-04 15:20:00+00:00,2026-10-05T08:34:57Z,4.287000,4.287000,4.269000,4.271000,4.284000,4.290000,4.269000,4.271000,changed
2026-02-04 17:20:00+00:00,2026-10-05T08:34:57Z,4.275000,4.275000,4.261000,4.271000,4.278000,4.279000,4.261000,4.271000,changed
2026-02-04 18:20:00+00:00,2026-10-05T08:34:57Z,4.271000,4.279000,4.268000,4.279000,4.263000,4.279000,4.261000,4.279000,changed
2026-02-04 19:20:00+00:00,2026-10-05T08:34:57Z,4.269000,4.279000,4.269000,4.275000,4.275000,4.279000,4.268000,4.275000,changed
2026-02-05 14:20:00+00:00,2026-10-05T08:34:57Z,4.246000,4.250000,4.222000,4.222000,4.232000,4.250000,4.222000,4.222000,changed
2026-02-05 15:20:00+00:00,2026-10-05T08:34:57Z,4.236000,4.250000,4.206000,4.210000,4.234000,4.236000,4.206000,4.210000,changed
2026-02-05 16:20:00+00:00,2026-10-05T08:34:57Z,4.214000,4.220000,4.206000,4.210000,4.216000,4.220000,4.206000,4.210000,changed
2026-02-05 17:20:00+00:00,2026-10-05T08:34:57Z,4.218000,4.220000,4.208000,4.212000,4.216000,4.218000,4.208000,4.212000,changed
2026-02-05 18:20:00+00:00,2026-10-05T08:34:57Z,4.216000,4.218000,4.204000,4.210000,4.212000,4.212000,4.204000,4.210000,changed
2026-02-05 19:20:00+00:00,2026-10-05T08:34:57Z,4.208000,4.210000,4.204000,4.210000,4.204000,4.210000,4.204000,4.210000,changed
2026-02-06 14:20:00+00:00,2026-10-05T08:34:57Z,4.204000,4.220000,4.194000,4.216000,4.198000,4.220000,4.194000,4.216000,changed
2026-02-06 15:20:00+00:00,2026-10-05T08:34:57Z,4.196000,4.224000,4.194000,4.218000,4.214000,4.222000,4.212000,4.218000,changed
2026-02-06 16:20:00+00:00,2026-10-05T08:34:57Z,4.220000,4.224000,4.212000,4.218000,4.216000,4.220000,4.216000,4.218000,changed
2026-02-06 17:20:00+00:00,2026-10-05T08:34:57Z,4.216000,4.220000,4.212000,4.216000,4.218000,4.220000,4.214000,4.216000,changed
2026-02-06 18:20:00+00:00,2026-10-05T08:34:57Z,4.218000,4.220000,4.208000,4.210000,4.214000,4.216000,4.208000,4.210000,changed
2026-02-06 19:20:00+00:00,2026-10-05T08:34:57Z,4.214000,4.214000,4.206000,4.206000,4.210000,4.212000,4.206000,4.206000,changed
2026-02-09 14:20:00+00:00,2026-10-05T08:34:57Z,4.218000,4.226000,4.210000,4.220000,4.220000,4.226000,4.210000,4.220000,changed
2026-02-09 15:20:00+00:00,2026-10-05T08:34:57Z,4.216000,4.226000,4.206000,4.208000,4.218000,4.222000,4.206000,4.208000,changed
2026-02-09 16:20:00+00:00,2026-10-05T08:34:57Z,4.214000,4.220000,4.206000,4.206000,4.212000,4.216000,4.206000,4.206000,changed
2026-02-09 17:20:00+00:00,2026-10-05T08:34:57Z,4.210000,4.216000,4.202000,4.206000,4.210000,4.212000,4.202000,4.206000,changed
2026-02-09 18:20:00+00:00,2026-10-05T08:34:57Z,4.204000,4.210000,4.200000,4.202000,4.206000,4.210000,4.200000,4.202000,changed
2026-02-09 19:20:00+00:00,2026-10-05T08:34:57Z,4.206000,4.206000,4.196000,4.198000,4.204000,4.204000,4.196000,4.198000,changed
2026-02-10 14:20:00+00:00,2026-10-05T08:34:57Z,4.159000,4.162000,4.139000,4.145000,4.164000,4.166000,4.139000,4.145000,changed
2026-02-10 15:20:00+00:00,2026-10-05T08:34:57Z,4.147000,4.149000,4.135000,4.139000,4.154000,4.154000,4.135000,4.139000,changed
2026-02-10 16:20:00+00:00,2026-10-05T08:34:57Z,4.141000,4.151000,4.135000,4.145000,4.145000,4.151000,4.135000,4.145000,changed
2026-02-10 17:20:00+00:00,2026-10-05T08:34:57Z,4.145000,4.153000,4.143000,4.149000,4.137000,4.153000,4.137000,4.149000,changed
2026-02-10 18:20:00+00:00,2026-10-05T08:34:57Z,4.149000,4.153000,4.149000,4.151000,4.143000,4.153000,4.143000,4.151000,changed
2026-02-10 19:20:00+00:00,2026-10-05T08:34:57Z,4.151000,4.153000,4.145000,4.147000,4.153000,4.153000,4.145000,4.147000,changed
2026-02-11 14:20:00+00:00,2026-10-05T08:34:57Z,4.202000,4.202000,4.168000,4.170000,4.176000,4.206000,4.168000,4.170000,changed
2026-02-11 15:20:00+00:00,2026-10-05T08:34:57Z,4.182000,4.184000,4.165000,4.170000,4.184000,4.188000,4.165000,4.170000,changed
2026-02-11 16:20:00+00:00,2026-10-05T08:34:57Z,4.174000,4.178000,4.149000,4.149000,4.165000,4.178000,4.149000,4.149000,changed
2026-02-11 17:20:00+00:00,2026-10-05T08:34:57Z,4.151000,4.174000,4.147000,4.172000,4.165000,4.174000,4.147000,4.172000,changed
2026-02-11 18:20:00+00:00,2026-10-05T08:34:57Z,4.155000,4.178000,4.153000,4.172000,4.155000,4.178000,4.151000,4.172000,changed
2026-02-11 19:20:00+00:00,2026-10-05T08:34:57Z,4.176000,4.178000,4.170000,4.172000,4.174000,4.178000,4.166000,4.172000,changed
2026-02-12 14:20:00+00:00,2026-10-05T08:34:57Z,4.158000,4.169000,4.146000,4.146000,4.162000,4.169000,4.146000,4.146000,changed
2026-02-12 15:20:00+00:00,2026-10-05T08:34:57Z,4.164000,4.165000,4.125000,4.127000,4.152000,4.152000,4.125000,4.127000,changed
2026-02-12 16:20:00+00:00,2026-10-05T08:34:57Z,4.146000,4.146000,4.119000,4.123000,4.140000,4.140000,4.119000,4.123000,changed
2026-02-12 17:20:00+00:00,2026-10-05T08:34:57Z,4.121000,4.131000,4.102000,4.102000,4.127000,4.131000,4.102000,4.102000,changed
2026-02-12 18:20:00+00:00,2026-10-05T08:34:57Z,4.129000,4.131000,4.100000,4.100000,4.127000,4.129000,4.100000,4.100000,changed
2026-02-12 19:20:00+00:00,2026-10-05T08:34:57Z,4.102000,4.110000,4.100000,4.104000,4.104000,4.110000,4.100000,4.104000,changed
2026-02-13 14:20:00+00:00,2026-10-05T08:34:57Z,4.100000,4.100000,4.050000,4.064000,4.087000,4.090000,4.050000,4.064000,changed
2026-02-13 15:20:00+00:00,2026-10-05T08:34:57Z,4.067000,4.071000,4.050000,4.062000,4.062000,4.069000,4.056000,4.062000,changed
2026-02-13 16:20:00+00:00,2026-10-05T08:34:57Z,4.067000,4.069000,4.046000,4.054000,4.064000,4.064000,4.046000,4.054000,changed
2026-02-13 17:20:00+00:00,2026-10-05T08:34:57Z,4.056000,4.066000,4.046000,4.064000,4.052000,4.066000,4.052000,4.064000,changed
2026-02-13 18:20:00+00:00,2026-10-05T08:34:57Z,4.056000,4.067000,4.056000,4.064000,4.064000,4.067000,4.060000,4.064000,changed
2026-02-13 19:20:00+00:00,2026-10-05T08:34:57Z,4.064000,4.067000,4.054000,4.056000,4.066000,4.066000,4.054000,4.056000,changed
2026-02-17 14:20:00+00:00,2026-10-05T08:34:57Z,4.041000,4.058000,4.041000,4.052000,4.029000,4.058000,4.025000,4.052000,changed
2026-02-17 15:20:00+00:00,2026-10-05T08:34:57Z,4.045000,4.056000,4.039000,4.056000,4.048000,4.058000,4.039000,4.056000,changed
2026-02-17 16:20:00+00:00,2026-10-05T08:34:57Z,4.045000,4.056000,4.045000,4.052000,4.048000,4.056000,4.039000,4.052000,changed
2026-02-17 17:20:00+00:00,2026-10-05T08:34:57Z,4.056000,4.060000,4.048000,4.056000,4.052000,4.060000,4.048000,4.056000,changed
2026-02-17 18:20:00+00:00,2026-10-05T08:34:57Z,4.056000,4.060000,4.054000,4.058000,4.052000,4.060000,4.048000,4.058000,changed
2026-02-17 19:20:00+00:00,2026-10-05T08:34:57Z,4.058000,4.060000,4.052000,4.052000,4.060000,4.060000,4.052000,4.052000,changed
2026-02-18 14:20:00+00:00,2026-10-05T08:34:57Z,4.075000,4.085000,4.075000,4.079000,4.067000,4.085000,4.064000,4.079000,changed
2026-02-18 15:20:00+00:00,2026-10-05T08:34:57Z,4.083000,4.085000,4.073000,4.077000,4.079000,4.085000,4.073000,4.077000,changed
2026-02-18 16:20:00+00:00,2026-10-05T08:34:57Z,4.077000,4.079000,4.071000,4.073000,4.083000,4.083000,4.071000,4.073000,changed
2026-02-18 18:20:00+00:00,2026-10-05T08:34:57Z,4.075000,4.088000,4.075000,4.079000,4.071000,4.088000,4.071000,4.079000,changed
2026-02-18 19:20:00+00:00,2026-10-05T08:34:57Z,4.085000,4.088000,4.079000,4.079000,4.081000,4.088000,4.079000,4.079000,changed
2026-02-19 14:20:00+00:00,2026-10-05T08:34:57Z,4.106000,4.106000,4.083000,4.088000,4.100000,4.102000,4.083000,4.088000,changed
2026-02-19 15:20:00+00:00,2026-10-05T08:34:57Z,4.092000,4.094000,4.083000,4.085000,4.088000,4.094000,4.083000,4.085000,changed
2026-02-19 16:20:00+00:00,2026-10-05T08:34:57Z,4.086000,4.094000,4.081000,4.083000,4.088000,4.088000,4.081000,4.083000,changed
2026-02-19 17:20:00+00:00,2026-10-05T08:34:57Z,4.085000,4.088000,4.075000,4.075000,4.085000,4.086000,4.075000,4.075000,changed
2026-02-19 18:20:00+00:00,2026-10-05T08:34:57Z,4.085000,4.086000,4.065000,4.069000,4.085000,4.085000,4.065000,4.069000,changed
2026-02-19 19:20:00+00:00,2026-10-05T08:34:57Z,4.073000,4.079000,4.065000,4.075000,4.069000,4.079000,4.065000,4.075000,changed
2026-02-20 14:20:00+00:00,2026-10-05T08:34:57Z,4.063000,4.104000,4.060000,4.096000,4.071000,4.104000,4.069000,4.096000,changed
2026-02-20 15:20:00+00:00,2026-10-05T08:34:57Z,4.071000,4.104000,4.071000,4.086000,4.077000,4.104000,4.075000,4.086000,changed
2026-02-20 16:20:00+00:00,2026-10-05T08:34:57Z,4.092000,4.098000,4.083000,4.088000,4.096000,4.098000,4.083000,4.088000,changed
2026-02-20 17:20:00+00:00,2026-10-05T08:34:57Z,4.085000,4.100000,4.085000,4.096000,4.096000,4.100000,4.086000,4.096000,changed
2026-02-20 18:20:00+00:00,2026-10-05T08:34:57Z,4.086000,4.100000,4.081000,4.085000,4.094000,4.100000,4.081000,4.085000,changed
2026-02-20 19:20:00+00:00,2026-10-05T08:34:57Z,4.092000,4.094000,4.081000,4.086000,4.088000,4.094000,4.085000,4.086000,changed
2026-02-23 14:20:00+00:00,2026-10-05T08:34:57Z,4.067000,4.069000,4.054000,4.056000,4.063000,4.067000,4.054000,4.056000,changed
2026-02-23 15:20:00+00:00,2026-10-05T08:34:57Z,4.065000,4.067000,4.029000,4.033000,4.060000,4.060000,4.029000,4.033000,changed
2026-02-23 16:20:00+00:00,2026-10-05T08:34:57Z,4.054000,4.056000,4.025000,4.027000,4.042000,4.044000,4.025000,4.027000,changed
2026-02-23 17:20:00+00:00,2026-10-05T08:34:57Z,4.033000,4.035000,4.018000,4.027000,4.029000,4.029000,4.018000,4.027000,changed
2026-02-23 18:20:00+00:00,2026-10-05T08:34:57Z,4.027000,4.029000,4.018000,4.025000,4.023000,4.027000,4.021000,4.025000,changed
2026-02-23 19:20:00+00:00,2026-10-05T08:34:57Z,4.027000,4.031000,4.021000,4.029000,4.023000,4.031000,4.023000,4.029000,changed
2026-02-25 14:20:00+00:00,2026-10-05T08:34:57Z,4.050000,4.058000,4.050000,4.050000,4.056000,4.058000,4.050000,4.050000,changed
2026-02-25 15:20:00+00:00,2026-10-05T08:34:57Z,4.056000,4.056000,4.044000,4.046000,4.056000,4.058000,4.044000,4.046000,changed
2026-02-25 16:20:00+00:00,2026-10-05T08:34:57Z,4.046000,4.048000,4.035000,4.037000,4.052000,4.052000,4.035000,4.037000,changed
2026-02-25 17:20:00+00:00,2026-10-05T08:34:57Z,4.042000,4.042000,4.035000,4.039000,4.044000,4.044000,4.035000,4.039000,changed
2026-02-25 18:20:00+00:00,2026-10-05T08:34:57Z,4.037000,4.048000,4.037000,4.048000,4.035000,4.048000,4.035000,4.048000,changed
2026-02-25 19:20:00+00:00,2026-10-05T08:34:57Z,4.046000,4.050000,4.044000,4.048000,4.040000,4.050000,4.040000,4.048000,changed
2026-02-27 14:20:00+00:00,2026-10-05T08:34:57Z,3.987000,3.994000,3.970000,3.981000,3.987000,3.987000,3.970000,3.981000,changed
2026-02-27 15:20:00+00:00,2026-10-05T08:34:57Z,3.977000,3.983000,3.970000,3.975000,3.975000,3.983000,3.974000,3.975000,changed
2026-02-27 16:20:00+00:00,2026-10-05T08:34:57Z,3.979000,3.983000,3.968000,3.975000,3.975000,3.977000,3.968000,3.975000,changed
2026-02-27 17:20:00+00:00,2026-10-05T08:34:57Z,3.974000,3.975000,3.966000,3.966000,3.970000,3.975000,3.966000,3.966000,changed
2026-02-27 18:20:00+00:00,2026-10-05T08:34:57Z,3.970000,3.975000,3.958000,3.958000,3.972000,3.972000,3.958000,3.958000,changed
2026-02-27 19:20:00+00:00,2026-10-05T08:34:57Z,3.968000,3.968000,3.956000,3.962000,3.964000,3.964000,3.956000,3.962000,changed
2026-02-02 18:20:00+00:00,2026-10-05T08:52:24Z,4.271000,4.275000,4.271000,4.275000,4.263000,4.277000,4.261000,4.277000,changed
2026-02-02 19:20:00+00:00,2026-10-05T08:52:24Z,4.275000,4.279000,4.269000,4.275000,4.273000,4.279000,4.269000,4.275000,changed
2026-02-03 14:20:00+00:00,2026-10-05T08:52:24Z,4.292000,4.300000,4.282000,4.284000,4.293000,4.300000,4.282000,4.284000,changed
2026-02-03 15:20:00+00:00,2026-10-05T08:52:24Z,4.292000,4.293000,4.279000,4.287000,4.284000,4.293000,4.279000,4.287000,changed
2026-02-03 16:20:00+00:00,2026-10-05T08:52:24Z,4.285000,4.293000,4.278000,4.285000,4.292000,4.293000,4.278000,4.285000,changed
2026-02-03 18:20:00+00:00,2026-10-05T08:52:24Z,4.290000,4.293000,4.266000,4.271000,4.290000,4.292000,4.266000,4.271000,changed
2026-02-03 19:20:00+00:00,2026-10-05T08:52:24Z,4.284000,4.284000,4.266000,4.274000,4.268000,4.278000,4.266000,4.274000,changed
2026-02-04 14:20:00+00:00,2026-10-05T08:52:24Z,4.271000,4.290000,4.269000,4.271000,4.282000,4.290000,4.269000,4.271000,changed
2026-02-04 15:20:00+00:00,2026-10-05T08:52:24Z,4.284000,4.290000,4.269000,4.271000,4.287000,4.287000,4.269000,4.271000,changed
2026-02-04 17:20:00+00:00,2026-10-05T08:52:24Z,4.278000,4.279000,4.261000,4.271000,4.275000,4.275000,4.261000,4.271000,changed
2026-02-04 18:20:00+00:00,2026-10-05T08:52:24Z,4.263000,4.279000,4.261000,4.279000,4.271000,4.279000,4.268000,4.279000,changed
2026-02-04 19:20:00+00:00,2026-10-05T08:52:24Z,4.275000,4.279000,4.268000,4.275000,4.269000,4.279000,4.269000,4.275000,changed
2026-02-05 14:20:00+00:00,2026-10-05T08:52:24Z,4.232000,4.250000,4.222000,4.222000,4.246000,4.250000,4.222000,4.222000,changed
2026-02-05 15:20:00+00:00,2026-10-05T08:52:24Z,4.234000,4.236000,4.206000,4.210000,4.236000,4.250000,4.206000,4.210000,changed
2026-02-05 16:20:00+00:00,2026-10-05T08:52:24Z,4.216000,4.220000,4.206000,4.210000,4.214000,4.220000,4.206000,4.210000,changed
2026-02-05 17:20:00+00:00,2026-10-05T08:52:24Z,4.216000,4.218000,4.208000,4.212000,4.218000,4.220000,4.208000,4.212000,changed
2026-02-05 18:20:00+00:00,2026-10-05T08:52:24Z,4.212000,4.212000,4.204000,4.210000,4.216000,4.218000,4.204000,4.210000,changed
2026-02-05 19:20:00+00:00,2026-10-05T08:52:24Z,4.204000,4.210000,4.204000,4.210000,4.208000,4.210000,4.204000,4.210000,changed
2026-02-06 14:20:00+00:00,2026-10-05T08:52:24Z,4.198000,4.220000,4.194000,4.216000,4.204000,4.220000,4.194000,4.216000,changed
2026-02-06 15:20:00+00:00,2026-10-05T08:52:24Z,4.214000,4.222000,4.212000,4.218000,4.196000,4.224000,4.194000,4.218000,changed
2026-02-06 16:20:00+00:00,2026-10-05T08:52:24Z,4.216000,4.220000,4.216000,4.218000,4.220000,4.224000,4.212000,4.218000,changed
2026-02-06 17:20:00+00:00,2026-10-05T08:52:24Z,4.218000,4.220000,4.214000,4.216000,4.216000,4.220000,4.212000,4.216000,changed
2026-02-06 18:20:00+00:00,2026-10-05T08:52:24Z,4.214000,4.216000,4.208000,4.210000,4.218000,4.220000,4.208000,4.210000,changed
2026-02-06 19:20:00+00:00,2026-10-05T08:52:24Z,4.210000,4.212000,4.206000,4.206000,4.214000,4.214000,4.206000,4.206000,changed
2026-02-09 14:20:00+00:00,2026-10-05T08:52:24Z,4.220000,4.226000,4.210000,4.220000,4.218000,4.226000,4.210000,4.220000,changed
2026-02-09 15:20:00+00:00,2026-10-05T08:52:24Z,4.218000,4.222000,4.206000,4.208000,4.216000,4.226000,4.206000,4.208000,changed
2026-02-09 16:20:00+00:00,2026-10-05T08:52:24Z,4.212000,4.216000,4.206000,4.206000,4.214000,4.220000,4.206000,4.206000,changed
2026-02-09 17:20:00+00:00,2026-10-05T08:52:24Z,4.210000,4.212000,4.202000,4.206000,4.210000,4.216000,4.202000,4.206000,changed
2026-02-09 18:20:00+00:00,2026-10-05T08:52:24Z,4.206000,4.210000,4.200000,4.202000,4.204000,4.210000,4.200000,4.202000,changed
2026-02-09 19:20:00+00:00,2026-10-05T08:52:24Z,4.204000,4.204000,4.196000,4.198000,4.206000,4.206000,4.196000,4.198000,changed
2026-02-10 14:20:00+00:00,2026-10-05T08:52:24Z,4.164000,4.166000,4.139000,4.145000,4.159000,4.162000,4.139000,4.145000,changed
2026-02-10 15:20:00+00:00,2026-10-05T08:52:24Z,4.154000,4.154000,4.135000,4.139000,4.147000,4.149000,4.135000,4.139000,changed
2026-02-10 16:20:00+00:00,2026-10-05T08:52:24Z,4.145000,4.151000,4.135000,4.145000,4.141000,4.151000,4.135000,4.145000,changed
2026-02-10 17:20:00+00:00,2026-10-05T08:52:24Z,4.137000,4.153000,4.137000,4.149000,4.145000,4.153000,4.143000,4.149000,changed
2026-02-10 18:20:00+00:00,2026-10-05T08:52:24Z,4.143000,4.153000,4.143000,4.151000,4.149000,4.153000,4.149000,4.151000,changed
2026-02-10 19:20:00+00:00,2026-10-05T08:52:24Z,4.153000,4.153000,4.145000,4.147000,4.151000,4.153000,4.145000,4.147000,changed
2026-02-11 14:20:00+00:00,2026-10-05T08:52:24Z,4.176000,4.206000,4.168000,4.170000,4.202000,4.202000,4.168000,4.170000,changed
2026-02-11 15:20:00+00:00,2026-10-05T08:52:24Z,4.184000,4.188000,4.165000,4.170000,4.182000,4.184000,4.165000,4.170000,changed
2026-02-11 16:20:00+00:00,2026-10-05T08:52:24Z,4.165000,4.178000,4.149000,4.149000,4.174000,4.178000,4.149000,4.149000,changed
2026-02-11 17:20:00+00:00,2026-10-05T08:52:24Z,4.165000,4.174000,4.147000,4.172000,4.151000,4.174000,4.147000,4.172000,changed
2026-02-11 18:20:00+00:00,2026-10-05T08:52:24Z,4.155000,4.178000,4.151000,4.172000,4.155000,4.178000,4.153000,4.172000,changed
2026-02-11 19:20:00+00:00,2026-10-05T08:52:24Z,4.174000,4.178000,4.166000,4.172000,4.176000,4.178000,4.170000,4.172000,changed
2026-02-12 14:20:00+00:00,2026-10-05T08:52:24Z,4.162000,4.169000,4.146000,4.146000,4.158000,4.169000,4.146000,4.146000,changed
2026-02-12 15:20:00+00:00,2026-10-05T08:52:24Z,4.152000,4.152000,4.125000,4.127000,4.164000,4.165000,4.125000,4.127000,changed
2026-02-12 16:20:00+00:00,2026-10-05T08:52:24Z,4.140000,4.140000,4.119000,4.123000,4.146000,4.146000,4.119000,4.123000,changed
2026-02-12 17:20:00+00:00,2026-10-05T08:52:24Z,4.127000,4.131000,4.102000,4.102000,4.121000,4.131000,4.102000,4.102000,changed
2026-02-12 18:20:00+00:00,2026-10-05T08:52:24Z,4.127000,4.129000,4.100000,4.100000,4.129000,4.131000,4.100000,4.100000,changed
2026-02-12 19:20:00+00:00,2026-10-05T08:52:24Z,4.104000,4.110000,4.100000,4.104000,4.102000,4.110000,4.100000,4.104000,changed
2026-02-13 14:20:00+00:00,2026-10-05T08:52:24Z,4.087000,4.090000,4.050000,4.064000,4.100000,4.100000,4.050000,4.064000,changed
2026-02-13 15:20:00+00:00,2026-10-05T08:52:24Z,4.062000,4.069000,4.056000,4.062000,4.067000,4.071000,4.050000,4.062000,changed
2026-02-13 16:20:00+00:00,2026-10-05T08:52:24Z,4.064000,4.064000,4.046000,4.054000,4.067000,4.069000,4.046000,4.054000,changed
2026-02-13 17:20:00+00:00,2026-10-05T08:52:24Z,4.052000,4.066000,4.052000,4.064000,4.056000,4.066000,4.046000,4.064000,changed
2026-02-13 18:20:00+00:00,2026-10-05T08:52:24Z,4.064000,4.067000,4.060000,4.064000,4.056000,4.067000,4.056000,4.064000,changed
2026-02-13 19:20:00+00:00,2026-10-05T08:52:24Z,4.066000,4.066000,4.054000,4.056000,4.064000,4.067000,4.054000,4.056000,changed
2026-02-17 14:20:00+00:00,2026-10-05T08:52:24Z,4.029000,4.058000,4.025000,4.052000,4.041000,4.058000,4.041000,4.052000,changed
2026-02-17 15:20:00+00:00,2026-10-05T08:52:24Z,4.048000,4.058000,4.039000,4.056000,4.045000,4.056000,4.039000,4.056000,changed
2026-02-17 16:20:00+00:00,2026-10-05T08:52:24Z,4.048000,4.056000,4.039000,4.052000,4.045000,4.056000,4.045000,4.052000,changed
2026-02-17 17:20:00+00:00,2026-10-05T08:52:24Z,4.052000,4.060000,4.048000,4.056000,4.056000,4.060000,4.048000,4.056000,changed
2026-02-17 18:20:00+00:00,2026-10-05T08:52:24Z,4.052000,4.060000,4.048000,4.058000,4.056000,4.060000,4.054000,4.058000,changed
2026-02-17 19:20:00+00:00,2026-10-05T08:52:24Z,4.060000,4.060000,4.052000,4.052000,4.058000,4.060000,4.052000,4.052000,changed
2026-02-18 14:20:00+00:00,2026-10-05T08:52:24Z,4.067000,4.085000,4.064000,4.079000,4.075000,4.085000,4.075000,4.079000,changed
2026-02-18 15:20:00+00:00,2026-10-05T08:52:24Z,4.079000,4.085000,4.073000,4.077000,4.083000,4.085000,4.073000,4.077000,changed
2026-02-18 16:20:00+00:00,2026-10-05T08:52:24Z,4.083000,4.083000,4.071000,4.073000,4.077000,4.079000,4.071000,4.073000,changed
2026-02-18 18:20:00+00:00,2026-10-05T08:52:24Z,4.071000,4.088000,4.071000,4.079000,4.075000,4.088000,4.075000,4.079000,changed
2026-02-18 19:20:00+00:00,2026-10-05T08:52:24Z,4.081000,4.088000,4.079000,4.079000,4.085000,4.088000,4.079000,4.079000,changed
2026-02-19 14:20:00+00:00,2026-10-05T08:52:24Z,4.100000,4.102000,4.083000,4.088000,4.106000,4.106000,4.083000,4.088000,changed
2026-02-19 15:20:00+00:00,2026-10-05T08:52:24Z,4.088000,4.094000,4.083000,4.085000,4.092000,4.094000,4.083000,4.085000,changed
2026-02-19 16:20:00+00:00,2026-10-05T08:52:24Z,4.088000,4.088000,4.081000,4.083000,4.086000,4.094000,4.081000,4.083000,changed
2026-02-19 17:20:00+00:00,2026-10-05T08:52:24Z,4.085000,4.086000,4.075000,4.075000,4.085000,4.088000,4.075000,4.075000,changed
2026-02-19 18:20:00+00:00,2026-10-05T08:52:24Z,4.085000,4.085000,4.065000,4.069000,4.085000,4.086000,4.065000,4.069000,changed
2026-02-19 19:20:00+00:00,2026-10-05T08:52:24Z,4.069000,4.079000,4.065000,4.075000,4.073000,4.079000,4.065000,4.075000,changed
2026-02-20 14:20:00+00:00,2026-10-05T08:52:24Z,4.071000,4.104000,4.069000,4.096000,4.063000,4.104000,4.060000,4.096000,changed
2026-02-20 15:20:00+00:00,2026-10-05T08:52:24Z,4.077000,4.104000,4.075000,4.086000,4.071000,4.104000,4.071000,4.086000,changed
2026-02-20 16:20:00+00:00,2026-10-05T08:52:24Z,4.096000,4.098000,4.083000,4.088000,4.092000,4.098000,4.083000,4.088000,changed
2026-02-20 17:20:00+00:00,2026-10-05T08:52:24Z,4.096000,4.100000,4.086000,4.096000,4.085000,4.100000,4.085000,4.096000,changed
2026-02-20 18:20:00+00:00,2026-10-05T08:52:24Z,4.094000,4.100000,4.081000,4.085000,4.086000,4.100000,4.081000,4.085000,changed
2026-02-20 19:20:00+00:00,2026-10-05T08:52:24Z,4.088000,4.094000,4.085000,4.086000,4.092000,4.094000,4.081000,4.086000,changed
2026-02-23 14:20:00+00:00,2026-10-05T08:52:24Z,4.063000,4.067000,4.054000,4.056000,4.067000,4.069000,4.054000,4.056000,changed
2026-02-23 15:20:00+00:00,2026-10-05T08:52:24Z,4.060000,4.060000,4.029000,4.033000,4.065000,4.067000,4.029000,4.033000,changed
2026-02-23 16:20:00+00:00,2026-10-05T08:52:24Z,4.042000,4.044000,4.025000,4.027000,4.054000,4.056000,4.025000,4.027000,changed
2026-02-23 17:20:00+00:00,2026-10-05T08:52:24Z,4.029000,4.029000,4.018000,4.027000,4.033000,4.035000,4.018000,4.027000,changed
2026-02-23 18:20:00+00:00,2026-10-05T08:52:24Z,4.023000,4.027000,4.021000,4.025000,4.027000,4.029000,4.018000,4.025000,changed
2026-02-23 19:20:00+00:00,2026-10-05T08:52:24Z,4.023000,4.031000,4.023000,4.029000,4.027000,4.031000,4.021000,4.029000,changed
2026-02-25 14:20:00+00:00,2026-10-05T08:52:24Z,4.056000,4.058000,4.050000,4.050000,4.050000,4.058000,4.050000,4.050000,changed
2026-02-25 15:20:00+00:00,2026-10-05T08:52:24Z,4.056000,4.058000,4.044000,4.046000,4.056000,4.056000,4.044000,4.046000,changed
2026-02-25 16:20:00+00:00,2026-10-05T08:52:24Z,4.052000,4.052000,4.035000,4.037000,4.046000,4.048000,4.035000,4.037000,changed
2026-02-25 17:20:00+00:00,2026-10-05T08:52:24Z,4.044000,4.044000,4.035000,4.039000,4.042000,4.042000,4.035000,4.039000,changed
2026-02-25 18:20:00+00:00,2026-10-05T08:52:24Z,4.035000,4.048000,4.035000,4.048000,4.037000,4.048000,4.037000,4.048000,changed
2026-02-25 19:20:00+00:00,2026-10-05T08:52:24Z,4.040000,4.050000,4.040000,4.048000,4.046000,4.050000,4.044000,4.048000,changed
2026-02-27 14:20:00+00:00,2026-10-05T08:52:24Z,3.987000,3.987000,3.970000,3.981000,3.987000,3.994000,3.970000,3.981000,changed
2026-02-27 15:20:00+00:00,2026-10-05T08:52:24Z,3.975000,3.983000,3.974000,3.975000,3.977000,3.983000,3.970000,3.975000,changed
2026-02-27 16:20:00+00:00,2026-10-05T08:52:24Z,3.975000,3.977000,3.968000,3.975000,3.979000,3.983000,3.968000,3.975000,changed
2026-02-27 17:20:00+00:00,2026-10-05T08:52:24Z,3.970000,3.975000,3.966000,3.966000,3.974000,3.975000,3.966000,3.966000,changed
2026-02-27 18:20:00+00:00,2026-10-05T08:52:24Z,3.972000,3.972000,3.958000,3.958000,3.970000,3.975000,3.958000,3.958000,changed
2026-02-27 19:20:00+00:00,2026-10-05T08:52:24Z,3.964000,3.964000,3.956000,3.962000,3.968000,3.968000,3.956000,3.962000,changed
2026-02-02 18:20:00+00:00,2026-10-05T09:34:31Z,4.263000,4.277000,4.261000,4.277000,4.271000,4.275000,4.271000,4.275000,changed
2026-02-02 19:20:00+00:00,2026-10-05T09:34:31Z,4.273000,4.279000,4.269000,4.275000,4.275000,4.279000,4.269000,4.275000,changed
2026-02-03 14:20:00+00:00,2026-10-05T09:34:31Z,4.293000,4.300000,4.282000,4.284000,4.292000,4.300000,4.282000,4.284000,changed
2026-02-03 15:20:00+00:00,2026-10-05T09:34:31Z,4.284000,4.293000,4.279000,4.287000,4.292000,4.293000,4.279000,4.287000,changed
2026-02-03 16:20:00+00:00,2026-10-05T09:34:31Z,4.292000,4.293000,4.278000,4.285000,4.285000,4.293000,4.278000,4.285000,changed
2026-02-03 18:20:00+00:00,2026-10-05T09:34:31Z,4.290000,4.292000,4.266000,4.271000,4.290000,4.293000,4.266000,4.271000,changed
2026-02-03 19:20:00+00:00,2026-10-05T09:34:31Z,4.268000,4.278000,4.266000,4.274000,4.284000,4.284000,4.266000,4.274000,changed
2026-02-04 14:20:00+00:00,2026-10-05T09:34:31Z,4.282000,4.290000,4.269000,4.271000,4.271000,4.290000,4.269000,4.271000,changed
2026-02-04 15:20:00+00:00,2026-10-05T09:34:31Z,4.287000,4.287000,4.269000,4.271000,4.284000,4.290000,4.269000,4.271000,changed
2026-02-04 17:20:00+00:00,2026-10-05T09:34:31Z,4.275000,4.275000,4.261000,4.271000,4.278000,4.279000,4.261000,4.271000,changed
2026-02-04 18:20:00+00:00,2026-10-05T09:34:31Z,4.271000,4.279000,4.268000,4.279000,4.263000,4.279000,4.261000,4.279000,changed
2026-02-04 19:20:00+00:00,2026-10-05T09:34:31Z,4.269000,4.279000,4.269000,4.275000,4.275000,4.279000,4.268000,4.275000,changed
2026-02-05 14:20:00+00:00,2026-10-05T09:34:31Z,4.246000,4.250000,4.222000,4.222000,4.232000,4.250000,4.222000,4.222000,changed
2026-02-05 15:20:00+00:00,2026-10-05T09:34:31Z,4.236000,4.250000,4.206000,4.210000,4.234000,4.236000,4.206000,4.210000,changed
2026-02-05 16:20:00+00:00,2026-10-05T09:34:31Z,4.214000,4.220000,4.206000,4.210000,4.216000,4.220000,4.206000,4.210000,changed
2026-02-05 17:20:00+00:00,2026-10-05T09:34:31Z,4.218000,4.220000,4.208000,4.212000,4.216000,4.218000,4.208000,4.212000,changed
2026-02-05 18:20:00+00:00,2026-10-05T09:34:31Z,4.216000,4.218000,4.204000,4.210000,4.212000,4.212000,4.204000,4.210000,changed
2026-02-05 19:20:00+00:00,2026-10-05T09:34:31Z,4.208000,4.210000,4.204000,4.210000,4.204000,4.210000,4.204000,4.210000,changed
2026-02-06 14:20:00+00:00,2026-10-05T09:34:31Z,4.204000,4.220000,4.194000,4.216000,4.198000,4.220000,4.194000,4.216000,changed
2026-02-06 15:20:00+00:00,2026-10-05T09:34:31Z,4.196000,4.224000,4.194000,4.218000,4.214000,4.222000,4.212000,4.218000,changed
2026-02-06 16:20:00+00:00,2026-10-05T09:34:31Z,4.220000,4.224000,4.212000,4.218000,4.216000,4.220000,4.216000,4.218000,changed
2026-02-06 17:20:00+00:00,2026-10-05T09:34:31Z,4.216000,4.220000,4.212000,4.216000,4.218000,4.220000,4.214000,4.216000,changed
2026-02-06 18:20:00+00:00,2026-10-05T09:34:31Z,4.218000,4.220000,4.208000,4.210000,4.214000,4.216000,4.208000,4.210000,changed
2026-02-06 19:20:00+00:00,2026-10-05T09:34:31Z,4.214000,4.214000,4.206000,4.206000,4.210000,4.212000,4.206000,4.206000,changed
2026-02-09 14:20:00+00:00,2026-10-05T09:34:31Z,4.218000,4.226000,4.210000,4.220000,4.220000,4.226000,4.210000,4.220000,changed
2026-02-09 15:20:00+00:00,2026-10-05T09:34:31Z,4.216000,4.226000,4.206000,4.208000,4.218000,4.222000,4.206000,4.208000,changed
2026-02-09 16:20:00+00:00,2026-10-05T09:34:31Z,4.214000,4.220000,4.206000,4.206000,4.212000,4.216000,4.206000,4.206000,changed
2026-02-09 17:20:00+00:00,2026-10-05T09:34:31Z,4.210000,4.216000,4.202000,4.206000,4.210000,4.212000,4.202000,4.206000,changed
2026-02-09 18:20:00+00:00,2026-10-05T09:34:31Z,4.204000,4.210000,4.200000,4.202000,4.206000,4.210000,4.200000,4.202000,changed
2026-02-09 19:20:00+00:00,2026-10-05T09:34:31Z,4.206000,4.206000,4.196000,4.198000,4.204000,4.204000,4.196000,4.198000,changed
2026-02-10 14:20:00+00:00,2026-10-05T09:34:31Z,4.159000,4.162000,4.139000,4.145000,4.164000,4.166000,4.139000,4.145000,changed
2026-02-10 15:20:00+00:00,2026-10-05T09:34:31Z,4.147000,4.149000,4.135000,4.139000,4.154000,4.154000,4.135000,4.139000,changed
2026-02-10 16:20:00+00:00,2026-10-05T09:34:31Z,4.141000,4.151000,4.135000,4.145000,4.145000,4.151000,4.135000,4.145000,changed
2026-02-10 17:20:00+00:00,2026-10-05T09:34:31Z,4.145000,4.153000,4.143000,4.149000,4.137000,4.153000,4.137000,4.149000,changed
2026-02-10 18:20:00+00:00,2026-10-05T09:34:31Z,4.149000,4.153000,4.149000,4.151000,4.143000,4.153000,4.143000,4.151000,changed
2026-02-10 19:20:00+00:00,2026-10-05T09:34:31Z,4.151000,4.153000,4.145000,4.147000,4.153000,4.153000,4.145000,4.147000,changed
2026-02-11 14:20:00+00:00,2026-10-05T09:34:31Z,4.202000,4.202000,4.168000,4.170000,4.176000,4.206000,4.168000,4.170000,changed
2026-02-11 15:20:00+00:00,2026-10-05T09:34:31Z,4.182000,4.184000,4.165000,4.170000,4.184000,4.188000,4.165000,4.170000,changed
2026-02-11 16:20:00+00:00,2026-10-05T09:34:31Z,4.174000,4.178000,4.149000,4.149000,4.165000,4.178000,4.149000,4.149000,changed
2026-02-11 17:20:00+00:00,2026-10-05T09:34:31Z,4.151000,4.174000,4.147000,4.172000,4.165000,4.174000,4.147000,4.172000,changed
2026-02-11 18:20:00+00:00,2026-10-05T09:34:31Z,4.155000,4.178000,4.153000,4.172000,4.155000,4.178000,4.151000,4.172000,changed
2026-02-11 19:20:00+00:00,2026-10-05T09:34:31Z,4.176000,4.178000,4.170000,4.172000,4.174000,4.178000,4.166000,4.172000,changed
2026-02-12 14:20:00+00:00,2026-10-05T09:34:31Z,4.158000,4.169000,4.146000,4.146000,4.162000,4.169000,4.146000,4.146000,changed
2026-02-12 15:20:00+00:00,2026-10-05T09:34:31Z,4.164000,4.165000,4.125000,4.127000,4.152000,4.152000,4.125000,4.127000,changed
2026-02-12 16:20:00+00:00,2026-10-05T09:34:31Z,4.146000,4.146000,4.119000,4.123000,4.140000,4.140000,4.119000,4.123000,changed
2026-02-12 17:20:00+00:00,2026-10-05T09:34:31Z,4.121000,4.131000,4.102000,4.102000,4.127000,4.131000,4.102000,4.102000,changed
2026-02-12 18:20:00+00:00,2026-10-05T09:34:31Z,4.129000,4.131000,4.100000,4.100000,4.127000,4.129000,4.100000,4.100000,changed
2026-02-12 19:20:00+00:00,2026-10-05T09:34:31Z,4.102000,4.110000,4.100000,4.104000,4.104000,4.110000,4.100000,4.104000,changed
2026-02-13 14:20:00+00:00,2026-10-05T09:34:31Z,4.100000,4.100000,4.050000,4.064000,4.087000,4.090000,4.050000,4.064000,changed
2026-02-13 15:20:00+00:00,2026-10-05T09:34:31Z,4.067000,4.071000,4.050000,4.062000,4.062000,4.069000,4.056000,4.062000,changed
2026-02-13 16:20:00+00:00,2026-10-05T09:34:31Z,4.067000,4.069000,4.046000,4.054000,4.064000,4.064000,4.046000,4.054000,changed
2026-02-13 17:20:00+00:00,2026-10-05T09:34:31Z,4.056000,4.066000,4.046000,4.064000,4.052000,4.066000,4.052000,4.064000,changed
2026-02-13 18:20:00+00:00,2026-10-05T09:34:31Z,4.056000,4.067000,4.056000,4.064000,4.064000,4.067000,4.060000,4.064000,changed
2026-02-13 19:20:00+00:00,2026-10-05T09:34:31Z,4.064000,4.067000,4.054000,4.056000,4.066000,4.066000,4.054000,4.056000,changed
2026-02-17 14:20:00+00:00,2026-10-05T09:34:31Z,4.041000,4.058000,4.041000,4.052000,4.029000,4.058000,4.025000,4.052000,changed
2026-02-17 15:20:00+00:00,2026-10-05T09:34:31Z,4.045000,4.056000,4.039000,4.056000,4.048000,4.058000,4.039000,4.056000,changed
2026-02-17 16:20:00+00:00,2026-10-05T09:34:31Z,4.045000,4.056000,4.045000,4.052000,4.048000,4.056000,4.039000,4.052000,changed
2026-02-17 17:20:00+00:00,2026-10-05T09:34:31Z,4.056000,4.060000,4.048000,4.056000,4.052000,4.060000,4.048000,4.056000,changed
2026-02-17 18:20:00+00:00,2026-10-05T09:34:31Z,4.056000,4.060000,4.054000,4.058000,4.052000,4.060000,4.048000,4.058000,changed
2026-02-17 19:20:00+00:00,2026-10-05T09:34:31Z,4.058000,4.060000,4.052000,4.052000,4.060000,4.060000,4.052000,4.052000,changed
2026-02-18 14:20:00+00:00,2026-10-05T09:34:31Z,4.075000,4.085000,4.075000,4.079000,4.067000,4.085000,4.064000,4.079000,changed
2026-02-18 15:20:00+00:00,2026-10-05T09:34:31Z,4.083000,4.085000,4.073000,4.077000,4.079000,4.085000,4.073000,4.077000,changed
2026-02-18 16:20:00+00:00,2026-10-05T09:34:31Z,4.077000,4.079000,4.071000,4.073000,4.083000,4.083000,4.071000,4.073000,changed
2026-02-18 18:20:00+00:00,2026-10-05T09:34:31Z,4.075000,4.088000,4.075000,4.079000,4.071000,4.088000,4.071000,4.079000,changed
2026-02-18 19:20:00+00:00,2026-10-05T09:34:31Z,4.085000,4.088000,4.079000,4.079000,4.081000,4.088000,4.079000,4.079000,changed
2026-02-19 14:20:00+00:00,2026-10-05T09:34:31Z,4.106000,4.106000,4.083000,4.088000,4.100000,4.102000,4.083000,4.088000,changed
2026-02-19 15:20:00+00:00,2026-10-05T09:34:31Z,4.092000,4.094000,4.083000,4.085000,4.088000,4.094000,4.083000,4.085000,changed
2026-02-19 16:20:00+00:00,2026-10-05T09:34:31Z,4.086000,4.094000,4.081000,4.083000,4.088000,4.088000,4.081000,4.083000,changed
2026-02-19 17:20:00+00:00,2026-10-05T09:34:31Z,4.085000,4.088000,4.075000,4.075000,4.085000,4.086000,4.075000,4.075000,changed
2026-02-19 18:20:00+00:00,2026-10-05T09:34:31Z,4.085000,4.086000,4.065000,4.069000,4.085000,4.085000,4.065000,4.069000,changed
2026-02-19 19:20:00+00:00,2026-10-05T09:34:31Z,4.073000,4.079000,4.065000,4.075000,4.069000,4.079000,4.065000,4.075000,changed
2026-02-20 14:20:00+00:00,2026-10-05T09:34:31Z,4.063000,4.104000,4.060000,4.096000,4.071000,4.104000,4.069000,4.096000,changed
2026-02-20 15:20:00+00:00,2026-10-05T09:34:31Z,4.071000,4.104000,4.071000,4.086000,4.077000,4.104000,4.075000,4.086000,changed
2026-02-20 16:20:00+00:00,2026-10-05T09:34:31Z,4.092000,4.098000,4.083000,4.088000,4.096000,4.098000,4.083000,4.088000,changed
2026-02-20 17:20:00+00:00,2026-10-05T09:34:31Z,4.085000,4.100000,4.085000,4.096000,4.096000,4.100000,4.086000,4.096000,changed
2026-02-20 18:20:00+00:00,2026-10-05T09:34:31Z,4.086000,4.100000,4.081000,4.085000,4.094000,4.100000,4.081000,4.085000,changed
2026-02-20 19:20:00+00:00,2026-10-05T09:34:31Z,4.092000,4.094000,4.081000,4.086000,4.088000,4.094000,4.085000,4.086000,changed
2026-02-23 14:20:00+00:00,2026-10-05T09:34:31Z,4.067000,4.069000,4.054000,4.056000,4.063000,4.067000,4.054000,4.056000,changed
2026-02-23 15:20:00+00:00,2026-10-05T09:34:31Z,4.065000,4.067000,4.029000,4.033000,4.060000,4.060000,4.029000,4.033000,changed
2026-02-23 16:20:00+00:00,2026-10-05T09:34:31Z,4.054000,4.056000,4.025000,4.027000,4.042000,4.044000,4.025000,4.027000,changed
2026-02-23 17:20:00+00:00,2026-10-05T09:34:31Z,4.033000,4.035000,4.018000,4.027000,4.029000,4.029000,4.018000,4.027000,changed
2026-02-23 18:20:00+00:00,2026-10-05T09:34:31Z,4.027000,4.029000,4.018000,4.025000,4.023000,4.027000,4.021000,4.025000,changed
2026-02-23 19:20:00+00:00,2026-10-05T09:34:31Z,4.027000,4.031000,4.021000,4.029000,4.023000,4.031000,4.023000,4.029000,changed
2026-02-25 14:20:00+00:00,2026-10-05T09:34:31Z,4.050000,4.058000,4.050000,4.050000,4.056000,4.058000,4.050000,4.050000,changed
2026-02-25 15:20:00+00:00,2026-10-05T09:34:31Z,4.056000,4.056000,4.044000,4.046000,4.056000,4.058000,4.044000,4.046000,changed
2026-02-25 16:20:00+00:00,2026-10-05T09:34:31Z,4.046000,4.048000,4.035000,4.037000,4.052000,4.052000,4.035000,4.037000,changed
2026-02-25 17:20:00+00:00,2026-10-05T09:34:31Z,4.042000,4.042000,4.035000,4.039000,4.044000,4.044000,4.035000,4.039000,changed
2026-02-25 18:20:00+00:00,2026-10-05T09:34:31Z,4.037000,4.048000,4.037000,4.048000,4.035000,4.048000,4.035000,4.048000,changed
2026-02-25 19:20:00+00:00,2026-10-05T09:34:31Z,4.046000,4.050000,4.044000,4.048000,4.040000,4.050000,4.040000,4.048000,changed
2026-02-27 14:20:00+00:00,2026-10-05T09:34:31Z,3.987000,3.994000,3.970000,3.981000,3.987000,3.987000,3.970000,3.981000,changed
2026-02-27 15:20:00+00:00,2026-10-05T09:34:31Z,3.977000,3.983000,3.970000,3.975000,3.975000,3.983000,3.974000,3.975000,changed
2026-02-27 16:20:00+00:00,2026-10-05T09:34:31Z,3.979000,3.983000,3.968000,3.975000,3.975000,3.977000,3.968000,3.975000,changed
2026-02-27 17:20:00+00:00,2026-10-05T09:34:31Z,3.974000,3.975000,3.966000,3.966000,3.970000,3.975000,3.966000,3.966000,changed
2026-02-27 18:20:00+00:00,2026-10-05T09:34:31Z,3.970000,3.975000,3.958000,3.958000,3.972000,3.972000,3.958000,3.958000,changed
2026-02-27 19:20:00+00:00,2026-10-05T09:34:31Z,3.968000,3.968000,3.956000,3.962000,3.964000,3.964000,3.956000,3.962000,changed
2026-02-02 18:20:00+00:00,2026-10-05T11:01:46Z,4.271000,4.275000,4.271000,4.275000,4.263000,4.277000,4.261000,4.277000,changed
2026-02-02 19:20:00+00:00,2026-10-05T11:01:46Z,4.275000,4.279000,4.269000,4.275000,4.273000,4.279000,4.269000,4.275000,changed
2026-02-03 14:20:00+00:00,2026-10-05T11:01:46Z,4.292000,4.300000,4.282000,4.284000,4.293000,4.300000,4.282000,4.284000,changed
2026-02-03 15:20:00+00:00,2026-10-05T11:01:46Z,4.292000,4.293000,4.279000,4.287000,4.284000,4.293000,4.279000,4.287000,changed
2026-02-03 16:20:00+00:00,2026-10-05T11:01:46Z,4.285000,4.293000,4.278000,4.285000,4.292000,4.293000,4.278000,4.285000,changed
2026-02-03 18:20:00+00:00,2026-10-05T11:01:46Z,4.290000,4.293000,4.266000,4.271000,4.290000,4.292000,4.266000,4.271000,changed
2026-02-03 19:20:00+00:00,2026-10-05T11:01:46Z,4.284000,4.284000,4.266000,4.274000,4.268000,4.278000,4.266000,4.274000,changed
2026-02-04 14:20:00+00:00,2026-10-05T11:01:46Z,4.271000,4.290000,4.269000,4.271000,4.282000,4.290000,4.269000,4.271000,changed
2026-02-04 15:20:00+00:00,2026-10-05T11:01:46Z,4.284000,4.290000,4.269000,4.271000,4.287000,4.287000,4.269000,4.271000,changed
2026-02-04 17:20:00+00:00,2026-10-05T11:01:46Z,4.278000,4.279000,4.261000,4.271000,4.275000,4.275000,4.261000,4.271000,changed
2026-02-04 18:20:00+00:00,2026-10-05T11:01:46Z,4.263000,4.279000,4.261000,4.279000,4.271000,4.279000,4.268000,4.279000,changed
2026-02-04 19:20:00+00:00,2026-10-05T11:01:46Z,4.275000,4.279000,4.268000,4.275000,4.269000,4.279000,4.269000,4.275000,changed
2026-02-05 14:20:00+00:00,2026-10-05T11:01:46Z,4.232000,4.250000,4.222000,4.222000,4.246000,4.250000,4.222000,4.222000,changed
2026-02-05 15:20:00+00:00,2026-10-05T11:01:46Z,4.234000,4.236000,4.206000,4.210000,4.236000,4.250000,4.206000,4.210000,changed
2026-02-05 16:20:00+00:00,2026-10-05T11:01:46Z,4.216000,4.220000,4.206000,4.210000,4.214000,4.220000,4.206000,4.210000,changed
2026-02-05 17:20:00+00:00,2026-10-05T11:01:46Z,4.216000,4.218000,4.208000,4.212000,4.218000,4.220000,4.208000,4.212000,changed
2026-02-05 18:20:00+00:00,2026-10-05T11:01:46Z,4.212000,4.212000,4.204000,4.210000,4.216000,4.218000,4.204000,4.210000,changed
2026-02-05 19:20:00+00:00,2026-10-05T11:01:46Z,4.204000,4.210000,4.204000,4.210000,4.208000,4.210000,4.204000,4.210000,changed
2026-02-06 14:20:00+00:00,2026-10-05T11:01:46Z,4.198000,4.220000,4.194000,4.216000,4.204000,4.220000,4.194000,4.216000,changed
2026-02-06 15:20:00+00:00,2026-10-05T11:01:46Z,4.214000,4.222000,4.212000,4.218000,4.196000,4.224000,4.194000,4.218000,changed
2026-02-06 16:20:00+00:00,2026-10-05T11:01:46Z,4.216000,4.220000,4.216000,4.218000,4.220000,4.224000,4.212000,4.218000,changed
2026-02-06 17:20:00+00:00,2026-10-05T11:01:46Z,4.218000,4.220000,4.214000,4.216000,4.216000,4.220000,4.212000,4.216000,changed
2026-02-06 18:20:00+00:00,2026-10-05T11:01:46Z,4.214000,4.216000,4.208000,4.210000,4.218000,4.220000,4.208000,4.210000,changed
2026-02-06 19:20:00+00:00,2026-10-05T11:01:46Z,4.210000,4.212000,4.206000,4.206000,4.214000,4.214000,4.206000,4.206000,changed
2026-02-09 14:20:00+00:00,2026-10-05T11:01:46Z,4.220000,4.226000,4.210000,4.220000,4.218000,4.226000,4.210000,4.220000,changed
2026-02-09 15:20:00+00:00,2026-10-05T11:01:46Z,4.218000,4.222000,4.206000,4.208000,4.216000,4.226000,4.206000,4.208000,changed
2026-02-09 16:20:00+00:00,2026-10-05T11:01:46Z,4.212000,4.216000,4.206000,4.206000,4.214000,4.220000,4.206000,4.206000,changed
2026-02-09 17:20:00+00:00,2026-10-05T11:01:46Z,4.210000,4.212000,4.202000,4.206000,4.210000,4.216000,4.202000,4.206000,changed
2026-02-09 18:20:00+00:00,2026-10-05T11:01:46Z,4.206000,4.210000,4.200000,4.202000,4.204000,4.210000,4.200000,4.202000,changed
2026-02-09 19:20:00+00:00,2026-10-05T11:01:46Z,4.204000,4.204000,4.196000,4.198000,4.206000,4.206000,4.196000,4.198000,changed
2026-02-10 14:20:00+00:00,2026-10-05T11:01:46Z,4.164000,4.166000,4.139000,4.145000,4.159000,4.162000,4.139000,4.145000,changed
2026-02-10 15:20:00+00:00,2026-10-05T11:01:46Z,4.154000,4.154000,4.135000,4.139000,4.147000,4.149000,4.135000,4.139000,changed
2026-02-10 16:20:00+00:00,2026-10-05T11:01:46Z,4.145000,4.151000,4.135000,4.145000,4.141000,4.151000,4.135000,4.145000,changed
2026-02-10 17:20:00+00:00,2026-10-05T11:01:46Z,4.137000,4.153000,4.137000,4.149000,4.145000,4.153000,4.143000,4.149000,changed
2026-02-10 18:20:00+00:00,2026-10-05T11:01:46Z,4.143000,4.153000,4.143000,4.151000,4.149000,4.153000,4.149000,4.151000,changed
2026-02-10 19:20:00+00:00,2026-10-05T11:01:46Z,4.153000,4.153000,4.145000,4.147000,4.151000,4.153000,4.145000,4.147000,changed
2026-02-11 14:20:00+00:00,2026-10-05T11:01:46Z,4.176000,4.206000,4.168000,4.170000,4.202000,4.202000,4.168000,4.170000,changed
2026-02-11 15:20:00+00:00,2026-10-05T11:01:46Z,4.184000,4.188000,4.165000,4.170000,4.182000,4.184000,4.165000,4.170000,changed
2026-02-11 16:20:00+00:00,2026-10-05T11:01:46Z,4.165000,4.178000,4.149000,4.149000,4.174000,4.178000,4.149000,4.149000,changed
2026-02-11 17:20:00+00:00,2026-10-05T11:01:46Z,4.165000,4.174000,4.147000,4.172000,4.151000,4.174000,4.147000,4.172000,changed
2026-02-11 18:20:00+00:00,2026-10-05T11:01:46Z,4.155000,4.178000,4.151000,4.172000,4.155000,4.178000,4.153000,4.172000,changed
2026-02-11 19:20:00+00:00,2026-10-05T11:01:46Z,4.174000,4.178000,4.166000,4.172000,4.176000,4.178000,4.170000,4.172000,changed
2026-02-12 14:20:00+00:00,2026-10-05T11:01:46Z,4.162000,4.169000,4.146000,4.146000,4.158000,4.169000,4.146000,4.146000,changed
2026-02-12 15:20:00+00:00,2026-10-05T11:01:46Z,4.152000,4.152000,4.125000,4.127000,4.164000,4.165000,4.125000,4.127000,changed
2026-02-12 16:20:00+00:00,2026-10-05T11:01:46Z,4.140000,4.140000,4.119000,4.123000,4.146000,4.146000,4.119000,4.123000,changed
2026-02-12 17:20:00+00:00,2026-10-05T11:01:46Z,4.127000,4.131000,4.102000,4.102000,4.121000,4.131000,4.102000,4.102000,changed
2026-02-12 18:20:00+00:00,2026-10-05T11:01:46Z,4.127000,4.129000,4.100000,4.100000,4.129000,4.131000,4.100000,4.100000,changed
2026-02-12 19:20:00+00:00,2026-10-05T11:01:46Z,4.104000,4.110000,4.100000,4.104000,4.102000,4.110000,4.100000,4.104000,changed
2026-02-13 14:20:00+00:00,2026-10-05T11:01:46Z,4.087000,4.090000,4.050000,4.064000,4.100000,4.100000,4.050000,4.064000,changed
2026-02-13 15:20:00+00:00,2026-10-05T11:01:46Z,4.062000,4.069000,4.056000,4.062000,4.067000,4.071000,4.050000,4.062000,changed
2026-02-13 16:20:00+00:00,2026-10-05T11:01:46Z,4.064000,4.064000,4.046000,4.054000,4.067000,4.069000,4.046000,4.054000,changed
2026-02-13 17:20:00+00:00,2026-10-05T11:01:46Z,4.052000,4.066000,4.052000,4.064000,4.056000,4.066000,4.046000,4.064000,changed
2026-02-13 18:20:00+00:00,2026-10-05T11:01:46Z,4.064000,4.067000,4.060000,4.064000,4.056000,4.067000,4.056000,4.064000,changed
2026-02-13 19:20:00+00:00,2026-10-05T11:01:46Z,4.066000,4.066000,4.054000,4.056000,4.064000,4.067000,4.054000,4.056000,changed
2026-02-17 14:20:00+00:00,2026-10-05T11:01:46Z,4.029000,4.058000,4.025000,4.052000,4.041000,4.058000,4.041000,4.052000,changed
2026-02-17 15:20:00+00:00,2026-10-05T11:01:46Z,4.048000,4.058000,4.039000,4.056000,4.045000,4.056000,4.039000,4.056000,changed
2026-02-17 16:20:00+00:00,2026-10-05T11:01:46Z,4.048000,4.056000,4.039000,4.052000,4.045000,4.056000,4.045000,4.052000,changed
2026-02-17 17:20:00+00:00,2026-10-05T11:01:46Z,4.052000,4.060000,4.048000,4.056000,4.056000,4.060000,4.048000,4.056000,changed
2026-02-17 18:20:00+00:00,2026-10-05T11:01:46Z,4.052000,4.060000,4.048000,4.058000,4.056000,4.060000,4.054000,4.058000,changed
2026-02-17 19:20:00+00:00,2026-10-05T11:01:46Z,4.060000,4.060000,4.052000,4.052000,4.058000,4.060000,4.052000,4.052000,changed
2026-02-18 14:20:00+00:00,2026-10-05T11:01:46Z,4.067000,4.085000,4.064000,4.079000,4.075000,4.085000,4.075000,4.079000,changed
2026-02-18 15:20:00+00:00,2026-10-05T11:01:46Z,4.079000,4.085000,4.073000,4.077000,4.083000,4.085000,4.073000,4.077000,changed
2026-02-18 16:20:00+00:00,2026-10-05T11:01:46Z,4.083000,4.083000,4.071000,4.073000,4.077000,4.079000,4.071000,4.073000,changed
2026-02-18 18:20:00+00:00,2026-10-05T11:01:46Z,4.071000,4.088000,4.071000,4.079000,4.075000,4.088000,4.075000,4.079000,changed
2026-02-18 19:20:00+00:00,2026-10-05T11:01:46Z,4.081000,4.088000,4.079000,4.079000,4.085000,4.088000,4.079000,4.079000,changed
2026-02-19 14:20:00+00:00,2026-10-05T11:01:46Z,4.100000,4.102000,4.083000,4.088000,4.106000,4.106000,4.083000,4.088000,changed
2026-02-19 15:20:00+00:00,2026-10-05T11:01:46Z,4.088000,4.094000,4.083000,4.085000,4.092000,4.094000,4.083000,4.085000,changed
2026-02-19 16:20:00+00:00,2026-10-05T11:01:46Z,4.088000,4.088000,4.081000,4.083000,4.086000,4.094000,4.081000,4.083000,changed
2026-02-19 17:20:00+00:00,2026-10-05T11:01:46Z,4.085000,4.086000,4.075000,4.075000,4.085000,4.088000,4.075000,4.075000,changed
2026-02-19 18:20:00+00:00,2026-10-05T11:01:46Z,4.085000,4.085000,4.065000,4.069000,4.085000,4.086000,4.065000,4.069000,changed
2026-02-19 19:20:00+00:00,2026-10-05T11:01:46Z,4.069000,4.079000,4.065000,4.075000,4.073000,4.079000,4.065000,4.075000,changed
2026-02-20 14:20:00+00:00,2026-10-05T11:01:46Z,4.071000,4.104000,4.069000,4.096000,4.063000,4.104000,4.060000,4.096000,changed
2026-02-20 15:20:00+00:00,2026-10-05T11:01:46Z,4.077000,4.104000,4.075000,4.086000,4.071000,4.104000,4.071000,4.086000,changed
2026-02-20 16:20:00+00:00,2026-10-05T11:01:46Z,4.096000,4.098000,4.083000,4.088000,4.092000,4.098000,4.083000,4.088000,changed
2026-02-20 17:20:00+00:00,2026-10-05T11:01:46Z,4.096000,4.100000,4.086000,4.096000,4.085000,4.100000,4.085000,4.096000,changed
2026-02-20 18:20:00+00:00,2026-10-05T11:01:46Z,4.094000,4.100000,4.081000,4.085000,4.086000,4.100000,4.081000,4.085000,changed
2026-02-20 19:20:00+00:00,2026-10-05T11:01:46Z,4.088000,4.094000,4.085000,4.086000,4.092000,4.094000,4.081000,4.086000,changed
2026-02-23 14:20:00+00:00,2026-10-05T11:01:46Z,4.063000,4.067000,4.054000,4.056000,4.067000,4.069000,4.054000,4.056000,changed
2026-02-23 15:20:00+00:00,2026-10-05T11:01:46Z,4.060000,4.060000,4.029000,4.033000,4.065000,4.067000,4.029000,4.033000,changed
2026-02-23 16:20:00+00:00,2026-10-05T11:01:46Z,4.042000,4.044000,4.025000,4.027000,4.054000,4.056000,4.025000,4.027000,changed
2026-02-23 17:20:00+00:00,2026-10-05T11:01:46Z,4.029000,4.029000,4.018000,4.027000,4.033000,4.035000,4.018000,4.027000,changed
2026-02-23 18:20:00+00:00,2026-10-05T11:01:46Z,4.023000,4.027000,4.021000,4.025000,4.027000,4.029000,4.018000,4.025000,changed
2026-02-23 19:20:00+00:00,2026-10-05T11:01:46Z,4.023000,4.031000,4.023000,4.029000,4.027000,4.031000,4.021000,4.029000,changed
2026-02-25 14:20:00+00:00,2026-10-05T11:01:46Z,4.056000,4.058000,4.050000,4.050000,4.050000,4.058000,4.050000,4.050000,changed
2026-02-25 15:20:00+00:00,2026-10-05T11:01:46Z,4.056000,4.058000,4.044000,4.046000,4.056000,4.056000,4.044000,4.046000,changed
2026-02-25 16:20:00+00:00,2026-10-05T11:01:46Z,4.052000,4.052000,4.035000,4.037000,4.046000,4.048000,4.035000,4.037000,changed
2026-02-25 17:20:00+00:00,2026-10-05T11:01:46Z,4.044000,4.044000,4.035000,4.039000,4.042000,4.042000,4.035000,4.039000,changed
2026-02-25 18:20:00+00:00,2026-10-05T11:01:46Z,4.035000,4.048000,4.035000,4.048000,4.037000,4.048000,4.037000,4.048000,changed
2026-02-25 19:20:00+00:00,2026-10-05T11:01:46Z,4.040000,4.050000,4.040000,4.048000,4.046000,4.050000,4.044000,4.048000,changed
2026-02-27 14:20:00+00:00,2026-10-05T11:01:46Z,3.987000,3.987000,3.970000,3.981000,3.987000,3.994000,3.970000,3.981000,changed
2026-02-27 15:20:00+00:00,2026-10-05T11:01:46Z,3.975000,3.983000,3.974000,3.975000,3.977000,3.983000,3.970000,3.975000,changed
2026-02-27 16:20:00+00:00,2026-10-05T11:01:46Z,3.975000,3.977000,3.968000,3.975000,3.979000,3.983000,3.968000,3.975000,changed
2026-02-27 17:20:00+00:00,2026-10-05T11:01:46Z,3.970000,3.975000,3.966000,3.966000,3.974000,3.975000,3.966000,3.966000,changed
2026-02-27 18:20:00+00:00,2026-10-05T11:01:46Z,3.972000,3.972000,3.958000,3.958000,3.970000,3.975000,3.958000,3.958000,changed
2026-02-27 19:20:00+00:00,2026-10-05T11:01:46Z,3.964000,3.964000,3.956000,3.962000,3.968000,3.968000,3.956000,3.962000,changed
2026-02-02 18:20:00+00:00,2026-10-05T11:14:49Z,4.263000,4.277000,4.261000,4.277000,4.271000,4.275000,4.271000,4.275000,changed
2026-02-02 19:20:00+00:00,2026-10-05T11:14:49Z,4.273000,4.279000,4.269000,4.275000,4.275000,4.279000,4.269000,4.275000,changed
2026-02-03 14:20:00+00:00,2026-10-05T11:14:49Z,4.293000,4.300000,4.282000,4.284000,4.292000,4.300000,4.282000,4.284000,changed
2026-02-03 15:20:00+00:00,2026-10-05T11:14:49Z,4.284000,4.293000,4.279000,4.287000,4.292000,4.293000,4.279000,4.287000,changed
2026-02-03 16:20:00+00:00,2026-10-05T11:14:49Z,4.292000,4.293000,4.278000,4.285000,4.285000,4.293000,4.278000,4.285000,changed
2026-02-03 18:20:00+00:00,2026-10-05T11:14:49Z,4.290000,4.292000,4.266000,4.271000,4.290000,4.293000,4.266000,4.271000,changed
2026-02-03 19:20:00+00:00,2026-10-05T11:14:49Z,4.268000,4.278000,4.266000,4.274000,4.284000,4.284000,4.266000,4.274000,changed
2026-02-04 14:20:00+00:00,2026-10-05T11:14:49Z,4.282000,4.290000,4.269000,4.271000,4.271000,4.290000,4.269000,4.271000,changed
2026-02-04 15:20:00+00:00,2026-10-05T11:14:49Z,4.287000,4.287000,4.269000,4.271000,4.284000,4.290000,4.269000,4.271000,changed
2026-02-04 17:20:00+00:00,2026-10-05T11:14:49Z,4.275000,4.275000,4.261000,4.271000,4.278000,4.279000,4.261000,4.271000,changed
2026-02-04 18:20:00+00:00,2026-10-05T11:14:49Z,4.271000,4.279000,4.268000,4.279000,4.263000,4.279000,4.261000,4.279000,changed
2026-02-04 19:20:00+00:00,2026-10-05T11:14:49Z,4.269000,4.279000,4.269000,4.275000,4.275000,4.279000,4.268000,4.275000,changed
2026-02-05 14:20:00+00:00,2026-10-05T11:14:49Z,4.246000,4.250000,4.222000,4.222000,4.232000,4.250000,4.222000,4.222000,changed
2026-02-05 15:20:00+00:00,2026-10-05T11:14:49Z,4.236000,4.250000,4.206000,4.210000,4.234000,4.236000,4.206000,4.210000,changed
2026-02-05 16:20:00+00:00,2026-10-05T11:14:49Z,4.214000,4.220000,4.206000,4.210000,4.216000,4.220000,4.206000,4.210000,changed
2026-02-05 17:20:00+00:00,2026-10-05T11:14:49Z,4.218000,4.220000,4.208000,4.212000,4.216000,4.218000,4.208000,4.212000,changed
2026-02-05 18:20:00+00:00,2026-10-05T11:14:49Z,4.216000,4.218000,4.204000,4.210000,4.212000,4.212000,4.204000,4.210000,changed
2026-02-05 19:20:00+00:00,2026-10-05T11:14:49Z,4.208000,4.210000,4.204000,4.210000,4.204000,4.210000,4.204000,4.210000,changed
2026-02-06 14:20:00+00:00,2026-10-05T11:14:49Z,4.204000,4.220000,4.194000,4.216000,4.198000,4.220000,4.194000,4.216000,changed
2026-02-06 15:20:00+00:00,2026-10-05T11:14:49Z,4.196000,4.224000,4.194000,4.218000,4.214000,4.222000,4.212000,4.218000,changed
2026-02-06 16:20:00+00:00,2026-10-05T11:14:49Z,4.220000,4.224000,4.212000,4.218000,4.216000,4.220000,4.216000,4.218000,changed
2026-02-06 17:20:00+00:00,2026-10-05T11:14:49Z,4.216000,4.220000,4.212000,4.216000,4.218000,4.220000,4.214000,4.216000,changed
2026-02-06 18:20:00+00:00,2026-10-05T11:14:49Z,4.218000,4.220000,4.208000,4.210000,4.214000,4.216000,4.208000,4.210000,changed
2026-02-06 19:20:00+00:00,2026-10-05T11:14:49Z,4.214000,4.214000,4.206000,4.206000,4.210000,4.212000,4.206000,4.206000,changed
2026-02-09 14:20:00+00:00,2026-10-05T11:14:49Z,4.218000,4.226000,4.210000,4.220000,4.220000,4.226000,4.210000,4.220000,changed
2026-02-09 15:20:00+00:00,2026-10-05T11:14:49Z,4.216000,4.226000,4.206000,4.208000,4.218000,4.222000,4.206000,4.208000,changed
2026-02-09 16:20:00+00:00,2026-10-05T11:14:49Z,4.214000,4.220000,4.206000,4.206000,4.212000,4.216000,4.206000,4.206000,changed
2026-02-09 17:20:00+00:00,2026-10-05T11:14:49Z,4.210000,4.216000,4.202000,4.206000,4.210000,4.212000,4.202000,4.206000,changed
2026-02-09 18:20:00+00:00,2026-10-05T11:14:49Z,4.204000,4.210000,4.200000,4.202000,4.206000,4.210000,4.200000,4.202000,changed
2026-02-09 19:20:00+00:00,2026-10-05T11:14:49Z,4.206000,4.206000,4.196000,4.198000,4.204000,4.204000,4.196000,4.198000,changed
2026-02-10 14:20:00+00:00,2026-10-05T11:14:49Z,4.159000,4.162000,4.139000,4.145000,4.164000,4.166000,4.139000,4.145000,changed
2026-02-10 15:20:00+00:00,2026-10-05T11:14:49Z,4.147000,4.149000,4.135000,4.139000,4.154000,4.154000,4.135000,4.139000,changed
2026-02-10 16:20:00+00:00,2026-10-05T11:14:49Z,4.141000,4.151000,4.135000,4.145000,4.145000,4.151000,4.135000,4.145000,changed
2026-02-10 17:20:00+00:00,2026-10-05T11:14:49Z,4.145000,4.153000,4.143000,4.149000,4.137000,4.153000,4.137000,4.149000,changed
2026-02-10 18:20:00+00:00,2026-10-05T11:14:49Z,4.149000,4.153000,4.149000,4.151000,4.143000,4.153000,4.143000,4.151000,changed
2026-02-10 19:20:00+00:00,2026-10-05T11:14:49Z,4.151000,4.153000,4.145000,4.147000,4.153000,4.153000,4.145000,4.147000,changed
2026-02-11 14:20:00+00:00,2026-10-05T11:14:49Z,4.202000,4.202000,4.168000,4.170000,4.176000,4.206000,4.168000,4.170000,changed
2026-02-11 15:20:00+00:00,2026-10-05T11:14:49Z,4.182000,4.184000,4.165000,4.170000,4.184000,4.188000,4.165000,4.170000,changed
2026-02-11 16:20:00+00:00,2026-10-05T11:14:49Z,4.174000,4.178000,4.149000,4.149000,4.165000,4.178000,4.149000,4.149000,changed
2026-02-11 17:20:00+00:00,2026-10-05T11:14:49Z,4.151000,4.174000,4.147000,4.172000,4.165000,4.174000,4.147000,4.172000,changed
2026-02-11 18:20:00+00:00,2026-10-05T11:14:49Z,4.155000,4.178000,4.153000,4.172000,4.155000,4.178000,4.151000,4.172000,changed
2026-02-11 19:20:00+00:00,2026-10-05T11:14:49Z,4.176000,4.178000,4.170000,4.172000,4.174000,4.178000,4.166000,4.172000,changed
2026-02-12 14:20:00+00:00,2026-10-05T11:14:49Z,4.158000,4.169000,4.146000,4.146000,4.162000,4.169000,4.146000,4.146000,changed
2026-02-12 15:20:00+00:00,2026-10-05T11:14:49Z,4.164000,4.165000,4.125000,4.127000,4.152000,4.152000,4.125000,4.127000,changed
2026-02-12 16:20:00+00:00,2026-10-05T11:14:49Z,4.146000,4.146000,4.119000,4.123000,4.140000,4.140000,4.119000,4.123000,changed
2026-02-12 17:20:00+00:00,2026-10-05T11:14:49Z,4.121000,4.131000,4.102000,4.102000,4.127000,4.131000,4.102000,4.102000,changed
2026-02-12 18:20:00+00:00,2026-10-05T11:14:49Z,4.129000,4.131000,4.100000,4.100000,4.127000,4.129000,4.100000,4.100000,changed
2026-02-12 19:20:00+00:00,2026-10-05T11:14:49Z,4.102000,4.110000,4.100000,4.104000,4.104000,4.110000,4.100000,4.104000,changed
2026-02-13 14:20:00+00:00,2026-10-05T11:14:49Z,4.100000,4.100000,4.050000,4.064000,4.087000,4.090000,4.050000,4.064000,changed
2026-02-13 15:20:00+00:00,2026-10-05T11:14:49Z,4.067000,4.071000,4.050000,4.062000,4.062000,4.069000,4.056000,4.062000,changed
2026-02-13 16:20:00+00:00,2026-10-05T11:14:49Z,4.067000,4.069000,4.046000,4.054000,4.064000,4.064000,4.046000,4.054000,changed
2026-02-13 17:20:00+00:00,2026-10-05T11:14:49Z,4.056000,4.066000,4.046000,4.064000,4.052000,4.066000,4.052000,4.064000,changed
2026-02-13 18:20:00+00:00,2026-10-05T11:14:49Z,4.056000,4.067000,4.056000,4.064000,4.064000,4.067000,4.060000,4.064000,changed
2026-02-13 19:20:00+00:00,2026-10-05T11:14:49Z,4.064000,4.067000,4.054000,4.056000,4.066000,4.066000,4.054000,4.056000,changed
2026-02-17 14:20:00+00:00,2026-10-05T11:14:49Z,4.041000,4.058000,4.041000,4.052000,4.029000,4.058000,4.025000,4.052000,changed
2026-02-17 15:20:00+00:00,2026-10-05T11:14:49Z,4.045000,4.056000,4.039000,4.056000,4.048000,4.058000,4.039000,4.056000,changed
2026-02-17 16:20:00+00:00,2026-10-05T11:14:49Z,4.045000,4.056000,4.045000,4.052000,4.048000,4.056000,4.039000,4.052000,changed
2026-02-17 17:20:00+00:00,2026-10-05T11:14:49Z,4.056000,4.060000,4.048000,4.056000,4.052000,4.060000,4.048000,4.056000,changed
2026-02-17 18:20:00+00:00,2026-10-05T11:14:49Z,4.056000,4.060000,4.054000,4.058000,4.052000,4.060000,4.048000,4.058000,changed
2026-02-17 19:20:00+00:00,2026-10-05T11:14:49Z,4.058000,4.060000,4.052000,4.052000,4.060000,4.060000,4.052000,4.052000,changed
2026-02-18 14:20:00+00:00,2026-10-05T11:14:49Z,4.075000,4.085000,4.075000,4.079000,4.067000,4.085000,4.064000,4.079000,changed
2026-02-18 15:20:00+00:00,2026-10-05T11:14:49Z,4.083000,4.085000,4.073000,4.077000,4.079000,4.085000,4.073000,4.077000,changed
2026-02-18 16:20:00+00:00,2026-10-05T11:14:49Z,4.077000,4.079000,4.071000,4.073000,4.083000,4.083000,4.071000,4.073000,changed
2026-02-18 18:20:00+00:00,2026-10-05T11:14:49Z,4.075000,4.088000,4.075000,4.079000,4.071000,4.088000,4.071000,4.079000,changed
2026-02-18 19:20:00+00:00,2026-10-05T11:14:49Z,4.085000,4.088000,4.079000,4.079000,4.081000,4.088000,4.079000,4.079000,changed
2026-02-19 14:20:00+00:00,2026-10-05T11:14:49Z,4.106000,4.106000,4.083000,4.088000,4.100000,4.102000,4.083000,4.088000,changed
2026-02-19 15:20:00+00:00,2026-10-05T11:14:49Z,4.092000,4.094000,4.083000,4.085000,4.088000,4.094000,4.083000,4.085000,changed
2026-02-19 16:20:00+00:00,2026-10-05T11:14:49Z,4.086000,4.094000,4.081000,4.083000,4.088000,4.088000,4.081000,4.083000,changed
2026-02-19 17:20:00+00:00,2026-10-05T11:14:49Z,4.085000,4.088000,4.075000,4.075000,4.085000,4.086000,4.075000,4.075000,changed
2026-02-19 18:20:00+00:00,2026-10-05T11:14:49Z,4.085000,4.086000,4.065000,4.069000,4.085000,4.085000,4.065000,4.069000,changed
2026-02-19 19:20:00+00:00,2026-10-05T11:14:49Z,4.073000,4.079000,4.065000,4.075000,4.069000,4.079000,4.065000,4.075000,changed
2026-02-20 14:20:00+00:00,2026-10-05T11:14:49Z,4.063000,4.104000,4.060000,4.096000,4.071000,4.104000,4.069000,4.096000,changed
2026-02-20 15:20:00+00:00,2026-10-05T11:14:49Z,4.071000,4.104000,4.071000,4.086000,4.077000,4.104000,4.075000,4.086000,changed
2026-02-20 16:20:00+00:00,2026-10-05T11:14:49Z,4.092000,4.098000,4.083000,4.088000,4.096000,4.098000,4.083000,4.088000,changed
2026-02-20 17:20:00+00:00,2026-10-05T11:14:49Z,4.085000,4.100000,4.085000,4.096000,4.096000,4.100000,4.086000,4.096000,changed
2026-02-20 18:20:00+00:00,2026-10-05T11:14:49Z,4.086000,4.100000,4.081000,4.085000,4.094000,4.100000,4.081000,4.085000,changed
2026-02-20 19:20:00+00:00,2026-10-05T11:14:49Z,4.092000,4.094000,4.081000,4.086000,4.088000,4.094000,4.085000,4.086000,changed
2026-02-23 14:20:00+00:00,2026-10-05T11:14:49Z,4.067000,4.069000,4.054000,4.056000,4.063000,4.067000,4.054000,4.056000,changed
2026-02-23 15:20:00+00:00,2026-10-05T11:14:49Z,4.065000,4.067000,4.029000,4.033000,4.060000,4.060000,4.029000,4.033000,changed
2026-02-23 16:20:00+00:00,2026-10-05T11:14:49Z,4.054000,4.056000,4.025000,4.027000,4.042000,4.044000,4.025000,4.027000,changed
2026-02-23 17:20:00+00:00,2026-10-05T11:14:49Z,4.033000,4.035000,4.018000,4.027000,4.029000,4.029000,4.018000,4.027000,changed
2026-02-23 18:20:00+00:00,2026-10-05T11:14:49Z,4.027000,4.029000,4.018000,4.025000,4.023000,4.027000,4.021000,4.025000,changed
2026-02-23 19:20:00+00:00,2026-10-05T11:14:49Z,4.027000,4.031000,4.021000,4.029000,4.023000,4.031000,4.023000,4.029000,changed
2026-02-25 14:20:00+00:00,2026-10-05T11:14:49Z,4.050000,4.058000,4.050000,4.050000,4.056000,4.058000,4.050000,4.050000,changed
2026-02-25 15:20:00+00:00,2026-10-05T11:14:49Z,4.056000,4.056000,4.044000,4.046000,4.056000,4.058000,4.044000,4.046000,changed
2026-02-25 16:20:00+00:00,2026-10-05T11:14:49Z,4.046000,4.048000,4.035000,4.037000,4.052000,4.052000,4.035000,4.037000,changed
2026-02-25 17:20:00+00:00,2026-10-05T11:14:49Z,4.042000,4.042000,4.035000,4.039000,4.044000,4.044000,4.035000,4.039000,changed
2026-02-25 18:20:00+00:00,2026-10-05T11:14:49Z,4.037000,4.048000,4.037000,4.048000,4.035000,4.048000,4.035000,4.048000,changed
2026-02-25 19:20:00+00:00,2026-10-05T11:14:49Z,4.046000,4.050000,4.044000,4.048000,4.040000,4.050000,4.040000,4.048000,changed
2026-02-27 14:20:00+00:00,2026-10-05T11:14:49Z,3.987000,3.994000,3.970000,3.981000,3.987000,3.987000,3.970000,3.981000,changed
2026-02-27 15:20:00+00:00,2026-10-05T11:14:49Z,3.977000,3.983000,3.970000,3.975000,3.975000,3.983000,3.974000,3.975000,changed
2026-02-27 16:20:00+00:00,2026-10-05T11:14:49Z,3.979000,3.983000,3.968000,3.975000,3.975000,3.977000,3.968000,3.975000,changed
2026-02-27 17:20:00+00:00,2026-10-05T11:14:49Z,3.974000,3.975000,3.966000,3.966000,3.970000,3.975000,3.966000,3.966000,changed
2026-02-27 18:20:00+00:00,2026-10-05T11:14:49Z,3.970000,3.975000,3.958000,3.958000,3.972000,3.972000,3.958000,3.958000,changed
2026-02-27 19:20:00+00:00,2026-10-05T11:14:49Z,3.968000,3.968000,3.956000,3.962000,3.964000,3.964000,3.956000,3.962000,changed
2026-02-02 18:20:00+00:00,2026-10-05T11:48:47Z,4.271000,4.275000,4.271000,4.275000,4.263000,4.277000,4.261000,4.277000,changed
2026-02-02 19:20:00+00:00,2026-10-05T11:48:47Z,4.275000,4.279000,4.269000,4.275000,4.273000,4.279000,4.269000,4.275000,changed
2026-02-03 14:20:00+00:00,2026-10-05T11:48:47Z,4.292000,4.300000,4.282000,4.284000,4.293000,4.300000,4.282000,4.284000,changed
2026-02-03 15:20:00+00:00,2026-10-05T11:48:47Z,4.292000,4.293000,4.279000,4.287000,4.284000,4.293000,4.279000,4.287000,changed
2026-02-03 16:20:00+00:00,2026-10-05T11:48:47Z,4.285000,4.293000,4.278000,4.285000,4.292000,4.293000,4.278000,4.285000,changed
2026-02-03 18:20:00+00:00,2026-10-05T11:48:47Z,4.290000,4.293000,4.266000,4.271000,4.290000,4.292000,4.266000,4.271000,changed
2026-02-03 19:20:00+00:00,2026-10-05T11:48:47Z,4.284000,4.284000,4.266000,4.274000,4.268000,4.278000,4.266000,4.274000,changed
2026-02-04 14:20:00+00:00,2026-10-05T11:48:47Z,4.271000,4.290000,4.269000,4.271000,4.282000,4.290000,4.269000,4.271000,changed
2026-02-04 15:20:00+00:00,2026-10-05T11:48:47Z,4.284000,4.290000,4.269000,4.271000,4.287000,4.287000,4.269000,4.271000,changed
2026-02-04 17:20:00+00:00,2026-10-05T11:48:47Z,4.278000,4.279000,4.261000,4.271000,4.275000,4.275000,4.261000,4.271000,changed
2026-02-04 18:20:00+00:00,2026-10-05T11:48:47Z,4.263000,4.279000,4.261000,4.279000,4.271000,4.279000,4.268000,4.279000,changed
2026-02-04 19:20:00+00:00,2026-10-05T11:48:47Z,4.275000,4.279000,4.268000,4.275000,4.269000,4.279000,4.269000,4.275000,changed
2026-02-05 14:20:00+00:00,2026-10-05T11:48:47Z,4.232000,4.250000,4.222000,4.222000,4.246000,4.250000,4.222000,4.222000,changed
2026-02-05 15:20:00+00:00,2026-10-05T11:48:47Z,4.234000,4.236000,4.206000,4.210000,4.236000,4.250000,4.206000,4.210000,changed
2026-02-05 16:20:00+00:00,2026-10-05T11:48:47Z,4.216000,4.220000,4.206000,4.210000,4.214000,4.220000,4.206000,4.210000,changed
2026-02-05 17:20:00+00:00,2026-10-05T11:48:47Z,4.216000,4.218000,4.208000,4.212000,4.218000,4.220000,4.208000,4.212000,changed
2026-02-05 18:20:00+00:00,2026-10-05T11:48:47Z,4.212000,4.212000,4.204000,4.210000,4.216000,4.218000,4.204000,4.210000,changed
2026-02-05 19:20:00+00:00,2026-10-05T11:48:47Z,4.204000,4.210000,4.204000,4.210000,4.208000,4.210000,4.204000,4.210000,changed
2026-02-06 14:20:00+00:00,2026-10-05T11:48:47Z,4.198000,4.220000,4.194000,4.216000,4.204000,4.220000,4.194000,4.216000,changed
2026-02-06 15:20:00+00:00,2026-10-05T11:48:47Z,4.214000,4.222000,4.212000,4.218000,4.196000,4.224000,4.194000,4.218000,changed
2026-02-06 16:20:00+00:00,2026-10-05T11:48:47Z,4.216000,4.220000,4.216000,4.218000,4.220000,4.224000,4.212000,4.218000,changed
2026-02-06 17:20:00+00:00,2026-10-05T11:48:47Z,4.218000,4.220000,4.214000,4.216000,4.216000,4.220000,4.212000,4.216000,changed
2026-02-06 18:20:00+00:00,2026-10-05T11:48:47Z,4.214000,4.216000,4.208000,4.210000,4.218000,4.220000,4.208000,4.210000,changed
2026-02-06 19:20:00+00:00,2026-10-05T11:48:47Z,4.210000,4.212000,4.206000,4.206000,4.214000,4.214000,4.206000,4.206000,changed
2026-02-09 14:20:00+00:00,2026-10-05T11:48:47Z,4.220000,4.226000,4.210000,4.220000,4.218000,4.226000,4.210000,4.220000,changed
2026-02-09 15:20:00+00:00,2026-10-05T11:48:47Z,4.218000,4.222000,4.206000,4.208000,4.216000,4.226000,4.206000,4.208000,changed
2026-02-09 16:20:00+00:00,2026-10-05T11:48:47Z,4.212000,4.216000,4.206000,4.206000,4.214000,4.220000,4.206000,4.206000,changed
2026-02-09 17:20:00+00:00,2026-10-05T11:48:47Z,4.210000,4.212000,4.202000,4.206000,4.210000,4.216000,4.202000,4.206000,changed
2026-02-09 18:20:00+00:00,2026-10-05T11:48:47Z,4.206000,4.210000,4.200000,4.202000,4.204000,4.210000,4.200000,4.202000,changed
2026-02-09 19:20:00+00:00,2026-10-05T11:48:47Z,4.204000,4.204000,4.196000,4.198000,4.206000,4.206000,4.196000,4.198000,changed
2026-02-10 14:20:00+00:00,2026-10-05T11:48:47Z,4.164000,4.166000,4.139000,4.145000,4.159000,4.162000,4.139000,4.145000,changed
2026-02-10 15:20:00+00:00,2026-10-05T11:48:47Z,4.154000,4.154000,4.135000,4.139000,4.147000,4.149000,4.135000,4.139000,changed
2026-02-10 16:20:00+00:00,2026-10-05T11:48:47Z,4.145000,4.151000,4.135000,4.145000,4.141000,4.151000,4.135000,4.145000,changed
2026-02-10 17:20:00+00:00,2026-10-05T11:48:47Z,4.137000,4.153000,4.137000,4.149000,4.145000,4.153000,4.143000,4.149000,changed
2026-02-10 18:20:00+00:00,2026-10-05T11:48:47Z,4.143000,4.153000,4.143000,4.151000,4.149000,4.153000,4.149000,4.151000,changed
2026-02-10 19:20:00+00:00,2026-10-05T11:48:47Z,4.153000,4.153000,4.145000,4.147000,4.151000,4.153000,4.145000,4.147000,changed
2026-02-11 14:20:00+00:00,2026-10-05T11:48:47Z,4.176000,4.206000,4.168000,4.170000,4.202000,4.202000,4.168000,4.170000,changed
2026-02-11 15:20:00+00:00,2026-10-05T11:48:47Z,4.184000,4.188000,4.165000,4.170000,4.182000,4.184000,4.165000,4.170000,changed
2026-02-11 16:20:00+00:00,2026-10-05T11:48:47Z,4.165000,4.178000,4.149000,4.149000,4.174000,4.178000,4.149000,4.149000,changed
2026-02-11 17:20:00+00:00,2026-10-05T11:48:47Z,4.165000,4.174000,4.147000,4.172000,4.151000,4.174000,4.147000,4.172000,changed
2026-02-11 18:20:00+00:00,2026-10-05T11:48:47Z,4.155000,4.178000,4.151000,4.172000,4.155000,4.178000,4.153000,4.172000,changed
2026-02-11 19:20:00+00:00,2026-10-05T11:48:47Z,4.174000,4.178000,4.166000,4.172000,4.176000,4.178000,4.170000,4.172000,changed
2026-02-12 14:20:00+00:00,2026-10-05T11:48:47Z,4.162000,4.169000,4.146000,4.146000,4.158000,4.169000,4.146000,4.146000,changed
2026-02-12 15:20:00+00:00,2026-10-05T11:48:47Z,4.152000,4.152000,4.125000,4.127000,4.164000,4.165000,4.125000,4.127000,changed
2026-02-12 16:20:00+00:00,2026-10-05T11:48:47Z,4.140000,4.140000,4.119000,4.123000,4.146000,4.146000,4.119000,4.123000,changed
2026-02-12 17:20:00+00:00,2026-10-05T11:48:47Z,4.127000,4.131000,4.102000,4.102000,4.121000,4.131000,4.102000,4.102000,changed
2026-02-12 18:20:00+00:00,2026-10-05T11:48:47Z,4.127000,4.129000,4.100000,4.100000,4.129000,4.131000,4.100000,4.100000,changed
2026-02-12 19:20:00+00:00,2026-10-05T11:48:47Z,4.104000,4.110000,4.100000,4.104000,4.102000,4.110000,4.100000,4.104000,changed
2026-02-13 14:20:00+00:00,2026-10-05T11:48:47Z,4.087000,4.090000,4.050000,4.064000,4.100000,4.100000,4.050000,4.064000,changed
2026-02-13 15:20:00+00:00,2026-10-05T11:48:47Z,4.062000,4.069000,4.056000,4.062000,4.067000,4.071000,4.050000,4.062000,changed
2026-02-13 16:20:00+00:00,2026-10-05T11:48:47Z,4.064000,4.064000,4.046000,4.054000,4.067000,4.069000,4.046000,4.054000,changed
2026-02-13 17:20:00+00:00,2026-10-05T11:48:47Z,4.052000,4.066000,4.052000,4.064000,4.056000,4.066000,4.046000,4.064000,changed
2026-02-13 18:20:00+00:00,2026-10-05T11:48:47Z,4.064000,4.067000,4.060000,4.064000,4.056000,4.067000,4.056000,4.064000,changed
2026-02-13 19:20:00+00:00,2026-10-05T11:48:47Z,4.066000,4.066000,4.054000,4.056000,4.064000,4.067000,4.054000,4.056000,changed
2026-02-17 14:20:00+00:00,2026-10-05T11:48:47Z,4.029000,4.058000,4.025000,4.052000,4.041000,4.058000,4.041000,4.052000,changed
2026-02-17 15:20:00+00:00,2026-10-05T11:48:47Z,4.048000,4.058000,4.039000,4.056000,4.045000,4.056000,4.039000,4.056000,changed
2026-02-17 16:20:00+00:00,2026-10-05T11:48:47Z,4.048000,4.056000,4.039000,4.052000,4.045000,4.056000,4.045000,4.052000,changed
2026-02-17 17:20:00+00:00,2026-10-05T11:48:47Z,4.052000,4.060000,4.048000,4.056000,4.056000,4.060000,4.048000,4.056000,changed
2026-02-17 18:20:00+00:00,2026-10-05T11:48:47Z,4.052000,4.060000,4.048000,4.058000,4.056000,4.060000,4.054000,4.058000,changed
2026-02-17 19:20:00+00:00,2026-10-05T11:48:47Z,4.060000,4.060000,4.052000,4.052000,4.058000,4.060000,4.052000,4.052000,changed
2026-02-18 14:20:00+00:00,2026-10-05T11:48:47Z,4.067000,4.085000,4.064000,4.079000,4.075000,4.085000,4.075000,4.079000,changed
2026-02-18 15:20:00+00:00,2026-10-05T11:48:47Z,4.079000,4.085000,4.073000,4.077000,4.083000,4.085000,4.073000,4.077000,changed
2026-02-18 16:20:00+00:00,2026-10-05T11:48:47Z,4.083000,4.083000,4.071000,4.073000,4.077000,4.079000,4.071000,4.073000,changed
2026-02-18 18:20:00+00:00,2026-10-05T11:48:47Z,4.071000,4.088000,4.071000,4.079000,4.075000,4.088000,4.075000,4.079000,changed
2026-02-18 19:20:00+00:00,2026-10-05T11:48:47Z,4.081000,4.088000,4.079000,4.079000,4.085000,4.088000,4.079000,4.079000,changed
2026-02-19 14:20:00+00:00,2026-10-05T11:48:47Z,4.100000,4.102000,4.083000,4.088000,4.106000,4.106000,4.083000,4.088000,changed
2026-02-19 15:20:00+00:00,2026-10-05T11:48:47Z,4.088000,4.094000,4.083000,4.085000,4.092000,4.094000,4.083000,4.085000,changed
2026-02-19 16:20:00+00:00,2026-10-05T11:48:47Z,4.088000,4.088000,4.081000,4.083000,4.086000,4.094000,4.081000,4.083000,changed
2026-02-19 17:20:00+00:00,2026-10-05T11:48:47Z,4.085000,4.086000,4.075000,4.075000,4.085000,4.088000,4.075000,4.075000,changed
2026-02-19 18:20:00+00:00,2026-10-05T11:48:47Z,4.085000,4.085000,4.065000,4.069000,4.085000,4.086000,4.065000,4.069000,changed
2026-02-19 19:20:00+00:00,2026-10-05T11:48:47Z,4.069000,4.079000,4.065000,4.075000,4.073000,4.079000,4.065000,4.075000,changed
2026-02-20 14:20:00+00:00,2026-10-05T11:48:47Z,4.071000,4.104000,4.069000,4.096000,4.063000,4.104000,4.060000,4.096000,changed
2026-02-20 15:20:00+00:00,2026-10-05T11:48:47Z,4.077000,4.104000,4.075000,4.086000,4.071000,4.104000,4.071000,4.086000,changed
2026-02-20 16:20:00+00:00,2026-10-05T11:48:47Z,4.096000,4.098000,4.083000,4.088000,4.092000,4.098000,4.083000,4.088000,changed
2026-02-20 17:20:00+00:00,2026-10-05T11:48:47Z,4.096000,4.100000,4.086000,4.096000,4.085000,4.100000,4.085000,4.096000,changed
2026-02-20 18:20:00+00:00,2026-10-05T11:48:47Z,4.094000,4.100000,4.081000,4.085000,4.086000,4.100000,4.081000,4.085000,changed
2026-02-20 19:20:00+00:00,2026-10-05T11:48:47Z,4.088000,4.094000,4.085000,4.086000,4.092000,4.094000,4.081000,4.086000,changed
2026-02-23 14:20:00+00:00,2026-10-05T11:48:47Z,4.063000,4.067000,4.054000,4.056000,4.067000,4.069000,4.054000,4.056000,changed
2026-02-23 15:20:00+00:00,2026-10-05T11:48:47Z,4.060000,4.060000,4.029000,4.033000,4.065000,4.067000,4.029000,4.033000,changed
2026-02-23 16:20:00+00:00,2026-10-05T11:48:47Z,4.042000,4.044000,4.025000,4.027000,4.054000,4.056000,4.025000,4.027000,changed
2026-02-23 17:20:00+00:00,2026-10-05T11:48:47Z,4.029000,4.029000,4.018000,4.027000,4.033000,4.035000,4.018000,4.027000,changed
2026-02-23 18:20:00+00:00,2026-10-05T11:48:47Z,4.023000,4.027000,4.021000,4.025000,4.027000,4.029000,4.018000,4.025000,changed
2026-02-23 19:20:00+00:00,2026-10-05T11:48:47Z,4.023000,4.031000,4.023000,4.029000,4.027000,4.031000,4.021000,4.029000,changed
2026-02-25 14:20:00+00:00,2026-10-05T11:48:47Z,4.056000,4.058000,4.050000,4.050000,4.050000,4.058000,4.050000,4.050000,changed
2026-02-25 15:20:00+00:00,2026-10-05T11:48:47Z,4.056000,4.058000,4.044000,4.046000,4.056000,4.056000,4.044000,4.046000,changed
2026-02-25 16:20:00+00:00,2026-10-05T11:48:47Z,4.052000,4.052000,4.035000,4.037000,4.046000,4.048000,4.035000,4.037000,changed
2026-02-25 17:20:00+00:00,2026-10-05T11:48:47Z,4.044000,4.044000,4.035000,4.039000,4.042000,4.042000,4.035000,4.039000,changed
2026-02-25 18:20:00+00:00,2026-10-05T11:48:47Z,4.035000,4.048000,4.035000,4.048000,4.037000,4.048000,4.037000,4.048000,changed
2026-02-25 19:20:00+00:00,2026-10-05T11:48:47Z,4.040000,4.050000,4.040000,4.048000,4.046000,4.050000,4.044000,4.048000,changed
2026-02-27 14:20:00+00:00,2026-10-05T11:48:47Z,3.987000,3.987000,3.970000,3.981000,3.987000,3.994000,3.970000,3.981000,changed
2026-02-27 15:20:00+00:00,2026-10-05T11:48:47Z,3.975000,3.983000,3.974000,3.975000,3.977000,3.983000,3.970000,3.975000,changed
2026-02-27 16:20:00+00:00,2026-10-05T11:48:47Z,3.975000,3.977000,3.968000,3.975000,3.979000,3.983000,3.968000,3.975000,changed
2026-02-27 17:20:00+00:00,2026-10-05T11:48:47Z,3.970000,3.975000,3.966000,3.966000,3.974000,3.975000,3.966000,3.966000,changed
2026-02-27 18:20:00+00:00,2026-10-05T11:48:47Z,3.972000,3.972000,3.958000,3.958000,3.970000,3.975000,3.958000,3.958000,changed
2026-02-27 19:20:00+00:00,2026-10-05T11:48:47Z,3.964000,3.964000,3.956000,3.962000,3.968000,3.968000,3.956000,3.962000,changed
2026-02-02 18:20:00+00:00,2026-10-05T12:19:05Z,4.263000,4.277000,4.261000,4.277000,4.271000,4.275000,4.271000,4.275000,changed
2026-02-02 19:20:00+00:00,2026-10-05T12:19:05Z,4.273000,4.279000,4.269000,4.275000,4.275000,4.279000,4.269000,4.275000,changed
2026-02-03 14:20:00+00:00,2026-10-05T12:19:05Z,4.293000,4.300000,4.282000,4.284000,4.292000,4.300000,4.282000,4.284000,changed
2026-02-03 15:20:00+00:00,2026-10-05T12:19:05Z,4.284000,4.293000,4.279000,4.287000,4.292000,4.293000,4.279000,4.287000,changed
2026-02-03 16:20:00+00:00,2026-10-05T12:19:05Z,4.292000,4.293000,4.278000,4.285000,4.285000,4.293000,4.278000,4.285000,changed
2026-02-03 18:20:00+00:00,2026-10-05T12:19:05Z,4.290000,4.292000,4.266000,4.271000,4.290000,4.293000,4.266000,4.271000,changed
2026-02-03 19:20:00+00:00,2026-10-05T12:19:05Z,4.268000,4.278000,4.266000,4.274000,4.284000,4.284000,4.266000,4.274000,changed
2026-02-04 14:20:00+00:00,2026-10-05T12:19:05Z,4.282000,4.290000,4.269000,4.271000,4.271000,4.290000,4.269000,4.271000,changed
2026-02-04 15:20:00+00:00,2026-10-05T12:19:05Z,4.287000,4.287000,4.269000,4.271000,4.284000,4.290000,4.269000,4.271000,changed
2026-02-04 17:20:00+00:00,2026-10-05T12:19:05Z,4.275000,4.275000,4.261000,4.271000,4.278000,4.279000,4.261000,4.271000,changed
2026-02-04 18:20:00+00:00,2026-10-05T12:19:05Z,4.271000,4.279000,4.268000,4.279000,4.263000,4.279000,4.261000,4.279000,changed
2026-02-04 19:20:00+00:00,2026-10-05T12:19:05Z,4.269000,4.279000,4.269000,4.275000,4.275000,4.279000,4.268000,4.275000,changed
2026-02-05 14:20:00+00:00,2026-10-05T12:19:05Z,4.246000,4.250000,4.222000,4.222000,4.232000,4.250000,4.222000,4.222000,changed
2026-02-05 15:20:00+00:00,2026-10-05T12:19:05Z,4.236000,4.250000,4.206000,4.210000,4.234000,4.236000,4.206000,4.210000,changed
2026-02-05 16:20:00+00:00,2026-10-05T12:19:05Z,4.214000,4.220000,4.206000,4.210000,4.216000,4.220000,4.206000,4.210000,changed
2026-02-05 17:20:00+00:00,2026-10-05T12:19:05Z,4.218000,4.220000,4.208000,4.212000,4.216000,4.218000,4.208000,4.212000,changed
2026-02-05 18:20:00+00:00,2026-10-05T12:19:05Z,4.216000,4.218000,4.204000,4.210000,4.212000,4.212000,4.204000,4.210000,changed
2026-02-05 19:20:00+00:00,2026-10-05T12:19:05Z,4.208000,4.210000,4.204000,4.210000,4.204000,4.210000,4.204000,4.210000,changed
2026-02-06 14:20:00+00:00,2026-10-05T12:19:05Z,4.204000,4.220000,4.194000,4.216000,4.198000,4.220000,4.194000,4.216000,changed
2026-02-06 15:20:00+00:00,2026-10-05T12:19:05Z,4.196000,4.224000,4.194000,4.218000,4.214000,4.222000,4.212000,4.218000,changed
2026-02-06 16:20:00+00:00,2026-10-05T12:19:05Z,4.220000,4.224000,4.212000,4.218000,4.216000,4.220000,4.216000,4.218000,changed
2026-02-06 17:20:00+00:00,2026-10-05T12:19:05Z,4.216000,4.220000,4.212000,4.216000,4.218000,4.220000,4.214000,4.216000,changed
2026-02-06 18:20:00+00:00,2026-10-05T12:19:05Z,4.218000,4.220000,4.208000,4.210000,4.214000,4.216000,4.208000,4.210000,changed
2026-02-06 19:20:00+00:00,2026-10-05T12:19:05Z,4.214000,4.214000,4.206000,4.206000,4.210000,4.212000,4.206000,4.206000,changed
2026-02-09 14:20:00+00:00,2026-10-05T12:19:05Z,4.218000,4.226000,4.210000,4.220000,4.220000,4.226000,4.210000,4.220000,changed
2026-02-09 15:20:00+00:00,2026-10-05T12:19:05Z,4.216000,4.226000,4.206000,4.208000,4.218000,4.222000,4.206000,4.208000,changed
2026-02-09 16:20:00+00:00,2026-10-05T12:19:05Z,4.214000,4.220000,4.206000,4.206000,4.212000,4.216000,4.206000,4.206000,changed
2026-02-09 17:20:00+00:00,2026-10-05T12:19:05Z,4.210000,4.216000,4.202000,4.206000,4.210000,4.212000,4.202000,4.206000,changed
2026-02-09 18:20:00+00:00,2026-10-05T12:19:05Z,4.204000,4.210000,4.200000,4.202000,4.206000,4.210000,4.200000,4.202000,changed
2026-02-09 19:20:00+00:00,2026-10-05T12:19:05Z,4.206000,4.206000,4.196000,4.198000,4.204000,4.204000,4.196000,4.198000,changed
2026-02-10 14:20:00+00:00,2026-10-05T12:19:05Z,4.159000,4.162000,4.139000,4.145000,4.164000,4.166000,4.139000,4.145000,changed
2026-02-10 15:20:00+00:00,2026-10-05T12:19:05Z,4.147000,4.149000,4.135000,4.139000,4.154000,4.154000,4.135000,4.139000,changed
2026-02-10 16:20:00+00:00,2026-10-05T12:19:05Z,4.141000,4.151000,4.135000,4.145000,4.145000,4.151000,4.135000,4.145000,changed
2026-02-10 17:20:00+00:00,2026-10-05T12:19:05Z,4.145000,4.153000,4.143000,4.149000,4.137000,4.153000,4.137000,4.149000,changed
2026-02-10 18:20:00+00:00,2026-10-05T12:19:05Z,4.149000,4.153000,4.149000,4.151000,4.143000,4.153000,4.143000,4.151000,changed
2026-02-10 19:20:00+00:00,2026-10-05T12:19:05Z,4.151000,4.153000,4.145000,4.147000,4.153000,4.153000,4.145000,4.147000,changed
2026-02-11 14:20:00+00:00,2026-10-05T12:19:05Z,4.202000,4.202000,4.168000,4.170000,4.176000,4.206000,4.168000,4.170000,changed
2026-02-11 15:20:00+00:00,2026-10-05T12:19:05Z,4.182000,4.184000,4.165000,4.170000,4.184000,4.188000,4.165000,4.170000,changed
2026-02-11 16:20:00+00:00,2026-10-05T12:19:05Z,4.174000,4.178000,4.149000,4.149000,4.165000,4.178000,4.149000,4.149000,changed
2026-02-11 17:20:00+00:00,2026-10-05T12:19:05Z,4.151000,4.174000,4.147000,4.172000,4.165000,4.174000,4.147000,4.172000,changed
2026-02-11 18:20:00+00:00,2026-10-05T12:19:05Z,4.155000,4.178000,4.153000,4.172000,4.155000,4.178000,4.151000,4.172000,changed
2026-02-11 19:20:00+00:00,2026-10-05T12:19:05Z,4.176000,4.178000,4.170000,4.172000,4.174000,4.178000,4.166000,4.172000,changed
2026-02-12 14:20:00+00:00,2026-10-05T12:19:05Z,4.158000,4.169000,4.146000,4.146000,4.162000,4.169000,4.146000,4.146000,changed
2026-02-12 15:20:00+00:00,2026-10-05T12:19:05Z,4.164000,4.165000,4.125000,4.127000,4.152000,4.152000,4.125000,4.127000,changed
2026-02-12 16:20:00+00:00,2026-10-05T12:19:05Z,4.146000,4.146000,4.119000,4.123000,4.140000,4.140000,4.119000,4.123000,changed
2026-02-12 17:20:00+00:00,2026-10-05T12:19:05Z,4.121000,4.131000,4.102000,4.102000,4.127000,4.131000,4.102000,4.102000,changed
2026-02-12 18:20:00+00:00,2026-10-05T12:19:05Z,4.129000,4.131000,4.100000,4.100000,4.127000,4.129000,4.100000,4.100000,changed
2026-02-12 19:20:00+00:00,2026-10-05T12:19:05Z,4.102000,4.110000,4.100000,4.104000,4.104000,4.110000,4.100000,4.104000,changed
2026-02-13 14:20:00+00:00,2026-10-05T12:19:05Z,4.100000,4.100000,4.050000,4.064000,4.087000,4.090000,4.050000,4.064000,changed
2026-02-13 15:20:00+00:00,2026-10-05T12:19:05Z,4.067000,4.071000,4.050000,4.062000,4.062000,4.069000,4.056000,4.062000,changed
2026-02-13 16:20:00+00:00,2026-10-05T12:19:05Z,4.067000,4.069000,4.046000,4.054000,4.064000,4.064000,4.046000,4.054000,changed
2026-02-13 17:20:00+00:00,2026-10-05T12:19:05Z,4.056000,4.066000,4.046000,4.064000,4.052000,4.066000,4.052000,4.064000,changed
2026-02-13 18:20:00+00:00,2026-10-05T12:19:05Z,4.056000,4.067000,4.056000,4.064000,4.064000,4.067000,4.060000,4.064000,changed
2026-02-13 19:20:00+00:00,2026-10-05T12:19:05Z,4.064000,4.067000,4.054000,4.056000,4.066000,4.066000,4.054000,4.056000,changed
2026-02-17 14:20:00+00:00,2026-10-05T12:19:05Z,4.041000,4.058000,4.041000,4.052000,4.029000,4.058000,4.025000,4.052000,changed
2026-02-17 15:20:00+00:00,2026-10-05T12:19:05Z,4.045000,4.056000,4.039000,4.056000,4.048000,4.058000,4.039000,4.056000,changed
2026-02-17 16:20:00+00:00,2026-10-05T12:19:05Z,4.045000,4.056000,4.045000,4.052000,4.048000,4.056000,4.039000,4.052000,changed
2026-02-17 17:20:00+00:00,2026-10-05T12:19:05Z,4.056000,4.060000,4.048000,4.056000,4.052000,4.060000,4.048000,4.056000,changed
2026-02-17 18:20:00+00:00,2026-10-05T12:19:05Z,4.056000,4.060000,4.054000,4.058000,4.052000,4.060000,4.048000,4.058000,changed
2026-02-17 19:20:00+00:00,2026-10-05T12:19:05Z,4.058000,4.060000,4.052000,4.052000,4.060000,4.060000,4.052000,4.052000,changed
2026-02-18 14:20:00+00:00,2026-10-05T12:19:05Z,4.075000,4.085000,4.075000,4.079000,4.067000,4.085000,4.064000,4.079000,changed
2026-02-18 15:20:00+00:00,2026-10-05T12:19:05Z,4.083000,4.085000,4.073000,4.077000,4.079000,4.085000,4.073000,4.077000,changed
2026-02-18 16:20:00+00:00,2026-10-05T12:19:05Z,4.077000,4.079000,4.071000,4.073000,4.083000,4.083000,4.071000,4.073000,changed
2026-02-18 18:20:00+00:00,2026-10-05T12:19:05Z,4.075000,4.088000,4.075000,4.079000,4.071000,4.088000,4.071000,4.079000,changed
2026-02-18 19:20:00+00:00,2026-10-05T12:19:05Z,4.085000,4.088000,4.079000,4.079000,4.081000,4.088000,4.079000,4.079000,changed
2026-02-19 14:20:00+00:00,2026-10-05T12:19:05Z,4.106000,4.106000,4.083000,4.088000,4.100000,4.102000,4.083000,4.088000,changed
2026-02-19 15:20:00+00:00,2026-10-05T12:19:05Z,4.092000,4.094000,4.083000,4.085000,4.088000,4.094000,4.083000,4.085000,changed
2026-02-19 16:20:00+00:00,2026-10-05T12:19:05Z,4.086000,4.094000,4.081000,4.083000,4.088000,4.088000,4.081000,4.083000,changed
2026-02-19 17:20:00+00:00,2026-10-05T12:19:05Z,4.085000,4.088000,4.075000,4.075000,4.085000,4.086000,4.075000,4.075000,changed
2026-02-19 18:20:00+00:00,2026-10-05T12:19:05Z,4.085000,4.086000,4.065000,4.069000,4.085000,4.085000,4.065000,4.069000,changed
2026-02-19 19:20:00+00:00,2026-10-05T12:19:05Z,4.073000,4.079000,4.065000,4.075000,4.069000,4.079000,4.065000,4.075000,changed
2026-02-20 14:20:00+00:00,2026-10-05T12:19:05Z,4.063000,4.104000,4.060000,4.096000,4.071000,4.104000,4.069000,4.096000,changed
2026-02-20 15:20:00+00:00,2026-10-05T12:19:05Z,4.071000,4.104000,4.071000,4.086000,4.077000,4.104000,4.075000,4.086000,changed
2026-02-20 16:20:00+00:00,2026-10-05T12:19:05Z,4.092000,4.098000,4.083000,4.088000,4.096000,4.098000,4.083000,4.088000,changed
2026-02-20 17:20:00+00:00,2026-10-05T12:19:05Z,4.085000,4.100000,4.085000,4.096000,4.096000,4.100000,4.086000,4.096000,changed
2026-02-20 18:20:00+00:00,2026-10-05T12:19:05Z,4.086000,4.100000,4.081000,4.085000,4.094000,4.100000,4.081000,4.085000,changed
2026-02-20 19:20:00+00:00,2026-10-05T12:19:05Z,4.092000,4.094000,4.081000,4.086000,4.088000,4.094000,4.085000,4.086000,changed
2026-02-23 14:20:00+00:00,2026-10-05T12:19:05Z,4.067000,4.069000,4.054000,4.056000,4.063000,4.067000,4.054000,4.056000,changed
2026-02-23 15:20:00+00:00,2026-10-05T12:19:05Z,4.065000,4.067000,4.029000,4.033000,4.060000,4.060000,4.029000,4.033000,changed
2026-02-23 16:20:00+00:00,2026-10-05T12:19:05Z,4.054000,4.056000,4.025000,4.027000,4.042000,4.044000,4.025000,4.027000,changed
2026-02-23 17:20:00+00:00,2026-10-05T12:19:05Z,4.033000,4.035000,4.018000,4.027000,4.029000,4.029000,4.018000,4.027000,changed
2026-02-23 18:20:00+00:00,2026-10-05T12:19:05Z,4.027000,4.029000,4.018000,4.025000,4.023000,4.027000,4.021000,4.025000,changed
2026-02-23 19:20:00+00:00,2026-10-05T12:19:05Z,4.027000,4.031000,4.021000,4.029000,4.023000,4.031000,4.023000,4.029000,changed
2026-02-25 14:20:00+00:00,2026-10-05T12:19:05Z,4.050000,4.058000,4.050000,4.050000,4.056000,4.058000,4.050000,4.050000,changed
2026-02-25 15:20:00+00:00,2026-10-05T12:19:05Z,4.056000,4.056000,4.044000,4.046000,4.056000,4.058000,4.044000,4.046000,changed
2026-02-25 16:20:00+00:00,2026-10-05T12:19:05Z,4.046000,4.048000,4.035000,4.037000,4.052000,4.052000,4.035000,4.037000,changed
2026-02-25 17:20:00+00:00,2026-10-05T12:19:05Z,4.042000,4.042000,4.035000,4.039000,4.044000,4.044000,4.035000,4.039000,changed
2026-02-25 18:20:00+00:00,2026-10-05T12:19:05Z,4.037000,4.048000,4.037000,4.048000,4.035000,4.048000,4.035000,4.048000,changed
2026-02-25 19:20:00+00:00,2026-10-05T12:19:05Z,4.046000,4.050000,4.044000,4.048000,4.040000,4.050000,4.040000,4.048000,changed
2026-02-27 14:20:00+00:00,2026-10-05T12:19:05Z,3.987000,3.994000,3.970000,3.981000,3.987000,3.987000,3.970000,3.981000,changed
2026-02-27 15:20:00+00:00,2026-10-05T12:19:05Z,3.977000,3.983000,3.970000,3.975000,3.975000,3.983000,3.974000,3.975000,changed
2026-02-27 16:20:00+00:00,2026-10-05T12:19:05Z,3.979000,3.983000,3.968000,3.975000,3.975000,3.977000,3.968000,3.975000,changed
2026-02-27 17:20:00+00:00,2026-10-05T12:19:05Z,3.974000,3.975000,3.966000,3.966000,3.970000,3.975000,3.966000,3.966000,changed
2026-02-27 18:20:00+00:00,2026-10-05T12:19:05Z,3.970000,3.975000,3.958000,3.958000,3.972000,3.972000,3.958000,3.958000,changed
2026-02-27 19:20:00+00:00,2026-10-05T12:19:05Z,3.968000,3.968000,3.956000,3.962000,3.964000,3.964000,3.956000,3.962000,changed
2026-02-02 18:20:00+00:00,2026-10-05T12:43:13Z,4.271000,4.275000,4.271000,4.275000,4.263000,4.277000,4.261000,4.277000,changed
2026-02-02 19:20:00+00:00,2026-10-05T12:43:13Z,4.275000,4.279000,4.269000,4.275000,4.273000,4.279000,4.269000,4.275000,changed
2026-02-03 14:20:00+00:00,2026-10-05T12:43:13Z,4.292000,4.300000,4.282000,4.284000,4.293000,4.300000,4.282000,4.284000,changed
2026-02-03 15:20:00+00:00,2026-10-05T12:43:13Z,4.292000,4.293000,4.279000,4.287000,4.284000,4.293000,4.279000,4.287000,changed
2026-02-03 16:20:00+00:00,2026-10-05T12:43:13Z,4.285000,4.293000,4.278000,4.285000,4.292000,4.293000,4.278000,4.285000,changed
2026-02-03 18:20:00+00:00,2026-10-05T12:43:13Z,4.290000,4.293000,4.266000,4.271000,4.290000,4.292000,4.266000,4.271000,changed
2026-02-03 19:20:00+00:00,2026-10-05T12:43:13Z,4.284000,4.284000,4.266000,4.274000,4.268000,4.278000,4.266000,4.274000,changed
2026-02-04 14:20:00+00:00,2026-10-05T12:43:13Z,4.271000,4.290000,4.269000,4.271000,4.282000,4.290000,4.269000,4.271000,changed
2026-02-04 15:20:00+00:00,2026-10-05T12:43:13Z,4.284000,4.290000,4.269000,4.271000,4.287000,4.287000,4.269000,4.271000,changed
2026-02-04 17:20:00+00:00,2026-10-05T12:43:13Z,4.278000,4.279000,4.261000,4.271000,4.275000,4.275000,4.261000,4.271000,changed
2026-02-04 18:20:00+00:00,2026-10-05T12:43:13Z,4.263000,4.279000,4.261000,4.279000,4.271000,4.279000,4.268000,4.279000,changed
2026-02-04 19:20:00+00:00,2026-10-05T12:43:13Z,4.275000,4.279000,4.268000,4.275000,4.269000,4.279000,4.269000,4.275000,changed
2026-02-05 14:20:00+00:00,2026-10-05T12:43:13Z,4.232000,4.250000,4.222000,4.222000,4.246000,4.250000,4.222000,4.222000,changed
2026-02-05 15:20:00+00:00,2026-10-05T12:43:13Z,4.234000,4.236000,4.206000,4.210000,4.236000,4.250000,4.206000,4.210000,changed
2026-02-05 16:20:00+00:00,2026-10-05T12:43:13Z,4.216000,4.220000,4.206000,4.210000,4.214000,4.220000,4.206000,4.210000,changed
2026-02-05 17:20:00+00:00,2026-10-05T12:43:13Z,4.216000,4.218000,4.208000,4.212000,4.218000,4.220000,4.208000,4.212000,changed
2026-02-05 18:20:00+00:00,2026-10-05T12:43:13Z,4.212000,4.212000,4.204000,4.210000,4.216000,4.218000,4.204000,4.210000,changed
2026-02-05 19:20:00+00:00,2026-10-05T12:43:13Z,4.204000,4.210000,4.204000,4.210000,4.208000,4.210000,4.204000,4.210000,changed
2026-02-06 14:20:00+00:00,2026-10-05T12:43:13Z,4.198000,4.220000,4.194000,4.216000,4.204000,4.220000,4.194000,4.216000,changed
2026-02-06 15:20:00+00:00,2026-10-05T12:43:13Z,4.214000,4.222000,4.212000,4.218000,4.196000,4.224000,4.194000,4.218000,changed
2026-02-06 16:20:00+00:00,2026-10-05T12:43:13Z,4.216000,4.220000,4.216000,4.218000,4.220000,4.224000,4.212000,4.218000,changed
2026-02-06 17:20:00+00:00,2026-10-05T12:43:13Z,4.218000,4.220000,4.214000,4.216000,4.216000,4.220000,4.212000,4.216000,changed
2026-02-06 18:20:00+00:00,2026-10-05T12:43:13Z,4.214000,4.216000,4.208000,4.210000,4.218000,4.220000,4.208000,4.210000,changed
2026-02-06 19:20:00+00:00,2026-10-05T12:43:13Z,4.210000,4.212000,4.206000,4.206000,4.214000,4.214000,4.206000,4.206000,changed
2026-02-09 14:20:00+00:00,2026-10-05T12:43:13Z,4.220000,4.226000,4.210000,4.220000,4.218000,4.226000,4.210000,4.220000,changed
2026-02-09 15:20:00+00:00,2026-10-05T12:43:13Z,4.218000,4.222000,4.206000,4.208000,4.216000,4.226000,4.206000,4.208000,changed
2026-02-09 16:20:00+00:00,2026-10-05T12:43:13Z,4.212000,4.216000,4.206000,4.206000,4.214000,4.220000,4.206000,4.206000,changed
2026-02-09 17:20:00+00:00,2026-10-05T12:43:13Z,4.210000,4.212000,4.202000,4.206000,4.210000,4.216000,4.202000,4.206000,changed
2026-02-09 18:20:00+00:00,2026-10-05T12:43:13Z,4.206000,4.210000,4.200000,4.202000,4.204000,4.210000,4.200000,4.202000,changed
2026-02-09 19:20:00+00:00,2026-10-05T12:43:13Z,4.204000,4.204000,4.196000,4.198000,4.206000,4.206000,4.196000,4.198000,changed
2026-02-10 14:20:00+00:00,2026-10-05T12:43:13Z,4.164000,4.166000,4.139000,4.145000,4.159000,4.162000,4.139000,4.145000,changed
2026-02-10 15:20:00+00:00,2026-10-05T12:43:13Z,4.154000,4.154000,4.135000,4.139000,4.147000,4.149000,4.135000,4.139000,changed
2026-02-10 16:20:00+00:00,2026-10-05T12:43:13Z,4.145000,4.151000,4.135000,4.145000,4.141000,4.151000,4.135000,4.145000,changed
2026-02-10 17:20:00+00:00,2026-10-05T12:43:13Z,4.137000,4.153000,4.137000,4.149000,4.145000,4.153000,4.143000,4.149000,changed
2026-02-10 18:20:00+00:00,2026-10-05T12:43:13Z,4.143000,4.153000,4.143000,4.151000,4.149000,4.153000,4.149000,4.151000,changed
2026-02-10 19:20:00+00:00,2026-10-05T12:43:13Z,4.153000,4.153000,4.145000,4.147000,4.151000,4.153000,4.145000,4.147000,changed
2026-02-11 14:20:00+00:00,2026-10-05T12:43:13Z,4.176000,4.206000,4.168000,4.170000,4.202000,4.202000,4.168000,4.170000,changed
2026-02-11 15:20:00+00:00,2026-10-05T12:43:13Z,4.184000,4.188000,4.165000,4.170000,4.182000,4.184000,4.165000,4.170000,changed
2026-02-11 16:20:00+00:00,2026-10-05T12:43:13Z,4.165000,4.178000,4.149000,4.149000,4.174000,4.178000,4.149000,4.149000,changed
2026-02-11 17:20:00+00:00,2026-10-05T12:43:13Z,4.165000,4.174000,4.147000,4.172000,4.151000,4.174000,4.147000,4.172000,changed
2026-02-11 18:20:00+00:00,2026-10-05T12:43:13Z,4.155000,4.178000,4.151000,4.172000,4.155000,4.178000,4.153000,4.172000,changed
2026-02-11 19:20:00+00:00,2026-10-05T12:43:13Z,4.174000,4.178000,4.166000,4.172000,4.176000,4.178000,4.170000,4.172000,changed
2026-02-12 14:20:00+00:00,2026-10-05T12:43:13Z,4.162000,4.169000,4.146000,4.146000,4.158000,4.169000,4.146000,4.146000,changed
2026-02-12 15:20:00+00:00,2026-10-05T12:43:13Z,4.152000,4.152000,4.125000,4.127000,4.164000,4.165000,4.125000,4.127000,changed
2026-02-12 16:20:00+00:00,2026-10-05T12:43:13Z,4.140000,4.140000,4.119000,4.123000,4.146000,4.146000,4.119000,4.123000,changed
2026-02-12 17:20:00+00:00,2026-10-05T12:43:13Z,4.127000,4.131000,4.102000,4.102000,4.121000,4.131000,4.102000,4.102000,changed
2026-02-12 18:20:00+00:00,2026-10-05T12:43:13Z,4.127000,4.129000,4.100000,4.100000,4.129000,4.131000,4.100000,4.100000,changed
2026-02-12 19:20:00+00:00,2026-10-05T12:43:13Z,4.104000,4.110000,4.100000,4.104000,4.102000,4.110000,4.100000,4.104000,changed
2026-02-13 14:20:00+00:00,2026-10-05T12:43:13Z,4.087000,4.090000,4.050000,4.064000,4.100000,4.100000,4.050000,4.064000,changed
2026-02-13 15:20:00+00:00,2026-10-05T12:43:13Z,4.062000,4.069000,4.056000,4.062000,4.067000,4.071000,4.050000,4.062000,changed
2026-02-13 16:20:00+00:00,2026-10-05T12:43:13Z,4.064000,4.064000,4.046000,4.054000,4.067000,4.069000,4.046000,4.054000,changed
2026-02-13 17:20:00+00:00,2026-10-05T12:43:13Z,4.052000,4.066000,4.052000,4.064000,4.056000,4.066000,4.046000,4.064000,changed
2026-02-13 18:20:00+00:00,2026-10-05T12:43:13Z,4.064000,4.067000,4.060000,4.064000,4.056000,4.067000,4.056000,4.064000,changed
2026-02-13 19:20:00+00:00,2026-10-05T12:43:13Z,4.066000,4.066000,4.054000,4.056000,4.064000,4.067000,4.054000,4.056000,changed
2026-02-17 14:20:00+00:00,2026-10-05T12:43:13Z,4.029000,4.058000,4.025000,4.052000,4.041000,4.058000,4.041000,4.052000,changed
2026-02-17 15:20:00+00:00,2026-10-05T12:43:13Z,4.048000,4.058000,4.039000,4.056000,4.045000,4.056000,4.039000,4.056000,changed
2026-02-17 16:20:00+00:00,2026-10-05T12:43:13Z,4.048000,4.056000,4.039000,4.052000,4.045000,4.056000,4.045000,4.052000,changed
2026-02-17 17:20:00+00:00,2026-10-05T12:43:13Z,4.052000,4.060000,4.048000,4.056000,4.056000,4.060000,4.048000,4.056000,changed
2026-02-17 18:20:00+00:00,2026-10-05T12:43:13Z,4.052000,4.060000,4.048000,4.058000,4.056000,4.060000,4.054000,4.058000,changed
2026-02-17 19:20:00+00:00,2026-10-05T12:43:13Z,4.060000,4.060000,4.052000,4.052000,4.058000,4.060000,4.052000,4.052000,changed
2026-02-18 14:20:00+00:00,2026-10-05T12:43:13Z,4.067000,4.085000,4.064000,4.079000,4.075000,4.085000,4.075000,4.079000,changed
2026-02-18 15:20:00+00:00,2026-10-05T12:43:13Z,4.079000,4.085000,4.073000,4.077000,4.083000,4.085000,4.073000,4.077000,changed
2026-02-18 16:20:00+00:00,2026-10-05T12:43:13Z,4.083000,4.083000,4.071000,4.073000,4.077000,4.079000,4.071000,4.073000,changed
2026-02-18 18:20:00+00:00,2026-10-05T12:43:13Z,4.071000,4.088000,4.071000,4.079000,4.075000,4.088000,4.075000,4.079000,changed
2026-02-18 19:20:00+00:00,2026-10-05T12:43:13Z,4.081000,4.088000,4.079000,4.079000,4.085000,4.088000,4.079000,4.079000,changed
2026-02-19 14:20:00+00:00,2026-10-05T12:43:13Z,4.100000,4.102000,4.083000,4.088000,4.106000,4.106000,4.083000,4.088000,changed
2026-02-19 15:20:00+00:00,2026-10-05T12:43:13Z,4.088000,4.094000,4.083000,4.085000,4.092000,4.094000,4.083000,4.085000,changed
2026-02-19 16:20:00+00:00,2026-10-05T12:43:13Z,4.088000,4.088000,4.081000,4.083000,4.086000,4.094000,4.081000,4.083000,changed
2026-02-19 17:20:00+00:00,2026-10-05T12:43:13Z,4.085000,4.086000,4.075000,4.075000,4.085000,4.088000,4.075000,4.075000,changed
2026-02-19 18:20:00+00:00,2026-10-05T12:43:13Z,4.085000,4.085000,4.065000,4.069000,4.085000,4.086000,4.065000,4.069000,changed
2026-02-19 19:20:00+00:00,2026-10-05T12:43:13Z,4.069000,4.079000,4.065000,4.075000,4.073000,4.079000,4.065000,4.075000,changed
2026-02-20 14:20:00+00:00,2026-10-05T12:43:13Z,4.071000,4.104000,4.069000,4.096000,4.063000,4.104000,4.060000,4.096000,changed
2026-02-20 15:20:00+00:00,2026-10-05T12:43:13Z,4.077000,4.104000,4.075000,4.086000,4.071000,4.104000,4.071000,4.086000,changed
2026-02-20 16:20:00+00:00,2026-10-05T12:43:13Z,4.096000,4.098000,4.083000,4.088000,4.092000,4.098000,4.083000,4.088000,changed
2026-02-20 17:20:00+00:00,2026-10-05T12:43:13Z,4.096000,4.100000,4.086000,4.096000,4.085000,4.100000,4.085000,4.096000,changed
2026-02-20 18:20:00+00:00,2026-10-05T12:43:13Z,4.094000,4.100000,4.081000,4.085000,4.086000,4.100000,4.081000,4.085000,changed
2026-02-20 19:20:00+00:00,2026-10-05T12:43:13Z,4.088000,4.094000,4.085000,4.086000,4.092000,4.094000,4.081000,4.086000,changed
2026-02-23 14:20:00+00:00,2026-10-05T12:43:13Z,4.063000,4.067000,4.054000,4.056000,4.067000,4.069000,4.054000,4.056000,changed
2026-02-23 15:20:00+00:00,2026-10-05T12:43:13Z,4.060000,4.060000,4.029000,4.033000,4.065000,4.067000,4.029000,4.033000,changed
2026-02-23 16:20:00+00:00,2026-10-05T12:43:13Z,4.042000,4.044000,4.025000,4.027000,4.054000,4.056000,4.025000,4.027000,changed
2026-02-23 17:20:00+00:00,2026-10-05T12:43:13Z,4.029000,4.029000,4.018000,4.027000,4.033000,4.035000,4.018000,4.027000,changed
2026-02-23 18:20:00+00:00,2026-10-05T12:43:13Z,4.023000,4.027000,4.021000,4.025000,4.027000,4.029000,4.018000,4.025000,changed
2026-02-23 19:20:00+00:00,2026-10-05T12:43:13Z,4.023000,4.031000,4.023000,4.029000,4.027000,4.031000,4.021000,4.029000,changed
2026-02-25 14:20:00+00:00,2026-10-05T12:43:13Z,4.056000,4.058000,4.050000,4.050000,4.050000,4.058000,4.050000,4.050000,changed
2026-02-25 15:20:00+00:00,2026-10-05T12:43:13Z,4.056000,4.058000,4.044000,4.046000,4.056000,4.056000,4.044000,4.046000,changed
2026-02-25 16:20:00+00:00,2026-10-05T12:43:13Z,4.052000,4.052000,4.035000,4.037000,4.046000,4.048000,4.035000,4.037000,changed
2026-02-25 17:20:00+00:00,2026-10-05T12:43:13Z,4.044000,4.044000,4.035000,4.039000,4.042000,4.042000,4.035000,4.039000,changed
2026-02-25 18:20:00+00:00,2026-10-05T12:43:13Z,4.035000,4.048000,4.035000,4.048000,4.037000,4.048000,4.037000,4.048000,changed
2026-02-25 19:20:00+00:00,2026-10-05T12:43:13Z,4.040000,4.050000,4.040000,4.048000,4.046000,4.050000,4.044000,4.048000,changed
2026-02-27 14:20:00+00:00,2026-10-05T12:43:13Z,3.987000,3.987000,3.970000,3.981000,3.987000,3.994000,3.970000,3.981000,changed
2026-02-27 15:20:00+00:00,2026-10-05T12:43:13Z,3.975000,3.983000,3.974000,3.975000,3.977000,3.983000,3.970000,3.975000,changed
2026-02-27 16:20:00+00:00,2026-10-05T12:43:13Z,3.975000,3.977000,3.968000,3.975000,3.979000,3.983000,3.968000,3.975000,changed
2026-02-27 17:20:00+00:00,2026-10-05T12:43:13Z,3.970000,3.975000,3.966000,3.966000,3.974000,3.975000,3.966000,3.966000,changed
2026-02-27 18:20:00+00:00,2026-10-05T12:43:13Z,3.972000,3.972000,3.958000,3.958000,3.970000,3.975000,3.958000,3.958000,changed
2026-02-27 19:20:00+00:00,2026-10-05T12:43:13Z,3.964000,3.964000,3.956000,3.962000,3.968000,3.968000,3.956000,3.962000,changed
2026-02-02 18:20:00+00:00,2026-10-05T13:26:20Z,4.263000,4.277000,4.261000,4.277000,4.271000,4.275000,4.271000,4.275000,changed
2026-02-02 19:20:00+00:00,2026-10-05T13:26:20Z,4.273000,4.279000,4.269000,4.275000,4.275000,4.279000,4.269000,4.275000,changed
2026-02-03 14:20:00+00:00,2026-10-05T13:26:20Z,4.293000,4.300000,4.282000,4.284000,4.292000,4.300000,4.282000,4.284000,changed
2026-02-03 15:20:00+00:00,2026-10-05T13:26:20Z,4.284000,4.293000,4.279000,4.287000,4.292000,4.293000,4.279000,4.287000,changed
2026-02-03 16:20:00+00:00,2026-10-05T13:26:20Z,4.292000,4.293000,4.278000,4.285000,4.285000,4.293000,4.278000,4.285000,changed
2026-02-03 18:20:00+00:00,2026-10-05T13:26:20Z,4.290000,4.292000,4.266000,4.271000,4.290000,4.293000,4.266000,4.271000,changed
2026-02-03 19:20:00+00:00,2026-10-05T13:26:20Z,4.268000,4.278000,4.266000,4.274000,4.284000,4.284000,4.266000,4.274000,changed
2026-02-04 14:20:00+00:00,2026-10-05T13:26:20Z,4.282000,4.290000,4.269000,4.271000,4.271000,4.290000,4.269000,4.271000,changed
2026-02-04 15:20:00+00:00,2026-10-05T13:26:20Z,4.287000,4.287000,4.269000,4.271000,4.284000,4.290000,4.269000,4.271000,changed
2026-02-04 17:20:00+00:00,2026-10-05T13:26:20Z,4.275000,4.275000,4.261000,4.271000,4.278000,4.279000,4.261000,4.271000,changed
2026-02-04 18:20:00+00:00,2026-10-05T13:26:20Z,4.271000,4.279000,4.268000,4.279000,4.263000,4.279000,4.261000,4.279000,changed
2026-02-04 19:20:00+00:00,2026-10-05T13:26:20Z,4.269000,4.279000,4.269000,4.275000,4.275000,4.279000,4.268000,4.275000,changed
2026-02-05 14:20:00+00:00,2026-10-05T13:26:20Z,4.246000,4.250000,4.222000,4.222000,4.232000,4.250000,4.222000,4.222000,changed
2026-02-05 15:20:00+00:00,2026-10-05T13:26:20Z,4.236000,4.250000,4.206000,4.210000,4.234000,4.236000,4.206000,4.210000,changed
2026-02-05 16:20:00+00:00,2026-10-05T13:26:20Z,4.214000,4.220000,4.206000,4.210000,4.216000,4.220000,4.206000,4.210000,changed
2026-02-05 17:20:00+00:00,2026-10-05T13:26:20Z,4.218000,4.220000,4.208000,4.212000,4.216000,4.218000,4.208000,4.212000,changed
2026-02-05 18:20:00+00:00,2026-10-05T13:26:20Z,4.216000,4.218000,4.204000,4.210000,4.212000,4.212000,4.204000,4.210000,changed
2026-02-05 19:20:00+00:00,2026-10-05T13:26:20Z,4.208000,4.210000,4.204000,4.210000,4.204000,4.210000,4.204000,4.210000,changed
2026-02-06 14:20:00+00:00,2026-10-05T13:26:20Z,4.204000,4.220000,4.194000,4.216000,4.198000,4.220000,4.194000,4.216000,changed
2026-02-06 15:20:00+00:00,2026-10-05T13:26:20Z,4.196000,4.224000,4.194000,4.218000,4.214000,4.222000,4.212000,4.218000,changed
2026-02-06 16:20:00+00:00,2026-10-05T13:26:20Z,4.220000,4.224000,4.212000,4.218000,4.216000,4.220000,4.216000,4.218000,changed
2026-02-06 17:20:00+00:00,2026-10-05T13:26:20Z,4.216000,4.220000,4.212000,4.216000,4.218000,4.220000,4.214000,4.216000,changed
2026-02-06 18:20:00+00:00,2026-10-05T13:26:20Z,4.218000,4.220000,4.208000,4.210000,4.214000,4.216000,4.208000,4.210000,changed
2026-02-06 19:20:00+00:00,2026-10-05T13:26:20Z,4.214000,4.214000,4.206000,4.206000,4.210000,4.212000,4.206000,4.206000,changed
2026-02-09 14:20:00+00:00,2026-10-05T13:26:20Z,4.218000,4.226000,4.210000,4.220000,4.220000,4.226000,4.210000,4.220000,changed
2026-02-09 15:20:00+00:00,2026-10-05T13:26:20Z,4.216000,4.226000,4.206000,4.208000,4.218000,4.222000,4.206000,4.208000,changed
2026-02-09 16:20:00+00:00,2026-10-05T13:26:20Z,4.214000,4.220000,4.206000,4.206000,4.212000,4.216000,4.206000,4.206000,changed
2026-02-09 17:20:00+00:00,2026-10-05T13:26:20Z,4.210000,4.216000,4.202000,4.206000,4.210000,4.212000,4.202000,4.206000,changed
2026-02-09 18:20:00+00:00,2026-10-05T13:26:20Z,4.204000,4.210000,4.200000,4.202000,4.206000,4.210000,4.200000,4.202000,changed
2026-02-09 19:20:00+00:00,2026-10-05T13:26:20Z,4.206000,4.206000,4.196000,4.198000,4.204000,4.204000,4.196000,4.198000,changed
2026-02-10 14:20:00+00:00,2026-10-05T13:26:20Z,4.159000,4.162000,4.139000,4.145000,4.164000,4.166000,4.139000,4.145000,changed
2026-02-10 15:20:00+00:00,2026-10-05T13:26:20Z,4.147000,4.149000,4.135000,4.139000,4.154000,4.154000,4.135000,4.139000,changed
2026-02-10 16:20:00+00:00,2026-10-05T13:26:20Z,4.141000,4.151000,4.135000,4.145000,4.145000,4.151000,4.135000,4.145000,changed
2026-02-10 17:20:00+00:00,2026-10-05T13:26:20Z,4.145000,4.153000,4.143000,4.149000,4.137000,4.153000,4.137000,4.149000,changed
2026-02-10 18:20:00+00:00,2026-10-05T13:26:20Z,4.149000,4.153000,4.149000,4.151000,4.143000,4.153000,4.143000,4.151000,changed
2026-02-10 19:20:00+00:00,2026-10-05T13:26:20Z,4.151000,4.153000,4.145000,4.147000,4.153000,4.153000,4.145000,4.147000,changed
2026-02-11 14:20:00+00:00,2026-10-05T13:26:20Z,4.202000,4.202000,4.168000,4.170000,4.176000,4.206000,4.168000,4.170000,changed
2026-02-11 15:20:00+00:00,2026-10-05T13:26:20Z,4.182000,4.184000,4.165000,4.170000,4.184000,4.188000,4.165000,4.170000,changed
2026-02-11 16:20:00+00:00,2026-10-05T13:26:20Z,4.174000,4.178000,4.149000,4.149000,4.165000,4.178000,4.149000,4.149000,changed
2026-02-11 17:20:00+00:00,2026-10-05T13:26:20Z,4.151000,4.174000,4.147000,4.172000,4.165000,4.174000,4.147000,4.172000,changed
2026-02-11 18:20:00+00:00,2026-10-05T13:26:20Z,4.155000,4.178000,4.153000,4.172000,4.155000,4.178000,4.151000,4.172000,changed
2026-02-11 19:20:00+00:00,2026-10-05T13:26:20Z,4.176000,4.178000,4.170000,4.172000,4.174000,4.178000,4.166000,4.172000,changed
2026-02-12 14:20:00+00:00,2026-10-05T13:26:20Z,4.158000,4.169000,4.146000,4.146000,4.162000,4.169000,4.146000,4.146000,changed
2026-02-12 15:20:00+00:00,2026-10-05T13:26:20Z,4.164000,4.165000,4.125000,4.127000,4.152000,4.152000,4.125000,4.127000,changed
2026-02-12 16:20:00+00:00,2026-10-05T13:26:20Z,4.146000,4.146000,4.119000,4.123000,4.140000,4.140000,4.119000,4.123000,changed
2026-02-12 17:20:00+00:00,2026-10-05T13:26:20Z,4.121000,4.131000,4.102000,4.102000,4.127000,4.131000,4.102000,4.102000,changed
2026-02-12 18:20:00+00:00,2026-10-05T13:26:20Z,4.129000,4.131000,4.100000,4.100000,4.127000,4.129000,4.100000,4.100000,changed
2026-02-12 19:20:00+00:00,2026-10-05T13:26:20Z,4.102000,4.110000,4.100000,4.104000,4.104000,4.110000,4.100000,4.104000,changed
2026-02-13 14:20:00+00:00,2026-10-05T13:26:20Z,4.100000,4.100000,4.050000,4.064000,4.087000,4.090000,4.050000,4.064000,changed
2026-02-13 15:20:00+00:00,2026-10-05T13:26:20Z,4.067000,4.071000,4.050000,4.062000,4.062000,4.069000,4.056000,4.062000,changed
2026-02-13 16:20:00+00:00,2026-10-05T13:26:20Z,4.067000,4.069000,4.046000,4.054000,4.064000,4.064000,4.046000,4.054000,changed
2026-02-13 17:20:00+00:00,2026-10-05T13:26:20Z,4.056000,4.066000,4.046000,4.064000,4.052000,4.066000,4.052000,4.064000,changed
2026-02-13 18:20:00+00:00,2026-10-05T13:26:20Z,4.056000,4.067000,4.056000,4.064000,4.064000,4.067000,4.060000,4.064000,changed
2026-02-13 19:20:00+00:00,2026-10-05T13:26:20Z,4.064000,4.067000,4.054000,4.056000,4.066000,4.066000,4.054000,4.056000,changed
2026-02-17 14:20:00+00:00,2026-10-05T13:26:20Z,4.041000,4.058000,4.041000,4.052000,4.029000,4.058000,4.025000,4.052000,changed
2026-02-17 15:20:00+00:00,2026-10-05T13:26:20Z,4.045000,4.056000,4.039000,4.056000,4.048000,4.058000,4.039000,4.056000,changed
2026-02-17 16:20:00+00:00,2026-10-05T13:26:20Z,4.045000,4.056000,4.045000,4.052000,4.048000,4.056000,4.039000,4.052000,changed
2026-02-17 17:20:00+00:00,2026-10-05T13:26:20Z,4.056000,4.060000,4.048000,4.056000,4.052000,4.060000,4.048000,4.056000,changed
2026-02-17 18:20:00+00:00,2026-10-05T13:26:20Z,4.056000,4.060000,4.054000,4.058000,4.052000,4.060000,4.048000,4.058000,changed
2026-02-17 19:20:00+00:00,2026-10-05T13:26:20Z,4.058000,4.060000,4.052000,4.052000,4.060000,4.060000,4.052000,4.052000,changed
2026-02-18 14:20:00+00:00,2026-10-05T13:26:20Z,4.075000,4.085000,4.075000,4.079000,4.067000,4.085000,4.064000,4.079000,changed
2026-02-18 15:20:00+00:00,2026-10-05T13:26:20Z,4.083000,4.085000,4.073000,4.077000,4.079000,4.085000,4.073000,4.077000,changed
2026-02-18 16:20:00+00:00,2026-10-05T13:26:20Z,4.077000,4.079000,4.071000,4.073000,4.083000,4.083000,4.071000,4.073000,changed
2026-02-18 18:20:00+00:00,2026-10-05T13:26:20Z,4.075000,4.088000,4.075000,4.079000,4.071000,4.088000,4.071000,4.079000,changed
2026-02-18 19:20:00+00:00,2026-10-05T13:26:20Z,4.085000,4.088000,4.079000,4.079000,4.081000,4.088000,4.079000,4.079000,changed
2026-02-19 14:20:00+00:00,2026-10-05T13:26:20Z,4.106000,4.106000,4.083000,4.088000,4.100000,4.102000,4.083000,4.088000,changed
2026-02-19 15:20:00+00:00,2026-10-05T13:26:20Z,4.092000,4.094000,4.083000,4.085000,4.088000,4.094000,4.083000,4.085000,changed
2026-02-19 16:20:00+00:00,2026-10-05T13:26:20Z,4.086000,4.094000,4.081000,4.083000,4.088000,4.088000,4.081000,4.083000,changed
2026-02-19 17:20:00+00:00,2026-10-05T13:26:20Z,4.085000,4.088000,4.075000,4.075000,4.085000,4.086000,4.075000,4.075000,changed
2026-02-19 18:20:00+00:00,2026-10-05T13:26:20Z,4.085000,4.086000,4.065000,4.069000,4.085000,4.085000,4.065000,4.069000,changed
2026-02-19 19:20:00+00:00,2026-10-05T13:26:20Z,4.073000,4.079000,4.065000,4.075000,4.069000,4.079000,4.065000,4.075000,changed
2026-02-20 14:20:00+00:00,2026-10-05T13:26:20Z,4.063000,4.104000,4.060000,4.096000,4.071000,4.104000,4.069000,4.096000,changed
2026-02-20 15:20:00+00:00,2026-10-05T13:26:20Z,4.071000,4.104000,4.071000,4.086000,4.077000,4.104000,4.075000,4.086000,changed
2026-02-20 16:20:00+00:00,2026-10-05T13:26:20Z,4.092000,4.098000,4.083000,4.088000,4.096000,4.098000,4.083000,4.088000,changed
2026-02-20 17:20:00+00:00,2026-10-05T13:26:20Z,4.085000,4.100000,4.085000,4.096000,4.096000,4.100000,4.086000,4.096000,changed
2026-02-20 18:20:00+00:00,2026-10-05T13:26:20Z,4.086000,4.100000,4.081000,4.085000,4.094000,4.100000,4.081000,4.085000,changed
2026-02-20 19:20:00+00:00,2026-10-05T13:26:20Z,4.092000,4.094000,4.081000,4.086000,4.088000,4.094000,4.085000,4.086000,changed
2026-02-23 14:20:00+00:00,2026-10-05T13:26:20Z,4.067000,4.069000,4.054000,4.056000,4.063000,4.067000,4.054000,4.056000,changed
2026-02-23 15:20:00+00:00,2026-10-05T13:26:20Z,4.065000,4.067000,4.029000,4.033000,4.060000,4.060000,4.029000,4.033000,changed
2026-02-23 16:20:00+00:00,2026-10-05T13:26:20Z,4.054000,4.056000,4.025000,4.027000,4.042000,4.044000,4.025000,4.027000,changed
2026-02-23 17:20:00+00:00,2026-10-05T13:26:20Z,4.033000,4.035000,4.018000,4.027000,4.029000,4.029000,4.018000,4.027000,changed
2026-02-23 18:20:00+00:00,2026-10-05T13:26:20Z,4.027000,4.029000,4.018000,4.025000,4.023000,4.027000,4.021000,4.025000,changed
2026-02-23 19:20:00+00:00,2026-10-05T13:26:20Z,4.027000,4.031000,4.021000,4.029000,4.023000,4.031000,4.023000,4.029000,changed
2026-02-25 14:20:00+00:00,2026-10-05T13:26:20Z,4.050000,4.058000,4.050000,4.050000,4.056000,4.058000,4.050000,4.050000,changed
2026-02-25 15:20:00+00:00,2026-10-05T13:26:20Z,4.056000,4.056000,4.044000,4.046000,4.056000,4.058000,4.044000,4.046000,changed
2026-02-25 16:20:00+00:00,2026-10-05T13:26:20Z,4.046000,4.048000,4.035000,4.037000,4.052000,4.052000,4.035000,4.037000,changed
2026-02-25 17:20:00+00:00,2026-10-05T13:26:20Z,4.042000,4.042000,4.035000,4.039000,4.044000,4.044000,4.035000,4.039000,changed
2026-02-25 18:20:00+00:00,2026-10-05T13:26:20Z,4.037000,4.048000,4.037000,4.048000,4.035000,4.048000,4.035000,4.048000,changed
2026-02-25 19:20:00+00:00,2026-10-05T13:26:20Z,4.046000,4.050000,4.044000,4.048000,4.040000,4.050000,4.040000,4.048000,changed
2026-02-27 14:20:00+00:00,2026-10-05T13:26:20Z,3.987000,3.994000,3.970000,3.981000,3.987000,3.987000,3.970000,3.981000,changed
2026-02-27 15:20:00+00:00,2026-10-05T13:26:20Z,3.977000,3.983000,3.970000,3.975000,3.975000,3.983000,3.974000,3.975000,changed
2026-02-27 16:20:00+00:00,2026-10-05T13:26:20Z,3.979000,3.983000,3.968000,3.975000,3.975000,3.977000,3.968000,3.975000,changed
2026-02-27 17:20:00+00:00,2026-10-05T13:26:20Z,3.974000,3.975000,3.966000,3.966000,3.970000,3.975000,3.966000,3.966000,changed
2026-02-27 18:20:00+00:00,2026-10-05T13:26:20Z,3.970000,3.975000,3.958000,3.958000,3.972000,3.972000,3.958000,3.958000,changed
2026-02-27 19:20:00+00:00,2026-10-05T13:26:20Z,3.968000,3.968000,3.956000,3.962000,3.964000,3.964000,3.956000,3.962000,changed
2026-02-02 18:20:00+00:00,2026-10-05T14:21:32Z,4.271000,4.275000,4.271000,4.275000,4.263000,4.277000,4.261000,4.277000,changed
2026-02-02 19:20:00+00:00,2026-10-05T14:21:32Z,4.275000,4.279000,4.269000,4.275000,4.273000,4.279000,4.269000,4.275000,changed
2026-02-03 14:20:00+00:00,2026-10-05T14:21:32Z,4.292000,4.300000,4.282000,4.284000,4.293000,4.300000,4.282000,4.284000,changed
2026-02-03 15:20:00+00:00,2026-10-05T14:21:32Z,4.292000,4.293000,4.279000,4.287000,4.284000,4.293000,4.279000,4.287000,changed
2026-02-03 16:20:00+00:00,2026-10-05T14:21:32Z,4.285000,4.293000,4.278000,4.285000,4.292000,4.293000,4.278000,4.285000,changed
2026-02-03 18:20:00+00:00,2026-10-05T14:21:32Z,4.290000,4.293000,4.266000,4.271000,4.290000,4.292000,4.266000,4.271000,changed
2026-02-03 19:20:00+00:00,2026-10-05T14:21:32Z,4.284000,4.284000,4.266000,4.274000,4.268000,4.278000,4.266000,4.274000,changed
2026-02-04 14:20:00+00:00,2026-10-05T14:21:32Z,4.271000,4.290000,4.269000,4.271000,4.282000,4.290000,4.269000,4.271000,changed
2026-02-04 15:20:00+00:00,2026-10-05T14:21:32Z,4.284000,4.290000,4.269000,4.271000,4.287000,4.287000,4.269000,4.271000,changed
2026-02-04 17:20:00+00:00,2026-10-05T14:21:32Z,4.278000,4.279000,4.261000,4.271000,4.275000,4.275000,4.261000,4.271000,changed
2026-02-04 18:20:00+00:00,2026-10-05T14:21:32Z,4.263000,4.279000,4.261000,4.279000,4.271000,4.279000,4.268000,4.279000,changed
2026-02-04 19:20:00+00:00,2026-10-05T14:21:32Z,4.275000,4.279000,4.268000,4.275000,4.269000,4.279000,4.269000,4.275000,changed
2026-02-05 14:20:00+00:00,2026-10-05T14:21:32Z,4.232000,4.250000,4.222000,4.222000,4.246000,4.250000,4.222000,4.222000,changed
2026-02-05 15:20:00+00:00,2026-10-05T14:21:32Z,4.234000,4.236000,4.206000,4.210000,4.236000,4.250000,4.206000,4.210000,changed
2026-02-05 16:20:00+00:00,2026-10-05T14:21:32Z,4.216000,4.220000,4.206000,4.210000,4.214000,4.220000,4.206000,4.210000,changed
2026-02-05 17:20:00+00:00,2026-10-05T14:21:32Z,4.216000,4.218000,4.208000,4.212000,4.218000,4.220000,4.208000,4.212000,changed
2026-02-05 18:20:00+00:00,2026-10-05T14:21:32Z,4.212000,4.212000,4.204000,4.210000,4.216000,4.218000,4.204000,4.210000,changed
2026-02-05 19:20:00+00:00,2026-10-05T14:21:32Z,4.204000,4.210000,4.204000,4.210000,4.208000,4.210000,4.204000,4.210000,changed
2026-02-06 14:20:00+00:00,2026-10-05T14:21:32Z,4.198000,4.220000,4.194000,4.216000,4.204000,4.220000,4.194000,4.216000,changed
2026-02-06 15:20:00+00:00,2026-10-05T14:21:32Z,4.214000,4.222000,4.212000,4.218000,4.196000,4.224000,4.194000,4.218000,changed
2026-02-06 16:20:00+00:00,2026-10-05T14:21:32Z,4.216000,4.220000,4.216000,4.218000,4.220000,4.224000,4.212000,4.218000,changed
2026-02-06 17:20:00+00:00,2026-10-05T14:21:32Z,4.218000,4.220000,4.214000,4.216000,4.216000,4.220000,4.212000,4.216000,changed
2026-02-06 18:20:00+00:00,2026-10-05T14:21:32Z,4.214000,4.216000,4.208000,4.210000,4.218000,4.220000,4.208000,4.210000,changed
2026-02-06 19:20:00+00:00,2026-10-05T14:21:32Z,4.210000,4.212000,4.206000,4.206000,4.214000,4.214000,4.206000,4.206000,changed
2026-02-09 14:20:00+00:00,2026-10-05T14:21:32Z,4.220000,4.226000,4.210000,4.220000,4.218000,4.226000,4.210000,4.220000,changed
2026-02-09 15:20:00+00:00,2026-10-05T14:21:32Z,4.218000,4.222000,4.206000,4.208000,4.216000,4.226000,4.206000,4.208000,changed
2026-02-09 16:20:00+00:00,2026-10-05T14:21:32Z,4.212000,4.216000,4.206000,4.206000,4.214000,4.220000,4.206000,4.206000,changed
2026-02-09 17:20:00+00:00,2026-10-05T14:21:32Z,4.210000,4.212000,4.202000,4.206000,4.210000,4.216000,4.202000,4.206000,changed
2026-02-09 18:20:00+00:00,2026-10-05T14:21:32Z,4.206000,4.210000,4.200000,4.202000,4.204000,4.210000,4.200000,4.202000,changed
2026-02-09 19:20:00+00:00,2026-10-05T14:21:32Z,4.204000,4.204000,4.196000,4.198000,4.206000,4.206000,4.196000,4.198000,changed
2026-02-10 14:20:00+00:00,2026-10-05T14:21:32Z,4.164000,4.166000,4.139000,4.145000,4.159000,4.162000,4.139000,4.145000,changed
2026-02-10 15:20:00+00:00,2026-10-05T14:21:32Z,4.154000,4.154000,4.135000,4.139000,4.147000,4.149000,4.135000,4.139000,changed
2026-02-10 16:20:00+00:00,2026-10-05T14:21:32Z,4.145000,4.151000,4.135000,4.145000,4.141000,4.151000,4.135000,4.145000,changed
2026-02-10 17:20:00+00:00,2026-10-05T14:21:32Z,4.137000,4.153000,4.137000,4.149000,4.145000,4.153000,4.143000,4.149000,changed
2026-02-10 18:20:00+00:00,2026-10-05T14:21:32Z,4.143000,4.153000,4.143000,4.151000,4.149000,4.153000,4.149000,4.151000,changed
2026-02-10 19:20:00+00:00,2026-10-05T14:21:32Z,4.153000,4.153000,4.145000,4.147000,4.151000,4.153000,4.145000,4.147000,changed
2026-02-11 14:20:00+00:00,2026-10-05T14:21:32Z,4.176000,4.206000,4.168000,4.170000,4.202000,4.202000,4.168000,4.170000,changed
2026-02-11 15:20:00+00:00,2026-10-05T14:21:32Z,4.184000,4.188000,4.165000,4.170000,4.182000,4.184000,4.165000,4.170000,changed
2026-02-11 16:20:00+00:00,2026-10-05T14:21:32Z,4.165000,4.178000,4.149000,4.149000,4.174000,4.178000,4.149000,4.149000,changed
2026-02-11 17:20:00+00:00,2026-10-05T14:21:32Z,4.165000,4.174000,4.147000,4.172000,4.151000,4.174000,4.147000,4.172000,changed
2026-02-11 18:20:00+00:00,2026-10-05T14:21:32Z,4.155000,4.178000,4.151000,4.172000,4.155000,4.178000,4.153000,4.172000,changed
2026-02-11 19:20:00+00:00,2026-10-05T14:21:32Z,4.174000,4.178000,4.166000,4.172000,4.176000,4.178000,4.170000,4.172000,changed
2026-02-12 14:20:00+00:00,2026-10-05T14:21:32Z,4.162000,4.169000,4.146000,4.146000,4.158000,4.169000,4.146000,4.146000,changed
2026-02-12 15:20:00+00:00,2026-10-05T14:21:32Z,4.152000,4.152000,4.125000,4.127000,4.164000,4.165000,4.125000,4.127000,changed
2026-02-12 16:20:00+00:00,2026-10-05T14:21:32Z,4.140000,4.140000,4.119000,4.123000,4.146000,4.146000,4.119000,4.123000,changed
2026-02-12 17:20:00+00:00,2026-10-05T14:21:32Z,4.127000,4.131000,4.102000,4.102000,4.121000,4.131000,4.102000,4.102000,changed
2026-02-12 18:20:00+00:00,2026-10-05T14:21:32Z,4.127000,4.129000,4.100000,4.100000,4.129000,4.131000,4.100000,4.100000,changed
2026-02-12 19:20:00+00:00,2026-10-05T14:21:32Z,4.104000,4.110000,4.100000,4.104000,4.102000,4.110000,4.100000,4.104000,changed
2026-02-13 14:20:00+00:00,2026-10-05T14:21:32Z,4.087000,4.090000,4.050000,4.064000,4.100000,4.100000,4.050000,4.064000,changed
2026-02-13 15:20:00+00:00,2026-10-05T14:21:32Z,4.062000,4.069000,4.056000,4.062000,4.067000,4.071000,4.050000,4.062000,changed
2026-02-13 16:20:00+00:00,2026-10-05T14:21:32Z,4.064000,4.064000,4.046000,4.054000,4.067000,4.069000,4.046000,4.054000,changed
2026-02-13 17:20:00+00:00,2026-10-05T14:21:32Z,4.052000,4.066000,4.052000,4.064000,4.056000,4.066000,4.046000,4.064000,changed
2026-02-13 18:20:00+00:00,2026-10-05T14:21:32Z,4.064000,4.067000,4.060000,4.064000,4.056000,4.067000,4.056000,4.064000,changed
2026-02-13 19:20:00+00:00,2026-10-05T14:21:32Z,4.066000,4.066000,4.054000,4.056000,4.064000,4.067000,4.054000,4.056000,changed
2026-02-17 14:20:00+00:00,2026-10-05T14:21:32Z,4.029000,4.058000,4.025000,4.052000,4.041000,4.058000,4.041000,4.052000,changed
2026-02-17 15:20:00+00:00,2026-10-05T14:21:32Z,4.048000,4.058000,4.039000,4.056000,4.045000,4.056000,4.039000,4.056000,changed
2026-02-17 16:20:00+00:00,2026-10-05T14:21:32Z,4.048000,4.056000,4.039000,4.052000,4.045000,4.056000,4.045000,4.052000,changed
2026-02-17 17:20:00+00:00,2026-10-05T14:21:32Z,4.052000,4.060000,4.048000,4.056000,4.056000,4.060000,4.048000,4.056000,changed
2026-02-17 18:20:00+00:00,2026-10-05T14:21:32Z,4.052000,4.060000,4.048000,4.058000,4.056000,4.060000,4.054000,4.058000,changed
2026-02-17 19:20:00+00:00,2026-10-05T14:21:32Z,4.060000,4.060000,4.052000,4.052000,4.058000,4.060000,4.052000,4.052000,changed
2026-02-18 14:20:00+00:00,2026-10-05T14:21:32Z,4.067000,4.085000,4.064000,4.079000,4.075000,4.085000,4.075000,4.079000,changed
2026-02-18 15:20:00+00:00,2026-10-05T14:21:32Z,4.079000,4.085000,4.073000,4.077000,4.083000,4.085000,4.073000,4.077000,changed
2026-02-18 16:20:00+00:00,2026-10-05T14:21:32Z,4.083000,4.083000,4.071000,4.073000,4.077000,4.079000,4.071000,4.073000,changed
2026-02-18 18:20:00+00:00,2026-10-05T14:21:32Z,4.071000,4.088000,4.071000,4.079000,4.075000,4.088000,4.075000,4.079000,changed
2026-02-18 19:20:00+00:00,2026-10-05T14:21:32Z,4.081000,4.088000,4.079000,4.079000,4.085000,4.088000,4.079000,4.079000,changed
2026-02-19 14:20:00+00:00,2026-10-05T14:21:32Z,4.100000,4.102000,4.083000,4.088000,4.106000,4.106000,4.083000,4.088000,changed
2026-02-19 15:20:00+00:00,2026-10-05T14:21:32Z,4.088000,4.094000,4.083000,4.085000,4.092000,4.094000,4.083000,4.085000,changed
2026-02-19 16:20:00+00:00,2026-10-05T14:21:32Z,4.088000,4.088000,4.081000,4.083000,4.086000,4.094000,4.081000,4.083000,changed
2026-02-19 17:20:00+00:00,2026-10-05T14:21:32Z,4.085000,4.086000,4.075000,4.075000,4.085000,4.088000,4.075000,4.075000,changed
2026-02-19 18:20:00+00:00,2026-10-05T14:21:32Z,4.085000,4.085000,4.065000,4.069000,4.085000,4.086000,4.065000,4.069000,changed
2026-02-19 19:20:00+00:00,2026-10-05T14:21:32Z,4.069000,4.079000,4.065000,4.075000,4.073000,4.079000,4.065000,4.075000,changed
2026-02-20 14:20:00+00:00,2026-10-05T14:21:32Z,4.071000,4.104000,4.069000,4.096000,4.063000,4.104000,4.060000,4.096000,changed
2026-02-20 15:20:00+00:00,2026-10-05T14:21:32Z,4.077000,4.104000,4.075000,4.086000,4.071000,4.104000,4.071000,4.086000,changed
2026-02-20 16:20:00+00:00,2026-10-05T14:21:32Z,4.096000,4.098000,4.083000,4.088000,4.092000,4.098000,4.083000,4.088000,changed
2026-02-20 17:20:00+00:00,2026-10-05T14:21:32Z,4.096000,4.100000,4.086000,4.096000,4.085000,4.100000,4.085000,4.096000,changed
2026-02-20 18:20:00+00:00,2026-10-05T14:21:32Z,4.094000,4.100000,4.081000,4.085000,4.086000,4.100000,4.081000,4.085000,changed
2026-02-20 19:20:00+00:00,2026-10-05T14:21:32Z,4.088000,4.094000,4.085000,4.086000,4.092000,4.094000,4.081000,4.086000,changed
2026-02-23 14:20:00+00:00,2026-10-05T14:21:32Z,4.063000,4.067000,4.054000,4.056000,4.067000,4.069000,4.054000,4.056000,changed
2026-02-23 15:20:00+00:00,2026-10-05T14:21:32Z,4.060000,4.060000,4.029000,4.033000,4.065000,4.067000,4.029000,4.033000,changed
2026-02-23 16:20:00+00:00,2026-10-05T14:21:32Z,4.042000,4.044000,4.025000,4.027000,4.054000,4.056000,4.025000,4.027000,changed
2026-02-23 17:20:00+00:00,2026-10-05T14:21:32Z,4.029000,4.029000,4.018000,4.027000,4.033000,4.035000,4.018000,4.027000,changed
2026-02-23 18:20:00+00:00,2026-10-05T14:21:32Z,4.023000,4.027000,4.021000,4.025000,4.027000,4.029000,4.018000,4.025000,changed
2026-02-23 19:20:00+00:00,2026-10-05T14:21:32Z,4.023000,4.031000,4.023000,4.029000,4.027000,4.031000,4.021000,4.029000,changed
2026-02-25 14:20:00+00:00,2026-10-05T14:21:32Z,4.056000,4.058000,4.050000,4.050000,4.050000,4.058000,4.050000,4.050000,changed
2026-02-25 15:20:00+00:00,2026-10-05T14:21:32Z,4.056000,4.058000,4.044000,4.046000,4.056000,4.056000,4.044000,4.046000,changed
2026-02-25 16:20:00+00:00,2026-10-05T14:21:32Z,4.052000,4.052000,4.035000,4.037000,4.046000,4.048000,4.035000,4.037000,changed
2026-02-25 17:20:00+00:00,2026-10-05T14:21:32Z,4.044000,4.044000,4.035000,4.039000,4.042000,4.042000,4.035000,4.039000,changed
2026-02-25 18:20:00+00:00,2026-10-05T14:21:32Z,4.035000,4.048000,4.035000,4.048000,4.037000,4.048000,4.037000,4.048000,changed
2026-02-25 19:20:00+00:00,2026-10-05T14:21:32Z,4.040000,4.050000,4.040000,4.048000,4.046000,4.050000,4.044000,4.048000,changed
2026-02-27 14:20:00+00:00,2026-10-05T14:21:32Z,3.987000,3.987000,3.970000,3.981000,3.987000,3.994000,3.970000,3.981000,changed
2026-02-27 15:20:00+00:00,2026-10-05T14:21:32Z,3.975000,3.983000,3.974000,3.975000,3.977000,3.983000,3.970000,3.975000,changed
2026-02-27 16:20:00+00:00,2026-10-05T14:21:32Z,3.975000,3.977000,3.968000,3.975000,3.979000,3.983000,3.968000,3.975000,changed
2026-02-27 17:20:00+00:00,2026-10-05T14:21:32Z,3.970000,3.975000,3.966000,3.966000,3.974000,3.975000,3.966000,3.966000,changed
2026-02-27 18:20:00+00:00,2026-10-05T14:21:32Z,3.972000,3.972000,3.958000,3.958000,3.970000,3.975000,3.958000,3.958000,changed
2026-02-27 19:20:00+00:00,2026-10-05T14:21:32Z,3.964000,3.964000,3.956000,3.962000,3.968000,3.968000,3.956000,3.962000,changed
2026-02-02 18:20:00+00:00,2026-10-05T14:46:26Z,4.263000,4.277000,4.261000,4.277000,4.271000,4.275000,4.271000,4.275000,changed
2026-02-02 19:20:00+00:00,2026-10-05T14:46:26Z,4.273000,4.279000,4.269000,4.275000,4.275000,4.279000,4.269000,4.275000,changed
2026-02-03 14:20:00+00:00,2026-10-05T14:46:26Z,4.293000,4.300000,4.282000,4.284000,4.292000,4.300000,4.282000,4.284000,changed
2026-02-03 15:20:00+00:00,2026-10-05T14:46:26Z,4.284000,4.293000,4.279000,4.287000,4.292000,4.293000,4.279000,4.287000,changed
2026-02-03 16:20:00+00:00,2026-10-05T14:46:26Z,4.292000,4.293000,4.278000,4.285000,4.285000,4.293000,4.278000,4.285000,changed
2026-02-03 18:20:00+00:00,2026-10-05T14:46:26Z,4.290000,4.292000,4.266000,4.271000,4.290000,4.293000,4.266000,4.271000,changed
2026-02-03 19:20:00+00:00,2026-10-05T14:46:26Z,4.268000,4.278000,4.266000,4.274000,4.284000,4.284000,4.266000,4.274000,changed
2026-02-04 14:20:00+00:00,2026-10-05T14:46:26Z,4.282000,4.290000,4.269000,4.271000,4.271000,4.290000,4.269000,4.271000,changed
2026-02-04 15:20:00+00:00,2026-10-05T14:46:26Z,4.287000,4.287000,4.269000,4.271000,4.284000,4.290000,4.269000,4.271000,changed
2026-02-04 17:20:00+00:00,2026-10-05T14:46:26Z,4.275000,4.275000,4.261000,4.271000,4.278000,4.279000,4.261000,4.271000,changed
2026-02-04 18:20:00+00:00,2026-10-05T14:46:26Z,4.271000,4.279000,4.268000,4.279000,4.263000,4.279000,4.261000,4.279000,changed
2026-02-04 19:20:00+00:00,2026-10-05T14:46:26Z,4.269000,4.279000,4.269000,4.275000,4.275000,4.279000,4.268000,4.275000,changed
2026-02-05 14:20:00+00:00,2026-10-05T14:46:26Z,4.246000,4.250000,4.222000,4.222000,4.232000,4.250000,4.222000,4.222000,changed
2026-02-05 15:20:00+00:00,2026-10-05T14:46:26Z,4.236000,4.250000,4.206000,4.210000,4.234000,4.236000,4.206000,4.210000,changed
2026-02-05 16:20:00+00:00,2026-10-05T14:46:26Z,4.214000,4.220000,4.206000,4.210000,4.216000,4.220000,4.206000,4.210000,changed
2026-02-05 17:20:00+00:00,2026-10-05T14:46:26Z,4.218000,4.220000,4.208000,4.212000,4.216000,4.218000,4.208000,4.212000,changed
2026-02-05 18:20:00+00:00,2026-10-05T14:46:26Z,4.216000,4.218000,4.204000,4.210000,4.212000,4.212000,4.204000,4.210000,changed
2026-02-05 19:20:00+00:00,2026-10-05T14:46:26Z,4.208000,4.210000,4.204000,4.210000,4.204000,4.210000,4.204000,4.210000,changed
2026-02-06 14:20:00+00:00,2026-10-05T14:46:26Z,4.204000,4.220000,4.194000,4.216000,4.198000,4.220000,4.194000,4.216000,changed
2026-02-06 15:20:00+00:00,2026-10-05T14:46:26Z,4.196000,4.224000,4.194000,4.218000,4.214000,4.222000,4.212000,4.218000,changed
2026-02-06 16:20:00+00:00,2026-10-05T14:46:26Z,4.220000,4.224000,4.212000,4.218000,4.216000,4.220000,4.216000,4.218000,changed
2026-02-06 17:20:00+00:00,2026-10-05T14:46:26Z,4.216000,4.220000,4.212000,4.216000,4.218000,4.220000,4.214000,4.216000,changed
2026-02-06 18:20:00+00:00,2026-10-05T14:46:26Z,4.218000,4.220000,4.208000,4.210000,4.214000,4.216000,4.208000,4.210000,changed
2026-02-06 19:20:00+00:00,2026-10-05T14:46:26Z,4.214000,4.214000,4.206000,4.206000,4.210000,4.212000,4.206000,4.206000,changed
2026-02-09 14:20:00+00:00,2026-10-05T14:46:26Z,4.218000,4.226000,4.210000,4.220000,4.220000,4.226000,4.210000,4.220000,changed
2026-02-09 15:20:00+00:00,2026-10-05T14:46:26Z,4.216000,4.226000,4.206000,4.208000,4.218000,4.222000,4.206000,4.208000,changed
2026-02-09 16:20:00+00:00,2026-10-05T14:46:26Z,4.214000,4.220000,4.206000,4.206000,4.212000,4.216000,4.206000,4.206000,changed
2026-02-09 17:20:00+00:00,2026-10-05T14:46:26Z,4.210000,4.216000,4.202000,4.206000,4.210000,4.212000,4.202000,4.206000,changed
2026-02-09 18:20:00+00:00,2026-10-05T14:46:26Z,4.204000,4.210000,4.200000,4.202000,4.206000,4.210000,4.200000,4.202000,changed
2026-02-09 19:20:00+00:00,2026-10-05T14:46:26Z,4.206000,4.206000,4.196000,4.198000,4.204000,4.204000,4.196000,4.198000,changed
2026-02-10 14:20:00+00:00,2026-10-05T14:46:26Z,4.159000,4.162000,4.139000,4.145000,4.164000,4.166000,4.139000,4.145000,changed
2026-02-10 15:20:00+00:00,2026-10-05T14:46:26Z,4.147000,4.149000,4.135000,4.139000,4.154000,4.154000,4.135000,4.139000,changed
2026-02-10 16:20:00+00:00,2026-10-05T14:46:26Z,4.141000,4.151000,4.135000,4.145000,4.145000,4.151000,4.135000,4.145000,changed
2026-02-10 17:20:00+00:00,2026-10-05T14:46:26Z,4.145000,4.153000,4.143000,4.149000,4.137000,4.153000,4.137000,4.149000,changed
2026-02-10 18:20:00+00:00,2026-10-05T14:46:26Z,4.149000,4.153000,4.149000,4.151000,4.143000,4.153000,4.143000,4.151000,changed
2026-02-10 19:20:00+00:00,2026-10-05T14:46:26Z,4.151000,4.153000,4.145000,4.147000,4.153000,4.153000,4.145000,4.147000,changed
2026-02-11 14:20:00+00:00,2026-10-05T14:46:26Z,4.202000,4.202000,4.168000,4.170000,4.176000,4.206000,4.168000,4.170000,changed
2026-02-11 15:20:00+00:00,2026-10-05T14:46:26Z,4.182000,4.184000,4.165000,4.170000,4.184000,4.188000,4.165000,4.170000,changed
2026-02-11 16:20:00+00:00,2026-10-05T14:46:26Z,4.174000,4.178000,4.149000,4.149000,4.165000,4.178000,4.149000,4.149000,changed
2026-02-11 17:20:00+00:00,2026-10-05T14:46:26Z,4.151000,4.174000,4.147000,4.172000,4.165000,4.174000,4.147000,4.172000,changed
2026-02-11 18:20:00+00:00,2026-10-05T14:46:26Z,4.155000,4.178000,4.153000,4.172000,4.155000,4.178000,4.151000,4.172000,changed
2026-02-11 19:20:00+00:00,2026-10-05T14:46:26Z,4.176000,4.178000,4.170000,4.172000,4.174000,4.178000,4.166000,4.172000,changed
2026-02-12 14:20:00+00:00,2026-10-05T14:46:26Z,4.158000,4.169000,4.146000,4.146000,4.162000,4.169000,4.146000,4.146000,changed
2026-02-12 15:20:00+00:00,2026-10-05T14:46:26Z,4.164000,4.165000,4.125000,4.127000,4.152000,4.152000,4.125000,4.127000,changed
2026-02-12 16:20:00+00:00,2026-10-05T14:46:26Z,4.146000,4.146000,4.119000,4.123000,4.140000,4.140000,4.119000,4.123000,changed
2026-02-12 17:20:00+00:00,2026-10-05T14:46:26Z,4.121000,4.131000,4.102000,4.102000,4.127000,4.131000,4.102000,4.102000,changed
2026-02-12 18:20:00+00:00,2026-10-05T14:46:26Z,4.129000,4.131000,4.100000,4.100000,4.127000,4.129000,4.100000,4.100000,changed
2026-02-12 19:20:00+00:00,2026-10-05T14:46:26Z,4.102000,4.110000,4.100000,4.104000,4.104000,4.110000,4.100000,4.104000,changed
2026-02-13 14:20:00+00:00,2026-10-05T14:46:26Z,4.100000,4.100000,4.050000,4.064000,4.087000,4.090000,4.050000,4.064000,changed
2026-02-13 15:20:00+00:00,2026-10-05T14:46:26Z,4.067000,4.071000,4.050000,4.062000,4.062000,4.069000,4.056000,4.062000,changed
2026-02-13 16:20:00+00:00,2026-10-05T14:46:26Z,4.067000,4.069000,4.046000,4.054000,4.064000,4.064000,4.046000,4.054000,changed
2026-02-13 17:20:00+00:00,2026-10-05T14:46:26Z,4.056000,4.066000,4.046000,4.064000,4.052000,4.066000,4.052000,4.064000,changed
2026-02-13 18:20:00+00:00,2026-10-05T14:46:26Z,4.056000,4.067000,4.056000,4.064000,4.064000,4.067000,4.060000,4.064000,changed
2026-02-13 19:20:00+00:00,2026-10-05T14:46:26Z,4.064000,4.067000,4.054000,4.056000,4.066000,4.066000,4.054000,4.056000,changed
2026-02-17 14:20:00+00:00,2026-10-05T14:46:26Z,4.041000,4.058000,4.041000,4.052000,4.029000,4.058000,4.025000,4.052000,changed
2026-02-17 15:20:00+00:00,2026-10-05T14:46:26Z,4.045000,4.056000,4.039000,4.056000,4.048000,4.058000,4.039000,4.056000,changed
2026-02-17 16:20:00+00:00,2026-10-05T14:46:26Z,4.045000,4.056000,4.045000,4.052000,4.048000,4.056000,4.039000,4.052000,changed
2026-02-17 17:20:00+00:00,2026-10-05T14:46:26Z,4.056000,4.060000,4.048000,4.056000,4.052000,4.060000,4.048000,4.056000,changed
2026-02-17 18:20:00+00:00,2026-10-05T14:46:26Z,4.056000,4.060000,4.054000,4.058000,4.052000,4.060000,4.048000,4.058000,changed
2026-02-17 19:20:00+00:00,2026-10-05T14:46:26Z,4.058000,4.060000,4.052000,4.052000,4.060000,4.060000,4.052000,4.052000,changed
2026-02-18 14:20:00+00:00,2026-10-05T14:46:26Z,4.075000,4.085000,4.075000,4.079000,4.067000,4.085000,4.064000,4.079000,changed
2026-02-18 15:20:00+00:00,2026-10-05T14:46:26Z,4.083000,4.085000,4.073000,4.077000,4.079000,4.085000,4.073000,4.077000,changed
2026-02-18 16:20:00+00:00,2026-10-05T14:46:26Z,4.077000,4.079000,4.071000,4.073000,4.083000,4.083000,4.071000,4.073000,changed
2026-02-18 18:20:00+00:00,2026-10-05T14:46:26Z,4.075000,4.088000,4.075000,4.079000,4.071000,4.088000,4.071000,4.079000,changed
2026-02-18 19:20:00+00:00,2026-10-05T14:46:26Z,4.085000,4.088000,4.079000,4.079000,4.081000,4.088000,4.079000,4.079000,changed
2026-02-19 14:20:00+00:00,2026-10-05T14:46:26Z,4.106000,4.106000,4.083000,4.088000,4.100000,4.102000,4.083000,4.088000,changed
2026-02-19 15:20:00+00:00,2026-10-05T14:46:26Z,4.092000,4.094000,4.083000,4.085000,4.088000,4.094000,4.083000,4.085000,changed
2026-02-19 16:20:00+00:00,2026-10-05T14:46:26Z,4.086000,4.094000,4.081000,4.083000,4.088000,4.088000,4.081000,4.083000,changed
2026-02-19 17:20:00+00:00,2026-10-05T14:46:26Z,4.085000,4.088000,4.075000,4.075000,4.085000,4.086000,4.075000,4.075000,changed
2026-02-19 18:20:00+00:00,2026-10-05T14:46:26Z,4.085000,4.086000,4.065000,4.069000,4.085000,4.085000,4.065000,4.069000,changed
2026-02-19 19:20:00+00:00,2026-10-05T14:46:26Z,4.073000,4.079000,4.065000,4.075000,4.069000,4.079000,4.065000,4.075000,changed
2026-02-20 14:20:00+00:00,2026-10-05T14:46:26Z,4.063000,4.104000,4.060000,4.096000,4.071000,4.104000,4.069000,4.096000,changed
2026-02-20 15:20:00+00:00,2026-10-05T14:46:26Z,4.071000,4.104000,4.071000,4.086000,4.077000,4.104000,4.075000,4.086000,changed
2026-02-20 16:20:00+00:00,2026-10-05T14:46:26Z,4.092000,4.098000,4.083000,4.088000,4.096000,4.098000,4.083000,4.088000,changed
2026-02-20 17:20:00+00:00,2026-10-05T14:46:26Z,4.085000,4.100000,4.085000,4.096000,4.096000,4.100000,4.086000,4.096000,changed
2026-02-20 18:20:00+00:00,2026-10-05T14:46:26Z,4.086000,4.100000,4.081000,4.085000,4.094000,4.100000,4.081000,4.085000,changed
2026-02-20 19:20:00+00:00,2026-10-05T14:46:26Z,4.092000,4.094000,4.081000,4.086000,4.088000,4.094000,4.085000,4.086000,changed
2026-02-23 14:20:00+00:00,2026-10-05T14:46:26Z,4.067000,4.069000,4.054000,4.056000,4.063000,4.067000,4.054000,4.056000,changed
2026-02-23 15:20:00+00:00,2026-10-05T14:46:26Z,4.065000,4.067000,4.029000,4.033000,4.060000,4.060000,4.029000,4.033000,changed
2026-02-23 16:20:00+00:00,2026-10-05T14:46:26Z,4.054000,4.056000,4.025000,4.027000,4.042000,4.044000,4.025000,4.027000,changed
2026-02-23 17:20:00+00:00,2026-10-05T14:46:26Z,4.033000,4.035000,4.018000,4.027000,4.029000,4.029000,4.018000,4.027000,changed
2026-02-23 18:20:00+00:00,2026-10-05T14:46:26Z,4.027000,4.029000,4.018000,4.025000,4.023000,4.027000,4.021000,4.025000,changed
2026-02-23 19:20:00+00:00,2026-10-05T14:46:26Z,4.027000,4.031000,4.021000,4.029000,4.023000,4.031000,4.023000,4.029000,changed
2026-02-25 14:20:00+00:00,2026-10-05T14:46:26Z,4.050000,4.058000,4.050000,4.050000,4.056000,4.058000,4.050000,4.050000,changed
2026-02-25 15:20:00+00:00,2026-10-05T14:46:26Z,4.056000,4.056000,4.044000,4.046000,4.056000,4.058000,4.044000,4.046000,changed
2026-02-25 16:20:00+00:00,2026-10-05T14:46:26Z,4.046000,4.048000,4.035000,4.037000,4.052000,4.052000,4.035000,4.037000,changed
2026-02-25 17:20:00+00:00,2026-10-05T14:46:26Z,4.042000,4.042000,4.035000,4.039000,4.044000,4.044000,4.035000,4.039000,changed
2026-02-25 18:20:00+00:00,2026-10-05T14:46:26Z,4.037000,4.048000,4.037000,4.048000,4.035000,4.048000,4.035000,4.048000,changed
2026-02-25 19:20:00+00:00,2026-10-05T14:46:26Z,4.046000,4.050000,4.044000,4.048000,4.040000,4.050000,4.040000,4.048000,changed
2026-02-27 14:20:00+00:00,2026-10-05T14:46:26Z,3.987000,3.994000,3.970000,3.981000,3.987000,3.987000,3.970000,3.981000,changed
2026-02-27 15:20:00+00:00,2026-10-05T14:46:26Z,3.977000,3.983000,3.970000,3.975000,3.975000,3.983000,3.974000,3.975000,changed
2026-02-27 16:20:00+00:00,2026-10-05T14:46:26Z,3.979000,3.983000,3.968000,3.975000,3.975000,3.977000,3.968000,3.975000,changed
2026-02-27 17:20:00+00:00,2026-10-05T14:46:26Z,3.974000,3.975000,3.966000,3.966000,3.970000,3.975000,3.966000,3.966000,changed
2026-02-27 18:20:00+00:00,2026-10-05T14:46:26Z,3.970000,3.975000,3.958000,3.958000,3.972000,3.972000,3.958000,3.958000,changed
2026-02-27 19:20:00+00:00,2026-10-05T14:46:26Z,3.968000,3.968000,3.956000,3.962000,3.964000,3.964000,3.956000,3.962000,changed
2026-02-02 18:20:00+00:00,2026-10-05T15:58:06Z,4.271000,4.275000,4.271000,4.275000,4.263000,4.277000,4.261000,4.277000,changed
2026-02-02 19:20:00+00:00,2026-10-05T15:58:06Z,4.275000,4.279000,4.269000,4.275000,4.273000,4.279000,4.269000,4.275000,changed
2026-02-03 14:20:00+00:00,2026-10-05T15:58:06Z,4.292000,4.300000,4.282000,4.284000,4.293000,4.300000,4.282000,4.284000,changed
2026-02-03 15:20:00+00:00,2026-10-05T15:58:06Z,4.292000,4.293000,4.279000,4.287000,4.284000,4.293000,4.279000,4.287000,changed
2026-02-03 16:20:00+00:00,2026-10-05T15:58:06Z,4.285000,4.293000,4.278000,4.285000,4.292000,4.293000,4.278000,4.285000,changed
2026-02-03 18:20:00+00:00,2026-10-05T15:58:06Z,4.290000,4.293000,4.266000,4.271000,4.290000,4.292000,4.266000,4.271000,changed
2026-02-03 19:20:00+00:00,2026-10-05T15:58:06Z,4.284000,4.284000,4.266000,4.274000,4.268000,4.278000,4.266000,4.274000,changed
2026-02-04 14:20:00+00:00,2026-10-05T15:58:06Z,4.271000,4.290000,4.269000,4.271000,4.282000,4.290000,4.269000,4.271000,changed
2026-02-04 15:20:00+00:00,2026-10-05T15:58:06Z,4.284000,4.290000,4.269000,4.271000,4.287000,4.287000,4.269000,4.271000,changed
2026-02-04 17:20:00+00:00,2026-10-05T15:58:06Z,4.278000,4.279000,4.261000,4.271000,4.275000,4.275000,4.261000,4.271000,changed
2026-02-04 18:20:00+00:00,2026-10-05T15:58:06Z,4.263000,4.279000,4.261000,4.279000,4.271000,4.279000,4.268000,4.279000,changed
2026-02-04 19:20:00+00:00,2026-10-05T15:58:06Z,4.275000,4.279000,4.268000,4.275000,4.269000,4.279000,4.269000,4.275000,changed
2026-02-05 14:20:00+00:00,2026-10-05T15:58:06Z,4.232000,4.250000,4.222000,4.222000,4.246000,4.250000,4.222000,4.222000,changed
2026-02-05 15:20:00+00:00,2026-10-05T15:58:06Z,4.234000,4.236000,4.206000,4.210000,4.236000,4.250000,4.206000,4.210000,changed
2026-02-05 16:20:00+00:00,2026-10-05T15:58:06Z,4.216000,4.220000,4.206000,4.210000,4.214000,4.220000,4.206000,4.210000,changed
2026-02-05 17:20:00+00:00,2026-10-05T15:58:06Z,4.216000,4.218000,4.208000,4.212000,4.218000,4.220000,4.208000,4.212000,changed
2026-02-05 18:20:00+00:00,2026-10-05T15:58:06Z,4.212000,4.212000,4.204000,4.210000,4.216000,4.218000,4.204000,4.210000,changed
2026-02-05 19:20:00+00:00,2026-10-05T15:58:06Z,4.204000,4.210000,4.204000,4.210000,4.208000,4.210000,4.204000,4.210000,changed
2026-02-06 14:20:00+00:00,2026-10-05T15:58:06Z,4.198000,4.220000,4.194000,4.216000,4.204000,4.220000,4.194000,4.216000,changed
2026-02-06 15:20:00+00:00,2026-10-05T15:58:06Z,4.214000,4.222000,4.212000,4.218000,4.196000,4.224000,4.194000,4.218000,changed
2026-02-06 16:20:00+00:00,2026-10-05T15:58:06Z,4.216000,4.220000,4.216000,4.218000,4.220000,4.224000,4.212000,4.218000,changed
2026-02-06 17:20:00+00:00,2026-10-05T15:58:06Z,4.218000,4.220000,4.214000,4.216000,4.216000,4.220000,4.212000,4.216000,changed
2026-02-06 18:20:00+00:00,2026-10-05T15:58:06Z,4.214000,4.216000,4.208000,4.210000,4.218000,4.220000,4.208000,4.210000,changed
2026-02-06 19:20:00+00:00,2026-10-05T15:58:06Z,4.210000,4.212000,4.206000,4.206000,4.214000,4.214000,4.206000,4.206000,changed
2026-02-09 14:20:00+00:00,2026-10-05T15:58:06Z,4.220000,4.226000,4.210000,4.220000,4.218000,4.226000,4.210000,4.220000,changed
2026-02-09 15:20:00+00:00,2026-10-05T15:58:06Z,4.218000,4.222000,4.206000,4.208000,4.216000,4.226000,4.206000,4.208000,changed
2026-02-09 16:20:00+00:00,2026-10-05T15:58:06Z,4.212000,4.216000,4.206000,4.206000,4.214000,4.220000,4.206000,4.206000,changed
2026-02-09 17:20:00+00:00,2026-10-05T15:58:06Z,4.210000,4.212000,4.202000,4.206000,4.210000,4.216000,4.202000,4.206000,changed
2026-02-09 18:20:00+00:00,2026-10-05T15:58:06Z,4.206000,4.210000,4.200000,4.202000,4.204000,4.210000,4.200000,4.202000,changed
2026-02-09 19:20:00+00:00,2026-10-05T15:58:06Z,4.204000,4.204000,4.196000,4.198000,4.206000,4.206000,4.196000,4.198000,changed
2026-02-10 14:20:00+00:00,2026-10-05T15:58:06Z,4.164000,4.166000,4.139000,4.145000,4.159000,4.162000,4.139000,4.145000,changed
2026-02-10 15:20:00+00:00,2026-10-05T15:58:06Z,4.154000,4.154000,4.135000,4.139000,4.147000,4.149000,4.135000,4.139000,changed
2026-02-10 16:20:00+00:00,2026-10-05T15:58:06Z,4.145000,4.151000,4.135000,4.145000,4.141000,4.151000,4.135000,4.145000,changed
2026-02-10 17:20:00+00:00,2026-10-05T15:58:06Z,4.137000,4.153000,4.137000,4.149000,4.145000,4.153000,4.143000,4.149000,changed
2026-02-10 18:20:00+00:00,2026-10-05T15:58:06Z,4.143000,4.153000,4.143000,4.151000,4.149000,4.153000,4.149000,4.151000,changed
2026-02-10 19:20:00+00:00,2026-10-05T15:58:06Z,4.153000,4.153000,4.145000,4.147000,4.151000,4.153000,4.145000,4.147000,changed
2026-02-11 14:20:00+00:00,2026-10-05T15:58:06Z,4.176000,4.206000,4.168000,4.170000,4.202000,4.202000,4.168000,4.170000,changed
2026-02-11 15:20:00+00:00,2026-10-05T15:58:06Z,4.184000,4.188000,4.165000,4.170000,4.182000,4.184000,4.165000,4.170000,changed
2026-02-11 16:20:00+00:00,2026-10-05T15:58:06Z,4.165000,4.178000,4.149000,4.149000,4.174000,4.178000,4.149000,4.149000,changed
2026-02-11 17:20:00+00:00,2026-10-05T15:58:06Z,4.165000,4.174000,4.147000,4.172000,4.151000,4.174000,4.147000,4.172000,changed
2026-02-11 18:20:00+00:00,2026-10-05T15:58:06Z,4.155000,4.178000,4.151000,4.172000,4.155000,4.178000,4.153000,4.172000,changed
2026-02-11 19:20:00+00:00,2026-10-05T15:58:06Z,4.174000,4.178000,4.166000,4.172000,4.176000,4.178000,4.170000,4.172000,changed
2026-02-12 14:20:00+00:00,2026-10-05T15:58:06Z,4.162000,4.169000,4.146000,4.146000,4.158000,4.169000,4.146000,4.146000,changed
2026-02-12 15:20:00+00:00,2026-10-05T15:58:06Z,4.152000,4.152000,4.125000,4.127000,4.164000,4.165000,4.125000,4.127000,changed
2026-02-12 16:20:00+00:00,2026-10-05T15:58:06Z,4.140000,4.140000,4.119000,4.123000,4.146000,4.146000,4.119000,4.123000,changed
2026-02-12 17:20:00+00:00,2026-10-05T15:58:06Z,4.127000,4.131000,4.102000,4.102000,4.121000,4.131000,4.102000,4.102000,changed
2026-02-12 18:20:00+00:00,2026-10-05T15:58:06Z,4.127000,4.129000,4.100000,4.100000,4.129000,4.131000,4.100000,4.100000,changed
2026-02-12 19:20:00+00:00,2026-10-05T15:58:06Z,4.104000,4.110000,4.100000,4.104000,4.102000,4.110000,4.100000,4.104000,changed
2026-02-13 14:20:00+00:00,2026-10-05T15:58:06Z,4.087000,4.090000,4.050000,4.064000,4.100000,4.100000,4.050000,4.064000,changed
2026-02-13 15:20:00+00:00,2026-10-05T15:58:06Z,4.062000,4.069000,4.056000,4.062000,4.067000,4.071000,4.050000,4.062000,changed
2026-02-13 16:20:00+00:00,2026-10-05T15:58:06Z,4.064000,4.064000,4.046000,4.054000,4.067000,4.069000,4.046000,4.054000,changed
2026-02-13 17:20:00+00:00,2026-10-05T15:58:06Z,4.052000,4.066000,4.052000,4.064000,4.056000,4.066000,4.046000,4.064000,changed
2026-02-13 18:20:00+00:00,2026-10-05T15:58:06Z,4.064000,4.067000,4.060000,4.064000,4.056000,4.067000,4.056000,4.064000,changed
2026-02-13 19:20:00+00:00,2026-10-05T15:58:06Z,4.066000,4.066000,4.054000,4.056000,4.064000,4.067000,4.054000,4.056000,changed
2026-02-17 14:20:00+00:00,2026-10-05T15:58:06Z,4.029000,4.058000,4.025000,4.052000,4.041000,4.058000,4.041000,4.052000,changed
2026-02-17 15:20:00+00:00,2026-10-05T15:58:06Z,4.048000,4.058000,4.039000,4.056000,4.045000,4.056000,4.039000,4.056000,changed
2026-02-17 16:20:00+00:00,2026-10-05T15:58:06Z,4.048000,4.056000,4.039000,4.052000,4.045000,4.056000,4.045000,4.052000,changed
2026-02-17 17:20:00+00:00,2026-10-05T15:58:06Z,4.052000,4.060000,4.048000,4.056000,4.056000,4.060000,4.048000,4.056000,changed
2026-02-17 18:20:00+00:00,2026-10-05T15:58:06Z,4.052000,4.060000,4.048000,4.058000,4.056000,4.060000,4.054000,4.058000,changed
2026-02-17 19:20:00+00:00,2026-10-05T15:58:06Z,4.060000,4.060000,4.052000,4.052000,4.058000,4.060000,4.052000,4.052000,changed
2026-02-18 14:20:00+00:00,2026-10-05T15:58:06Z,4.067000,4.085000,4.064000,4.079000,4.075000,4.085000,4.075000,4.079000,changed
2026-02-18 15:20:00+00:00,2026-10-05T15:58:06Z,4.079000,4.085000,4.073000,4.077000,4.083000,4.085000,4.073000,4.077000,changed
2026-02-18 16:20:00+00:00,2026-10-05T15:58:06Z,4.083000,4.083000,4.071000,4.073000,4.077000,4.079000,4.071000,4.073000,changed
2026-02-18 18:20:00+00:00,2026-10-05T15:58:06Z,4.071000,4.088000,4.071000,4.079000,4.075000,4.088000,4.075000,4.079000,changed
2026-02-18 19:20:00+00:00,2026-10-05T15:58:06Z,4.081000,4.088000,4.079000,4.079000,4.085000,4.088000,4.079000,4.079000,changed
2026-02-19 14:20:00+00:00,2026-10-05T15:58:06Z,4.100000,4.102000,4.083000,4.088000,4.106000,4.106000,4.083000,4.088000,changed
2026-02-19 15:20:00+00:00,2026-10-05T15:58:06Z,4.088000,4.094000,4.083000,4.085000,4.092000,4.094000,4.083000,4.085000,changed
2026-02-19 16:20:00+00:00,2026-10-05T15:58:06Z,4.088000,4.088000,4.081000,4.083000,4.086000,4.094000,4.081000,4.083000,changed
2026-02-19 17:20:00+00:00,2026-10-05T15:58:06Z,4.085000,4.086000,4.075000,4.075000,4.085000,4.088000,4.075000,4.075000,changed
2026-02-19 18:20:00+00:00,2026-10-05T15:58:06Z,4.085000,4.085000,4.065000,4.069000,4.085000,4.086000,4.065000,4.069000,changed
2026-02-19 19:20:00+00:00,2026-10-05T15:58:06Z,4.069000,4.079000,4.065000,4.075000,4.073000,4.079000,4.065000,4.075000,changed
2026-02-20 14:20:00+00:00,2026-10-05T15:58:06Z,4.071000,4.104000,4.069000,4.096000,4.063000,4.104000,4.060000,4.096000,changed
2026-02-20 15:20:00+00:00,2026-10-05T15:58:06Z,4.077000,4.104000,4.075000,4.086000,4.071000,4.104000,4.071000,4.086000,changed
2026-02-20 16:20:00+00:00,2026-10-05T15:58:06Z,4.096000,4.098000,4.083000,4.088000,4.092000,4.098000,4.083000,4.088000,changed
2026-02-20 17:20:00+00:00,2026-10-05T15:58:06Z,4.096000,4.100000,4.086000,4.096000,4.085000,4.100000,4.085000,4.096000,changed
2026-02-20 18:20:00+00:00,2026-10-05T15:58:06Z,4.094000,4.100000,4.081000,4.085000,4.086000,4.100000,4.081000,4.085000,changed
2026-02-20 19:20:00+00:00,2026-10-05T15:58:06Z,4.088000,4.094000,4.085000,4.086000,4.092000,4.094000,4.081000,4.086000,changed
2026-02-23 14:20:00+00:00,2026-10-05T15:58:06Z,4.063000,4.067000,4.054000,4.056000,4.067000,4.069000,4.054000,4.056000,changed
2026-02-23 15:20:00+00:00,2026-10-05T15:58:06Z,4.060000,4.060000,4.029000,4.033000,4.065000,4.067000,4.029000,4.033000,changed
2026-02-23 16:20:00+00:00,2026-10-05T15:58:06Z,4.042000,4.044000,4.025000,4.027000,4.054000,4.056000,4.025000,4.027000,changed
2026-02-23 17:20:00+00:00,2026-10-05T15:58:06Z,4.029000,4.029000,4.018000,4.027000,4.033000,4.035000,4.018000,4.027000,changed
2026-02-23 18:20:00+00:00,2026-10-05T15:58:06Z,4.023000,4.027000,4.021000,4.025000,4.027000,4.029000,4.018000,4.025000,changed
2026-02-23 19:20:00+00:00,2026-10-05T15:58:06Z,4.023000,4.031000,4.023000,4.029000,4.027000,4.031000,4.021000,4.029000,changed
2026-02-25 14:20:00+00:00,2026-10-05T15:58:06Z,4.056000,4.058000,4.050000,4.050000,4.050000,4.058000,4.050000,4.050000,changed
2026-02-25 15:20:00+00:00,2026-10-05T15:58:06Z,4.056000,4.058000,4.044000,4.046000,4.056000,4.056000,4.044000,4.046000,changed
2026-02-25 16:20:00+00:00,2026-10-05T15:58:06Z,4.052000,4.052000,4.035000,4.037000,4.046000,4.048000,4.035000,4.037000,changed
2026-02-25 17:20:00+00:00,2026-10-05T15:58:06Z,4.044000,4.044000,4.035000,4.039000,4.042000,4.042000,4.035000,4.039000,changed
2026-02-25 18:20:00+00:00,2026-10-05T15:58:06Z,4.035000,4.048000,4.035000,4.048000,4.037000,4.048000,4.037000,4.048000,changed
2026-02-25 19:20:00+00:00,2026-10-05T15:58:06Z,4.040000,4.050000,4.040000,4.048000,4.046000,4.050000,4.044000,4.048000,changed
2026-02-27 14:20:00+00:00,2026-10-05T15:58:06Z,3.987000,3.987000,3.970000,3.981000,3.987000,3.994000,3.970000,3.981000,changed
2026-02-27 15:20:00+00:00,2026-10-05T15:58:06Z,3.975000,3.983000,3.974000,3.975000,3.977000,3.983000,3.970000,3.975000,changed
2026-02-27 16:20:00+00:00,2026-10-05T15:58:06Z,3.975000,3.977000,3.968000,3.975000,3.979000,3.983000,3.968000,3.975000,changed
2026-02-27 17:20:00+00:00,2026-10-05T15:58:06Z,3.970000,3.975000,3.966000,3.966000,3.974000,3.975000,3.966000,3.966000,changed
2026-02-27 18:20:00+00:00,2026-10-05T15:58:06Z,3.972000,3.972000,3.958000,3.958000,3.970000,3.975000,3.958000,3.958000,changed
2026-02-27 19:20:00+00:00,2026-10-05T15:58:06Z,3.964000,3.964000,3.956000,3.962000,3.968000,3.968000,3.956000,3.962000,changed
2026-02-02 18:20:00+00:00,2026-10-05T18:35:37Z,4.263000,4.277000,4.261000,4.277000,4.271000,4.275000,4.271000,4.275000,changed
2026-02-02 19:20:00+00:00,2026-10-05T18:35:37Z,4.273000,4.279000,4.269000,4.275000,4.275000,4.279000,4.269000,4.275000,changed
2026-02-03 14:20:00+00:00,2026-10-05T18:35:37Z,4.293000,4.300000,4.282000,4.284000,4.292000,4.300000,4.282000,4.284000,changed
2026-02-03 15:20:00+00:00,2026-10-05T18:35:37Z,4.284000,4.293000,4.279000,4.287000,4.292000,4.293000,4.279000,4.287000,changed
2026-02-03 16:20:00+00:00,2026-10-05T18:35:37Z,4.292000,4.293000,4.278000,4.285000,4.285000,4.293000,4.278000,4.285000,changed
2026-02-03 18:20:00+00:00,2026-10-05T18:35:37Z,4.290000,4.292000,4.266000,4.271000,4.290000,4.293000,4.266000,4.271000,changed
2026-02-03 19:20:00+00:00,2026-10-05T18:35:37Z,4.268000,4.278000,4.266000,4.274000,4.284000,4.284000,4.266000,4.274000,changed
2026-02-04 14:20:00+00:00,2026-10-05T18:35:37Z,4.282000,4.290000,4.269000,4.271000,4.271000,4.290000,4.269000,4.271000,changed
2026-02-04 15:20:00+00:00,2026-10-05T18:35:37Z,4.287000,4.287000,4.269000,4.271000,4.284000,4.290000,4.269000,4.271000,changed
2026-02-04 17:20:00+00:00,2026-10-05T18:35:37Z,4.275000,4.275000,4.261000,4.271000,4.278000,4.279000,4.261000,4.271000,changed
2026-02-04 18:20:00+00:00,2026-10-05T18:35:37Z,4.271000,4.279000,4.268000,4.279000,4.263000,4.279000,4.261000,4.279000,changed
2026-02-04 19:20:00+00:00,2026-10-05T18:35:37Z,4.269000,4.279000,4.269000,4.275000,4.275000,4.279000,4.268000,4.275000,changed
2026-02-05 14:20:00+00:00,2026-10-05T18:35:37Z,4.246000,4.250000,4.222000,4.222000,4.232000,4.250000,4.222000,4.222000,changed
2026-02-05 15:20:00+00:00,2026-10-05T18:35:37Z,4.236000,4.250000,4.206000,4.210000,4.234000,4.236000,4.206000,4.210000,changed
2026-02-05 16:20:00+00:00,2026-10-05T18:35:37Z,4.214000,4.220000,4.206000,4.210000,4.216000,4.220000,4.206000,4.210000,changed
2026-02-05 17:20:00+00:00,2026-10-05T18:35:37Z,4.218000,4.220000,4.208000,4.212000,4.216000,4.218000,4.208000,4.212000,changed
2026-02-05 18:20:00+00:00,2026-10-05T18:35:37Z,4.216000,4.218000,4.204000,4.210000,4.212000,4.212000,4.204000,4.210000,changed
2026-02-05 19:20:00+00:00,2026-10-05T18:35:37Z,4.208000,4.210000,4.204000,4.210000,4.204000,4.210000,4.204000,4.210000,changed
2026-02-06 14:20:00+00:00,2026-10-05T18:35:37Z,4.204000,4.220000,4.194000,4.216000,4.198000,4.220000,4.194000,4.216000,changed
2026-02-06 15:20:00+00:00,2026-10-05T18:35:37Z,4.196000,4.224000,4.194000,4.218000,4.214000,4.222000,4.212000,4.218000,changed
2026-02-06 16:20:00+00:00,2026-10-05T18:35:37Z,4.220000,4.224000,4.212000,4.218000,4.216000,4.220000,4.216000,4.218000,changed
2026-02-06 17:20:00+00:00,2026-10-05T18:35:37Z,4.216000,4.220000,4.212000,4.216000,4.218000,4.220000,4.214000,4.216000,changed
2026-02-06 18:20:00+00:00,2026-10-05T18:35:37Z,4.218000,4.220000,4.208000,4.210000,4.214000,4.216000,4.208000,4.210000,changed
2026-02-06 19:20:00+00:00,2026-10-05T18:35:37Z,4.214000,4.214000,4.206000,4.206000,4.210000,4.212000,4.206000,4.206000,changed
2026-02-09 14:20:00+00:00,2026-10-05T18:35:37Z,4.218000,4.226000,4.210000,4.220000,4.220000,4.226000,4.210000,4.220000,changed
2026-02-09 15:20:00+00:00,2026-10-05T18:35:37Z,4.216000,4.226000,4.206000,4.208000,4.218000,4.222000,4.206000,4.208000,changed
2026-02-09 16:20:00+00:00,2026-10-05T18:35:37Z,4.214000,4.220000,4.206000,4.206000,4.212000,4.216000,4.206000,4.206000,changed
2026-02-09 17:20:00+00:00,2026-10-05T18:35:37Z,4.210000,4.216000,4.202000,4.206000,4.210000,4.212000,4.202000,4.206000,changed
2026-02-09 18:20:00+00:00,2026-10-05T18:35:37Z,4.204000,4.210000,4.200000,4.202000,4.206000,4.210000,4.200000,4.202000,changed
2026-02-09 19:20:00+00:00,2026-10-05T18:35:37Z,4.206000,4.206000,4.196000,4.198000,4.204000,4.204000,4.196000,4.198000,changed
2026-02-10 14:20:00+00:00,2026-10-05T18:35:37Z,4.159000,4.162000,4.139000,4.145000,4.164000,4.166000,4.139000,4.145000,changed
2026-02-10 15:20:00+00:00,2026-10-05T18:35:37Z,4.147000,4.149000,4.135000,4.139000,4.154000,4.154000,4.135000,4.139000,changed
2026-02-10 16:20:00+00:00,2026-10-05T18:35:37Z,4.141000,4.151000,4.135000,4.145000,4.145000,4.151000,4.135000,4.145000,changed
2026-02-10 17:20:00+00:00,2026-10-05T18:35:37Z,4.145000,4.153000,4.143000,4.149000,4.137000,4.153000,4.137000,4.149000,changed
2026-02-10 18:20:00+00:00,2026-10-05T18:35:37Z,4.149000,4.153000,4.149000,4.151000,4.143000,4.153000,4.143000,4.151000,changed
2026-02-10 19:20:00+00:00,2026-10-05T18:35:37Z,4.151000,4.153000,4.145000,4.147000,4.153000,4.153000,4.145000,4.147000,changed
2026-02-11 14:20:00+00:00,2026-10-05T18:35:37Z,4.202000,4.202000,4.168000,4.170000,4.176000,4.206000,4.168000,4.170000,changed
2026-02-11 15:20:00+00:00,2026-10-05T18:35:37Z,4.182000,4.184000,4.165000,4.170000,4.184000,4.188000,4.165000,4.170000,changed
2026-02-11 16:20:00+00:00,2026-10-05T18:35:37Z,4.174000,4.178000,4.149000,4.149000,4.165000,4.178000,4.149000,4.149000,changed
2026-02-11 17:20:00+00:00,2026-10-05T18:35:37Z,4.151000,4.174000,4.147000,4.172000,4.165000,4.174000,4.147000,4.172000,changed
2026-02-11 18:20:00+00:00,2026-10-05T18:35:37Z,4.155000,4.178000,4.153000,4.172000,4.155000,4.178000,4.151000,4.172000,changed
2026-02-11 19:20:00+00:00,2026-10-05T18:35:37Z,4.176000,4.178000,4.170000,4.172000,4.174000,4.178000,4.166000,4.172000,changed
2026-02-12 14:20:00+00:00,2026-10-05T18:35:37Z,4.158000,4.169000,4.146000,4.146000,4.162000,4.169000,4.146000,4.146000,changed
2026-02-12 15:20:00+00:00,2026-10-05T18:35:37Z,4.164000,4.165000,4.125000,4.127000,4.152000,4.152000,4.125000,4.127000,changed
2026-02-12 16:20:00+00:00,2026-10-05T18:35:37Z,4.146000,4.146000,4.119000,4.123000,4.140000,4.140000,4.119000,4.123000,changed
2026-02-12 17:20:00+00:00,2026-10-05T18:35:37Z,4.121000,4.131000,4.102000,4.102000,4.127000,4.131000,4.102000,4.102000,changed
2026-02-12 18:20:00+00:00,2026-10-05T18:35:37Z,4.129000,4.131000,4.100000,4.100000,4.127000,4.129000,4.100000,4.100000,changed
2026-02-12 19:20:00+00:00,2026-10-05T18:35:37Z,4.102000,4.110000,4.100000,4.104000,4.104000,4.110000,4.100000,4.104000,changed
2026-02-13 14:20:00+00:00,2026-10-05T18:35:37Z,4.100000,4.100000,4.050000,4.064000,4.087000,4.090000,4.050000,4.064000,changed
2026-02-13 15:20:00+00:00,2026-10-05T18:35:37Z,4.067000,4.071000,4.050000,4.062000,4.062000,4.069000,4.056000,4.062000,changed
2026-02-13 16:20:00+00:00,2026-10-05T18:35:37Z,4.067000,4.069000,4.046000,4.054000,4.064000,4.064000,4.046000,4.054000,changed
2026-02-13 17:20:00+00:00,2026-10-05T18:35:37Z,4.056000,4.066000,4.046000,4.064000,4.052000,4.066000,4.052000,4.064000,changed
2026-02-13 18:20:00+00:00,2026-10-05T18:35:37Z,4.056000,4.067000,4.056000,4.064000,4.064000,4.067000,4.060000,4.064000,changed
2026-02-13 19:20:00+00:00,2026-10-05T18:35:37Z,4.064000,4.067000,4.054000,4.056000,4.066000,4.066000,4.054000,4.056000,changed
2026-02-17 14:20:00+00:00,2026-10-05T18:35:37Z,4.041000,4.058000,4.041000,4.052000,4.029000,4.058000,4.025000,4.052000,changed
2026-02-17 15:20:00+00:00,2026-10-05T18:35:37Z,4.045000,4.056000,4.039000,4.056000,4.048000,4.058000,4.039000,4.056000,changed
2026-02-17 16:20:00+00:00,2026-10-05T18:35:37Z,4.045000,4.056000,4.045000,4.052000,4.048000,4.056000,4.039000,4.052000,changed
2026-02-17 17:20:00+00:00,2026-10-05T18:35:37Z,4.056000,4.060000,4.048000,4.056000,4.052000,4.060000,4.048000,4.056000,changed
2026-02-17 18:20:00+00:00,2026-10-05T18:35:37Z,4.056000,4.060000,4.054000,4.058000,4.052000,4.060000,4.048000,4.058000,changed
2026-02-17 19:20:00+00:00,2026-10-05T18:35:37Z,4.058000,4.060000,4.052000,4.052000,4.060000,4.060000,4.052000,4.052000,changed
2026-02-18 14:20:00+00:00,2026-10-05T18:35:37Z,4.075000,4.085000,4.075000,4.079000,4.067000,4.085000,4.064000,4.079000,changed
2026-02-18 15:20:00+00:00,2026-10-05T18:35:37Z,4.083000,4.085000,4.073000,4.077000,4.079000,4.085000,4.073000,4.077000,changed
2026-02-18 16:20:00+00:00,2026-10-05T18:35:37Z,4.077000,4.079000,4.071000,4.073000,4.083000,4.083000,4.071000,4.073000,changed
2026-02-18 18:20:00+00:00,2026-10-05T18:35:37Z,4.075000,4.088000,4.075000,4.079000,4.071000,4.088000,4.071000,4.079000,changed
2026-02-18 19:20:00+00:00,2026-10-05T18:35:37Z,4.085000,4.088000,4.079000,4.079000,4.081000,4.088000,4.079000,4.079000,changed
2026-02-19 14:20:00+00:00,2026-10-05T18:35:37Z,4.106000,4.106000,4.083000,4.088000,4.100000,4.102000,4.083000,4.088000,changed
2026-02-19 15:20:00+00:00,2026-10-05T18:35:37Z,4.092000,4.094000,4.083000,4.085000,4.088000,4.094000,4.083000,4.085000,changed
2026-02-19 16:20:00+00:00,2026-10-05T18:35:37Z,4.086000,4.094000,4.081000,4.083000,4.088000,4.088000,4.081000,4.083000,changed
2026-02-19 17:20:00+00:00,2026-10-05T18:35:37Z,4.085000,4.088000,4.075000,4.075000,4.085000,4.086000,4.075000,4.075000,changed
2026-02-19 18:20:00+00:00,2026-10-05T18:35:37Z,4.085000,4.086000,4.065000,4.069000,4.085000,4.085000,4.065000,4.069000,changed
2026-02-19 19:20:00+00:00,2026-10-05T18:35:37Z,4.073000,4.079000,4.065000,4.075000,4.069000,4.079000,4.065000,4.075000,changed
2026-02-20 14:20:00+00:00,2026-10-05T18:35:37Z,4.063000,4.104000,4.060000,4.096000,4.071000,4.104000,4.069000,4.096000,changed
2026-02-20 15:20:00+00:00,2026-10-05T18:35:37Z,4.071000,4.104000,4.071000,4.086000,4.077000,4.104000,4.075000,4.086000,changed
2026-02-20 16:20:00+00:00,2026-10-05T18:35:37Z,4.092000,4.098000,4.083000,4.088000,4.096000,4.098000,4.083000,4.088000,changed
2026-02-20 17:20:00+00:00,2026-10-05T18:35:37Z,4.085000,4.100000,4.085000,4.096000,4.096000,4.100000,4.086000,4.096000,changed
2026-02-20 18:20:00+00:00,2026-10-05T18:35:37Z,4.086000,4.100000,4.081000,4.085000,4.094000,4.100000,4.081000,4.085000,changed
2026-02-20 19:20:00+00:00,2026-10-05T18:35:37Z,4.092000,4.094000,4.081000,4.086000,4.088000,4.094000,4.085000,4.086000,changed
2026-02-23 14:20:00+00:00,2026-10-05T18:35:37Z,4.067000,4.069000,4.054000,4.056000,4.063000,4.067000,4.054000,4.056000,changed
2026-02-23 15:20:00+00:00,2026-10-05T18:35:37Z,4.065000,4.067000,4.029000,4.033000,4.060000,4.060000,4.029000,4.033000,changed
2026-02-23 16:20:00+00:00,2026-10-05T18:35:37Z,4.054000,4.056000,4.025000,4.027000,4.042000,4.044000,4.025000,4.027000,changed
2026-02-23 17:20:00+00:00,2026-10-05T18:35:37Z,4.033000,4.035000,4.018000,4.027000,4.029000,4.029000,4.018000,4.027000,changed
2026-02-23 18:20:00+00:00,2026-10-05T18:35:37Z,4.027000,4.029000,4.018000,4.025000,4.023000,4.027000,4.021000,4.025000,changed
2026-02-23 19:20:00+00:00,2026-10-05T18:35:37Z,4.027000,4.031000,4.021000,4.029000,4.023000,4.031000,4.023000,4.029000,changed
2026-02-25 14:20:00+00:00,2026-10-05T18:35:37Z,4.050000,4.058000,4.050000,4.050000,4.056000,4.058000,4.050000,4.050000,changed
2026-02-25 15:20:00+00:00,2026-10-05T18:35:37Z,4.056000,4.056000,4.044000,4.046000,4.056000,4.058000,4.044000,4.046000,changed
2026-02-25 16:20:00+00:00,2026-10-05T18:35:37Z,4.046000,4.048000,4.035000,4.037000,4.052000,4.052000,4.035000,4.037000,changed
2026-02-25 17:20:00+00:00,2026-10-05T18:35:37Z,4.042000,4.042000,4.035000,4.039000,4.044000,4.044000,4.035000,4.039000,changed
2026-02-25 18:20:00+00:00,2026-10-05T18:35:37Z,4.037000,4.048000,4.037000,4.048000,4.035000,4.048000,4.035000,4.048000,changed
2026-02-25 19:20:00+00:00,2026-10-05T18:35:37Z,4.046000,4.050000,4.044000,4.048000,4.040000,4.050000,4.040000,4.048000,changed
2026-02-27 14:20:00+00:00,2026-10-05T18:35:37Z,3.987000,3.994000,3.970000,3.981000,3.987000,3.987000,3.970000,3.981000,changed
2026-02-27 15:20:00+00:00,2026-10-05T18:35:37Z,3.977000,3.983000,3.970000,3.975000,3.975000,3.983000,3.974000,3.975000,changed
2026-02-27 16:20:00+00:00,2026-10-05T18:35:37Z,3.979000,3.983000,3.968000,3.975000,3.975000,3.977000,3.968000,3.975000,changed
2026-02-27 17:20:00+00:00,2026-10-05T18:35:37Z,3.974000,3.975000,3.966000,3.966000,3.970000,3.975000,3.966000,3.966000,changed
2026-02-27 18:20:00+00:00,2026-10-05T18:35:37Z,3.970000,3.975000,3.958000,3.958000,3.972000,3.972000,3.958000,3.958000,changed
2026-02-27 19:20:00+00:00,2026-10-05T18:35:37Z,3.968000,3.968000,3.956000,3.962000,3.964000,3.964000,3.956000,3.962000,changed
2026-02-02 18:20:00+00:00,2026-10-05T21:35:18Z,4.271000,4.275000,4.271000,4.275000,4.263000,4.277000,4.261000,4.277000,changed
2026-02-02 19:20:00+00:00,2026-10-05T21:35:18Z,4.275000,4.279000,4.269000,4.275000,4.273000,4.279000,4.269000,4.275000,changed
2026-02-03 14:20:00+00:00,2026-10-05T21:35:18Z,4.292000,4.300000,4.282000,4.284000,4.293000,4.300000,4.282000,4.284000,changed
2026-02-03 15:20:00+00:00,2026-10-05T21:35:18Z,4.292000,4.293000,4.279000,4.287000,4.284000,4.293000,4.279000,4.287000,changed
2026-02-03 16:20:00+00:00,2026-10-05T21:35:18Z,4.285000,4.293000,4.278000,4.285000,4.292000,4.293000,4.278000,4.285000,changed
2026-02-03 18:20:00+00:00,2026-10-05T21:35:18Z,4.290000,4.293000,4.266000,4.271000,4.290000,4.292000,4.266000,4.271000,changed
2026-02-03 19:20:00+00:00,2026-10-05T21:35:18Z,4.284000,4.284000,4.266000,4.274000,4.268000,4.278000,4.266000,4.274000,changed
2026-02-04 14:20:00+00:00,2026-10-05T21:35:18Z,4.271000,4.290000,4.269000,4.271000,4.282000,4.290000,4.269000,4.271000,changed
2026-02-04 15:20:00+00:00,2026-10-05T21:35:18Z,4.284000,4.290000,4.269000,4.271000,4.287000,4.287000,4.269000,4.271000,changed
2026-02-04 17:20:00+00:00,2026-10-05T21:35:18Z,4.278000,4.279000,4.261000,4.271000,4.275000,4.275000,4.261000,4.271000,changed
2026-02-04 18:20:00+00:00,2026-10-05T21:35:18Z,4.263000,4.279000,4.261000,4.279000,4.271000,4.279000,4.268000,4.279000,changed
2026-02-04 19:20:00+00:00,2026-10-05T21:35:18Z,4.275000,4.279000,4.268000,4.275000,4.269000,4.279000,4.269000,4.275000,changed
2026-02-05 14:20:00+00:00,2026-10-05T21:35:18Z,4.232000,4.250000,4.222000,4.222000,4.246000,4.250000,4.222000,4.222000,changed
2026-02-05 15:20:00+00:00,2026-10-05T21:35:18Z,4.234000,4.236000,4.206000,4.210000,4.236000,4.250000,4.206000,4.210000,changed
2026-02-05 16:20:00+00:00,2026-10-05T21:35:18Z,4.216000,4.220000,4.206000,4.210000,4.214000,4.220000,4.206000,4.210000,changed
2026-02-05 17:20:00+00:00,2026-10-05T21:35:18Z,4.216000,4.218000,4.208000,4.212000,4.218000,4.220000,4.208000,4.212000,changed
2026-02-05 18:20:00+00:00,2026-10-05T21:35:18Z,4.212000,4.212000,4.204000,4.210000,4.216000,4.218000,4.204000,4.210000,changed
2026-02-05 19:20:00+00:00,2026-10-05T21:35:18Z,4.204000,4.210000,4.204000,4.210000,4.208000,4.210000,4.204000,4.210000,changed
2026-02-06 14:20:00+00:00,2026-10-05T21:35:18Z,4.198000,4.220000,4.194000,4.216000,4.204000,4.220000,4.194000,4.216000,changed
2026-02-06 15:20:00+00:00,2026-10-05T21:35:18Z,4.214000,4.222000,4.212000,4.218000,4.196000,4.224000,4.194000,4.218000,changed
2026-02-06 16:20:00+00:00,2026-10-05T21:35:18Z,4.216000,4.220000,4.216000,4.218000,4.220000,4.224000,4.212000,4.218000,changed
2026-02-06 17:20:00+00:00,2026-10-05T21:35:18Z,4.218000,4.220000,4.214000,4.216000,4.216000,4.220000,4.212000,4.216000,changed
2026-02-06 18:20:00+00:00,2026-10-05T21:35:18Z,4.214000,4.216000,4.208000,4.210000,4.218000,4.220000,4.208000,4.210000,changed
2026-02-06 19:20:00+00:00,2026-10-05T21:35:18Z,4.210000,4.212000,4.206000,4.206000,4.214000,4.214000,4.206000,4.206000,changed
2026-02-09 14:20:00+00:00,2026-10-05T21:35:18Z,4.220000,4.226000,4.210000,4.220000,4.218000,4.226000,4.210000,4.220000,changed
2026-02-09 15:20:00+00:00,2026-10-05T21:35:18Z,4.218000,4.222000,4.206000,4.208000,4.216000,4.226000,4.206000,4.208000,changed
2026-02-09 16:20:00+00:00,2026-10-05T21:35:18Z,4.212000,4.216000,4.206000,4.206000,4.214000,4.220000,4.206000,4.206000,changed
2026-02-09 17:20:00+00:00,2026-10-05T21:35:18Z,4.210000,4.212000,4.202000,4.206000,4.210000,4.216000,4.202000,4.206000,changed
2026-02-09 18:20:00+00:00,2026-10-05T21:35:18Z,4.206000,4.210000,4.200000,4.202000,4.204000,4.210000,4.200000,4.202000,changed
2026-02-09 19:20:00+00:00,2026-10-05T21:35:18Z,4.204000,4.204000,4.196000,4.198000,4.206000,4.206000,4.196000,4.198000,changed
2026-02-10 14:20:00+00:00,2026-10-05T21:35:18Z,4.164000,4.166000,4.139000,4.145000,4.159000,4.162000,4.139000,4.145000,changed
2026-02-10 15:20:00+00:00,2026-10-05T21:35:18Z,4.154000,4.154000,4.135000,4.139000,4.147000,4.149000,4.135000,4.139000,changed
2026-02-10 16:20:00+00:00,2026-10-05T21:35:18Z,4.145000,4.151000,4.135000,4.145000,4.141000,4.151000,4.135000,4.145000,changed
2026-02-10 17:20:00+00:00,2026-10-05T21:35:18Z,4.137000,4.153000,4.137000,4.149000,4.145000,4.153000,4.143000,4.149000,changed
2026-02-10 18:20:00+00:00,2026-10-05T21:35:18Z,4.143000,4.153000,4.143000,4.151000,4.149000,4.153000,4.149000,4.151000,changed
2026-02-10 19:20:00+00:00,2026-10-05T21:35:18Z,4.153000,4.153000,4.145000,4.147000,4.151000,4.153000,4.145000,4.147000,changed
2026-02-11 14:20:00+00:00,2026-10-05T21:35:18Z,4.176000,4.206000,4.168000,4.170000,4.202000,4.202000,4.168000,4.170000,changed
2026-02-11 15:20:00+00:00,2026-10-05T21:35:18Z,4.184000,4.188000,4.165000,4.170000,4.182000,4.184000,4.165000,4.170000,changed
2026-02-11 16:20:00+00:00,2026-10-05T21:35:18Z,4.165000,4.178000,4.149000,4.149000,4.174000,4.178000,4.149000,4.149000,changed
2026-02-11 17:20:00+00:00,2026-10-05T21:35:18Z,4.165000,4.174000,4.147000,4.172000,4.151000,4.174000,4.147000,4.172000,changed
2026-02-11 18:20:00+00:00,2026-10-05T21:35:18Z,4.155000,4.178000,4.151000,4.172000,4.155000,4.178000,4.153000,4.172000,changed
2026-02-11 19:20:00+00:00,2026-10-05T21:35:18Z,4.174000,4.178000,4.166000,4.172000,4.176000,4.178000,4.170000,4.172000,changed
2026-02-12 14:20:00+00:00,2026-10-05T21:35:18Z,4.162000,4.169000,4.146000,4.146000,4.158000,4.169000,4.146000,4.146000,changed
2026-02-12 15:20:00+00:00,2026-10-05T21:35:18Z,4.152000,4.152000,4.125000,4.127000,4.164000,4.165000,4.125000,4.127000,changed
2026-02-12 16:20:00+00:00,2026-10-05T21:35:18Z,4.140000,4.140000,4.119000,4.123000,4.146000,4.146000,4.119000,4.123000,changed
2026-02-12 17:20:00+00:00,2026-10-05T21:35:18Z,4.127000,4.131000,4.102000,4.102000,4.121000,4.131000,4.102000,4.102000,changed
2026-02-12 18:20:00+00:00,2026-10-05T21:35:18Z,4.127000,4.129000,4.100000,4.100000,4.129000,4.131000,4.100000,4.100000,changed
2026-02-12 19:20:00+00:00,2026-10-05T21:35:18Z,4.104000,4.110000,4.100000,4.104000,4.102000,4.110000,4.100000,4.104000,changed
2026-02-13 14:20:00+00:00,2026-10-05T21:35:18Z,4.087000,4.090000,4.050000,4.064000,4.100000,4.100000,4.050000,4.064000,changed
2026-02-13 15:20:00+00:00,2026-10-05T21:35:18Z,4.062000,4.069000,4.056000,4.062000,4.067000,4.071000,4.050000,4.062000,changed
2026-02-13 16:20:00+00:00,2026-10-05T21:35:18Z,4.064000,4.064000,4.046000,4.054000,4.067000,4.069000,4.046000,4.054000,changed
2026-02-13 17:20:00+00:00,2026-10-05T21:35:18Z,4.052000,4.066000,4.052000,4.064000,4.056000,4.066000,4.046000,4.064000,changed
2026-02-13 18:20:00+00:00,2026-10-05T21:35:18Z,4.064000,4.067000,4.060000,4.064000,4.056000,4.067000,4.056000,4.064000,changed
2026-02-13 19:20:00+00:00,2026-10-05T21:35:18Z,4.066000,4.066000,4.054000,4.056000,4.064000,4.067000,4.054000,4.056000,changed
2026-02-17 14:20:00+00:00,2026-10-05T21:35:18Z,4.029000,4.058000,4.025000,4.052000,4.041000,4.058000,4.041000,4.052000,changed
2026-02-17 15:20:00+00:00,2026-10-05T21:35:18Z,4.048000,4.058000,4.039000,4.056000,4.045000,4.056000,4.039000,4.056000,changed
2026-02-17 16:20:00+00:00,2026-10-05T21:35:18Z,4.048000,4.056000,4.039000,4.052000,4.045000,4.056000,4.045000,4.052000,changed
2026-02-17 17:20:00+00:00,2026-10-05T21:35:18Z,4.052000,4.060000,4.048000,4.056000,4.056000,4.060000,4.048000,4.056000,changed
2026-02-17 18:20:00+00:00,2026-10-05T21:35:18Z,4.052000,4.060000,4.048000,4.058000,4.056000,4.060000,4.054000,4.058000,changed
2026-02-17 19:20:00+00:00,2026-10-05T21:35:18Z,4.060000,4.060000,4.052000,4.052000,4.058000,4.060000,4.052000,4.052000,changed
2026-02-18 14:20:00+00:00,2026-10-05T21:35:18Z,4.067000,4.085000,4.064000,4.079000,4.075000,4.085000,4.075000,4.079000,changed
2026-02-18 15:20:00+00:00,2026-10-05T21:35:18Z,4.079000,4.085000,4.073000,4.077000,4.083000,4.085000,4.073000,4.077000,changed
2026-02-18 16:20:00+00:00,2026-10-05T21:35:18Z,4.083000,4.083000,4.071000,4.073000,4.077000,4.079000,4.071000,4.073000,changed
2026-02-18 18:20:00+00:00,2026-10-05T21:35:18Z,4.071000,4.088000,4.071000,4.079000,4.075000,4.088000,4.075000,4.079000,changed
2026-02-18 19:20:00+00:00,2026-10-05T21:35:18Z,4.081000,4.088000,4.079000,4.079000,4.085000,4.088000,4.079000,4.079000,changed
2026-02-19 14:20:00+00:00,2026-10-05T21:35:18Z,4.100000,4.102000,4.083000,4.088000,4.106000,4.106000,4.083000,4.088000,changed
2026-02-19 15:20:00+00:00,2026-10-05T21:35:18Z,4.088000,4.094000,4.083000,4.085000,4.092000,4.094000,4.083000,4.085000,changed
2026-02-19 16:20:00+00:00,2026-10-05T21:35:18Z,4.088000,4.088000,4.081000,4.083000,4.086000,4.094000,4.081000,4.083000,changed
2026-02-19 17:20:00+00:00,2026-10-05T21:35:18Z,4.085000,4.086000,4.075000,4.075000,4.085000,4.088000,4.075000,4.075000,changed
2026-02-19 18:20:00+00:00,2026-10-05T21:35:18Z,4.085000,4.085000,4.065000,4.069000,4.085000,4.086000,4.065000,4.069000,changed
2026-02-19 19:20:00+00:00,2026-10-05T21:35:18Z,4.069000,4.079000,4.065000,4.075000,4.073000,4.079000,4.065000,4.075000,changed
2026-02-20 14:20:00+00:00,2026-10-05T21:35:18Z,4.071000,4.104000,4.069000,4.096000,4.063000,4.104000,4.060000,4.096000,changed
2026-02-20 15:20:00+00:00,2026-10-05T21:35:18Z,4.077000,4.104000,4.075000,4.086000,4.071000,4.104000,4.071000,4.086000,changed
2026-02-20 16:20:00+00:00,2026-10-05T21:35:18Z,4.096000,4.098000,4.083000,4.088000,4.092000,4.098000,4.083000,4.088000,changed
2026-02-20 17:20:00+00:00,2026-10-05T21:35:18Z,4.096000,4.100000,4.086000,4.096000,4.085000,4.100000,4.085000,4.096000,changed
2026-02-20 18:20:00+00:00,2026-10-05T21:35:18Z,4.094000,4.100000,4.081000,4.085000,4.086000,4.100000,4.081000,4.085000,changed
2026-02-20 19:20:00+00:00,2026-10-05T21:35:18Z,4.088000,4.094000,4.085000,4.086000,4.092000,4.094000,4.081000,4.086000,changed
2026-02-23 14:20:00+00:00,2026-10-05T21:35:18Z,4.063000,4.067000,4.054000,4.056000,4.067000,4.069000,4.054000,4.056000,changed
2026-02-23 15:20:00+00:00,2026-10-05T21:35:18Z,4.060000,4.060000,4.029000,4.033000,4.065000,4.067000,4.029000,4.033000,changed
2026-02-23 16:20:00+00:00,2026-10-05T21:35:18Z,4.042000,4.044000,4.025000,4.027000,4.054000,4.056000,4.025000,4.027000,changed
2026-02-23 17:20:00+00:00,2026-10-05T21:35:18Z,4.029000,4.029000,4.018000,4.027000,4.033000,4.035000,4.018000,4.027000,changed
2026-02-23 18:20:00+00:00,2026-10-05T21:35:18Z,4.023000,4.027000,4.021000,4.025000,4.027000,4.029000,4.018000,4.025000,changed
2026-02-23 19:20:00+00:00,2026-10-05T21:35:18Z,4.023000,4.031000,4.023000,4.029000,4.027000,4.031000,4.021000,4.029000,changed
2026-02-25 14:20:00+00:00,2026-10-05T21:35:18Z,4.056000,4.058000,4.050000,4.050000,4.050000,4.058000,4.050000,4.050000,changed
2026-02-25 15:20:00+00:00,2026-10-05T21:35:18Z,4.056000,4.058000,4.044000,4.046000,4.056000,4.056000,4.044000,4.046000,changed
2026-02-25 16:20:00+00:00,2026-10-05T21:35:18Z,4.052000,4.052000,4.035000,4.037000,4.046000,4.048000,4.035000,4.037000,changed
2026-02-25 17:20:00+00:00,2026-10-05T21:35:18Z,4.044000,4.044000,4.035000,4.039000,4.042000,4.042000,4.035000,4.039000,changed
2026-02-25 18:20:00+00:00,2026-10-05T21:35:18Z,4.035000,4.048000,4.035000,4.048000,4.037000,4.048000,4.037000,4.048000,changed
2026-02-25 19:20:00+00:00,2026-10-05T21:35:18Z,4.040000,4.050000,4.040000,4.048000,4.046000,4.050000,4.044000,4.048000,changed
2026-02-27 14:20:00+00:00,2026-10-05T21:35:18Z,3.987000,3.987000,3.970000,3.981000,3.987000,3.994000,3.970000,3.981000,changed
2026-02-27 15:20:00+00:00,2026-10-05T21:35:18Z,3.975000,3.983000,3.974000,3.975000,3.977000,3.983000,3.970000,3.975000,changed
2026-02-27 16:20:00+00:00,2026-10-05T21:35:18Z,3.975000,3.977000,3.968000,3.975000,3.979000,3.983000,3.968000,3.975000,changed
2026-02-27 17:20:00+00:00,2026-10-05T21:35:18Z,3.970000,3.975000,3.966000,3.966000,3.974000,3.975000,3.966000,3.966000,changed
2026-02-27 18:20:00+00:00,2026-10-05T21:35:18Z,3.972000,3.972000,3.958000,3.958000,3.970000,3.975000,3.958000,3.958000,changed
2026-02-27 19:20:00+00:00,2026-10-05T21:35:18Z,3.964000,3.964000,3.956000,3.962000,3.968000,3.968000,3.956000,3.962000,changed
2026-02-02 18:20:00+00:00,2026-10-05T22:40:56Z,4.263000,4.277000,4.261000,4.277000,4.271000,4.275000,4.271000,4.275000,changed
2026-02-02 19:20:00+00:00,2026-10-05T22:40:56Z,4.273000,4.279000,4.269000,4.275000,4.275000,4.279000,4.269000,4.275000,changed
2026-02-03 14:20:00+00:00,2026-10-05T22:40:56Z,4.293000,4.300000,4.282000,4.284000,4.292000,4.300000,4.282000,4.284000,changed
2026-02-03 15:20:00+00:00,2026-10-05T22:40:56Z,4.284000,4.293000,4.279000,4.287000,4.292000,4.293000,4.279000,4.287000,changed
2026-02-03 16:20:00+00:00,2026-10-05T22:40:56Z,4.292000,4.293000,4.278000,4.285000,4.285000,4.293000,4.278000,4.285000,changed
2026-02-03 18:20:00+00:00,2026-10-05T22:40:56Z,4.290000,4.292000,4.266000,4.271000,4.290000,4.293000,4.266000,4.271000,changed
2026-02-03 19:20:00+00:00,2026-10-05T22:40:56Z,4.268000,4.278000,4.266000,4.274000,4.284000,4.284000,4.266000,4.274000,changed
2026-02-04 14:20:00+00:00,2026-10-05T22:40:56Z,4.282000,4.290000,4.269000,4.271000,4.271000,4.290000,4.269000,4.271000,changed
2026-02-04 15:20:00+00:00,2026-10-05T22:40:56Z,4.287000,4.287000,4.269000,4.271000,4.284000,4.290000,4.269000,4.271000,changed
2026-02-04 17:20:00+00:00,2026-10-05T22:40:56Z,4.275000,4.275000,4.261000,4.271000,4.278000,4.279000,4.261000,4.271000,changed
2026-02-04 18:20:00+00:00,2026-10-05T22:40:56Z,4.271000,4.279000,4.268000,4.279000,4.263000,4.279000,4.261000,4.279000,changed
2026-02-04 19:20:00+00:00,2026-10-05T22:40:56Z,4.269000,4.279000,4.269000,4.275000,4.275000,4.279000,4.268000,4.275000,changed
2026-02-05 14:20:00+00:00,2026-10-05T22:40:56Z,4.246000,4.250000,4.222000,4.222000,4.232000,4.250000,4.222000,4.222000,changed
2026-02-05 15:20:00+00:00,2026-10-05T22:40:56Z,4.236000,4.250000,4.206000,4.210000,4.234000,4.236000,4.206000,4.210000,changed
2026-02-05 16:20:00+00:00,2026-10-05T22:40:56Z,4.214000,4.220000,4.206000,4.210000,4.216000,4.220000,4.206000,4.210000,changed
2026-02-05 17:20:00+00:00,2026-10-05T22:40:56Z,4.218000,4.220000,4.208000,4.212000,4.216000,4.218000,4.208000,4.212000,changed
2026-02-05 18:20:00+00:00,2026-10-05T22:40:56Z,4.216000,4.218000,4.204000,4.210000,4.212000,4.212000,4.204000,4.210000,changed
2026-02-05 19:20:00+00:00,2026-10-05T22:40:56Z,4.208000,4.210000,4.204000,4.210000,4.204000,4.210000,4.204000,4.210000,changed
2026-02-06 14:20:00+00:00,2026-10-05T22:40:56Z,4.204000,4.220000,4.194000,4.216000,4.198000,4.220000,4.194000,4.216000,changed
2026-02-06 15:20:00+00:00,2026-10-05T22:40:56Z,4.196000,4.224000,4.194000,4.218000,4.214000,4.222000,4.212000,4.218000,changed
2026-02-06 16:20:00+00:00,2026-10-05T22:40:56Z,4.220000,4.224000,4.212000,4.218000,4.216000,4.220000,4.216000,4.218000,changed
2026-02-06 17:20:00+00:00,2026-10-05T22:40:56Z,4.216000,4.220000,4.212000,4.216000,4.218000,4.220000,4.214000,4.216000,changed
2026-02-06 18:20:00+00:00,2026-10-05T22:40:56Z,4.218000,4.220000,4.208000,4.210000,4.214000,4.216000,4.208000,4.210000,changed
2026-02-06 19:20:00+00:00,2026-10-05T22:40:56Z,4.214000,4.214000,4.206000,4.206000,4.210000,4.212000,4.206000,4.206000,changed
2026-02-09 14:20:00+00:00,2026-10-05T22:40:56Z,4.218000,4.226000,4.210000,4.220000,4.220000,4.226000,4.210000,4.220000,changed
2026-02-09 15:20:00+00:00,2026-10-05T22:40:56Z,4.216000,4.226000,4.206000,4.208000,4.218000,4.222000,4.206000,4.208000,changed
2026-02-09 16:20:00+00:00,2026-10-05T22:40:56Z,4.214000,4.220000,4.206000,4.206000,4.212000,4.216000,4.206000,4.206000,changed
2026-02-09 17:20:00+00:00,2026-10-05T22:40:56Z,4.210000,4.216000,4.202000,4.206000,4.210000,4.212000,4.202000,4.206000,changed
2026-02-09 18:20:00+00:00,2026-10-05T22:40:56Z,4.204000,4.210000,4.200000,4.202000,4.206000,4.210000,4.200000,4.202000,changed
2026-02-09 19:20:00+00:00,2026-10-05T22:40:56Z,4.206000,4.206000,4.196000,4.198000,4.204000,4.204000,4.196000,4.198000,changed
2026-02-10 14:20:00+00:00,2026-10-05T22:40:56Z,4.159000,4.162000,4.139000,4.145000,4.164000,4.166000,4.139000,4.145000,changed
2026-02-10 15:20:00+00:00,2026-10-05T22:40:56Z,4.147000,4.149000,4.135000,4.139000,4.154000,4.154000,4.135000,4.139000,changed
2026-02-10 16:20:00+00:00,2026-10-05T22:40:56Z,4.141000,4.151000,4.135000,4.145000,4.145000,4.151000,4.135000,4.145000,changed
2026-02-10 17:20:00+00:00,2026-10-05T22:40:56Z,4.145000,4.153000,4.143000,4.149000,4.137000,4.153000,4.137000,4.149000,changed
2026-02-10 18:20:00+00:00,2026-10-05T22:40:56Z,4.149000,4.153000,4.149000,4.151000,4.143000,4.153000,4.143000,4.151000,changed
2026-02-10 19:20:00+00:00,2026-10-05T22:40:56Z,4.151000,4.153000,4.145000,4.147000,4.153000,4.153000,4.145000,4.147000,changed
2026-02-11 14:20:00+00:00,2026-10-05T22:40:56Z,4.202000,4.202000,4.168000,4.170000,4.176000,4.206000,4.168000,4.170000,changed
2026-02-11 15:20:00+00:00,2026-10-05T22:40:56Z,4.182000,4.184000,4.165000,4.170000,4.184000,4.188000,4.165000,4.170000,changed
2026-02-11 16:20:00+00:00,2026-10-05T22:40:56Z,4.174000,4.178000,4.149000,4.149000,4.165000,4.178000,4.149000,4.149000,changed
2026-02-11 17:20:00+00:00,2026-10-05T22:40:56Z,4.151000,4.174000,4.147000,4.172000,4.165000,4.174000,4.147000,4.172000,changed
2026-02-11 18:20:00+00:00,2026-10-05T22:40:56Z,4.155000,4.178000,4.153000,4.172000,4.155000,4.178000,4.151000,4.172000,changed
2026-02-11 19:20:00+00:00,2026-10-05T22:40:56Z,4.176000,4.178000,4.170000,4.172000,4.174000,4.178000,4.166000,4.172000,changed
2026-02-12 14:20:00+00:00,2026-10-05T22:40:56Z,4.158000,4.169000,4.146000,4.146000,4.162000,4.169000,4.146000,4.146000,changed
2026-02-12 15:20:00+00:00,2026-10-05T22:40:56Z,4.164000,4.165000,4.125000,4.127000,4.152000,4.152000,4.125000,4.127000,changed
2026-02-12 16:20:00+00:00,2026-10-05T22:40:56Z,4.146000,4.146000,4.119000,4.123000,4.140000,4.140000,4.119000,4.123000,changed
2026-02-12 17:20:00+00:00,2026-10-05T22:40:56Z,4.121000,4.131000,4.102000,4.102000,4.127000,4.131000,4.102000,4.102000,changed
2026-02-12 18:20:00+00:00,2026-10-05T22:40:56Z,4.129000,4.131000,4.100000,4.100000,4.127000,4.129000,4.100000,4.100000,changed
2026-02-12 19:20:00+00:00,2026-10-05T22:40:56Z,4.102000,4.110000,4.100000,4.104000,4.104000,4.110000,4.100000,4.104000,changed
2026-02-13 14:20:00+00:00,2026-10-05T22:40:56Z,4.100000,4.100000,4.050000,4.064000,4.087000,4.090000,4.050000,4.064000,changed
2026-02-13 15:20:00+00:00,2026-10-05T22:40:56Z,4.067000,4.071000,4.050000,4.062000,4.062000,4.069000,4.056000,4.062000,changed
2026-02-13 16:20:00+00:00,2026-10-05T22:40:56Z,4.067000,4.069000,4.046000,4.054000,4.064000,4.064000,4.046000,4.054000,changed
2026-02-13 17:20:00+00:00,2026-10-05T22:40:56Z,4.056000,4.066000,4.046000,4.064000,4.052000,4.066000,4.052000,4.064000,changed
2026-02-13 18:20:00+00:00,2026-10-05T22:40:56Z,4.056000,4.067000,4.056000,4.064000,4.064000,4.067000,4.060000,4.064000,changed
2026-02-13 19:20:00+00:00,2026-10-05T22:40:56Z,4.064000,4.067000,4.054000,4.056000,4.066000,4.066000,4.054000,4.056000,changed
2026-02-17 14:20:00+00:00,2026-10-05T22:40:56Z,4.041000,4.058000,4.041000,4.052000,4.029000,4.058000,4.025000,4.052000,changed
2026-02-17 15:20:00+00:00,2026-10-05T22:40:56Z,4.045000,4.056000,4.039000,4.056000,4.048000,4.058000,4.039000,4.056000,changed
2026-02-17 16:20:00+00:00,2026-10-05T22:40:56Z,4.045000,4.056000,4.045000,4.052000,4.048000,4.056000,4.039000,4.052000,changed
2026-02-17 17:20:00+00:00,2026-10-05T22:40:56Z,4.056000,4.060000,4.048000,4.056000,4.052000,4.060000,4.048000,4.056000,changed
2026-02-17 18:20:00+00:00,2026-10-05T22:40:56Z,4.056000,4.060000,4.054000,4.058000,4.052000,4.060000,4.048000,4.058000,changed
2026-02-17 19:20:00+00:00,2026-10-05T22:40:56Z,4.058000,4.060000,4.052000,4.052000,4.060000,4.060000,4.052000,4.052000,changed
2026-02-18 14:20:00+00:00,2026-10-05T22:40:56Z,4.075000,4.085000,4.075000,4.079000,4.067000,4.085000,4.064000,4.079000,changed
2026-02-18 15:20:00+00:00,2026-10-05T22:40:56Z,4.083000,4.085000,4.073000,4.077000,4.079000,4.085000,4.073000,4.077000,changed
2026-02-18 16:20:00+00:00,2026-10-05T22:40:56Z,4.077000,4.079000,4.071000,4.073000,4.083000,4.083000,4.071000,4.073000,changed
2026-02-18 18:20:00+00:00,2026-10-05T22:40:56Z,4.075000,4.088000,4.075000,4.079000,4.071000,4.088000,4.071000,4.079000,changed
2026-02-18 19:20:00+00:00,2026-10-05T22:40:56Z,4.085000,4.088000,4.079000,4.079000,4.081000,4.088000,4.079000,4.079000,changed
2026-02-19 14:20:00+00:00,2026-10-05T22:40:56Z,4.106000,4.106000,4.083000,4.088000,4.100000,4.102000,4.083000,4.088000,changed
2026-02-19 15:20:00+00:00,2026-10-05T22:40:56Z,4.092000,4.094000,4.083000,4.085000,4.088000,4.094000,4.083000,4.085000,changed
2026-02-19 16:20:00+00:00,2026-10-05T22:40:56Z,4.086000,4.094000,4.081000,4.083000,4.088000,4.088000,4.081000,4.083000,changed
2026-02-19 17:20:00+00:00,2026-10-05T22:40:56Z,4.085000,4.088000,4.075000,4.075000,4.085000,4.086000,4.075000,4.075000,changed
2026-02-19 18:20:00+00:00,2026-10-05T22:40:56Z,4.085000,4.086000,4.065000,4.069000,4.085000,4.085000,4.065000,4.069000,changed
2026-02-19 19:20:00+00:00,2026-10-05T22:40:56Z,4.073000,4.079000,4.065000,4.075000,4.069000,4.079000,4.065000,4.075000,changed
2026-02-20 14:20:00+00:00,2026-10-05T22:40:56Z,4.063000,4.104000,4.060000,4.096000,4.071000,4.104000,4.069000,4.096000,changed
2026-02-20 15:20:00+00:00,2026-10-05T22:40:56Z,4.071000,4.104000,4.071000,4.086000,4.077000,4.104000,4.075000,4.086000,changed
2026-02-20 16:20:00+00:00,2026-10-05T22:40:56Z,4.092000,4.098000,4.083000,4.088000,4.096000,4.098000,4.083000,4.088000,changed
2026-02-20 17:20:00+00:00,2026-10-05T22:40:56Z,4.085000,4.100000,4.085000,4.096000,4.096000,4.100000,4.086000,4.096000,changed
2026-02-20 18:20:00+00:00,2026-10-05T22:40:56Z,4.086000,4.100000,4.081000,4.085000,4.094000,4.100000,4.081000,4.085000,changed
2026-02-20 19:20:00+00:00,2026-10-05T22:40:56Z,4.092000,4.094000,4.081000,4.086000,4.088000,4.094000,4.085000,4.086000,changed
2026-02-23 14:20:00+00:00,2026-10-05T22:40:56Z,4.067000,4.069000,4.054000,4.056000,4.063000,4.067000,4.054000,4.056000,changed
2026-02-23 15:20:00+00:00,2026-10-05T22:40:56Z,4.065000,4.067000,4.029000,4.033000,4.060000,4.060000,4.029000,4.033000,changed
2026-02-23 16:20:00+00:00,2026-10-05T22:40:56Z,4.054000,4.056000,4.025000,4.027000,4.042000,4.044000,4.025000,4.027000,changed
2026-02-23 17:20:00+00:00,2026-10-05T22:40:56Z,4.033000,4.035000,4.018000,4.027000,4.029000,4.029000,4.018000,4.027000,changed
2026-02-23 18:20:00+00:00,2026-10-05T22:40:56Z,4.027000,4.029000,4.018000,4.025000,4.023000,4.027000,4.021000,4.025000,changed
2026-02-23 19:20:00+00:00,2026-10-05T22:40:56Z,4.027000,4.031000,4.021000,4.029000,4.023000,4.031000,4.023000,4.029000,changed
2026-02-25 14:20:00+00:00,2026-10-05T22:40:56Z,4.050000,4.058000,4.050000,4.050000,4.056000,4.058000,4.050000,4.050000,changed
2026-02-25 15:20:00+00:00,2026-10-05T22:40:56Z,4.056000,4.056000,4.044000,4.046000,4.056000,4.058000,4.044000,4.046000,changed
2026-02-25 16:20:00+00:00,2026-10-05T22:40:56Z,4.046000,4.048000,4.035000,4.037000,4.052000,4.052000,4.035000,4.037000,changed
2026-02-25 17:20:00+00:00,2026-10-05T22:40:56Z,4.042000,4.042000,4.035000,4.039000,4.044000,4.044000,4.035000,4.039000,changed
2026-02-25 18:20:00+00:00,2026-10-05T22:40:56Z,4.037000,4.048000,4.037000,4.048000,4.035000,4.048000,4.035000,4.048000,changed
2026-02-25 19:20:00+00:00,2026-10-05T22:40:56Z,4.046000,4.050000,4.044000,4.048000,4.040000,4.050000,4.040000,4.048000,changed
2026-02-27 14:20:00+00:00,2026-10-05T22:40:56Z,3.987000,3.994000,3.970000,3.981000,3.987000,3.987000,3.970000,3.981000,changed
2026-02-27 15:20:00+00:00,2026-10-05T22:40:56Z,3.977000,3.983000,3.970000,3.975000,3.975000,3.983000,3.974000,3.975000,changed
2026-02-27 16:20:00+00:00,2026-10-05T22:40:56Z,3.979000,3.983000,3.968000,3.975000,3.975000,3.977000,3.968000,3.975000,changed
2026-02-27 17:20:00+00:00,2026-10-05T22:40:56Z,3.974000,3.975000,3.966000,3.966000,3.970000,3.975000,3.966000,3.966000,changed
2026-02-27 18:20:00+00:00,2026-10-05T22:40:56Z,3.970000,3.975000,3.958000,3.958000,3.972000,3.972000,3.958000,3.958000,changed
2026-02-27 19:20:00+00:00,2026-10-05T22:40:56Z,3.968000,3.968000,3.956000,3.962000,3.964000,3.964000,3.956000,3.962000,changed
2026-02-02 18:20:00+00:00,2026-10-05T22:55:19Z,4.271000,4.275000,4.271000,4.275000,4.263000,4.277000,4.261000,4.277000,changed
2026-02-02 19:20:00+00:00,2026-10-05T22:55:19Z,4.275000,4.279000,4.269000,4.275000,4.273000,4.279000,4.269000,4.275000,changed
2026-02-03 14:20:00+00:00,2026-10-05T22:55:19Z,4.292000,4.300000,4.282000,4.284000,4.293000,4.300000,4.282000,4.284000,changed
2026-02-03 15:20:00+00:00,2026-10-05T22:55:19Z,4.292000,4.293000,4.279000,4.287000,4.284000,4.293000,4.279000,4.287000,changed
2026-02-03 16:20:00+00:00,2026-10-05T22:55:19Z,4.285000,4.293000,4.278000,4.285000,4.292000,4.293000,4.278000,4.285000,changed
2026-02-03 18:20:00+00:00,2026-10-05T22:55:19Z,4.290000,4.293000,4.266000,4.271000,4.290000,4.292000,4.266000,4.271000,changed
2026-02-03 19:20:00+00:00,2026-10-05T22:55:19Z,4.284000,4.284000,4.266000,4.274000,4.268000,4.278000,4.266000,4.274000,changed
2026-02-04 14:20:00+00:00,2026-10-05T22:55:19Z,4.271000,4.290000,4.269000,4.271000,4.282000,4.290000,4.269000,4.271000,changed
2026-02-04 15:20:00+00:00,2026-10-05T22:55:19Z,4.284000,4.290000,4.269000,4.271000,4.287000,4.287000,4.269000,4.271000,changed
2026-02-04 17:20:00+00:00,2026-10-05T22:55:19Z,4.278000,4.279000,4.261000,4.271000,4.275000,4.275000,4.261000,4.271000,changed
2026-02-04 18:20:00+00:00,2026-10-05T22:55:19Z,4.263000,4.279000,4.261000,4.279000,4.271000,4.279000,4.268000,4.279000,changed
2026-02-04 19:20:00+00:00,2026-10-05T22:55:19Z,4.275000,4.279000,4.268000,4.275000,4.269000,4.279000,4.269000,4.275000,changed
2026-02-05 14:20:00+00:00,2026-10-05T22:55:19Z,4.232000,4.250000,4.222000,4.222000,4.246000,4.250000,4.222000,4.222000,changed
2026-02-05 15:20:00+00:00,2026-10-05T22:55:19Z,4.234000,4.236000,4.206000,4.210000,4.236000,4.250000,4.206000,4.210000,changed
2026-02-05 16:20:00+00:00,2026-10-05T22:55:19Z,4.216000,4.220000,4.206000,4.210000,4.214000,4.220000,4.206000,4.210000,changed
2026-02-05 17:20:00+00:00,2026-10-05T22:55:19Z,4.216000,4.218000,4.208000,4.212000,4.218000,4.220000,4.208000,4.212000,changed
2026-02-05 18:20:00+00:00,2026-10-05T22:55:19Z,4.212000,4.212000,4.204000,4.210000,4.216000,4.218000,4.204000,4.210000,changed
2026-02-05 19:20:00+00:00,2026-10-05T22:55:19Z,4.204000,4.210000,4.204000,4.210000,4.208000,4.210000,4.204000,4.210000,changed
2026-02-06 14:20:00+00:00,2026-10-05T22:55:19Z,4.198000,4.220000,4.194000,4.216000,4.204000,4.220000,4.194000,4.216000,changed
2026-02-06 15:20:00+00:00,2026-10-05T22:55:19Z,4.214000,4.222000,4.212000,4.218000,4.196000,4.224000,4.194000,4.218000,changed
2026-02-06 16:20:00+00:00,2026-10-05T22:55:19Z,4.216000,4.220000,4.216000,4.218000,4.220000,4.224000,4.212000,4.218000,changed
2026-02-06 17:20:00+00:00,2026-10-05T22:55:19Z,4.218000,4.220000,4.214000,4.216000,4.216000,4.220000,4.212000,4.216000,changed
2026-02-06 18:20:00+00:00,2026-10-05T22:55:19Z,4.214000,4.216000,4.208000,4.210000,4.218000,4.220000,4.208000,4.210000,changed
2026-02-06 19:20:00+00:00,2026-10-05T22:55:19Z,4.210000,4.212000,4.206000,4.206000,4.214000,4.214000,4.206000,4.206000,changed
2026-02-09 14:20:00+00:00,2026-10-05T22:55:19Z,4.220000,4.226000,4.210000,4.220000,4.218000,4.226000,4.210000,4.220000,changed
2026-02-09 15:20:00+00:00,2026-10-05T22:55:19Z,4.218000,4.222000,4.206000,4.208000,4.216000,4.226000,4.206000,4.208000,changed
2026-02-09 16:20:00+00:00,2026-10-05T22:55:19Z,4.212000,4.216000,4.206000,4.206000,4.214000,4.220000,4.206000,4.206000,changed
2026-02-09 17:20:00+00:00,2026-10-05T22:55:19Z,4.210000,4.212000,4.202000,4.206000,4.210000,4.216000,4.202000,4.206000,changed
2026-02-09 18:20:00+00:00,2026-10-05T22:55:19Z,4.206000,4.210000,4.200000,4.202000,4.204000,4.210000,4.200000,4.202000,changed
2026-02-09 19:20:00+00:00,2026-10-05T22:55:19Z,4.204000,4.204000,4.196000,4.198000,4.206000,4.206000,4.196000,4.198000,changed
2026-02-10 14:20:00+00:00,2026-10-05T22:55:19Z,4.164000,4.166000,4.139000,4.145000,4.159000,4.162000,4.139000,4.145000,changed
2026-02-10 15:20:00+00:00,2026-10-05T22:55:19Z,4.154000,4.154000,4.135000,4.139000,4.147000,4.149000,4.135000,4.139000,changed
2026-02-10 16:20:00+00:00,2026-10-05T22:55:19Z,4.145000,4.151000,4.135000,4.145000,4.141000,4.151000,4.135000,4.145000,changed
2026-02-10 17:20:00+00:00,2026-10-05T22:55:19Z,4.137000,4.153000,4.137000,4.149000,4.145000,4.153000,4.143000,4.149000,changed
2026-02-10 18:20:00+00:00,2026-10-05T22:55:19Z,4.143000,4.153000,4.143000,4.151000,4.149000,4.153000,4.149000,4.151000,changed
2026-02-10 19:20:00+00:00,2026-10-05T22:55:19Z,4.153000,4.153000,4.145000,4.147000,4.151000,4.153000,4.145000,4.147000,changed
2026-02-11 14:20:00+00:00,2026-10-05T22:55:19Z,4.176000,4.206000,4.168000,4.170000,4.202000,4.202000,4.168000,4.170000,changed
2026-02-11 15:20:00+00:00,2026-10-05T22:55:19Z,4.184000,4.188000,4.165000,4.170000,4.182000,4.184000,4.165000,4.170000,changed
2026-02-11 16:20:00+00:00,2026-10-05T22:55:19Z,4.165000,4.178000,4.149000,4.149000,4.174000,4.178000,4.149000,4.149000,changed
2026-02-11 17:20:00+00:00,2026-10-05T22:55:19Z,4.165000,4.174000,4.147000,4.172000,4.151000,4.174000,4.147000,4.172000,changed
2026-02-11 18:20:00+00:00,2026-10-05T22:55:19Z,4.155000,4.178000,4.151000,4.172000,4.155000,4.178000,4.153000,4.172000,changed
2026-02-11 19:20:00+00:00,2026-10-05T22:55:19Z,4.174000,4.178000,4.166000,4.172000,4.176000,4.178000,4.170000,4.172000,changed
2026-02-12 14:20:00+00:00,2026-10-05T22:55:19Z,4.162000,4.169000,4.146000,4.146000,4.158000,4.169000,4.146000,4.146000,changed
2026-02-12 15:20:00+00:00,2026-10-05T22:55:19Z,4.152000,4.152000,4.125000,4.127000,4.164000,4.165000,4.125000,4.127000,changed
2026-02-12 16:20:00+00:00,2026-10-05T22:55:19Z,4.140000,4.140000,4.119000,4.123000,4.146000,4.146000,4.119000,4.123000,changed
2026-02-12 17:20:00+00:00,2026-10-05T22:55:19Z,4.127000,4.131000,4.102000,4.102000,4.121000,4.131000,4.102000,4.102000,changed
2026-02-12 18:20:00+00:00,2026-10-05T22:55:19Z,4.127000,4.129000,4.100000,4.100000,4.129000,4.131000,4.100000,4.100000,changed
2026-02-12 19:20:00+00:00,2026-10-05T22:55:19Z,4.104000,4.110000,4.100000,4.104000,4.102000,4.110000,4.100000,4.104000,changed
2026-02-13 14:20:00+00:00,2026-10-05T22:55:19Z,4.087000,4.090000,4.050000,4.064000,4.100000,4.100000,4.050000,4.064000,changed
2026-02-13 15:20:00+00:00,2026-10-05T22:55:19Z,4.062000,4.069000,4.056000,4.062000,4.067000,4.071000,4.050000,4.062000,changed
2026-02-13 16:20:00+00:00,2026-10-05T22:55:19Z,4.064000,4.064000,4.046000,4.054000,4.067000,4.069000,4.046000,4.054000,changed
2026-02-13 17:20:00+00:00,2026-10-05T22:55:19Z,4.052000,4.066000,4.052000,4.064000,4.056000,4.066000,4.046000,4.064000,changed
2026-02-13 18:20:00+00:00,2026-10-05T22:55:19Z,4.064000,4.067000,4.060000,4.064000,4.056000,4.067000,4.056000,4.064000,changed
2026-02-13 19:20:00+00:00,2026-10-05T22:55:19Z,4.066000,4.066000,4.054000,4.056000,4.064000,4.067000,4.054000,4.056000,changed
2026-02-17 14:20:00+00:00,2026-10-05T22:55:19Z,4.029000,4.058000,4.025000,4.052000,4.041000,4.058000,4.041000,4.052000,changed
2026-02-17 15:20:00+00:00,2026-10-05T22:55:19Z,4.048000,4.058000,4.039000,4.056000,4.045000,4.056000,4.039000,4.056000,changed
2026-02-17 16:20:00+00:00,2026-10-05T22:55:19Z,4.048000,4.056000,4.039000,4.052000,4.045000,4.056000,4.045000,4.052000,changed
2026-02-17 17:20:00+00:00,2026-10-05T22:55:19Z,4.052000,4.060000,4.048000,4.056000,4.056000,4.060000,4.048000,4.056000,changed
2026-02-17 18:20:00+00:00,2026-10-05T22:55:19Z,4.052000,4.060000,4.048000,4.058000,4.056000,4.060000,4.054000,4.058000,changed
2026-02-17 19:20:00+00:00,2026-10-05T22:55:19Z,4.060000,4.060000,4.052000,4.052000,4.058000,4.060000,4.052000,4.052000,changed
2026-02-18 14:20:00+00:00,2026-10-05T22:55:19Z,4.067000,4.085000,4.064000,4.079000,4.075000,4.085000,4.075000,4.079000,changed
2026-02-18 15:20:00+00:00,2026-10-05T22:55:19Z,4.079000,4.085000,4.073000,4.077000,4.083000,4.085000,4.073000,4.077000,changed
2026-02-18 16:20:00+00:00,2026-10-05T22:55:19Z,4.083000,4.083000,4.071000,4.073000,4.077000,4.079000,4.071000,4.073000,changed
2026-02-18 18:20:00+00:00,2026-10-05T22:55:19Z,4.071000,4.088000,4.071000,4.079000,4.075000,4.088000,4.075000,4.079000,changed
2026-02-18 19:20:00+00:00,2026-10-05T22:55:19Z,4.081000,4.088000,4.079000,4.079000,4.085000,4.088000,4.079000,4.079000,changed
2026-02-19 14:20:00+00:00,2026-10-05T22:55:19Z,4.100000,4.102000,4.083000,4.088000,4.106000,4.106000,4.083000,4.088000,changed
2026-02-19 15:20:00+00:00,2026-10-05T22:55:19Z,4.088000,4.094000,4.083000,4.085000,4.092000,4.094000,4.083000,4.085000,changed
2026-02-19 16:20:00+00:00,2026-10-05T22:55:19Z,4.088000,4.088000,4.081000,4.083000,4.086000,4.094000,4.081000,4.083000,changed
2026-02-19 17:20:00+00:00,2026-10-05T22:55:19Z,4.085000,4.086000,4.075000,4.075000,4.085000,4.088000,4.075000,4.075000,changed
2026-02-19 18:20:00+00:00,2026-10-05T22:55:19Z,4.085000,4.085000,4.065000,4.069000,4.085000,4.086000,4.065000,4.069000,changed
2026-02-19 19:20:00+00:00,2026-10-05T22:55:19Z,4.069000,4.079000,4.065000,4.075000,4.073000,4.079000,4.065000,4.075000,changed
2026-02-20 14:20:00+00:00,2026-10-05T22:55:19Z,4.071000,4.104000,4.069000,4.096000,4.063000,4.104000,4.060000,4.096000,changed
2026-02-20 15:20:00+00:00,2026-10-05T22:55:19Z,4.077000,4.104000,4.075000,4.086000,4.071000,4.104000,4.071000,4.086000,changed
2026-02-20 16:20:00+00:00,2026-10-05T22:55:19Z,4.096000,4.098000,4.083000,4.088000,4.092000,4.098000,4.083000,4.088000,changed
2026-02-20 17:20:00+00:00,2026-10-05T22:55:19Z,4.096000,4.100000,4.086000,4.096000,4.085000,4.100000,4.085000,4.096000,changed
2026-02-20 18:20:00+00:00,2026-10-05T22:55:19Z,4.094000,4.100000,4.081000,4.085000,4.086000,4.100000,4.081000,4.085000,changed
2026-02-20 19:20:00+00:00,2026-10-05T22:55:19Z,4.088000,4.094000,4.085000,4.086000,4.092000,4.094000,4.081000,4.086000,changed
2026-02-23 14:20:00+00:00,2026-10-05T22:55:19Z,4.063000,4.067000,4.054000,4.056000,4.067000,4.069000,4.054000,4.056000,changed
2026-02-23 15:20:00+00:00,2026-10-05T22:55:19Z,4.060000,4.060000,4.029000,4.033000,4.065000,4.067000,4.029000,4.033000,changed
2026-02-23 16:20:00+00:00,2026-10-05T22:55:19Z,4.042000,4.044000,4.025000,4.027000,4.054000,4.056000,4.025000,4.027000,changed
2026-02-23 17:20:00+00:00,2026-10-05T22:55:19Z,4.029000,4.029000,4.018000,4.027000,4.033000,4.035000,4.018000,4.027000,changed
2026-02-23 18:20:00+00:00,2026-10-05T22:55:19Z,4.023000,4.027000,4.021000,4.025000,4.027000,4.029000,4.018000,4.025000,changed
2026-02-23 19:20:00+00:00,2026-10-05T22:55:19Z,4.023000,4.031000,4.023000,4.029000,4.027000,4.031000,4.021000,4.029000,changed
2026-02-25 14:20:00+00:00,2026-10-05T22:55:19Z,4.056000,4.058000,4.050000,4.050000,4.050000,4.058000,4.050000,4.050000,changed
2026-02-25 15:20:00+00:00,2026-10-05T22:55:19Z,4.056000,4.058000,4.044000,4.046000,4.056000,4.056000,4.044000,4.046000,changed
2026-02-25 16:20:00+00:00,2026-10-05T22:55:19Z,4.052000,4.052000,4.035000,4.037000,4.046000,4.048000,4.035000,4.037000,changed
2026-02-25 17:20:00+00:00,2026-10-05T22:55:19Z,4.044000,4.044000,4.035000,4.039000,4.042000,4.042000,4.035000,4.039000,changed
2026-02-25 18:20:00+00:00,2026-10-05T22:55:19Z,4.035000,4.048000,4.035000,4.048000,4.037000,4.048000,4.037000,4.048000,changed
2026-02-25 19:20:00+00:00,2026-10-05T22:55:19Z,4.040000,4.050000,4.040000,4.048000,4.046000,4.050000,4.044000,4.048000,changed
2026-02-27 14:20:00+00:00,2026-10-05T22:55:19Z,3.987000,3.987000,3.970000,3.981000,3.987000,3.994000,3.970000,3.981000,changed
2026-02-27 15:20:00+00:00,2026-10-05T22:55:19Z,3.975000,3.983000,3.974000,3.975000,3.977000,3.983000,3.970000,3.975000,changed
2026-02-27 16:20:00+00:00,2026-10-05T22:55:19Z,3.975000,3.977000,3.968000,3.975000,3.979000,3.983000,3.968000,3.975000,changed
2026-02-27 17:20:00+00:00,2026-10-05T22:55:19Z,3.970000,3.975000,3.966000,3.966000,3.974000,3.975000,3.966000,3.966000,changed
2026-02-27 18:20:00+00:00,2026-10-05T22:55:19Z,3.972000,3.972000,3.958000,3.958000,3.970000,3.975000,3.958000,3.958000,changed
2026-02-27 19:20:00+00:00,2026-10-05T22:55:19Z,3.964000,3.964000,3.956000,3.962000,3.968000,3.968000,3.956000,3.962000,changed
2026-02-02 18:20:00+00:00,2026-10-05T23:08:45Z,4.263000,4.277000,4.261000,4.277000,4.271000,4.275000,4.271000,4.275000,changed
2026-02-02 19:20:00+00:00,2026-10-05T23:08:45Z,4.273000,4.279000,4.269000,4.275000,4.275000,4.279000,4.269000,4.275000,changed
2026-02-03 14:20:00+00:00,2026-10-05T23:08:45Z,4.293000,4.300000,4.282000,4.284000,4.292000,4.300000,4.282000,4.284000,changed
2026-02-03 15:20:00+00:00,2026-10-05T23:08:45Z,4.284000,4.293000,4.279000,4.287000,4.292000,4.293000,4.279000,4.287000,changed
2026-02-03 16:20:00+00:00,2026-10-05T23:08:45Z,4.292000,4.293000,4.278000,4.285000,4.285000,4.293000,4.278000,4.285000,changed
2026-02-03 18:20:00+00:00,2026-10-05T23:08:45Z,4.290000,4.292000,4.266000,4.271000,4.290000,4.293000,4.266000,4.271000,changed
2026-02-03 19:20:00+00:00,2026-10-05T23:08:45Z,4.268000,4.278000,4.266000,4.274000,4.284000,4.284000,4.266000,4.274000,changed
2026-02-04 14:20:00+00:00,2026-10-05T23:08:45Z,4.282000,4.290000,4.269000,4.271000,4.271000,4.290000,4.269000,4.271000,changed
2026-02-04 15:20:00+00:00,2026-10-05T23:08:45Z,4.287000,4.287000,4.269000,4.271000,4.284000,4.290000,4.269000,4.271000,changed
2026-02-04 17:20:00+00:00,2026-10-05T23:08:45Z,4.275000,4.275000,4.261000,4.271000,4.278000,4.279000,4.261000,4.271000,changed
2026-02-04 18:20:00+00:00,2026-10-05T23:08:45Z,4.271000,4.279000,4.268000,4.279000,4.263000,4.279000,4.261000,4.279000,changed
2026-02-04 19:20:00+00:00,2026-10-05T23:08:45Z,4.269000,4.279000,4.269000,4.275000,4.275000,4.279000,4.268000,4.275000,changed
2026-02-05 14:20:00+00:00,2026-10-05T23:08:45Z,4.246000,4.250000,4.222000,4.222000,4.232000,4.250000,4.222000,4.222000,changed
2026-02-05 15:20:00+00:00,2026-10-05T23:08:45Z,4.236000,4.250000,4.206000,4.210000,4.234000,4.236000,4.206000,4.210000,changed
2026-02-05 16:20:00+00:00,2026-10-05T23:08:45Z,4.214000,4.220000,4.206000,4.210000,4.216000,4.220000,4.206000,4.210000,changed
2026-02-05 17:20:00+00:00,2026-10-05T23:08:45Z,4.218000,4.220000,4.208000,4.212000,4.216000,4.218000,4.208000,4.212000,changed
2026-02-05 18:20:00+00:00,2026-10-05T23:08:45Z,4.216000,4.218000,4.204000,4.210000,4.212000,4.212000,4.204000,4.210000,changed
2026-02-05 19:20:00+00:00,2026-10-05T23:08:45Z,4.208000,4.210000,4.204000,4.210000,4.204000,4.210000,4.204000,4.210000,changed
2026-02-06 14:20:00+00:00,2026-10-05T23:08:45Z,4.204000,4.220000,4.194000,4.216000,4.198000,4.220000,4.194000,4.216000,changed
2026-02-06 15:20:00+00:00,2026-10-05T23:08:45Z,4.196000,4.224000,4.194000,4.218000,4.214000,4.222000,4.212000,4.218000,changed
2026-02-06 16:20:00+00:00,2026-10-05T23:08:45Z,4.220000,4.224000,4.212000,4.218000,4.216000,4.220000,4.216000,4.218000,changed
2026-02-06 17:20:00+00:00,2026-10-05T23:08:45Z,4.216000,4.220000,4.212000,4.216000,4.218000,4.220000,4.214000,4.216000,changed
2026-02-06 18:20:00+00:00,2026-10-05T23:08:45Z,4.218000,4.220000,4.208000,4.210000,4.214000,4.216000,4.208000,4.210000,changed
2026-02-06 19:20:00+00:00,2026-10-05T23:08:45Z,4.214000,4.214000,4.206000,4.206000,4.210000,4.212000,4.206000,4.206000,changed
2026-02-09 14:20:00+00:00,2026-10-05T23:08:45Z,4.218000,4.226000,4.210000,4.220000,4.220000,4.226000,4.210000,4.220000,changed
2026-02-09 15:20:00+00:00,2026-10-05T23:08:45Z,4.216000,4.226000,4.206000,4.208000,4.218000,4.222000,4.206000,4.208000,changed
2026-02-09 16:20:00+00:00,2026-10-05T23:08:45Z,4.214000,4.220000,4.206000,4.206000,4.212000,4.216000,4.206000,4.206000,changed
2026-02-09 17:20:00+00:00,2026-10-05T23:08:45Z,4.210000,4.216000,4.202000,4.206000,4.210000,4.212000,4.202000,4.206000,changed
2026-02-09 18:20:00+00:00,2026-10-05T23:08:45Z,4.204000,4.210000,4.200000,4.202000,4.206000,4.210000,4.200000,4.202000,changed
2026-02-09 19:20:00+00:00,2026-10-05T23:08:45Z,4.206000,4.206000,4.196000,4.198000,4.204000,4.204000,4.196000,4.198000,changed
2026-02-10 14:20:00+00:00,2026-10-05T23:08:45Z,4.159000,4.162000,4.139000,4.145000,4.164000,4.166000,4.139000,4.145000,changed
2026-02-10 15:20:00+00:00,2026-10-05T23:08:45Z,4.147000,4.149000,4.135000,4.139000,4.154000,4.154000,4.135000,4.139000,changed
2026-02-10 16:20:00+00:00,2026-10-05T23:08:45Z,4.141000,4.151000,4.135000,4.145000,4.145000,4.151000,4.135000,4.145000,changed
2026-02-10 17:20:00+00:00,2026-10-05T23:08:45Z,4.145000,4.153000,4.143000,4.149000,4.137000,4.153000,4.137000,4.149000,changed
2026-02-10 18:20:00+00:00,2026-10-05T23:08:45Z,4.149000,4.153000,4.149000,4.151000,4.143000,4.153000,4.143000,4.151000,changed
2026-02-10 19:20:00+00:00,2026-10-05T23:08:45Z,4.151000,4.153000,4.145000,4.147000,4.153000,4.153000,4.145000,4.147000,changed
2026-02-11 14:20:00+00:00,2026-10-05T23:08:45Z,4.202000,4.202000,4.168000,4.170000,4.176000,4.206000,4.168000,4.170000,changed
2026-02-11 15:20:00+00:00,2026-10-05T23:08:45Z,4.182000,4.184000,4.165000,4.170000,4.184000,4.188000,4.165000,4.170000,changed
2026-02-11 16:20:00+00:00,2026-10-05T23:08:45Z,4.174000,4.178000,4.149000,4.149000,4.165000,4.178000,4.149000,4.149000,changed
2026-02-11 17:20:00+00:00,2026-10-05T23:08:45Z,4.151000,4.174000,4.147000,4.172000,4.165000,4.174000,4.147000,4.172000,changed
2026-02-11 18:20:00+00:00,2026-10-05T23:08:45Z,4.155000,4.178000,4.153000,4.172000,4.155000,4.178000,4.151000,4.172000,changed
2026-02-11 19:20:00+00:00,2026-10-05T23:08:45Z,4.176000,4.178000,4.170000,4.172000,4.174000,4.178000,4.166000,4.172000,changed
2026-02-12 14:20:00+00:00,2026-10-05T23:08:45Z,4.158000,4.169000,4.146000,4.146000,4.162000,4.169000,4.146000,4.146000,changed
2026-02-12 15:20:00+00:00,2026-10-05T23:08:45Z,4.164000,4.165000,4.125000,4.127000,4.152000,4.152000,4.125000,4.127000,changed
2026-02-12 16:20:00+00:00,2026-10-05T23:08:45Z,4.146000,4.146000,4.119000,4.123000,4.140000,4.140000,4.119000,4.123000,changed
2026-02-12 17:20:00+00:00,2026-10-05T23:08:45Z,4.121000,4.131000,4.102000,4.102000,4.127000,4.131000,4.102000,4.102000,changed
2026-02-12 18:20:00+00:00,2026-10-05T23:08:45Z,4.129000,4.131000,4.100000,4.100000,4.127000,4.129000,4.100000,4.100000,changed
2026-02-12 19:20:00+00:00,2026-10-05T23:08:45Z,4.102000,4.110000,4.100000,4.104000,4.104000,4.110000,4.100000,4.104000,changed
2026-02-13 14:20:00+00:00,2026-10-05T23:08:45Z,4.100000,4.100000,4.050000,4.064000,4.087000,4.090000,4.050000,4.064000,changed
2026-02-13 15:20:00+00:00,2026-10-05T23:08:45Z,4.067000,4.071000,4.050000,4.062000,4.062000,4.069000,4.056000,4.062000,changed
2026-02-13 16:20:00+00:00,2026-10-05T23:08:45Z,4.067000,4.069000,4.046000,4.054000,4.064000,4.064000,4.046000,4.054000,changed
2026-02-13 17:20:00+00:00,2026-10-05T23:08:45Z,4.056000,4.066000,4.046000,4.064000,4.052000,4.066000,4.052000,4.064000,changed
2026-02-13 18:20:00+00:00,2026-10-05T23:08:45Z,4.056000,4.067000,4.056000,4.064000,4.064000,4.067000,4.060000,4.064000,changed
2026-02-13 19:20:00+00:00,2026-10-05T23:08:45Z,4.064000,4.067000,4.054000,4.056000,4.066000,4.066000,4.054000,4.056000,changed
2026-02-17 14:20:00+00:00,2026-10-05T23:08:45Z,4.041000,4.058000,4.041000,4.052000,4.029000,4.058000,4.025000,4.052000,changed
2026-02-17 15:20:00+00:00,2026-10-05T23:08:45Z,4.045000,4.056000,4.039000,4.056000,4.048000,4.058000,4.039000,4.056000,changed
2026-02-17 16:20:00+00:00,2026-10-05T23:08:45Z,4.045000,4.056000,4.045000,4.052000,4.048000,4.056000,4.039000,4.052000,changed
2026-02-17 17:20:00+00:00,2026-10-05T23:08:45Z,4.056000,4.060000,4.048000,4.056000,4.052000,4.060000,4.048000,4.056000,changed
2026-02-17 18:20:00+00:00,2026-10-05T23:08:45Z,4.056000,4.060000,4.054000,4.058000,4.052000,4.060000,4.048000,4.058000,changed
2026-02-17 19:20:00+00:00,2026-10-05T23:08:45Z,4.058000,4.060000,4.052000,4.052000,4.060000,4.060000,4.052000,4.052000,changed
2026-02-18 14:20:00+00:00,2026-10-05T23:08:45Z,4.075000,4.085000,4.075000,4.079000,4.067000,4.085000,4.064000,4.079000,changed
2026-02-18 15:20:00+00:00,2026-10-05T23:08:45Z,4.083000,4.085000,4.073000,4.077000,4.079000,4.085000,4.073000,4.077000,changed
2026-02-18 16:20:00+00:00,2026-10-05T23:08:45Z,4.077000,4.079000,4.071000,4.073000,4.083000,4.083000,4.071000,4.073000,changed
2026-02-18 18:20:00+00:00,2026-10-05T23:08:45Z,4.075000,4.088000,4.075000,4.079000,4.071000,4.088000,4.071000,4.079000,changed
2026-02-18 19:20:00+00:00,2026-10-05T23:08:45Z,4.085000,4.088000,4.079000,4.079000,4.081000,4.088000,4.079000,4.079000,changed
2026-02-19 14:20:00+00:00,2026-10-05T23:08:45Z,4.106000,4.106000,4.083000,4.088000,4.100000,4.102000,4.083000,4.088000,changed
2026-02-19 15:20:00+00:00,2026-10-05T23:08:45Z,4.092000,4.094000,4.083000,4.085000,4.088000,4.094000,4.083000,4.085000,changed
2026-02-19 16:20:00+00:00,2026-10-05T23:08:45Z,4.086000,4.094000,4.081000,4.083000,4.088000,4.088000,4.081000,4.083000,changed
2026-02-19 17:20:00+00:00,2026-10-05T23:08:45Z,4.085000,4.088000,4.075000,4.075000,4.085000,4.086000,4.075000,4.075000,changed
2026-02-19 18:20:00+00:00,2026-10-05T23:08:45Z,4.085000,4.086000,4.065000,4.069000,4.085000,4.085000,4.065000,4.069000,changed
2026-02-19 19:20:00+00:00,2026-10-05T23:08:45Z,4.073000,4.079000,4.065000,4.075000,4.069000,4.079000,4.065000,4.075000,changed
2026-02-20 14:20:00+00:00,2026-10-05T23:08:45Z,4.063000,4.104000,4.060000,4.096000,4.071000,4.104000,4.069000,4.096000,changed
2026-02-20 15:20:00+00:00,2026-10-05T23:08:45Z,4.071000,4.104000,4.071000,4.086000,4.077000,4.104000,4.075000,4.086000,changed
2026-02-20 16:20:00+00:00,2026-10-05T23:08:45Z,4.092000,4.098000,4.083000,4.088000,4.096000,4.098000,4.083000,4.088000,changed
2026-02-20 17:20:00+00:00,2026-10-05T23:08:45Z,4.085000,4.100000,4.085000,4.096000,4.096000,4.100000,4.086000,4.096000,changed
2026-02-20 18:20:00+00:00,2026-10-05T23:08:45Z,4.086000,4.100000,4.081000,4.085000,4.094000,4.100000,4.081000,4.085000,changed
2026-02-20 19:20:00+00:00,2026-10-05T23:08:45Z,4.092000,4.094000,4.081000,4.086000,4.088000,4.094000,4.085000,4.086000,changed
2026-02-23 14:20:00+00:00,2026-10-05T23:08:45Z,4.067000,4.069000,4.054000,4.056000,4.063000,4.067000,4.054000,4.056000,changed
2026-02-23 15:20:00+00:00,2026-10-05T23:08:45Z,4.065000,4.067000,4.029000,4.033000,4.060000,4.060000,4.029000,4.033000,changed
2026-02-23 16:20:00+00:00,2026-10-05T23:08:45Z,4.054000,4.056000,4.025000,4.027000,4.042000,4.044000,4.025000,4.027000,changed
2026-02-23 17:20:00+00:00,2026-10-05T23:08:45Z,4.033000,4.035000,4.018000,4.027000,4.029000,4.029000,4.018000,4.027000,changed
2026-02-23 18:20:00+00:00,2026-10-05T23:08:45Z,4.027000,4.029000,4.018000,4.025000,4.023000,4.027000,4.021000,4.025000,changed
2026-02-23 19:20:00+00:00,2026-10-05T23:08:45Z,4.027000,4.031000,4.021000,4.029000,4.023000,4.031000,4.023000,4.029000,changed
2026-02-25 14:20:00+00:00,2026-10-05T23:08:45Z,4.050000,4.058000,4.050000,4.050000,4.056000,4.058000,4.050000,4.050000,changed
2026-02-25 15:20:00+00:00,2026-10-05T23:08:45Z,4.056000,4.056000,4.044000,4.046000,4.056000,4.058000,4.044000,4.046000,changed
2026-02-25 16:20:00+00:00,2026-10-05T23:08:45Z,4.046000,4.048000,4.035000,4.037000,4.052000,4.052000,4.035000,4.037000,changed
2026-02-25 17:20:00+00:00,2026-10-05T23:08:45Z,4.042000,4.042000,4.035000,4.039000,4.044000,4.044000,4.035000,4.039000,changed
2026-02-25 18:20:00+00:00,2026-10-05T23:08:45Z,4.037000,4.048000,4.037000,4.048000,4.035000,4.048000,4.035000,4.048000,changed
2026-02-25 19:20:00+00:00,2026-10-05T23:08:45Z,4.046000,4.050000,4.044000,4.048000,4.040000,4.050000,4.040000,4.048000,changed
2026-02-27 14:20:00+00:00,2026-10-05T23:08:45Z,3.987000,3.994000,3.970000,3.981000,3.987000,3.987000,3.970000,3.981000,changed
2026-02-27 15:20:00+00:00,2026-10-05T23:08:45Z,3.977000,3.983000,3.970000,3.975000,3.975000,3.983000,3.974000,3.975000,changed
2026-02-27 16:20:00+00:00,2026-10-05T23:08:45Z,3.979000,3.983000,3.968000,3.975000,3.975000,3.977000,3.968000,3.975000,changed
2026-02-27 17:20:00+00:00,2026-10-05T23:08:45Z,3.974000,3.975000,3.966000,3.966000,3.970000,3.975000,3.966000,3.966000,changed
2026-02-27 18:20:00+00:00,2026-10-05T23:08:45Z,3.970000,3.975000,3.958000,3.958000,3.972000,3.972000,3.958000,3.958000,changed
2026-02-27 19:20:00+00:00,2026-10-05T23:08:45Z,3.968000,3.968000,3.956000,3.962000,3.964000,3.964000,3.956000,3.962000,changed
2026-02-02 18:20:00+00:00,2026-10-05T23:26:22Z,4.271000,4.275000,4.271000,4.275000,4.263000,4.277000,4.261000,4.277000,changed
2026-02-02 19:20:00+00:00,2026-10-05T23:26:22Z,4.275000,4.279000,4.269000,4.275000,4.273000,4.279000,4.269000,4.275000,changed
2026-02-03 14:20:00+00:00,2026-10-05T23:26:22Z,4.292000,4.300000,4.282000,4.284000,4.293000,4.300000,4.282000,4.284000,changed
2026-02-03 15:20:00+00:00,2026-10-05T23:26:22Z,4.292000,4.293000,4.279000,4.287000,4.284000,4.293000,4.279000,4.287000,changed
2026-02-03 16:20:00+00:00,2026-10-05T23:26:22Z,4.285000,4.293000,4.278000,4.285000,4.292000,4.293000,4.278000,4.285000,changed
2026-02-03 18:20:00+00:00,2026-10-05T23:26:22Z,4.290000,4.293000,4.266000,4.271000,4.290000,4.292000,4.266000,4.271000,changed
2026-02-03 19:20:00+00:00,2026-10-05T23:26:22Z,4.284000,4.284000,4.266000,4.274000,4.268000,4.278000,4.266000,4.274000,changed
2026-02-04 14:20:00+00:00,2026-10-05T23:26:22Z,4.271000,4.290000,4.269000,4.271000,4.282000,4.290000,4.269000,4.271000,changed
2026-02-04 15:20:00+00:00,2026-10-05T23:26:22Z,4.284000,4.290000,4.269000,4.271000,4.287000,4.287000,4.269000,4.271000,changed
2026-02-04 17:20:00+00:00,2026-10-05T23:26:22Z,4.278000,4.279000,4.261000,4.271000,4.275000,4.275000,4.261000,4.271000,changed
2026-02-04 18:20:00+00:00,2026-10-05T23:26:22Z,4.263000,4.279000,4.261000,4.279000,4.271000,4.279000,4.268000,4.279000,changed
2026-02-04 19:20:00+00:00,2026-10-05T23:26:22Z,4.275000,4.279000,4.268000,4.275000,4.269000,4.279000,4.269000,4.275000,changed
2026-02-05 14:20:00+00:00,2026-10-05T23:26:22Z,4.232000,4.250000,4.222000,4.222000,4.246000,4.250000,4.222000,4.222000,changed
2026-02-05 15:20:00+00:00,2026-10-05T23:26:22Z,4.234000,4.236000,4.206000,4.210000,4.236000,4.250000,4.206000,4.210000,changed
2026-02-05 16:20:00+00:00,2026-10-05T23:26:22Z,4.216000,4.220000,4.206000,4.210000,4.214000,4.220000,4.206000,4.210000,changed
2026-02-05 17:20:00+00:00,2026-10-05T23:26:22Z,4.216000,4.218000,4.208000,4.212000,4.218000,4.220000,4.208000,4.212000,changed
2026-02-05 18:20:00+00:00,2026-10-05T23:26:22Z,4.212000,4.212000,4.204000,4.210000,4.216000,4.218000,4.204000,4.210000,changed
2026-02-05 19:20:00+00:00,2026-10-05T23:26:22Z,4.204000,4.210000,4.204000,4.210000,4.208000,4.210000,4.204000,4.210000,changed
2026-02-06 14:20:00+00:00,2026-10-05T23:26:22Z,4.198000,4.220000,4.194000,4.216000,4.204000,4.220000,4.194000,4.216000,changed
2026-02-06 15:20:00+00:00,2026-10-05T23:26:22Z,4.214000,4.222000,4.212000,4.218000,4.196000,4.224000,4.194000,4.218000,changed
2026-02-06 16:20:00+00:00,2026-10-05T23:26:22Z,4.216000,4.220000,4.216000,4.218000,4.220000,4.224000,4.212000,4.218000,changed
2026-02-06 17:20:00+00:00,2026-10-05T23:26:22Z,4.218000,4.220000,4.214000,4.216000,4.216000,4.220000,4.212000,4.216000,changed
2026-02-06 18:20:00+00:00,2026-10-05T23:26:22Z,4.214000,4.216000,4.208000,4.210000,4.218000,4.220000,4.208000,4.210000,changed
2026-02-06 19:20:00+00:00,2026-10-05T23:26:22Z,4.210000,4.212000,4.206000,4.206000,4.214000,4.214000,4.206000,4.206000,changed
2026-02-09 14:20:00+00:00,2026-10-05T23:26:22Z,4.220000,4.226000,4.210000,4.220000,4.218000,4.226000,4.210000,4.220000,changed
2026-02-09 15:20:00+00:00,2026-10-05T23:26:22Z,4.218000,4.222000,4.206000,4.208000,4.216000,4.226000,4.206000,4.208000,changed
2026-02-09 16:20:00+00:00,2026-10-05T23:26:22Z,4.212000,4.216000,4.206000,4.206000,4.214000,4.220000,4.206000,4.206000,changed
2026-02-09 17:20:00+00:00,2026-10-05T23:26:22Z,4.210000,4.212000,4.202000,4.206000,4.210000,4.216000,4.202000,4.206000,changed
2026-02-09 18:20:00+00:00,2026-10-05T23:26:22Z,4.206000,4.210000,4.200000,4.202000,4.204000,4.210000,4.200000,4.202000,changed
2026-02-09 19:20:00+00:00,2026-10-05T23:26:22Z,4.204000,4.204000,4.196000,4.198000,4.206000,4.206000,4.196000,4.198000,changed
2026-02-10 14:20:00+00:00,2026-10-05T23:26:22Z,4.164000,4.166000,4.139000,4.145000,4.159000,4.162000,4.139000,4.145000,changed
2026-02-10 15:20:00+00:00,2026-10-05T23:26:22Z,4.154000,4.154000,4.135000,4.139000,4.147000,4.149000,4.135000,4.139000,changed
2026-02-10 16:20:00+00:00,2026-10-05T23:26:22Z,4.145000,4.151000,4.135000,4.145000,4.141000,4.151000,4.135000,4.145000,changed
2026-02-10 17:20:00+00:00,2026-10-05T23:26:22Z,4.137000,4.153000,4.137000,4.149000,4.145000,4.153000,4.143000,4.149000,changed
2026-02-10 18:20:00+00:00,2026-10-05T23:26:22Z,4.143000,4.153000,4.143000,4.151000,4.149000,4.153000,4.149000,4.151000,changed
2026-02-10 19:20:00+00:00,2026-10-05T23:26:22Z,4.153000,4.153000,4.145000,4.147000,4.151000,4.153000,4.145000,4.147000,changed
2026-02-11 14:20:00+00:00,2026-10-05T23:26:22Z,4.176000,4.206000,4.168000,4.170000,4.202000,4.202000,4.168000,4.170000,changed
2026-02-11 15:20:00+00:00,2026-10-05T23:26:22Z,4.184000,4.188000,4.165000,4.170000,4.182000,4.184000,4.165000,4.170000,changed
2026-02-11 16:20:00+00:00,2026-10-05T23:26:22Z,4.165000,4.178000,4.149000,4.149000,4.174000,4.178000,4.149000,4.149000,changed
2026-02-11 17:20:00+00:00,2026-10-05T23:26:22Z,4.165000,4.174000,4.147000,4.172000,4.151000,4.174000,4.147000,4.172000,changed
2026-02-11 18:20:00+00:00,2026-10-05T23:26:22Z,4.155000,4.178000,4.151000,4.172000,4.155000,4.178000,4.153000,4.172000,changed
2026-02-11 19:20:00+00:00,2026-10-05T23:26:22Z,4.174000,4.178000,4.166000,4.172000,4.176000,4.178000,4.170000,4.172000,changed
2026-02-12 14:20:00+00:00,2026-10-05T23:26:22Z,4.162000,4.169000,4.146000,4.146000,4.158000,4.169000,4.146000,4.146000,changed
2026-02-12 15:20:00+00:00,2026-10-05T23:26:22Z,4.152000,4.152000,4.125000,4.127000,4.164000,4.165000,4.125000,4.127000,changed
2026-02-12 16:20:00+00:00,2026-10-05T23:26:22Z,4.140000,4.140000,4.119000,4.123000,4.146000,4.146000,4.119000,4.123000,changed
2026-02-12 17:20:00+00:00,2026-10-05T23:26:22Z,4.127000,4.131000,4.102000,4.102000,4.121000,4.131000,4.102000,4.102000,changed
2026-02-12 18:20:00+00:00,2026-10-05T23:26:22Z,4.127000,4.129000,4.100000,4.100000,4.129000,4.131000,4.100000,4.100000,changed
2026-02-12 19:20:00+00:00,2026-10-05T23:26:22Z,4.104000,4.110000,4.100000,4.104000,4.102000,4.110000,4.100000,4.104000,changed
2026-02-13 14:20:00+00:00,2026-10-05T23:26:22Z,4.087000,4.090000,4.050000,4.064000,4.100000,4.100000,4.050000,4.064000,changed
2026-02-13 15:20:00+00:00,2026-10-05T23:26:22Z,4.062000,4.069000,4.056000,4.062000,4.067000,4.071000,4.050000,4.062000,changed
2026-02-13 16:20:00+00:00,2026-10-05T23:26:22Z,4.064000,4.064000,4.046000,4.054000,4.067000,4.069000,4.046000,4.054000,changed
2026-02-13 17:20:00+00:00,2026-10-05T23:26:22Z,4.052000,4.066000,4.052000,4.064000,4.056000,4.066000,4.046000,4.064000,changed
2026-02-13 18:20:00+00:00,2026-10-05T23:26:22Z,4.064000,4.067000,4.060000,4.064000,4.056000,4.067000,4.056000,4.064000,changed
2026-02-13 19:20:00+00:00,2026-10-05T23:26:22Z,4.066000,4.066000,4.054000,4.056000,4.064000,4.067000,4.054000,4.056000,changed
2026-02-17 14:20:00+00:00,2026-10-05T23:26:22Z,4.029000,4.058000,4.025000,4.052000,4.041000,4.058000,4.041000,4.052000,changed
2026-02-17 15:20:00+00:00,2026-10-05T23:26:22Z,4.048000,4.058000,4.039000,4.056000,4.045000,4.056000,4.039000,4.056000,changed
2026-02-17 16:20:00+00:00,2026-10-05T23:26:22Z,4.048000,4.056000,4.039000,4.052000,4.045000,4.056000,4.045000,4.052000,changed
2026-02-17 17:20:00+00:00,2026-10-05T23:26:22Z,4.052000,4.060000,4.048000,4.056000,4.056000,4.060000,4.048000,4.056000,changed
2026-02-17 18:20:00+00:00,2026-10-05T23:26:22Z,4.052000,4.060000,4.048000,4.058000,4.056000,4.060000,4.054000,4.058000,changed
2026-02-17 19:20:00+00:00,2026-10-05T23:26:22Z,4.060000,4.060000,4.052000,4.052000,4.058000,4.060000,4.052000,4.052000,changed
2026-02-18 14:20:00+00:00,2026-10-05T23:26:22Z,4.067000,4.085000,4.064000,4.079000,4.075000,4.085000,4.075000,4.079000,changed
2026-02-18 15:20:00+00:00,2026-10-05T23:26:22Z,4.079000,4.085000,4.073000,4.077000,4.083000,4.085000,4.073000,4.077000,changed
2026-02-18 16:20:00+00:00,2026-10-05T23:26:22Z,4.083000,4.083000,4.071000,4.073000,4.077000,4.079000,4.071000,4.073000,changed
2026-02-18 18:20:00+00:00,2026-10-05T23:26:22Z,4.071000,4.088000,4.071000,4.079000,4.075000,4.088000,4.075000,4.079000,changed
2026-02-18 19:20:00+00:00,2026-10-05T23:26:22Z,4.081000,4.088000,4.079000,4.079000,4.085000,4.088000,4.079000,4.079000,changed
2026-02-19 14:20:00+00:00,2026-10-05T23:26:22Z,4.100000,4.102000,4.083000,4.088000,4.106000,4.106000,4.083000,4.088000,changed
2026-02-19 15:20:00+00:00,2026-10-05T23:26:22Z,4.088000,4.094000,4.083000,4.085000,4.092000,4.094000,4.083000,4.085000,changed
2026-02-19 16:20:00+00:00,2026-10-05T23:26:22Z,4.088000,4.088000,4.081000,4.083000,4.086000,4.094000,4.081000,4.083000,changed
2026-02-19 17:20:00+00:00,2026-10-05T23:26:22Z,4.085000,4.086000,4.075000,4.075000,4.085000,4.088000,4.075000,4.075000,changed
2026-02-19 18:20:00+00:00,2026-10-05T23:26:22Z,4.085000,4.085000,4.065000,4.069000,4.085000,4.086000,4.065000,4.069000,changed
2026-02-19 19:20:00+00:00,2026-10-05T23:26:22Z,4.069000,4.079000,4.065000,4.075000,4.073000,4.079000,4.065000,4.075000,changed
2026-02-20 14:20:00+00:00,2026-10-05T23:26:22Z,4.071000,4.104000,4.069000,4.096000,4.063000,4.104000,4.060000,4.096000,changed
2026-02-20 15:20:00+00:00,2026-10-05T23:26:22Z,4.077000,4.104000,4.075000,4.086000,4.071000,4.104000,4.071000,4.086000,changed
2026-02-20 16:20:00+00:00,2026-10-05T23:26:22Z,4.096000,4.098000,4.083000,4.088000,4.092000,4.098000,4.083000,4.088000,changed
2026-02-20 17:20:00+00:00,2026-10-05T23:26:22Z,4.096000,4.100000,4.086000,4.096000,4.085000,4.100000,4.085000,4.096000,changed
2026-02-20 18:20:00+00:00,2026-10-05T23:26:22Z,4.094000,4.100000,4.081000,4.085000,4.086000,4.100000,4.081000,4.085000,changed
2026-02-20 19:20:00+00:00,2026-10-05T23:26:22Z,4.088000,4.094000,4.085000,4.086000,4.092000,4.094000,4.081000,4.086000,changed
2026-02-23 14:20:00+00:00,2026-10-05T23:26:22Z,4.063000,4.067000,4.054000,4.056000,4.067000,4.069000,4.054000,4.056000,changed
2026-02-23 15:20:00+00:00,2026-10-05T23:26:22Z,4.060000,4.060000,4.029000,4.033000,4.065000,4.067000,4.029000,4.033000,changed
2026-02-23 16:20:00+00:00,2026-10-05T23:26:22Z,4.042000,4.044000,4.025000,4.027000,4.054000,4.056000,4.025000,4.027000,changed
2026-02-23 17:20:00+00:00,2026-10-05T23:26:22Z,4.029000,4.029000,4.018000,4.027000,4.033000,4.035000,4.018000,4.027000,changed
2026-02-23 18:20:00+00:00,2026-10-05T23:26:22Z,4.023000,4.027000,4.021000,4.025000,4.027000,4.029000,4.018000,4.025000,changed
2026-02-23 19:20:00+00:00,2026-10-05T23:26:22Z,4.023000,4.031000,4.023000,4.029000,4.027000,4.031000,4.021000,4.029000,changed
2026-02-25 14:20:00+00:00,2026-10-05T23:26:22Z,4.056000,4.058000,4.050000,4.050000,4.050000,4.058000,4.050000,4.050000,changed
2026-02-25 15:20:00+00:00,2026-10-05T23:26:22Z,4.056000,4.058000,4.044000,4.046000,4.056000,4.056000,4.044000,4.046000,changed
2026-02-25 16:20:00+00:00,2026-10-05T23:26:22Z,4.052000,4.052000,4.035000,4.037000,4.046000,4.048000,4.035000,4.037000,changed
2026-02-25 17:20:00+00:00,2026-10-05T23:26:22Z,4.044000,4.044000,4.035000,4.039000,4.042000,4.042000,4.035000,4.039000,changed
2026-02-25 18:20:00+00:00,2026-10-05T23:26:22Z,4.035000,4.048000,4.035000,4.048000,4.037000,4.048000,4.037000,4.048000,changed
2026-02-25 19:20:00+00:00,2026-10-05T23:26:22Z,4.040000,4.050000,4.040000,4.048000,4.046000,4.050000,4.044000,4.048000,changed
2026-02-27 14:20:00+00:00,2026-10-05T23:26:22Z,3.987000,3.987000,3.970000,3.981000,3.987000,3.994000,3.970000,3.981000,changed
2026-02-27 15:20:00+00:00,2026-10-05T23:26:22Z,3.975000,3.983000,3.974000,3.975000,3.977000,3.983000,3.970000,3.975000,changed
2026-02-27 16:20:00+00:00,2026-10-05T23:26:22Z,3.975000,3.977000,3.968000,3.975000,3.979000,3.983000,3.968000,3.975000,changed
2026-02-27 17:20:00+00:00,2026-10-05T23:26:22Z,3.970000,3.975000,3.966000,3.966000,3.974000,3.975000,3.966000,3.966000,changed
2026-02-27 18:20:00+00:00,2026-10-05T23:26:22Z,3.972000,3.972000,3.958000,3.958000,3.970000,3.975000,3.958000,3.958000,changed
2026-02-27 19:20:00+00:00,2026-10-05T23:26:22Z,3.964000,3.964000,3.956000,3.962000,3.968000,3.968000,3.956000,3.962000,changed
2026-02-02 18:20:00+00:00,2026-10-05T23:39:07Z,4.263000,4.277000,4.261000,4.277000,4.271000,4.275000,4.271000,4.275000,changed
2026-02-02 19:20:00+00:00,2026-10-05T23:39:07Z,4.273000,4.279000,4.269000,4.275000,4.275000,4.279000,4.269000,4.275000,changed
2026-02-03 14:20:00+00:00,2026-10-05T23:39:07Z,4.293000,4.300000,4.282000,4.284000,4.292000,4.300000,4.282000,4.284000,changed
2026-02-03 15:20:00+00:00,2026-10-05T23:39:07Z,4.284000,4.293000,4.279000,4.287000,4.292000,4.293000,4.279000,4.287000,changed
2026-02-03 16:20:00+00:00,2026-10-05T23:39:07Z,4.292000,4.293000,4.278000,4.285000,4.285000,4.293000,4.278000,4.285000,changed
2026-02-03 18:20:00+00:00,2026-10-05T23:39:07Z,4.290000,4.292000,4.266000,4.271000,4.290000,4.293000,4.266000,4.271000,changed
2026-02-03 19:20:00+00:00,2026-10-05T23:39:07Z,4.268000,4.278000,4.266000,4.274000,4.284000,4.284000,4.266000,4.274000,changed
2026-02-04 14:20:00+00:00,2026-10-05T23:39:07Z,4.282000,4.290000,4.269000,4.271000,4.271000,4.290000,4.269000,4.271000,changed
2026-02-04 15:20:00+00:00,2026-10-05T23:39:07Z,4.287000,4.287000,4.269000,4.271000,4.284000,4.290000,4.269000,4.271000,changed
2026-02-04 17:20:00+00:00,2026-10-05T23:39:07Z,4.275000,4.275000,4.261000,4.271000,4.278000,4.279000,4.261000,4.271000,changed
2026-02-04 18:20:00+00:00,2026-10-05T23:39:07Z,4.271000,4.279000,4.268000,4.279000,4.263000,4.279000,4.261000,4.279000,changed
2026-02-04 19:20:00+00:00,2026-10-05T23:39:07Z,4.269000,4.279000,4.269000,4.275000,4.275000,4.279000,4.268000,4.275000,changed
2026-02-05 14:20:00+00:00,2026-10-05T23:39:07Z,4.246000,4.250000,4.222000,4.222000,4.232000,4.250000,4.222000,4.222000,changed
2026-02-05 15:20:00+00:00,2026-10-05T23:39:07Z,4.236000,4.250000,4.206000,4.210000,4.234000,4.236000,4.206000,4.210000,changed
2026-02-05 16:20:00+00:00,2026-10-05T23:39:07Z,4.214000,4.220000,4.206000,4.210000,4.216000,4.220000,4.206000,4.210000,changed
2026-02-05 17:20:00+00:00,2026-10-05T23:39:07Z,4.218000,4.220000,4.208000,4.212000,4.216000,4.218000,4.208000,4.212000,changed
2026-02-05 18:20:00+00:00,2026-10-05T23:39:07Z,4.216000,4.218000,4.204000,4.210000,4.212000,4.212000,4.204000,4.210000,changed
2026-02-05 19:20:00+00:00,2026-10-05T23:39:07Z,4.208000,4.210000,4.204000,4.210000,4.204000,4.210000,4.204000,4.210000,changed
2026-02-06 14:20:00+00:00,2026-10-05T23:39:07Z,4.204000,4.220000,4.194000,4.216000,4.198000,4.220000,4.194000,4.216000,changed
2026-02-06 15:20:00+00:00,2026-10-05T23:39:07Z,4.196000,4.224000,4.194000,4.218000,4.214000,4.222000,4.212000,4.218000,changed
2026-02-06 16:20:00+00:00,2026-10-05T23:39:07Z,4.220000,4.224000,4.212000,4.218000,4.216000,4.220000,4.216000,4.218000,changed
2026-02-06 17:20:00+00:00,2026-10-05T23:39:07Z,4.216000,4.220000,4.212000,4.216000,4.218000,4.220000,4.214000,4.216000,changed
2026-02-06 18:20:00+00:00,2026-10-05T23:39:07Z,4.218000,4.220000,4.208000,4.210000,4.214000,4.216000,4.208000,4.210000,changed
2026-02-06 19:20:00+00:00,2026-10-05T23:39:07Z,4.214000,4.214000,4.206000,4.206000,4.210000,4.212000,4.206000,4.206000,changed
2026-02-09 14:20:00+00:00,2026-10-05T23:39:07Z,4.218000,4.226000,4.210000,4.220000,4.220000,4.226000,4.210000,4.220000,changed
2026-02-09 15:20:00+00:00,2026-10-05T23:39:07Z,4.216000,4.226000,4.206000,4.208000,4.218000,4.222000,4.206000,4.208000,changed
2026-02-09 16:20:00+00:00,2026-10-05T23:39:07Z,4.214000,4.220000,4.206000,4.206000,4.212000,4.216000,4.206000,4.206000,changed
2026-02-09 17:20:00+00:00,2026-10-05T23:39:07Z,4.210000,4.216000,4.202000,4.206000,4.210000,4.212000,4.202000,4.206000,changed
2026-02-09 18:20:00+00:00,2026-10-05T23:39:07Z,4.204000,4.210000,4.200000,4.202000,4.206000,4.210000,4.200000,4.202000,changed
2026-02-09 19:20:00+00:00,2026-10-05T23:39:07Z,4.206000,4.206000,4.196000,4.198000,4.204000,4.204000,4.196000,4.198000,changed
2026-02-10 14:20:00+00:00,2026-10-05T23:39:07Z,4.159000,4.162000,4.139000,4.145000,4.164000,4.166000,4.139000,4.145000,changed
2026-02-10 15:20:00+00:00,2026-10-05T23:39:07Z,4.147000,4.149000,4.135000,4.139000,4.154000,4.154000,4.135000,4.139000,changed
2026-02-10 16:20:00+00:00,2026-10-05T23:39:07Z,4.141000,4.151000,4.135000,4.145000,4.145000,4.151000,4.135000,4.145000,changed
2026-02-10 17:20:00+00:00,2026-10-05T23:39:07Z,4.145000,4.153000,4.143000,4.149000,4.137000,4.153000,4.137000,4.149000,changed
2026-02-10 18:20:00+00:00,2026-10-05T23:39:07Z,4.149000,4.153000,4.149000,4.151000,4.143000,4.153000,4.143000,4.151000,changed
2026-02-10 19:20:00+00:00,2026-10-05T23:39:07Z,4.151000,4.153000,4.145000,4.147000,4.153000,4.153000,4.145000,4.147000,changed
2026-02-11 14:20:00+00:00,2026-10-05T23:39:07Z,4.202000,4.202000,4.168000,4.170000,4.176000,4.206000,4.168000,4.170000,changed
2026-02-11 15:20:00+00:00,2026-10-05T23:39:07Z,4.182000,4.184000,4.165000,4.170000,4.184000,4.188000,4.165000,4.170000,changed
2026-02-11 16:20:00+00:00,2026-10-05T23:39:07Z,4.174000,4.178000,4.149000,4.149000,4.165000,4.178000,4.149000,4.149000,changed
2026-02-11 17:20:00+00:00,2026-10-05T23:39:07Z,4.151000,4.174000,4.147000,4.172000,4.165000,4.174000,4.147000,4.172000,changed
2026-02-11 18:20:00+00:00,2026-10-05T23:39:07Z,4.155000,4.178000,4.153000,4.172000,4.155000,4.178000,4.151000,4.172000,changed
2026-02-11 19:20:00+00:00,2026-10-05T23:39:07Z,4.176000,4.178000,4.170000,4.172000,4.174000,4.178000,4.166000,4.172000,changed
2026-02-12 14:20:00+00:00,2026-10-05T23:39:07Z,4.158000,4.169000,4.146000,4.146000,4.162000,4.169000,4.146000,4.146000,changed
2026-02-12 15:20:00+00:00,2026-10-05T23:39:07Z,4.164000,4.165000,4.125000,4.127000,4.152000,4.152000,4.125000,4.127000,changed
2026-02-12 16:20:00+00:00,2026-10-05T23:39:07Z,4.146000,4.146000,4.119000,4.123000,4.140000,4.140000,4.119000,4.123000,changed
2026-02-12 17:20:00+00:00,2026-10-05T23:39:07Z,4.121000,4.131000,4.102000,4.102000,4.127000,4.131000,4.102000,4.102000,changed
2026-02-12 18:20:00+00:00,2026-10-05T23:39:07Z,4.129000,4.131000,4.100000,4.100000,4.127000,4.129000,4.100000,4.100000,changed
2026-02-12 19:20:00+00:00,2026-10-05T23:39:07Z,4.102000,4.110000,4.100000,4.104000,4.104000,4.110000,4.100000,4.104000,changed
2026-02-13 14:20:00+00:00,2026-10-05T23:39:07Z,4.100000,4.100000,4.050000,4.064000,4.087000,4.090000,4.050000,4.064000,changed
2026-02-13 15:20:00+00:00,2026-10-05T23:39:07Z,4.067000,4.071000,4.050000,4.062000,4.062000,4.069000,4.056000,4.062000,changed
2026-02-13 16:20:00+00:00,2026-10-05T23:39:07Z,4.067000,4.069000,4.046000,4.054000,4.064000,4.064000,4.046000,4.054000,changed
2026-02-13 17:20:00+00:00,2026-10-05T23:39:07Z,4.056000,4.066000,4.046000,4.064000,4.052000,4.066000,4.052000,4.064000,changed
2026-02-13 18:20:00+00:00,2026-10-05T23:39:07Z,4.056000,4.067000,4.056000,4.064000,4.064000,4.067000,4.060000,4.064000,changed
2026-02-13 19:20:00+00:00,2026-10-05T23:39:07Z,4.064000,4.067000,4.054000,4.056000,4.066000,4.066000,4.054000,4.056000,changed
2026-02-17 14:20:00+00:00,2026-10-05T23:39:07Z,4.041000,4.058000,4.041000,4.052000,4.029000,4.058000,4.025000,4.052000,changed
2026-02-17 15:20:00+00:00,2026-10-05T23:39:07Z,4.045000,4.056000,4.039000,4.056000,4.048000,4.058000,4.039000,4.056000,changed
2026-02-17 16:20:00+00:00,2026-10-05T23:39:07Z,4.045000,4.056000,4.045000,4.052000,4.048000,4.056000,4.039000,4.052000,changed
2026-02-17 17:20:00+00:00,2026-10-05T23:39:07Z,4.056000,4.060000,4.048000,4.056000,4.052000,4.060000,4.048000,4.056000,changed
2026-02-17 18:20:00+00:00,2026-10-05T23:39:07Z,4.056000,4.060000,4.054000,4.058000,4.052000,4.060000,4.048000,4.058000,changed
2026-02-17 19:20:00+00:00,2026-10-05T23:39:07Z,4.058000,4.060000,4.052000,4.052000,4.060000,4.060000,4.052000,4.052000,changed
2026-02-18 14:20:00+00:00,2026-10-05T23:39:07Z,4.075000,4.085000,4.075000,4.079000,4.067000,4.085000,4.064000,4.079000,changed
2026-02-18 15:20:00+00:00,2026-10-05T23:39:07Z,4.083000,4.085000,4.073000,4.077000,4.079000,4.085000,4.073000,4.077000,changed
2026-02-18 16:20:00+00:00,2026-10-05T23:39:07Z,4.077000,4.079000,4.071000,4.073000,4.083000,4.083000,4.071000,4.073000,changed
2026-02-18 18:20:00+00:00,2026-10-05T23:39:07Z,4.075000,4.088000,4.075000,4.079000,4.071000,4.088000,4.071000,4.079000,changed
2026-02-18 19:20:00+00:00,2026-10-05T23:39:07Z,4.085000,4.088000,4.079000,4.079000,4.081000,4.088000,4.079000,4.079000,changed
2026-02-19 14:20:00+00:00,2026-10-05T23:39:07Z,4.106000,4.106000,4.083000,4.088000,4.100000,4.102000,4.083000,4.088000,changed
2026-02-19 15:20:00+00:00,2026-10-05T23:39:07Z,4.092000,4.094000,4.083000,4.085000,4.088000,4.094000,4.083000,4.085000,changed
2026-02-19 16:20:00+00:00,2026-10-05T23:39:07Z,4.086000,4.094000,4.081000,4.083000,4.088000,4.088000,4.081000,4.083000,changed
2026-02-19 17:20:00+00:00,2026-10-05T23:39:07Z,4.085000,4.088000,4.075000,4.075000,4.085000,4.086000,4.075000,4.075000,changed
2026-02-19 18:20:00+00:00,2026-10-05T23:39:07Z,4.085000,4.086000,4.065000,4.069000,4.085000,4.085000,4.065000,4.069000,changed
2026-02-19 19:20:00+00:00,2026-10-05T23:39:07Z,4.073000,4.079000,4.065000,4.075000,4.069000,4.079000,4.065000,4.075000,changed
2026-02-20 14:20:00+00:00,2026-10-05T23:39:07Z,4.063000,4.104000,4.060000,4.096000,4.071000,4.104000,4.069000,4.096000,changed
2026-02-20 15:20:00+00:00,2026-10-05T23:39:07Z,4.071000,4.104000,4.071000,4.086000,4.077000,4.104000,4.075000,4.086000,changed
2026-02-20 16:20:00+00:00,2026-10-05T23:39:07Z,4.092000,4.098000,4.083000,4.088000,4.096000,4.098000,4.083000,4.088000,changed
2026-02-20 17:20:00+00:00,2026-10-05T23:39:07Z,4.085000,4.100000,4.085000,4.096000,4.096000,4.100000,4.086000,4.096000,changed
2026-02-20 18:20:00+00:00,2026-10-05T23:39:07Z,4.086000,4.100000,4.081000,4.085000,4.094000,4.100000,4.081000,4.085000,changed
2026-02-20 19:20:00+00:00,2026-10-05T23:39:07Z,4.092000,4.094000,4.081000,4.086000,4.088000,4.094000,4.085000,4.086000,changed
2026-02-23 14:20:00+00:00,2026-10-05T23:39:07Z,4.067000,4.069000,4.054000,4.056000,4.063000,4.067000,4.054000,4.056000,changed
2026-02-23 15:20:00+00:00,2026-10-05T23:39:07Z,4.065000,4.067000,4.029000,4.033000,4.060000,4.060000,4.029000,4.033000,changed
2026-02-23 16:20:00+00:00,2026-10-05T23:39:07Z,4.054000,4.056000,4.025000,4.027000,4.042000,4.044000,4.025000,4.027000,changed
2026-02-23 17:20:00+00:00,2026-10-05T23:39:07Z,4.033000,4.035000,4.018000,4.027000,4.029000,4.029000,4.018000,4.027000,changed
2026-02-23 18:20:00+00:00,2026-10-05T23:39:07Z,4.027000,4.029000,4.018000,4.025000,4.023000,4.027000,4.021000,4.025000,changed
2026-02-23 19:20:00+00:00,2026-10-05T23:39:07Z,4.027000,4.031000,4.021000,4.029000,4.023000,4.031000,4.023000,4.029000,changed
2026-02-25 14:20:00+00:00,2026-10-05T23:39:07Z,4.050000,4.058000,4.050000,4.050000,4.056000,4.058000,4.050000,4.050000,changed
2026-02-25 15:20:00+00:00,2026-10-05T23:39:07Z,4.056000,4.056000,4.044000,4.046000,4.056000,4.058000,4.044000,4.046000,changed
2026-02-25 16:20:00+00:00,2026-10-05T23:39:07Z,4.046000,4.048000,4.035000,4.037000,4.052000,4.052000,4.035000,4.037000,changed
2026-02-25 17:20:00+00:00,2026-10-05T23:39:07Z,4.042000,4.042000,4.035000,4.039000,4.044000,4.044000,4.035000,4.039000,changed
2026-02-25 18:20:00+00:00,2026-10-05T23:39:07Z,4.037000,4.048000,4.037000,4.048000,4.035000,4.048000,4.035000,4.048000,changed
2026-02-25 19:20:00+00:00,2026-10-05T23:39:07Z,4.046000,4.050000,4.044000,4.048000,4.040000,4.050000,4.040000,4.048000,changed
2026-02-27 14:20:00+00:00,2026-10-05T23:39:07Z,3.987000,3.994000,3.970000,3.981000,3.987000,3.987000,3.970000,3.981000,changed
2026-02-27 15:20:00+00:00,2026-10-05T23:39:07Z,3.977000,3.983000,3.970000,3.975000,3.975000,3.983000,3.974000,3.975000,changed
2026-02-27 16:20:00+00:00,2026-10-05T23:39:07Z,3.979000,3.983000,3.968000,3.975000,3.975000,3.977000,3.968000,3.975000,changed
2026-02-27 17:20:00+00:00,2026-10-05T23:39:07Z,3.974000,3.975000,3.966000,3.966000,3.970000,3.975000,3.966000,3.966000,changed
2026-02-27 18:20:00+00:00,2026-10-05T23:39:07Z,3.970000,3.975000,3.958000,3.958000,3.972000,3.972000,3.958000,3.958000,changed
2026-02-27 19:20:00+00:00,2026-10-05T23:39:07Z,3.968000,3.968000,3.956000,3.962000,3.964000,3.964000,3.956000,3.962000,changed
2026-02-02 18:20:00+00:00,2026-10-06T00:12:29Z,4.271000,4.275000,4.271000,4.275000,4.263000,4.277000,4.261000,4.277000,changed
2026-02-02 19:20:00+00:00,2026-10-06T00:12:29Z,4.275000,4.279000,4.269000,4.275000,4.273000,4.279000,4.269000,4.275000,changed
2026-02-03 14:20:00+00:00,2026-10-06T00:12:29Z,4.292000,4.300000,4.282000,4.284000,4.293000,4.300000,4.282000,4.284000,changed
2026-02-03 15:20:00+00:00,2026-10-06T00:12:29Z,4.292000,4.293000,4.279000,4.287000,4.284000,4.293000,4.279000,4.287000,changed
2026-02-03 16:20:00+00:00,2026-10-06T00:12:29Z,4.285000,4.293000,4.278000,4.285000,4.292000,4.293000,4.278000,4.285000,changed
2026-02-03 18:20:00+00:00,2026-10-06T00:12:29Z,4.290000,4.293000,4.266000,4.271000,4.290000,4.292000,4.266000,4.271000,changed
2026-02-03 19:20:00+00:00,2026-10-06T00:12:29Z,4.284000,4.284000,4.266000,4.274000,4.268000,4.278000,4.266000,4.274000,changed
2026-02-04 14:20:00+00:00,2026-10-06T00:12:29Z,4.271000,4.290000,4.269000,4.271000,4.282000,4.290000,4.269000,4.271000,changed
2026-02-04 15:20:00+00:00,2026-10-06T00:12:29Z,4.284000,4.290000,4.269000,4.271000,4.287000,4.287000,4.269000,4.271000,changed
2026-02-04 17:20:00+00:00,2026-10-06T00:12:29Z,4.278000,4.279000,4.261000,4.271000,4.275000,4.275000,4.261000,4.271000,changed
2026-02-04 18:20:00+00:00,2026-10-06T00:12:29Z,4.263000,4.279000,4.261000,4.279000,4.271000,4.279000,4.268000,4.279000,changed
2026-02-04 19:20:00+00:00,2026-10-06T00:12:29Z,4.275000,4.279000,4.268000,4.275000,4.269000,4.279000,4.269000,4.275000,changed
2026-02-05 14:20:00+00:00,2026-10-06T00:12:29Z,4.232000,4.250000,4.222000,4.222000,4.246000,4.250000,4.222000,4.222000,changed
2026-02-05 15:20:00+00:00,2026-10-06T00:12:29Z,4.234000,4.236000,4.206000,4.210000,4.236000,4.250000,4.206000,4.210000,changed
2026-02-05 16:20:00+00:00,2026-10-06T00:12:29Z,4.216000,4.220000,4.206000,4.210000,4.214000,4.220000,4.206000,4.210000,changed
2026-02-05 17:20:00+00:00,2026-10-06T00:12:29Z,4.216000,4.218000,4.208000,4.212000,4.218000,4.220000,4.208000,4.212000,changed
2026-02-05 18:20:00+00:00,2026-10-06T00:12:29Z,4.212000,4.212000,4.204000,4.210000,4.216000,4.218000,4.204000,4.210000,changed
2026-02-05 19:20:00+00:00,2026-10-06T00:12:29Z,4.204000,4.210000,4.204000,4.210000,4.208000,4.210000,4.204000,4.210000,changed
2026-02-06 14:20:00+00:00,2026-10-06T00:12:29Z,4.198000,4.220000,4.194000,4.216000,4.204000,4.220000,4.194000,4.216000,changed
2026-02-06 15:20:00+00:00,2026-10-06T00:12:29Z,4.214000,4.222000,4.212000,4.218000,4.196000,4.224000,4.194000,4.218000,changed
2026-02-06 16:20:00+00:00,2026-10-06T00:12:29Z,4.216000,4.220000,4.216000,4.218000,4.220000,4.224000,4.212000,4.218000,changed
2026-02-06 17:20:00+00:00,2026-10-06T00:12:29Z,4.218000,4.220000,4.214000,4.216000,4.216000,4.220000,4.212000,4.216000,changed
2026-02-06 18:20:00+00:00,2026-10-06T00:12:29Z,4.214000,4.216000,4.208000,4.210000,4.218000,4.220000,4.208000,4.210000,changed
2026-02-06 19:20:00+00:00,2026-10-06T00:12:29Z,4.210000,4.212000,4.206000,4.206000,4.214000,4.214000,4.206000,4.206000,changed
2026-02-09 14:20:00+00:00,2026-10-06T00:12:29Z,4.220000,4.226000,4.210000,4.220000,4.218000,4.226000,4.210000,4.220000,changed
2026-02-09 15:20:00+00:00,2026-10-06T00:12:29Z,4.218000,4.222000,4.206000,4.208000,4.216000,4.226000,4.206000,4.208000,changed
2026-02-09 16:20:00+00:00,2026-10-06T00:12:29Z,4.212000,4.216000,4.206000,4.206000,4.214000,4.220000,4.206000,4.206000,changed
2026-02-09 17:20:00+00:00,2026-10-06T00:12:29Z,4.210000,4.212000,4.202000,4.206000,4.210000,4.216000,4.202000,4.206000,changed
2026-02-09 18:20:00+00:00,2026-10-06T00:12:29Z,4.206000,4.210000,4.200000,4.202000,4.204000,4.210000,4.200000,4.202000,changed
2026-02-09 19:20:00+00:00,2026-10-06T00:12:29Z,4.204000,4.204000,4.196000,4.198000,4.206000,4.206000,4.196000,4.198000,changed
2026-02-10 14:20:00+00:00,2026-10-06T00:12:29Z,4.164000,4.166000,4.139000,4.145000,4.159000,4.162000,4.139000,4.145000,changed
2026-02-10 15:20:00+00:00,2026-10-06T00:12:29Z,4.154000,4.154000,4.135000,4.139000,4.147000,4.149000,4.135000,4.139000,changed
2026-02-10 16:20:00+00:00,2026-10-06T00:12:29Z,4.145000,4.151000,4.135000,4.145000,4.141000,4.151000,4.135000,4.145000,changed
2026-02-10 17:20:00+00:00,2026-10-06T00:12:29Z,4.137000,4.153000,4.137000,4.149000,4.145000,4.153000,4.143000,4.149000,changed
2026-02-10 18:20:00+00:00,2026-10-06T00:12:29Z,4.143000,4.153000,4.143000,4.151000,4.149000,4.153000,4.149000,4.151000,changed
2026-02-10 19:20:00+00:00,2026-10-06T00:12:29Z,4.153000,4.153000,4.145000,4.147000,4.151000,4.153000,4.145000,4.147000,changed
2026-02-11 14:20:00+00:00,2026-10-06T00:12:29Z,4.176000,4.206000,4.168000,4.170000,4.202000,4.202000,4.168000,4.170000,changed
2026-02-11 15:20:00+00:00,2026-10-06T00:12:29Z,4.184000,4.188000,4.165000,4.170000,4.182000,4.184000,4.165000,4.170000,changed
2026-02-11 16:20:00+00:00,2026-10-06T00:12:29Z,4.165000,4.178000,4.149000,4.149000,4.174000,4.178000,4.149000,4.149000,changed
2026-02-11 17:20:00+00:00,2026-10-06T00:12:29Z,4.165000,4.174000,4.147000,4.172000,4.151000,4.174000,4.147000,4.172000,changed
2026-02-11 18:20:00+00:00,2026-10-06T00:12:29Z,4.155000,4.178000,4.151000,4.172000,4.155000,4.178000,4.153000,4.172000,changed
2026-02-11 19:20:00+00:00,2026-10-06T00:12:29Z,4.174000,4.178000,4.166000,4.172000,4.176000,4.178000,4.170000,4.172000,changed
2026-02-12 14:20:00+00:00,2026-10-06T00:12:29Z,4.162000,4.169000,4.146000,4.146000,4.158000,4.169000,4.146000,4.146000,changed
2026-02-12 15:20:00+00:00,2026-10-06T00:12:29Z,4.152000,4.152000,4.125000,4.127000,4.164000,4.165000,4.125000,4.127000,changed
2026-02-12 16:20:00+00:00,2026-10-06T00:12:29Z,4.140000,4.140000,4.119000,4.123000,4.146000,4.146000,4.119000,4.123000,changed
2026-02-12 17:20:00+00:00,2026-10-06T00:12:29Z,4.127000,4.131000,4.102000,4.102000,4.121000,4.131000,4.102000,4.102000,changed
2026-02-12 18:20:00+00:00,2026-10-06T00:12:29Z,4.127000,4.129000,4.100000,4.100000,4.129000,4.131000,4.100000,4.100000,changed
2026-02-12 19:20:00+00:00,2026-10-06T00:12:29Z,4.104000,4.110000,4.100000,4.104000,4.102000,4.110000,4.100000,4.104000,changed
2026-02-13 14:20:00+00:00,2026-10-06T00:12:29Z,4.087000,4.090000,4.050000,4.064000,4.100000,4.100000,4.050000,4.064000,changed
2026-02-13 15:20:00+00:00,2026-10-06T00:12:29Z,4.062000,4.069000,4.056000,4.062000,4.067000,4.071000,4.050000,4.062000,changed
2026-02-13 16:20:00+00:00,2026-10-06T00:12:29Z,4.064000,4.064000,4.046000,4.054000,4.067000,4.069000,4.046000,4.054000,changed
2026-02-13 17:20:00+00:00,2026-10-06T00:12:29Z,4.052000,4.066000,4.052000,4.064000,4.056000,4.066000,4.046000,4.064000,changed
2026-02-13 18:20:00+00:00,2026-10-06T00:12:29Z,4.064000,4.067000,4.060000,4.064000,4.056000,4.067000,4.056000,4.064000,changed
2026-02-13 19:20:00+00:00,2026-10-06T00:12:29Z,4.066000,4.066000,4.054000,4.056000,4.064000,4.067000,4.054000,4.056000,changed
2026-02-17 14:20:00+00:00,2026-10-06T00:12:29Z,4.029000,4.058000,4.025000,4.052000,4.041000,4.058000,4.041000,4.052000,changed
2026-02-17 15:20:00+00:00,2026-10-06T00:12:29Z,4.048000,4.058000,4.039000,4.056000,4.045000,4.056000,4.039000,4.056000,changed
2026-02-17 16:20:00+00:00,2026-10-06T00:12:29Z,4.048000,4.056000,4.039000,4.052000,4.045000,4.056000,4.045000,4.052000,changed
2026-02-17 17:20:00+00:00,2026-10-06T00:12:29Z,4.052000,4.060000,4.048000,4.056000,4.056000,4.060000,4.048000,4.056000,changed
2026-02-17 18:20:00+00:00,2026-10-06T00:12:29Z,4.052000,4.060000,4.048000,4.058000,4.056000,4.060000,4.054000,4.058000,changed
2026-02-17 19:20:00+00:00,2026-10-06T00:12:29Z,4.060000,4.060000,4.052000,4.052000,4.058000,4.060000,4.052000,4.052000,changed
2026-02-18 14:20:00+00:00,2026-10-06T00:12:29Z,4.067000,4.085000,4.064000,4.079000,4.075000,4.085000,4.075000,4.079000,changed
2026-02-18 15:20:00+00:00,2026-10-06T00:12:29Z,4.079000,4.085000,4.073000,4.077000,4.083000,4.085000,4.073000,4.077000,changed
2026-02-18 16:20:00+00:00,2026-10-06T00:12:29Z,4.083000,4.083000,4.071000,4.073000,4.077000,4.079000,4.071000,4.073000,changed
2026-02-18 18:20:00+00:00,2026-10-06T00:12:29Z,4.071000,4.088000,4.071000,4.079000,4.075000,4.088000,4.075000,4.079000,changed
2026-02-18 19:20:00+00:00,2026-10-06T00:12:29Z,4.081000,4.088000,4.079000,4.079000,4.085000,4.088000,4.079000,4.079000,changed
2026-02-19 14:20:00+00:00,2026-10-06T00:12:29Z,4.100000,4.102000,4.083000,4.088000,4.106000,4.106000,4.083000,4.088000,changed
2026-02-19 15:20:00+00:00,2026-10-06T00:12:29Z,4.088000,4.094000,4.083000,4.085000,4.092000,4.094000,4.083000,4.085000,changed
2026-02-19 16:20:00+00:00,2026-10-06T00:12:29Z,4.088000,4.088000,4.081000,4.083000,4.086000,4.094000,4.081000,4.083000,changed
2026-02-19 17:20:00+00:00,2026-10-06T00:12:29Z,4.085000,4.086000,4.075000,4.075000,4.085000,4.088000,4.075000,4.075000,changed
2026-02-19 18:20:00+00:00,2026-10-06T00:12:29Z,4.085000,4.085000,4.065000,4.069000,4.085000,4.086000,4.065000,4.069000,changed
2026-02-19 19:20:00+00:00,2026-10-06T00:12:29Z,4.069000,4.079000,4.065000,4.075000,4.073000,4.079000,4.065000,4.075000,changed
2026-02-20 14:20:00+00:00,2026-10-06T00:12:29Z,4.071000,4.104000,4.069000,4.096000,4.063000,4.104000,4.060000,4.096000,changed
2026-02-20 15:20:00+00:00,2026-10-06T00:12:29Z,4.077000,4.104000,4.075000,4.086000,4.071000,4.104000,4.071000,4.086000,changed
2026-02-20 16:20:00+00:00,2026-10-06T00:12:29Z,4.096000,4.098000,4.083000,4.088000,4.092000,4.098000,4.083000,4.088000,changed
2026-02-20 17:20:00+00:00,2026-10-06T00:12:29Z,4.096000,4.100000,4.086000,4.096000,4.085000,4.100000,4.085000,4.096000,changed
2026-02-20 18:20:00+00:00,2026-10-06T00:12:29Z,4.094000,4.100000,4.081000,4.085000,4.086000,4.100000,4.081000,4.085000,changed
2026-02-20 19:20:00+00:00,2026-10-06T00:12:29Z,4.088000,4.094000,4.085000,4.086000,4.092000,4.094000,4.081000,4.086000,changed
2026-02-23 14:20:00+00:00,2026-10-06T00:12:29Z,4.063000,4.067000,4.054000,4.056000,4.067000,4.069000,4.054000,4.056000,changed
2026-02-23 15:20:00+00:00,2026-10-06T00:12:29Z,4.060000,4.060000,4.029000,4.033000,4.065000,4.067000,4.029000,4.033000,changed
2026-02-23 16:20:00+00:00,2026-10-06T00:12:29Z,4.042000,4.044000,4.025000,4.027000,4.054000,4.056000,4.025000,4.027000,changed
2026-02-23 17:20:00+00:00,2026-10-06T00:12:29Z,4.029000,4.029000,4.018000,4.027000,4.033000,4.035000,4.018000,4.027000,changed
2026-02-23 18:20:00+00:00,2026-10-06T00:12:29Z,4.023000,4.027000,4.021000,4.025000,4.027000,4.029000,4.018000,4.025000,changed
2026-02-23 19:20:00+00:00,2026-10-06T00:12:29Z,4.023000,4.031000,4.023000,4.029000,4.027000,4.031000,4.021000,4.029000,changed
2026-02-25 14:20:00+00:00,2026-10-06T00:12:29Z,4.056000,4.058000,4.050000,4.050000,4.050000,4.058000,4.050000,4.050000,changed
2026-02-25 15:20:00+00:00,2026-10-06T00:12:29Z,4.056000,4.058000,4.044000,4.046000,4.056000,4.056000,4.044000,4.046000,changed
2026-02-25 16:20:00+00:00,2026-10-06T00:12:29Z,4.052000,4.052000,4.035000,4.037000,4.046000,4.048000,4.035000,4.037000,changed
2026-02-25 17:20:00+00:00,2026-10-06T00:12:29Z,4.044000,4.044000,4.035000,4.039000,4.042000,4.042000,4.035000,4.039000,changed
2026-02-25 18:20:00+00:00,2026-10-06T00:12:29Z,4.035000,4.048000,4.035000,4.048000,4.037000,4.048000,4.037000,4.048000,changed
2026-02-25 19:20:00+00:00,2026-10-06T00:12:29Z,4.040000,4.050000,4.040000,4.048000,4.046000,4.050000,4.044000,4.048000,changed
2026-02-27 14:20:00+00:00,2026-10-06T00:12:29Z,3.987000,3.987000,3.970000,3.981000,3.987000,3.994000,3.970000,3.981000,changed
2026-02-27 15:20:00+00:00,2026-10-06T00:12:29Z,3.975000,3.983000,3.974000,3.975000,3.977000,3.983000,3.970000,3.975000,changed
2026-02-27 16:20:00+00:00,2026-10-06T00:12:29Z,3.975000,3.977000,3.968000,3.975000,3.979000,3.983000,3.968000,3.975000,changed
2026-02-27 17:20:00+00:00,2026-10-06T00:12:29Z,3.970000,3.975000,3.966000,3.966000,3.974000,3.975000,3.966000,3.966000,changed
2026-02-27 18:20:00+00:00,2026-10-06T00:12:29Z,3.972000,3.972000,3.958000,3.958000,3.970000,3.975000,3.958000,3.958000,changed
2026-02-27 19:20:00+00:00,2026-10-06T00:12:29Z,3.964000,3.964000,3.956000,3.962000,3.968000,3.968000,3.956000,3.962000,changed
2026-02-02 18:20:00+00:00,2026-10-06T00:39:38Z,4.263000,4.277000,4.261000,4.277000,4.271000,4.275000,4.271000,4.275000,changed
2026-02-02 19:20:00+00:00,2026-10-06T00:39:38Z,4.273000,4.279000,4.269000,4.275000,4.275000,4.279000,4.269000,4.275000,changed
2026-02-03 14:20:00+00:00,2026-10-06T00:39:38Z,4.293000,4.300000,4.282000,4.284000,4.292000,4.300000,4.282000,4.284000,changed
2026-02-03 15:20:00+00:00,2026-10-06T00:39:38Z,4.284000,4.293000,4.279000,4.287000,4.292000,4.293000,4.279000,4.287000,changed
2026-02-03 16:20:00+00:00,2026-10-06T00:39:38Z,4.292000,4.293000,4.278000,4.285000,4.285000,4.293000,4.278000,4.285000,changed
2026-02-03 18:20:00+00:00,2026-10-06T00:39:38Z,4.290000,4.292000,4.266000,4.271000,4.290000,4.293000,4.266000,4.271000,changed
2026-02-03 19:20:00+00:00,2026-10-06T00:39:38Z,4.268000,4.278000,4.266000,4.274000,4.284000,4.284000,4.266000,4.274000,changed
2026-02-04 14:20:00+00:00,2026-10-06T00:39:38Z,4.282000,4.290000,4.269000,4.271000,4.271000,4.290000,4.269000,4.271000,changed
2026-02-04 15:20:00+00:00,2026-10-06T00:39:38Z,4.287000,4.287000,4.269000,4.271000,4.284000,4.290000,4.269000,4.271000,changed
2026-02-04 17:20:00+00:00,2026-10-06T00:39:38Z,4.275000,4.275000,4.261000,4.271000,4.278000,4.279000,4.261000,4.271000,changed
2026-02-04 18:20:00+00:00,2026-10-06T00:39:38Z,4.271000,4.279000,4.268000,4.279000,4.263000,4.279000,4.261000,4.279000,changed
2026-02-04 19:20:00+00:00,2026-10-06T00:39:38Z,4.269000,4.279000,4.269000,4.275000,4.275000,4.279000,4.268000,4.275000,changed
2026-02-05 14:20:00+00:00,2026-10-06T00:39:38Z,4.246000,4.250000,4.222000,4.222000,4.232000,4.250000,4.222000,4.222000,changed
2026-02-05 15:20:00+00:00,2026-10-06T00:39:38Z,4.236000,4.250000,4.206000,4.210000,4.234000,4.236000,4.206000,4.210000,changed
2026-02-05 16:20:00+00:00,2026-10-06T00:39:38Z,4.214000,4.220000,4.206000,4.210000,4.216000,4.220000,4.206000,4.210000,changed
2026-02-05 17:20:00+00:00,2026-10-06T00:39:38Z,4.218000,4.220000,4.208000,4.212000,4.216000,4.218000,4.208000,4.212000,changed
2026-02-05 18:20:00+00:00,2026-10-06T00:39:38Z,4.216000,4.218000,4.204000,4.210000,4.212000,4.212000,4.204000,4.210000,changed
2026-02-05 19:20:00+00:00,2026-10-06T00:39:38Z,4.208000,4.210000,4.204000,4.210000,4.204000,4.210000,4.204000,4.210000,changed
2026-02-06 14:20:00+00:00,2026-10-06T00:39:38Z,4.204000,4.220000,4.194000,4.216000,4.198000,4.220000,4.194000,4.216000,changed
2026-02-06 15:20:00+00:00,2026-10-06T00:39:38Z,4.196000,4.224000,4.194000,4.218000,4.214000,4.222000,4.212000,4.218000,changed
2026-02-06 16:20:00+00:00,2026-10-06T00:39:38Z,4.220000,4.224000,4.212000,4.218000,4.216000,4.220000,4.216000,4.218000,changed
2026-02-06 17:20:00+00:00,2026-10-06T00:39:38Z,4.216000,4.220000,4.212000,4.216000,4.218000,4.220000,4.214000,4.216000,changed
2026-02-06 18:20:00+00:00,2026-10-06T00:39:38Z,4.218000,4.220000,4.208000,4.210000,4.214000,4.216000,4.208000,4.210000,changed
2026-02-06 19:20:00+00:00,2026-10-06T00:39:38Z,4.214000,4.214000,4.206000,4.206000,4.210000,4.212000,4.206000,4.206000,changed
2026-02-09 14:20:00+00:00,2026-10-06T00:39:38Z,4.218000,4.226000,4.210000,4.220000,4.220000,4.226000,4.210000,4.220000,changed
2026-02-09 15:20:00+00:00,2026-10-06T00:39:38Z,4.216000,4.226000,4.206000,4.208000,4.218000,4.222000,4.206000,4.208000,changed
2026-02-09 16:20:00+00:00,2026-10-06T00:39:38Z,4.214000,4.220000,4.206000,4.206000,4.212000,4.216000,4.206000,4.206000,changed
2026-02-09 17:20:00+00:00,2026-10-06T00:39:38Z,4.210000,4.216000,4.202000,4.206000,4.210000,4.212000,4.202000,4.206000,changed
2026-02-09 18:20:00+00:00,2026-10-06T00:39:38Z,4.204000,4.210000,4.200000,4.202000,4.206000,4.210000,4.200000,4.202000,changed
2026-02-09 19:20:00+00:00,2026-10-06T00:39:38Z,4.206000,4.206000,4.196000,4.198000,4.204000,4.204000,4.196000,4.198000,changed
2026-02-10 14:20:00+00:00,2026-10-06T00:39:38Z,4.159000,4.162000,4.139000,4.145000,4.164000,4.166000,4.139000,4.145000,changed
2026-02-10 15:20:00+00:00,2026-10-06T00:39:38Z,4.147000,4.149000,4.135000,4.139000,4.154000,4.154000,4.135000,4.139000,changed
2026-02-10 16:20:00+00:00,2026-10-06T00:39:38Z,4.141000,4.151000,4.135000,4.145000,4.145000,4.151000,4.135000,4.145000,changed
2026-02-10 17:20:00+00:00,2026-10-06T00:39:38Z,4.145000,4.153000,4.143000,4.149000,4.137000,4.153000,4.137000,4.149000,changed
2026-02-10 18:20:00+00:00,2026-10-06T00:39:38Z,4.149000,4.153000,4.149000,4.151000,4.143000,4.153000,4.143000,4.151000,changed
2026-02-10 19:20:00+00:00,2026-10-06T00:39:38Z,4.151000,4.153000,4.145000,4.147000,4.153000,4.153000,4.145000,4.147000,changed
2026-02-11 14:20:00+00:00,2026-10-06T00:39:38Z,4.202000,4.202000,4.168000,4.170000,4.176000,4.206000,4.168000,4.170000,changed
2026-02-11 15:20:00+00:00,2026-10-06T00:39:38Z,4.182000,4.184000,4.165000,4.170000,4.184000,4.188000,4.165000,4.170000,changed
2026-02-11 16:20:00+00:00,2026-10-06T00:39:38Z,4.174000,4.178000,4.149000,4.149000,4.165000,4.178000,4.149000,4.149000,changed
2026-02-11 17:20:00+00:00,2026-10-06T00:39:38Z,4.151000,4.174000,4.147000,4.172000,4.165000,4.174000,4.147000,4.172000,changed
2026-02-11 18:20:00+00:00,2026-10-06T00:39:38Z,4.155000,4.178000,4.153000,4.172000,4.155000,4.178000,4.151000,4.172000,changed
2026-02-11 19:20:00+00:00,2026-10-06T00:39:38Z,4.176000,4.178000,4.170000,4.172000,4.174000,4.178000,4.166000,4.172000,changed
2026-02-12 14:20:00+00:00,2026-10-06T00:39:38Z,4.158000,4.169000,4.146000,4.146000,4.162000,4.169000,4.146000,4.146000,changed
2026-02-12 15:20:00+00:00,2026-10-06T00:39:38Z,4.164000,4.165000,4.125000,4.127000,4.152000,4.152000,4.125000,4.127000,changed
2026-02-12 16:20:00+00:00,2026-10-06T00:39:38Z,4.146000,4.146000,4.119000,4.123000,4.140000,4.140000,4.119000,4.123000,changed
2026-02-12 17:20:00+00:00,2026-10-06T00:39:38Z,4.121000,4.131000,4.102000,4.102000,4.127000,4.131000,4.102000,4.102000,changed
2026-02-12 18:20:00+00:00,2026-10-06T00:39:38Z,4.129000,4.131000,4.100000,4.100000,4.127000,4.129000,4.100000,4.100000,changed
2026-02-12 19:20:00+00:00,2026-10-06T00:39:38Z,4.102000,4.110000,4.100000,4.104000,4.104000,4.110000,4.100000,4.104000,changed
2026-02-13 14:20:00+00:00,2026-10-06T00:39:38Z,4.100000,4.100000,4.050000,4.064000,4.087000,4.090000,4.050000,4.064000,changed
2026-02-13 15:20:00+00:00,2026-10-06T00:39:38Z,4.067000,4.071000,4.050000,4.062000,4.062000,4.069000,4.056000,4.062000,changed
2026-02-13 16:20:00+00:00,2026-10-06T00:39:38Z,4.067000,4.069000,4.046000,4.054000,4.064000,4.064000,4.046000,4.054000,changed
2026-02-13 17:20:00+00:00,2026-10-06T00:39:38Z,4.056000,4.066000,4.046000,4.064000,4.052000,4.066000,4.052000,4.064000,changed
2026-02-13 18:20:00+00:00,2026-10-06T00:39:38Z,4.056000,4.067000,4.056000,4.064000,4.064000,4.067000,4.060000,4.064000,changed
2026-02-13 19:20:00+00:00,2026-10-06T00:39:38Z,4.064000,4.067000,4.054000,4.056000,4.066000,4.066000,4.054000,4.056000,changed
2026-02-17 14:20:00+00:00,2026-10-06T00:39:38Z,4.041000,4.058000,4.041000,4.052000,4.029000,4.058000,4.025000,4.052000,changed
2026-02-17 15:20:00+00:00,2026-10-06T00:39:38Z,4.045000,4.056000,4.039000,4.056000,4.048000,4.058000,4.039000,4.056000,changed
2026-02-17 16:20:00+00:00,2026-10-06T00:39:38Z,4.045000,4.056000,4.045000,4.052000,4.048000,4.056000,4.039000,4.052000,changed
2026-02-17 17:20:00+00:00,2026-10-06T00:39:38Z,4.056000,4.060000,4.048000,4.056000,4.052000,4.060000,4.048000,4.056000,changed
2026-02-17 18:20:00+00:00,2026-10-06T00:39:38Z,4.056000,4.060000,4.054000,4.058000,4.052000,4.060000,4.048000,4.058000,changed
2026-02-17 19:20:00+00:00,2026-10-06T00:39:38Z,4.058000,4.060000,4.052000,4.052000,4.060000,4.060000,4.052000,4.052000,changed
2026-02-18 14:20:00+00:00,2026-10-06T00:39:38Z,4.075000,4.085000,4.075000,4.079000,4.067000,4.085000,4.064000,4.079000,changed
2026-02-18 15:20:00+00:00,2026-10-06T00:39:38Z,4.083000,4.085000,4.073000,4.077000,4.079000,4.085000,4.073000,4.077000,changed
2026-02-18 16:20:00+00:00,2026-10-06T00:39:38Z,4.077000,4.079000,4.071000,4.073000,4.083000,4.083000,4.071000,4.073000,changed
2026-02-18 18:20:00+00:00,2026-10-06T00:39:38Z,4.075000,4.088000,4.075000,4.079000,4.071000,4.088000,4.071000,4.079000,changed
2026-02-18 19:20:00+00:00,2026-10-06T00:39:38Z,4.085000,4.088000,4.079000,4.079000,4.081000,4.088000,4.079000,4.079000,changed
2026-02-19 14:20:00+00:00,2026-10-06T00:39:38Z,4.106000,4.106000,4.083000,4.088000,4.100000,4.102000,4.083000,4.088000,changed
2026-02-19 15:20:00+00:00,2026-10-06T00:39:38Z,4.092000,4.094000,4.083000,4.085000,4.088000,4.094000,4.083000,4.085000,changed
2026-02-19 16:20:00+00:00,2026-10-06T00:39:38Z,4.086000,4.094000,4.081000,4.083000,4.088000,4.088000,4.081000,4.083000,changed
2026-02-19 17:20:00+00:00,2026-10-06T00:39:38Z,4.085000,4.088000,4.075000,4.075000,4.085000,4.086000,4.075000,4.075000,changed
2026-02-19 18:20:00+00:00,2026-10-06T00:39:38Z,4.085000,4.086000,4.065000,4.069000,4.085000,4.085000,4.065000,4.069000,changed
2026-02-19 19:20:00+00:00,2026-10-06T00:39:38Z,4.073000,4.079000,4.065000,4.075000,4.069000,4.079000,4.065000,4.075000,changed
2026-02-20 14:20:00+00:00,2026-10-06T00:39:38Z,4.063000,4.104000,4.060000,4.096000,4.071000,4.104000,4.069000,4.096000,changed
2026-02-20 15:20:00+00:00,2026-10-06T00:39:38Z,4.071000,4.104000,4.071000,4.086000,4.077000,4.104000,4.075000,4.086000,changed
2026-02-20 16:20:00+00:00,2026-10-06T00:39:38Z,4.092000,4.098000,4.083000,4.088000,4.096000,4.098000,4.083000,4.088000,changed
2026-02-20 17:20:00+00:00,2026-10-06T00:39:38Z,4.085000,4.100000,4.085000,4.096000,4.096000,4.100000,4.086000,4.096000,changed
2026-02-20 18:20:00+00:00,2026-10-06T00:39:38Z,4.086000,4.100000,4.081000,4.085000,4.094000,4.100000,4.081000,4.085000,changed
2026-02-20 19:20:00+00:00,2026-10-06T00:39:38Z,4.092000,4.094000,4.081000,4.086000,4.088000,4.094000,4.085000,4.086000,changed
2026-02-23 14:20:00+00:00,2026-10-06T00:39:38Z,4.067000,4.069000,4.054000,4.056000,4.063000,4.067000,4.054000,4.056000,changed
2026-02-23 15:20:00+00:00,2026-10-06T00:39:38Z,4.065000,4.067000,4.029000,4.033000,4.060000,4.060000,4.029000,4.033000,changed
2026-02-23 16:20:00+00:00,2026-10-06T00:39:38Z,4.054000,4.056000,4.025000,4.027000,4.042000,4.044000,4.025000,4.027000,changed
2026-02-23 17:20:00+00:00,2026-10-06T00:39:38Z,4.033000,4.035000,4.018000,4.027000,4.029000,4.029000,4.018000,4.027000,changed
2026-02-23 18:20:00+00:00,2026-10-06T00:39:38Z,4.027000,4.029000,4.018000,4.025000,4.023000,4.027000,4.021000,4.025000,changed
2026-02-23 19:20:00+00:00,2026-10-06T00:39:38Z,4.027000,4.031000,4.021000,4.029000,4.023000,4.031000,4.023000,4.029000,changed
2026-02-25 14:20:00+00:00,2026-10-06T00:39:38Z,4.050000,4.058000,4.050000,4.050000,4.056000,4.058000,4.050000,4.050000,changed
2026-02-25 15:20:00+00:00,2026-10-06T00:39:38Z,4.056000,4.056000,4.044000,4.046000,4.056000,4.058000,4.044000,4.046000,changed
2026-02-25 16:20:00+00:00,2026-10-06T00:39:38Z,4.046000,4.048000,4.035000,4.037000,4.052000,4.052000,4.035000,4.037000,changed
2026-02-25 17:20:00+00:00,2026-10-06T00:39:38Z,4.042000,4.042000,4.035000,4.039000,4.044000,4.044000,4.035000,4.039000,changed
2026-02-25 18:20:00+00:00,2026-10-06T00:39:38Z,4.037000,4.048000,4.037000,4.048000,4.035000,4.048000,4.035000,4.048000,changed
2026-02-25 19:20:00+00:00,2026-10-06T00:39:38Z,4.046000,4.050000,4.044000,4.048000,4.040000,4.050000,4.040000,4.048000,changed
2026-02-27 14:20:00+00:00,2026-10-06T00:39:38Z,3.987000,3.994000,3.970000,3.981000,3.987000,3.987000,3.970000,3.981000,changed
2026-02-27 15:20:00+00:00,2026-10-06T00:39:38Z,3.977000,3.983000,3.970000,3.975000,3.975000,3.983000,3.974000,3.975000,changed
2026-02-27 16:20:00+00:00,2026-10-06T00:39:38Z,3.979000,3.983000,3.968000,3.975000,3.975000,3.977000,3.968000,3.975000,changed
2026-02-27 17:20:00+00:00,2026-10-06T00:39:38Z,3.974000,3.975000,3.966000,3.966000,3.970000,3.975000,3.966000,3.966000,changed
2026-02-27 18:20:00+00:00,2026-10-06T00:39:38Z,3.970000,3.975000,3.958000,3.958000,3.972000,3.972000,3.958000,3.958000,changed
2026-02-27 19:20:00+00:00,2026-10-06T00:39:38Z,3.968000,3.968000,3.956000,3.962000,3.964000,3.964000,3.956000,3.962000,changed
2026-02-02 18:20:00+00:00,2026-10-06T01:01:45Z,4.271000,4.275000,4.271000,4.275000,4.263000,4.277000,4.261000,4.277000,changed
2026-02-02 19:20:00+00:00,2026-10-06T01:01:45Z,4.275000,4.279000,4.269000,4.275000,4.273000,4.279000,4.269000,4.275000,changed
2026-02-03 14:20:00+00:00,2026-10-06T01:01:45Z,4.292000,4.300000,4.282000,4.284000,4.293000,4.300000,4.282000,4.284000,changed
2026-02-03 15:20:00+00:00,2026-10-06T01:01:45Z,4.292000,4.293000,4.279000,4.287000,4.284000,4.293000,4.279000,4.287000,changed
2026-02-03 16:20:00+00:00,2026-10-06T01:01:45Z,4.285000,4.293000,4.278000,4.285000,4.292000,4.293000,4.278000,4.285000,changed
2026-02-03 18:20:00+00:00,2026-10-06T01:01:45Z,4.290000,4.293000,4.266000,4.271000,4.290000,4.292000,4.266000,4.271000,changed
2026-02-03 19:20:00+00:00,2026-10-06T01:01:45Z,4.284000,4.284000,4.266000,4.274000,4.268000,4.278000,4.266000,4.274000,changed
2026-02-04 14:20:00+00:00,2026-10-06T01:01:45Z,4.271000,4.290000,4.269000,4.271000,4.282000,4.290000,4.269000,4.271000,changed
2026-02-04 15:20:00+00:00,2026-10-06T01:01:45Z,4.284000,4.290000,4.269000,4.271000,4.287000,4.287000,4.269000,4.271000,changed
2026-02-04 17:20:00+00:00,2026-10-06T01:01:45Z,4.278000,4.279000,4.261000,4.271000,4.275000,4.275000,4.261000,4.271000,changed
2026-02-04 18:20:00+00:00,2026-10-06T01:01:45Z,4.263000,4.279000,4.261000,4.279000,4.271000,4.279000,4.268000,4.279000,changed
2026-02-04 19:20:00+00:00,2026-10-06T01:01:45Z,4.275000,4.279000,4.268000,4.275000,4.269000,4.279000,4.269000,4.275000,changed
2026-02-05 14:20:00+00:00,2026-10-06T01:01:45Z,4.232000,4.250000,4.222000,4.222000,4.246000,4.250000,4.222000,4.222000,changed
2026-02-05 15:20:00+00:00,2026-10-06T01:01:45Z,4.234000,4.236000,4.206000,4.210000,4.236000,4.250000,4.206000,4.210000,changed
2026-02-05 16:20:00+00:00,2026-10-06T01:01:45Z,4.216000,4.220000,4.206000,4.210000,4.214000,4.220000,4.206000,4.210000,changed
2026-02-05 17:20:00+00:00,2026-10-06T01:01:45Z,4.216000,4.218000,4.208000,4.212000,4.218000,4.220000,4.208000,4.212000,changed
2026-02-05 18:20:00+00:00,2026-10-06T01:01:45Z,4.212000,4.212000,4.204000,4.210000,4.216000,4.218000,4.204000,4.210000,changed
2026-02-05 19:20:00+00:00,2026-10-06T01:01:45Z,4.204000,4.210000,4.204000,4.210000,4.208000,4.210000,4.204000,4.210000,changed
2026-02-06 14:20:00+00:00,2026-10-06T01:01:45Z,4.198000,4.220000,4.194000,4.216000,4.204000,4.220000,4.194000,4.216000,changed
2026-02-06 15:20:00+00:00,2026-10-06T01:01:45Z,4.214000,4.222000,4.212000,4.218000,4.196000,4.224000,4.194000,4.218000,changed
2026-02-06 16:20:00+00:00,2026-10-06T01:01:45Z,4.216000,4.220000,4.216000,4.218000,4.220000,4.224000,4.212000,4.218000,changed
2026-02-06 17:20:00+00:00,2026-10-06T01:01:45Z,4.218000,4.220000,4.214000,4.216000,4.216000,4.220000,4.212000,4.216000,changed
2026-02-06 18:20:00+00:00,2026-10-06T01:01:45Z,4.214000,4.216000,4.208000,4.210000,4.218000,4.220000,4.208000,4.210000,changed
2026-02-06 19:20:00+00:00,2026-10-06T01:01:45Z,4.210000,4.212000,4.206000,4.206000,4.214000,4.214000,4.206000,4.206000,changed
2026-02-09 14:20:00+00:00,2026-10-06T01:01:45Z,4.220000,4.226000,4.210000,4.220000,4.218000,4.226000,4.210000,4.220000,changed
2026-02-09 15:20:00+00:00,2026-10-06T01:01:45Z,4.218000,4.222000,4.206000,4.208000,4.216000,4.226000,4.206000,4.208000,changed
2026-02-09 16:20:00+00:00,2026-10-06T01:01:45Z,4.212000,4.216000,4.206000,4.206000,4.214000,4.220000,4.206000,4.206000,changed
2026-02-09 17:20:00+00:00,2026-10-06T01:01:45Z,4.210000,4.212000,4.202000,4.206000,4.210000,4.216000,4.202000,4.206000,changed
2026-02-09 18:20:00+00:00,2026-10-06T01:01:45Z,4.206000,4.210000,4.200000,4.202000,4.204000,4.210000,4.200000,4.202000,changed
2026-02-09 19:20:00+00:00,2026-10-06T01:01:45Z,4.204000,4.204000,4.196000,4.198000,4.206000,4.206000,4.196000,4.198000,changed
2026-02-10 14:20:00+00:00,2026-10-06T01:01:45Z,4.164000,4.166000,4.139000,4.145000,4.159000,4.162000,4.139000,4.145000,changed
2026-02-10 15:20:00+00:00,2026-10-06T01:01:45Z,4.154000,4.154000,4.135000,4.139000,4.147000,4.149000,4.135000,4.139000,changed
2026-02-10 16:20:00+00:00,2026-10-06T01:01:45Z,4.145000,4.151000,4.135000,4.145000,4.141000,4.151000,4.135000,4.145000,changed
2026-02-10 17:20:00+00:00,2026-10-06T01:01:45Z,4.137000,4.153000,4.137000,4.149000,4.145000,4.153000,4.143000,4.149000,changed
2026-02-10 18:20:00+00:00,2026-10-06T01:01:45Z,4.143000,4.153000,4.143000,4.151000,4.149000,4.153000,4.149000,4.151000,changed
2026-02-10 19:20:00+00:00,2026-10-06T01:01:45Z,4.153000,4.153000,4.145000,4.147000,4.151000,4.153000,4.145000,4.147000,changed
2026-02-11 14:20:00+00:00,2026-10-06T01:01:45Z,4.176000,4.206000,4.168000,4.170000,4.202000,4.202000,4.168000,4.170000,changed
2026-02-11 15:20:00+00:00,2026-10-06T01:01:45Z,4.184000,4.188000,4.165000,4.170000,4.182000,4.184000,4.165000,4.170000,changed
2026-02-11 16:20:00+00:00,2026-10-06T01:01:45Z,4.165000,4.178000,4.149000,4.149000,4.174000,4.178000,4.149000,4.149000,changed
2026-02-11 17:20:00+00:00,2026-10-06T01:01:45Z,4.165000,4.174000,4.147000,4.172000,4.151000,4.174000,4.147000,4.172000,changed
2026-02-11 18:20:00+00:00,2026-10-06T01:01:45Z,4.155000,4.178000,4.151000,4.172000,4.155000,4.178000,4.153000,4.172000,changed
2026-02-11 19:20:00+00:00,2026-10-06T01:01:45Z,4.174000,4.178000,4.166000,4.172000,4.176000,4.178000,4.170000,4.172000,changed
2026-02-12 14:20:00+00:00,2026-10-06T01:01:45Z,4.162000,4.169000,4.146000,4.146000,4.158000,4.169000,4.146000,4.146000,changed
2026-02-12 15:20:00+00:00,2026-10-06T01:01:45Z,4.152000,4.152000,4.125000,4.127000,4.164000,4.165000,4.125000,4.127000,changed
2026-02-12 16:20:00+00:00,2026-10-06T01:01:45Z,4.140000,4.140000,4.119000,4.123000,4.146000,4.146000,4.119000,4.123000,changed
2026-02-12 17:20:00+00:00,2026-10-06T01:01:45Z,4.127000,4.131000,4.102000,4.102000,4.121000,4.131000,4.102000,4.102000,changed
2026-02-12 18:20:00+00:00,2026-10-06T01:01:45Z,4.127000,4.129000,4.100000,4.100000,4.129000,4.131000,4.100000,4.100000,changed
2026-02-12 19:20:00+00:00,2026-10-06T01:01:45Z,4.104000,4.110000,4.100000,4.104000,4.102000,4.110000,4.100000,4.104000,changed
2026-02-13 14:20:00+00:00,2026-10-06T01:01:45Z,4.087000,4.090000,4.050000,4.064000,4.100000,4.100000,4.050000,4.064000,changed
2026-02-13 15:20:00+00:00,2026-10-06T01:01:45Z,4.062000,4.069000,4.056000,4.062000,4.067000,4.071000,4.050000,4.062000,changed
2026-02-13 16:20:00+00:00,2026-10-06T01:01:45Z,4.064000,4.064000,4.046000,4.054000,4.067000,4.069000,4.046000,4.054000,changed
2026-02-13 17:20:00+00:00,2026-10-06T01:01:45Z,4.052000,4.066000,4.052000,4.064000,4.056000,4.066000,4.046000,4.064000,changed
2026-02-13 18:20:00+00:00,2026-10-06T01:01:45Z,4.064000,4.067000,4.060000,4.064000,4.056000,4.067000,4.056000,4.064000,changed
2026-02-13 19:20:00+00:00,2026-10-06T01:01:45Z,4.066000,4.066000,4.054000,4.056000,4.064000,4.067000,4.054000,4.056000,changed
2026-02-17 14:20:00+00:00,2026-10-06T01:01:45Z,4.029000,4.058000,4.025000,4.052000,4.041000,4.058000,4.041000,4.052000,changed
2026-02-17 15:20:00+00:00,2026-10-06T01:01:45Z,4.048000,4.058000,4.039000,4.056000,4.045000,4.056000,4.039000,4.056000,changed
2026-02-17 16:20:00+00:00,2026-10-06T01:01:45Z,4.048000,4.056000,4.039000,4.052000,4.045000,4.056000,4.045000,4.052000,changed
2026-02-17 17:20:00+00:00,2026-10-06T01:01:45Z,4.052000,4.060000,4.048000,4.056000,4.056000,4.060000,4.048000,4.056000,changed
2026-02-17 18:20:00+00:00,2026-10-06T01:01:45Z,4.052000,4.060000,4.048000,4.058000,4.056000,4.060000,4.054000,4.058000,changed
2026-02-17 19:20:00+00:00,2026-10-06T01:01:45Z,4.060000,4.060000,4.052000,4.052000,4.058000,4.060000,4.052000,4.052000,changed
2026-02-18 14:20:00+00:00,2026-10-06T01:01:45Z,4.067000,4.085000,4.064000,4.079000,4.075000,4.085000,4.075000,4.079000,changed
2026-02-18 15:20:00+00:00,2026-10-06T01:01:45Z,4.079000,4.085000,4.073000,4.077000,4.083000,4.085000,4.073000,4.077000,changed
2026-02-18 16:20:00+00:00,2026-10-06T01:01:45Z,4.083000,4.083000,4.071000,4.073000,4.077000,4.079000,4.071000,4.073000,changed
2026-02-18 18:20:00+00:00,2026-10-06T01:01:45Z,4.071000,4.088000,4.071000,4.079000,4.075000,4.088000,4.075000,4.079000,changed
2026-02-18 19:20:00+00:00,2026-10-06T01:01:45Z,4.081000,4.088000,4.079000,4.079000,4.085000,4.088000,4.079000,4.079000,changed
2026-02-19 14:20:00+00:00,2026-10-06T01:01:45Z,4.100000,4.102000,4.083000,4.088000,4.106000,4.106000,4.083000,4.088000,changed
2026-02-19 15:20:00+00:00,2026-10-06T01:01:45Z,4.088000,4.094000,4.083000,4.085000,4.092000,4.094000,4.083000,4.085000,changed
2026-02-19 16:20:00+00:00,2026-10-06T01:01:45Z,4.088000,4.088000,4.081000,4.083000,4.086000,4.094000,4.081000,4.083000,changed
2026-02-19 17:20:00+00:00,2026-10-06T01:01:45Z,4.085000,4.086000,4.075000,4.075000,4.085000,4.088000,4.075000,4.075000,changed
2026-02-19 18:20:00+00:00,2026-10-06T01:01:45Z,4.085000,4.085000,4.065000,4.069000,4.085000,4.086000,4.065000,4.069000,changed
2026-02-19 19:20:00+00:00,2026-10-06T01:01:45Z,4.069000,4.079000,4.065000,4.075000,4.073000,4.079000,4.065000,4.075000,changed
2026-02-20 14:20:00+00:00,2026-10-06T01:01:45Z,4.071000,4.104000,4.069000,4.096000,4.063000,4.104000,4.060000,4.096000,changed
2026-02-20 15:20:00+00:00,2026-10-06T01:01:45Z,4.077000,4.104000,4.075000,4.086000,4.071000,4.104000,4.071000,4.086000,changed
2026-02-20 16:20:00+00:00,2026-10-06T01:01:45Z,4.096000,4.098000,4.083000,4.088000,4.092000,4.098000,4.083000,4.088000,changed
2026-02-20 17:20:00+00:00,2026-10-06T01:01:45Z,4.096000,4.100000,4.086000,4.096000,4.085000,4.100000,4.085000,4.096000,changed
2026-02-20 18:20:00+00:00,2026-10-06T01:01:45Z,4.094000,4.100000,4.081000,4.085000,4.086000,4.100000,4.081000,4.085000,changed
2026-02-20 19:20:00+00:00,2026-10-06T01:01:45Z,4.088000,4.094000,4.085000,4.086000,4.092000,4.094000,4.081000,4.086000,changed
2026-02-23 14:20:00+00:00,2026-10-06T01:01:45Z,4.063000,4.067000,4.054000,4.056000,4.067000,4.069000,4.054000,4.056000,changed
2026-02-23 15:20:00+00:00,2026-10-06T01:01:45Z,4.060000,4.060000,4.029000,4.033000,4.065000,4.067000,4.029000,4.033000,changed
2026-02-23 16:20:00+00:00,2026-10-06T01:01:45Z,4.042000,4.044000,4.025000,4.027000,4.054000,4.056000,4.025000,4.027000,changed
2026-02-23 17:20:00+00:00,2026-10-06T01:01:45Z,4.029000,4.029000,4.018000,4.027000,4.033000,4.035000,4.018000,4.027000,changed
2026-02-23 18:20:00+00:00,2026-10-06T01:01:45Z,4.023000,4.027000,4.021000,4.025000,4.027000,4.029000,4.018000,4.025000,changed
2026-02-23 19:20:00+00:00,2026-10-06T01:01:45Z,4.023000,4.031000,4.023000,4.029000,4.027000,4.031000,4.021000,4.029000,changed
2026-02-25 14:20:00+00:00,2026-10-06T01:01:45Z,4.056000,4.058000,4.050000,4.050000,4.050000,4.058000,4.050000,4.050000,changed
2026-02-25 15:20:00+00:00,2026-10-06T01:01:45Z,4.056000,4.058000,4.044000,4.046000,4.056000,4.056000,4.044000,4.046000,changed
2026-02-25 16:20:00+00:00,2026-10-06T01:01:45Z,4.052000,4.052000,4.035000,4.037000,4.046000,4.048000,4.035000,4.037000,changed
2026-02-25 17:20:00+00:00,2026-10-06T01:01:45Z,4.044000,4.044000,4.035000,4.039000,4.042000,4.042000,4.035000,4.039000,changed
2026-02-25 18:20:00+00:00,2026-10-06T01:01:45Z,4.035000,4.048000,4.035000,4.048000,4.037000,4.048000,4.037000,4.048000,changed
2026-02-25 19:20:00+00:00,2026-10-06T01:01:45Z,4.040000,4.050000,4.040000,4.048000,4.046000,4.050000,4.044000,4.048000,changed
2026-02-27 14:20:00+00:00,2026-10-06T01:01:45Z,3.987000,3.987000,3.970000,3.981000,3.987000,3.994000,3.970000,3.981000,changed
2026-02-27 15:20:00+00:00,2026-10-06T01:01:45Z,3.975000,3.983000,3.974000,3.975000,3.977000,3.983000,3.970000,3.975000,changed
2026-02-27 16:20:00+00:00,2026-10-06T01:01:45Z,3.975000,3.977000,3.968000,3.975000,3.979000,3.983000,3.968000,3.975000,changed
2026-02-27 17:20:00+00:00,2026-10-06T01:01:45Z,3.970000,3.975000,3.966000,3.966000,3.974000,3.975000,3.966000,3.966000,changed
2026-02-27 18:20:00+00:00,2026-10-06T01:01:45Z,3.972000,3.972000,3.958000,3.958000,3.970000,3.975000,3.958000,3.958000,changed
2026-02-27 19:20:00+00:00,2026-10-06T01:01:45Z,3.964000,3.964000,3.956000,3.962000,3.968000,3.968000,3.956000,3.962000,changed
2026-02-02 18:20:00+00:00,2026-10-06T01:14:04Z,4.263000,4.277000,4.261000,4.277000,4.271000,4.275000,4.271000,4.275000,changed
2026-02-02 19:20:00+00:00,2026-10-06T01:14:04Z,4.273000,4.279000,4.269000,4.275000,4.275000,4.279000,4.269000,4.275000,changed
2026-02-03 14:20:00+00:00,2026-10-06T01:14:04Z,4.293000,4.300000,4.282000,4.284000,4.292000,4.300000,4.282000,4.284000,changed
2026-02-03 15:20:00+00:00,2026-10-06T01:14:04Z,4.284000,4.293000,4.279000,4.287000,4.292000,4.293000,4.279000,4.287000,changed
2026-02-03 16:20:00+00:00,2026-10-06T01:14:04Z,4.292000,4.293000,4.278000,4.285000,4.285000,4.293000,4.278000,4.285000,changed
2026-02-03 18:20:00+00:00,2026-10-06T01:14:04Z,4.290000,4.292000,4.266000,4.271000,4.290000,4.293000,4.266000,4.271000,changed
2026-02-03 19:20:00+00:00,2026-10-06T01:14:04Z,4.268000,4.278000,4.266000,4.274000,4.284000,4.284000,4.266000,4.274000,changed
2026-02-04 14:20:00+00:00,2026-10-06T01:14:04Z,4.282000,4.290000,4.269000,4.271000,4.271000,4.290000,4.269000,4.271000,changed
2026-02-04 15:20:00+00:00,2026-10-06T01:14:04Z,4.287000,4.287000,4.269000,4.271000,4.284000,4.290000,4.269000,4.271000,changed
2026-02-04 17:20:00+00:00,2026-10-06T01:14:04Z,4.275000,4.275000,4.261000,4.271000,4.278000,4.279000,4.261000,4.271000,changed
2026-02-04 18:20:00+00:00,2026-10-06T01:14:04Z,4.271000,4.279000,4.268000,4.279000,4.263000,4.279000,4.261000,4.279000,changed
2026-02-04 19:20:00+00:00,2026-10-06T01:14:04Z,4.269000,4.279000,4.269000,4.275000,4.275000,4.279000,4.268000,4.275000,changed
2026-02-05 14:20:00+00:00,2026-10-06T01:14:04Z,4.246000,4.250000,4.222000,4.222000,4.232000,4.250000,4.222000,4.222000,changed
2026-02-05 15:20:00+00:00,2026-10-06T01:14:04Z,4.236000,4.250000,4.206000,4.210000,4.234000,4.236000,4.206000,4.210000,changed
2026-02-05 16:20:00+00:00,2026-10-06T01:14:04Z,4.214000,4.220000,4.206000,4.210000,4.216000,4.220000,4.206000,4.210000,changed
2026-02-05 17:20:00+00:00,2026-10-06T01:14:04Z,4.218000,4.220000,4.208000,4.212000,4.216000,4.218000,4.208000,4.212000,changed
2026-02-05 18:20:00+00:00,2026-10-06T01:14:04Z,4.216000,4.218000,4.204000,4.210000,4.212000,4.212000,4.204000,4.210000,changed
2026-02-05 19:20:00+00:00,2026-10-06T01:14:04Z,4.208000,4.210000,4.204000,4.210000,4.204000,4.210000,4.204000,4.210000,changed
2026-02-06 14:20:00+00:00,2026-10-06T01:14:04Z,4.204000,4.220000,4.194000,4.216000,4.198000,4.220000,4.194000,4.216000,changed
2026-02-06 15:20:00+00:00,2026-10-06T01:14:04Z,4.196000,4.224000,4.194000,4.218000,4.214000,4.222000,4.212000,4.218000,changed
2026-02-06 16:20:00+00:00,2026-10-06T01:14:04Z,4.220000,4.224000,4.212000,4.218000,4.216000,4.220000,4.216000,4.218000,changed
2026-02-06 17:20:00+00:00,2026-10-06T01:14:04Z,4.216000,4.220000,4.212000,4.216000,4.218000,4.220000,4.214000,4.216000,changed
2026-02-06 18:20:00+00:00,2026-10-06T01:14:04Z,4.218000,4.220000,4.208000,4.210000,4.214000,4.216000,4.208000,4.210000,changed
2026-02-06 19:20:00+00:00,2026-10-06T01:14:04Z,4.214000,4.214000,4.206000,4.206000,4.210000,4.212000,4.206000,4.206000,changed
2026-02-09 14:20:00+00:00,2026-10-06T01:14:04Z,4.218000,4.226000,4.210000,4.220000,4.220000,4.226000,4.210000,4.220000,changed
2026-02-09 15:20:00+00:00,2026-10-06T01:14:04Z,4.216000,4.226000,4.206000,4.208000,4.218000,4.222000,4.206000,4.208000,changed
2026-02-09 16:20:00+00:00,2026-10-06T01:14:04Z,4.214000,4.220000,4.206000,4.206000,4.212000,4.216000,4.206000,4.206000,changed
2026-02-09 17:20:00+00:00,2026-10-06T01:14:04Z,4.210000,4.216000,4.202000,4.206000,4.210000,4.212000,4.202000,4.206000,changed
2026-02-09 18:20:00+00:00,2026-10-06T01:14:04Z,4.204000,4.210000,4.200000,4.202000,4.206000,4.210000,4.200000,4.202000,changed
2026-02-09 19:20:00+00:00,2026-10-06T01:14:04Z,4.206000,4.206000,4.196000,4.198000,4.204000,4.204000,4.196000,4.198000,changed
2026-02-10 14:20:00+00:00,2026-10-06T01:14:04Z,4.159000,4.162000,4.139000,4.145000,4.164000,4.166000,4.139000,4.145000,changed
2026-02-10 15:20:00+00:00,2026-10-06T01:14:04Z,4.147000,4.149000,4.135000,4.139000,4.154000,4.154000,4.135000,4.139000,changed
2026-02-10 16:20:00+00:00,2026-10-06T01:14:04Z,4.141000,4.151000,4.135000,4.145000,4.145000,4.151000,4.135000,4.145000,changed
2026-02-10 17:20:00+00:00,2026-10-06T01:14:04Z,4.145000,4.153000,4.143000,4.149000,4.137000,4.153000,4.137000,4.149000,changed
2026-02-10 18:20:00+00:00,2026-10-06T01:14:04Z,4.149000,4.153000,4.149000,4.151000,4.143000,4.153000,4.143000,4.151000,changed
2026-02-10 19:20:00+00:00,2026-10-06T01:14:04Z,4.151000,4.153000,4.145000,4.147000,4.153000,4.153000,4.145000,4.147000,changed
2026-02-11 14:20:00+00:00,2026-10-06T01:14:04Z,4.202000,4.202000,4.168000,4.170000,4.176000,4.206000,4.168000,4.170000,changed
2026-02-11 15:20:00+00:00,2026-10-06T01:14:04Z,4.182000,4.184000,4.165000,4.170000,4.184000,4.188000,4.165000,4.170000,changed
2026-02-11 16:20:00+00:00,2026-10-06T01:14:04Z,4.174000,4.178000,4.149000,4.149000,4.165000,4.178000,4.149000,4.149000,changed
2026-02-11 17:20:00+00:00,2026-10-06T01:14:04Z,4.151000,4.174000,4.147000,4.172000,4.165000,4.174000,4.147000,4.172000,changed
2026-02-11 18:20:00+00:00,2026-10-06T01:14:04Z,4.155000,4.178000,4.153000,4.172000,4.155000,4.178000,4.151000,4.172000,changed
2026-02-11 19:20:00+00:00,2026-10-06T01:14:04Z,4.176000,4.178000,4.170000,4.172000,4.174000,4.178000,4.166000,4.172000,changed
2026-02-12 14:20:00+00:00,2026-10-06T01:14:04Z,4.158000,4.169000,4.146000,4.146000,4.162000,4.169000,4.146000,4.146000,changed
2026-02-12 15:20:00+00:00,2026-10-06T01:14:04Z,4.164000,4.165000,4.125000,4.127000,4.152000,4.152000,4.125000,4.127000,changed
2026-02-12 16:20:00+00:00,2026-10-06T01:14:04Z,4.146000,4.146000,4.119000,4.123000,4.140000,4.140000,4.119000,4.123000,changed
2026-02-12 17:20:00+00:00,2026-10-06T01:14:04Z,4.121000,4.131000,4.102000,4.102000,4.127000,4.131000,4.102000,4.102000,changed
2026-02-12 18:20:00+00:00,2026-10-06T01:14:04Z,4.129000,4.131000,4.100000,4.100000,4.127000,4.129000,4.100000,4.100000,changed
2026-02-12 19:20:00+00:00,2026-10-06T01:14:04Z,4.102000,4.110000,4.100000,4.104000,4.104000,4.110000,4.100000,4.104000,changed
2026-02-13 14:20:00+00:00,2026-10-06T01:14:04Z,4.100000,4.100000,4.050000,4.064000,4.087000,4.090000,4.050000,4.064000,changed
2026-02-13 15:20:00+00:00,2026-10-06T01:14:04Z,4.067000,4.071000,4.050000,4.062000,4.062000,4.069000,4.056000,4.062000,changed
2026-02-13 16:20:00+00:00,2026-10-06T01:14:04Z,4.067000,4.069000,4.046000,4.054000,4.064000,4.064000,4.046000,4.054000,changed
2026-02-13 17:20:00+00:00,2026-10-06T01:14:04Z,4.056000,4.066000,4.046000,4.064000,4.052000,4.066000,4.052000,4.064000,changed
2026-02-13 18:20:00+00:00,2026-10-06T01:14:04Z,4.056000,4.067000,4.056000,4.064000,4.064000,4.067000,4.060000,4.064000,changed
2026-02-13 19:20:00+00:00,2026-10-06T01:14:04Z,4.064000,4.067000,4.054000,4.056000,4.066000,4.066000,4.054000,4.056000,changed
2026-02-17 14:20:00+00:00,2026-10-06T01:14:04Z,4.041000,4.058000,4.041000,4.052000,4.029000,4.058000,4.025000,4.052000,changed
2026-02-17 15:20:00+00:00,2026-10-06T01:14:04Z,4.045000,4.056000,4.039000,4.056000,4.048000,4.058000,4.039000,4.056000,changed
2026-02-17 16:20:00+00:00,2026-10-06T01:14:04Z,4.045000,4.056000,4.045000,4.052000,4.048000,4.056000,4.039000,4.052000,changed
2026-02-17 17:20:00+00:00,2026-10-06T01:14:04Z,4.056000,4.060000,4.048000,4.056000,4.052000,4.060000,4.048000,4.056000,changed
2026-02-17 18:20:00+00:00,2026-10-06T01:14:04Z,4.056000,4.060000,4.054000,4.058000,4.052000,4.060000,4.048000,4.058000,changed
2026-02-17 19:20:00+00:00,2026-10-06T01:14:04Z,4.058000,4.060000,4.052000,4.052000,4.060000,4.060000,4.052000,4.052000,changed
2026-02-18 14:20:00+00:00,2026-10-06T01:14:04Z,4.075000,4.085000,4.075000,4.079000,4.067000,4.085000,4.064000,4.079000,changed
2026-02-18 15:20:00+00:00,2026-10-06T01:14:04Z,4.083000,4.085000,4.073000,4.077000,4.079000,4.085000,4.073000,4.077000,changed
2026-02-18 16:20:00+00:00,2026-10-06T01:14:04Z,4.077000,4.079000,4.071000,4.073000,4.083000,4.083000,4.071000,4.073000,changed
2026-02-18 18:20:00+00:00,2026-10-06T01:14:04Z,4.075000,4.088000,4.075000,4.079000,4.071000,4.088000,4.071000,4.079000,changed
2026-02-18 19:20:00+00:00,2026-10-06T01:14:04Z,4.085000,4.088000,4.079000,4.079000,4.081000,4.088000,4.079000,4.079000,changed
2026-02-19 14:20:00+00:00,2026-10-06T01:14:04Z,4.106000,4.106000,4.083000,4.088000,4.100000,4.102000,4.083000,4.088000,changed
2026-02-19 15:20:00+00:00,2026-10-06T01:14:04Z,4.092000,4.094000,4.083000,4.085000,4.088000,4.094000,4.083000,4.085000,changed
2026-02-19 16:20:00+00:00,2026-10-06T01:14:04Z,4.086000,4.094000,4.081000,4.083000,4.088000,4.088000,4.081000,4.083000,changed
2026-02-19 17:20:00+00:00,2026-10-06T01:14:04Z,4.085000,4.088000,4.075000,4.075000,4.085000,4.086000,4.075000,4.075000,changed
2026-02-19 18:20:00+00:00,2026-10-06T01:14:04Z,4.085000,4.086000,4.065000,4.069000,4.085000,4.085000,4.065000,4.069000,changed
2026-02-19 19:20:00+00:00,2026-10-06T01:14:04Z,4.073000,4.079000,4.065000,4.075000,4.069000,4.079000,4.065000,4.075000,changed
2026-02-20 14:20:00+00:00,2026-10-06T01:14:04Z,4.063000,4.104000,4.060000,4.096000,4.071000,4.104000,4.069000,4.096000,changed
2026-02-20 15:20:00+00:00,2026-10-06T01:14:04Z,4.071000,4.104000,4.071000,4.086000,4.077000,4.104000,4.075000,4.086000,changed
2026-02-20 16:20:00+00:00,2026-10-06T01:14:04Z,4.092000,4.098000,4.083000,4.088000,4.096000,4.098000,4.083000,4.088000,changed
2026-02-20 17:20:00+00:00,2026-10-06T01:14:04Z,4.085000,4.100000,4.085000,4.096000,4.096000,4.100000,4.086000,4.096000,changed
2026-02-20 18:20:00+00:00,2026-10-06T01:14:04Z,4.086000,4.100000,4.081000,4.085000,4.094000,4.100000,4.081000,4.085000,changed
2026-02-20 19:20:00+00:00,2026-10-06T01:14:04Z,4.092000,4.094000,4.081000,4.086000,4.088000,4.094000,4.085000,4.086000,changed
2026-02-23 14:20:00+00:00,2026-10-06T01:14:04Z,4.067000,4.069000,4.054000,4.056000,4.063000,4.067000,4.054000,4.056000,changed
2026-02-23 15:20:00+00:00,2026-10-06T01:14:04Z,4.065000,4.067000,4.029000,4.033000,4.060000,4.060000,4.029000,4.033000,changed
2026-02-23 16:20:00+00:00,2026-10-06T01:14:04Z,4.054000,4.056000,4.025000,4.027000,4.042000,4.044000,4.025000,4.027000,changed
2026-02-23 17:20:00+00:00,2026-10-06T01:14:04Z,4.033000,4.035000,4.018000,4.027000,4.029000,4.029000,4.018000,4.027000,changed
2026-02-23 18:20:00+00:00,2026-10-06T01:14:04Z,4.027000,4.029000,4.018000,4.025000,4.023000,4.027000,4.021000,4.025000,changed
2026-02-23 19:20:00+00:00,2026-10-06T01:14:04Z,4.027000,4.031000,4.021000,4.029000,4.023000,4.031000,4.023000,4.029000,changed
2026-02-25 14:20:00+00:00,2026-10-06T01:14:04Z,4.050000,4.058000,4.050000,4.050000,4.056000,4.058000,4.050000,4.050000,changed
2026-02-25 15:20:00+00:00,2026-10-06T01:14:04Z,4.056000,4.056000,4.044000,4.046000,4.056000,4.058000,4.044000,4.046000,changed
2026-02-25 16:20:00+00:00,2026-10-06T01:14:04Z,4.046000,4.048000,4.035000,4.037000,4.052000,4.052000,4.035000,4.037000,changed
2026-02-25 17:20:00+00:00,2026-10-06T01:14:04Z,4.042000,4.042000,4.035000,4.039000,4.044000,4.044000,4.035000,4.039000,changed
2026-02-25 18:20:00+00:00,2026-10-06T01:14:04Z,4.037000,4.048000,4.037000,4.048000,4.035000,4.048000,4.035000,4.048000,changed
2026-02-25 19:20:00+00:00,2026-10-06T01:14:04Z,4.046000,4.050000,4.044000,4.048000,4.040000,4.050000,4.040000,4.048000,changed
2026-02-27 14:20:00+00:00,2026-10-06T01:14:04Z,3.987000,3.994000,3.970000,3.981000,3.987000,3.987000,3.970000,3.981000,changed
2026-02-27 15:20:00+00:00,2026-10-06T01:14:04Z,3.977000,3.983000,3.970000,3.975000,3.975000,3.983000,3.974000,3.975000,changed
2026-02-27 16:20:00+00:00,2026-10-06T01:14:04Z,3.979000,3.983000,3.968000,3.975000,3.975000,3.977000,3.968000,3.975000,changed
2026-02-27 17:20:00+00:00,2026-10-06T01:14:04Z,3.974000,3.975000,3.966000,3.966000,3.970000,3.975000,3.966000,3.966000,changed
2026-02-27 18:20:00+00:00,2026-10-06T01:14:04Z,3.970000,3.975000,3.958000,3.958000,3.972000,3.972000,3.958000,3.958000,changed
2026-02-27 19:20:00+00:00,2026-10-06T01:14:04Z,3.968000,3.968000,3.956000,3.962000,3.964000,3.964000,3.956000,3.962000,changed
2026-02-02 18:20:00+00:00,2026-10-06T03:29:43Z,4.271000,4.275000,4.271000,4.275000,4.263000,4.277000,4.261000,4.277000,changed
2026-02-02 19:20:00+00:00,2026-10-06T03:29:43Z,4.275000,4.279000,4.269000,4.275000,4.273000,4.279000,4.269000,4.275000,changed
2026-02-03 14:20:00+00:00,2026-10-06T03:29:43Z,4.292000,4.300000,4.282000,4.284000,4.293000,4.300000,4.282000,4.284000,changed
2026-02-03 15:20:00+00:00,2026-10-06T03:29:43Z,4.292000,4.293000,4.279000,4.287000,4.284000,4.293000,4.279000,4.287000,changed
2026-02-03 16:20:00+00:00,2026-10-06T03:29:43Z,4.285000,4.293000,4.278000,4.285000,4.292000,4.293000,4.278000,4.285000,changed
2026-02-03 18:20:00+00:00,2026-10-06T03:29:43Z,4.290000,4.293000,4.266000,4.271000,4.290000,4.292000,4.266000,4.271000,changed
2026-02-03 19:20:00+00:00,2026-10-06T03:29:43Z,4.284000,4.284000,4.266000,4.274000,4.268000,4.278000,4.266000,4.274000,changed
2026-02-04 14:20:00+00:00,2026-10-06T03:29:43Z,4.271000,4.290000,4.269000,4.271000,4.282000,4.290000,4.269000,4.271000,changed
2026-02-04 15:20:00+00:00,2026-10-06T03:29:43Z,4.284000,4.290000,4.269000,4.271000,4.287000,4.287000,4.269000,4.271000,changed
2026-02-04 17:20:00+00:00,2026-10-06T03:29:43Z,4.278000,4.279000,4.261000,4.271000,4.275000,4.275000,4.261000,4.271000,changed
2026-02-04 18:20:00+00:00,2026-10-06T03:29:43Z,4.263000,4.279000,4.261000,4.279000,4.271000,4.279000,4.268000,4.279000,changed
2026-02-04 19:20:00+00:00,2026-10-06T03:29:43Z,4.275000,4.279000,4.268000,4.275000,4.269000,4.279000,4.269000,4.275000,changed
2026-02-05 14:20:00+00:00,2026-10-06T03:29:43Z,4.232000,4.250000,4.222000,4.222000,4.246000,4.250000,4.222000,4.222000,changed
2026-02-05 15:20:00+00:00,2026-10-06T03:29:43Z,4.234000,4.236000,4.206000,4.210000,4.236000,4.250000,4.206000,4.210000,changed
2026-02-05 16:20:00+00:00,2026-10-06T03:29:43Z,4.216000,4.220000,4.206000,4.210000,4.214000,4.220000,4.206000,4.210000,changed
2026-02-05 17:20:00+00:00,2026-10-06T03:29:43Z,4.216000,4.218000,4.208000,4.212000,4.218000,4.220000,4.208000,4.212000,changed
2026-02-05 18:20:00+00:00,2026-10-06T03:29:43Z,4.212000,4.212000,4.204000,4.210000,4.216000,4.218000,4.204000,4.210000,changed
2026-02-05 19:20:00+00:00,2026-10-06T03:29:43Z,4.204000,4.210000,4.204000,4.210000,4.208000,4.210000,4.204000,4.210000,changed
2026-02-06 14:20:00+00:00,2026-10-06T03:29:43Z,4.198000,4.220000,4.194000,4.216000,4.204000,4.220000,4.194000,4.216000,changed
2026-02-06 15:20:00+00:00,2026-10-06T03:29:43Z,4.214000,4.222000,4.212000,4.218000,4.196000,4.224000,4.194000,4.218000,changed
2026-02-06 16:20:00+00:00,2026-10-06T03:29:43Z,4.216000,4.220000,4.216000,4.218000,4.220000,4.224000,4.212000,4.218000,changed
2026-02-06 17:20:00+00:00,2026-10-06T03:29:43Z,4.218000,4.220000,4.214000,4.216000,4.216000,4.220000,4.212000,4.216000,changed
2026-02-06 18:20:00+00:00,2026-10-06T03:29:43Z,4.214000,4.216000,4.208000,4.210000,4.218000,4.220000,4.208000,4.210000,changed
2026-02-06 19:20:00+00:00,2026-10-06T03:29:43Z,4.210000,4.212000,4.206000,4.206000,4.214000,4.214000,4.206000,4.206000,changed
2026-02-09 14:20:00+00:00,2026-10-06T03:29:43Z,4.220000,4.226000,4.210000,4.220000,4.218000,4.226000,4.210000,4.220000,changed
2026-02-09 15:20:00+00:00,2026-10-06T03:29:43Z,4.218000,4.222000,4.206000,4.208000,4.216000,4.226000,4.206000,4.208000,changed
2026-02-09 16:20:00+00:00,2026-10-06T03:29:43Z,4.212000,4.216000,4.206000,4.206000,4.214000,4.220000,4.206000,4.206000,changed
2026-02-09 17:20:00+00:00,2026-10-06T03:29:43Z,4.210000,4.212000,4.202000,4.206000,4.210000,4.216000,4.202000,4.206000,changed
2026-02-09 18:20:00+00:00,2026-10-06T03:29:43Z,4.206000,4.210000,4.200000,4.202000,4.204000,4.210000,4.200000,4.202000,changed
2026-02-09 19:20:00+00:00,2026-10-06T03:29:43Z,4.204000,4.204000,4.196000,4.198000,4.206000,4.206000,4.196000,4.198000,changed
2026-02-10 14:20:00+00:00,2026-10-06T03:29:43Z,4.164000,4.166000,4.139000,4.145000,4.159000,4.162000,4.139000,4.145000,changed
2026-02-10 15:20:00+00:00,2026-10-06T03:29:43Z,4.154000,4.154000,4.135000,4.139000,4.147000,4.149000,4.135000,4.139000,changed
2026-02-10 16:20:00+00:00,2026-10-06T03:29:43Z,4.145000,4.151000,4.135000,4.145000,4.141000,4.151000,4.135000,4.145000,changed
2026-02-10 17:20:00+00:00,2026-10-06T03:29:43Z,4.137000,4.153000,4.137000,4.149000,4.145000,4.153000,4.143000,4.149000,changed
2026-02-10 18:20:00+00:00,2026-10-06T03:29:43Z,4.143000,4.153000,4.143000,4.151000,4.149000,4.153000,4.149000,4.151000,changed
2026-02-10 19:20:00+00:00,2026-10-06T03:29:43Z,4.153000,4.153000,4.145000,4.147000,4.151000,4.153000,4.145000,4.147000,changed
2026-02-11 14:20:00+00:00,2026-10-06T03:29:43Z,4.176000,4.206000,4.168000,4.170000,4.202000,4.202000,4.168000,4.170000,changed
2026-02-11 15:20:00+00:00,2026-10-06T03:29:43Z,4.184000,4.188000,4.165000,4.170000,4.182000,4.184000,4.165000,4.170000,changed
2026-02-11 16:20:00+00:00,2026-10-06T03:29:43Z,4.165000,4.178000,4.149000,4.149000,4.174000,4.178000,4.149000,4.149000,changed
2026-02-11 17:20:00+00:00,2026-10-06T03:29:43Z,4.165000,4.174000,4.147000,4.172000,4.151000,4.174000,4.147000,4.172000,changed
2026-02-11 18:20:00+00:00,2026-10-06T03:29:43Z,4.155000,4.178000,4.151000,4.172000,4.155000,4.178000,4.153000,4.172000,changed
2026-02-11 19:20:00+00:00,2026-10-06T03:29:43Z,4.174000,4.178000,4.166000,4.172000,4.176000,4.178000,4.170000,4.172000,changed
2026-02-12 14:20:00+00:00,2026-10-06T03:29:43Z,4.162000,4.169000,4.146000,4.146000,4.158000,4.169000,4.146000,4.146000,changed
2026-02-12 15:20:00+00:00,2026-10-06T03:29:43Z,4.152000,4.152000,4.125000,4.127000,4.164000,4.165000,4.125000,4.127000,changed
2026-02-12 16:20:00+00:00,2026-10-06T03:29:43Z,4.140000,4.140000,4.119000,4.123000,4.146000,4.146000,4.119000,4.123000,changed
2026-02-12 17:20:00+00:00,2026-10-06T03:29:43Z,4.127000,4.131000,4.102000,4.102000,4.121000,4.131000,4.102000,4.102000,changed
2026-02-12 18:20:00+00:00,2026-10-06T03:29:43Z,4.127000,4.129000,4.100000,4.100000,4.129000,4.131000,4.100000,4.100000,changed
2026-02-12 19:20:00+00:00,2026-10-06T03:29:43Z,4.104000,4.110000,4.100000,4.104000,4.102000,4.110000,4.100000,4.104000,changed
2026-02-13 14:20:00+00:00,2026-10-06T03:29:43Z,4.087000,4.090000,4.050000,4.064000,4.100000,4.100000,4.050000,4.064000,changed
2026-02-13 15:20:00+00:00,2026-10-06T03:29:43Z,4.062000,4.069000,4.056000,4.062000,4.067000,4.071000,4.050000,4.062000,changed
2026-02-13 16:20:00+00:00,2026-10-06T03:29:43Z,4.064000,4.064000,4.046000,4.054000,4.067000,4.069000,4.046000,4.054000,changed
2026-02-13 17:20:00+00:00,2026-10-06T03:29:43Z,4.052000,4.066000,4.052000,4.064000,4.056000,4.066000,4.046000,4.064000,changed
2026-02-13 18:20:00+00:00,2026-10-06T03:29:43Z,4.064000,4.067000,4.060000,4.064000,4.056000,4.067000,4.056000,4.064000,changed
2026-02-13 19:20:00+00:00,2026-10-06T03:29:43Z,4.066000,4.066000,4.054000,4.056000,4.064000,4.067000,4.054000,4.056000,changed
2026-02-17 14:20:00+00:00,2026-10-06T03:29:43Z,4.029000,4.058000,4.025000,4.052000,4.041000,4.058000,4.041000,4.052000,changed
2026-02-17 15:20:00+00:00,2026-10-06T03:29:43Z,4.048000,4.058000,4.039000,4.056000,4.045000,4.056000,4.039000,4.056000,changed
2026-02-17 16:20:00+00:00,2026-10-06T03:29:43Z,4.048000,4.056000,4.039000,4.052000,4.045000,4.056000,4.045000,4.052000,changed
2026-02-17 17:20:00+00:00,2026-10-06T03:29:43Z,4.052000,4.060000,4.048000,4.056000,4.056000,4.060000,4.048000,4.056000,changed
2026-02-17 18:20:00+00:00,2026-10-06T03:29:43Z,4.052000,4.060000,4.048000,4.058000,4.056000,4.060000,4.054000,4.058000,changed
2026-02-17 19:20:00+00:00,2026-10-06T03:29:43Z,4.060000,4.060000,4.052000,4.052000,4.058000,4.060000,4.052000,4.052000,changed
2026-02-18 14:20:00+00:00,2026-10-06T03:29:43Z,4.067000,4.085000,4.064000,4.079000,4.075000,4.085000,4.075000,4.079000,changed
2026-02-18 15:20:00+00:00,2026-10-06T03:29:43Z,4.079000,4.085000,4.073000,4.077000,4.083000,4.085000,4.073000,4.077000,changed
2026-02-18 16:20:00+00:00,2026-10-06T03:29:43Z,4.083000,4.083000,4.071000,4.073000,4.077000,4.079000,4.071000,4.073000,changed
2026-02-18 18:20:00+00:00,2026-10-06T03:29:43Z,4.071000,4.088000,4.071000,4.079000,4.075000,4.088000,4.075000,4.079000,changed
2026-02-18 19:20:00+00:00,2026-10-06T03:29:43Z,4.081000,4.088000,4.079000,4.079000,4.085000,4.088000,4.079000,4.079000,changed
2026-02-19 14:20:00+00:00,2026-10-06T03:29:43Z,4.100000,4.102000,4.083000,4.088000,4.106000,4.106000,4.083000,4.088000,changed
2026-02-19 15:20:00+00:00,2026-10-06T03:29:43Z,4.088000,4.094000,4.083000,4.085000,4.092000,4.094000,4.083000,4.085000,changed
2026-02-19 16:20:00+00:00,2026-10-06T03:29:43Z,4.088000,4.088000,4.081000,4.083000,4.086000,4.094000,4.081000,4.083000,changed
2026-02-19 17:20:00+00:00,2026-10-06T03:29:43Z,4.085000,4.086000,4.075000,4.075000,4.085000,4.088000,4.075000,4.075000,changed
2026-02-19 18:20:00+00:00,2026-10-06T03:29:43Z,4.085000,4.085000,4.065000,4.069000,4.085000,4.086000,4.065000,4.069000,changed
2026-02-19 19:20:00+00:00,2026-10-06T03:29:43Z,4.069000,4.079000,4.065000,4.075000,4.073000,4.079000,4.065000,4.075000,changed
2026-02-20 14:20:00+00:00,2026-10-06T03:29:43Z,4.071000,4.104000,4.069000,4.096000,4.063000,4.104000,4.060000,4.096000,changed
2026-02-20 15:20:00+00:00,2026-10-06T03:29:43Z,4.077000,4.104000,4.075000,4.086000,4.071000,4.104000,4.071000,4.086000,changed
2026-02-20 16:20:00+00:00,2026-10-06T03:29:43Z,4.096000,4.098000,4.083000,4.088000,4.092000,4.098000,4.083000,4.088000,changed
2026-02-20 17:20:00+00:00,2026-10-06T03:29:43Z,4.096000,4.100000,4.086000,4.096000,4.085000,4.100000,4.085000,4.096000,changed
2026-02-20 18:20:00+00:00,2026-10-06T03:29:43Z,4.094000,4.100000,4.081000,4.085000,4.086000,4.100000,4.081000,4.085000,changed
2026-02-20 19:20:00+00:00,2026-10-06T03:29:43Z,4.088000,4.094000,4.085000,4.086000,4.092000,4.094000,4.081000,4.086000,changed
2026-02-23 14:20:00+00:00,2026-10-06T03:29:43Z,4.063000,4.067000,4.054000,4.056000,4.067000,4.069000,4.054000,4.056000,changed
2026-02-23 15:20:00+00:00,2026-10-06T03:29:43Z,4.060000,4.060000,4.029000,4.033000,4.065000,4.067000,4.029000,4.033000,changed
2026-02-23 16:20:00+00:00,2026-10-06T03:29:43Z,4.042000,4.044000,4.025000,4.027000,4.054000,4.056000,4.025000,4.027000,changed
2026-02-23 17:20:00+00:00,2026-10-06T03:29:43Z,4.029000,4.029000,4.018000,4.027000,4.033000,4.035000,4.018000,4.027000,changed
2026-02-23 18:20:00+00:00,2026-10-06T03:29:43Z,4.023000,4.027000,4.021000,4.025000,4.027000,4.029000,4.018000,4.025000,changed
2026-02-23 19:20:00+00:00,2026-10-06T03:29:43Z,4.023000,4.031000,4.023000,4.029000,4.027000,4.031000,4.021000,4.029000,changed
2026-02-25 14:20:00+00:00,2026-10-06T03:29:43Z,4.056000,4.058000,4.050000,4.050000,4.050000,4.058000,4.050000,4.050000,changed
2026-02-25 15:20:00+00:00,2026-10-06T03:29:43Z,4.056000,4.058000,4.044000,4.046000,4.056000,4.056000,4.044000,4.046000,changed
2026-02-25 16:20:00+00:00,2026-10-06T03:29:43Z,4.052000,4.052000,4.035000,4.037000,4.046000,4.048000,4.035000,4.037000,changed
2026-02-25 17:20:00+00:00,2026-10-06T03:29:43Z,4.044000,4.044000,4.035000,4.039000,4.042000,4.042000,4.035000,4.039000,changed
2026-02-25 18:20:00+00:00,2026-10-06T03:29:43Z,4.035000,4.048000,4.035000,4.048000,4.037000,4.048000,4.037000,4.048000,changed
2026-02-25 19:20:00+00:00,2026-10-06T03:29:43Z,4.040000,4.050000,4.040000,4.048000,4.046000,4.050000,4.044000,4.048000,changed
2026-02-27 14:20:00+00:00,2026-10-06T03:29:43Z,3.987000,3.987000,3.970000,3.981000,3.987000,3.994000,3.970000,3.981000,changed
2026-02-27 15:20:00+00:00,2026-10-06T03:29:43Z,3.975000,3.983000,3.974000,3.975000,3.977000,3.983000,3.970000,3.975000,changed
2026-02-27 16:20:00+00:00,2026-10-06T03:29:43Z,3.975000,3.977000,3.968000,3.975000,3.979000,3.983000,3.968000,3.975000,changed
2026-02-27 17:20:00+00:00,2026-10-06T03:29:43Z,3.970000,3.975000,3.966000,3.966000,3.974000,3.975000,3.966000,3.966000,changed
2026-02-27 18:20:00+00:00,2026-10-06T03:29:43Z,3.972000,3.972000,3.958000,3.958000,3.970000,3.975000,3.958000,3.958000,changed
2026-02-27 19:20:00+00:00,2026-10-06T03:29:43Z,3.964000,3.964000,3.956000,3.962000,3.968000,3.968000,3.956000,3.962000,changed
2026-02-02 18:20:00+00:00,2026-10-06T03:44:56Z,4.263000,4.277000,4.261000,4.277000,4.271000,4.275000,4.271000,4.275000,changed
2026-02-02 19:20:00+00:00,2026-10-06T03:44:56Z,4.273000,4.279000,4.269000,4.275000,4.275000,4.279000,4.269000,4.275000,changed
2026-02-03 14:20:00+00:00,2026-10-06T03:44:56Z,4.293000,4.300000,4.282000,4.284000,4.292000,4.300000,4.282000,4.284000,changed
2026-02-03 15:20:00+00:00,2026-10-06T03:44:56Z,4.284000,4.293000,4.279000,4.287000,4.292000,4.293000,4.279000,4.287000,changed
2026-02-03 16:20:00+00:00,2026-10-06T03:44:56Z,4.292000,4.293000,4.278000,4.285000,4.285000,4.293000,4.278000,4.285000,changed
2026-02-03 18:20:00+00:00,2026-10-06T03:44:56Z,4.290000,4.292000,4.266000,4.271000,4.290000,4.293000,4.266000,4.271000,changed
2026-02-03 19:20:00+00:00,2026-10-06T03:44:56Z,4.268000,4.278000,4.266000,4.274000,4.284000,4.284000,4.266000,4.274000,changed
2026-02-04 14:20:00+00:00,2026-10-06T03:44:56Z,4.282000,4.290000,4.269000,4.271000,4.271000,4.290000,4.269000,4.271000,changed
2026-02-04 15:20:00+00:00,2026-10-06T03:44:56Z,4.287000,4.287000,4.269000,4.271000,4.284000,4.290000,4.269000,4.271000,changed
2026-02-04 17:20:00+00:00,2026-10-06T03:44:56Z,4.275000,4.275000,4.261000,4.271000,4.278000,4.279000,4.261000,4.271000,changed
2026-02-04 18:20:00+00:00,2026-10-06T03:44:56Z,4.271000,4.279000,4.268000,4.279000,4.263000,4.279000,4.261000,4.279000,changed
2026-02-04 19:20:00+00:00,2026-10-06T03:44:56Z,4.269000,4.279000,4.269000,4.275000,4.275000,4.279000,4.268000,4.275000,changed
2026-02-05 14:20:00+00:00,2026-10-06T03:44:56Z,4.246000,4.250000,4.222000,4.222000,4.232000,4.250000,4.222000,4.222000,changed
2026-02-05 15:20:00+00:00,2026-10-06T03:44:56Z,4.236000,4.250000,4.206000,4.210000,4.234000,4.236000,4.206000,4.210000,changed
2026-02-05 16:20:00+00:00,2026-10-06T03:44:56Z,4.214000,4.220000,4.206000,4.210000,4.216000,4.220000,4.206000,4.210000,changed
2026-02-05 17:20:00+00:00,2026-10-06T03:44:56Z,4.218000,4.220000,4.208000,4.212000,4.216000,4.218000,4.208000,4.212000,changed
2026-02-05 18:20:00+00:00,2026-10-06T03:44:56Z,4.216000,4.218000,4.204000,4.210000,4.212000,4.212000,4.204000,4.210000,changed
2026-02-05 19:20:00+00:00,2026-10-06T03:44:56Z,4.208000,4.210000,4.204000,4.210000,4.204000,4.210000,4.204000,4.210000,changed
2026-02-06 14:20:00+00:00,2026-10-06T03:44:56Z,4.204000,4.220000,4.194000,4.216000,4.198000,4.220000,4.194000,4.216000,changed
2026-02-06 15:20:00+00:00,2026-10-06T03:44:56Z,4.196000,4.224000,4.194000,4.218000,4.214000,4.222000,4.212000,4.218000,changed
2026-02-06 16:20:00+00:00,2026-10-06T03:44:56Z,4.220000,4.224000,4.212000,4.218000,4.216000,4.220000,4.216000,4.218000,changed
2026-02-06 17:20:00+00:00,2026-10-06T03:44:56Z,4.216000,4.220000,4.212000,4.216000,4.218000,4.220000,4.214000,4.216000,changed
2026-02-06 18:20:00+00:00,2026-10-06T03:44:56Z,4.218000,4.220000,4.208000,4.210000,4.214000,4.216000,4.208000,4.210000,changed
2026-02-06 19:20:00+00:00,2026-10-06T03:44:56Z,4.214000,4.214000,4.206000,4.206000,4.210000,4.212000,4.206000,4.206000,changed
2026-02-09 14:20:00+00:00,2026-10-06T03:44:56Z,4.218000,4.226000,4.210000,4.220000,4.220000,4.226000,4.210000,4.220000,changed
2026-02-09 15:20:00+00:00,2026-10-06T03:44:56Z,4.216000,4.226000,4.206000,4.208000,4.218000,4.222000,4.206000,4.208000,changed
2026-02-09 16:20:00+00:00,2026-10-06T03:44:56Z,4.214000,4.220000,4.206000,4.206000,4.212000,4.216000,4.206000,4.206000,changed
2026-02-09 17:20:00+00:00,2026-10-06T03:44:56Z,4.210000,4.216000,4.202000,4.206000,4.210000,4.212000,4.202000,4.206000,changed
2026-02-09 18:20:00+00:00,2026-10-06T03:44:56Z,4.204000,4.210000,4.200000,4.202000,4.206000,4.210000,4.200000,4.202000,changed
2026-02-09 19:20:00+00:00,2026-10-06T03:44:56Z,4.206000,4.206000,4.196000,4.198000,4.204000,4.204000,4.196000,4.198000,changed
2026-02-10 14:20:00+00:00,2026-10-06T03:44:56Z,4.159000,4.162000,4.139000,4.145000,4.164000,4.166000,4.139000,4.145000,changed
2026-02-10 15:20:00+00:00,2026-10-06T03:44:56Z,4.147000,4.149000,4.135000,4.139000,4.154000,4.154000,4.135000,4.139000,changed
2026-02-10 16:20:00+00:00,2026-10-06T03:44:56Z,4.141000,4.151000,4.135000,4.145000,4.145000,4.151000,4.135000,4.145000,changed
2026-02-10 17:20:00+00:00,2026-10-06T03:44:56Z,4.145000,4.153000,4.143000,4.149000,4.137000,4.153000,4.137000,4.149000,changed
2026-02-10 18:20:00+00:00,2026-10-06T03:44:56Z,4.149000,4.153000,4.149000,4.151000,4.143000,4.153000,4.143000,4.151000,changed
2026-02-10 19:20:00+00:00,2026-10-06T03:44:56Z,4.151000,4.153000,4.145000,4.147000,4.153000,4.153000,4.145000,4.147000,changed
2026-02-11 14:20:00+00:00,2026-10-06T03:44:56Z,4.202000,4.202000,4.168000,4.170000,4.176000,4.206000,4.168000,4.170000,changed
2026-02-11 15:20:00+00:00,2026-10-06T03:44:56Z,4.182000,4.184000,4.165000,4.170000,4.184000,4.188000,4.165000,4.170000,changed
2026-02-11 16:20:00+00:00,2026-10-06T03:44:56Z,4.174000,4.178000,4.149000,4.149000,4.165000,4.178000,4.149000,4.149000,changed
2026-02-11 17:20:00+00:00,2026-10-06T03:44:56Z,4.151000,4.174000,4.147000,4.172000,4.165000,4.174000,4.147000,4.172000,changed
2026-02-11 18:20:00+00:00,2026-10-06T03:44:56Z,4.155000,4.178000,4.153000,4.172000,4.155000,4.178000,4.151000,4.172000,changed
2026-02-11 19:20:00+00:00,2026-10-06T03:44:56Z,4.176000,4.178000,4.170000,4.172000,4.174000,4.178000,4.166000,4.172000,changed
2026-02-12 14:20:00+00:00,2026-10-06T03:44:56Z,4.158000,4.169000,4.146000,4.146000,4.162000,4.169000,4.146000,4.146000,changed
2026-02-12 15:20:00+00:00,2026-10-06T03:44:56Z,4.164000,4.165000,4.125000,4.127000,4.152000,4.152000,4.125000,4.127000,changed
2026-02-12 16:20:00+00:00,2026-10-06T03:44:56Z,4.146000,4.146000,4.119000,4.123000,4.140000,4.140000,4.119000,4.123000,changed
2026-02-12 17:20:00+00:00,2026-10-06T03:44:56Z,4.121000,4.131000,4.102000,4.102000,4.127000,4.131000,4.102000,4.102000,changed
2026-02-12 18:20:00+00:00,2026-10-06T03:44:56Z,4.129000,4.131000,4.100000,4.100000,4.127000,4.129000,4.100000,4.100000,changed
2026-02-12 19:20:00+00:00,2026-10-06T03:44:56Z,4.102000,4.110000,4.100000,4.104000,4.104000,4.110000,4.100000,4.104000,changed
2026-02-13 14:20:00+00:00,2026-10-06T03:44:56Z,4.100000,4.100000,4.050000,4.064000,4.087000,4.090000,4.050000,4.064000,changed
2026-02-13 15:20:00+00:00,2026-10-06T03:44:56Z,4.067000,4.071000,4.050000,4.062000,4.062000,4.069000,4.056000,4.062000,changed
2026-02-13 16:20:00+00:00,2026-10-06T03:44:56Z,4.067000,4.069000,4.046000,4.054000,4.064000,4.064000,4.046000,4.054000,changed
2026-02-13 17:20:00+00:00,2026-10-06T03:44:56Z,4.056000,4.066000,4.046000,4.064000,4.052000,4.066000,4.052000,4.064000,changed
2026-02-13 18:20:00+00:00,2026-10-06T03:44:56Z,4.056000,4.067000,4.056000,4.064000,4.064000,4.067000,4.060000,4.064000,changed
2026-02-13 19:20:00+00:00,2026-10-06T03:44:56Z,4.064000,4.067000,4.054000,4.056000,4.066000,4.066000,4.054000,4.056000,changed
2026-02-17 14:20:00+00:00,2026-10-06T03:44:56Z,4.041000,4.058000,4.041000,4.052000,4.029000,4.058000,4.025000,4.052000,changed
2026-02-17 15:20:00+00:00,2026-10-06T03:44:56Z,4.045000,4.056000,4.039000,4.056000,4.048000,4.058000,4.039000,4.056000,changed
2026-02-17 16:20:00+00:00,2026-10-06T03:44:56Z,4.045000,4.056000,4.045000,4.052000,4.048000,4.056000,4.039000,4.052000,changed
2026-02-17 17:20:00+00:00,2026-10-06T03:44:56Z,4.056000,4.060000,4.048000,4.056000,4.052000,4.060000,4.048000,4.056000,changed
2026-02-17 18:20:00+00:00,2026-10-06T03:44:56Z,4.056000,4.060000,4.054000,4.058000,4.052000,4.060000,4.048000,4.058000,changed
2026-02-17 19:20:00+00:00,2026-10-06T03:44:56Z,4.058000,4.060000,4.052000,4.052000,4.060000,4.060000,4.052000,4.052000,changed
2026-02-18 14:20:00+00:00,2026-10-06T03:44:56Z,4.075000,4.085000,4.075000,4.079000,4.067000,4.085000,4.064000,4.079000,changed
2026-02-18 15:20:00+00:00,2026-10-06T03:44:56Z,4.083000,4.085000,4.073000,4.077000,4.079000,4.085000,4.073000,4.077000,changed
2026-02-18 16:20:00+00:00,2026-10-06T03:44:56Z,4.077000,4.079000,4.071000,4.073000,4.083000,4.083000,4.071000,4.073000,changed
2026-02-18 18:20:00+00:00,2026-10-06T03:44:56Z,4.075000,4.088000,4.075000,4.079000,4.071000,4.088000,4.071000,4.079000,changed
2026-02-18 19:20:00+00:00,2026-10-06T03:44:56Z,4.085000,4.088000,4.079000,4.079000,4.081000,4.088000,4.079000,4.079000,changed
2026-02-19 14:20:00+00:00,2026-10-06T03:44:56Z,4.106000,4.106000,4.083000,4.088000,4.100000,4.102000,4.083000,4.088000,changed
2026-02-19 15:20:00+00:00,2026-10-06T03:44:56Z,4.092000,4.094000,4.083000,4.085000,4.088000,4.094000,4.083000,4.085000,changed
2026-02-19 16:20:00+00:00,2026-10-06T03:44:56Z,4.086000,4.094000,4.081000,4.083000,4.088000,4.088000,4.081000,4.083000,changed
2026-02-19 17:20:00+00:00,2026-10-06T03:44:56Z,4.085000,4.088000,4.075000,4.075000,4.085000,4.086000,4.075000,4.075000,changed
2026-02-19 18:20:00+00:00,2026-10-06T03:44:56Z,4.085000,4.086000,4.065000,4.069000,4.085000,4.085000,4.065000,4.069000,changed
2026-02-19 19:20:00+00:00,2026-10-06T03:44:56Z,4.073000,4.079000,4.065000,4.075000,4.069000,4.079000,4.065000,4.075000,changed
2026-02-20 14:20:00+00:00,2026-10-06T03:44:56Z,4.063000,4.104000,4.060000,4.096000,4.071000,4.104000,4.069000,4.096000,changed
2026-02-20 15:20:00+00:00,2026-10-06T03:44:56Z,4.071000,4.104000,4.071000,4.086000,4.077000,4.104000,4.075000,4.086000,changed
2026-02-20 16:20:00+00:00,2026-10-06T03:44:56Z,4.092000,4.098000,4.083000,4.088000,4.096000,4.098000,4.083000,4.088000,changed
2026-02-20 17:20:00+00:00,2026-10-06T03:44:56Z,4.085000,4.100000,4.085000,4.096000,4.096000,4.100000,4.086000,4.096000,changed
2026-02-20 18:20:00+00:00,2026-10-06T03:44:56Z,4.086000,4.100000,4.081000,4.085000,4.094000,4.100000,4.081000,4.085000,changed
2026-02-20 19:20:00+00:00,2026-10-06T03:44:56Z,4.092000,4.094000,4.081000,4.086000,4.088000,4.094000,4.085000,4.086000,changed
2026-02-23 14:20:00+00:00,2026-10-06T03:44:56Z,4.067000,4.069000,4.054000,4.056000,4.063000,4.067000,4.054000,4.056000,changed
2026-02-23 15:20:00+00:00,2026-10-06T03:44:56Z,4.065000,4.067000,4.029000,4.033000,4.060000,4.060000,4.029000,4.033000,changed
2026-02-23 16:20:00+00:00,2026-10-06T03:44:56Z,4.054000,4.056000,4.025000,4.027000,4.042000,4.044000,4.025000,4.027000,changed
2026-02-23 17:20:00+00:00,2026-10-06T03:44:56Z,4.033000,4.035000,4.018000,4.027000,4.029000,4.029000,4.018000,4.027000,changed
2026-02-23 18:20:00+00:00,2026-10-06T03:44:56Z,4.027000,4.029000,4.018000,4.025000,4.023000,4.027000,4.021000,4.025000,changed
2026-02-23 19:20:00+00:00,2026-10-06T03:44:56Z,4.027000,4.031000,4.021000,4.029000,4.023000,4.031000,4.023000,4.029000,changed
2026-02-25 14:20:00+00:00,2026-10-06T03:44:56Z,4.050000,4.058000,4.050000,4.050000,4.056000,4.058000,4.050000,4.050000,changed
2026-02-25 15:20:00+00:00,2026-10-06T03:44:56Z,4.056000,4.056000,4.044000,4.046000,4.056000,4.058000,4.044000,4.046000,changed
2026-02-25 16:20:00+00:00,2026-10-06T03:44:56Z,4.046000,4.048000,4.035000,4.037000,4.052000,4.052000,4.035000,4.037000,changed
2026-02-25 17:20:00+00:00,2026-10-06T03:44:56Z,4.042000,4.042000,4.035000,4.039000,4.044000,4.044000,4.035000,4.039000,changed
2026-02-25 18:20:00+00:00,2026-10-06T03:44:56Z,4.037000,4.048000,4.037000,4.048000,4.035000,4.048000,4.035000,4.048000,changed
2026-02-25 19:20:00+00:00,2026-10-06T03:44:56Z,4.046000,4.050000,4.044000,4.048000,4.040000,4.050000,4.040000,4.048000,changed
2026-02-27 14:20:00+00:00,2026-10-06T03:44:56Z,3.987000,3.994000,3.970000,3.981000,3.987000,3.987000,3.970000,3.981000,changed
2026-02-27 15:20:00+00:00,2026-10-06T03:44:56Z,3.977000,3.983000,3.970000,3.975000,3.975000,3.983000,3.974000,3.975000,changed
2026-02-27 16:20:00+00:00,2026-10-06T03:44:56Z,3.979000,3.983000,3.968000,3.975000,3.975000,3.977000,3.968000,3.975000,changed
2026-02-27 17:20:00+00:00,2026-10-06T03:44:56Z,3.974000,3.975000,3.966000,3.966000,3.970000,3.975000,3.966000,3.966000,changed
2026-02-27 18:20:00+00:00,2026-10-06T03:44:56Z,3.970000,3.975000,3.958000,3.958000,3.972000,3.972000,3.958000,3.958000,changed
2026-02-27 19:20:00+00:00,2026-10-06T03:44:56Z,3.968000,3.968000,3.956000,3.962000,3.964000,3.964000,3.956000,3.962000,changed
2026-02-02 18:20:00+00:00,2026-10-06T05:29:54Z,4.271000,4.275000,4.271000,4.275000,4.263000,4.277000,4.261000,4.277000,changed
2026-02-02 19:20:00+00:00,2026-10-06T05:29:54Z,4.275000,4.279000,4.269000,4.275000,4.273000,4.279000,4.269000,4.275000,changed
2026-02-03 14:20:00+00:00,2026-10-06T05:29:54Z,4.292000,4.300000,4.282000,4.284000,4.293000,4.300000,4.282000,4.284000,changed
2026-02-03 15:20:00+00:00,2026-10-06T05:29:54Z,4.292000,4.293000,4.279000,4.287000,4.284000,4.293000,4.279000,4.287000,changed
2026-02-03 16:20:00+00:00,2026-10-06T05:29:54Z,4.285000,4.293000,4.278000,4.285000,4.292000,4.293000,4.278000,4.285000,changed
2026-02-03 18:20:00+00:00,2026-10-06T05:29:54Z,4.290000,4.293000,4.266000,4.271000,4.290000,4.292000,4.266000,4.271000,changed
2026-02-03 19:20:00+00:00,2026-10-06T05:29:54Z,4.284000,4.284000,4.266000,4.274000,4.268000,4.278000,4.266000,4.274000,changed
2026-02-04 14:20:00+00:00,2026-10-06T05:29:54Z,4.271000,4.290000,4.269000,4.271000,4.282000,4.290000,4.269000,4.271000,changed
2026-02-04 15:20:00+00:00,2026-10-06T05:29:54Z,4.284000,4.290000,4.269000,4.271000,4.287000,4.287000,4.269000,4.271000,changed
2026-02-04 17:20:00+00:00,2026-10-06T05:29:54Z,4.278000,4.279000,4.261000,4.271000,4.275000,4.275000,4.261000,4.271000,changed
2026-02-04 18:20:00+00:00,2026-10-06T05:29:54Z,4.263000,4.279000,4.261000,4.279000,4.271000,4.279000,4.268000,4.279000,changed
2026-02-04 19:20:00+00:00,2026-10-06T05:29:54Z,4.275000,4.279000,4.268000,4.275000,4.269000,4.279000,4.269000,4.275000,changed
2026-02-05 14:20:00+00:00,2026-10-06T05:29:54Z,4.232000,4.250000,4.222000,4.222000,4.246000,4.250000,4.222000,4.222000,changed
2026-02-05 15:20:00+00:00,2026-10-06T05:29:54Z,4.234000,4.236000,4.206000,4.210000,4.236000,4.250000,4.206000,4.210000,changed
2026-02-05 16:20:00+00:00,2026-10-06T05:29:54Z,4.216000,4.220000,4.206000,4.210000,4.214000,4.220000,4.206000,4.210000,changed
2026-02-05 17:20:00+00:00,2026-10-06T05:29:54Z,4.216000,4.218000,4.208000,4.212000,4.218000,4.220000,4.208000,4.212000,changed
2026-02-05 18:20:00+00:00,2026-10-06T05:29:54Z,4.212000,4.212000,4.204000,4.210000,4.216000,4.218000,4.204000,4.210000,changed
2026-02-05 19:20:00+00:00,2026-10-06T05:29:54Z,4.204000,4.210000,4.204000,4.210000,4.208000,4.210000,4.204000,4.210000,changed
2026-02-06 14:20:00+00:00,2026-10-06T05:29:54Z,4.198000,4.220000,4.194000,4.216000,4.204000,4.220000,4.194000,4.216000,changed
2026-02-06 15:20:00+00:00,2026-10-06T05:29:54Z,4.214000,4.222000,4.212000,4.218000,4.196000,4.224000,4.194000,4.218000,changed
2026-02-06 16:20:00+00:00,2026-10-06T05:29:54Z,4.216000,4.220000,4.216000,4.218000,4.220000,4.224000,4.212000,4.218000,changed
2026-02-06 17:20:00+00:00,2026-10-06T05:29:54Z,4.218000,4.220000,4.214000,4.216000,4.216000,4.220000,4.212000,4.216000,changed
2026-02-06 18:20:00+00:00,2026-10-06T05:29:54Z,4.214000,4.216000,4.208000,4.210000,4.218000,4.220000,4.208000,4.210000,changed
2026-02-06 19:20:00+00:00,2026-10-06T05:29:54Z,4.210000,4.212000,4.206000,4.206000,4.214000,4.214000,4.206000,4.206000,changed
2026-02-09 14:20:00+00:00,2026-10-06T05:29:54Z,4.220000,4.226000,4.210000,4.220000,4.218000,4.226000,4.210000,4.220000,changed
2026-02-09 15:20:00+00:00,2026-10-06T05:29:54Z,4.218000,4.222000,4.206000,4.208000,4.216000,4.226000,4.206000,4.208000,changed
2026-02-09 16:20:00+00:00,2026-10-06T05:29:54Z,4.212000,4.216000,4.206000,4.206000,4.214000,4.220000,4.206000,4.206000,changed
2026-02-09 17:20:00+00:00,2026-10-06T05:29:54Z,4.210000,4.212000,4.202000,4.206000,4.210000,4.216000,4.202000,4.206000,changed
2026-02-09 18:20:00+00:00,2026-10-06T05:29:54Z,4.206000,4.210000,4.200000,4.202000,4.204000,4.210000,4.200000,4.202000,changed
2026-02-09 19:20:00+00:00,2026-10-06T05:29:54Z,4.204000,4.204000,4.196000,4.198000,4.206000,4.206000,4.196000,4.198000,changed
2026-02-10 14:20:00+00:00,2026-10-06T05:29:54Z,4.164000,4.166000,4.139000,4.145000,4.159000,4.162000,4.139000,4.145000,changed
2026-02-10 15:20:00+00:00,2026-10-06T05:29:54Z,4.154000,4.154000,4.135000,4.139000,4.147000,4.149000,4.135000,4.139000,changed
2026-02-10 16:20:00+00:00,2026-10-06T05:29:54Z,4.145000,4.151000,4.135000,4.145000,4.141000,4.151000,4.135000,4.145000,changed
2026-02-10 17:20:00+00:00,2026-10-06T05:29:54Z,4.137000,4.153000,4.137000,4.149000,4.145000,4.153000,4.143000,4.149000,changed
2026-02-10 18:20:00+00:00,2026-10-06T05:29:54Z,4.143000,4.153000,4.143000,4.151000,4.149000,4.153000,4.149000,4.151000,changed
2026-02-10 19:20:00+00:00,2026-10-06T05:29:54Z,4.153000,4.153000,4.145000,4.147000,4.151000,4.153000,4.145000,4.147000,changed
2026-02-11 14:20:00+00:00,2026-10-06T05:29:54Z,4.176000,4.206000,4.168000,4.170000,4.202000,4.202000,4.168000,4.170000,changed
2026-02-11 15:20:00+00:00,2026-10-06T05:29:54Z,4.184000,4.188000,4.165000,4.170000,4.182000,4.184000,4.165000,4.170000,changed
2026-02-11 16:20:00+00:00,2026-10-06T05:29:54Z,4.165000,4.178000,4.149000,4.149000,4.174000,4.178000,4.149000,4.149000,changed
2026-02-11 17:20:00+00:00,2026-10-06T05:29:54Z,4.165000,4.174000,4.147000,4.172000,4.151000,4.174000,4.147000,4.172000,changed
2026-02-11 18:20:00+00:00,2026-10-06T05:29:54Z,4.155000,4.178000,4.151000,4.172000,4.155000,4.178000,4.153000,4.172000,changed
2026-02-11 19:20:00+00:00,2026-10-06T05:29:54Z,4.174000,4.178000,4.166000,4.172000,4.176000,4.178000,4.170000,4.172000,changed
2026-02-12 14:20:00+00:00,2026-10-06T05:29:54Z,4.162000,4.169000,4.146000,4.146000,4.158000,4.169000,4.146000,4.146000,changed
2026-02-12 15:20:00+00:00,2026-10-06T05:29:54Z,4.152000,4.152000,4.125000,4.127000,4.164000,4.165000,4.125000,4.127000,changed
2026-02-12 16:20:00+00:00,2026-10-06T05:29:54Z,4.140000,4.140000,4.119000,4.123000,4.146000,4.146000,4.119000,4.123000,changed
2026-02-12 17:20:00+00:00,2026-10-06T05:29:54Z,4.127000,4.131000,4.102000,4.102000,4.121000,4.131000,4.102000,4.102000,changed
2026-02-12 18:20:00+00:00,2026-10-06T05:29:54Z,4.127000,4.129000,4.100000,4.100000,4.129000,4.131000,4.100000,4.100000,changed
2026-02-12 19:20:00+00:00,2026-10-06T05:29:54Z,4.104000,4.110000,4.100000,4.104000,4.102000,4.110000,4.100000,4.104000,changed
2026-02-13 14:20:00+00:00,2026-10-06T05:29:54Z,4.087000,4.090000,4.050000,4.064000,4.100000,4.100000,4.050000,4.064000,changed
2026-02-13 15:20:00+00:00,2026-10-06T05:29:54Z,4.062000,4.069000,4.056000,4.062000,4.067000,4.071000,4.050000,4.062000,changed
2026-02-13 16:20:00+00:00,2026-10-06T05:29:54Z,4.064000,4.064000,4.046000,4.054000,4.067000,4.069000,4.046000,4.054000,changed
2026-02-13 17:20:00+00:00,2026-10-06T05:29:54Z,4.052000,4.066000,4.052000,4.064000,4.056000,4.066000,4.046000,4.064000,changed
2026-02-13 18:20:00+00:00,2026-10-06T05:29:54Z,4.064000,4.067000,4.060000,4.064000,4.056000,4.067000,4.056000,4.064000,changed
2026-02-13 19:20:00+00:00,2026-10-06T05:29:54Z,4.066000,4.066000,4.054000,4.056000,4.064000,4.067000,4.054000,4.056000,changed
2026-02-17 14:20:00+00:00,2026-10-06T05:29:54Z,4.029000,4.058000,4.025000,4.052000,4.041000,4.058000,4.041000,4.052000,changed
2026-02-17 15:20:00+00:00,2026-10-06T05:29:54Z,4.048000,4.058000,4.039000,4.056000,4.045000,4.056000,4.039000,4.056000,changed
2026-02-17 16:20:00+00:00,2026-10-06T05:29:54Z,4.048000,4.056000,4.039000,4.052000,4.045000,4.056000,4.045000,4.052000,changed
2026-02-17 17:20:00+00:00,2026-10-06T05:29:54Z,4.052000,4.060000,4.048000,4.056000,4.056000,4.060000,4.048000,4.056000,changed
2026-02-17 18:20:00+00:00,2026-10-06T05:29:54Z,4.052000,4.060000,4.048000,4.058000,4.056000,4.060000,4.054000,4.058000,changed
2026-02-17 19:20:00+00:00,2026-10-06T05:29:54Z,4.060000,4.060000,4.052000,4.052000,4.058000,4.060000,4.052000,4.052000,changed
2026-02-18 14:20:00+00:00,2026-10-06T05:29:54Z,4.067000,4.085000,4.064000,4.079000,4.075000,4.085000,4.075000,4.079000,changed
2026-02-18 15:20:00+00:00,2026-10-06T05:29:54Z,4.079000,4.085000,4.073000,4.077000,4.083000,4.085000,4.073000,4.077000,changed
2026-02-18 16:20:00+00:00,2026-10-06T05:29:54Z,4.083000,4.083000,4.071000,4.073000,4.077000,4.079000,4.071000,4.073000,changed
2026-02-18 18:20:00+00:00,2026-10-06T05:29:54Z,4.071000,4.088000,4.071000,4.079000,4.075000,4.088000,4.075000,4.079000,changed
2026-02-18 19:20:00+00:00,2026-10-06T05:29:54Z,4.081000,4.088000,4.079000,4.079000,4.085000,4.088000,4.079000,4.079000,changed
2026-02-19 14:20:00+00:00,2026-10-06T05:29:54Z,4.100000,4.102000,4.083000,4.088000,4.106000,4.106000,4.083000,4.088000,changed
2026-02-19 15:20:00+00:00,2026-10-06T05:29:54Z,4.088000,4.094000,4.083000,4.085000,4.092000,4.094000,4.083000,4.085000,changed
2026-02-19 16:20:00+00:00,2026-10-06T05:29:54Z,4.088000,4.088000,4.081000,4.083000,4.086000,4.094000,4.081000,4.083000,changed
2026-02-19 17:20:00+00:00,2026-10-06T05:29:54Z,4.085000,4.086000,4.075000,4.075000,4.085000,4.088000,4.075000,4.075000,changed
2026-02-19 18:20:00+00:00,2026-10-06T05:29:54Z,4.085000,4.085000,4.065000,4.069000,4.085000,4.086000,4.065000,4.069000,changed
2026-02-19 19:20:00+00:00,2026-10-06T05:29:54Z,4.069000,4.079000,4.065000,4.075000,4.073000,4.079000,4.065000,4.075000,changed
2026-02-20 14:20:00+00:00,2026-10-06T05:29:54Z,4.071000,4.104000,4.069000,4.096000,4.063000,4.104000,4.060000,4.096000,changed
2026-02-20 15:20:00+00:00,2026-10-06T05:29:54Z,4.077000,4.104000,4.075000,4.086000,4.071000,4.104000,4.071000,4.086000,changed
2026-02-20 16:20:00+00:00,2026-10-06T05:29:54Z,4.096000,4.098000,4.083000,4.088000,4.092000,4.098000,4.083000,4.088000,changed
2026-02-20 17:20:00+00:00,2026-10-06T05:29:54Z,4.096000,4.100000,4.086000,4.096000,4.085000,4.100000,4.085000,4.096000,changed
2026-02-20 18:20:00+00:00,2026-10-06T05:29:54Z,4.094000,4.100000,4.081000,4.085000,4.086000,4.100000,4.081000,4.085000,changed
2026-02-20 19:20:00+00:00,2026-10-06T05:29:54Z,4.088000,4.094000,4.085000,4.086000,4.092000,4.094000,4.081000,4.086000,changed
2026-02-23 14:20:00+00:00,2026-10-06T05:29:54Z,4.063000,4.067000,4.054000,4.056000,4.067000,4.069000,4.054000,4.056000,changed
2026-02-23 15:20:00+00:00,2026-10-06T05:29:54Z,4.060000,4.060000,4.029000,4.033000,4.065000,4.067000,4.029000,4.033000,changed
2026-02-23 16:20:00+00:00,2026-10-06T05:29:54Z,4.042000,4.044000,4.025000,4.027000,4.054000,4.056000,4.025000,4.027000,changed
2026-02-23 17:20:00+00:00,2026-10-06T05:29:54Z,4.029000,4.029000,4.018000,4.027000,4.033000,4.035000,4.018000,4.027000,changed
2026-02-23 18:20:00+00:00,2026-10-06T05:29:54Z,4.023000,4.027000,4.021000,4.025000,4.027000,4.029000,4.018000,4.025000,changed
2026-02-23 19:20:00+00:00,2026-10-06T05:29:54Z,4.023000,4.031000,4.023000,4.029000,4.027000,4.031000,4.021000,4.029000,changed
2026-02-25 14:20:00+00:00,2026-10-06T05:29:54Z,4.056000,4.058000,4.050000,4.050000,4.050000,4.058000,4.050000,4.050000,changed
2026-02-25 15:20:00+00:00,2026-10-06T05:29:54Z,4.056000,4.058000,4.044000,4.046000,4.056000,4.056000,4.044000,4.046000,changed
2026-02-25 16:20:00+00:00,2026-10-06T05:29:54Z,4.052000,4.052000,4.035000,4.037000,4.046000,4.048000,4.035000,4.037000,changed
2026-02-25 17:20:00+00:00,2026-10-06T05:29:54Z,4.044000,4.044000,4.035000,4.039000,4.042000,4.042000,4.035000,4.039000,changed
2026-02-25 18:20:00+00:00,2026-10-06T05:29:54Z,4.035000,4.048000,4.035000,4.048000,4.037000,4.048000,4.037000,4.048000,changed
2026-02-25 19:20:00+00:00,2026-10-06T05:29:54Z,4.040000,4.050000,4.040000,4.048000,4.046000,4.050000,4.044000,4.048000,changed
2026-02-27 14:20:00+00:00,2026-10-06T05:29:54Z,3.987000,3.987000,3.970000,3.981000,3.987000,3.994000,3.970000,3.981000,changed
2026-02-27 15:20:00+00:00,2026-10-06T05:29:54Z,3.975000,3.983000,3.974000,3.975000,3.977000,3.983000,3.970000,3.975000,changed
2026-02-27 16:20:00+00:00,2026-10-06T05:29:54Z,3.975000,3.977000,3.968000,3.975000,3.979000,3.983000,3.968000,3.975000,changed
2026-02-27 17:20:00+00:00,2026-10-06T05:29:54Z,3.970000,3.975000,3.966000,3.966000,3.974000,3.975000,3.966000,3.966000,changed
2026-02-27 18:20:00+00:00,2026-10-06T05:29:54Z,3.972000,3.972000,3.958000,3.958000,3.970000,3.975000,3.958000,3.958000,changed
2026-02-27 19:20:00+00:00,2026-10-06T05:29:54Z,3.964000,3.964000,3.956000,3.962000,3.968000,3.968000,3.956000,3.962000,changed
2026-02-02 18:20:00+00:00,2026-10-06T06:11:46Z,4.263000,4.277000,4.261000,4.277000,4.271000,4.275000,4.271000,4.275000,changed
2026-02-02 19:20:00+00:00,2026-10-06T06:11:46Z,4.273000,4.279000,4.269000,4.275000,4.275000,4.279000,4.269000,4.275000,changed
2026-02-03 14:20:00+00:00,2026-10-06T06:11:46Z,4.293000,4.300000,4.282000,4.284000,4.292000,4.300000,4.282000,4.284000,changed
2026-02-03 15:20:00+00:00,2026-10-06T06:11:46Z,4.284000,4.293000,4.279000,4.287000,4.292000,4.293000,4.279000,4.287000,changed
2026-02-03 16:20:00+00:00,2026-10-06T06:11:46Z,4.292000,4.293000,4.278000,4.285000,4.285000,4.293000,4.278000,4.285000,changed
2026-02-03 18:20:00+00:00,2026-10-06T06:11:46Z,4.290000,4.292000,4.266000,4.271000,4.290000,4.293000,4.266000,4.271000,changed
2026-02-03 19:20:00+00:00,2026-10-06T06:11:46Z,4.268000,4.278000,4.266000,4.274000,4.284000,4.284000,4.266000,4.274000,changed
2026-02-04 14:20:00+00:00,2026-10-06T06:11:46Z,4.282000,4.290000,4.269000,4.271000,4.271000,4.290000,4.269000,4.271000,changed
2026-02-04 15:20:00+00:00,2026-10-06T06:11:46Z,4.287000,4.287000,4.269000,4.271000,4.284000,4.290000,4.269000,4.271000,changed
2026-02-04 17:20:00+00:00,2026-10-06T06:11:46Z,4.275000,4.275000,4.261000,4.271000,4.278000,4.279000,4.261000,4.271000,changed
2026-02-04 18:20:00+00:00,2026-10-06T06:11:46Z,4.271000,4.279000,4.268000,4.279000,4.263000,4.279000,4.261000,4.279000,changed
2026-02-04 19:20:00+00:00,2026-10-06T06:11:46Z,4.269000,4.279000,4.269000,4.275000,4.275000,4.279000,4.268000,4.275000,changed
2026-02-05 14:20:00+00:00,2026-10-06T06:11:46Z,4.246000,4.250000,4.222000,4.222000,4.232000,4.250000,4.222000,4.222000,changed
2026-02-05 15:20:00+00:00,2026-10-06T06:11:46Z,4.236000,4.250000,4.206000,4.210000,4.234000,4.236000,4.206000,4.210000,changed
2026-02-05 16:20:00+00:00,2026-10-06T06:11:46Z,4.214000,4.220000,4.206000,4.210000,4.216000,4.220000,4.206000,4.210000,changed
2026-02-05 17:20:00+00:00,2026-10-06T06:11:46Z,4.218000,4.220000,4.208000,4.212000,4.216000,4.218000,4.208000,4.212000,changed
2026-02-05 18:20:00+00:00,2026-10-06T06:11:46Z,4.216000,4.218000,4.204000,4.210000,4.212000,4.212000,4.204000,4.210000,changed
2026-02-05 19:20:00+00:00,2026-10-06T06:11:46Z,4.208000,4.210000,4.204000,4.210000,4.204000,4.210000,4.204000,4.210000,changed
2026-02-06 14:20:00+00:00,2026-10-06T06:11:46Z,4.204000,4.220000,4.194000,4.216000,4.198000,4.220000,4.194000,4.216000,changed
2026-02-06 15:20:00+00:00,2026-10-06T06:11:46Z,4.196000,4.224000,4.194000,4.218000,4.214000,4.222000,4.212000,4.218000,changed
2026-02-06 16:20:00+00:00,2026-10-06T06:11:46Z,4.220000,4.224000,4.212000,4.218000,4.216000,4.220000,4.216000,4.218000,changed
2026-02-06 17:20:00+00:00,2026-10-06T06:11:46Z,4.216000,4.220000,4.212000,4.216000,4.218000,4.220000,4.214000,4.216000,changed
2026-02-06 18:20:00+00:00,2026-10-06T06:11:46Z,4.218000,4.220000,4.208000,4.210000,4.214000,4.216000,4.208000,4.210000,changed
2026-02-06 19:20:00+00:00,2026-10-06T06:11:46Z,4.214000,4.214000,4.206000,4.206000,4.210000,4.212000,4.206000,4.206000,changed
2026-02-09 14:20:00+00:00,2026-10-06T06:11:46Z,4.218000,4.226000,4.210000,4.220000,4.220000,4.226000,4.210000,4.220000,changed
2026-02-09 15:20:00+00:00,2026-10-06T06:11:46Z,4.216000,4.226000,4.206000,4.208000,4.218000,4.222000,4.206000,4.208000,changed
2026-02-09 16:20:00+00:00,2026-10-06T06:11:46Z,4.214000,4.220000,4.206000,4.206000,4.212000,4.216000,4.206000,4.206000,changed
2026-02-09 17:20:00+00:00,2026-10-06T06:11:46Z,4.210000,4.216000,4.202000,4.206000,4.210000,4.212000,4.202000,4.206000,changed
2026-02-09 18:20:00+00:00,2026-10-06T06:11:46Z,4.204000,4.210000,4.200000,4.202000,4.206000,4.210000,4.200000,4.202000,changed
2026-02-09 19:20:00+00:00,2026-10-06T06:11:46Z,4.206000,4.206000,4.196000,4.198000,4.204000,4.204000,4.196000,4.198000,changed
2026-02-10 14:20:00+00:00,2026-10-06T06:11:46Z,4.159000,4.162000,4.139000,4.145000,4.164000,4.166000,4.139000,4.145000,changed
2026-02-10 15:20:00+00:00,2026-10-06T06:11:46Z,4.147000,4.149000,4.135000,4.139000,4.154000,4.154000,4.135000,4.139000,changed
2026-02-10 16:20:00+00:00,2026-10-06T06:11:46Z,4.141000,4.151000,4.135000,4.145000,4.145000,4.151000,4.135000,4.145000,changed
2026-02-10 17:20:00+00:00,2026-10-06T06:11:46Z,4.145000,4.153000,4.143000,4.149000,4.137000,4.153000,4.137000,4.149000,changed
2026-02-10 18:20:00+00:00,2026-10-06T06:11:46Z,4.149000,4.153000,4.149000,4.151000,4.143000,4.153000,4.143000,4.151000,changed
2026-02-10 19:20:00+00:00,2026-10-06T06:11:46Z,4.151000,4.153000,4.145000,4.147000,4.153000,4.153000,4.145000,4.147000,changed
2026-02-11 14:20:00+00:00,2026-10-06T06:11:46Z,4.202000,4.202000,4.168000,4.170000,4.176000,4.206000,4.168000,4.170000,changed
2026-02-11 15:20:00+00:00,2026-10-06T06:11:46Z,4.182000,4.184000,4.165000,4.170000,4.184000,4.188000,4.165000,4.170000,changed
2026-02-11 16:20:00+00:00,2026-10-06T06:11:46Z,4.174000,4.178000,4.149000,4.149000,4.165000,4.178000,4.149000,4.149000,changed
2026-02-11 17:20:00+00:00,2026-10-06T06:11:46Z,4.151000,4.174000,4.147000,4.172000,4.165000,4.174000,4.147000,4.172000,changed
2026-02-11 18:20:00+00:00,2026-10-06T06:11:46Z,4.155000,4.178000,4.153000,4.172000,4.155000,4.178000,4.151000,4.172000,changed
2026-02-11 19:20:00+00:00,2026-10-06T06:11:46Z,4.176000,4.178000,4.170000,4.172000,4.174000,4.178000,4.166000,4.172000,changed
2026-02-12 14:20:00+00:00,2026-10-06T06:11:46Z,4.158000,4.169000,4.146000,4.146000,4.162000,4.169000,4.146000,4.146000,changed
2026-02-12 15:20:00+00:00,2026-10-06T06:11:46Z,4.164000,4.165000,4.125000,4.127000,4.152000,4.152000,4.125000,4.127000,changed
2026-02-12 16:20:00+00:00,2026-10-06T06:11:46Z,4.146000,4.146000,4.119000,4.123000,4.140000,4.140000,4.119000,4.123000,changed
2026-02-12 17:20:00+00:00,2026-10-06T06:11:46Z,4.121000,4.131000,4.102000,4.102000,4.127000,4.131000,4.102000,4.102000,changed
2026-02-12 18:20:00+00:00,2026-10-06T06:11:46Z,4.129000,4.131000,4.100000,4.100000,4.127000,4.129000,4.100000,4.100000,changed
2026-02-12 19:20:00+00:00,2026-10-06T06:11:46Z,4.102000,4.110000,4.100000,4.104000,4.104000,4.110000,4.100000,4.104000,changed
2026-02-13 14:20:00+00:00,2026-10-06T06:11:46Z,4.100000,4.100000,4.050000,4.064000,4.087000,4.090000,4.050000,4.064000,changed
2026-02-13 15:20:00+00:00,2026-10-06T06:11:46Z,4.067000,4.071000,4.050000,4.062000,4.062000,4.069000,4.056000,4.062000,changed
2026-02-13 16:20:00+00:00,2026-10-06T06:11:46Z,4.067000,4.069000,4.046000,4.054000,4.064000,4.064000,4.046000,4.054000,changed
2026-02-13 17:20:00+00:00,2026-10-06T06:11:46Z,4.056000,4.066000,4.046000,4.064000,4.052000,4.066000,4.052000,4.064000,changed
2026-02-13 18:20:00+00:00,2026-10-06T06:11:46Z,4.056000,4.067000,4.056000,4.064000,4.064000,4.067000,4.060000,4.064000,changed
2026-02-13 19:20:00+00:00,2026-10-06T06:11:46Z,4.064000,4.067000,4.054000,4.056000,4.066000,4.066000,4.054000,4.056000,changed
2026-02-17 14:20:00+00:00,2026-10-06T06:11:46Z,4.041000,4.058000,4.041000,4.052000,4.029000,4.058000,4.025000,4.052000,changed
2026-02-17 15:20:00+00:00,2026-10-06T06:11:46Z,4.045000,4.056000,4.039000,4.056000,4.048000,4.058000,4.039000,4.056000,changed
2026-02-17 16:20:00+00:00,2026-10-06T06:11:46Z,4.045000,4.056000,4.045000,4.052000,4.048000,4.056000,4.039000,4.052000,changed
2026-02-17 17:20:00+00:00,2026-10-06T06:11:46Z,4.056000,4.060000,4.048000,4.056000,4.052000,4.060000,4.048000,4.056000,changed
2026-02-17 18:20:00+00:00,2026-10-06T06:11:46Z,4.056000,4.060000,4.054000,4.058000,4.052000,4.060000,4.048000,4.058000,changed
2026-02-17 19:20:00+00:00,2026-10-06T06:11:46Z,4.058000,4.060000,4.052000,4.052000,4.060000,4.060000,4.052000,4.052000,changed
2026-02-18 14:20:00+00:00,2026-10-06T06:11:46Z,4.075000,4.085000,4.075000,4.079000,4.067000,4.085000,4.064000,4.079000,changed
2026-02-18 15:20:00+00:00,2026-10-06T06:11:46Z,4.083000,4.085000,4.073000,4.077000,4.079000,4.085000,4.073000,4.077000,changed
2026-02-18 16:20:00+00:00,2026-10-06T06:11:46Z,4.077000,4.079000,4.071000,4.073000,4.083000,4.083000,4.071000,4.073000,changed
2026-02-18 18:20:00+00:00,2026-10-06T06:11:46Z,4.075000,4.088000,4.075000,4.079000,4.071000,4.088000,4.071000,4.079000,changed
2026-02-18 19:20:00+00:00,2026-10-06T06:11:46Z,4.085000,4.088000,4.079000,4.079000,4.081000,4.088000,4.079000,4.079000,changed
2026-02-19 14:20:00+00:00,2026-10-06T06:11:46Z,4.106000,4.106000,4.083000,4.088000,4.100000,4.102000,4.083000,4.088000,changed
2026-02-19 15:20:00+00:00,2026-10-06T06:11:46Z,4.092000,4.094000,4.083000,4.085000,4.088000,4.094000,4.083000,4.085000,changed
2026-02-19 16:20:00+00:00,2026-10-06T06:11:46Z,4.086000,4.094000,4.081000,4.083000,4.088000,4.088000,4.081000,4.083000,changed
2026-02-19 17:20:00+00:00,2026-10-06T06:11:46Z,4.085000,4.088000,4.075000,4.075000,4.085000,4.086000,4.075000,4.075000,changed
2026-02-19 18:20:00+00:00,2026-10-06T06:11:46Z,4.085000,4.086000,4.065000,4.069000,4.085000,4.085000,4.065000,4.069000,changed
2026-02-19 19:20:00+00:00,2026-10-06T06:11:46Z,4.073000,4.079000,4.065000,4.075000,4.069000,4.079000,4.065000,4.075000,changed
2026-02-20 14:20:00+00:00,2026-10-06T06:11:46Z,4.063000,4.104000,4.060000,4.096000,4.071000,4.104000,4.069000,4.096000,changed
2026-02-20 15:20:00+00:00,2026-10-06T06:11:46Z,4.071000,4.104000,4.071000,4.086000,4.077000,4.104000,4.075000,4.086000,changed
2026-02-20 16:20:00+00:00,2026-10-06T06:11:46Z,4.092000,4.098000,4.083000,4.088000,4.096000,4.098000,4.083000,4.088000,changed
2026-02-20 17:20:00+00:00,2026-10-06T06:11:46Z,4.085000,4.100000,4.085000,4.096000,4.096000,4.100000,4.086000,4.096000,changed
2026-02-20 18:20:00+00:00,2026-10-06T06:11:46Z,4.086000,4.100000,4.081000,4.085000,4.094000,4.100000,4.081000,4.085000,changed
2026-02-20 19:20:00+00:00,2026-10-06T06:11:46Z,4.092000,4.094000,4.081000,4.086000,4.088000,4.094000,4.085000,4.086000,changed
2026-02-23 14:20:00+00:00,2026-10-06T06:11:46Z,4.067000,4.069000,4.054000,4.056000,4.063000,4.067000,4.054000,4.056000,changed
2026-02-23 15:20:00+00:00,2026-10-06T06:11:46Z,4.065000,4.067000,4.029000,4.033000,4.060000,4.060000,4.029000,4.033000,changed
2026-02-23 16:20:00+00:00,2026-10-06T06:11:46Z,4.054000,4.056000,4.025000,4.027000,4.042000,4.044000,4.025000,4.027000,changed
2026-02-23 17:20:00+00:00,2026-10-06T06:11:46Z,4.033000,4.035000,4.018000,4.027000,4.029000,4.029000,4.018000,4.027000,changed
2026-02-23 18:20:00+00:00,2026-10-06T06:11:46Z,4.027000,4.029000,4.018000,4.025000,4.023000,4.027000,4.021000,4.025000,changed
2026-02-23 19:20:00+00:00,2026-10-06T06:11:46Z,4.027000,4.031000,4.021000,4.029000,4.023000,4.031000,4.023000,4.029000,changed
2026-02-25 14:20:00+00:00,2026-10-06T06:11:46Z,4.050000,4.058000,4.050000,4.050000,4.056000,4.058000,4.050000,4.050000,changed
2026-02-25 15:20:00+00:00,2026-10-06T06:11:46Z,4.056000,4.056000,4.044000,4.046000,4.056000,4.058000,4.044000,4.046000,changed
2026-02-25 16:20:00+00:00,2026-10-06T06:11:46Z,4.046000,4.048000,4.035000,4.037000,4.052000,4.052000,4.035000,4.037000,changed
2026-02-25 17:20:00+00:00,2026-10-06T06:11:46Z,4.042000,4.042000,4.035000,4.039000,4.044000,4.044000,4.035000,4.039000,changed
2026-02-25 18:20:00+00:00,2026-10-06T06:11:46Z,4.037000,4.048000,4.037000,4.048000,4.035000,4.048000,4.035000,4.048000,changed
2026-02-25 19:20:00+00:00,2026-10-06T06:11:46Z,4.046000,4.050000,4.044000,4.048000,4.040000,4.050000,4.040000,4.048000,changed
2026-02-27 14:20:00+00:00,2026-10-06T06:11:46Z,3.987000,3.994000,3.970000,3.981000,3.987000,3.987000,3.970000,3.981000,changed
2026-02-27 15:20:00+00:00,2026-10-06T06:11:46Z,3.977000,3.983000,3.970000,3.975000,3.975000,3.983000,3.974000,3.975000,changed
2026-02-27 16:20:00+00:00,2026-10-06T06:11:46Z,3.979000,3.983000,3.968000,3.975000,3.975000,3.977000,3.968000,3.975000,changed
2026-02-27 17:20:00+00:00,2026-10-06T06:11:46Z,3.974000,3.975000,3.966000,3.966000,3.970000,3.975000,3.966000,3.966000,changed
2026-02-27 18:20:00+00:00,2026-10-06T06:11:46Z,3.970000,3.975000,3.958000,3.958000,3.972000,3.972000,3.958000,3.958000,changed
2026-02-27 19:20:00+00:00,2026-10-06T06:11:46Z,3.968000,3.968000,3.956000,3.962000,3.964000,3.964000,3.956000,3.962000,changed
2026-02-02 18:20:00+00:00,2026-10-06T08:14:56Z,4.271000,4.275000,4.271000,4.275000,4.263000,4.277000,4.261000,4.277000,changed
2026-02-02 19:20:00+00:00,2026-10-06T08:14:56Z,4.275000,4.279000,4.269000,4.275000,4.273000,4.279000,4.269000,4.275000,changed
2026-02-03 14:20:00+00:00,2026-10-06T08:14:56Z,4.292000,4.300000,4.282000,4.284000,4.293000,4.300000,4.282000,4.284000,changed
2026-02-03 15:20:00+00:00,2026-10-06T08:14:56Z,4.292000,4.293000,4.279000,4.287000,4.284000,4.293000,4.279000,4.287000,changed
2026-02-03 16:20:00+00:00,2026-10-06T08:14:56Z,4.285000,4.293000,4.278000,4.285000,4.292000,4.293000,4.278000,4.285000,changed
2026-02-03 18:20:00+00:00,2026-10-06T08:14:56Z,4.290000,4.293000,4.266000,4.271000,4.290000,4.292000,4.266000,4.271000,changed
2026-02-03 19:20:00+00:00,2026-10-06T08:14:56Z,4.284000,4.284000,4.266000,4.274000,4.268000,4.278000,4.266000,4.274000,changed
2026-02-04 14:20:00+00:00,2026-10-06T08:14:56Z,4.271000,4.290000,4.269000,4.271000,4.282000,4.290000,4.269000,4.271000,changed
2026-02-04 15:20:00+00:00,2026-10-06T08:14:56Z,4.284000,4.290000,4.269000,4.271000,4.287000,4.287000,4.269000,4.271000,changed
2026-02-04 17:20:00+00:00,2026-10-06T08:14:56Z,4.278000,4.279000,4.261000,4.271000,4.275000,4.275000,4.261000,4.271000,changed
2026-02-04 18:20:00+00:00,2026-10-06T08:14:56Z,4.263000,4.279000,4.261000,4.279000,4.271000,4.279000,4.268000,4.279000,changed
2026-02-04 19:20:00+00:00,2026-10-06T08:14:56Z,4.275000,4.279000,4.268000,4.275000,4.269000,4.279000,4.269000,4.275000,changed
2026-02-05 14:20:00+00:00,2026-10-06T08:14:56Z,4.232000,4.250000,4.222000,4.222000,4.246000,4.250000,4.222000,4.222000,changed
2026-02-05 15:20:00+00:00,2026-10-06T08:14:56Z,4.234000,4.236000,4.206000,4.210000,4.236000,4.250000,4.206000,4.210000,changed
2026-02-05 16:20:00+00:00,2026-10-06T08:14:56Z,4.216000,4.220000,4.206000,4.210000,4.214000,4.220000,4.206000,4.210000,changed
2026-02-05 17:20:00+00:00,2026-10-06T08:14:56Z,4.216000,4.218000,4.208000,4.212000,4.218000,4.220000,4.208000,4.212000,changed
2026-02-05 18:20:00+00:00,2026-10-06T08:14:56Z,4.212000,4.212000,4.204000,4.210000,4.216000,4.218000,4.204000,4.210000,changed
2026-02-05 19:20:00+00:00,2026-10-06T08:14:56Z,4.204000,4.210000,4.204000,4.210000,4.208000,4.210000,4.204000,4.210000,changed
2026-02-06 14:20:00+00:00,2026-10-06T08:14:56Z,4.198000,4.220000,4.194000,4.216000,4.204000,4.220000,4.194000,4.216000,changed
2026-02-06 15:20:00+00:00,2026-10-06T08:14:56Z,4.214000,4.222000,4.212000,4.218000,4.196000,4.224000,4.194000,4.218000,changed
2026-02-06 16:20:00+00:00,2026-10-06T08:14:56Z,4.216000,4.220000,4.216000,4.218000,4.220000,4.224000,4.212000,4.218000,changed
2026-02-06 17:20:00+00:00,2026-10-06T08:14:56Z,4.218000,4.220000,4.214000,4.216000,4.216000,4.220000,4.212000,4.216000,changed
2026-02-06 18:20:00+00:00,2026-10-06T08:14:56Z,4.214000,4.216000,4.208000,4.210000,4.218000,4.220000,4.208000,4.210000,changed
2026-02-06 19:20:00+00:00,2026-10-06T08:14:56Z,4.210000,4.212000,4.206000,4.206000,4.214000,4.214000,4.206000,4.206000,changed
2026-02-09 14:20:00+00:00,2026-10-06T08:14:56Z,4.220000,4.226000,4.210000,4.220000,4.218000,4.226000,4.210000,4.220000,changed
2026-02-09 15:20:00+00:00,2026-10-06T08:14:56Z,4.218000,4.222000,4.206000,4.208000,4.216000,4.226000,4.206000,4.208000,changed
2026-02-09 16:20:00+00:00,2026-10-06T08:14:56Z,4.212000,4.216000,4.206000,4.206000,4.214000,4.220000,4.206000,4.206000,changed
2026-02-09 17:20:00+00:00,2026-10-06T08:14:56Z,4.210000,4.212000,4.202000,4.206000,4.210000,4.216000,4.202000,4.206000,changed
2026-02-09 18:20:00+00:00,2026-10-06T08:14:56Z,4.206000,4.210000,4.200000,4.202000,4.204000,4.210000,4.200000,4.202000,changed
2026-02-09 19:20:00+00:00,2026-10-06T08:14:56Z,4.204000,4.204000,4.196000,4.198000,4.206000,4.206000,4.196000,4.198000,changed
2026-02-10 14:20:00+00:00,2026-10-06T08:14:56Z,4.164000,4.166000,4.139000,4.145000,4.159000,4.162000,4.139000,4.145000,changed
2026-02-10 15:20:00+00:00,2026-10-06T08:14:56Z,4.154000,4.154000,4.135000,4.139000,4.147000,4.149000,4.135000,4.139000,changed
2026-02-10 16:20:00+00:00,2026-10-06T08:14:56Z,4.145000,4.151000,4.135000,4.145000,4.141000,4.151000,4.135000,4.145000,changed
2026-02-10 17:20:00+00:00,2026-10-06T08:14:56Z,4.137000,4.153000,4.137000,4.149000,4.145000,4.153000,4.143000,4.149000,changed
2026-02-10 18:20:00+00:00,2026-10-06T08:14:56Z,4.143000,4.153000,4.143000,4.151000,4.149000,4.153000,4.149000,4.151000,changed
2026-02-10 19:20:00+00:00,2026-10-06T08:14:56Z,4.153000,4.153000,4.145000,4.147000,4.151000,4.153000,4.145000,4.147000,changed
2026-02-11 14:20:00+00:00,2026-10-06T08:14:56Z,4.176000,4.206000,4.168000,4.170000,4.202000,4.202000,4.168000,4.170000,changed
2026-02-11 15:20:00+00:00,2026-10-06T08:14:56Z,4.184000,4.188000,4.165000,4.170000,4.182000,4.184000,4.165000,4.170000,changed
2026-02-11 16:20:00+00:00,2026-10-06T08:14:56Z,4.165000,4.178000,4.149000,4.149000,4.174000,4.178000,4.149000,4.149000,changed
2026-02-11 17:20:00+00:00,2026-10-06T08:14:56Z,4.165000,4.174000,4.147000,4.172000,4.151000,4.174000,4.147000,4.172000,changed
2026-02-11 18:20:00+00:00,2026-10-06T08:14:56Z,4.155000,4.178000,4.151000,4.172000,4.155000,4.178000,4.153000,4.172000,changed
2026-02-11 19:20:00+00:00,2026-10-06T08:14:56Z,4.174000,4.178000,4.166000,4.172000,4.176000,4.178000,4.170000,4.172000,changed
2026-02-12 14:20:00+00:00,2026-10-06T08:14:56Z,4.162000,4.169000,4.146000,4.146000,4.158000,4.169000,4.146000,4.146000,changed
2026-02-12 15:20:00+00:00,2026-10-06T08:14:56Z,4.152000,4.152000,4.125000,4.127000,4.164000,4.165000,4.125000,4.127000,changed
2026-02-12 16:20:00+00:00,2026-10-06T08:14:56Z,4.140000,4.140000,4.119000,4.123000,4.146000,4.146000,4.119000,4.123000,changed
2026-02-12 17:20:00+00:00,2026-10-06T08:14:56Z,4.127000,4.131000,4.102000,4.102000,4.121000,4.131000,4.102000,4.102000,changed
2026-02-12 18:20:00+00:00,2026-10-06T08:14:56Z,4.127000,4.129000,4.100000,4.100000,4.129000,4.131000,4.100000,4.100000,changed
2026-02-12 19:20:00+00:00,2026-10-06T08:14:56Z,4.104000,4.110000,4.100000,4.104000,4.102000,4.110000,4.100000,4.104000,changed
2026-02-13 14:20:00+00:00,2026-10-06T08:14:56Z,4.087000,4.090000,4.050000,4.064000,4.100000,4.100000,4.050000,4.064000,changed
2026-02-13 15:20:00+00:00,2026-10-06T08:14:56Z,4.062000,4.069000,4.056000,4.062000,4.067000,4.071000,4.050000,4.062000,changed
2026-02-13 16:20:00+00:00,2026-10-06T08:14:56Z,4.064000,4.064000,4.046000,4.054000,4.067000,4.069000,4.046000,4.054000,changed
2026-02-13 17:20:00+00:00,2026-10-06T08:14:56Z,4.052000,4.066000,4.052000,4.064000,4.056000,4.066000,4.046000,4.064000,changed
2026-02-13 18:20:00+00:00,2026-10-06T08:14:56Z,4.064000,4.067000,4.060000,4.064000,4.056000,4.067000,4.056000,4.064000,changed
2026-02-13 19:20:00+00:00,2026-10-06T08:14:56Z,4.066000,4.066000,4.054000,4.056000,4.064000,4.067000,4.054000,4.056000,changed
2026-02-17 14:20:00+00:00,2026-10-06T08:14:56Z,4.029000,4.058000,4.025000,4.052000,4.041000,4.058000,4.041000,4.052000,changed
2026-02-17 15:20:00+00:00,2026-10-06T08:14:56Z,4.048000,4.058000,4.039000,4.056000,4.045000,4.056000,4.039000,4.056000,changed
2026-02-17 16:20:00+00:00,2026-10-06T08:14:56Z,4.048000,4.056000,4.039000,4.052000,4.045000,4.056000,4.045000,4.052000,changed
2026-02-17 17:20:00+00:00,2026-10-06T08:14:56Z,4.052000,4.060000,4.048000,4.056000,4.056000,4.060000,4.048000,4.056000,changed
2026-02-17 18:20:00+00:00,2026-10-06T08:14:56Z,4.052000,4.060000,4.048000,4.058000,4.056000,4.060000,4.054000,4.058000,changed
2026-02-17 19:20:00+00:00,2026-10-06T08:14:56Z,4.060000,4.060000,4.052000,4.052000,4.058000,4.060000,4.052000,4.052000,changed
2026-02-18 14:20:00+00:00,2026-10-06T08:14:56Z,4.067000,4.085000,4.064000,4.079000,4.075000,4.085000,4.075000,4.079000,changed
2026-02-18 15:20:00+00:00,2026-10-06T08:14:56Z,4.079000,4.085000,4.073000,4.077000,4.083000,4.085000,4.073000,4.077000,changed
2026-02-18 16:20:00+00:00,2026-10-06T08:14:56Z,4.083000,4.083000,4.071000,4.073000,4.077000,4.079000,4.071000,4.073000,changed
2026-02-18 18:20:00+00:00,2026-10-06T08:14:56Z,4.071000,4.088000,4.071000,4.079000,4.075000,4.088000,4.075000,4.079000,changed
2026-02-18 19:20:00+00:00,2026-10-06T08:14:56Z,4.081000,4.088000,4.079000,4.079000,4.085000,4.088000,4.079000,4.079000,changed
2026-02-19 14:20:00+00:00,2026-10-06T08:14:56Z,4.100000,4.102000,4.083000,4.088000,4.106000,4.106000,4.083000,4.088000,changed
2026-02-19 15:20:00+00:00,2026-10-06T08:14:56Z,4.088000,4.094000,4.083000,4.085000,4.092000,4.094000,4.083000,4.085000,changed
2026-02-19 16:20:00+00:00,2026-10-06T08:14:56Z,4.088000,4.088000,4.081000,4.083000,4.086000,4.094000,4.081000,4.083000,changed
2026-02-19 17:20:00+00:00,2026-10-06T08:14:56Z,4.085000,4.086000,4.075000,4.075000,4.085000,4.088000,4.075000,4.075000,changed
2026-02-19 18:20:00+00:00,2026-10-06T08:14:56Z,4.085000,4.085000,4.065000,4.069000,4.085000,4.086000,4.065000,4.069000,changed
2026-02-19 19:20:00+00:00,2026-10-06T08:14:56Z,4.069000,4.079000,4.065000,4.075000,4.073000,4.079000,4.065000,4.075000,changed
2026-02-20 14:20:00+00:00,2026-10-06T08:14:56Z,4.071000,4.104000,4.069000,4.096000,4.063000,4.104000,4.060000,4.096000,changed
2026-02-20 15:20:00+00:00,2026-10-06T08:14:56Z,4.077000,4.104000,4.075000,4.086000,4.071000,4.104000,4.071000,4.086000,changed
2026-02-20 16:20:00+00:00,2026-10-06T08:14:56Z,4.096000,4.098000,4.083000,4.088000,4.092000,4.098000,4.083000,4.088000,changed
2026-02-20 17:20:00+00:00,2026-10-06T08:14:56Z,4.096000,4.100000,4.086000,4.096000,4.085000,4.100000,4.085000,4.096000,changed
2026-02-20 18:20:00+00:00,2026-10-06T08:14:56Z,4.094000,4.100000,4.081000,4.085000,4.086000,4.100000,4.081000,4.085000,changed
2026-02-20 19:20:00+00:00,2026-10-06T08:14:56Z,4.088000,4.094000,4.085000,4.086000,4.092000,4.094000,4.081000,4.086000,changed
2026-02-23 14:20:00+00:00,2026-10-06T08:14:56Z,4.063000,4.067000,4.054000,4.056000,4.067000,4.069000,4.054000,4.056000,changed
2026-02-23 15:20:00+00:00,2026-10-06T08:14:56Z,4.060000,4.060000,4.029000,4.033000,4.065000,4.067000,4.029000,4.033000,changed
2026-02-23 16:20:00+00:00,2026-10-06T08:14:56Z,4.042000,4.044000,4.025000,4.027000,4.054000,4.056000,4.025000,4.027000,changed
2026-02-23 17:20:00+00:00,2026-10-06T08:14:56Z,4.029000,4.029000,4.018000,4.027000,4.033000,4.035000,4.018000,4.027000,changed
2026-02-23 18:20:00+00:00,2026-10-06T08:14:56Z,4.023000,4.027000,4.021000,4.025000,4.027000,4.029000,4.018000,4.025000,changed
2026-02-23 19:20:00+00:00,2026-10-06T08:14:56Z,4.023000,4.031000,4.023000,4.029000,4.027000,4.031000,4.021000,4.029000,changed
2026-02-25 14:20:00+00:00,2026-10-06T08:14:56Z,4.056000,4.058000,4.050000,4.050000,4.050000,4.058000,4.050000,4.050000,changed
2026-02-25 15:20:00+00:00,2026-10-06T08:14:56Z,4.056000,4.058000,4.044000,4.046000,4.056000,4.056000,4.044000,4.046000,changed
2026-02-25 16:20:00+00:00,2026-10-06T08:14:56Z,4.052000,4.052000,4.035000,4.037000,4.046000,4.048000,4.035000,4.037000,changed
2026-02-25 17:20:00+00:00,2026-10-06T08:14:56Z,4.044000,4.044000,4.035000,4.039000,4.042000,4.042000,4.035000,4.039000,changed
2026-02-25 18:20:00+00:00,2026-10-06T08:14:56Z,4.035000,4.048000,4.035000,4.048000,4.037000,4.048000,4.037000,4.048000,changed
2026-02-25 19:20:00+00:00,2026-10-06T08:14:56Z,4.040000,4.050000,4.040000,4.048000,4.046000,4.050000,4.044000,4.048000,changed
2026-02-27 14:20:00+00:00,2026-10-06T08:14:56Z,3.987000,3.987000,3.970000,3.981000,3.987000,3.994000,3.970000,3.981000,changed
2026-02-27 15:20:00+00:00,2026-10-06T08:14:56Z,3.975000,3.983000,3.974000,3.975000,3.977000,3.983000,3.970000,3.975000,changed
2026-02-27 16:20:00+00:00,2026-10-06T08:14:56Z,3.975000,3.977000,3.968000,3.975000,3.979000,3.983000,3.968000,3.975000,changed
2026-02-27 17:20:00+00:00,2026-10-06T08:14:56Z,3.970000,3.975000,3.966000,3.966000,3.974000,3.975000,3.966000,3.966000,changed
2026-02-27 18:20:00+00:00,2026-10-06T08:14:56Z,3.972000,3.972000,3.958000,3.958000,3.970000,3.975000,3.958000,3.958000,changed
2026-02-27 19:20:00+00:00,2026-10-06T08:14:56Z,3.964000,3.964000,3.956000,3.962000,3.968000,3.968000,3.956000,3.962000,changed
2026-02-02 18:20:00+00:00,2026-10-06T09:01:12Z,4.263000,4.277000,4.261000,4.277000,4.271000,4.275000,4.271000,4.275000,changed
2026-02-02 19:20:00+00:00,2026-10-06T09:01:12Z,4.273000,4.279000,4.269000,4.275000,4.275000,4.279000,4.269000,4.275000,changed
2026-02-03 14:20:00+00:00,2026-10-06T09:01:12Z,4.293000,4.300000,4.282000,4.284000,4.292000,4.300000,4.282000,4.284000,changed
2026-02-03 15:20:00+00:00,2026-10-06T09:01:12Z,4.284000,4.293000,4.279000,4.287000,4.292000,4.293000,4.279000,4.287000,changed
2026-02-03 16:20:00+00:00,2026-10-06T09:01:12Z,4.292000,4.293000,4.278000,4.285000,4.285000,4.293000,4.278000,4.285000,changed
2026-02-03 18:20:00+00:00,2026-10-06T09:01:12Z,4.290000,4.292000,4.266000,4.271000,4.290000,4.293000,4.266000,4.271000,changed
2026-02-03 19:20:00+00:00,2026-10-06T09:01:12Z,4.268000,4.278000,4.266000,4.274000,4.284000,4.284000,4.266000,4.274000,changed
2026-02-04 14:20:00+00:00,2026-10-06T09:01:12Z,4.282000,4.290000,4.269000,4.271000,4.271000,4.290000,4.269000,4.271000,changed
2026-02-04 15:20:00+00:00,2026-10-06T09:01:12Z,4.287000,4.287000,4.269000,4.271000,4.284000,4.290000,4.269000,4.271000,changed
2026-02-04 17:20:00+00:00,2026-10-06T09:01:12Z,4.275000,4.275000,4.261000,4.271000,4.278000,4.279000,4.261000,4.271000,changed
2026-02-04 18:20:00+00:00,2026-10-06T09:01:12Z,4.271000,4.279000,4.268000,4.279000,4.263000,4.279000,4.261000,4.279000,changed
2026-02-04 19:20:00+00:00,2026-10-06T09:01:12Z,4.269000,4.279000,4.269000,4.275000,4.275000,4.279000,4.268000,4.275000,changed
2026-02-05 14:20:00+00:00,2026-10-06T09:01:12Z,4.246000,4.250000,4.222000,4.222000,4.232000,4.250000,4.222000,4.222000,changed
2026-02-05 15:20:00+00:00,2026-10-06T09:01:12Z,4.236000,4.250000,4.206000,4.210000,4.234000,4.236000,4.206000,4.210000,changed
2026-02-05 16:20:00+00:00,2026-10-06T09:01:12Z,4.214000,4.220000,4.206000,4.210000,4.216000,4.220000,4.206000,4.210000,changed
2026-02-05 17:20:00+00:00,2026-10-06T09:01:12Z,4.218000,4.220000,4.208000,4.212000,4.216000,4.218000,4.208000,4.212000,changed
2026-02-05 18:20:00+00:00,2026-10-06T09:01:12Z,4.216000,4.218000,4.204000,4.210000,4.212000,4.212000,4.204000,4.210000,changed
2026-02-05 19:20:00+00:00,2026-10-06T09:01:12Z,4.208000,4.210000,4.204000,4.210000,4.204000,4.210000,4.204000,4.210000,changed
2026-02-06 14:20:00+00:00,2026-10-06T09:01:12Z,4.204000,4.220000,4.194000,4.216000,4.198000,4.220000,4.194000,4.216000,changed
2026-02-06 15:20:00+00:00,2026-10-06T09:01:12Z,4.196000,4.224000,4.194000,4.218000,4.214000,4.222000,4.212000,4.218000,changed
2026-02-06 16:20:00+00:00,2026-10-06T09:01:12Z,4.220000,4.224000,4.212000,4.218000,4.216000,4.220000,4.216000,4.218000,changed
2026-02-06 17:20:00+00:00,2026-10-06T09:01:12Z,4.216000,4.220000,4.212000,4.216000,4.218000,4.220000,4.214000,4.216000,changed
2026-02-06 18:20:00+00:00,2026-10-06T09:01:12Z,4.218000,4.220000,4.208000,4.210000,4.214000,4.216000,4.208000,4.210000,changed
2026-02-06 19:20:00+00:00,2026-10-06T09:01:12Z,4.214000,4.214000,4.206000,4.206000,4.210000,4.212000,4.206000,4.206000,changed
2026-02-09 14:20:00+00:00,2026-10-06T09:01:12Z,4.218000,4.226000,4.210000,4.220000,4.220000,4.226000,4.210000,4.220000,changed
2026-02-09 15:20:00+00:00,2026-10-06T09:01:12Z,4.216000,4.226000,4.206000,4.208000,4.218000,4.222000,4.206000,4.208000,changed
2026-02-09 16:20:00+00:00,2026-10-06T09:01:12Z,4.214000,4.220000,4.206000,4.206000,4.212000,4.216000,4.206000,4.206000,changed
2026-02-09 17:20:00+00:00,2026-10-06T09:01:12Z,4.210000,4.216000,4.202000,4.206000,4.210000,4.212000,4.202000,4.206000,changed
2026-02-09 18:20:00+00:00,2026-10-06T09:01:12Z,4.204000,4.210000,4.200000,4.202000,4.206000,4.210000,4.200000,4.202000,changed
2026-02-09 19:20:00+00:00,2026-10-06T09:01:12Z,4.206000,4.206000,4.196000,4.198000,4.204000,4.204000,4.196000,4.198000,changed
2026-02-10 14:20:00+00:00,2026-10-06T09:01:12Z,4.159000,4.162000,4.139000,4.145000,4.164000,4.166000,4.139000,4.145000,changed
2026-02-10 15:20:00+00:00,2026-10-06T09:01:12Z,4.147000,4.149000,4.135000,4.139000,4.154000,4.154000,4.135000,4.139000,changed
2026-02-10 16:20:00+00:00,2026-10-06T09:01:12Z,4.141000,4.151000,4.135000,4.145000,4.145000,4.151000,4.135000,4.145000,changed
2026-02-10 17:20:00+00:00,2026-10-06T09:01:12Z,4.145000,4.153000,4.143000,4.149000,4.137000,4.153000,4.137000,4.149000,changed
2026-02-10 18:20:00+00:00,2026-10-06T09:01:12Z,4.149000,4.153000,4.149000,4.151000,4.143000,4.153000,4.143000,4.151000,changed
2026-02-10 19:20:00+00:00,2026-10-06T09:01:12Z,4.151000,4.153000,4.145000,4.147000,4.153000,4.153000,4.145000,4.147000,changed
2026-02-11 14:20:00+00:00,2026-10-06T09:01:12Z,4.202000,4.202000,4.168000,4.170000,4.176000,4.206000,4.168000,4.170000,changed
2026-02-11 15:20:00+00:00,2026-10-06T09:01:12Z,4.182000,4.184000,4.165000,4.170000,4.184000,4.188000,4.165000,4.170000,changed
2026-02-11 16:20:00+00:00,2026-10-06T09:01:12Z,4.174000,4.178000,4.149000,4.149000,4.165000,4.178000,4.149000,4.149000,changed
2026-02-11 17:20:00+00:00,2026-10-06T09:01:12Z,4.151000,4.174000,4.147000,4.172000,4.165000,4.174000,4.147000,4.172000,changed
2026-02-11 18:20:00+00:00,2026-10-06T09:01:12Z,4.155000,4.178000,4.153000,4.172000,4.155000,4.178000,4.151000,4.172000,changed
2026-02-11 19:20:00+00:00,2026-10-06T09:01:12Z,4.176000,4.178000,4.170000,4.172000,4.174000,4.178000,4.166000,4.172000,changed
2026-02-12 14:20:00+00:00,2026-10-06T09:01:12Z,4.158000,4.169000,4.146000,4.146000,4.162000,4.169000,4.146000,4.146000,changed
2026-02-12 15:20:00+00:00,2026-10-06T09:01:12Z,4.164000,4.165000,4.125000,4.127000,4.152000,4.152000,4.125000,4.127000,changed
2026-02-12 16:20:00+00:00,2026-10-06T09:01:12Z,4.146000,4.146000,4.119000,4.123000,4.140000,4.140000,4.119000,4.123000,changed
2026-02-12 17:20:00+00:00,2026-10-06T09:01:12Z,4.121000,4.131000,4.102000,4.102000,4.127000,4.131000,4.102000,4.102000,changed
2026-02-12 18:20:00+00:00,2026-10-06T09:01:12Z,4.129000,4.131000,4.100000,4.100000,4.127000,4.129000,4.100000,4.100000,changed
2026-02-12 19:20:00+00:00,2026-10-06T09:01:12Z,4.102000,4.110000,4.100000,4.104000,4.104000,4.110000,4.100000,4.104000,changed
2026-02-13 14:20:00+00:00,2026-10-06T09:01:12Z,4.100000,4.100000,4.050000,4.064000,4.087000,4.090000,4.050000,4.064000,changed
2026-02-13 15:20:00+00:00,2026-10-06T09:01:12Z,4.067000,4.071000,4.050000,4.062000,4.062000,4.069000,4.056000,4.062000,changed
2026-02-13 16:20:00+00:00,2026-10-06T09:01:12Z,4.067000,4.069000,4.046000,4.054000,4.064000,4.064000,4.046000,4.054000,changed
2026-02-13 17:20:00+00:00,2026-10-06T09:01:12Z,4.056000,4.066000,4.046000,4.064000,4.052000,4.066000,4.052000,4.064000,changed
2026-02-13 18:20:00+00:00,2026-10-06T09:01:12Z,4.056000,4.067000,4.056000,4.064000,4.064000,4.067000,4.060000,4.064000,changed
2026-02-13 19:20:00+00:00,2026-10-06T09:01:12Z,4.064000,4.067000,4.054000,4.056000,4.066000,4.066000,4.054000,4.056000,changed
2026-02-17 14:20:00+00:00,2026-10-06T09:01:12Z,4.041000,4.058000,4.041000,4.052000,4.029000,4.058000,4.025000,4.052000,changed
2026-02-17 15:20:00+00:00,2026-10-06T09:01:12Z,4.045000,4.056000,4.039000,4.056000,4.048000,4.058000,4.039000,4.056000,changed
2026-02-17 16:20:00+00:00,2026-10-06T09:01:12Z,4.045000,4.056000,4.045000,4.052000,4.048000,4.056000,4.039000,4.052000,changed
2026-02-17 17:20:00+00:00,2026-10-06T09:01:12Z,4.056000,4.060000,4.048000,4.056000,4.052000,4.060000,4.048000,4.056000,changed
2026-02-17 18:20:00+00:00,2026-10-06T09:01:12Z,4.056000,4.060000,4.054000,4.058000,4.052000,4.060000,4.048000,4.058000,changed
2026-02-17 19:20:00+00:00,2026-10-06T09:01:12Z,4.058000,4.060000,4.052000,4.052000,4.060000,4.060000,4.052000,4.052000,changed
2026-02-18 14:20:00+00:00,2026-10-06T09:01:12Z,4.075000,4.085000,4.075000,4.079000,4.067000,4.085000,4.064000,4.079000,changed
2026-02-18 15:20:00+00:00,2026-10-06T09:01:12Z,4.083000,4.085000,4.073000,4.077000,4.079000,4.085000,4.073000,4.077000,changed
2026-02-18 16:20:00+00:00,2026-10-06T09:01:12Z,4.077000,4.079000,4.071000,4.073000,4.083000,4.083000,4.071000,4.073000,changed
2026-02-18 18:20:00+00:00,2026-10-06T09:01:12Z,4.075000,4.088000,4.075000,4.079000,4.071000,4.088000,4.071000,4.079000,changed
2026-02-18 19:20:00+00:00,2026-10-06T09:01:12Z,4.085000,4.088000,4.079000,4.079000,4.081000,4.088000,4.079000,4.079000,changed
2026-02-19 14:20:00+00:00,2026-10-06T09:01:12Z,4.106000,4.106000,4.083000,4.088000,4.100000,4.102000,4.083000,4.088000,changed
2026-02-19 15:20:00+00:00,2026-10-06T09:01:12Z,4.092000,4.094000,4.083000,4.085000,4.088000,4.094000,4.083000,4.085000,changed
2026-02-19 16:20:00+00:00,2026-10-06T09:01:12Z,4.086000,4.094000,4.081000,4.083000,4.088000,4.088000,4.081000,4.083000,changed
2026-02-19 17:20:00+00:00,2026-10-06T09:01:12Z,4.085000,4.088000,4.075000,4.075000,4.085000,4.086000,4.075000,4.075000,changed
2026-02-19 18:20:00+00:00,2026-10-06T09:01:12Z,4.085000,4.086000,4.065000,4.069000,4.085000,4.085000,4.065000,4.069000,changed
2026-02-19 19:20:00+00:00,2026-10-06T09:01:12Z,4.073000,4.079000,4.065000,4.075000,4.069000,4.079000,4.065000,4.075000,changed
2026-02-20 14:20:00+00:00,2026-10-06T09:01:12Z,4.063000,4.104000,4.060000,4.096000,4.071000,4.104000,4.069000,4.096000,changed
2026-02-20 15:20:00+00:00,2026-10-06T09:01:12Z,4.071000,4.104000,4.071000,4.086000,4.077000,4.104000,4.075000,4.086000,changed
2026-02-20 16:20:00+00:00,2026-10-06T09:01:12Z,4.092000,4.098000,4.083000,4.088000,4.096000,4.098000,4.083000,4.088000,changed
2026-02-20 17:20:00+00:00,2026-10-06T09:01:12Z,4.085000,4.100000,4.085000,4.096000,4.096000,4.100000,4.086000,4.096000,changed
2026-02-20 18:20:00+00:00,2026-10-06T09:01:12Z,4.086000,4.100000,4.081000,4.085000,4.094000,4.100000,4.081000,4.085000,changed
2026-02-20 19:20:00+00:00,2026-10-06T09:01:12Z,4.092000,4.094000,4.081000,4.086000,4.088000,4.094000,4.085000,4.086000,changed
2026-02-23 14:20:00+00:00,2026-10-06T09:01:12Z,4.067000,4.069000,4.054000,4.056000,4.063000,4.067000,4.054000,4.056000,changed
2026-02-23 15:20:00+00:00,2026-10-06T09:01:12Z,4.065000,4.067000,4.029000,4.033000,4.060000,4.060000,4.029000,4.033000,changed
2026-02-23 16:20:00+00:00,2026-10-06T09:01:12Z,4.054000,4.056000,4.025000,4.027000,4.042000,4.044000,4.025000,4.027000,changed
2026-02-23 17:20:00+00:00,2026-10-06T09:01:12Z,4.033000,4.035000,4.018000,4.027000,4.029000,4.029000,4.018000,4.027000,changed
2026-02-23 18:20:00+00:00,2026-10-06T09:01:12Z,4.027000,4.029000,4.018000,4.025000,4.023000,4.027000,4.021000,4.025000,changed
2026-02-23 19:20:00+00:00,2026-10-06T09:01:12Z,4.027000,4.031000,4.021000,4.029000,4.023000,4.031000,4.023000,4.029000,changed
2026-02-25 14:20:00+00:00,2026-10-06T09:01:12Z,4.050000,4.058000,4.050000,4.050000,4.056000,4.058000,4.050000,4.050000,changed
2026-02-25 15:20:00+00:00,2026-10-06T09:01:12Z,4.056000,4.056000,4.044000,4.046000,4.056000,4.058000,4.044000,4.046000,changed
2026-02-25 16:20:00+00:00,2026-10-06T09:01:12Z,4.046000,4.048000,4.035000,4.037000,4.052000,4.052000,4.035000,4.037000,changed
2026-02-25 17:20:00+00:00,2026-10-06T09:01:12Z,4.042000,4.042000,4.035000,4.039000,4.044000,4.044000,4.035000,4.039000,changed
2026-02-25 18:20:00+00:00,2026-10-06T09:01:12Z,4.037000,4.048000,4.037000,4.048000,4.035000,4.048000,4.035000,4.048000,changed
2026-02-25 19:20:00+00:00,2026-10-06T09:01:12Z,4.046000,4.050000,4.044000,4.048000,4.040000,4.050000,4.040000,4.048000,changed
2026-02-27 14:20:00+00:00,2026-10-06T09:01:12Z,3.987000,3.994000,3.970000,3.981000,3.987000,3.987000,3.970000,3.981000,changed
2026-02-27 15:20:00+00:00,2026-10-06T09:01:12Z,3.977000,3.983000,3.970000,3.975000,3.975000,3.983000,3.974000,3.975000,changed
2026-02-27 16:20:00+00:00,2026-10-06T09:01:12Z,3.979000,3.983000,3.968000,3.975000,3.975000,3.977000,3.968000,3.975000,changed
2026-02-27 17:20:00+00:00,2026-10-06T09:01:12Z,3.974000,3.975000,3.966000,3.966000,3.970000,3.975000,3.966000,3.966000,changed
2026-02-27 18:20:00+00:00,2026-10-06T09:01:12Z,3.970000,3.975000,3.958000,3.958000,3.972000,3.972000,3.958000,3.958000,changed
2026-02-27 19:20:00+00:00,2026-10-06T09:01:12Z,3.968000,3.968000,3.956000,3.962000,3.964000,3.964000,3.956000,3.962000,changed
2026-02-02 18:20:00+00:00,2026-10-06T09:14:44Z,4.271000,4.275000,4.271000,4.275000,4.263000,4.277000,4.261000,4.277000,changed
2026-02-02 19:20:00+00:00,2026-10-06T09:14:44Z,4.275000,4.279000,4.269000,4.275000,4.273000,4.279000,4.269000,4.275000,changed
2026-02-03 14:20:00+00:00,2026-10-06T09:14:44Z,4.292000,4.300000,4.282000,4.284000,4.293000,4.300000,4.282000,4.284000,changed
2026-02-03 15:20:00+00:00,2026-10-06T09:14:44Z,4.292000,4.293000,4.279000,4.287000,4.284000,4.293000,4.279000,4.287000,changed
2026-02-03 16:20:00+00:00,2026-10-06T09:14:44Z,4.285000,4.293000,4.278000,4.285000,4.292000,4.293000,4.278000,4.285000,changed
2026-02-03 18:20:00+00:00,2026-10-06T09:14:44Z,4.290000,4.293000,4.266000,4.271000,4.290000,4.292000,4.266000,4.271000,changed
2026-02-03 19:20:00+00:00,2026-10-06T09:14:44Z,4.284000,4.284000,4.266000,4.274000,4.268000,4.278000,4.266000,4.274000,changed
2026-02-04 14:20:00+00:00,2026-10-06T09:14:44Z,4.271000,4.290000,4.269000,4.271000,4.282000,4.290000,4.269000,4.271000,changed
2026-02-04 15:20:00+00:00,2026-10-06T09:14:44Z,4.284000,4.290000,4.269000,4.271000,4.287000,4.287000,4.269000,4.271000,changed
2026-02-04 17:20:00+00:00,2026-10-06T09:14:44Z,4.278000,4.279000,4.261000,4.271000,4.275000,4.275000,4.261000,4.271000,changed
2026-02-04 18:20:00+00:00,2026-10-06T09:14:44Z,4.263000,4.279000,4.261000,4.279000,4.271000,4.279000,4.268000,4.279000,changed
2026-02-04 19:20:00+00:00,2026-10-06T09:14:44Z,4.275000,4.279000,4.268000,4.275000,4.269000,4.279000,4.269000,4.275000,changed
2026-02-05 14:20:00+00:00,2026-10-06T09:14:44Z,4.232000,4.250000,4.222000,4.222000,4.246000,4.250000,4.222000,4.222000,changed
2026-02-05 15:20:00+00:00,2026-10-06T09:14:44Z,4.234000,4.236000,4.206000,4.210000,4.236000,4.250000,4.206000,4.210000,changed
2026-02-05 16:20:00+00:00,2026-10-06T09:14:44Z,4.216000,4.220000,4.206000,4.210000,4.214000,4.220000,4.206000,4.210000,changed
2026-02-05 17:20:00+00:00,2026-10-06T09:14:44Z,4.216000,4.218000,4.208000,4.212000,4.218000,4.220000,4.208000,4.212000,changed
2026-02-05 18:20:00+00:00,2026-10-06T09:14:44Z,4.212000,4.212000,4.204000,4.210000,4.216000,4.218000,4.204000,4.210000,changed
2026-02-05 19:20:00+00:00,2026-10-06T09:14:44Z,4.204000,4.210000,4.204000,4.210000,4.208000,4.210000,4.204000,4.210000,changed
2026-02-06 14:20:00+00:00,2026-10-06T09:14:44Z,4.198000,4.220000,4.194000,4.216000,4.204000,4.220000,4.194000,4.216000,changed
2026-02-06 15:20:00+00:00,2026-10-06T09:14:44Z,4.214000,4.222000,4.212000,4.218000,4.196000,4.224000,4.194000,4.218000,changed
2026-02-06 16:20:00+00:00,2026-10-06T09:14:44Z,4.216000,4.220000,4.216000,4.218000,4.220000,4.224000,4.212000,4.218000,changed
2026-02-06 17:20:00+00:00,2026-10-06T09:14:44Z,4.218000,4.220000,4.214000,4.216000,4.216000,4.220000,4.212000,4.216000,changed
2026-02-06 18:20:00+00:00,2026-10-06T09:14:44Z,4.214000,4.216000,4.208000,4.210000,4.218000,4.220000,4.208000,4.210000,changed
2026-02-06 19:20:00+00:00,2026-10-06T09:14:44Z,4.210000,4.212000,4.206000,4.206000,4.214000,4.214000,4.206000,4.206000,changed
2026-02-09 14:20:00+00:00,2026-10-06T09:14:44Z,4.220000,4.226000,4.210000,4.220000,4.218000,4.226000,4.210000,4.220000,changed
2026-02-09 15:20:00+00:00,2026-10-06T09:14:44Z,4.218000,4.222000,4.206000,4.208000,4.216000,4.226000,4.206000,4.208000,changed
2026-02-09 16:20:00+00:00,2026-10-06T09:14:44Z,4.212000,4.216000,4.206000,4.206000,4.214000,4.220000,4.206000,4.206000,changed
2026-02-09 17:20:00+00:00,2026-10-06T09:14:44Z,4.210000,4.212000,4.202000,4.206000,4.210000,4.216000,4.202000,4.206000,changed
2026-02-09 18:20:00+00:00,2026-10-06T09:14:44Z,4.206000,4.210000,4.200000,4.202000,4.204000,4.210000,4.200000,4.202000,changed
2026-02-09 19:20:00+00:00,2026-10-06T09:14:44Z,4.204000,4.204000,4.196000,4.198000,4.206000,4.206000,4.196000,4.198000,changed
2026-02-10 14:20:00+00:00,2026-10-06T09:14:44Z,4.164000,4.166000,4.139000,4.145000,4.159000,4.162000,4.139000,4.145000,changed
2026-02-10 15:20:00+00:00,2026-10-06T09:14:44Z,4.154000,4.154000,4.135000,4.139000,4.147000,4.149000,4.135000,4.139000,changed
2026-02-10 16:20:00+00:00,2026-10-06T09:14:44Z,4.145000,4.151000,4.135000,4.145000,4.141000,4.151000,4.135000,4.145000,changed
2026-02-10 17:20:00+00:00,2026-10-06T09:14:44Z,4.137000,4.153000,4.137000,4.149000,4.145000,4.153000,4.143000,4.149000,changed
2026-02-10 18:20:00+00:00,2026-10-06T09:14:44Z,4.143000,4.153000,4.143000,4.151000,4.149000,4.153000,4.149000,4.151000,changed
2026-02-10 19:20:00+00:00,2026-10-06T09:14:44Z,4.153000,4.153000,4.145000,4.147000,4.151000,4.153000,4.145000,4.147000,changed
2026-02-11 14:20:00+00:00,2026-10-06T09:14:44Z,4.176000,4.206000,4.168000,4.170000,4.202000,4.202000,4.168000,4.170000,changed
2026-02-11 15:20:00+00:00,2026-10-06T09:14:44Z,4.184000,4.188000,4.165000,4.170000,4.182000,4.184000,4.165000,4.170000,changed
2026-02-11 16:20:00+00:00,2026-10-06T09:14:44Z,4.165000,4.178000,4.149000,4.149000,4.174000,4.178000,4.149000,4.149000,changed
2026-02-11 17:20:00+00:00,2026-10-06T09:14:44Z,4.165000,4.174000,4.147000,4.172000,4.151000,4.174000,4.147000,4.172000,changed
2026-02-11 18:20:00+00:00,2026-10-06T09:14:44Z,4.155000,4.178000,4.151000,4.172000,4.155000,4.178000,4.153000,4.172000,changed
2026-02-11 19:20:00+00:00,2026-10-06T09:14:44Z,4.174000,4.178000,4.166000,4.172000,4.176000,4.178000,4.170000,4.172000,changed
2026-02-12 14:20:00+00:00,2026-10-06T09:14:44Z,4.162000,4.169000,4.146000,4.146000,4.158000,4.169000,4.146000,4.146000,changed
2026-02-12 15:20:00+00:00,2026-10-06T09:14:44Z,4.152000,4.152000,4.125000,4.127000,4.164000,4.165000,4.125000,4.127000,changed
2026-02-12 16:20:00+00:00,2026-10-06T09:14:44Z,4.140000,4.140000,4.119000,4.123000,4.146000,4.146000,4.119000,4.123000,changed
2026-02-12 17:20:00+00:00,2026-10-06T09:14:44Z,4.127000,4.131000,4.102000,4.102000,4.121000,4.131000,4.102000,4.102000,changed
2026-02-12 18:20:00+00:00,2026-10-06T09:14:44Z,4.127000,4.129000,4.100000,4.100000,4.129000,4.131000,4.100000,4.100000,changed
2026-02-12 19:20:00+00:00,2026-10-06T09:14:44Z,4.104000,4.110000,4.100000,4.104000,4.102000,4.110000,4.100000,4.104000,changed
2026-02-13 14:20:00+00:00,2026-10-06T09:14:44Z,4.087000,4.090000,4.050000,4.064000,4.100000,4.100000,4.050000,4.064000,changed
2026-02-13 15:20:00+00:00,2026-10-06T09:14:44Z,4.062000,4.069000,4.056000,4.062000,4.067000,4.071000,4.050000,4.062000,changed
2026-02-13 16:20:00+00:00,2026-10-06T09:14:44Z,4.064000,4.064000,4.046000,4.054000,4.067000,4.069000,4.046000,4.054000,changed
2026-02-13 17:20:00+00:00,2026-10-06T09:14:44Z,4.052000,4.066000,4.052000,4.064000,4.056000,4.066000,4.046000,4.064000,changed
2026-02-13 18:20:00+00:00,2026-10-06T09:14:44Z,4.064000,4.067000,4.060000,4.064000,4.056000,4.067000,4.056000,4.064000,changed
2026-02-13 19:20:00+00:00,2026-10-06T09:14:44Z,4.066000,4.066000,4.054000,4.056000,4.064000,4.067000,4.054000,4.056000,changed
2026-02-17 14:20:00+00:00,2026-10-06T09:14:44Z,4.029000,4.058000,4.025000,4.052000,4.041000,4.058000,4.041000,4.052000,changed
2026-02-17 15:20:00+00:00,2026-10-06T09:14:44Z,4.048000,4.058000,4.039000,4.056000,4.045000,4.056000,4.039000,4.056000,changed
2026-02-17 16:20:00+00:00,2026-10-06T09:14:44Z,4.048000,4.056000,4.039000,4.052000,4.045000,4.056000,4.045000,4.052000,changed
2026-02-17 17:20:00+00:00,2026-10-06T09:14:44Z,4.052000,4.060000,4.048000,4.056000,4.056000,4.060000,4.048000,4.056000,changed
2026-02-17 18:20:00+00:00,2026-10-06T09:14:44Z,4.052000,4.060000,4.048000,4.058000,4.056000,4.060000,4.054000,4.058000,changed
2026-02-17 19:20:00+00:00,2026-10-06T09:14:44Z,4.060000,4.060000,4.052000,4.052000,4.058000,4.060000,4.052000,4.052000,changed
2026-02-18 14:20:00+00:00,2026-10-06T09:14:44Z,4.067000,4.085000,4.064000,4.079000,4.075000,4.085000,4.075000,4.079000,changed
2026-02-18 15:20:00+00:00,2026-10-06T09:14:44Z,4.079000,4.085000,4.073000,4.077000,4.083000,4.085000,4.073000,4.077000,changed
2026-02-18 16:20:00+00:00,2026-10-06T09:14:44Z,4.083000,4.083000,4.071000,4.073000,4.077000,4.079000,4.071000,4.073000,changed
2026-02-18 18:20:00+00:00,2026-10-06T09:14:44Z,4.071000,4.088000,4.071000,4.079000,4.075000,4.088000,4.075000,4.079000,changed
2026-02-18 19:20:00+00:00,2026-10-06T09:14:44Z,4.081000,4.088000,4.079000,4.079000,4.085000,4.088000,4.079000,4.079000,changed
2026-02-19 14:20:00+00:00,2026-10-06T09:14:44Z,4.100000,4.102000,4.083000,4.088000,4.106000,4.106000,4.083000,4.088000,changed
2026-02-19 15:20:00+00:00,2026-10-06T09:14:44Z,4.088000,4.094000,4.083000,4.085000,4.092000,4.094000,4.083000,4.085000,changed
2026-02-19 16:20:00+00:00,2026-10-06T09:14:44Z,4.088000,4.088000,4.081000,4.083000,4.086000,4.094000,4.081000,4.083000,changed
2026-02-19 17:20:00+00:00,2026-10-06T09:14:44Z,4.085000,4.086000,4.075000,4.075000,4.085000,4.088000,4.075000,4.075000,changed
2026-02-19 18:20:00+00:00,2026-10-06T09:14:44Z,4.085000,4.085000,4.065000,4.069000,4.085000,4.086000,4.065000,4.069000,changed
2026-02-19 19:20:00+00:00,2026-10-06T09:14:44Z,4.069000,4.079000,4.065000,4.075000,4.073000,4.079000,4.065000,4.075000,changed
2026-02-20 14:20:00+00:00,2026-10-06T09:14:44Z,4.071000,4.104000,4.069000,4.096000,4.063000,4.104000,4.060000,4.096000,changed
2026-02-20 15:20:00+00:00,2026-10-06T09:14:44Z,4.077000,4.104000,4.075000,4.086000,4.071000,4.104000,4.071000,4.086000,changed
2026-02-20 16:20:00+00:00,2026-10-06T09:14:44Z,4.096000,4.098000,4.083000,4.088000,4.092000,4.098000,4.083000,4.088000,changed
2026-02-20 17:20:00+00:00,2026-10-06T09:14:44Z,4.096000,4.100000,4.086000,4.096000,4.085000,4.100000,4.085000,4.096000,changed
2026-02-20 18:20:00+00:00,2026-10-06T09:14:44Z,4.094000,4.100000,4.081000,4.085000,4.086000,4.100000,4.081000,4.085000,changed
2026-02-20 19:20:00+00:00,2026-10-06T09:14:44Z,4.088000,4.094000,4.085000,4.086000,4.092000,4.094000,4.081000,4.086000,changed
2026-02-23 14:20:00+00:00,2026-10-06T09:14:44Z,4.063000,4.067000,4.054000,4.056000,4.067000,4.069000,4.054000,4.056000,changed
2026-02-23 15:20:00+00:00,2026-10-06T09:14:44Z,4.060000,4.060000,4.029000,4.033000,4.065000,4.067000,4.029000,4.033000,changed
2026-02-23 16:20:00+00:00,2026-10-06T09:14:44Z,4.042000,4.044000,4.025000,4.027000,4.054000,4.056000,4.025000,4.027000,changed
2026-02-23 17:20:00+00:00,2026-10-06T09:14:44Z,4.029000,4.029000,4.018000,4.027000,4.033000,4.035000,4.018000,4.027000,changed
2026-02-23 18:20:00+00:00,2026-10-06T09:14:44Z,4.023000,4.027000,4.021000,4.025000,4.027000,4.029000,4.018000,4.025000,changed
2026-02-23 19:20:00+00:00,2026-10-06T09:14:44Z,4.023000,4.031000,4.023000,4.029000,4.027000,4.031000,4.021000,4.029000,changed
2026-02-25 14:20:00+00:00,2026-10-06T09:14:44Z,4.056000,4.058000,4.050000,4.050000,4.050000,4.058000,4.050000,4.050000,changed
2026-02-25 15:20:00+00:00,2026-10-06T09:14:44Z,4.056000,4.058000,4.044000,4.046000,4.056000,4.056000,4.044000,4.046000,changed
2026-02-25 16:20:00+00:00,2026-10-06T09:14:44Z,4.052000,4.052000,4.035000,4.037000,4.046000,4.048000,4.035000,4.037000,changed
2026-02-25 17:20:00+00:00,2026-10-06T09:14:44Z,4.044000,4.044000,4.035000,4.039000,4.042000,4.042000,4.035000,4.039000,changed
2026-02-25 18:20:00+00:00,2026-10-06T09:14:44Z,4.035000,4.048000,4.035000,4.048000,4.037000,4.048000,4.037000,4.048000,changed
2026-02-25 19:20:00+00:00,2026-10-06T09:14:44Z,4.040000,4.050000,4.040000,4.048000,4.046000,4.050000,4.044000,4.048000,changed
2026-02-27 14:20:00+00:00,2026-10-06T09:14:44Z,3.987000,3.987000,3.970000,3.981000,3.987000,3.994000,3.970000,3.981000,changed
2026-02-27 15:20:00+00:00,2026-10-06T09:14:44Z,3.975000,3.983000,3.974000,3.975000,3.977000,3.983000,3.970000,3.975000,changed
2026-02-27 16:20:00+00:00,2026-10-06T09:14:44Z,3.975000,3.977000,3.968000,3.975000,3.979000,3.983000,3.968000,3.975000,changed
2026-02-27 17:20:00+00:00,2026-10-06T09:14:44Z,3.970000,3.975000,3.966000,3.966000,3.974000,3.975000,3.966000,3.966000,changed
2026-02-27 18:20:00+00:00,2026-10-06T09:14:44Z,3.972000,3.972000,3.958000,3.958000,3.970000,3.975000,3.958000,3.958000,changed
2026-02-27 19:20:00+00:00,2026-10-06T09:14:44Z,3.964000,3.964000,3.956000,3.962000,3.968000,3.968000,3.956000,3.962000,changed
2026-02-02 18:20:00+00:00,2026-10-06T09:31:48Z,4.263000,4.277000,4.261000,4.277000,4.271000,4.275000,4.271000,4.275000,changed
2026-02-02 19:20:00+00:00,2026-10-06T09:31:48Z,4.273000,4.279000,4.269000,4.275000,4.275000,4.279000,4.269000,4.275000,changed
2026-02-03 14:20:00+00:00,2026-10-06T09:31:48Z,4.293000,4.300000,4.282000,4.284000,4.292000,4.300000,4.282000,4.284000,changed
2026-02-03 15:20:00+00:00,2026-10-06T09:31:48Z,4.284000,4.293000,4.279000,4.287000,4.292000,4.293000,4.279000,4.287000,changed
2026-02-03 16:20:00+00:00,2026-10-06T09:31:48Z,4.292000,4.293000,4.278000,4.285000,4.285000,4.293000,4.278000,4.285000,changed
2026-02-03 18:20:00+00:00,2026-10-06T09:31:48Z,4.290000,4.292000,4.266000,4.271000,4.290000,4.293000,4.266000,4.271000,changed
2026-02-03 19:20:00+00:00,2026-10-06T09:31:48Z,4.268000,4.278000,4.266000,4.274000,4.284000,4.284000,4.266000,4.274000,changed
2026-02-04 14:20:00+00:00,2026-10-06T09:31:48Z,4.282000,4.290000,4.269000,4.271000,4.271000,4.290000,4.269000,4.271000,changed
2026-02-04 15:20:00+00:00,2026-10-06T09:31:48Z,4.287000,4.287000,4.269000,4.271000,4.284000,4.290000,4.269000,4.271000,changed
2026-02-04 17:20:00+00:00,2026-10-06T09:31:48Z,4.275000,4.275000,4.261000,4.271000,4.278000,4.279000,4.261000,4.271000,changed
2026-02-04 18:20:00+00:00,2026-10-06T09:31:48Z,4.271000,4.279000,4.268000,4.279000,4.263000,4.279000,4.261000,4.279000,changed
2026-02-04 19:20:00+00:00,2026-10-06T09:31:48Z,4.269000,4.279000,4.269000,4.275000,4.275000,4.279000,4.268000,4.275000,changed
2026-02-05 14:20:00+00:00,2026-10-06T09:31:48Z,4.246000,4.250000,4.222000,4.222000,4.232000,4.250000,4.222000,4.222000,changed
2026-02-05 15:20:00+00:00,2026-10-06T09:31:48Z,4.236000,4.250000,4.206000,4.210000,4.234000,4.236000,4.206000,4.210000,changed
2026-02-05 16:20:00+00:00,2026-10-06T09:31:48Z,4.214000,4.220000,4.206000,4.210000,4.216000,4.220000,4.206000,4.210000,changed
2026-02-05 17:20:00+00:00,2026-10-06T09:31:48Z,4.218000,4.220000,4.208000,4.212000,4.216000,4.218000,4.208000,4.212000,changed
2026-02-05 18:20:00+00:00,2026-10-06T09:31:48Z,4.216000,4.218000,4.204000,4.210000,4.212000,4.212000,4.204000,4.210000,changed
2026-02-05 19:20:00+00:00,2026-10-06T09:31:48Z,4.208000,4.210000,4.204000,4.210000,4.204000,4.210000,4.204000,4.210000,changed
2026-02-06 14:20:00+00:00,2026-10-06T09:31:48Z,4.204000,4.220000,4.194000,4.216000,4.198000,4.220000,4.194000,4.216000,changed
2026-02-06 15:20:00+00:00,2026-10-06T09:31:48Z,4.196000,4.224000,4.194000,4.218000,4.214000,4.222000,4.212000,4.218000,changed
2026-02-06 16:20:00+00:00,2026-10-06T09:31:48Z,4.220000,4.224000,4.212000,4.218000,4.216000,4.220000,4.216000,4.218000,changed
2026-02-06 17:20:00+00:00,2026-10-06T09:31:48Z,4.216000,4.220000,4.212000,4.216000,4.218000,4.220000,4.214000,4.216000,changed
2026-02-06 18:20:00+00:00,2026-10-06T09:31:48Z,4.218000,4.220000,4.208000,4.210000,4.214000,4.216000,4.208000,4.210000,changed
2026-02-06 19:20:00+00:00,2026-10-06T09:31:48Z,4.214000,4.214000,4.206000,4.206000,4.210000,4.212000,4.206000,4.206000,changed
2026-02-09 14:20:00+00:00,2026-10-06T09:31:48Z,4.218000,4.226000,4.210000,4.220000,4.220000,4.226000,4.210000,4.220000,changed
2026-02-09 15:20:00+00:00,2026-10-06T09:31:48Z,4.216000,4.226000,4.206000,4.208000,4.218000,4.222000,4.206000,4.208000,changed
2026-02-09 16:20:00+00:00,2026-10-06T09:31:48Z,4.214000,4.220000,4.206000,4.206000,4.212000,4.216000,4.206000,4.206000,changed
2026-02-09 17:20:00+00:00,2026-10-06T09:31:48Z,4.210000,4.216000,4.202000,4.206000,4.210000,4.212000,4.202000,4.206000,changed
2026-02-09 18:20:00+00:00,2026-10-06T09:31:48Z,4.204000,4.210000,4.200000,4.202000,4.206000,4.210000,4.200000,4.202000,changed
2026-02-09 19:20:00+00:00,2026-10-06T09:31:48Z,4.206000,4.206000,4.196000,4.198000,4.204000,4.204000,4.196000,4.198000,changed
2026-02-10 14:20:00+00:00,2026-10-06T09:31:48Z,4.159000,4.162000,4.139000,4.145000,4.164000,4.166000,4.139000,4.145000,changed
2026-02-10 15:20:00+00:00,2026-10-06T09:31:48Z,4.147000,4.149000,4.135000,4.139000,4.154000,4.154000,4.135000,4.139000,changed
2026-02-10 16:20:00+00:00,2026-10-06T09:31:48Z,4.141000,4.151000,4.135000,4.145000,4.145000,4.151000,4.135000,4.145000,changed
2026-02-10 17:20:00+00:00,2026-10-06T09:31:48Z,4.145000,4.153000,4.143000,4.149000,4.137000,4.153000,4.137000,4.149000,changed
2026-02-10 18:20:00+00:00,2026-10-06T09:31:48Z,4.149000,4.153000,4.149000,4.151000,4.143000,4.153000,4.143000,4.151000,changed
2026-02-10 19:20:00+00:00,2026-10-06T09:31:48Z,4.151000,4.153000,4.145000,4.147000,4.153000,4.153000,4.145000,4.147000,changed
2026-02-11 14:20:00+00:00,2026-10-06T09:31:48Z,4.202000,4.202000,4.168000,4.170000,4.176000,4.206000,4.168000,4.170000,changed
2026-02-11 15:20:00+00:00,2026-10-06T09:31:48Z,4.182000,4.184000,4.165000,4.170000,4.184000,4.188000,4.165000,4.170000,changed
2026-02-11 16:20:00+00:00,2026-10-06T09:31:48Z,4.174000,4.178000,4.149000,4.149000,4.165000,4.178000,4.149000,4.149000,changed
2026-02-11 17:20:00+00:00,2026-10-06T09:31:48Z,4.151000,4.174000,4.147000,4.172000,4.165000,4.174000,4.147000,4.172000,changed
2026-02-11 18:20:00+00:00,2026-10-06T09:31:48Z,4.155000,4.178000,4.153000,4.172000,4.155000,4.178000,4.151000,4.172000,changed
2026-02-11 19:20:00+00:00,2026-10-06T09:31:48Z,4.176000,4.178000,4.170000,4.172000,4.174000,4.178000,4.166000,4.172000,changed
2026-02-12 14:20:00+00:00,2026-10-06T09:31:48Z,4.158000,4.169000,4.146000,4.146000,4.162000,4.169000,4.146000,4.146000,changed
2026-02-12 15:20:00+00:00,2026-10-06T09:31:48Z,4.164000,4.165000,4.125000,4.127000,4.152000,4.152000,4.125000,4.127000,changed
2026-02-12 16:20:00+00:00,2026-10-06T09:31:48Z,4.146000,4.146000,4.119000,4.123000,4.140000,4.140000,4.119000,4.123000,changed
2026-02-12 17:20:00+00:00,2026-10-06T09:31:48Z,4.121000,4.131000,4.102000,4.102000,4.127000,4.131000,4.102000,4.102000,changed
2026-02-12 18:20:00+00:00,2026-10-06T09:31:48Z,4.129000,4.131000,4.100000,4.100000,4.127000,4.129000,4.100000,4.100000,changed
2026-02-12 19:20:00+00:00,2026-10-06T09:31:48Z,4.102000,4.110000,4.100000,4.104000,4.104000,4.110000,4.100000,4.104000,changed
2026-02-13 14:20:00+00:00,2026-10-06T09:31:48Z,4.100000,4.100000,4.050000,4.064000,4.087000,4.090000,4.050000,4.064000,changed
2026-02-13 15:20:00+00:00,2026-10-06T09:31:48Z,4.067000,4.071000,4.050000,4.062000,4.062000,4.069000,4.056000,4.062000,changed
2026-02-13 16:20:00+00:00,2026-10-06T09:31:48Z,4.067000,4.069000,4.046000,4.054000,4.064000,4.064000,4.046000,4.054000,changed
2026-02-13 17:20:00+00:00,2026-10-06T09:31:48Z,4.056000,4.066000,4.046000,4.064000,4.052000,4.066000,4.052000,4.064000,changed
2026-02-13 18:20:00+00:00,2026-10-06T09:31:48Z,4.056000,4.067000,4.056000,4.064000,4.064000,4.067000,4.060000,4.064000,changed
2026-02-13 19:20:00+00:00,2026-10-06T09:31:48Z,4.064000,4.067000,4.054000,4.056000,4.066000,4.066000,4.054000,4.056000,changed
2026-02-17 14:20:00+00:00,2026-10-06T09:31:48Z,4.041000,4.058000,4.041000,4.052000,4.029000,4.058000,4.025000,4.052000,changed
2026-02-17 15:20:00+00:00,2026-10-06T09:31:48Z,4.045000,4.056000,4.039000,4.056000,4.048000,4.058000,4.039000,4.056000,changed
2026-02-17 16:20:00+00:00,2026-10-06T09:31:48Z,4.045000,4.056000,4.045000,4.052000,4.048000,4.056000,4.039000,4.052000,changed
2026-02-17 17:20:00+00:00,2026-10-06T09:31:48Z,4.056000,4.060000,4.048000,4.056000,4.052000,4.060000,4.048000,4.056000,changed
2026-02-17 18:20:00+00:00,2026-10-06T09:31:48Z,4.056000,4.060000,4.054000,4.058000,4.052000,4.060000,4.048000,4.058000,changed
2026-02-17 19:20:00+00:00,2026-10-06T09:31:48Z,4.058000,4.060000,4.052000,4.052000,4.060000,4.060000,4.052000,4.052000,changed
2026-02-18 14:20:00+00:00,2026-10-06T09:31:48Z,4.075000,4.085000,4.075000,4.079000,4.067000,4.085000,4.064000,4.079000,changed
2026-02-18 15:20:00+00:00,2026-10-06T09:31:48Z,4.083000,4.085000,4.073000,4.077000,4.079000,4.085000,4.073000,4.077000,changed
2026-02-18 16:20:00+00:00,2026-10-06T09:31:48Z,4.077000,4.079000,4.071000,4.073000,4.083000,4.083000,4.071000,4.073000,changed
2026-02-18 18:20:00+00:00,2026-10-06T09:31:48Z,4.075000,4.088000,4.075000,4.079000,4.071000,4.088000,4.071000,4.079000,changed
2026-02-18 19:20:00+00:00,2026-10-06T09:31:48Z,4.085000,4.088000,4.079000,4.079000,4.081000,4.088000,4.079000,4.079000,changed
2026-02-19 14:20:00+00:00,2026-10-06T09:31:48Z,4.106000,4.106000,4.083000,4.088000,4.100000,4.102000,4.083000,4.088000,changed
2026-02-19 15:20:00+00:00,2026-10-06T09:31:48Z,4.092000,4.094000,4.083000,4.085000,4.088000,4.094000,4.083000,4.085000,changed
2026-02-19 16:20:00+00:00,2026-10-06T09:31:48Z,4.086000,4.094000,4.081000,4.083000,4.088000,4.088000,4.081000,4.083000,changed
2026-02-19 17:20:00+00:00,2026-10-06T09:31:48Z,4.085000,4.088000,4.075000,4.075000,4.085000,4.086000,4.075000,4.075000,changed
2026-02-19 18:20:00+00:00,2026-10-06T09:31:48Z,4.085000,4.086000,4.065000,4.069000,4.085000,4.085000,4.065000,4.069000,changed
2026-02-19 19:20:00+00:00,2026-10-06T09:31:48Z,4.073000,4.079000,4.065000,4.075000,4.069000,4.079000,4.065000,4.075000,changed
2026-02-20 14:20:00+00:00,2026-10-06T09:31:48Z,4.063000,4.104000,4.060000,4.096000,4.071000,4.104000,4.069000,4.096000,changed
2026-02-20 15:20:00+00:00,2026-10-06T09:31:48Z,4.071000,4.104000,4.071000,4.086000,4.077000,4.104000,4.075000,4.086000,changed
2026-02-20 16:20:00+00:00,2026-10-06T09:31:48Z,4.092000,4.098000,4.083000,4.088000,4.096000,4.098000,4.083000,4.088000,changed
2026-02-20 17:20:00+00:00,2026-10-06T09:31:48Z,4.085000,4.100000,4.085000,4.096000,4.096000,4.100000,4.086000,4.096000,changed
2026-02-20 18:20:00+00:00,2026-10-06T09:31:48Z,4.086000,4.100000,4.081000,4.085000,4.094000,4.100000,4.081000,4.085000,changed
2026-02-20 19:20:00+00:00,2026-10-06T09:31:48Z,4.092000,4.094000,4.081000,4.086000,4.088000,4.094000,4.085000,4.086000,changed
2026-02-23 14:20:00+00:00,2026-10-06T09:31:48Z,4.067000,4.069000,4.054000,4.056000,4.063000,4.067000,4.054000,4.056000,changed
2026-02-23 15:20:00+00:00,2026-10-06T09:31:48Z,4.065000,4.067000,4.029000,4.033000,4.060000,4.060000,4.029000,4.033000,changed
2026-02-23 16:20:00+00:00,2026-10-06T09:31:48Z,4.054000,4.056000,4.025000,4.027000,4.042000,4.044000,4.025000,4.027000,changed
2026-02-23 17:20:00+00:00,2026-10-06T09:31:48Z,4.033000,4.035000,4.018000,4.027000,4.029000,4.029000,4.018000,4.027000,changed
2026-02-23 18:20:00+00:00,2026-10-06T09:31:48Z,4.027000,4.029000,4.018000,4.025000,4.023000,4.027000,4.021000,4.025000,changed
2026-02-23 19:20:00+00:00,2026-10-06T09:31:48Z,4.027000,4.031000,4.021000,4.029000,4.023000,4.031000,4.023000,4.029000,changed
2026-02-25 14:20:00+00:00,2026-10-06T09:31:48Z,4.050000,4.058000,4.050000,4.050000,4.056000,4.058000,4.050000,4.050000,changed
2026-02-25 15:20:00+00:00,2026-10-06T09:31:48Z,4.056000,4.056000,4.044000,4.046000,4.056000,4.058000,4.044000,4.046000,changed
2026-02-25 16:20:00+00:00,2026-10-06T09:31:48Z,4.046000,4.048000,4.035000,4.037000,4.052000,4.052000,4.035000,4.037000,changed
2026-02-25 17:20:00+00:00,2026-10-06T09:31:48Z,4.042000,4.042000,4.035000,4.039000,4.044000,4.044000,4.035000,4.039000,changed
2026-02-25 18:20:00+00:00,2026-10-06T09:31:48Z,4.037000,4.048000,4.037000,4.048000,4.035000,4.048000,4.035000,4.048000,changed
2026-02-25 19:20:00+00:00,2026-10-06T09:31:48Z,4.046000,4.050000,4.044000,4.048000,4.040000,4.050000,4.040000,4.048000,changed
2026-02-27 14:20:00+00:00,2026-10-06T09:31:48Z,3.987000,3.994000,3.970000,3.981000,3.987000,3.987000,3.970000,3.981000,changed
2026-02-27 15:20:00+00:00,2026-10-06T09:31:48Z,3.977000,3.983000,3.970000,3.975000,3.975000,3.983000,3.974000,3.975000,changed
2026-02-27 16:20:00+00:00,2026-10-06T09:31:48Z,3.979000,3.983000,3.968000,3.975000,3.975000,3.977000,3.968000,3.975000,changed
2026-02-27 17:20:00+00:00,2026-10-06T09:31:48Z,3.974000,3.975000,3.966000,3.966000,3.970000,3.975000,3.966000,3.966000,changed
2026-02-27 18:20:00+00:00,2026-10-06T09:31:48Z,3.970000,3.975000,3.958000,3.958000,3.972000,3.972000,3.958000,3.958000,changed
2026-02-27 19:20:00+00:00,2026-10-06T09:31:48Z,3.968000,3.968000,3.956000,3.962000,3.964000,3.964000,3.956000,3.962000,changed
2026-02-02 18:20:00+00:00,2026-10-06T10:00:18Z,4.271000,4.275000,4.271000,4.275000,4.263000,4.277000,4.261000,4.277000,changed
2026-02-02 19:20:00+00:00,2026-10-06T10:00:18Z,4.275000,4.279000,4.269000,4.275000,4.273000,4.279000,4.269000,4.275000,changed
2026-02-03 14:20:00+00:00,2026-10-06T10:00:18Z,4.292000,4.300000,4.282000,4.284000,4.293000,4.300000,4.282000,4.284000,changed
2026-02-03 15:20:00+00:00,2026-10-06T10:00:18Z,4.292000,4.293000,4.279000,4.287000,4.284000,4.293000,4.279000,4.287000,changed
2026-02-03 16:20:00+00:00,2026-10-06T10:00:18Z,4.285000,4.293000,4.278000,4.285000,4.292000,4.293000,4.278000,4.285000,changed
2026-02-03 18:20:00+00:00,2026-10-06T10:00:18Z,4.290000,4.293000,4.266000,4.271000,4.290000,4.292000,4.266000,4.271000,changed
2026-02-03 19:20:00+00:00,2026-10-06T10:00:18Z,4.284000,4.284000,4.266000,4.274000,4.268000,4.278000,4.266000,4.274000,changed
2026-02-04 14:20:00+00:00,2026-10-06T10:00:18Z,4.271000,4.290000,4.269000,4.271000,4.282000,4.290000,4.269000,4.271000,changed
2026-02-04 15:20:00+00:00,2026-10-06T10:00:18Z,4.284000,4.290000,4.269000,4.271000,4.287000,4.287000,4.269000,4.271000,changed
2026-02-04 17:20:00+00:00,2026-10-06T10:00:18Z,4.278000,4.279000,4.261000,4.271000,4.275000,4.275000,4.261000,4.271000,changed
2026-02-04 18:20:00+00:00,2026-10-06T10:00:18Z,4.263000,4.279000,4.261000,4.279000,4.271000,4.279000,4.268000,4.279000,changed
2026-02-04 19:20:00+00:00,2026-10-06T10:00:18Z,4.275000,4.279000,4.268000,4.275000,4.269000,4.279000,4.269000,4.275000,changed
2026-02-05 14:20:00+00:00,2026-10-06T10:00:18Z,4.232000,4.250000,4.222000,4.222000,4.246000,4.250000,4.222000,4.222000,changed
2026-02-05 15:20:00+00:00,2026-10-06T10:00:18Z,4.234000,4.236000,4.206000,4.210000,4.236000,4.250000,4.206000,4.210000,changed
2026-02-05 16:20:00+00:00,2026-10-06T10:00:18Z,4.216000,4.220000,4.206000,4.210000,4.214000,4.220000,4.206000,4.210000,changed
2026-02-05 17:20:00+00:00,2026-10-06T10:00:18Z,4.216000,4.218000,4.208000,4.212000,4.218000,4.220000,4.208000,4.212000,changed
2026-02-05 18:20:00+00:00,2026-10-06T10:00:18Z,4.212000,4.212000,4.204000,4.210000,4.216000,4.218000,4.204000,4.210000,changed
2026-02-05 19:20:00+00:00,2026-10-06T10:00:18Z,4.204000,4.210000,4.204000,4.210000,4.208000,4.210000,4.204000,4.210000,changed
2026-02-06 14:20:00+00:00,2026-10-06T10:00:18Z,4.198000,4.220000,4.194000,4.216000,4.204000,4.220000,4.194000,4.216000,changed
2026-02-06 15:20:00+00:00,2026-10-06T10:00:18Z,4.214000,4.222000,4.212000,4.218000,4.196000,4.224000,4.194000,4.218000,changed
2026-02-06 16:20:00+00:00,2026-10-06T10:00:18Z,4.216000,4.220000,4.216000,4.218000,4.220000,4.224000,4.212000,4.218000,changed
2026-02-06 17:20:00+00:00,2026-10-06T10:00:18Z,4.218000,4.220000,4.214000,4.216000,4.216000,4.220000,4.212000,4.216000,changed
2026-02-06 18:20:00+00:00,2026-10-06T10:00:18Z,4.214000,4.216000,4.208000,4.210000,4.218000,4.220000,4.208000,4.210000,changed
2026-02-06 19:20:00+00:00,2026-10-06T10:00:18Z,4.210000,4.212000,4.206000,4.206000,4.214000,4.214000,4.206000,4.206000,changed
2026-02-09 14:20:00+00:00,2026-10-06T10:00:18Z,4.220000,4.226000,4.210000,4.220000,4.218000,4.226000,4.210000,4.220000,changed
2026-02-09 15:20:00+00:00,2026-10-06T10:00:18Z,4.218000,4.222000,4.206000,4.208000,4.216000,4.226000,4.206000,4.208000,changed
2026-02-09 16:20:00+00:00,2026-10-06T10:00:18Z,4.212000,4.216000,4.206000,4.206000,4.214000,4.220000,4.206000,4.206000,changed
2026-02-09 17:20:00+00:00,2026-10-06T10:00:18Z,4.210000,4.212000,4.202000,4.206000,4.210000,4.216000,4.202000,4.206000,changed
2026-02-09 18:20:00+00:00,2026-10-06T10:00:18Z,4.206000,4.210000,4.200000,4.202000,4.204000,4.210000,4.200000,4.202000,changed
2026-02-09 19:20:00+00:00,2026-10-06T10:00:18Z,4.204000,4.204000,4.196000,4.198000,4.206000,4.206000,4.196000,4.198000,changed
2026-02-10 14:20:00+00:00,2026-10-06T10:00:18Z,4.164000,4.166000,4.139000,4.145000,4.159000,4.162000,4.139000,4.145000,changed
2026-02-10 15:20:00+00:00,2026-10-06T10:00:18Z,4.154000,4.154000,4.135000,4.139000,4.147000,4.149000,4.135000,4.139000,changed
2026-02-10 16:20:00+00:00,2026-10-06T10:00:18Z,4.145000,4.151000,4.135000,4.145000,4.141000,4.151000,4.135000,4.145000,changed
2026-02-10 17:20:00+00:00,2026-10-06T10:00:18Z,4.137000,4.153000,4.137000,4.149000,4.145000,4.153000,4.143000,4.149000,changed
2026-02-10 18:20:00+00:00,2026-10-06T10:00:18Z,4.143000,4.153000,4.143000,4.151000,4.149000,4.153000,4.149000,4.151000,changed
2026-02-10 19:20:00+00:00,2026-10-06T10:00:18Z,4.153000,4.153000,4.145000,4.147000,4.151000,4.153000,4.145000,4.147000,changed
2026-02-11 14:20:00+00:00,2026-10-06T10:00:18Z,4.176000,4.206000,4.168000,4.170000,4.202000,4.202000,4.168000,4.170000,changed
2026-02-11 15:20:00+00:00,2026-10-06T10:00:18Z,4.184000,4.188000,4.165000,4.170000,4.182000,4.184000,4.165000,4.170000,changed
2026-02-11 16:20:00+00:00,2026-10-06T10:00:18Z,4.165000,4.178000,4.149000,4.149000,4.174000,4.178000,4.149000,4.149000,changed
2026-02-11 17:20:00+00:00,2026-10-06T10:00:18Z,4.165000,4.174000,4.147000,4.172000,4.151000,4.174000,4.147000,4.172000,changed
2026-02-11 18:20:00+00:00,2026-10-06T10:00:18Z,4.155000,4.178000,4.151000,4.172000,4.155000,4.178000,4.153000,4.172000,changed
2026-02-11 19:20:00+00:00,2026-10-06T10:00:18Z,4.174000,4.178000,4.166000,4.172000,4.176000,4.178000,4.170000,4.172000,changed
2026-02-12 14:20:00+00:00,2026-10-06T10:00:18Z,4.162000,4.169000,4.146000,4.146000,4.158000,4.169000,4.146000,4.146000,changed
2026-02-12 15:20:00+00:00,2026-10-06T10:00:18Z,4.152000,4.152000,4.125000,4.127000,4.164000,4.165000,4.125000,4.127000,changed
2026-02-12 16:20:00+00:00,2026-10-06T10:00:18Z,4.140000,4.140000,4.119000,4.123000,4.146000,4.146000,4.119000,4.123000,changed
2026-02-12 17:20:00+00:00,2026-10-06T10:00:18Z,4.127000,4.131000,4.102000,4.102000,4.121000,4.131000,4.102000,4.102000,changed
2026-02-12 18:20:00+00:00,2026-10-06T10:00:18Z,4.127000,4.129000,4.100000,4.100000,4.129000,4.131000,4.100000,4.100000,changed
2026-02-12 19:20:00+00:00,2026-10-06T10:00:18Z,4.104000,4.110000,4.100000,4.104000,4.102000,4.110000,4.100000,4.104000,changed
2026-02-13 14:20:00+00:00,2026-10-06T10:00:18Z,4.087000,4.090000,4.050000,4.064000,4.100000,4.100000,4.050000,4.064000,changed
2026-02-13 15:20:00+00:00,2026-10-06T10:00:18Z,4.062000,4.069000,4.056000,4.062000,4.067000,4.071000,4.050000,4.062000,changed
2026-02-13 16:20:00+00:00,2026-10-06T10:00:18Z,4.064000,4.064000,4.046000,4.054000,4.067000,4.069000,4.046000,4.054000,changed
2026-02-13 17:20:00+00:00,2026-10-06T10:00:18Z,4.052000,4.066000,4.052000,4.064000,4.056000,4.066000,4.046000,4.064000,changed
2026-02-13 18:20:00+00:00,2026-10-06T10:00:18Z,4.064000,4.067000,4.060000,4.064000,4.056000,4.067000,4.056000,4.064000,changed
2026-02-13 19:20:00+00:00,2026-10-06T10:00:18Z,4.066000,4.066000,4.054000,4.056000,4.064000,4.067000,4.054000,4.056000,changed
2026-02-17 14:20:00+00:00,2026-10-06T10:00:18Z,4.029000,4.058000,4.025000,4.052000,4.041000,4.058000,4.041000,4.052000,changed
2026-02-17 15:20:00+00:00,2026-10-06T10:00:18Z,4.048000,4.058000,4.039000,4.056000,4.045000,4.056000,4.039000,4.056000,changed
2026-02-17 16:20:00+00:00,2026-10-06T10:00:18Z,4.048000,4.056000,4.039000,4.052000,4.045000,4.056000,4.045000,4.052000,changed
2026-02-17 17:20:00+00:00,2026-10-06T10:00:18Z,4.052000,4.060000,4.048000,4.056000,4.056000,4.060000,4.048000,4.056000,changed
2026-02-17 18:20:00+00:00,2026-10-06T10:00:18Z,4.052000,4.060000,4.048000,4.058000,4.056000,4.060000,4.054000,4.058000,changed
2026-02-17 19:20:00+00:00,2026-10-06T10:00:18Z,4.060000,4.060000,4.052000,4.052000,4.058000,4.060000,4.052000,4.052000,changed
2026-02-18 14:20:00+00:00,2026-10-06T10:00:18Z,4.067000,4.085000,4.064000,4.079000,4.075000,4.085000,4.075000,4.079000,changed
2026-02-18 15:20:00+00:00,2026-10-06T10:00:18Z,4.079000,4.085000,4.073000,4.077000,4.083000,4.085000,4.073000,4.077000,changed
2026-02-18 16:20:00+00:00,2026-10-06T10:00:18Z,4.083000,4.083000,4.071000,4.073000,4.077000,4.079000,4.071000,4.073000,changed
2026-02-18 18:20:00+00:00,2026-10-06T10:00:18Z,4.071000,4.088000,4.071000,4.079000,4.075000,4.088000,4.075000,4.079000,changed
2026-02-18 19:20:00+00:00,2026-10-06T10:00:18Z,4.081000,4.088000,4.079000,4.079000,4.085000,4.088000,4.079000,4.079000,changed
2026-02-19 14:20:00+00:00,2026-10-06T10:00:18Z,4.100000,4.102000,4.083000,4.088000,4.106000,4.106000,4.083000,4.088000,changed
2026-02-19 15:20:00+00:00,2026-10-06T10:00:18Z,4.088000,4.094000,4.083000,4.085000,4.092000,4.094000,4.083000,4.085000,changed
2026-02-19 16:20:00+00:00,2026-10-06T10:00:18Z,4.088000,4.088000,4.081000,4.083000,4.086000,4.094000,4.081000,4.083000,changed
2026-02-19 17:20:00+00:00,2026-10-06T10:00:18Z,4.085000,4.086000,4.075000,4.075000,4.085000,4.088000,4.075000,4.075000,changed
2026-02-19 18:20:00+00:00,2026-10-06T10:00:18Z,4.085000,4.085000,4.065000,4.069000,4.085000,4.086000,4.065000,4.069000,changed
2026-02-19 19:20:00+00:00,2026-10-06T10:00:18Z,4.069000,4.079000,4.065000,4.075000,4.073000,4.079000,4.065000,4.075000,changed
2026-02-20 14:20:00+00:00,2026-10-06T10:00:18Z,4.071000,4.104000,4.069000,4.096000,4.063000,4.104000,4.060000,4.096000,changed
2026-02-20 15:20:00+00:00,2026-10-06T10:00:18Z,4.077000,4.104000,4.075000,4.086000,4.071000,4.104000,4.071000,4.086000,changed
2026-02-20 16:20:00+00:00,2026-10-06T10:00:18Z,4.096000,4.098000,4.083000,4.088000,4.092000,4.098000,4.083000,4.088000,changed
2026-02-20 17:20:00+00:00,2026-10-06T10:00:18Z,4.096000,4.100000,4.086000,4.096000,4.085000,4.100000,4.085000,4.096000,changed
2026-02-20 18:20:00+00:00,2026-10-06T10:00:18Z,4.094000,4.100000,4.081000,4.085000,4.086000,4.100000,4.081000,4.085000,changed
2026-02-20 19:20:00+00:00,2026-10-06T10:00:18Z,4.088000,4.094000,4.085000,4.086000,4.092000,4.094000,4.081000,4.086000,changed
2026-02-23 14:20:00+00:00,2026-10-06T10:00:18Z,4.063000,4.067000,4.054000,4.056000,4.067000,4.069000,4.054000,4.056000,changed
2026-02-23 15:20:00+00:00,2026-10-06T10:00:18Z,4.060000,4.060000,4.029000,4.033000,4.065000,4.067000,4.029000,4.033000,changed
2026-02-23 16:20:00+00:00,2026-10-06T10:00:18Z,4.042000,4.044000,4.025000,4.027000,4.054000,4.056000,4.025000,4.027000,changed
2026-02-23 17:20:00+00:00,2026-10-06T10:00:18Z,4.029000,4.029000,4.018000,4.027000,4.033000,4.035000,4.018000,4.027000,changed
2026-02-23 18:20:00+00:00,2026-10-06T10:00:18Z,4.023000,4.027000,4.021000,4.025000,4.027000,4.029000,4.018000,4.025000,changed
2026-02-23 19:20:00+00:00,2026-10-06T10:00:18Z,4.023000,4.031000,4.023000,4.029000,4.027000,4.031000,4.021000,4.029000,changed
2026-02-25 14:20:00+00:00,2026-10-06T10:00:18Z,4.056000,4.058000,4.050000,4.050000,4.050000,4.058000,4.050000,4.050000,changed
2026-02-25 15:20:00+00:00,2026-10-06T10:00:18Z,4.056000,4.058000,4.044000,4.046000,4.056000,4.056000,4.044000,4.046000,changed
2026-02-25 16:20:00+00:00,2026-10-06T10:00:18Z,4.052000,4.052000,4.035000,4.037000,4.046000,4.048000,4.035000,4.037000,changed
2026-02-25 17:20:00+00:00,2026-10-06T10:00:18Z,4.044000,4.044000,4.035000,4.039000,4.042000,4.042000,4.035000,4.039000,changed
2026-02-25 18:20:00+00:00,2026-10-06T10:00:18Z,4.035000,4.048000,4.035000,4.048000,4.037000,4.048000,4.037000,4.048000,changed
2026-02-25 19:20:00+00:00,2026-10-06T10:00:18Z,4.040000,4.050000,4.040000,4.048000,4.046000,4.050000,4.044000,4.048000,changed
2026-02-27 14:20:00+00:00,2026-10-06T10:00:18Z,3.987000,3.987000,3.970000,3.981000,3.987000,3.994000,3.970000,3.981000,changed
2026-02-27 15:20:00+00:00,2026-10-06T10:00:18Z,3.975000,3.983000,3.974000,3.975000,3.977000,3.983000,3.970000,3.975000,changed
2026-02-27 16:20:00+00:00,2026-10-06T10:00:18Z,3.975000,3.977000,3.968000,3.975000,3.979000,3.983000,3.968000,3.975000,changed
2026-02-27 17:20:00+00:00,2026-10-06T10:00:18Z,3.970000,3.975000,3.966000,3.966000,3.974000,3.975000,3.966000,3.966000,changed
2026-02-27 18:20:00+00:00,2026-10-06T10:00:18Z,3.972000,3.972000,3.958000,3.958000,3.970000,3.975000,3.958000,3.958000,changed
2026-02-27 19:20:00+00:00,2026-10-06T10:00:18Z,3.964000,3.964000,3.956000,3.962000,3.968000,3.968000,3.956000,3.962000,changed
2026-02-02 18:20:00+00:00,2026-10-06T10:31:07Z,4.263000,4.277000,4.261000,4.277000,4.271000,4.275000,4.271000,4.275000,changed
2026-02-02 19:20:00+00:00,2026-10-06T10:31:07Z,4.273000,4.279000,4.269000,4.275000,4.275000,4.279000,4.269000,4.275000,changed
2026-02-03 14:20:00+00:00,2026-10-06T10:31:07Z,4.293000,4.300000,4.282000,4.284000,4.292000,4.300000,4.282000,4.284000,changed
2026-02-03 15:20:00+00:00,2026-10-06T10:31:07Z,4.284000,4.293000,4.279000,4.287000,4.292000,4.293000,4.279000,4.287000,changed
2026-02-03 16:20:00+00:00,2026-10-06T10:31:07Z,4.292000,4.293000,4.278000,4.285000,4.285000,4.293000,4.278000,4.285000,changed
2026-02-03 18:20:00+00:00,2026-10-06T10:31:07Z,4.290000,4.292000,4.266000,4.271000,4.290000,4.293000,4.266000,4.271000,changed
2026-02-03 19:20:00+00:00,2026-10-06T10:31:07Z,4.268000,4.278000,4.266000,4.274000,4.284000,4.284000,4.266000,4.274000,changed
2026-02-04 14:20:00+00:00,2026-10-06T10:31:07Z,4.282000,4.290000,4.269000,4.271000,4.271000,4.290000,4.269000,4.271000,changed
2026-02-04 15:20:00+00:00,2026-10-06T10:31:07Z,4.287000,4.287000,4.269000,4.271000,4.284000,4.290000,4.269000,4.271000,changed
2026-02-04 17:20:00+00:00,2026-10-06T10:31:07Z,4.275000,4.275000,4.261000,4.271000,4.278000,4.279000,4.261000,4.271000,changed
2026-02-04 18:20:00+00:00,2026-10-06T10:31:07Z,4.271000,4.279000,4.268000,4.279000,4.263000,4.279000,4.261000,4.279000,changed
2026-02-04 19:20:00+00:00,2026-10-06T10:31:07Z,4.269000,4.279000,4.269000,4.275000,4.275000,4.279000,4.268000,4.275000,changed
2026-02-05 14:20:00+00:00,2026-10-06T10:31:07Z,4.246000,4.250000,4.222000,4.222000,4.232000,4.250000,4.222000,4.222000,changed
2026-02-05 15:20:00+00:00,2026-10-06T10:31:07Z,4.236000,4.250000,4.206000,4.210000,4.234000,4.236000,4.206000,4.210000,changed
2026-02-05 16:20:00+00:00,2026-10-06T10:31:07Z,4.214000,4.220000,4.206000,4.210000,4.216000,4.220000,4.206000,4.210000,changed
2026-02-05 17:20:00+00:00,2026-10-06T10:31:07Z,4.218000,4.220000,4.208000,4.212000,4.216000,4.218000,4.208000,4.212000,changed
2026-02-05 18:20:00+00:00,2026-10-06T10:31:07Z,4.216000,4.218000,4.204000,4.210000,4.212000,4.212000,4.204000,4.210000,changed
2026-02-05 19:20:00+00:00,2026-10-06T10:31:07Z,4.208000,4.210000,4.204000,4.210000,4.204000,4.210000,4.204000,4.210000,changed
2026-02-06 14:20:00+00:00,2026-10-06T10:31:07Z,4.204000,4.220000,4.194000,4.216000,4.198000,4.220000,4.194000,4.216000,changed
2026-02-06 15:20:00+00:00,2026-10-06T10:31:07Z,4.196000,4.224000,4.194000,4.218000,4.214000,4.222000,4.212000,4.218000,changed
2026-02-06 16:20:00+00:00,2026-10-06T10:31:07Z,4.220000,4.224000,4.212000,4.218000,4.216000,4.220000,4.216000,4.218000,changed
2026-02-06 17:20:00+00:00,2026-10-06T10:31:07Z,4.216000,4.220000,4.212000,4.216000,4.218000,4.220000,4.214000,4.216000,changed
2026-02-06 18:20:00+00:00,2026-10-06T10:31:07Z,4.218000,4.220000,4.208000,4.210000,4.214000,4.216000,4.208000,4.210000,changed
2026-02-06 19:20:00+00:00,2026-10-06T10:31:07Z,4.214000,4.214000,4.206000,4.206000,4.210000,4.212000,4.206000,4.206000,changed
2026-02-09 14:20:00+00:00,2026-10-06T10:31:07Z,4.218000,4.226000,4.210000,4.220000,4.220000,4.226000,4.210000,4.220000,changed
2026-02-09 15:20:00+00:00,2026-10-06T10:31:07Z,4.216000,4.226000,4.206000,4.208000,4.218000,4.222000,4.206000,4.208000,changed
2026-02-09 16:20:00+00:00,2026-10-06T10:31:07Z,4.214000,4.220000,4.206000,4.206000,4.212000,4.216000,4.206000,4.206000,changed
2026-02-09 17:20:00+00:00,2026-10-06T10:31:07Z,4.210000,4.216000,4.202000,4.206000,4.210000,4.212000,4.202000,4.206000,changed
2026-02-09 18:20:00+00:00,2026-10-06T10:31:07Z,4.204000,4.210000,4.200000,4.202000,4.206000,4.210000,4.200000,4.202000,changed
2026-02-09 19:20:00+00:00,2026-10-06T10:31:07Z,4.206000,4.206000,4.196000,4.198000,4.204000,4.204000,4.196000,4.198000,changed
2026-02-10 14:20:00+00:00,2026-10-06T10:31:07Z,4.159000,4.162000,4.139000,4.145000,4.164000,4.166000,4.139000,4.145000,changed
2026-02-10 15:20:00+00:00,2026-10-06T10:31:07Z,4.147000,4.149000,4.135000,4.139000,4.154000,4.154000,4.135000,4.139000,changed
2026-02-10 16:20:00+00:00,2026-10-06T10:31:07Z,4.141000,4.151000,4.135000,4.145000,4.145000,4.151000,4.135000,4.145000,changed
2026-02-10 17:20:00+00:00,2026-10-06T10:31:07Z,4.145000,4.153000,4.143000,4.149000,4.137000,4.153000,4.137000,4.149000,changed
2026-02-10 18:20:00+00:00,2026-10-06T10:31:07Z,4.149000,4.153000,4.149000,4.151000,4.143000,4.153000,4.143000,4.151000,changed
2026-02-10 19:20:00+00:00,2026-10-06T10:31:07Z,4.151000,4.153000,4.145000,4.147000,4.153000,4.153000,4.145000,4.147000,changed
2026-02-11 14:20:00+00:00,2026-10-06T10:31:07Z,4.202000,4.202000,4.168000,4.170000,4.176000,4.206000,4.168000,4.170000,changed
2026-02-11 15:20:00+00:00,2026-10-06T10:31:07Z,4.182000,4.184000,4.165000,4.170000,4.184000,4.188000,4.165000,4.170000,changed
2026-02-11 16:20:00+00:00,2026-10-06T10:31:07Z,4.174000,4.178000,4.149000,4.149000,4.165000,4.178000,4.149000,4.149000,changed
2026-02-11 17:20:00+00:00,2026-10-06T10:31:07Z,4.151000,4.174000,4.147000,4.172000,4.165000,4.174000,4.147000,4.172000,changed
2026-02-11 18:20:00+00:00,2026-10-06T10:31:07Z,4.155000,4.178000,4.153000,4.172000,4.155000,4.178000,4.151000,4.172000,changed
2026-02-11 19:20:00+00:00,2026-10-06T10:31:07Z,4.176000,4.178000,4.170000,4.172000,4.174000,4.178000,4.166000,4.172000,changed
2026-02-12 14:20:00+00:00,2026-10-06T10:31:07Z,4.158000,4.169000,4.146000,4.146000,4.162000,4.169000,4.146000,4.146000,changed
2026-02-12 15:20:00+00:00,2026-10-06T10:31:07Z,4.164000,4.165000,4.125000,4.127000,4.152000,4.152000,4.125000,4.127000,changed
2026-02-12 16:20:00+00:00,2026-10-06T10:31:07Z,4.146000,4.146000,4.119000,4.123000,4.140000,4.140000,4.119000,4.123000,changed
2026-02-12 17:20:00+00:00,2026-10-06T10:31:07Z,4.121000,4.131000,4.102000,4.102000,4.127000,4.131000,4.102000,4.102000,changed
2026-02-12 18:20:00+00:00,2026-10-06T10:31:07Z,4.129000,4.131000,4.100000,4.100000,4.127000,4.129000,4.100000,4.100000,changed
2026-02-12 19:20:00+00:00,2026-10-06T10:31:07Z,4.102000,4.110000,4.100000,4.104000,4.104000,4.110000,4.100000,4.104000,changed
2026-02-13 14:20:00+00:00,2026-10-06T10:31:07Z,4.100000,4.100000,4.050000,4.064000,4.087000,4.090000,4.050000,4.064000,changed
2026-02-13 15:20:00+00:00,2026-10-06T10:31:07Z,4.067000,4.071000,4.050000,4.062000,4.062000,4.069000,4.056000,4.062000,changed
2026-02-13 16:20:00+00:00,2026-10-06T10:31:07Z,4.067000,4.069000,4.046000,4.054000,4.064000,4.064000,4.046000,4.054000,changed
2026-02-13 17:20:00+00:00,2026-10-06T10:31:07Z,4.056000,4.066000,4.046000,4.064000,4.052000,4.066000,4.052000,4.064000,changed
2026-02-13 18:20:00+00:00,2026-10-06T10:31:07Z,4.056000,4.067000,4.056000,4.064000,4.064000,4.067000,4.060000,4.064000,changed
2026-02-13 19:20:00+00:00,2026-10-06T10:31:07Z,4.064000,4.067000,4.054000,4.056000,4.066000,4.066000,4.054000,4.056000,changed
2026-02-17 14:20:00+00:00,2026-10-06T10:31:07Z,4.041000,4.058000,4.041000,4.052000,4.029000,4.058000,4.025000,4.052000,changed
2026-02-17 15:20:00+00:00,2026-10-06T10:31:07Z,4.045000,4.056000,4.039000,4.056000,4.048000,4.058000,4.039000,4.056000,changed
2026-02-17 16:20:00+00:00,2026-10-06T10:31:07Z,4.045000,4.056000,4.045000,4.052000,4.048000,4.056000,4.039000,4.052000,changed
2026-02-17 17:20:00+00:00,2026-10-06T10:31:07Z,4.056000,4.060000,4.048000,4.056000,4.052000,4.060000,4.048000,4.056000,changed
2026-02-17 18:20:00+00:00,2026-10-06T10:31:07Z,4.056000,4.060000,4.054000,4.058000,4.052000,4.060000,4.048000,4.058000,changed
2026-02-17 19:20:00+00:00,2026-10-06T10:31:07Z,4.058000,4.060000,4.052000,4.052000,4.060000,4.060000,4.052000,4.052000,changed
2026-02-18 14:20:00+00:00,2026-10-06T10:31:07Z,4.075000,4.085000,4.075000,4.079000,4.067000,4.085000,4.064000,4.079000,changed
2026-02-18 15:20:00+00:00,2026-10-06T10:31:07Z,4.083000,4.085000,4.073000,4.077000,4.079000,4.085000,4.073000,4.077000,changed
2026-02-18 16:20:00+00:00,2026-10-06T10:31:07Z,4.077000,4.079000,4.071000,4.073000,4.083000,4.083000,4.071000,4.073000,changed
2026-02-18 18:20:00+00:00,2026-10-06T10:31:07Z,4.075000,4.088000,4.075000,4.079000,4.071000,4.088000,4.071000,4.079000,changed
2026-02-18 19:20:00+00:00,2026-10-06T10:31:07Z,4.085000,4.088000,4.079000,4.079000,4.081000,4.088000,4.079000,4.079000,changed
2026-02-19 14:20:00+00:00,2026-10-06T10:31:07Z,4.106000,4.106000,4.083000,4.088000,4.100000,4.102000,4.083000,4.088000,changed
2026-02-19 15:20:00+00:00,2026-10-06T10:31:07Z,4.092000,4.094000,4.083000,4.085000,4.088000,4.094000,4.083000,4.085000,changed
2026-02-19 16:20:00+00:00,2026-10-06T10:31:07Z,4.086000,4.094000,4.081000,4.083000,4.088000,4.088000,4.081000,4.083000,changed
2026-02-19 17:20:00+00:00,2026-10-06T10:31:07Z,4.085000,4.088000,4.075000,4.075000,4.085000,4.086000,4.075000,4.075000,changed
2026-02-19 18:20:00+00:00,2026-10-06T10:31:07Z,4.085000,4.086000,4.065000,4.069000,4.085000,4.085000,4.065000,4.069000,changed
2026-02-19 19:20:00+00:00,2026-10-06T10:31:07Z,4.073000,4.079000,4.065000,4.075000,4.069000,4.079000,4.065000,4.075000,changed
2026-02-20 14:20:00+00:00,2026-10-06T10:31:07Z,4.063000,4.104000,4.060000,4.096000,4.071000,4.104000,4.069000,4.096000,changed
2026-02-20 15:20:00+00:00,2026-10-06T10:31:07Z,4.071000,4.104000,4.071000,4.086000,4.077000,4.104000,4.075000,4.086000,changed
2026-02-20 16:20:00+00:00,2026-10-06T10:31:07Z,4.092000,4.098000,4.083000,4.088000,4.096000,4.098000,4.083000,4.088000,changed
2026-02-20 17:20:00+00:00,2026-10-06T10:31:07Z,4.085000,4.100000,4.085000,4.096000,4.096000,4.100000,4.086000,4.096000,changed
2026-02-20 18:20:00+00:00,2026-10-06T10:31:07Z,4.086000,4.100000,4.081000,4.085000,4.094000,4.100000,4.081000,4.085000,changed
2026-02-20 19:20:00+00:00,2026-10-06T10:31:07Z,4.092000,4.094000,4.081000,4.086000,4.088000,4.094000,4.085000,4.086000,changed
2026-02-23 14:20:00+00:00,2026-10-06T10:31:07Z,4.067000,4.069000,4.054000,4.056000,4.063000,4.067000,4.054000,4.056000,changed
2026-02-23 15:20:00+00:00,2026-10-06T10:31:07Z,4.065000,4.067000,4.029000,4.033000,4.060000,4.060000,4.029000,4.033000,changed
2026-02-23 16:20:00+00:00,2026-10-06T10:31:07Z,4.054000,4.056000,4.025000,4.027000,4.042000,4.044000,4.025000,4.027000,changed
2026-02-23 17:20:00+00:00,2026-10-06T10:31:07Z,4.033000,4.035000,4.018000,4.027000,4.029000,4.029000,4.018000,4.027000,changed
2026-02-23 18:20:00+00:00,2026-10-06T10:31:07Z,4.027000,4.029000,4.018000,4.025000,4.023000,4.027000,4.021000,4.025000,changed
2026-02-23 19:20:00+00:00,2026-10-06T10:31:07Z,4.027000,4.031000,4.021000,4.029000,4.023000,4.031000,4.023000,4.029000,changed
2026-02-25 14:20:00+00:00,2026-10-06T10:31:07Z,4.050000,4.058000,4.050000,4.050000,4.056000,4.058000,4.050000,4.050000,changed
2026-02-25 15:20:00+00:00,2026-10-06T10:31:07Z,4.056000,4.056000,4.044000,4.046000,4.056000,4.058000,4.044000,4.046000,changed
2026-02-25 16:20:00+00:00,2026-10-06T10:31:07Z,4.046000,4.048000,4.035000,4.037000,4.052000,4.052000,4.035000,4.037000,changed
2026-02-25 17:20:00+00:00,2026-10-06T10:31:07Z,4.042000,4.042000,4.035000,4.039000,4.044000,4.044000,4.035000,4.039000,changed
2026-02-25 18:20:00+00:00,2026-10-06T10:31:07Z,4.037000,4.048000,4.037000,4.048000,4.035000,4.048000,4.035000,4.048000,changed
2026-02-25 19:20:00+00:00,2026-10-06T10:31:07Z,4.046000,4.050000,4.044000,4.048000,4.040000,4.050000,4.040000,4.048000,changed
2026-02-27 14:20:00+00:00,2026-10-06T10:31:07Z,3.987000,3.994000,3.970000,3.981000,3.987000,3.987000,3.970000,3.981000,changed
2026-02-27 15:20:00+00:00,2026-10-06T10:31:07Z,3.977000,3.983000,3.970000,3.975000,3.975000,3.983000,3.974000,3.975000,changed
2026-02-27 16:20:00+00:00,2026-10-06T10:31:07Z,3.979000,3.983000,3.968000,3.975000,3.975000,3.977000,3.968000,3.975000,changed
2026-02-27 17:20:00+00:00,2026-10-06T10:31:07Z,3.974000,3.975000,3.966000,3.966000,3.970000,3.975000,3.966000,3.966000,changed
2026-02-27 18:20:00+00:00,2026-10-06T10:31:07Z,3.970000,3.975000,3.958000,3.958000,3.972000,3.972000,3.958000,3.958000,changed
2026-02-27 19:20:00+00:00,2026-10-06T10:31:07Z,3.968000,3.968000,3.956000,3.962000,3.964000,3.964000,3.956000,3.962000,changed
2026-02-02 18:20:00+00:00,2026-10-06T10:46:05Z,4.271000,4.275000,4.271000,4.275000,4.263000,4.277000,4.261000,4.277000,changed
2026-02-02 19:20:00+00:00,2026-10-06T10:46:05Z,4.275000,4.279000,4.269000,4.275000,4.273000,4.279000,4.269000,4.275000,changed
2026-02-03 14:20:00+00:00,2026-10-06T10:46:05Z,4.292000,4.300000,4.282000,4.284000,4.293000,4.300000,4.282000,4.284000,changed
2026-02-03 15:20:00+00:00,2026-10-06T10:46:05Z,4.292000,4.293000,4.279000,4.287000,4.284000,4.293000,4.279000,4.287000,changed
2026-02-03 16:20:00+00:00,2026-10-06T10:46:05Z,4.285000,4.293000,4.278000,4.285000,4.292000,4.293000,4.278000,4.285000,changed
2026-02-03 18:20:00+00:00,2026-10-06T10:46:05Z,4.290000,4.293000,4.266000,4.271000,4.290000,4.292000,4.266000,4.271000,changed
2026-02-03 19:20:00+00:00,2026-10-06T10:46:05Z,4.284000,4.284000,4.266000,4.274000,4.268000,4.278000,4.266000,4.274000,changed
2026-02-04 14:20:00+00:00,2026-10-06T10:46:05Z,4.271000,4.290000,4.269000,4.271000,4.282000,4.290000,4.269000,4.271000,changed
2026-02-04 15:20:00+00:00,2026-10-06T10:46:05Z,4.284000,4.290000,4.269000,4.271000,4.287000,4.287000,4.269000,4.271000,changed
2026-02-04 17:20:00+00:00,2026-10-06T10:46:05Z,4.278000,4.279000,4.261000,4.271000,4.275000,4.275000,4.261000,4.271000,changed
2026-02-04 18:20:00+00:00,2026-10-06T10:46:05Z,4.263000,4.279000,4.261000,4.279000,4.271000,4.279000,4.268000,4.279000,changed
2026-02-04 19:20:00+00:00,2026-10-06T10:46:05Z,4.275000,4.279000,4.268000,4.275000,4.269000,4.279000,4.269000,4.275000,changed
2026-02-05 14:20:00+00:00,2026-10-06T10:46:05Z,4.232000,4.250000,4.222000,4.222000,4.246000,4.250000,4.222000,4.222000,changed
2026-02-05 15:20:00+00:00,2026-10-06T10:46:05Z,4.234000,4.236000,4.206000,4.210000,4.236000,4.250000,4.206000,4.210000,changed
2026-02-05 16:20:00+00:00,2026-10-06T10:46:05Z,4.216000,4.220000,4.206000,4.210000,4.214000,4.220000,4.206000,4.210000,changed
2026-02-05 17:20:00+00:00,2026-10-06T10:46:05Z,4.216000,4.218000,4.208000,4.212000,4.218000,4.220000,4.208000,4.212000,changed
2026-02-05 18:20:00+00:00,2026-10-06T10:46:05Z,4.212000,4.212000,4.204000,4.210000,4.216000,4.218000,4.204000,4.210000,changed
2026-02-05 19:20:00+00:00,2026-10-06T10:46:05Z,4.204000,4.210000,4.204000,4.210000,4.208000,4.210000,4.204000,4.210000,changed
2026-02-06 14:20:00+00:00,2026-10-06T10:46:05Z,4.198000,4.220000,4.194000,4.216000,4.204000,4.220000,4.194000,4.216000,changed
2026-02-06 15:20:00+00:00,2026-10-06T10:46:05Z,4.214000,4.222000,4.212000,4.218000,4.196000,4.224000,4.194000,4.218000,changed
2026-02-06 16:20:00+00:00,2026-10-06T10:46:05Z,4.216000,4.220000,4.216000,4.218000,4.220000,4.224000,4.212000,4.218000,changed
2026-02-06 17:20:00+00:00,2026-10-06T10:46:05Z,4.218000,4.220000,4.214000,4.216000,4.216000,4.220000,4.212000,4.216000,changed
2026-02-06 18:20:00+00:00,2026-10-06T10:46:05Z,4.214000,4.216000,4.208000,4.210000,4.218000,4.220000,4.208000,4.210000,changed
2026-02-06 19:20:00+00:00,2026-10-06T10:46:05Z,4.210000,4.212000,4.206000,4.206000,4.214000,4.214000,4.206000,4.206000,changed
2026-02-09 14:20:00+00:00,2026-10-06T10:46:05Z,4.220000,4.226000,4.210000,4.220000,4.218000,4.226000,4.210000,4.220000,changed
2026-02-09 15:20:00+00:00,2026-10-06T10:46:05Z,4.218000,4.222000,4.206000,4.208000,4.216000,4.226000,4.206000,4.208000,changed
2026-02-09 16:20:00+00:00,2026-10-06T10:46:05Z,4.212000,4.216000,4.206000,4.206000,4.214000,4.220000,4.206000,4.206000,changed
2026-02-09 17:20:00+00:00,2026-10-06T10:46:05Z,4.210000,4.212000,4.202000,4.206000,4.210000,4.216000,4.202000,4.206000,changed
2026-02-09 18:20:00+00:00,2026-10-06T10:46:05Z,4.206000,4.210000,4.200000,4.202000,4.204000,4.210000,4.200000,4.202000,changed
2026-02-09 19:20:00+00:00,2026-10-06T10:46:05Z,4.204000,4.204000,4.196000,4.198000,4.206000,4.206000,4.196000,4.198000,changed
2026-02-10 14:20:00+00:00,2026-10-06T10:46:05Z,4.164000,4.166000,4.139000,4.145000,4.159000,4.162000,4.139000,4.145000,changed
2026-02-10 15:20:00+00:00,2026-10-06T10:46:05Z,4.154000,4.154000,4.135000,4.139000,4.147000,4.149000,4.135000,4.139000,changed
2026-02-10 16:20:00+00:00,2026-10-06T10:46:05Z,4.145000,4.151000,4.135000,4.145000,4.141000,4.151000,4.135000,4.145000,changed
2026-02-10 17:20:00+00:00,2026-10-06T10:46:05Z,4.137000,4.153000,4.137000,4.149000,4.145000,4.153000,4.143000,4.149000,changed
2026-02-10 18:20:00+00:00,2026-10-06T10:46:05Z,4.143000,4.153000,4.143000,4.151000,4.149000,4.153000,4.149000,4.151000,changed
2026-02-10 19:20:00+00:00,2026-10-06T10:46:05Z,4.153000,4.153000,4.145000,4.147000,4.151000,4.153000,4.145000,4.147000,changed
2026-02-11 14:20:00+00:00,2026-10-06T10:46:05Z,4.176000,4.206000,4.168000,4.170000,4.202000,4.202000,4.168000,4.170000,changed
2026-02-11 15:20:00+00:00,2026-10-06T10:46:05Z,4.184000,4.188000,4.165000,4.170000,4.182000,4.184000,4.165000,4.170000,changed
2026-02-11 16:20:00+00:00,2026-10-06T10:46:05Z,4.165000,4.178000,4.149000,4.149000,4.174000,4.178000,4.149000,4.149000,changed
2026-02-11 17:20:00+00:00,2026-10-06T10:46:05Z,4.165000,4.174000,4.147000,4.172000,4.151000,4.174000,4.147000,4.172000,changed
2026-02-11 18:20:00+00:00,2026-10-06T10:46:05Z,4.155000,4.178000,4.151000,4.172000,4.155000,4.178000,4.153000,4.172000,changed
2026-02-11 19:20:00+00:00,2026-10-06T10:46:05Z,4.174000,4.178000,4.166000,4.172000,4.176000,4.178000,4.170000,4.172000,changed
2026-02-12 14:20:00+00:00,2026-10-06T10:46:05Z,4.162000,4.169000,4.146000,4.146000,4.158000,4.169000,4.146000,4.146000,changed
2026-02-12 15:20:00+00:00,2026-10-06T10:46:05Z,4.152000,4.152000,4.125000,4.127000,4.164000,4.165000,4.125000,4.127000,changed
2026-02-12 16:20:00+00:00,2026-10-06T10:46:05Z,4.140000,4.140000,4.119000,4.123000,4.146000,4.146000,4.119000,4.123000,changed
2026-02-12 17:20:00+00:00,2026-10-06T10:46:05Z,4.127000,4.131000,4.102000,4.102000,4.121000,4.131000,4.102000,4.102000,changed
2026-02-12 18:20:00+00:00,2026-10-06T10:46:05Z,4.127000,4.129000,4.100000,4.100000,4.129000,4.131000,4.100000,4.100000,changed
2026-02-12 19:20:00+00:00,2026-10-06T10:46:05Z,4.104000,4.110000,4.100000,4.104000,4.102000,4.110000,4.100000,4.104000,changed
2026-02-13 14:20:00+00:00,2026-10-06T10:46:05Z,4.087000,4.090000,4.050000,4.064000,4.100000,4.100000,4.050000,4.064000,changed
2026-02-13 15:20:00+00:00,2026-10-06T10:46:05Z,4.062000,4.069000,4.056000,4.062000,4.067000,4.071000,4.050000,4.062000,changed
2026-02-13 16:20:00+00:00,2026-10-06T10:46:05Z,4.064000,4.064000,4.046000,4.054000,4.067000,4.069000,4.046000,4.054000,changed
2026-02-13 17:20:00+00:00,2026-10-06T10:46:05Z,4.052000,4.066000,4.052000,4.064000,4.056000,4.066000,4.046000,4.064000,changed
2026-02-13 18:20:00+00:00,2026-10-06T10:46:05Z,4.064000,4.067000,4.060000,4.064000,4.056000,4.067000,4.056000,4.064000,changed
2026-02-13 19:20:00+00:00,2026-10-06T10:46:05Z,4.066000,4.066000,4.054000,4.056000,4.064000,4.067000,4.054000,4.056000,changed
2026-02-17 14:20:00+00:00,2026-10-06T10:46:05Z,4.029000,4.058000,4.025000,4.052000,4.041000,4.058000,4.041000,4.052000,changed
2026-02-17 15:20:00+00:00,2026-10-06T10:46:05Z,4.048000,4.058000,4.039000,4.056000,4.045000,4.056000,4.039000,4.056000,changed
2026-02-17 16:20:00+00:00,2026-10-06T10:46:05Z,4.048000,4.056000,4.039000,4.052000,4.045000,4.056000,4.045000,4.052000,changed
2026-02-17 17:20:00+00:00,2026-10-06T10:46:05Z,4.052000,4.060000,4.048000,4.056000,4.056000,4.060000,4.048000,4.056000,changed
2026-02-17 18:20:00+00:00,2026-10-06T10:46:05Z,4.052000,4.060000,4.048000,4.058000,4.056000,4.060000,4.054000,4.058000,changed
2026-02-17 19:20:00+00:00,2026-10-06T10:46:05Z,4.060000,4.060000,4.052000,4.052000,4.058000,4.060000,4.052000,4.052000,changed
2026-02-18 14:20:00+00:00,2026-10-06T10:46:05Z,4.067000,4.085000,4.064000,4.079000,4.075000,4.085000,4.075000,4.079000,changed
2026-02-18 15:20:00+00:00,2026-10-06T10:46:05Z,4.079000,4.085000,4.073000,4.077000,4.083000,4.085000,4.073000,4.077000,changed
2026-02-18 16:20:00+00:00,2026-10-06T10:46:05Z,4.083000,4.083000,4.071000,4.073000,4.077000,4.079000,4.071000,4.073000,changed
2026-02-18 18:20:00+00:00,2026-10-06T10:46:05Z,4.071000,4.088000,4.071000,4.079000,4.075000,4.088000,4.075000,4.079000,changed
2026-02-18 19:20:00+00:00,2026-10-06T10:46:05Z,4.081000,4.088000,4.079000,4.079000,4.085000,4.088000,4.079000,4.079000,changed
2026-02-19 14:20:00+00:00,2026-10-06T10:46:05Z,4.100000,4.102000,4.083000,4.088000,4.106000,4.106000,4.083000,4.088000,changed
2026-02-19 15:20:00+00:00,2026-10-06T10:46:05Z,4.088000,4.094000,4.083000,4.085000,4.092000,4.094000,4.083000,4.085000,changed
2026-02-19 16:20:00+00:00,2026-10-06T10:46:05Z,4.088000,4.088000,4.081000,4.083000,4.086000,4.094000,4.081000,4.083000,changed
2026-02-19 17:20:00+00:00,2026-10-06T10:46:05Z,4.085000,4.086000,4.075000,4.075000,4.085000,4.088000,4.075000,4.075000,changed
2026-02-19 18:20:00+00:00,2026-10-06T10:46:05Z,4.085000,4.085000,4.065000,4.069000,4.085000,4.086000,4.065000,4.069000,changed
2026-02-19 19:20:00+00:00,2026-10-06T10:46:05Z,4.069000,4.079000,4.065000,4.075000,4.073000,4.079000,4.065000,4.075000,changed
2026-02-20 14:20:00+00:00,2026-10-06T10:46:05Z,4.071000,4.104000,4.069000,4.096000,4.063000,4.104000,4.060000,4.096000,changed
2026-02-20 15:20:00+00:00,2026-10-06T10:46:05Z,4.077000,4.104000,4.075000,4.086000,4.071000,4.104000,4.071000,4.086000,changed
2026-02-20 16:20:00+00:00,2026-10-06T10:46:05Z,4.096000,4.098000,4.083000,4.088000,4.092000,4.098000,4.083000,4.088000,changed
2026-02-20 17:20:00+00:00,2026-10-06T10:46:05Z,4.096000,4.100000,4.086000,4.096000,4.085000,4.100000,4.085000,4.096000,changed
2026-02-20 18:20:00+00:00,2026-10-06T10:46:05Z,4.094000,4.100000,4.081000,4.085000,4.086000,4.100000,4.081000,4.085000,changed
2026-02-20 19:20:00+00:00,2026-10-06T10:46:05Z,4.088000,4.094000,4.085000,4.086000,4.092000,4.094000,4.081000,4.086000,changed
2026-02-23 14:20:00+00:00,2026-10-06T10:46:05Z,4.063000,4.067000,4.054000,4.056000,4.067000,4.069000,4.054000,4.056000,changed
2026-02-23 15:20:00+00:00,2026-10-06T10:46:05Z,4.060000,4.060000,4.029000,4.033000,4.065000,4.067000,4.029000,4.033000,changed
2026-02-23 16:20:00+00:00,2026-10-06T10:46:05Z,4.042000,4.044000,4.025000,4.027000,4.054000,4.056000,4.025000,4.027000,changed
2026-02-23 17:20:00+00:00,2026-10-06T10:46:05Z,4.029000,4.029000,4.018000,4.027000,4.033000,4.035000,4.018000,4.027000,changed
2026-02-23 18:20:00+00:00,2026-10-06T10:46:05Z,4.023000,4.027000,4.021000,4.025000,4.027000,4.029000,4.018000,4.025000,changed
2026-02-23 19:20:00+00:00,2026-10-06T10:46:05Z,4.023000,4.031000,4.023000,4.029000,4.027000,4.031000,4.021000,4.029000,changed
2026-02-25 14:20:00+00:00,2026-10-06T10:46:05Z,4.056000,4.058000,4.050000,4.050000,4.050000,4.058000,4.050000,4.050000,changed
2026-02-25 15:20:00+00:00,2026-10-06T10:46:05Z,4.056000,4.058000,4.044000,4.046000,4.056000,4.056000,4.044000,4.046000,changed
2026-02-25 16:20:00+00:00,2026-10-06T10:46:05Z,4.052000,4.052000,4.035000,4.037000,4.046000,4.048000,4.035000,4.037000,changed
2026-02-25 17:20:00+00:00,2026-10-06T10:46:05Z,4.044000,4.044000,4.035000,4.039000,4.042000,4.042000,4.035000,4.039000,changed
2026-02-25 18:20:00+00:00,2026-10-06T10:46:05Z,4.035000,4.048000,4.035000,4.048000,4.037000,4.048000,4.037000,4.048000,changed
2026-02-25 19:20:00+00:00,2026-10-06T10:46:05Z,4.040000,4.050000,4.040000,4.048000,4.046000,4.050000,4.044000,4.048000,changed
2026-02-27 14:20:00+00:00,2026-10-06T10:46:05Z,3.987000,3.987000,3.970000,3.981000,3.987000,3.994000,3.970000,3.981000,changed
2026-02-27 15:20:00+00:00,2026-10-06T10:46:05Z,3.975000,3.983000,3.974000,3.975000,3.977000,3.983000,3.970000,3.975000,changed
2026-02-27 16:20:00+00:00,2026-10-06T10:46:05Z,3.975000,3.977000,3.968000,3.975000,3.979000,3.983000,3.968000,3.975000,changed
2026-02-27 17:20:00+00:00,2026-10-06T10:46:05Z,3.970000,3.975000,3.966000,3.966000,3.974000,3.975000,3.966000,3.966000,changed
2026-02-27 18:20:00+00:00,2026-10-06T10:46:05Z,3.972000,3.972000,3.958000,3.958000,3.970000,3.975000,3.958000,3.958000,changed
2026-02-27 19:20:00+00:00,2026-10-06T10:46:05Z,3.964000,3.964000,3.956000,3.962000,3.968000,3.968000,3.956000,3.962000,changed
2026-02-02 18:20:00+00:00,2026-10-06T10:59:13Z,4.263000,4.277000,4.261000,4.277000,4.271000,4.275000,4.271000,4.275000,changed
2026-02-02 19:20:00+00:00,2026-10-06T10:59:13Z,4.273000,4.279000,4.269000,4.275000,4.275000,4.279000,4.269000,4.275000,changed
2026-02-03 14:20:00+00:00,2026-10-06T10:59:13Z,4.293000,4.300000,4.282000,4.284000,4.292000,4.300000,4.282000,4.284000,changed
2026-02-03 15:20:00+00:00,2026-10-06T10:59:13Z,4.284000,4.293000,4.279000,4.287000,4.292000,4.293000,4.279000,4.287000,changed
2026-02-03 16:20:00+00:00,2026-10-06T10:59:13Z,4.292000,4.293000,4.278000,4.285000,4.285000,4.293000,4.278000,4.285000,changed
2026-02-03 18:20:00+00:00,2026-10-06T10:59:13Z,4.290000,4.292000,4.266000,4.271000,4.290000,4.293000,4.266000,4.271000,changed
2026-02-03 19:20:00+00:00,2026-10-06T10:59:13Z,4.268000,4.278000,4.266000,4.274000,4.284000,4.284000,4.266000,4.274000,changed
2026-02-04 14:20:00+00:00,2026-10-06T10:59:13Z,4.282000,4.290000,4.269000,4.271000,4.271000,4.290000,4.269000,4.271000,changed
2026-02-04 15:20:00+00:00,2026-10-06T10:59:13Z,4.287000,4.287000,4.269000,4.271000,4.284000,4.290000,4.269000,4.271000,changed
2026-02-04 17:20:00+00:00,2026-10-06T10:59:13Z,4.275000,4.275000,4.261000,4.271000,4.278000,4.279000,4.261000,4.271000,changed
2026-02-04 18:20:00+00:00,2026-10-06T10:59:13Z,4.271000,4.279000,4.268000,4.279000,4.263000,4.279000,4.261000,4.279000,changed
2026-02-04 19:20:00+00:00,2026-10-06T10:59:13Z,4.269000,4.279000,4.269000,4.275000,4.275000,4.279000,4.268000,4.275000,changed
2026-02-05 14:20:00+00:00,2026-10-06T10:59:13Z,4.246000,4.250000,4.222000,4.222000,4.232000,4.250000,4.222000,4.222000,changed
2026-02-05 15:20:00+00:00,2026-10-06T10:59:13Z,4.236000,4.250000,4.206000,4.210000,4.234000,4.236000,4.206000,4.210000,changed
2026-02-05 16:20:00+00:00,2026-10-06T10:59:13Z,4.214000,4.220000,4.206000,4.210000,4.216000,4.220000,4.206000,4.210000,changed
2026-02-05 17:20:00+00:00,2026-10-06T10:59:13Z,4.218000,4.220000,4.208000,4.212000,4.216000,4.218000,4.208000,4.212000,changed
2026-02-05 18:20:00+00:00,2026-10-06T10:59:13Z,4.216000,4.218000,4.204000,4.210000,4.212000,4.212000,4.204000,4.210000,changed
2026-02-05 19:20:00+00:00,2026-10-06T10:59:13Z,4.208000,4.210000,4.204000,4.210000,4.204000,4.210000,4.204000,4.210000,changed
2026-02-06 14:20:00+00:00,2026-10-06T10:59:13Z,4.204000,4.220000,4.194000,4.216000,4.198000,4.220000,4.194000,4.216000,changed
2026-02-06 15:20:00+00:00,2026-10-06T10:59:13Z,4.196000,4.224000,4.194000,4.218000,4.214000,4.222000,4.212000,4.218000,changed
2026-02-06 16:20:00+00:00,2026-10-06T10:59:13Z,4.220000,4.224000,4.212000,4.218000,4.216000,4.220000,4.216000,4.218000,changed
2026-02-06 17:20:00+00:00,2026-10-06T10:59:13Z,4.216000,4.220000,4.212000,4.216000,4.218000,4.220000,4.214000,4.216000,changed
2026-02-06 18:20:00+00:00,2026-10-06T10:59:13Z,4.218000,4.220000,4.208000,4.210000,4.214000,4.216000,4.208000,4.210000,changed
2026-02-06 19:20:00+00:00,2026-10-06T10:59:13Z,4.214000,4.214000,4.206000,4.206000,4.210000,4.212000,4.206000,4.206000,changed
2026-02-09 14:20:00+00:00,2026-10-06T10:59:13Z,4.218000,4.226000,4.210000,4.220000,4.220000,4.226000,4.210000,4.220000,changed
2026-02-09 15:20:00+00:00,2026-10-06T10:59:13Z,4.216000,4.226000,4.206000,4.208000,4.218000,4.222000,4.206000,4.208000,changed
2026-02-09 16:20:00+00:00,2026-10-06T10:59:13Z,4.214000,4.220000,4.206000,4.206000,4.212000,4.216000,4.206000,4.206000,changed
2026-02-09 17:20:00+00:00,2026-10-06T10:59:13Z,4.210000,4.216000,4.202000,4.206000,4.210000,4.212000,4.202000,4.206000,changed
2026-02-09 18:20:00+00:00,2026-10-06T10:59:13Z,4.204000,4.210000,4.200000,4.202000,4.206000,4.210000,4.200000,4.202000,changed
2026-02-09 19:20:00+00:00,2026-10-06T10:59:13Z,4.206000,4.206000,4.196000,4.198000,4.204000,4.204000,4.196000,4.198000,changed
2026-02-10 14:20:00+00:00,2026-10-06T10:59:13Z,4.159000,4.162000,4.139000,4.145000,4.164000,4.166000,4.139000,4.145000,changed
2026-02-10 15:20:00+00:00,2026-10-06T10:59:13Z,4.147000,4.149000,4.135000,4.139000,4.154000,4.154000,4.135000,4.139000,changed
2026-02-10 16:20:00+00:00,2026-10-06T10:59:13Z,4.141000,4.151000,4.135000,4.145000,4.145000,4.151000,4.135000,4.145000,changed
2026-02-10 17:20:00+00:00,2026-10-06T10:59:13Z,4.145000,4.153000,4.143000,4.149000,4.137000,4.153000,4.137000,4.149000,changed
2026-02-10 18:20:00+00:00,2026-10-06T10:59:13Z,4.149000,4.153000,4.149000,4.151000,4.143000,4.153000,4.143000,4.151000,changed
2026-02-10 19:20:00+00:00,2026-10-06T10:59:13Z,4.151000,4.153000,4.145000,4.147000,4.153000,4.153000,4.145000,4.147000,changed
2026-02-11 14:20:00+00:00,2026-10-06T10:59:13Z,4.202000,4.202000,4.168000,4.170000,4.176000,4.206000,4.168000,4.170000,changed
2026-02-11 15:20:00+00:00,2026-10-06T10:59:13Z,4.182000,4.184000,4.165000,4.170000,4.184000,4.188000,4.165000,4.170000,changed
2026-02-11 16:20:00+00:00,2026-10-06T10:59:13Z,4.174000,4.178000,4.149000,4.149000,4.165000,4.178000,4.149000,4.149000,changed
2026-02-11 17:20:00+00:00,2026-10-06T10:59:13Z,4.151000,4.174000,4.147000,4.172000,4.165000,4.174000,4.147000,4.172000,changed
2026-02-11 18:20:00+00:00,2026-10-06T10:59:13Z,4.155000,4.178000,4.153000,4.172000,4.155000,4.178000,4.151000,4.172000,changed
2026-02-11 19:20:00+00:00,2026-10-06T10:59:13Z,4.176000,4.178000,4.170000,4.172000,4.174000,4.178000,4.166000,4.172000,changed
2026-02-12 14:20:00+00:00,2026-10-06T10:59:13Z,4.158000,4.169000,4.146000,4.146000,4.162000,4.169000,4.146000,4.146000,changed
2026-02-12 15:20:00+00:00,2026-10-06T10:59:13Z,4.164000,4.165000,4.125000,4.127000,4.152000,4.152000,4.125000,4.127000,changed
2026-02-12 16:20:00+00:00,2026-10-06T10:59:13Z,4.146000,4.146000,4.119000,4.123000,4.140000,4.140000,4.119000,4.123000,changed
2026-02-12 17:20:00+00:00,2026-10-06T10:59:13Z,4.121000,4.131000,4.102000,4.102000,4.127000,4.131000,4.102000,4.102000,changed
2026-02-12 18:20:00+00:00,2026-10-06T10:59:13Z,4.129000,4.131000,4.100000,4.100000,4.127000,4.129000,4.100000,4.100000,changed
2026-02-12 19:20:00+00:00,2026-10-06T10:59:13Z,4.102000,4.110000,4.100000,4.104000,4.104000,4.110000,4.100000,4.104000,changed
2026-02-13 14:20:00+00:00,2026-10-06T10:59:13Z,4.100000,4.100000,4.050000,4.064000,4.087000,4.090000,4.050000,4.064000,changed
2026-02-13 15:20:00+00:00,2026-10-06T10:59:13Z,4.067000,4.071000,4.050000,4.062000,4.062000,4.069000,4.056000,4.062000,changed
2026-02-13 16:20:00+00:00,2026-10-06T10:59:13Z,4.067000,4.069000,4.046000,4.054000,4.064000,4.064000,4.046000,4.054000,changed
2026-02-13 17:20:00+00:00,2026-10-06T10:59:13Z,4.056000,4.066000,4.046000,4.064000,4.052000,4.066000,4.052000,4.064000,changed
2026-02-13 18:20:00+00:00,2026-10-06T10:59:13Z,4.056000,4.067000,4.056000,4.064000,4.064000,4.067000,4.060000,4.064000,changed
2026-02-13 19:20:00+00:00,2026-10-06T10:59:13Z,4.064000,4.067000,4.054000,4.056000,4.066000,4.066000,4.054000,4.056000,changed
2026-02-17 14:20:00+00:00,2026-10-06T10:59:13Z,4.041000,4.058000,4.041000,4.052000,4.029000,4.058000,4.025000,4.052000,changed
2026-02-17 15:20:00+00:00,2026-10-06T10:59:13Z,4.045000,4.056000,4.039000,4.056000,4.048000,4.058000,4.039000,4.056000,changed
2026-02-17 16:20:00+00:00,2026-10-06T10:59:13Z,4.045000,4.056000,4.045000,4.052000,4.048000,4.056000,4.039000,4.052000,changed
2026-02-17 17:20:00+00:00,2026-10-06T10:59:13Z,4.056000,4.060000,4.048000,4.056000,4.052000,4.060000,4.048000,4.056000,changed
2026-02-17 18:20:00+00:00,2026-10-06T10:59:13Z,4.056000,4.060000,4.054000,4.058000,4.052000,4.060000,4.048000,4.058000,changed
2026-02-17 19:20:00+00:00,2026-10-06T10:59:13Z,4.058000,4.060000,4.052000,4.052000,4.060000,4.060000,4.052000,4.052000,changed
2026-02-18 14:20:00+00:00,2026-10-06T10:59:13Z,4.075000,4.085000,4.075000,4.079000,4.067000,4.085000,4.064000,4.079000,changed
2026-02-18 15:20:00+00:00,2026-10-06T10:59:13Z,4.083000,4.085000,4.073000,4.077000,4.079000,4.085000,4.073000,4.077000,changed
2026-02-18 16:20:00+00:00,2026-10-06T10:59:13Z,4.077000,4.079000,4.071000,4.073000,4.083000,4.083000,4.071000,4.073000,changed
2026-02-18 18:20:00+00:00,2026-10-06T10:59:13Z,4.075000,4.088000,4.075000,4.079000,4.071000,4.088000,4.071000,4.079000,changed
2026-02-18 19:20:00+00:00,2026-10-06T10:59:13Z,4.085000,4.088000,4.079000,4.079000,4.081000,4.088000,4.079000,4.079000,changed
2026-02-19 14:20:00+00:00,2026-10-06T10:59:13Z,4.106000,4.106000,4.083000,4.088000,4.100000,4.102000,4.083000,4.088000,changed
2026-02-19 15:20:00+00:00,2026-10-06T10:59:13Z,4.092000,4.094000,4.083000,4.085000,4.088000,4.094000,4.083000,4.085000,changed
2026-02-19 16:20:00+00:00,2026-10-06T10:59:13Z,4.086000,4.094000,4.081000,4.083000,4.088000,4.088000,4.081000,4.083000,changed
2026-02-19 17:20:00+00:00,2026-10-06T10:59:13Z,4.085000,4.088000,4.075000,4.075000,4.085000,4.086000,4.075000,4.075000,changed
2026-02-19 18:20:00+00:00,2026-10-06T10:59:13Z,4.085000,4.086000,4.065000,4.069000,4.085000,4.085000,4.065000,4.069000,changed
2026-02-19 19:20:00+00:00,2026-10-06T10:59:13Z,4.073000,4.079000,4.065000,4.075000,4.069000,4.079000,4.065000,4.075000,changed
2026-02-20 14:20:00+00:00,2026-10-06T10:59:13Z,4.063000,4.104000,4.060000,4.096000,4.071000,4.104000,4.069000,4.096000,changed
2026-02-20 15:20:00+00:00,2026-10-06T10:59:13Z,4.071000,4.104000,4.071000,4.086000,4.077000,4.104000,4.075000,4.086000,changed
2026-02-20 16:20:00+00:00,2026-10-06T10:59:13Z,4.092000,4.098000,4.083000,4.088000,4.096000,4.098000,4.083000,4.088000,changed
2026-02-20 17:20:00+00:00,2026-10-06T10:59:13Z,4.085000,4.100000,4.085000,4.096000,4.096000,4.100000,4.086000,4.096000,changed
2026-02-20 18:20:00+00:00,2026-10-06T10:59:13Z,4.086000,4.100000,4.081000,4.085000,4.094000,4.100000,4.081000,4.085000,changed
2026-02-20 19:20:00+00:00,2026-10-06T10:59:13Z,4.092000,4.094000,4.081000,4.086000,4.088000,4.094000,4.085000,4.086000,changed
2026-02-23 14:20:00+00:00,2026-10-06T10:59:13Z,4.067000,4.069000,4.054000,4.056000,4.063000,4.067000,4.054000,4.056000,changed
2026-02-23 15:20:00+00:00,2026-10-06T10:59:13Z,4.065000,4.067000,4.029000,4.033000,4.060000,4.060000,4.029000,4.033000,changed
2026-02-23 16:20:00+00:00,2026-10-06T10:59:13Z,4.054000,4.056000,4.025000,4.027000,4.042000,4.044000,4.025000,4.027000,changed
2026-02-23 17:20:00+00:00,2026-10-06T10:59:13Z,4.033000,4.035000,4.018000,4.027000,4.029000,4.029000,4.018000,4.027000,changed
2026-02-23 18:20:00+00:00,2026-10-06T10:59:13Z,4.027000,4.029000,4.018000,4.025000,4.023000,4.027000,4.021000,4.025000,changed
2026-02-23 19:20:00+00:00,2026-10-06T10:59:13Z,4.027000,4.031000,4.021000,4.029000,4.023000,4.031000,4.023000,4.029000,changed
2026-02-25 14:20:00+00:00,2026-10-06T10:59:13Z,4.050000,4.058000,4.050000,4.050000,4.056000,4.058000,4.050000,4.050000,changed
2026-02-25 15:20:00+00:00,2026-10-06T10:59:13Z,4.056000,4.056000,4.044000,4.046000,4.056000,4.058000,4.044000,4.046000,changed
2026-02-25 16:20:00+00:00,2026-10-06T10:59:13Z,4.046000,4.048000,4.035000,4.037000,4.052000,4.052000,4.035000,4.037000,changed
2026-02-25 17:20:00+00:00,2026-10-06T10:59:13Z,4.042000,4.042000,4.035000,4.039000,4.044000,4.044000,4.035000,4.039000,changed
2026-02-25 18:20:00+00:00,2026-10-06T10:59:13Z,4.037000,4.048000,4.037000,4.048000,4.035000,4.048000,4.035000,4.048000,changed
2026-02-25 19:20:00+00:00,2026-10-06T10:59:13Z,4.046000,4.050000,4.044000,4.048000,4.040000,4.050000,4.040000,4.048000,changed
2026-02-27 14:20:00+00:00,2026-10-06T10:59:13Z,3.987000,3.994000,3.970000,3.981000,3.987000,3.987000,3.970000,3.981000,changed
2026-02-27 15:20:00+00:00,2026-10-06T10:59:13Z,3.977000,3.983000,3.970000,3.975000,3.975000,3.983000,3.974000,3.975000,changed
2026-02-27 16:20:00+00:00,2026-10-06T10:59:13Z,3.979000,3.983000,3.968000,3.975000,3.975000,3.977000,3.968000,3.975000,changed
2026-02-27 17:20:00+00:00,2026-10-06T10:59:13Z,3.974000,3.975000,3.966000,3.966000,3.970000,3.975000,3.966000,3.966000,changed
2026-02-27 18:20:00+00:00,2026-10-06T10:59:13Z,3.970000,3.975000,3.958000,3.958000,3.972000,3.972000,3.958000,3.958000,changed
2026-02-27 19:20:00+00:00,2026-10-06T10:59:13Z,3.968000,3.968000,3.956000,3.962000,3.964000,3.964000,3.956000,3.962000,changed
2026-02-02 18:20:00+00:00,2026-10-06T11:43:51Z,4.271000,4.275000,4.271000,4.275000,4.263000,4.277000,4.261000,4.277000,changed
2026-02-02 19:20:00+00:00,2026-10-06T11:43:51Z,4.275000,4.279000,4.269000,4.275000,4.273000,4.279000,4.269000,4.275000,changed
2026-02-03 14:20:00+00:00,2026-10-06T11:43:51Z,4.292000,4.300000,4.282000,4.284000,4.293000,4.300000,4.282000,4.284000,changed
2026-02-03 15:20:00+00:00,2026-10-06T11:43:51Z,4.292000,4.293000,4.279000,4.287000,4.284000,4.293000,4.279000,4.287000,changed
2026-02-03 16:20:00+00:00,2026-10-06T11:43:51Z,4.285000,4.293000,4.278000,4.285000,4.292000,4.293000,4.278000,4.285000,changed
2026-02-03 18:20:00+00:00,2026-10-06T11:43:51Z,4.290000,4.293000,4.266000,4.271000,4.290000,4.292000,4.266000,4.271000,changed
2026-02-03 19:20:00+00:00,2026-10-06T11:43:51Z,4.284000,4.284000,4.266000,4.274000,4.268000,4.278000,4.266000,4.274000,changed
2026-02-04 14:20:00+00:00,2026-10-06T11:43:51Z,4.271000,4.290000,4.269000,4.271000,4.282000,4.290000,4.269000,4.271000,changed
2026-02-04 15:20:00+00:00,2026-10-06T11:43:51Z,4.284000,4.290000,4.269000,4.271000,4.287000,4.287000,4.269000,4.271000,changed
2026-02-04 17:20:00+00:00,2026-10-06T11:43:51Z,4.278000,4.279000,4.261000,4.271000,4.275000,4.275000,4.261000,4.271000,changed
2026-02-04 18:20:00+00:00,2026-10-06T11:43:51Z,4.263000,4.279000,4.261000,4.279000,4.271000,4.279000,4.268000,4.279000,changed
2026-02-04 19:20:00+00:00,2026-10-06T11:43:51Z,4.275000,4.279000,4.268000,4.275000,4.269000,4.279000,4.269000,4.275000,changed
2026-02-05 14:20:00+00:00,2026-10-06T11:43:51Z,4.232000,4.250000,4.222000,4.222000,4.246000,4.250000,4.222000,4.222000,changed
2026-02-05 15:20:00+00:00,2026-10-06T11:43:51Z,4.234000,4.236000,4.206000,4.210000,4.236000,4.250000,4.206000,4.210000,changed
2026-02-05 16:20:00+00:00,2026-10-06T11:43:51Z,4.216000,4.220000,4.206000,4.210000,4.214000,4.220000,4.206000,4.210000,changed
2026-02-05 17:20:00+00:00,2026-10-06T11:43:51Z,4.216000,4.218000,4.208000,4.212000,4.218000,4.220000,4.208000,4.212000,changed
2026-02-05 18:20:00+00:00,2026-10-06T11:43:51Z,4.212000,4.212000,4.204000,4.210000,4.216000,4.218000,4.204000,4.210000,changed
2026-02-05 19:20:00+00:00,2026-10-06T11:43:51Z,4.204000,4.210000,4.204000,4.210000,4.208000,4.210000,4.204000,4.210000,changed
2026-02-06 14:20:00+00:00,2026-10-06T11:43:51Z,4.198000,4.220000,4.194000,4.216000,4.204000,4.220000,4.194000,4.216000,changed
2026-02-06 15:20:00+00:00,2026-10-06T11:43:51Z,4.214000,4.222000,4.212000,4.218000,4.196000,4.224000,4.194000,4.218000,changed
2026-02-06 16:20:00+00:00,2026-10-06T11:43:51Z,4.216000,4.220000,4.216000,4.218000,4.220000,4.224000,4.212000,4.218000,changed
2026-02-06 17:20:00+00:00,2026-10-06T11:43:51Z,4.218000,4.220000,4.214000,4.216000,4.216000,4.220000,4.212000,4.216000,changed
2026-02-06 18:20:00+00:00,2026-10-06T11:43:51Z,4.214000,4.216000,4.208000,4.210000,4.218000,4.220000,4.208000,4.210000,changed
2026-02-06 19:20:00+00:00,2026-10-06T11:43:51Z,4.210000,4.212000,4.206000,4.206000,4.214000,4.214000,4.206000,4.206000,changed
2026-02-09 14:20:00+00:00,2026-10-06T11:43:51Z,4.220000,4.226000,4.210000,4.220000,4.218000,4.226000,4.210000,4.220000,changed
2026-02-09 15:20:00+00:00,2026-10-06T11:43:51Z,4.218000,4.222000,4.206000,4.208000,4.216000,4.226000,4.206000,4.208000,changed
2026-02-09 16:20:00+00:00,2026-10-06T11:43:51Z,4.212000,4.216000,4.206000,4.206000,4.214000,4.220000,4.206000,4.206000,changed
2026-02-09 17:20:00+00:00,2026-10-06T11:43:51Z,4.210000,4.212000,4.202000,4.206000,4.210000,4.216000,4.202000,4.206000,changed
2026-02-09 18:20:00+00:00,2026-10-06T11:43:51Z,4.206000,4.210000,4.200000,4.202000,4.204000,4.210000,4.200000,4.202000,changed
2026-02-09 19:20:00+00:00,2026-10-06T11:43:51Z,4.204000,4.204000,4.196000,4.198000,4.206000,4.206000,4.196000,4.198000,changed
2026-02-10 14:20:00+00:00,2026-10-06T11:43:51Z,4.164000,4.166000,4.139000,4.145000,4.159000,4.162000,4.139000,4.145000,changed
2026-02-10 15:20:00+00:00,2026-10-06T11:43:51Z,4.154000,4.154000,4.135000,4.139000,4.147000,4.149000,4.135000,4.139000,changed
2026-02-10 16:20:00+00:00,2026-10-06T11:43:51Z,4.145000,4.151000,4.135000,4.145000,4.141000,4.151000,4.135000,4.145000,changed
2026-02-10 17:20:00+00:00,2026-10-06T11:43:51Z,4.137000,4.153000,4.137000,4.149000,4.145000,4.153000,4.143000,4.149000,changed
2026-02-10 18:20:00+00:00,2026-10-06T11:43:51Z,4.143000,4.153000,4.143000,4.151000,4.149000,4.153000,4.149000,4.151000,changed
2026-02-10 19:20:00+00:00,2026-10-06T11:43:51Z,4.153000,4.153000,4.145000,4.147000,4.151000,4.153000,4.145000,4.147000,changed
2026-02-11 14:20:00+00:00,2026-10-06T11:43:51Z,4.176000,4.206000,4.168000,4.170000,4.202000,4.202000,4.168000,4.170000,changed
2026-02-11 15:20:00+00:00,2026-10-06T11:43:51Z,4.184000,4.188000,4.165000,4.170000,4.182000,4.184000,4.165000,4.170000,changed
2026-02-11 16:20:00+00:00,2026-10-06T11:43:51Z,4.165000,4.178000,4.149000,4.149000,4.174000,4.178000,4.149000,4.149000,changed
2026-02-11 17:20:00+00:00,2026-10-06T11:43:51Z,4.165000,4.174000,4.147000,4.172000,4.151000,4.174000,4.147000,4.172000,changed
2026-02-11 18:20:00+00:00,2026-10-06T11:43:51Z,4.155000,4.178000,4.151000,4.172000,4.155000,4.178000,4.153000,4.172000,changed
2026-02-11 19:20:00+00:00,2026-10-06T11:43:51Z,4.174000,4.178000,4.166000,4.172000,4.176000,4.178000,4.170000,4.172000,changed
2026-02-12 14:20:00+00:00,2026-10-06T11:43:51Z,4.162000,4.169000,4.146000,4.146000,4.158000,4.169000,4.146000,4.146000,changed
2026-02-12 15:20:00+00:00,2026-10-06T11:43:51Z,4.152000,4.152000,4.125000,4.127000,4.164000,4.165000,4.125000,4.127000,changed
2026-02-12 16:20:00+00:00,2026-10-06T11:43:51Z,4.140000,4.140000,4.119000,4.123000,4.146000,4.146000,4.119000,4.123000,changed
2026-02-12 17:20:00+00:00,2026-10-06T11:43:51Z,4.127000,4.131000,4.102000,4.102000,4.121000,4.131000,4.102000,4.102000,changed
2026-02-12 18:20:00+00:00,2026-10-06T11:43:51Z,4.127000,4.129000,4.100000,4.100000,4.129000,4.131000,4.100000,4.100000,changed
2026-02-12 19:20:00+00:00,2026-10-06T11:43:51Z,4.104000,4.110000,4.100000,4.104000,4.102000,4.110000,4.100000,4.104000,changed
2026-02-13 14:20:00+00:00,2026-10-06T11:43:51Z,4.087000,4.090000,4.050000,4.064000,4.100000,4.100000,4.050000,4.064000,changed
2026-02-13 15:20:00+00:00,2026-10-06T11:43:51Z,4.062000,4.069000,4.056000,4.062000,4.067000,4.071000,4.050000,4.062000,changed
2026-02-13 16:20:00+00:00,2026-10-06T11:43:51Z,4.064000,4.064000,4.046000,4.054000,4.067000,4.069000,4.046000,4.054000,changed
2026-02-13 17:20:00+00:00,2026-10-06T11:43:51Z,4.052000,4.066000,4.052000,4.064000,4.056000,4.066000,4.046000,4.064000,changed
2026-02-13 18:20:00+00:00,2026-10-06T11:43:51Z,4.064000,4.067000,4.060000,4.064000,4.056000,4.067000,4.056000,4.064000,changed
2026-02-13 19:20:00+00:00,2026-10-06T11:43:51Z,4.066000,4.066000,4.054000,4.056000,4.064000,4.067000,4.054000,4.056000,changed
2026-02-17 14:20:00+00:00,2026-10-06T11:43:51Z,4.029000,4.058000,4.025000,4.052000,4.041000,4.058000,4.041000,4.052000,changed
2026-02-17 15:20:00+00:00,2026-10-06T11:43:51Z,4.048000,4.058000,4.039000,4.056000,4.045000,4.056000,4.039000,4.056000,changed
2026-02-17 16:20:00+00:00,2026-10-06T11:43:51Z,4.048000,4.056000,4.039000,4.052000,4.045000,4.056000,4.045000,4.052000,changed
2026-02-17 17:20:00+00:00,2026-10-06T11:43:51Z,4.052000,4.060000,4.048000,4.056000,4.056000,4.060000,4.048000,4.056000,changed
2026-02-17 18:20:00+00:00,2026-10-06T11:43:51Z,4.052000,4.060000,4.048000,4.058000,4.056000,4.060000,4.054000,4.058000,changed
2026-02-17 19:20:00+00:00,2026-10-06T11:43:51Z,4.060000,4.060000,4.052000,4.052000,4.058000,4.060000,4.052000,4.052000,changed
2026-02-18 14:20:00+00:00,2026-10-06T11:43:51Z,4.067000,4.085000,4.064000,4.079000,4.075000,4.085000,4.075000,4.079000,changed
2026-02-18 15:20:00+00:00,2026-10-06T11:43:51Z,4.079000,4.085000,4.073000,4.077000,4.083000,4.085000,4.073000,4.077000,changed
2026-02-18 16:20:00+00:00,2026-10-06T11:43:51Z,4.083000,4.083000,4.071000,4.073000,4.077000,4.079000,4.071000,4.073000,changed
2026-02-18 18:20:00+00:00,2026-10-06T11:43:51Z,4.071000,4.088000,4.071000,4.079000,4.075000,4.088000,4.075000,4.079000,changed
2026-02-18 19:20:00+00:00,2026-10-06T11:43:51Z,4.081000,4.088000,4.079000,4.079000,4.085000,4.088000,4.079000,4.079000,changed
2026-02-19 14:20:00+00:00,2026-10-06T11:43:51Z,4.100000,4.102000,4.083000,4.088000,4.106000,4.106000,4.083000,4.088000,changed
2026-02-19 15:20:00+00:00,2026-10-06T11:43:51Z,4.088000,4.094000,4.083000,4.085000,4.092000,4.094000,4.083000,4.085000,changed
2026-02-19 16:20:00+00:00,2026-10-06T11:43:51Z,4.088000,4.088000,4.081000,4.083000,4.086000,4.094000,4.081000,4.083000,changed
2026-02-19 17:20:00+00:00,2026-10-06T11:43:51Z,4.085000,4.086000,4.075000,4.075000,4.085000,4.088000,4.075000,4.075000,changed
2026-02-19 18:20:00+00:00,2026-10-06T11:43:51Z,4.085000,4.085000,4.065000,4.069000,4.085000,4.086000,4.065000,4.069000,changed
2026-02-19 19:20:00+00:00,2026-10-06T11:43:51Z,4.069000,4.079000,4.065000,4.075000,4.073000,4.079000,4.065000,4.075000,changed
2026-02-20 14:20:00+00:00,2026-10-06T11:43:51Z,4.071000,4.104000,4.069000,4.096000,4.063000,4.104000,4.060000,4.096000,changed
2026-02-20 15:20:00+00:00,2026-10-06T11:43:51Z,4.077000,4.104000,4.075000,4.086000,4.071000,4.104000,4.071000,4.086000,changed
2026-02-20 16:20:00+00:00,2026-10-06T11:43:51Z,4.096000,4.098000,4.083000,4.088000,4.092000,4.098000,4.083000,4.088000,changed
2026-02-20 17:20:00+00:00,2026-10-06T11:43:51Z,4.096000,4.100000,4.086000,4.096000,4.085000,4.100000,4.085000,4.096000,changed
2026-02-20 18:20:00+00:00,2026-10-06T11:43:51Z,4.094000,4.100000,4.081000,4.085000,4.086000,4.100000,4.081000,4.085000,changed
2026-02-20 19:20:00+00:00,2026-10-06T11:43:51Z,4.088000,4.094000,4.085000,4.086000,4.092000,4.094000,4.081000,4.086000,changed
2026-02-23 14:20:00+00:00,2026-10-06T11:43:51Z,4.063000,4.067000,4.054000,4.056000,4.067000,4.069000,4.054000,4.056000,changed
2026-02-23 15:20:00+00:00,2026-10-06T11:43:51Z,4.060000,4.060000,4.029000,4.033000,4.065000,4.067000,4.029000,4.033000,changed
2026-02-23 16:20:00+00:00,2026-10-06T11:43:51Z,4.042000,4.044000,4.025000,4.027000,4.054000,4.056000,4.025000,4.027000,changed
2026-02-23 17:20:00+00:00,2026-10-06T11:43:51Z,4.029000,4.029000,4.018000,4.027000,4.033000,4.035000,4.018000,4.027000,changed
2026-02-23 18:20:00+00:00,2026-10-06T11:43:51Z,4.023000,4.027000,4.021000,4.025000,4.027000,4.029000,4.018000,4.025000,changed
2026-02-23 19:20:00+00:00,2026-10-06T11:43:51Z,4.023000,4.031000,4.023000,4.029000,4.027000,4.031000,4.021000,4.029000,changed
2026-02-25 14:20:00+00:00,2026-10-06T11:43:51Z,4.056000,4.058000,4.050000,4.050000,4.050000,4.058000,4.050000,4.050000,changed
2026-02-25 15:20:00+00:00,2026-10-06T11:43:51Z,4.056000,4.058000,4.044000,4.046000,4.056000,4.056000,4.044000,4.046000,changed
2026-02-25 16:20:00+00:00,2026-10-06T11:43:51Z,4.052000,4.052000,4.035000,4.037000,4.046000,4.048000,4.035000,4.037000,changed
2026-02-25 17:20:00+00:00,2026-10-06T11:43:51Z,4.044000,4.044000,4.035000,4.039000,4.042000,4.042000,4.035000,4.039000,changed
2026-02-25 18:20:00+00:00,2026-10-06T11:43:51Z,4.035000,4.048000,4.035000,4.048000,4.037000,4.048000,4.037000,4.048000,changed
2026-02-25 19:20:00+00:00,2026-10-06T11:43:51Z,4.040000,4.050000,4.040000,4.048000,4.046000,4.050000,4.044000,4.048000,changed
2026-02-27 14:20:00+00:00,2026-10-06T11:43:51Z,3.987000,3.987000,3.970000,3.981000,3.987000,3.994000,3.970000,3.981000,changed
2026-02-27 15:20:00+00:00,2026-10-06T11:43:51Z,3.975000,3.983000,3.974000,3.975000,3.977000,3.983000,3.970000,3.975000,changed
2026-02-27 16:20:00+00:00,2026-10-06T11:43:51Z,3.975000,3.977000,3.968000,3.975000,3.979000,3.983000,3.968000,3.975000,changed
2026-02-27 17:20:00+00:00,2026-10-06T11:43:51Z,3.970000,3.975000,3.966000,3.966000,3.974000,3.975000,3.966000,3.966000,changed
2026-02-27 18:20:00+00:00,2026-10-06T11:43:51Z,3.972000,3.972000,3.958000,3.958000,3.970000,3.975000,3.958000,3.958000,changed
2026-02-27 19:20:00+00:00,2026-10-06T11:43:51Z,3.964000,3.964000,3.956000,3.962000,3.968000,3.968000,3.956000,3.962000,changed
2026-02-02 18:20:00+00:00,2026-10-06T11:57:15Z,4.263000,4.277000,4.261000,4.277000,4.271000,4.275000,4.271000,4.275000,changed
2026-02-02 19:20:00+00:00,2026-10-06T11:57:15Z,4.273000,4.279000,4.269000,4.275000,4.275000,4.279000,4.269000,4.275000,changed
2026-02-03 14:20:00+00:00,2026-10-06T11:57:15Z,4.293000,4.300000,4.282000,4.284000,4.292000,4.300000,4.282000,4.284000,changed
2026-02-03 15:20:00+00:00,2026-10-06T11:57:15Z,4.284000,4.293000,4.279000,4.287000,4.292000,4.293000,4.279000,4.287000,changed
2026-02-03 16:20:00+00:00,2026-10-06T11:57:15Z,4.292000,4.293000,4.278000,4.285000,4.285000,4.293000,4.278000,4.285000,changed
2026-02-03 18:20:00+00:00,2026-10-06T11:57:15Z,4.290000,4.292000,4.266000,4.271000,4.290000,4.293000,4.266000,4.271000,changed
2026-02-03 19:20:00+00:00,2026-10-06T11:57:15Z,4.268000,4.278000,4.266000,4.274000,4.284000,4.284000,4.266000,4.274000,changed
2026-02-04 14:20:00+00:00,2026-10-06T11:57:15Z,4.282000,4.290000,4.269000,4.271000,4.271000,4.290000,4.269000,4.271000,changed
2026-02-04 15:20:00+00:00,2026-10-06T11:57:15Z,4.287000,4.287000,4.269000,4.271000,4.284000,4.290000,4.269000,4.271000,changed
2026-02-04 17:20:00+00:00,2026-10-06T11:57:15Z,4.275000,4.275000,4.261000,4.271000,4.278000,4.279000,4.261000,4.271000,changed
2026-02-04 18:20:00+00:00,2026-10-06T11:57:15Z,4.271000,4.279000,4.268000,4.279000,4.263000,4.279000,4.261000,4.279000,changed
2026-02-04 19:20:00+00:00,2026-10-06T11:57:15Z,4.269000,4.279000,4.269000,4.275000,4.275000,4.279000,4.268000,4.275000,changed
2026-02-05 14:20:00+00:00,2026-10-06T11:57:15Z,4.246000,4.250000,4.222000,4.222000,4.232000,4.250000,4.222000,4.222000,changed
2026-02-05 15:20:00+00:00,2026-10-06T11:57:15Z,4.236000,4.250000,4.206000,4.210000,4.234000,4.236000,4.206000,4.210000,changed
2026-02-05 16:20:00+00:00,2026-10-06T11:57:15Z,4.214000,4.220000,4.206000,4.210000,4.216000,4.220000,4.206000,4.210000,changed
2026-02-05 17:20:00+00:00,2026-10-06T11:57:15Z,4.218000,4.220000,4.208000,4.212000,4.216000,4.218000,4.208000,4.212000,changed
2026-02-05 18:20:00+00:00,2026-10-06T11:57:15Z,4.216000,4.218000,4.204000,4.210000,4.212000,4.212000,4.204000,4.210000,changed
2026-02-05 19:20:00+00:00,2026-10-06T11:57:15Z,4.208000,4.210000,4.204000,4.210000,4.204000,4.210000,4.204000,4.210000,changed
2026-02-06 14:20:00+00:00,2026-10-06T11:57:15Z,4.204000,4.220000,4.194000,4.216000,4.198000,4.220000,4.194000,4.216000,changed
2026-02-06 15:20:00+00:00,2026-10-06T11:57:15Z,4.196000,4.224000,4.194000,4.218000,4.214000,4.222000,4.212000,4.218000,changed
2026-02-06 16:20:00+00:00,2026-10-06T11:57:15Z,4.220000,4.224000,4.212000,4.218000,4.216000,4.220000,4.216000,4.218000,changed
2026-02-06 17:20:00+00:00,2026-10-06T11:57:15Z,4.216000,4.220000,4.212000,4.216000,4.218000,4.220000,4.214000,4.216000,changed
2026-02-06 18:20:00+00:00,2026-10-06T11:57:15Z,4.218000,4.220000,4.208000,4.210000,4.214000,4.216000,4.208000,4.210000,changed
2026-02-06 19:20:00+00:00,2026-10-06T11:57:15Z,4.214000,4.214000,4.206000,4.206000,4.210000,4.212000,4.206000,4.206000,changed
2026-02-09 14:20:00+00:00,2026-10-06T11:57:15Z,4.218000,4.226000,4.210000,4.220000,4.220000,4.226000,4.210000,4.220000,changed
2026-02-09 15:20:00+00:00,2026-10-06T11:57:15Z,4.216000,4.226000,4.206000,4.208000,4.218000,4.222000,4.206000,4.208000,changed
2026-02-09 16:20:00+00:00,2026-10-06T11:57:15Z,4.214000,4.220000,4.206000,4.206000,4.212000,4.216000,4.206000,4.206000,changed
2026-02-09 17:20:00+00:00,2026-10-06T11:57:15Z,4.210000,4.216000,4.202000,4.206000,4.210000,4.212000,4.202000,4.206000,changed
2026-02-09 18:20:00+00:00,2026-10-06T11:57:15Z,4.204000,4.210000,4.200000,4.202000,4.206000,4.210000,4.200000,4.202000,changed
2026-02-09 19:20:00+00:00,2026-10-06T11:57:15Z,4.206000,4.206000,4.196000,4.198000,4.204000,4.204000,4.196000,4.198000,changed
2026-02-10 14:20:00+00:00,2026-10-06T11:57:15Z,4.159000,4.162000,4.139000,4.145000,4.164000,4.166000,4.139000,4.145000,changed
2026-02-10 15:20:00+00:00,2026-10-06T11:57:15Z,4.147000,4.149000,4.135000,4.139000,4.154000,4.154000,4.135000,4.139000,changed
2026-02-10 16:20:00+00:00,2026-10-06T11:57:15Z,4.141000,4.151000,4.135000,4.145000,4.145000,4.151000,4.135000,4.145000,changed
2026-02-10 17:20:00+00:00,2026-10-06T11:57:15Z,4.145000,4.153000,4.143000,4.149000,4.137000,4.153000,4.137000,4.149000,changed
2026-02-10 18:20:00+00:00,2026-10-06T11:57:15Z,4.149000,4.153000,4.149000,4.151000,4.143000,4.153000,4.143000,4.151000,changed
2026-02-10 19:20:00+00:00,2026-10-06T11:57:15Z,4.151000,4.153000,4.145000,4.147000,4.153000,4.153000,4.145000,4.147000,changed
2026-02-11 14:20:00+00:00,2026-10-06T11:57:15Z,4.202000,4.202000,4.168000,4.170000,4.176000,4.206000,4.168000,4.170000,changed
2026-02-11 15:20:00+00:00,2026-10-06T11:57:15Z,4.182000,4.184000,4.165000,4.170000,4.184000,4.188000,4.165000,4.170000,changed
2026-02-11 16:20:00+00:00,2026-10-06T11:57:15Z,4.174000,4.178000,4.149000,4.149000,4.165000,4.178000,4.149000,4.149000,changed
2026-02-11 17:20:00+00:00,2026-10-06T11:57:15Z,4.151000,4.174000,4.147000,4.172000,4.165000,4.174000,4.147000,4.172000,changed
2026-02-11 18:20:00+00:00,2026-10-06T11:57:15Z,4.155000,4.178000,4.153000,4.172000,4.155000,4.178000,4.151000,4.172000,changed
2026-02-11 19:20:00+00:00,2026-10-06T11:57:15Z,4.176000,4.178000,4.170000,4.172000,4.174000,4.178000,4.166000,4.172000,changed
2026-02-12 14:20:00+00:00,2026-10-06T11:57:15Z,4.158000,4.169000,4.146000,4.146000,4.162000,4.169000,4.146000,4.146000,changed
2026-02-12 15:20:00+00:00,2026-10-06T11:57:15Z,4.164000,4.165000,4.125000,4.127000,4.152000,4.152000,4.125000,4.127000,changed
2026-02-12 16:20:00+00:00,2026-10-06T11:57:15Z,4.146000,4.146000,4.119000,4.123000,4.140000,4.140000,4.119000,4.123000,changed
2026-02-12 17:20:00+00:00,2026-10-06T11:57:15Z,4.121000,4.131000,4.102000,4.102000,4.127000,4.131000,4.102000,4.102000,changed
2026-02-12 18:20:00+00:00,2026-10-06T11:57:15Z,4.129000,4.131000,4.100000,4.100000,4.127000,4.129000,4.100000,4.100000,changed
2026-02-12 19:20:00+00:00,2026-10-06T11:57:15Z,4.102000,4.110000,4.100000,4.104000,4.104000,4.110000,4.100000,4.104000,changed
2026-02-13 14:20:00+00:00,2026-10-06T11:57:15Z,4.100000,4.100000,4.050000,4.064000,4.087000,4.090000,4.050000,4.064000,changed
2026-02-13 15:20:00+00:00,2026-10-06T11:57:15Z,4.067000,4.071000,4.050000,4.062000,4.062000,4.069000,4.056000,4.062000,changed
2026-02-13 16:20:00+00:00,2026-10-06T11:57:15Z,4.067000,4.069000,4.046000,4.054000,4.064000,4.064000,4.046000,4.054000,changed
2026-02-13 17:20:00+00:00,2026-10-06T11:57:15Z,4.056000,4.066000,4.046000,4.064000,4.052000,4.066000,4.052000,4.064000,changed
2026-02-13 18:20:00+00:00,2026-10-06T11:57:15Z,4.056000,4.067000,4.056000,4.064000,4.064000,4.067000,4.060000,4.064000,changed
2026-02-13 19:20:00+00:00,2026-10-06T11:57:15Z,4.064000,4.067000,4.054000,4.056000,4.066000,4.066000,4.054000,4.056000,changed
2026-02-17 14:20:00+00:00,2026-10-06T11:57:15Z,4.041000,4.058000,4.041000,4.052000,4.029000,4.058000,4.025000,4.052000,changed
2026-02-17 15:20:00+00:00,2026-10-06T11:57:15Z,4.045000,4.056000,4.039000,4.056000,4.048000,4.058000,4.039000,4.056000,changed
2026-02-17 16:20:00+00:00,2026-10-06T11:57:15Z,4.045000,4.056000,4.045000,4.052000,4.048000,4.056000,4.039000,4.052000,changed
2026-02-17 17:20:00+00:00,2026-10-06T11:57:15Z,4.056000,4.060000,4.048000,4.056000,4.052000,4.060000,4.048000,4.056000,changed
2026-02-17 18:20:00+00:00,2026-10-06T11:57:15Z,4.056000,4.060000,4.054000,4.058000,4.052000,4.060000,4.048000,4.058000,changed
2026-02-17 19:20:00+00:00,2026-10-06T11:57:15Z,4.058000,4.060000,4.052000,4.052000,4.060000,4.060000,4.052000,4.052000,changed
2026-02-18 14:20:00+00:00,2026-10-06T11:57:15Z,4.075000,4.085000,4.075000,4.079000,4.067000,4.085000,4.064000,4.079000,changed
2026-02-18 15:20:00+00:00,2026-10-06T11:57:15Z,4.083000,4.085000,4.073000,4.077000,4.079000,4.085000,4.073000,4.077000,changed
2026-02-18 16:20:00+00:00,2026-10-06T11:57:15Z,4.077000,4.079000,4.071000,4.073000,4.083000,4.083000,4.071000,4.073000,changed
2026-02-18 18:20:00+00:00,2026-10-06T11:57:15Z,4.075000,4.088000,4.075000,4.079000,4.071000,4.088000,4.071000,4.079000,changed
2026-02-18 19:20:00+00:00,2026-10-06T11:57:15Z,4.085000,4.088000,4.079000,4.079000,4.081000,4.088000,4.079000,4.079000,changed
2026-02-19 14:20:00+00:00,2026-10-06T11:57:15Z,4.106000,4.106000,4.083000,4.088000,4.100000,4.102000,4.083000,4.088000,changed
2026-02-19 15:20:00+00:00,2026-10-06T11:57:15Z,4.092000,4.094000,4.083000,4.085000,4.088000,4.094000,4.083000,4.085000,changed
2026-02-19 16:20:00+00:00,2026-10-06T11:57:15Z,4.086000,4.094000,4.081000,4.083000,4.088000,4.088000,4.081000,4.083000,changed
2026-02-19 17:20:00+00:00,2026-10-06T11:57:15Z,4.085000,4.088000,4.075000,4.075000,4.085000,4.086000,4.075000,4.075000,changed
2026-02-19 18:20:00+00:00,2026-10-06T11:57:15Z,4.085000,4.086000,4.065000,4.069000,4.085000,4.085000,4.065000,4.069000,changed
2026-02-19 19:20:00+00:00,2026-10-06T11:57:15Z,4.073000,4.079000,4.065000,4.075000,4.069000,4.079000,4.065000,4.075000,changed
2026-02-20 14:20:00+00:00,2026-10-06T11:57:15Z,4.063000,4.104000,4.060000,4.096000,4.071000,4.104000,4.069000,4.096000,changed
2026-02-20 15:20:00+00:00,2026-10-06T11:57:15Z,4.071000,4.104000,4.071000,4.086000,4.077000,4.104000,4.075000,4.086000,changed
2026-02-20 16:20:00+00:00,2026-10-06T11:57:15Z,4.092000,4.098000,4.083000,4.088000,4.096000,4.098000,4.083000,4.088000,changed
2026-02-20 17:20:00+00:00,2026-10-06T11:57:15Z,4.085000,4.100000,4.085000,4.096000,4.096000,4.100000,4.086000,4.096000,changed
2026-02-20 18:20:00+00:00,2026-10-06T11:57:15Z,4.086000,4.100000,4.081000,4.085000,4.094000,4.100000,4.081000,4.085000,changed
2026-02-20 19:20:00+00:00,2026-10-06T11:57:15Z,4.092000,4.094000,4.081000,4.086000,4.088000,4.094000,4.085000,4.086000,changed
2026-02-23 14:20:00+00:00,2026-10-06T11:57:15Z,4.067000,4.069000,4.054000,4.056000,4.063000,4.067000,4.054000,4.056000,changed
2026-02-23 15:20:00+00:00,2026-10-06T11:57:15Z,4.065000,4.067000,4.029000,4.033000,4.060000,4.060000,4.029000,4.033000,changed
2026-02-23 16:20:00+00:00,2026-10-06T11:57:15Z,4.054000,4.056000,4.025000,4.027000,4.042000,4.044000,4.025000,4.027000,changed
2026-02-23 17:20:00+00:00,2026-10-06T11:57:15Z,4.033000,4.035000,4.018000,4.027000,4.029000,4.029000,4.018000,4.027000,changed
2026-02-23 18:20:00+00:00,2026-10-06T11:57:15Z,4.027000,4.029000,4.018000,4.025000,4.023000,4.027000,4.021000,4.025000,changed
2026-02-23 19:20:00+00:00,2026-10-06T11:57:15Z,4.027000,4.031000,4.021000,4.029000,4.023000,4.031000,4.023000,4.029000,changed
2026-02-25 14:20:00+00:00,2026-10-06T11:57:15Z,4.050000,4.058000,4.050000,4.050000,4.056000,4.058000,4.050000,4.050000,changed
2026-02-25 15:20:00+00:00,2026-10-06T11:57:15Z,4.056000,4.056000,4.044000,4.046000,4.056000,4.058000,4.044000,4.046000,changed
2026-02-25 16:20:00+00:00,2026-10-06T11:57:15Z,4.046000,4.048000,4.035000,4.037000,4.052000,4.052000,4.035000,4.037000,changed
2026-02-25 17:20:00+00:00,2026-10-06T11:57:15Z,4.042000,4.042000,4.035000,4.039000,4.044000,4.044000,4.035000,4.039000,changed
2026-02-25 18:20:00+00:00,2026-10-06T11:57:15Z,4.037000,4.048000,4.037000,4.048000,4.035000,4.048000,4.035000,4.048000,changed
2026-02-25 19:20:00+00:00,2026-10-06T11:57:15Z,4.046000,4.050000,4.044000,4.048000,4.040000,4.050000,4.040000,4.048000,changed
2026-02-27 14:20:00+00:00,2026-10-06T11:57:15Z,3.987000,3.994000,3.970000,3.981000,3.987000,3.987000,3.970000,3.981000,changed
2026-02-27 15:20:00+00:00,2026-10-06T11:57:15Z,3.977000,3.983000,3.970000,3.975000,3.975000,3.983000,3.974000,3.975000,changed
2026-02-27 16:20:00+00:00,2026-10-06T11:57:15Z,3.979000,3.983000,3.968000,3.975000,3.975000,3.977000,3.968000,3.975000,changed
2026-02-27 17:20:00+00:00,2026-10-06T11:57:15Z,3.974000,3.975000,3.966000,3.966000,3.970000,3.975000,3.966000,3.966000,changed
2026-02-27 18:20:00+00:00,2026-10-06T11:57:15Z,3.970000,3.975000,3.958000,3.958000,3.972000,3.972000,3.958000,3.958000,changed
2026-02-27 19:20:00+00:00,2026-10-06T11:57:15Z,3.968000,3.968000,3.956000,3.962000,3.964000,3.964000,3.956000,3.962000,changed
2026-02-02 18:20:00+00:00,2026-10-06T12:36:08Z,4.271000,4.275000,4.271000,4.275000,4.263000,4.277000,4.261000,4.277000,changed
2026-02-02 19:20:00+00:00,2026-10-06T12:36:08Z,4.275000,4.279000,4.269000,4.275000,4.273000,4.279000,4.269000,4.275000,changed
2026-02-03 14:20:00+00:00,2026-10-06T12:36:08Z,4.292000,4.300000,4.282000,4.284000,4.293000,4.300000,4.282000,4.284000,changed
2026-02-03 15:20:00+00:00,2026-10-06T12:36:08Z,4.292000,4.293000,4.279000,4.287000,4.284000,4.293000,4.279000,4.287000,changed
2026-02-03 16:20:00+00:00,2026-10-06T12:36:08Z,4.285000,4.293000,4.278000,4.285000,4.292000,4.293000,4.278000,4.285000,changed
2026-02-03 18:20:00+00:00,2026-10-06T12:36:08Z,4.290000,4.293000,4.266000,4.271000,4.290000,4.292000,4.266000,4.271000,changed
2026-02-03 19:20:00+00:00,2026-10-06T12:36:08Z,4.284000,4.284000,4.266000,4.274000,4.268000,4.278000,4.266000,4.274000,changed
2026-02-04 14:20:00+00:00,2026-10-06T12:36:08Z,4.271000,4.290000,4.269000,4.271000,4.282000,4.290000,4.269000,4.271000,changed
2026-02-04 15:20:00+00:00,2026-10-06T12:36:08Z,4.284000,4.290000,4.269000,4.271000,4.287000,4.287000,4.269000,4.271000,changed
2026-02-04 17:20:00+00:00,2026-10-06T12:36:08Z,4.278000,4.279000,4.261000,4.271000,4.275000,4.275000,4.261000,4.271000,changed
2026-02-04 18:20:00+00:00,2026-10-06T12:36:08Z,4.263000,4.279000,4.261000,4.279000,4.271000,4.279000,4.268000,4.279000,changed
2026-02-04 19:20:00+00:00,2026-10-06T12:36:08Z,4.275000,4.279000,4.268000,4.275000,4.269000,4.279000,4.269000,4.275000,changed
2026-02-05 14:20:00+00:00,2026-10-06T12:36:08Z,4.232000,4.250000,4.222000,4.222000,4.246000,4.250000,4.222000,4.222000,changed
2026-02-05 15:20:00+00:00,2026-10-06T12:36:08Z,4.234000,4.236000,4.206000,4.210000,4.236000,4.250000,4.206000,4.210000,changed
2026-02-05 16:20:00+00:00,2026-10-06T12:36:08Z,4.216000,4.220000,4.206000,4.210000,4.214000,4.220000,4.206000,4.210000,changed
2026-02-05 17:20:00+00:00,2026-10-06T12:36:08Z,4.216000,4.218000,4.208000,4.212000,4.218000,4.220000,4.208000,4.212000,changed
2026-02-05 18:20:00+00:00,2026-10-06T12:36:08Z,4.212000,4.212000,4.204000,4.210000,4.216000,4.218000,4.204000,4.210000,changed
2026-02-05 19:20:00+00:00,2026-10-06T12:36:08Z,4.204000,4.210000,4.204000,4.210000,4.208000,4.210000,4.204000,4.210000,changed
2026-02-06 14:20:00+00:00,2026-10-06T12:36:08Z,4.198000,4.220000,4.194000,4.216000,4.204000,4.220000,4.194000,4.216000,changed
2026-02-06 15:20:00+00:00,2026-10-06T12:36:08Z,4.214000,4.222000,4.212000,4.218000,4.196000,4.224000,4.194000,4.218000,changed
2026-02-06 16:20:00+00:00,2026-10-06T12:36:08Z,4.216000,4.220000,4.216000,4.218000,4.220000,4.224000,4.212000,4.218000,changed
2026-02-06 17:20:00+00:00,2026-10-06T12:36:08Z,4.218000,4.220000,4.214000,4.216000,4.216000,4.220000,4.212000,4.216000,changed
2026-02-06 18:20:00+00:00,2026-10-06T12:36:08Z,4.214000,4.216000,4.208000,4.210000,4.218000,4.220000,4.208000,4.210000,changed
2026-02-06 19:20:00+00:00,2026-10-06T12:36:08Z,4.210000,4.212000,4.206000,4.206000,4.214000,4.214000,4.206000,4.206000,changed
2026-02-09 14:20:00+00:00,2026-10-06T12:36:08Z,4.220000,4.226000,4.210000,4.220000,4.218000,4.226000,4.210000,4.220000,changed
2026-02-09 15:20:00+00:00,2026-10-06T12:36:08Z,4.218000,4.222000,4.206000,4.208000,4.216000,4.226000,4.206000,4.208000,changed
2026-02-09 16:20:00+00:00,2026-10-06T12:36:08Z,4.212000,4.216000,4.206000,4.206000,4.214000,4.220000,4.206000,4.206000,changed
2026-02-09 17:20:00+00:00,2026-10-06T12:36:08Z,4.210000,4.212000,4.202000,4.206000,4.210000,4.216000,4.202000,4.206000,changed
2026-02-09 18:20:00+00:00,2026-10-06T12:36:08Z,4.206000,4.210000,4.200000,4.202000,4.204000,4.210000,4.200000,4.202000,changed
2026-02-09 19:20:00+00:00,2026-10-06T12:36:08Z,4.204000,4.204000,4.196000,4.198000,4.206000,4.206000,4.196000,4.198000,changed
2026-02-10 14:20:00+00:00,2026-10-06T12:36:08Z,4.164000,4.166000,4.139000,4.145000,4.159000,4.162000,4.139000,4.145000,changed
2026-02-10 15:20:00+00:00,2026-10-06T12:36:08Z,4.154000,4.154000,4.135000,4.139000,4.147000,4.149000,4.135000,4.139000,changed
2026-02-10 16:20:00+00:00,2026-10-06T12:36:08Z,4.145000,4.151000,4.135000,4.145000,4.141000,4.151000,4.135000,4.145000,changed
2026-02-10 17:20:00+00:00,2026-10-06T12:36:08Z,4.137000,4.153000,4.137000,4.149000,4.145000,4.153000,4.143000,4.149000,changed
2026-02-10 18:20:00+00:00,2026-10-06T12:36:08Z,4.143000,4.153000,4.143000,4.151000,4.149000,4.153000,4.149000,4.151000,changed
2026-02-10 19:20:00+00:00,2026-10-06T12:36:08Z,4.153000,4.153000,4.145000,4.147000,4.151000,4.153000,4.145000,4.147000,changed
2026-02-11 14:20:00+00:00,2026-10-06T12:36:08Z,4.176000,4.206000,4.168000,4.170000,4.202000,4.202000,4.168000,4.170000,changed
2026-02-11 15:20:00+00:00,2026-10-06T12:36:08Z,4.184000,4.188000,4.165000,4.170000,4.182000,4.184000,4.165000,4.170000,changed
2026-02-11 16:20:00+00:00,2026-10-06T12:36:08Z,4.165000,4.178000,4.149000,4.149000,4.174000,4.178000,4.149000,4.149000,changed
2026-02-11 17:20:00+00:00,2026-10-06T12:36:08Z,4.165000,4.174000,4.147000,4.172000,4.151000,4.174000,4.147000,4.172000,changed
2026-02-11 18:20:00+00:00,2026-10-06T12:36:08Z,4.155000,4.178000,4.151000,4.172000,4.155000,4.178000,4.153000,4.172000,changed
2026-02-11 19:20:00+00:00,2026-10-06T12:36:08Z,4.174000,4.178000,4.166000,4.172000,4.176000,4.178000,4.170000,4.172000,changed
2026-02-12 14:20:00+00:00,2026-10-06T12:36:08Z,4.162000,4.169000,4.146000,4.146000,4.158000,4.169000,4.146000,4.146000,changed
2026-02-12 15:20:00+00:00,2026-10-06T12:36:08Z,4.152000,4.152000,4.125000,4.127000,4.164000,4.165000,4.125000,4.127000,changed
2026-02-12 16:20:00+00:00,2026-10-06T12:36:08Z,4.140000,4.140000,4.119000,4.123000,4.146000,4.146000,4.119000,4.123000,changed
2026-02-12 17:20:00+00:00,2026-10-06T12:36:08Z,4.127000,4.131000,4.102000,4.102000,4.121000,4.131000,4.102000,4.102000,changed
2026-02-12 18:20:00+00:00,2026-10-06T12:36:08Z,4.127000,4.129000,4.100000,4.100000,4.129000,4.131000,4.100000,4.100000,changed
2026-02-12 19:20:00+00:00,2026-10-06T12:36:08Z,4.104000,4.110000,4.100000,4.104000,4.102000,4.110000,4.100000,4.104000,changed
2026-02-13 14:20:00+00:00,2026-10-06T12:36:08Z,4.087000,4.090000,4.050000,4.064000,4.100000,4.100000,4.050000,4.064000,changed
2026-02-13 15:20:00+00:00,2026-10-06T12:36:08Z,4.062000,4.069000,4.056000,4.062000,4.067000,4.071000,4.050000,4.062000,changed
2026-02-13 16:20:00+00:00,2026-10-06T12:36:08Z,4.064000,4.064000,4.046000,4.054000,4.067000,4.069000,4.046000,4.054000,changed
2026-02-13 17:20:00+00:00,2026-10-06T12:36:08Z,4.052000,4.066000,4.052000,4.064000,4.056000,4.066000,4.046000,4.064000,changed
2026-02-13 18:20:00+00:00,2026-10-06T12:36:08Z,4.064000,4.067000,4.060000,4.064000,4.056000,4.067000,4.056000,4.064000,changed
2026-02-13 19:20:00+00:00,2026-10-06T12:36:08Z,4.066000,4.066000,4.054000,4.056000,4.064000,4.067000,4.054000,4.056000,changed
2026-02-17 14:20:00+00:00,2026-10-06T12:36:08Z,4.029000,4.058000,4.025000,4.052000,4.041000,4.058000,4.041000,4.052000,changed
2026-02-17 15:20:00+00:00,2026-10-06T12:36:08Z,4.048000,4.058000,4.039000,4.056000,4.045000,4.056000,4.039000,4.056000,changed
2026-02-17 16:20:00+00:00,2026-10-06T12:36:08Z,4.048000,4.056000,4.039000,4.052000,4.045000,4.056000,4.045000,4.052000,changed
2026-02-17 17:20:00+00:00,2026-10-06T12:36:08Z,4.052000,4.060000,4.048000,4.056000,4.056000,4.060000,4.048000,4.056000,changed
2026-02-17 18:20:00+00:00,2026-10-06T12:36:08Z,4.052000,4.060000,4.048000,4.058000,4.056000,4.060000,4.054000,4.058000,changed
2026-02-17 19:20:00+00:00,2026-10-06T12:36:08Z,4.060000,4.060000,4.052000,4.052000,4.058000,4.060000,4.052000,4.052000,changed
2026-02-18 14:20:00+00:00,2026-10-06T12:36:08Z,4.067000,4.085000,4.064000,4.079000,4.075000,4.085000,4.075000,4.079000,changed
2026-02-18 15:20:00+00:00,2026-10-06T12:36:08Z,4.079000,4.085000,4.073000,4.077000,4.083000,4.085000,4.073000,4.077000,changed
2026-02-18 16:20:00+00:00,2026-10-06T12:36:08Z,4.083000,4.083000,4.071000,4.073000,4.077000,4.079000,4.071000,4.073000,changed
2026-02-18 18:20:00+00:00,2026-10-06T12:36:08Z,4.071000,4.088000,4.071000,4.079000,4.075000,4.088000,4.075000,4.079000,changed
2026-02-18 19:20:00+00:00,2026-10-06T12:36:08Z,4.081000,4.088000,4.079000,4.079000,4.085000,4.088000,4.079000,4.079000,changed
2026-02-19 14:20:00+00:00,2026-10-06T12:36:08Z,4.100000,4.102000,4.083000,4.088000,4.106000,4.106000,4.083000,4.088000,changed
2026-02-19 15:20:00+00:00,2026-10-06T12:36:08Z,4.088000,4.094000,4.083000,4.085000,4.092000,4.094000,4.083000,4.085000,changed
2026-02-19 16:20:00+00:00,2026-10-06T12:36:08Z,4.088000,4.088000,4.081000,4.083000,4.086000,4.094000,4.081000,4.083000,changed
2026-02-19 17:20:00+00:00,2026-10-06T12:36:08Z,4.085000,4.086000,4.075000,4.075000,4.085000,4.088000,4.075000,4.075000,changed
2026-02-19 18:20:00+00:00,2026-10-06T12:36:08Z,4.085000,4.085000,4.065000,4.069000,4.085000,4.086000,4.065000,4.069000,changed
2026-02-19 19:20:00+00:00,2026-10-06T12:36:08Z,4.069000,4.079000,4.065000,4.075000,4.073000,4.079000,4.065000,4.075000,changed
2026-02-20 14:20:00+00:00,2026-10-06T12:36:08Z,4.071000,4.104000,4.069000,4.096000,4.063000,4.104000,4.060000,4.096000,changed
2026-02-20 15:20:00+00:00,2026-10-06T12:36:08Z,4.077000,4.104000,4.075000,4.086000,4.071000,4.104000,4.071000,4.086000,changed
2026-02-20 16:20:00+00:00,2026-10-06T12:36:08Z,4.096000,4.098000,4.083000,4.088000,4.092000,4.098000,4.083000,4.088000,changed
2026-02-20 17:20:00+00:00,2026-10-06T12:36:08Z,4.096000,4.100000,4.086000,4.096000,4.085000,4.100000,4.085000,4.096000,changed
2026-02-20 18:20:00+00:00,2026-10-06T12:36:08Z,4.094000,4.100000,4.081000,4.085000,4.086000,4.100000,4.081000,4.085000,changed
2026-02-20 19:20:00+00:00,2026-10-06T12:36:08Z,4.088000,4.094000,4.085000,4.086000,4.092000,4.094000,4.081000,4.086000,changed
2026-02-23 14:20:00+00:00,2026-10-06T12:36:08Z,4.063000,4.067000,4.054000,4.056000,4.067000,4.069000,4.054000,4.056000,changed
2026-02-23 15:20:00+00:00,2026-10-06T12:36:08Z,4.060000,4.060000,4.029000,4.033000,4.065000,4.067000,4.029000,4.033000,changed
2026-02-23 16:20:00+00:00,2026-10-06T12:36:08Z,4.042000,4.044000,4.025000,4.027000,4.054000,4.056000,4.025000,4.027000,changed
2026-02-23 17:20:00+00:00,2026-10-06T12:36:08Z,4.029000,4.029000,4.018000,4.027000,4.033000,4.035000,4.018000,4.027000,changed
2026-02-23 18:20:00+00:00,2026-10-06T12:36:08Z,4.023000,4.027000,4.021000,4.025000,4.027000,4.029000,4.018000,4.025000,changed
2026-02-23 19:20:00+00:00,2026-10-06T12:36:08Z,4.023000,4.031000,4.023000,4.029000,4.027000,4.031000,4.021000,4.029000,changed
2026-02-25 14:20:00+00:00,2026-10-06T12:36:08Z,4.056000,4.058000,4.050000,4.050000,4.050000,4.058000,4.050000,4.050000,changed
2026-02-25 15:20:00+00:00,2026-10-06T12:36:08Z,4.056000,4.058000,4.044000,4.046000,4.056000,4.056000,4.044000,4.046000,changed
2026-02-25 16:20:00+00:00,2026-10-06T12:36:08Z,4.052000,4.052000,4.035000,4.037000,4.046000,4.048000,4.035000,4.037000,changed
2026-02-25 17:20:00+00:00,2026-10-06T12:36:08Z,4.044000,4.044000,4.035000,4.039000,4.042000,4.042000,4.035000,4.039000,changed
2026-02-25 18:20:00+00:00,2026-10-06T12:36:08Z,4.035000,4.048000,4.035000,4.048000,4.037000,4.048000,4.037000,4.048000,changed
2026-02-25 19:20:00+00:00,2026-10-06T12:36:08Z,4.040000,4.050000,4.040000,4.048000,4.046000,4.050000,4.044000,4.048000,changed
2026-02-27 14:20:00+00:00,2026-10-06T12:36:08Z,3.987000,3.987000,3.970000,3.981000,3.987000,3.994000,3.970000,3.981000,changed
2026-02-27 15:20:00+00:00,2026-10-06T12:36:08Z,3.975000,3.983000,3.974000,3.975000,3.977000,3.983000,3.970000,3.975000,changed
2026-02-27 16:20:00+00:00,2026-10-06T12:36:08Z,3.975000,3.977000,3.968000,3.975000,3.979000,3.983000,3.968000,3.975000,changed
2026-02-27 17:20:00+00:00,2026-10-06T12:36:08Z,3.970000,3.975000,3.966000,3.966000,3.974000,3.975000,3.966000,3.966000,changed
2026-02-27 18:20:00+00:00,2026-10-06T12:36:08Z,3.972000,3.972000,3.958000,3.958000,3.970000,3.975000,3.958000,3.958000,changed
2026-02-27 19:20:00+00:00,2026-10-06T12:36:08Z,3.964000,3.964000,3.956000,3.962000,3.968000,3.968000,3.956000,3.962000,changed
2026-02-02 18:20:00+00:00,2026-10-06T13:00:54Z,4.263000,4.277000,4.261000,4.277000,4.271000,4.275000,4.271000,4.275000,changed
2026-02-02 19:20:00+00:00,2026-10-06T13:00:54Z,4.273000,4.279000,4.269000,4.275000,4.275000,4.279000,4.269000,4.275000,changed
2026-02-03 14:20:00+00:00,2026-10-06T13:00:54Z,4.293000,4.300000,4.282000,4.284000,4.292000,4.300000,4.282000,4.284000,changed
2026-02-03 15:20:00+00:00,2026-10-06T13:00:54Z,4.284000,4.293000,4.279000,4.287000,4.292000,4.293000,4.279000,4.287000,changed
2026-02-03 16:20:00+00:00,2026-10-06T13:00:54Z,4.292000,4.293000,4.278000,4.285000,4.285000,4.293000,4.278000,4.285000,changed
2026-02-03 18:20:00+00:00,2026-10-06T13:00:54Z,4.290000,4.292000,4.266000,4.271000,4.290000,4.293000,4.266000,4.271000,changed
2026-02-03 19:20:00+00:00,2026-10-06T13:00:54Z,4.268000,4.278000,4.266000,4.274000,4.284000,4.284000,4.266000,4.274000,changed
2026-02-04 14:20:00+00:00,2026-10-06T13:00:54Z,4.282000,4.290000,4.269000,4.271000,4.271000,4.290000,4.269000,4.271000,changed
2026-02-04 15:20:00+00:00,2026-10-06T13:00:54Z,4.287000,4.287000,4.269000,4.271000,4.284000,4.290000,4.269000,4.271000,changed
2026-02-04 17:20:00+00:00,2026-10-06T13:00:54Z,4.275000,4.275000,4.261000,4.271000,4.278000,4.279000,4.261000,4.271000,changed
2026-02-04 18:20:00+00:00,2026-10-06T13:00:54Z,4.271000,4.279000,4.268000,4.279000,4.263000,4.279000,4.261000,4.279000,changed
2026-02-04 19:20:00+00:00,2026-10-06T13:00:54Z,4.269000,4.279000,4.269000,4.275000,4.275000,4.279000,4.268000,4.275000,changed
2026-02-05 14:20:00+00:00,2026-10-06T13:00:54Z,4.246000,4.250000,4.222000,4.222000,4.232000,4.250000,4.222000,4.222000,changed
2026-02-05 15:20:00+00:00,2026-10-06T13:00:54Z,4.236000,4.250000,4.206000,4.210000,4.234000,4.236000,4.206000,4.210000,changed
2026-02-05 16:20:00+00:00,2026-10-06T13:00:54Z,4.214000,4.220000,4.206000,4.210000,4.216000,4.220000,4.206000,4.210000,changed
2026-02-05 17:20:00+00:00,2026-10-06T13:00:54Z,4.218000,4.220000,4.208000,4.212000,4.216000,4.218000,4.208000,4.212000,changed
2026-02-05 18:20:00+00:00,2026-10-06T13:00:54Z,4.216000,4.218000,4.204000,4.210000,4.212000,4.212000,4.204000,4.210000,changed
2026-02-05 19:20:00+00:00,2026-10-06T13:00:54Z,4.208000,4.210000,4.204000,4.210000,4.204000,4.210000,4.204000,4.210000,changed
2026-02-06 14:20:00+00:00,2026-10-06T13:00:54Z,4.204000,4.220000,4.194000,4.216000,4.198000,4.220000,4.194000,4.216000,changed
2026-02-06 15:20:00+00:00,2026-10-06T13:00:54Z,4.196000,4.224000,4.194000,4.218000,4.214000,4.222000,4.212000,4.218000,changed
2026-02-06 16:20:00+00:00,2026-10-06T13:00:54Z,4.220000,4.224000,4.212000,4.218000,4.216000,4.220000,4.216000,4.218000,changed
2026-02-06 17:20:00+00:00,2026-10-06T13:00:54Z,4.216000,4.220000,4.212000,4.216000,4.218000,4.220000,4.214000,4.216000,changed
2026-02-06 18:20:00+00:00,2026-10-06T13:00:54Z,4.218000,4.220000,4.208000,4.210000,4.214000,4.216000,4.208000,4.210000,changed
2026-02-06 19:20:00+00:00,2026-10-06T13:00:54Z,4.214000,4.214000,4.206000,4.206000,4.210000,4.212000,4.206000,4.206000,changed
2026-02-09 14:20:00+00:00,2026-10-06T13:00:54Z,4.218000,4.226000,4.210000,4.220000,4.220000,4.226000,4.210000,4.220000,changed
2026-02-09 15:20:00+00:00,2026-10-06T13:00:54Z,4.216000,4.226000,4.206000,4.208000,4.218000,4.222000,4.206000,4.208000,changed
2026-02-09 16:20:00+00:00,2026-10-06T13:00:54Z,4.214000,4.220000,4.206000,4.206000,4.212000,4.216000,4.206000,4.206000,changed
2026-02-09 17:20:00+00:00,2026-10-06T13:00:54Z,4.210000,4.216000,4.202000,4.206000,4.210000,4.212000,4.202000,4.206000,changed
2026-02-09 18:20:00+00:00,2026-10-06T13:00:54Z,4.204000,4.210000,4.200000,4.202000,4.206000,4.210000,4.200000,4.202000,changed
2026-02-09 19:20:00+00:00,2026-10-06T13:00:54Z,4.206000,4.206000,4.196000,4.198000,4.204000,4.204000,4.196000,4.198000,changed
2026-02-10 14:20:00+00:00,2026-10-06T13:00:54Z,4.159000,4.162000,4.139000,4.145000,4.164000,4.166000,4.139000,4.145000,changed
2026-02-10 15:20:00+00:00,2026-10-06T13:00:54Z,4.147000,4.149000,4.135000,4.139000,4.154000,4.154000,4.135000,4.139000,changed
2026-02-10 16:20:00+00:00,2026-10-06T13:00:54Z,4.141000,4.151000,4.135000,4.145000,4.145000,4.151000,4.135000,4.145000,changed
2026-02-10 17:20:00+00:00,2026-10-06T13:00:54Z,4.145000,4.153000,4.143000,4.149000,4.137000,4.153000,4.137000,4.149000,changed
2026-02-10 18:20:00+00:00,2026-10-06T13:00:54Z,4.149000,4.153000,4.149000,4.151000,4.143000,4.153000,4.143000,4.151000,changed
2026-02-10 19:20:00+00:00,2026-10-06T13:00:54Z,4.151000,4.153000,4.145000,4.147000,4.153000,4.153000,4.145000,4.147000,changed
2026-02-11 14:20:00+00:00,2026-10-06T13:00:54Z,4.202000,4.202000,4.168000,4.170000,4.176000,4.206000,4.168000,4.170000,changed
2026-02-11 15:20:00+00:00,2026-10-06T13:00:54Z,4.182000,4.184000,4.165000,4.170000,4.184000,4.188000,4.165000,4.170000,changed
2026-02-11 16:20:00+00:00,2026-10-06T13:00:54Z,4.174000,4.178000,4.149000,4.149000,4.165000,4.178000,4.149000,4.149000,changed
2026-02-11 17:20:00+00:00,2026-10-06T13:00:54Z,4.151000,4.174000,4.147000,4.172000,4.165000,4.174000,4.147000,4.172000,changed
2026-02-11 18:20:00+00:00,2026-10-06T13:00:54Z,4.155000,4.178000,4.153000,4.172000,4.155000,4.178000,4.151000,4.172000,changed
2026-02-11 19:20:00+00:00,2026-10-06T13:00:54Z,4.176000,4.178000,4.170000,4.172000,4.174000,4.178000,4.166000,4.172000,changed
2026-02-12 14:20:00+00:00,2026-10-06T13:00:54Z,4.158000,4.169000,4.146000,4.146000,4.162000,4.169000,4.146000,4.146000,changed
2026-02-12 15:20:00+00:00,2026-10-06T13:00:54Z,4.164000,4.165000,4.125000,4.127000,4.152000,4.152000,4.125000,4.127000,changed
2026-02-12 16:20:00+00:00,2026-10-06T13:00:54Z,4.146000,4.146000,4.119000,4.123000,4.140000,4.140000,4.119000,4.123000,changed
2026-02-12 17:20:00+00:00,2026-10-06T13:00:54Z,4.121000,4.131000,4.102000,4.102000,4.127000,4.131000,4.102000,4.102000,changed
2026-02-12 18:20:00+00:00,2026-10-06T13:00:54Z,4.129000,4.131000,4.100000,4.100000,4.127000,4.129000,4.100000,4.100000,changed
2026-02-12 19:20:00+00:00,2026-10-06T13:00:54Z,4.102000,4.110000,4.100000,4.104000,4.104000,4.110000,4.100000,4.104000,changed
2026-02-13 14:20:00+00:00,2026-10-06T13:00:54Z,4.100000,4.100000,4.050000,4.064000,4.087000,4.090000,4.050000,4.064000,changed
2026-02-13 15:20:00+00:00,2026-10-06T13:00:54Z,4.067000,4.071000,4.050000,4.062000,4.062000,4.069000,4.056000,4.062000,changed
2026-02-13 16:20:00+00:00,2026-10-06T13:00:54Z,4.067000,4.069000,4.046000,4.054000,4.064000,4.064000,4.046000,4.054000,changed
2026-02-13 17:20:00+00:00,2026-10-06T13:00:54Z,4.056000,4.066000,4.046000,4.064000,4.052000,4.066000,4.052000,4.064000,changed
2026-02-13 18:20:00+00:00,2026-10-06T13:00:54Z,4.056000,4.067000,4.056000,4.064000,4.064000,4.067000,4.060000,4.064000,changed
2026-02-13 19:20:00+00:00,2026-10-06T13:00:54Z,4.064000,4.067000,4.054000,4.056000,4.066000,4.066000,4.054000,4.056000,changed
2026-02-17 14:20:00+00:00,2026-10-06T13:00:54Z,4.041000,4.058000,4.041000,4.052000,4.029000,4.058000,4.025000,4.052000,changed
2026-02-17 15:20:00+00:00,2026-10-06T13:00:54Z,4.045000,4.056000,4.039000,4.056000,4.048000,4.058000,4.039000,4.056000,changed
2026-02-17 16:20:00+00:00,2026-10-06T13:00:54Z,4.045000,4.056000,4.045000,4.052000,4.048000,4.056000,4.039000,4.052000,changed
2026-02-17 17:20:00+00:00,2026-10-06T13:00:54Z,4.056000,4.060000,4.048000,4.056000,4.052000,4.060000,4.048000,4.056000,changed
2026-02-17 18:20:00+00:00,2026-10-06T13:00:54Z,4.056000,4.060000,4.054000,4.058000,4.052000,4.060000,4.048000,4.058000,changed
2026-02-17 19:20:00+00:00,2026-10-06T13:00:54Z,4.058000,4.060000,4.052000,4.052000,4.060000,4.060000,4.052000,4.052000,changed
2026-02-18 14:20:00+00:00,2026-10-06T13:00:54Z,4.075000,4.085000,4.075000,4.079000,4.067000,4.085000,4.064000,4.079000,changed
2026-02-18 15:20:00+00:00,2026-10-06T13:00:54Z,4.083000,4.085000,4.073000,4.077000,4.079000,4.085000,4.073000,4.077000,changed
2026-02-18 16:20:00+00:00,2026-10-06T13:00:54Z,4.077000,4.079000,4.071000,4.073000,4.083000,4.083000,4.071000,4.073000,changed
2026-02-18 18:20:00+00:00,2026-10-06T13:00:54Z,4.075000,4.088000,4.075000,4.079000,4.071000,4.088000,4.071000,4.079000,changed
2026-02-18 19:20:00+00:00,2026-10-06T13:00:54Z,4.085000,4.088000,4.079000,4.079000,4.081000,4.088000,4.079000,4.079000,changed
2026-02-19 14:20:00+00:00,2026-10-06T13:00:54Z,4.106000,4.106000,4.083000,4.088000,4.100000,4.102000,4.083000,4.088000,changed
2026-02-19 15:20:00+00:00,2026-10-06T13:00:54Z,4.092000,4.094000,4.083000,4.085000,4.088000,4.094000,4.083000,4.085000,changed
2026-02-19 16:20:00+00:00,2026-10-06T13:00:54Z,4.086000,4.094000,4.081000,4.083000,4.088000,4.088000,4.081000,4.083000,changed
2026-02-19 17:20:00+00:00,2026-10-06T13:00:54Z,4.085000,4.088000,4.075000,4.075000,4.085000,4.086000,4.075000,4.075000,changed
2026-02-19 18:20:00+00:00,2026-10-06T13:00:54Z,4.085000,4.086000,4.065000,4.069000,4.085000,4.085000,4.065000,4.069000,changed
2026-02-19 19:20:00+00:00,2026-10-06T13:00:54Z,4.073000,4.079000,4.065000,4.075000,4.069000,4.079000,4.065000,4.075000,changed
2026-02-20 14:20:00+00:00,2026-10-06T13:00:54Z,4.063000,4.104000,4.060000,4.096000,4.071000,4.104000,4.069000,4.096000,changed
2026-02-20 15:20:00+00:00,2026-10-06T13:00:54Z,4.071000,4.104000,4.071000,4.086000,4.077000,4.104000,4.075000,4.086000,changed
2026-02-20 16:20:00+00:00,2026-10-06T13:00:54Z,4.092000,4.098000,4.083000,4.088000,4.096000,4.098000,4.083000,4.088000,changed
2026-02-20 17:20:00+00:00,2026-10-06T13:00:54Z,4.085000,4.100000,4.085000,4.096000,4.096000,4.100000,4.086000,4.096000,changed
2026-02-20 18:20:00+00:00,2026-10-06T13:00:54Z,4.086000,4.100000,4.081000,4.085000,4.094000,4.100000,4.081000,4.085000,changed
2026-02-20 19:20:00+00:00,2026-10-06T13:00:54Z,4.092000,4.094000,4.081000,4.086000,4.088000,4.094000,4.085000,4.086000,changed
2026-02-23 14:20:00+00:00,2026-10-06T13:00:54Z,4.067000,4.069000,4.054000,4.056000,4.063000,4.067000,4.054000,4.056000,changed
2026-02-23 15:20:00+00:00,2026-10-06T13:00:54Z,4.065000,4.067000,4.029000,4.033000,4.060000,4.060000,4.029000,4.033000,changed
2026-02-23 16:20:00+00:00,2026-10-06T13:00:54Z,4.054000,4.056000,4.025000,4.027000,4.042000,4.044000,4.025000,4.027000,changed
2026-02-23 17:20:00+00:00,2026-10-06T13:00:54Z,4.033000,4.035000,4.018000,4.027000,4.029000,4.029000,4.018000,4.027000,changed
2026-02-23 18:20:00+00:00,2026-10-06T13:00:54Z,4.027000,4.029000,4.018000,4.025000,4.023000,4.027000,4.021000,4.025000,changed
2026-02-23 19:20:00+00:00,2026-10-06T13:00:54Z,4.027000,4.031000,4.021000,4.029000,4.023000,4.031000,4.023000,4.029000,changed
2026-02-25 14:20:00+00:00,2026-10-06T13:00:54Z,4.050000,4.058000,4.050000,4.050000,4.056000,4.058000,4.050000,4.050000,changed
2026-02-25 15:20:00+00:00,2026-10-06T13:00:54Z,4.056000,4.056000,4.044000,4.046000,4.056000,4.058000,4.044000,4.046000,changed
2026-02-25 16:20:00+00:00,2026-10-06T13:00:54Z,4.046000,4.048000,4.035000,4.037000,4.052000,4.052000,4.035000,4.037000,changed
2026-02-25 17:20:00+00:00,2026-10-06T13:00:54Z,4.042000,4.042000,4.035000,4.039000,4.044000,4.044000,4.035000,4.039000,changed
2026-02-25 18:20:00+00:00,2026-10-06T13:00:54Z,4.037000,4.048000,4.037000,4.048000,4.035000,4.048000,4.035000,4.048000,changed
2026-02-25 19:20:00+00:00,2026-10-06T13:00:54Z,4.046000,4.050000,4.044000,4.048000,4.040000,4.050000,4.040000,4.048000,changed
2026-02-27 14:20:00+00:00,2026-10-06T13:00:54Z,3.987000,3.994000,3.970000,3.981000,3.987000,3.987000,3.970000,3.981000,changed
2026-02-27 15:20:00+00:00,2026-10-06T13:00:54Z,3.977000,3.983000,3.970000,3.975000,3.975000,3.983000,3.974000,3.975000,changed
2026-02-27 16:20:00+00:00,2026-10-06T13:00:54Z,3.979000,3.983000,3.968000,3.975000,3.975000,3.977000,3.968000,3.975000,changed
2026-02-27 17:20:00+00:00,2026-10-06T13:00:54Z,3.974000,3.975000,3.966000,3.966000,3.970000,3.975000,3.966000,3.966000,changed
2026-02-27 18:20:00+00:00,2026-10-06T13:00:54Z,3.970000,3.975000,3.958000,3.958000,3.972000,3.972000,3.958000,3.958000,changed
2026-02-27 19:20:00+00:00,2026-10-06T13:00:54Z,3.968000,3.968000,3.956000,3.962000,3.964000,3.964000,3.956000,3.962000,changed
2026-02-02 18:20:00+00:00,2026-10-06T13:13:45Z,4.271000,4.275000,4.271000,4.275000,4.263000,4.277000,4.261000,4.277000,changed
2026-02-02 19:20:00+00:00,2026-10-06T13:13:45Z,4.275000,4.279000,4.269000,4.275000,4.273000,4.279000,4.269000,4.275000,changed
2026-02-03 14:20:00+00:00,2026-10-06T13:13:45Z,4.292000,4.300000,4.282000,4.284000,4.293000,4.300000,4.282000,4.284000,changed
2026-02-03 15:20:00+00:00,2026-10-06T13:13:45Z,4.292000,4.293000,4.279000,4.287000,4.284000,4.293000,4.279000,4.287000,changed
2026-02-03 16:20:00+00:00,2026-10-06T13:13:45Z,4.285000,4.293000,4.278000,4.285000,4.292000,4.293000,4.278000,4.285000,changed
2026-02-03 18:20:00+00:00,2026-10-06T13:13:45Z,4.290000,4.293000,4.266000,4.271000,4.290000,4.292000,4.266000,4.271000,changed
2026-02-03 19:20:00+00:00,2026-10-06T13:13:45Z,4.284000,4.284000,4.266000,4.274000,4.268000,4.278000,4.266000,4.274000,changed
2026-02-04 14:20:00+00:00,2026-10-06T13:13:45Z,4.271000,4.290000,4.269000,4.271000,4.282000,4.290000,4.269000,4.271000,changed
2026-02-04 15:20:00+00:00,2026-10-06T13:13:45Z,4.284000,4.290000,4.269000,4.271000,4.287000,4.287000,4.269000,4.271000,changed
2026-02-04 17:20:00+00:00,2026-10-06T13:13:45Z,4.278000,4.279000,4.261000,4.271000,4.275000,4.275000,4.261000,4.271000,changed
2026-02-04 18:20:00+00:00,2026-10-06T13:13:45Z,4.263000,4.279000,4.261000,4.279000,4.271000,4.279000,4.268000,4.279000,changed
2026-02-04 19:20:00+00:00,2026-10-06T13:13:45Z,4.275000,4.279000,4.268000,4.275000,4.269000,4.279000,4.269000,4.275000,changed
2026-02-05 14:20:00+00:00,2026-10-06T13:13:45Z,4.232000,4.250000,4.222000,4.222000,4.246000,4.250000,4.222000,4.222000,changed
2026-02-05 15:20:00+00:00,2026-10-06T13:13:45Z,4.234000,4.236000,4.206000,4.210000,4.236000,4.250000,4.206000,4.210000,changed
2026-02-05 16:20:00+00:00,2026-10-06T13:13:45Z,4.216000,4.220000,4.206000,4.210000,4.214000,4.220000,4.206000,4.210000,changed
2026-02-05 17:20:00+00:00,2026-10-06T13:13:45Z,4.216000,4.218000,4.208000,4.212000,4.218000,4.220000,4.208000,4.212000,changed
2026-02-05 18:20:00+00:00,2026-10-06T13:13:45Z,4.212000,4.212000,4.204000,4.210000,4.216000,4.218000,4.204000,4.210000,changed
2026-02-05 19:20:00+00:00,2026-10-06T13:13:45Z,4.204000,4.210000,4.204000,4.210000,4.208000,4.210000,4.204000,4.210000,changed
2026-02-06 14:20:00+00:00,2026-10-06T13:13:45Z,4.198000,4.220000,4.194000,4.216000,4.204000,4.220000,4.194000,4.216000,changed
2026-02-06 15:20:00+00:00,2026-10-06T13:13:45Z,4.214000,4.222000,4.212000,4.218000,4.196000,4.224000,4.194000,4.218000,changed
2026-02-06 16:20:00+00:00,2026-10-06T13:13:45Z,4.216000,4.220000,4.216000,4.218000,4.220000,4.224000,4.212000,4.218000,changed
2026-02-06 17:20:00+00:00,2026-10-06T13:13:45Z,4.218000,4.220000,4.214000,4.216000,4.216000,4.220000,4.212000,4.216000,changed
2026-02-06 18:20:00+00:00,2026-10-06T13:13:45Z,4.214000,4.216000,4.208000,4.210000,4.218000,4.220000,4.208000,4.210000,changed
2026-02-06 19:20:00+00:00,2026-10-06T13:13:45Z,4.210000,4.212000,4.206000,4.206000,4.214000,4.214000,4.206000,4.206000,changed
2026-02-09 14:20:00+00:00,2026-10-06T13:13:45Z,4.220000,4.226000,4.210000,4.220000,4.218000,4.226000,4.210000,4.220000,changed
2026-02-09 15:20:00+00:00,2026-10-06T13:13:45Z,4.218000,4.222000,4.206000,4.208000,4.216000,4.226000,4.206000,4.208000,changed
2026-02-09 16:20:00+00:00,2026-10-06T13:13:45Z,4.212000,4.216000,4.206000,4.206000,4.214000,4.220000,4.206000,4.206000,changed
2026-02-09 17:20:00+00:00,2026-10-06T13:13:45Z,4.210000,4.212000,4.202000,4.206000,4.210000,4.216000,4.202000,4.206000,changed
2026-02-09 18:20:00+00:00,2026-10-06T13:13:45Z,4.206000,4.210000,4.200000,4.202000,4.204000,4.210000,4.200000,4.202000,changed
2026-02-09 19:20:00+00:00,2026-10-06T13:13:45Z,4.204000,4.204000,4.196000,4.198000,4.206000,4.206000,4.196000,4.198000,changed
2026-02-10 14:20:00+00:00,2026-10-06T13:13:45Z,4.164000,4.166000,4.139000,4.145000,4.159000,4.162000,4.139000,4.145000,changed
2026-02-10 15:20:00+00:00,2026-10-06T13:13:45Z,4.154000,4.154000,4.135000,4.139000,4.147000,4.149000,4.135000,4.139000,changed
2026-02-10 16:20:00+00:00,2026-10-06T13:13:45Z,4.145000,4.151000,4.135000,4.145000,4.141000,4.151000,4.135000,4.145000,changed
2026-02-10 17:20:00+00:00,2026-10-06T13:13:45Z,4.137000,4.153000,4.137000,4.149000,4.145000,4.153000,4.143000,4.149000,changed
2026-02-10 18:20:00+00:00,2026-10-06T13:13:45Z,4.143000,4.153000,4.143000,4.151000,4.149000,4.153000,4.149000,4.151000,changed
2026-02-10 19:20:00+00:00,2026-10-06T13:13:45Z,4.153000,4.153000,4.145000,4.147000,4.151000,4.153000,4.145000,4.147000,changed
2026-02-11 14:20:00+00:00,2026-10-06T13:13:45Z,4.176000,4.206000,4.168000,4.170000,4.202000,4.202000,4.168000,4.170000,changed
2026-02-11 15:20:00+00:00,2026-10-06T13:13:45Z,4.184000,4.188000,4.165000,4.170000,4.182000,4.184000,4.165000,4.170000,changed
2026-02-11 16:20:00+00:00,2026-10-06T13:13:45Z,4.165000,4.178000,4.149000,4.149000,4.174000,4.178000,4.149000,4.149000,changed
2026-02-11 17:20:00+00:00,2026-10-06T13:13:45Z,4.165000,4.174000,4.147000,4.172000,4.151000,4.174000,4.147000,4.172000,changed
2026-02-11 18:20:00+00:00,2026-10-06T13:13:45Z,4.155000,4.178000,4.151000,4.172000,4.155000,4.178000,4.153000,4.172000,changed
2026-02-11 19:20:00+00:00,2026-10-06T13:13:45Z,4.174000,4.178000,4.166000,4.172000,4.176000,4.178000,4.170000,4.172000,changed
2026-02-12 14:20:00+00:00,2026-10-06T13:13:45Z,4.162000,4.169000,4.146000,4.146000,4.158000,4.169000,4.146000,4.146000,changed
2026-02-12 15:20:00+00:00,2026-10-06T13:13:45Z,4.152000,4.152000,4.125000,4.127000,4.164000,4.165000,4.125000,4.127000,changed
2026-02-12 16:20:00+00:00,2026-10-06T13:13:45Z,4.140000,4.140000,4.119000,4.123000,4.146000,4.146000,4.119000,4.123000,changed
2026-02-12 17:20:00+00:00,2026-10-06T13:13:45Z,4.127000,4.131000,4.102000,4.102000,4.121000,4.131000,4.102000,4.102000,changed
2026-02-12 18:20:00+00:00,2026-10-06T13:13:45Z,4.127000,4.129000,4.100000,4.100000,4.129000,4.131000,4.100000,4.100000,changed
2026-02-12 19:20:00+00:00,2026-10-06T13:13:45Z,4.104000,4.110000,4.100000,4.104000,4.102000,4.110000,4.100000,4.104000,changed
2026-02-13 14:20:00+00:00,2026-10-06T13:13:45Z,4.087000,4.090000,4.050000,4.064000,4.100000,4.100000,4.050000,4.064000,changed
2026-02-13 15:20:00+00:00,2026-10-06T13:13:45Z,4.062000,4.069000,4.056000,4.062000,4.067000,4.071000,4.050000,4.062000,changed
2026-02-13 16:20:00+00:00,2026-10-06T13:13:45Z,4.064000,4.064000,4.046000,4.054000,4.067000,4.069000,4.046000,4.054000,changed
2026-02-13 17:20:00+00:00,2026-10-06T13:13:45Z,4.052000,4.066000,4.052000,4.064000,4.056000,4.066000,4.046000,4.064000,changed
2026-02-13 18:20:00+00:00,2026-10-06T13:13:45Z,4.064000,4.067000,4.060000,4.064000,4.056000,4.067000,4.056000,4.064000,changed
2026-02-13 19:20:00+00:00,2026-10-06T13:13:45Z,4.066000,4.066000,4.054000,4.056000,4.064000,4.067000,4.054000,4.056000,changed
2026-02-17 14:20:00+00:00,2026-10-06T13:13:45Z,4.029000,4.058000,4.025000,4.052000,4.041000,4.058000,4.041000,4.052000,changed
2026-02-17 15:20:00+00:00,2026-10-06T13:13:45Z,4.048000,4.058000,4.039000,4.056000,4.045000,4.056000,4.039000,4.056000,changed
2026-02-17 16:20:00+00:00,2026-10-06T13:13:45Z,4.048000,4.056000,4.039000,4.052000,4.045000,4.056000,4.045000,4.052000,changed
2026-02-17 17:20:00+00:00,2026-10-06T13:13:45Z,4.052000,4.060000,4.048000,4.056000,4.056000,4.060000,4.048000,4.056000,changed
2026-02-17 18:20:00+00:00,2026-10-06T13:13:45Z,4.052000,4.060000,4.048000,4.058000,4.056000,4.060000,4.054000,4.058000,changed
2026-02-17 19:20:00+00:00,2026-10-06T13:13:45Z,4.060000,4.060000,4.052000,4.052000,4.058000,4.060000,4.052000,4.052000,changed
2026-02-18 14:20:00+00:00,2026-10-06T13:13:45Z,4.067000,4.085000,4.064000,4.079000,4.075000,4.085000,4.075000,4.079000,changed
2026-02-18 15:20:00+00:00,2026-10-06T13:13:45Z,4.079000,4.085000,4.073000,4.077000,4.083000,4.085000,4.073000,4.077000,changed
2026-02-18 16:20:00+00:00,2026-10-06T13:13:45Z,4.083000,4.083000,4.071000,4.073000,4.077000,4.079000,4.071000,4.073000,changed
2026-02-18 18:20:00+00:00,2026-10-06T13:13:45Z,4.071000,4.088000,4.071000,4.079000,4.075000,4.088000,4.075000,4.079000,changed
2026-02-18 19:20:00+00:00,2026-10-06T13:13:45Z,4.081000,4.088000,4.079000,4.079000,4.085000,4.088000,4.079000,4.079000,changed
2026-02-19 14:20:00+00:00,2026-10-06T13:13:45Z,4.100000,4.102000,4.083000,4.088000,4.106000,4.106000,4.083000,4.088000,changed
2026-02-19 15:20:00+00:00,2026-10-06T13:13:45Z,4.088000,4.094000,4.083000,4.085000,4.092000,4.094000,4.083000,4.085000,changed
2026-02-19 16:20:00+00:00,2026-10-06T13:13:45Z,4.088000,4.088000,4.081000,4.083000,4.086000,4.094000,4.081000,4.083000,changed
2026-02-19 17:20:00+00:00,2026-10-06T13:13:45Z,4.085000,4.086000,4.075000,4.075000,4.085000,4.088000,4.075000,4.075000,changed
2026-02-19 18:20:00+00:00,2026-10-06T13:13:45Z,4.085000,4.085000,4.065000,4.069000,4.085000,4.086000,4.065000,4.069000,changed
2026-02-19 19:20:00+00:00,2026-10-06T13:13:45Z,4.069000,4.079000,4.065000,4.075000,4.073000,4.079000,4.065000,4.075000,changed
2026-02-20 14:20:00+00:00,2026-10-06T13:13:45Z,4.071000,4.104000,4.069000,4.096000,4.063000,4.104000,4.060000,4.096000,changed
2026-02-20 15:20:00+00:00,2026-10-06T13:13:45Z,4.077000,4.104000,4.075000,4.086000,4.071000,4.104000,4.071000,4.086000,changed
2026-02-20 16:20:00+00:00,2026-10-06T13:13:45Z,4.096000,4.098000,4.083000,4.088000,4.092000,4.098000,4.083000,4.088000,changed
2026-02-20 17:20:00+00:00,2026-10-06T13:13:45Z,4.096000,4.100000,4.086000,4.096000,4.085000,4.100000,4.085000,4.096000,changed
2026-02-20 18:20:00+00:00,2026-10-06T13:13:45Z,4.094000,4.100000,4.081000,4.085000,4.086000,4.100000,4.081000,4.085000,changed
2026-02-20 19:20:00+00:00,2026-10-06T13:13:45Z,4.088000,4.094000,4.085000,4.086000,4.092000,4.094000,4.081000,4.086000,changed
2026-02-23 14:20:00+00:00,2026-10-06T13:13:45Z,4.063000,4.067000,4.054000,4.056000,4.067000,4.069000,4.054000,4.056000,changed
2026-02-23 15:20:00+00:00,2026-10-06T13:13:45Z,4.060000,4.060000,4.029000,4.033000,4.065000,4.067000,4.029000,4.033000,changed
2026-02-23 16:20:00+00:00,2026-10-06T13:13:45Z,4.042000,4.044000,4.025000,4.027000,4.054000,4.056000,4.025000,4.027000,changed
2026-02-23 17:20:00+00:00,2026-10-06T13:13:45Z,4.029000,4.029000,4.018000,4.027000,4.033000,4.035000,4.018000,4.027000,changed
2026-02-23 18:20:00+00:00,2026-10-06T13:13:45Z,4.023000,4.027000,4.021000,4.025000,4.027000,4.029000,4.018000,4.025000,changed
2026-02-23 19:20:00+00:00,2026-10-06T13:13:45Z,4.023000,4.031000,4.023000,4.029000,4.027000,4.031000,4.021000,4.029000,changed
2026-02-25 14:20:00+00:00,2026-10-06T13:13:45Z,4.056000,4.058000,4.050000,4.050000,4.050000,4.058000,4.050000,4.050000,changed
2026-02-25 15:20:00+00:00,2026-10-06T13:13:45Z,4.056000,4.058000,4.044000,4.046000,4.056000,4.056000,4.044000,4.046000,changed
2026-02-25 16:20:00+00:00,2026-10-06T13:13:45Z,4.052000,4.052000,4.035000,4.037000,4.046000,4.048000,4.035000,4.037000,changed
2026-02-25 17:20:00+00:00,2026-10-06T13:13:45Z,4.044000,4.044000,4.035000,4.039000,4.042000,4.042000,4.035000,4.039000,changed
2026-02-25 18:20:00+00:00,2026-10-06T13:13:45Z,4.035000,4.048000,4.035000,4.048000,4.037000,4.048000,4.037000,4.048000,changed
2026-02-25 19:20:00+00:00,2026-10-06T13:13:45Z,4.040000,4.050000,4.040000,4.048000,4.046000,4.050000,4.044000,4.048000,changed
2026-02-27 14:20:00+00:00,2026-10-06T13:13:45Z,3.987000,3.987000,3.970000,3.981000,3.987000,3.994000,3.970000,3.981000,changed
2026-02-27 15:20:00+00:00,2026-10-06T13:13:45Z,3.975000,3.983000,3.974000,3.975000,3.977000,3.983000,3.970000,3.975000,changed
2026-02-27 16:20:00+00:00,2026-10-06T13:13:45Z,3.975000,3.977000,3.968000,3.975000,3.979000,3.983000,3.968000,3.975000,changed
2026-02-27 17:20:00+00:00,2026-10-06T13:13:45Z,3.970000,3.975000,3.966000,3.966000,3.974000,3.975000,3.966000,3.966000,changed
2026-02-27 18:20:00+00:00,2026-10-06T13:13:45Z,3.972000,3.972000,3.958000,3.958000,3.970000,3.975000,3.958000,3.958000,changed
2026-02-27 19:20:00+00:00,2026-10-06T13:13:45Z,3.964000,3.964000,3.956000,3.962000,3.968000,3.968000,3.956000,3.962000,changed
2026-02-02 18:20:00+00:00,2026-10-06T13:47:48Z,4.263000,4.277000,4.261000,4.277000,4.271000,4.275000,4.271000,4.275000,changed
2026-02-02 19:20:00+00:00,2026-10-06T13:47:48Z,4.273000,4.279000,4.269000,4.275000,4.275000,4.279000,4.269000,4.275000,changed
2026-02-03 14:20:00+00:00,2026-10-06T13:47:48Z,4.293000,4.300000,4.282000,4.284000,4.292000,4.300000,4.282000,4.284000,changed
2026-02-03 15:20:00+00:00,2026-10-06T13:47:48Z,4.284000,4.293000,4.279000,4.287000,4.292000,4.293000,4.279000,4.287000,changed
2026-02-03 16:20:00+00:00,2026-10-06T13:47:48Z,4.292000,4.293000,4.278000,4.285000,4.285000,4.293000,4.278000,4.285000,changed
2026-02-03 18:20:00+00:00,2026-10-06T13:47:48Z,4.290000,4.292000,4.266000,4.271000,4.290000,4.293000,4.266000,4.271000,changed
2026-02-03 19:20:00+00:00,2026-10-06T13:47:48Z,4.268000,4.278000,4.266000,4.274000,4.284000,4.284000,4.266000,4.274000,changed
2026-02-04 14:20:00+00:00,2026-10-06T13:47:48Z,4.282000,4.290000,4.269000,4.271000,4.271000,4.290000,4.269000,4.271000,changed
2026-02-04 15:20:00+00:00,2026-10-06T13:47:48Z,4.287000,4.287000,4.269000,4.271000,4.284000,4.290000,4.269000,4.271000,changed
2026-02-04 17:20:00+00:00,2026-10-06T13:47:48Z,4.275000,4.275000,4.261000,4.271000,4.278000,4.279000,4.261000,4.271000,changed
2026-02-04 18:20:00+00:00,2026-10-06T13:47:48Z,4.271000,4.279000,4.268000,4.279000,4.263000,4.279000,4.261000,4.279000,changed
2026-02-04 19:20:00+00:00,2026-10-06T13:47:48Z,4.269000,4.279000,4.269000,4.275000,4.275000,4.279000,4.268000,4.275000,changed
2026-02-05 14:20:00+00:00,2026-10-06T13:47:48Z,4.246000,4.250000,4.222000,4.222000,4.232000,4.250000,4.222000,4.222000,changed
2026-02-05 15:20:00+00:00,2026-10-06T13:47:48Z,4.236000,4.250000,4.206000,4.210000,4.234000,4.236000,4.206000,4.210000,changed
2026-02-05 16:20:00+00:00,2026-10-06T13:47:48Z,4.214000,4.220000,4.206000,4.210000,4.216000,4.220000,4.206000,4.210000,changed
2026-02-05 17:20:00+00:00,2026-10-06T13:47:48Z,4.218000,4.220000,4.208000,4.212000,4.216000,4.218000,4.208000,4.212000,changed
2026-02-05 18:20:00+00:00,2026-10-06T13:47:48Z,4.216000,4.218000,4.204000,4.210000,4.212000,4.212000,4.204000,4.210000,changed
2026-02-05 19:20:00+00:00,2026-10-06T13:47:48Z,4.208000,4.210000,4.204000,4.210000,4.204000,4.210000,4.204000,4.210000,changed
2026-02-06 14:20:00+00:00,2026-10-06T13:47:48Z,4.204000,4.220000,4.194000,4.216000,4.198000,4.220000,4.194000,4.216000,changed
2026-02-06 15:20:00+00:00,2026-10-06T13:47:48Z,4.196000,4.224000,4.194000,4.218000,4.214000,4.222000,4.212000,4.218000,changed
2026-02-06 16:20:00+00:00,2026-10-06T13:47:48Z,4.220000,4.224000,4.212000,4.218000,4.216000,4.220000,4.216000,4.218000,changed
2026-02-06 17:20:00+00:00,2026-10-06T13:47:48Z,4.216000,4.220000,4.212000,4.216000,4.218000,4.220000,4.214000,4.216000,changed
2026-02-06 18:20:00+00:00,2026-10-06T13:47:48Z,4.218000,4.220000,4.208000,4.210000,4.214000,4.216000,4.208000,4.210000,changed
2026-02-06 19:20:00+00:00,2026-10-06T13:47:48Z,4.214000,4.214000,4.206000,4.206000,4.210000,4.212000,4.206000,4.206000,changed
2026-02-09 14:20:00+00:00,2026-10-06T13:47:48Z,4.218000,4.226000,4.210000,4.220000,4.220000,4.226000,4.210000,4.220000,changed
2026-02-09 15:20:00+00:00,2026-10-06T13:47:48Z,4.216000,4.226000,4.206000,4.208000,4.218000,4.222000,4.206000,4.208000,changed
2026-02-09 16:20:00+00:00,2026-10-06T13:47:48Z,4.214000,4.220000,4.206000,4.206000,4.212000,4.216000,4.206000,4.206000,changed
2026-02-09 17:20:00+00:00,2026-10-06T13:47:48Z,4.210000,4.216000,4.202000,4.206000,4.210000,4.212000,4.202000,4.206000,changed
2026-02-09 18:20:00+00:00,2026-10-06T13:47:48Z,4.204000,4.210000,4.200000,4.202000,4.206000,4.210000,4.200000,4.202000,changed
2026-02-09 19:20:00+00:00,2026-10-06T13:47:48Z,4.206000,4.206000,4.196000,4.198000,4.204000,4.204000,4.196000,4.198000,changed
2026-02-10 14:20:00+00:00,2026-10-06T13:47:48Z,4.159000,4.162000,4.139000,4.145000,4.164000,4.166000,4.139000,4.145000,changed
2026-02-10 15:20:00+00:00,2026-10-06T13:47:48Z,4.147000,4.149000,4.135000,4.139000,4.154000,4.154000,4.135000,4.139000,changed
2026-02-10 16:20:00+00:00,2026-10-06T13:47:48Z,4.141000,4.151000,4.135000,4.145000,4.145000,4.151000,4.135000,4.145000,changed
2026-02-10 17:20:00+00:00,2026-10-06T13:47:48Z,4.145000,4.153000,4.143000,4.149000,4.137000,4.153000,4.137000,4.149000,changed
2026-02-10 18:20:00+00:00,2026-10-06T13:47:48Z,4.149000,4.153000,4.149000,4.151000,4.143000,4.153000,4.143000,4.151000,changed
2026-02-10 19:20:00+00:00,2026-10-06T13:47:48Z,4.151000,4.153000,4.145000,4.147000,4.153000,4.153000,4.145000,4.147000,changed
2026-02-11 14:20:00+00:00,2026-10-06T13:47:48Z,4.202000,4.202000,4.168000,4.170000,4.176000,4.206000,4.168000,4.170000,changed
2026-02-11 15:20:00+00:00,2026-10-06T13:47:48Z,4.182000,4.184000,4.165000,4.170000,4.184000,4.188000,4.165000,4.170000,changed
2026-02-11 16:20:00+00:00,2026-10-06T13:47:48Z,4.174000,4.178000,4.149000,4.149000,4.165000,4.178000,4.149000,4.149000,changed
2026-02-11 17:20:00+00:00,2026-10-06T13:47:48Z,4.151000,4.174000,4.147000,4.172000,4.165000,4.174000,4.147000,4.172000,changed
2026-02-11 18:20:00+00:00,2026-10-06T13:47:48Z,4.155000,4.178000,4.153000,4.172000,4.155000,4.178000,4.151000,4.172000,changed
2026-02-11 19:20:00+00:00,2026-10-06T13:47:48Z,4.176000,4.178000,4.170000,4.172000,4.174000,4.178000,4.166000,4.172000,changed
2026-02-12 14:20:00+00:00,2026-10-06T13:47:48Z,4.158000,4.169000,4.146000,4.146000,4.162000,4.169000,4.146000,4.146000,changed
2026-02-12 15:20:00+00:00,2026-10-06T13:47:48Z,4.164000,4.165000,4.125000,4.127000,4.152000,4.152000,4.125000,4.127000,changed
2026-02-12 16:20:00+00:00,2026-10-06T13:47:48Z,4.146000,4.146000,4.119000,4.123000,4.140000,4.140000,4.119000,4.123000,changed
2026-02-12 17:20:00+00:00,2026-10-06T13:47:48Z,4.121000,4.131000,4.102000,4.102000,4.127000,4.131000,4.102000,4.102000,changed
2026-02-12 18:20:00+00:00,2026-10-06T13:47:48Z,4.129000,4.131000,4.100000,4.100000,4.127000,4.129000,4.100000,4.100000,changed
2026-02-12 19:20:00+00:00,2026-10-06T13:47:48Z,4.102000,4.110000,4.100000,4.104000,4.104000,4.110000,4.100000,4.104000,changed
2026-02-13 14:20:00+00:00,2026-10-06T13:47:48Z,4.100000,4.100000,4.050000,4.064000,4.087000,4.090000,4.050000,4.064000,changed
2026-02-13 15:20:00+00:00,2026-10-06T13:47:48Z,4.067000,4.071000,4.050000,4.062000,4.062000,4.069000,4.056000,4.062000,changed
2026-02-13 16:20:00+00:00,2026-10-06T13:47:48Z,4.067000,4.069000,4.046000,4.054000,4.064000,4.064000,4.046000,4.054000,changed
2026-02-13 17:20:00+00:00,2026-10-06T13:47:48Z,4.056000,4.066000,4.046000,4.064000,4.052000,4.066000,4.052000,4.064000,changed
2026-02-13 18:20:00+00:00,2026-10-06T13:47:48Z,4.056000,4.067000,4.056000,4.064000,4.064000,4.067000,4.060000,4.064000,changed
2026-02-13 19:20:00+00:00,2026-10-06T13:47:48Z,4.064000,4.067000,4.054000,4.056000,4.066000,4.066000,4.054000,4.056000,changed
2026-02-17 14:20:00+00:00,2026-10-06T13:47:48Z,4.041000,4.058000,4.041000,4.052000,4.029000,4.058000,4.025000,4.052000,changed
2026-02-17 15:20:00+00:00,2026-10-06T13:47:48Z,4.045000,4.056000,4.039000,4.056000,4.048000,4.058000,4.039000,4.056000,changed
2026-02-17 16:20:00+00:00,2026-10-06T13:47:48Z,4.045000,4.056000,4.045000,4.052000,4.048000,4.056000,4.039000,4.052000,changed
2026-02-17 17:20:00+00:00,2026-10-06T13:47:48Z,4.056000,4.060000,4.048000,4.056000,4.052000,4.060000,4.048000,4.056000,changed
2026-02-17 18:20:00+00:00,2026-10-06T13:47:48Z,4.056000,4.060000,4.054000,4.058000,4.052000,4.060000,4.048000,4.058000,changed
2026-02-17 19:20:00+00:00,2026-10-06T13:47:48Z,4.058000,4.060000,4.052000,4.052000,4.060000,4.060000,4.052000,4.052000,changed
2026-02-18 14:20:00+00:00,2026-10-06T13:47:48Z,4.075000,4.085000,4.075000,4.079000,4.067000,4.085000,4.064000,4.079000,changed
2026-02-18 15:20:00+00:00,2026-10-06T13:47:48Z,4.083000,4.085000,4.073000,4.077000,4.079000,4.085000,4.073000,4.077000,changed
2026-02-18 16:20:00+00:00,2026-10-06T13:47:48Z,4.077000,4.079000,4.071000,4.073000,4.083000,4.083000,4.071000,4.073000,changed
2026-02-18 18:20:00+00:00,2026-10-06T13:47:48Z,4.075000,4.088000,4.075000,4.079000,4.071000,4.088000,4.071000,4.079000,changed
2026-02-18 19:20:00+00:00,2026-10-06T13:47:48Z,4.085000,4.088000,4.079000,4.079000,4.081000,4.088000,4.079000,4.079000,changed
2026-02-19 14:20:00+00:00,2026-10-06T13:47:48Z,4.106000,4.106000,4.083000,4.088000,4.100000,4.102000,4.083000,4.088000,changed
2026-02-19 15:20:00+00:00,2026-10-06T13:47:48Z,4.092000,4.094000,4.083000,4.085000,4.088000,4.094000,4.083000,4.085000,changed
2026-02-19 16:20:00+00:00,2026-10-06T13:47:48Z,4.086000,4.094000,4.081000,4.083000,4.088000,4.088000,4.081000,4.083000,changed
2026-02-19 17:20:00+00:00,2026-10-06T13:47:48Z,4.085000,4.088000,4.075000,4.075000,4.085000,4.086000,4.075000,4.075000,changed
2026-02-19 18:20:00+00:00,2026-10-06T13:47:48Z,4.085000,4.086000,4.065000,4.069000,4.085000,4.085000,4.065000,4.069000,changed
2026-02-19 19:20:00+00:00,2026-10-06T13:47:48Z,4.073000,4.079000,4.065000,4.075000,4.069000,4.079000,4.065000,4.075000,changed
2026-02-20 14:20:00+00:00,2026-10-06T13:47:48Z,4.063000,4.104000,4.060000,4.096000,4.071000,4.104000,4.069000,4.096000,changed
2026-02-20 15:20:00+00:00,2026-10-06T13:47:48Z,4.071000,4.104000,4.071000,4.086000,4.077000,4.104000,4.075000,4.086000,changed
2026-02-20 16:20:00+00:00,2026-10-06T13:47:48Z,4.092000,4.098000,4.083000,4.088000,4.096000,4.098000,4.083000,4.088000,changed
2026-02-20 17:20:00+00:00,2026-10-06T13:47:48Z,4.085000,4.100000,4.085000,4.096000,4.096000,4.100000,4.086000,4.096000,changed
2026-02-20 18:20:00+00:00,2026-10-06T13:47:48Z,4.086000,4.100000,4.081000,4.085000,4.094000,4.100000,4.081000,4.085000,changed
2026-02-20 19:20:00+00:00,2026-10-06T13:47:48Z,4.092000,4.094000,4.081000,4.086000,4.088000,4.094000,4.085000,4.086000,changed
2026-02-23 14:20:00+00:00,2026-10-06T13:47:48Z,4.067000,4.069000,4.054000,4.056000,4.063000,4.067000,4.054000,4.056000,changed
2026-02-23 15:20:00+00:00,2026-10-06T13:47:48Z,4.065000,4.067000,4.029000,4.033000,4.060000,4.060000,4.029000,4.033000,changed
2026-02-23 16:20:00+00:00,2026-10-06T13:47:48Z,4.054000,4.056000,4.025000,4.027000,4.042000,4.044000,4.025000,4.027000,changed
2026-02-23 17:20:00+00:00,2026-10-06T13:47:48Z,4.033000,4.035000,4.018000,4.027000,4.029000,4.029000,4.018000,4.027000,changed
2026-02-23 18:20:00+00:00,2026-10-06T13:47:48Z,4.027000,4.029000,4.018000,4.025000,4.023000,4.027000,4.021000,4.025000,changed
2026-02-23 19:20:00+00:00,2026-10-06T13:47:48Z,4.027000,4.031000,4.021000,4.029000,4.023000,4.031000,4.023000,4.029000,changed
2026-02-25 14:20:00+00:00,2026-10-06T13:47:48Z,4.050000,4.058000,4.050000,4.050000,4.056000,4.058000,4.050000,4.050000,changed
2026-02-25 15:20:00+00:00,2026-10-06T13:47:48Z,4.056000,4.056000,4.044000,4.046000,4.056000,4.058000,4.044000,4.046000,changed
2026-02-25 16:20:00+00:00,2026-10-06T13:47:48Z,4.046000,4.048000,4.035000,4.037000,4.052000,4.052000,4.035000,4.037000,changed
2026-02-25 17:20:00+00:00,2026-10-06T13:47:48Z,4.042000,4.042000,4.035000,4.039000,4.044000,4.044000,4.035000,4.039000,changed
2026-02-25 18:20:00+00:00,2026-10-06T13:47:48Z,4.037000,4.048000,4.037000,4.048000,4.035000,4.048000,4.035000,4.048000,changed
2026-02-25 19:20:00+00:00,2026-10-06T13:47:48Z,4.046000,4.050000,4.044000,4.048000,4.040000,4.050000,4.040000,4.048000,changed
2026-02-27 14:20:00+00:00,2026-10-06T13:47:48Z,3.987000,3.994000,3.970000,3.981000,3.987000,3.987000,3.970000,3.981000,changed
2026-02-27 15:20:00+00:00,2026-10-06T13:47:48Z,3.977000,3.983000,3.970000,3.975000,3.975000,3.983000,3.974000,3.975000,changed
2026-02-27 16:20:00+00:00,2026-10-06T13:47:48Z,3.979000,3.983000,3.968000,3.975000,3.975000,3.977000,3.968000,3.975000,changed
2026-02-27 17:20:00+00:00,2026-10-06T13:47:48Z,3.974000,3.975000,3.966000,3.966000,3.970000,3.975000,3.966000,3.966000,changed
2026-02-27 18:20:00+00:00,2026-10-06T13:47:48Z,3.970000,3.975000,3.958000,3.958000,3.972000,3.972000,3.958000,3.958000,changed
2026-02-27 19:20:00+00:00,2026-10-06T13:47:48Z,3.968000,3.968000,3.956000,3.962000,3.964000,3.964000,3.956000,3.962000,changed
2026-02-02 18:20:00+00:00,2026-10-06T14:02:02Z,4.271000,4.275000,4.271000,4.275000,4.263000,4.277000,4.261000,4.277000,changed
2026-02-02 19:20:00+00:00,2026-10-06T14:02:02Z,4.275000,4.279000,4.269000,4.275000,4.273000,4.279000,4.269000,4.275000,changed
2026-02-03 14:20:00+00:00,2026-10-06T14:02:02Z,4.292000,4.300000,4.282000,4.284000,4.293000,4.300000,4.282000,4.284000,changed
2026-02-03 15:20:00+00:00,2026-10-06T14:02:02Z,4.292000,4.293000,4.279000,4.287000,4.284000,4.293000,4.279000,4.287000,changed
2026-02-03 16:20:00+00:00,2026-10-06T14:02:02Z,4.285000,4.293000,4.278000,4.285000,4.292000,4.293000,4.278000,4.285000,changed
2026-02-03 18:20:00+00:00,2026-10-06T14:02:02Z,4.290000,4.293000,4.266000,4.271000,4.290000,4.292000,4.266000,4.271000,changed
2026-02-03 19:20:00+00:00,2026-10-06T14:02:02Z,4.284000,4.284000,4.266000,4.274000,4.268000,4.278000,4.266000,4.274000,changed
2026-02-04 14:20:00+00:00,2026-10-06T14:02:02Z,4.271000,4.290000,4.269000,4.271000,4.282000,4.290000,4.269000,4.271000,changed
2026-02-04 15:20:00+00:00,2026-10-06T14:02:02Z,4.284000,4.290000,4.269000,4.271000,4.287000,4.287000,4.269000,4.271000,changed
2026-02-04 17:20:00+00:00,2026-10-06T14:02:02Z,4.278000,4.279000,4.261000,4.271000,4.275000,4.275000,4.261000,4.271000,changed
2026-02-04 18:20:00+00:00,2026-10-06T14:02:02Z,4.263000,4.279000,4.261000,4.279000,4.271000,4.279000,4.268000,4.279000,changed
2026-02-04 19:20:00+00:00,2026-10-06T14:02:02Z,4.275000,4.279000,4.268000,4.275000,4.269000,4.279000,4.269000,4.275000,changed
2026-02-05 14:20:00+00:00,2026-10-06T14:02:02Z,4.232000,4.250000,4.222000,4.222000,4.246000,4.250000,4.222000,4.222000,changed
2026-02-05 15:20:00+00:00,2026-10-06T14:02:02Z,4.234000,4.236000,4.206000,4.210000,4.236000,4.250000,4.206000,4.210000,changed
2026-02-05 16:20:00+00:00,2026-10-06T14:02:02Z,4.216000,4.220000,4.206000,4.210000,4.214000,4.220000,4.206000,4.210000,changed
2026-02-05 17:20:00+00:00,2026-10-06T14:02:02Z,4.216000,4.218000,4.208000,4.212000,4.218000,4.220000,4.208000,4.212000,changed
2026-02-05 18:20:00+00:00,2026-10-06T14:02:02Z,4.212000,4.212000,4.204000,4.210000,4.216000,4.218000,4.204000,4.210000,changed
2026-02-05 19:20:00+00:00,2026-10-06T14:02:02Z,4.204000,4.210000,4.204000,4.210000,4.208000,4.210000,4.204000,4.210000,changed
2026-02-06 14:20:00+00:00,2026-10-06T14:02:02Z,4.198000,4.220000,4.194000,4.216000,4.204000,4.220000,4.194000,4.216000,changed
2026-02-06 15:20:00+00:00,2026-10-06T14:02:02Z,4.214000,4.222000,4.212000,4.218000,4.196000,4.224000,4.194000,4.218000,changed
2026-02-06 16:20:00+00:00,2026-10-06T14:02:02Z,4.216000,4.220000,4.216000,4.218000,4.220000,4.224000,4.212000,4.218000,changed
2026-02-06 17:20:00+00:00,2026-10-06T14:02:02Z,4.218000,4.220000,4.214000,4.216000,4.216000,4.220000,4.212000,4.216000,changed
2026-02-06 18:20:00+00:00,2026-10-06T14:02:02Z,4.214000,4.216000,4.208000,4.210000,4.218000,4.220000,4.208000,4.210000,changed
2026-02-06 19:20:00+00:00,2026-10-06T14:02:02Z,4.210000,4.212000,4.206000,4.206000,4.214000,4.214000,4.206000,4.206000,changed
2026-02-09 14:20:00+00:00,2026-10-06T14:02:02Z,4.220000,4.226000,4.210000,4.220000,4.218000,4.226000,4.210000,4.220000,changed
2026-02-09 15:20:00+00:00,2026-10-06T14:02:02Z,4.218000,4.222000,4.206000,4.208000,4.216000,4.226000,4.206000,4.208000,changed
2026-02-09 16:20:00+00:00,2026-10-06T14:02:02Z,4.212000,4.216000,4.206000,4.206000,4.214000,4.220000,4.206000,4.206000,changed
2026-02-09 17:20:00+00:00,2026-10-06T14:02:02Z,4.210000,4.212000,4.202000,4.206000,4.210000,4.216000,4.202000,4.206000,changed
2026-02-09 18:20:00+00:00,2026-10-06T14:02:02Z,4.206000,4.210000,4.200000,4.202000,4.204000,4.210000,4.200000,4.202000,changed
2026-02-09 19:20:00+00:00,2026-10-06T14:02:02Z,4.204000,4.204000,4.196000,4.198000,4.206000,4.206000,4.196000,4.198000,changed
2026-02-10 14:20:00+00:00,2026-10-06T14:02:02Z,4.164000,4.166000,4.139000,4.145000,4.159000,4.162000,4.139000,4.145000,changed
2026-02-10 15:20:00+00:00,2026-10-06T14:02:02Z,4.154000,4.154000,4.135000,4.139000,4.147000,4.149000,4.135000,4.139000,changed
2026-02-10 16:20:00+00:00,2026-10-06T14:02:02Z,4.145000,4.151000,4.135000,4.145000,4.141000,4.151000,4.135000,4.145000,changed
2026-02-10 17:20:00+00:00,2026-10-06T14:02:02Z,4.137000,4.153000,4.137000,4.149000,4.145000,4.153000,4.143000,4.149000,changed
2026-02-10 18:20:00+00:00,2026-10-06T14:02:02Z,4.143000,4.153000,4.143000,4.151000,4.149000,4.153000,4.149000,4.151000,changed
2026-02-10 19:20:00+00:00,2026-10-06T14:02:02Z,4.153000,4.153000,4.145000,4.147000,4.151000,4.153000,4.145000,4.147000,changed
2026-02-11 14:20:00+00:00,2026-10-06T14:02:02Z,4.176000,4.206000,4.168000,4.170000,4.202000,4.202000,4.168000,4.170000,changed
2026-02-11 15:20:00+00:00,2026-10-06T14:02:02Z,4.184000,4.188000,4.165000,4.170000,4.182000,4.184000,4.165000,4.170000,changed
2026-02-11 16:20:00+00:00,2026-10-06T14:02:02Z,4.165000,4.178000,4.149000,4.149000,4.174000,4.178000,4.149000,4.149000,changed
2026-02-11 17:20:00+00:00,2026-10-06T14:02:02Z,4.165000,4.174000,4.147000,4.172000,4.151000,4.174000,4.147000,4.172000,changed
2026-02-11 18:20:00+00:00,2026-10-06T14:02:02Z,4.155000,4.178000,4.151000,4.172000,4.155000,4.178000,4.153000,4.172000,changed
2026-02-11 19:20:00+00:00,2026-10-06T14:02:02Z,4.174000,4.178000,4.166000,4.172000,4.176000,4.178000,4.170000,4.172000,changed
2026-02-12 14:20:00+00:00,2026-10-06T14:02:02Z,4.162000,4.169000,4.146000,4.146000,4.158000,4.169000,4.146000,4.146000,changed
2026-02-12 15:20:00+00:00,2026-10-06T14:02:02Z,4.152000,4.152000,4.125000,4.127000,4.164000,4.165000,4.125000,4.127000,changed
2026-02-12 16:20:00+00:00,2026-10-06T14:02:02Z,4.140000,4.140000,4.119000,4.123000,4.146000,4.146000,4.119000,4.123000,changed
2026-02-12 17:20:00+00:00,2026-10-06T14:02:02Z,4.127000,4.131000,4.102000,4.102000,4.121000,4.131000,4.102000,4.102000,changed
2026-02-12 18:20:00+00:00,2026-10-06T14:02:02Z,4.127000,4.129000,4.100000,4.100000,4.129000,4.131000,4.100000,4.100000,changed
2026-02-12 19:20:00+00:00,2026-10-06T14:02:02Z,4.104000,4.110000,4.100000,4.104000,4.102000,4.110000,4.100000,4.104000,changed
2026-02-13 14:20:00+00:00,2026-10-06T14:02:02Z,4.087000,4.090000,4.050000,4.064000,4.100000,4.100000,4.050000,4.064000,changed
2026-02-13 15:20:00+00:00,2026-10-06T14:02:02Z,4.062000,4.069000,4.056000,4.062000,4.067000,4.071000,4.050000,4.062000,changed
2026-02-13 16:20:00+00:00,2026-10-06T14:02:02Z,4.064000,4.064000,4.046000,4.054000,4.067000,4.069000,4.046000,4.054000,changed
2026-02-13 17:20:00+00:00,2026-10-06T14:02:02Z,4.052000,4.066000,4.052000,4.064000,4.056000,4.066000,4.046000,4.064000,changed
2026-02-13 18:20:00+00:00,2026-10-06T14:02:02Z,4.064000,4.067000,4.060000,4.064000,4.056000,4.067000,4.056000,4.064000,changed
2026-02-13 19:20:00+00:00,2026-10-06T14:02:02Z,4.066000,4.066000,4.054000,4.056000,4.064000,4.067000,4.054000,4.056000,changed
2026-02-17 14:20:00+00:00,2026-10-06T14:02:02Z,4.029000,4.058000,4.025000,4.052000,4.041000,4.058000,4.041000,4.052000,changed
2026-02-17 15:20:00+00:00,2026-10-06T14:02:02Z,4.048000,4.058000,4.039000,4.056000,4.045000,4.056000,4.039000,4.056000,changed
2026-02-17 16:20:00+00:00,2026-10-06T14:02:02Z,4.048000,4.056000,4.039000,4.052000,4.045000,4.056000,4.045000,4.052000,changed
2026-02-17 17:20:00+00:00,2026-10-06T14:02:02Z,4.052000,4.060000,4.048000,4.056000,4.056000,4.060000,4.048000,4.056000,changed
2026-02-17 18:20:00+00:00,2026-10-06T14:02:02Z,4.052000,4.060000,4.048000,4.058000,4.056000,4.060000,4.054000,4.058000,changed
2026-02-17 19:20:00+00:00,2026-10-06T14:02:02Z,4.060000,4.060000,4.052000,4.052000,4.058000,4.060000,4.052000,4.052000,changed
2026-02-18 14:20:00+00:00,2026-10-06T14:02:02Z,4.067000,4.085000,4.064000,4.079000,4.075000,4.085000,4.075000,4.079000,changed
2026-02-18 15:20:00+00:00,2026-10-06T14:02:02Z,4.079000,4.085000,4.073000,4.077000,4.083000,4.085000,4.073000,4.077000,changed
2026-02-18 16:20:00+00:00,2026-10-06T14:02:02Z,4.083000,4.083000,4.071000,4.073000,4.077000,4.079000,4.071000,4.073000,changed
2026-02-18 18:20:00+00:00,2026-10-06T14:02:02Z,4.071000,4.088000,4.071000,4.079000,4.075000,4.088000,4.075000,4.079000,changed
2026-02-18 19:20:00+00:00,2026-10-06T14:02:02Z,4.081000,4.088000,4.079000,4.079000,4.085000,4.088000,4.079000,4.079000,changed
2026-02-19 14:20:00+00:00,2026-10-06T14:02:02Z,4.100000,4.102000,4.083000,4.088000,4.106000,4.106000,4.083000,4.088000,changed
2026-02-19 15:20:00+00:00,2026-10-06T14:02:02Z,4.088000,4.094000,4.083000,4.085000,4.092000,4.094000,4.083000,4.085000,changed
2026-02-19 16:20:00+00:00,2026-10-06T14:02:02Z,4.088000,4.088000,4.081000,4.083000,4.086000,4.094000,4.081000,4.083000,changed
2026-02-19 17:20:00+00:00,2026-10-06T14:02:02Z,4.085000,4.086000,4.075000,4.075000,4.085000,4.088000,4.075000,4.075000,changed
2026-02-19 18:20:00+00:00,2026-10-06T14:02:02Z,4.085000,4.085000,4.065000,4.069000,4.085000,4.086000,4.065000,4.069000,changed
2026-02-19 19:20:00+00:00,2026-10-06T14:02:02Z,4.069000,4.079000,4.065000,4.075000,4.073000,4.079000,4.065000,4.075000,changed
2026-02-20 14:20:00+00:00,2026-10-06T14:02:02Z,4.071000,4.104000,4.069000,4.096000,4.063000,4.104000,4.060000,4.096000,changed
2026-02-20 15:20:00+00:00,2026-10-06T14:02:02Z,4.077000,4.104000,4.075000,4.086000,4.071000,4.104000,4.071000,4.086000,changed
2026-02-20 16:20:00+00:00,2026-10-06T14:02:02Z,4.096000,4.098000,4.083000,4.088000,4.092000,4.098000,4.083000,4.088000,changed
2026-02-20 17:20:00+00:00,2026-10-06T14:02:02Z,4.096000,4.100000,4.086000,4.096000,4.085000,4.100000,4.085000,4.096000,changed
2026-02-20 18:20:00+00:00,2026-10-06T14:02:02Z,4.094000,4.100000,4.081000,4.085000,4.086000,4.100000,4.081000,4.085000,changed
2026-02-20 19:20:00+00:00,2026-10-06T14:02:02Z,4.088000,4.094000,4.085000,4.086000,4.092000,4.094000,4.081000,4.086000,changed
2026-02-23 14:20:00+00:00,2026-10-06T14:02:02Z,4.063000,4.067000,4.054000,4.056000,4.067000,4.069000,4.054000,4.056000,changed
2026-02-23 15:20:00+00:00,2026-10-06T14:02:02Z,4.060000,4.060000,4.029000,4.033000,4.065000,4.067000,4.029000,4.033000,changed
2026-02-23 16:20:00+00:00,2026-10-06T14:02:02Z,4.042000,4.044000,4.025000,4.027000,4.054000,4.056000,4.025000,4.027000,changed
2026-02-23 17:20:00+00:00,2026-10-06T14:02:02Z,4.029000,4.029000,4.018000,4.027000,4.033000,4.035000,4.018000,4.027000,changed
2026-02-23 18:20:00+00:00,2026-10-06T14:02:02Z,4.023000,4.027000,4.021000,4.025000,4.027000,4.029000,4.018000,4.025000,changed
2026-02-23 19:20:00+00:00,2026-10-06T14:02:02Z,4.023000,4.031000,4.023000,4.029000,4.027000,4.031000,4.021000,4.029000,changed
2026-02-25 14:20:00+00:00,2026-10-06T14:02:02Z,4.056000,4.058000,4.050000,4.050000,4.050000,4.058000,4.050000,4.050000,changed
2026-02-25 15:20:00+00:00,2026-10-06T14:02:02Z,4.056000,4.058000,4.044000,4.046000,4.056000,4.056000,4.044000,4.046000,changed
2026-02-25 16:20:00+00:00,2026-10-06T14:02:02Z,4.052000,4.052000,4.035000,4.037000,4.046000,4.048000,4.035000,4.037000,changed
2026-02-25 17:20:00+00:00,2026-10-06T14:02:02Z,4.044000,4.044000,4.035000,4.039000,4.042000,4.042000,4.035000,4.039000,changed
2026-02-25 18:20:00+00:00,2026-10-06T14:02:02Z,4.035000,4.048000,4.035000,4.048000,4.037000,4.048000,4.037000,4.048000,changed
2026-02-25 19:20:00+00:00,2026-10-06T14:02:02Z,4.040000,4.050000,4.040000,4.048000,4.046000,4.050000,4.044000,4.048000,changed
2026-02-27 14:20:00+00:00,2026-10-06T14:02:02Z,3.987000,3.987000,3.970000,3.981000,3.987000,3.994000,3.970000,3.981000,changed
2026-02-27 15:20:00+00:00,2026-10-06T14:02:02Z,3.975000,3.983000,3.974000,3.975000,3.977000,3.983000,3.970000,3.975000,changed
2026-02-27 16:20:00+00:00,2026-10-06T14:02:02Z,3.975000,3.977000,3.968000,3.975000,3.979000,3.983000,3.968000,3.975000,changed
2026-02-27 17:20:00+00:00,2026-10-06T14:02:02Z,3.970000,3.975000,3.966000,3.966000,3.974000,3.975000,3.966000,3.966000,changed
2026-02-27 18:20:00+00:00,2026-10-06T14:02:02Z,3.972000,3.972000,3.958000,3.958000,3.970000,3.975000,3.958000,3.958000,changed
2026-02-27 19:20:00+00:00,2026-10-06T14:02:02Z,3.964000,3.964000,3.956000,3.962000,3.968000,3.968000,3.956000,3.962000,changed
2026-02-02 18:20:00+00:00,2026-10-06T14:18:52Z,4.263000,4.277000,4.261000,4.277000,4.271000,4.275000,4.271000,4.275000,changed
2026-02-02 19:20:00+00:00,2026-10-06T14:18:52Z,4.273000,4.279000,4.269000,4.275000,4.275000,4.279000,4.269000,4.275000,changed
2026-02-03 14:20:00+00:00,2026-10-06T14:18:52Z,4.293000,4.300000,4.282000,4.284000,4.292000,4.300000,4.282000,4.284000,changed
2026-02-03 15:20:00+00:00,2026-10-06T14:18:52Z,4.284000,4.293000,4.279000,4.287000,4.292000,4.293000,4.279000,4.287000,changed
2026-02-03 16:20:00+00:00,2026-10-06T14:18:52Z,4.292000,4.293000,4.278000,4.285000,4.285000,4.293000,4.278000,4.285000,changed
2026-02-03 18:20:00+00:00,2026-10-06T14:18:52Z,4.290000,4.292000,4.266000,4.271000,4.290000,4.293000,4.266000,4.271000,changed
2026-02-03 19:20:00+00:00,2026-10-06T14:18:52Z,4.268000,4.278000,4.266000,4.274000,4.284000,4.284000,4.266000,4.274000,changed
2026-02-04 14:20:00+00:00,2026-10-06T14:18:52Z,4.282000,4.290000,4.269000,4.271000,4.271000,4.290000,4.269000,4.271000,changed
2026-02-04 15:20:00+00:00,2026-10-06T14:18:52Z,4.287000,4.287000,4.269000,4.271000,4.284000,4.290000,4.269000,4.271000,changed
2026-02-04 17:20:00+00:00,2026-10-06T14:18:52Z,4.275000,4.275000,4.261000,4.271000,4.278000,4.279000,4.261000,4.271000,changed
2026-02-04 18:20:00+00:00,2026-10-06T14:18:52Z,4.271000,4.279000,4.268000,4.279000,4.263000,4.279000,4.261000,4.279000,changed
2026-02-04 19:20:00+00:00,2026-10-06T14:18:52Z,4.269000,4.279000,4.269000,4.275000,4.275000,4.279000,4.268000,4.275000,changed
2026-02-05 14:20:00+00:00,2026-10-06T14:18:52Z,4.246000,4.250000,4.222000,4.222000,4.232000,4.250000,4.222000,4.222000,changed
2026-02-05 15:20:00+00:00,2026-10-06T14:18:52Z,4.236000,4.250000,4.206000,4.210000,4.234000,4.236000,4.206000,4.210000,changed
2026-02-05 16:20:00+00:00,2026-10-06T14:18:52Z,4.214000,4.220000,4.206000,4.210000,4.216000,4.220000,4.206000,4.210000,changed
2026-02-05 17:20:00+00:00,2026-10-06T14:18:52Z,4.218000,4.220000,4.208000,4.212000,4.216000,4.218000,4.208000,4.212000,changed
2026-02-05 18:20:00+00:00,2026-10-06T14:18:52Z,4.216000,4.218000,4.204000,4.210000,4.212000,4.212000,4.204000,4.210000,changed
2026-02-05 19:20:00+00:00,2026-10-06T14:18:52Z,4.208000,4.210000,4.204000,4.210000,4.204000,4.210000,4.204000,4.210000,changed
2026-02-06 14:20:00+00:00,2026-10-06T14:18:52Z,4.204000,4.220000,4.194000,4.216000,4.198000,4.220000,4.194000,4.216000,changed
2026-02-06 15:20:00+00:00,2026-10-06T14:18:52Z,4.196000,4.224000,4.194000,4.218000,4.214000,4.222000,4.212000,4.218000,changed
2026-02-06 16:20:00+00:00,2026-10-06T14:18:52Z,4.220000,4.224000,4.212000,4.218000,4.216000,4.220000,4.216000,4.218000,changed
2026-02-06 17:20:00+00:00,2026-10-06T14:18:52Z,4.216000,4.220000,4.212000,4.216000,4.218000,4.220000,4.214000,4.216000,changed
2026-02-06 18:20:00+00:00,2026-10-06T14:18:52Z,4.218000,4.220000,4.208000,4.210000,4.214000,4.216000,4.208000,4.210000,changed
2026-02-06 19:20:00+00:00,2026-10-06T14:18:52Z,4.214000,4.214000,4.206000,4.206000,4.210000,4.212000,4.206000,4.206000,changed
2026-02-09 14:20:00+00:00,2026-10-06T14:18:52Z,4.218000,4.226000,4.210000,4.220000,4.220000,4.226000,4.210000,4.220000,changed
2026-02-09 15:20:00+00:00,2026-10-06T14:18:52Z,4.216000,4.226000,4.206000,4.208000,4.218000,4.222000,4.206000,4.208000,changed
2026-02-09 16:20:00+00:00,2026-10-06T14:18:52Z,4.214000,4.220000,4.206000,4.206000,4.212000,4.216000,4.206000,4.206000,changed
2026-02-09 17:20:00+00:00,2026-10-06T14:18:52Z,4.210000,4.216000,4.202000,4.206000,4.210000,4.212000,4.202000,4.206000,changed
2026-02-09 18:20:00+00:00,2026-10-06T14:18:52Z,4.204000,4.210000,4.200000,4.202000,4.206000,4.210000,4.200000,4.202000,changed
2026-02-09 19:20:00+00:00,2026-10-06T14:18:52Z,4.206000,4.206000,4.196000,4.198000,4.204000,4.204000,4.196000,4.198000,changed
2026-02-10 14:20:00+00:00,2026-10-06T14:18:52Z,4.159000,4.162000,4.139000,4.145000,4.164000,4.166000,4.139000,4.145000,changed
2026-02-10 15:20:00+00:00,2026-10-06T14:18:52Z,4.147000,4.149000,4.135000,4.139000,4.154000,4.154000,4.135000,4.139000,changed
2026-02-10 16:20:00+00:00,2026-10-06T14:18:52Z,4.141000,4.151000,4.135000,4.145000,4.145000,4.151000,4.135000,4.145000,changed
2026-02-10 17:20:00+00:00,2026-10-06T14:18:52Z,4.145000,4.153000,4.143000,4.149000,4.137000,4.153000,4.137000,4.149000,changed
2026-02-10 18:20:00+00:00,2026-10-06T14:18:52Z,4.149000,4.153000,4.149000,4.151000,4.143000,4.153000,4.143000,4.151000,changed
2026-02-10 19:20:00+00:00,2026-10-06T14:18:52Z,4.151000,4.153000,4.145000,4.147000,4.153000,4.153000,4.145000,4.147000,changed
2026-02-11 14:20:00+00:00,2026-10-06T14:18:52Z,4.202000,4.202000,4.168000,4.170000,4.176000,4.206000,4.168000,4.170000,changed
2026-02-11 15:20:00+00:00,2026-10-06T14:18:52Z,4.182000,4.184000,4.165000,4.170000,4.184000,4.188000,4.165000,4.170000,changed
2026-02-11 16:20:00+00:00,2026-10-06T14:18:52Z,4.174000,4.178000,4.149000,4.149000,4.165000,4.178000,4.149000,4.149000,changed
2026-02-11 17:20:00+00:00,2026-10-06T14:18:52Z,4.151000,4.174000,4.147000,4.172000,4.165000,4.174000,4.147000,4.172000,changed
2026-02-11 18:20:00+00:00,2026-10-06T14:18:52Z,4.155000,4.178000,4.153000,4.172000,4.155000,4.178000,4.151000,4.172000,changed
2026-02-11 19:20:00+00:00,2026-10-06T14:18:52Z,4.176000,4.178000,4.170000,4.172000,4.174000,4.178000,4.166000,4.172000,changed
2026-02-12 14:20:00+00:00,2026-10-06T14:18:52Z,4.158000,4.169000,4.146000,4.146000,4.162000,4.169000,4.146000,4.146000,changed
2026-02-12 15:20:00+00:00,2026-10-06T14:18:52Z,4.164000,4.165000,4.125000,4.127000,4.152000,4.152000,4.125000,4.127000,changed
2026-02-12 16:20:00+00:00,2026-10-06T14:18:52Z,4.146000,4.146000,4.119000,4.123000,4.140000,4.140000,4.119000,4.123000,changed
2026-02-12 17:20:00+00:00,2026-10-06T14:18:52Z,4.121000,4.131000,4.102000,4.102000,4.127000,4.131000,4.102000,4.102000,changed
2026-02-12 18:20:00+00:00,2026-10-06T14:18:52Z,4.129000,4.131000,4.100000,4.100000,4.127000,4.129000,4.100000,4.100000,changed
2026-02-12 19:20:00+00:00,2026-10-06T14:18:52Z,4.102000,4.110000,4.100000,4.104000,4.104000,4.110000,4.100000,4.104000,changed
2026-02-13 14:20:00+00:00,2026-10-06T14:18:52Z,4.100000,4.100000,4.050000,4.064000,4.087000,4.090000,4.050000,4.064000,changed
2026-02-13 15:20:00+00:00,2026-10-06T14:18:52Z,4.067000,4.071000,4.050000,4.062000,4.062000,4.069000,4.056000,4.062000,changed
2026-02-13 16:20:00+00:00,2026-10-06T14:18:52Z,4.067000,4.069000,4.046000,4.054000,4.064000,4.064000,4.046000,4.054000,changed
2026-02-13 17:20:00+00:00,2026-10-06T14:18:52Z,4.056000,4.066000,4.046000,4.064000,4.052000,4.066000,4.052000,4.064000,changed
2026-02-13 18:20:00+00:00,2026-10-06T14:18:52Z,4.056000,4.067000,4.056000,4.064000,4.064000,4.067000,4.060000,4.064000,changed
2026-02-13 19:20:00+00:00,2026-10-06T14:18:52Z,4.064000,4.067000,4.054000,4.056000,4.066000,4.066000,4.054000,4.056000,changed
2026-02-17 14:20:00+00:00,2026-10-06T14:18:52Z,4.041000,4.058000,4.041000,4.052000,4.029000,4.058000,4.025000,4.052000,changed
2026-02-17 15:20:00+00:00,2026-10-06T14:18:52Z,4.045000,4.056000,4.039000,4.056000,4.048000,4.058000,4.039000,4.056000,changed
2026-02-17 16:20:00+00:00,2026-10-06T14:18:52Z,4.045000,4.056000,4.045000,4.052000,4.048000,4.056000,4.039000,4.052000,changed
2026-02-17 17:20:00+00:00,2026-10-06T14:18:52Z,4.056000,4.060000,4.048000,4.056000,4.052000,4.060000,4.048000,4.056000,changed
2026-02-17 18:20:00+00:00,2026-10-06T14:18:52Z,4.056000,4.060000,4.054000,4.058000,4.052000,4.060000,4.048000,4.058000,changed
2026-02-17 19:20:00+00:00,2026-10-06T14:18:52Z,4.058000,4.060000,4.052000,4.052000,4.060000,4.060000,4.052000,4.052000,changed
2026-02-18 14:20:00+00:00,2026-10-06T14:18:52Z,4.075000,4.085000,4.075000,4.079000,4.067000,4.085000,4.064000,4.079000,changed
2026-02-18 15:20:00+00:00,2026-10-06T14:18:52Z,4.083000,4.085000,4.073000,4.077000,4.079000,4.085000,4.073000,4.077000,changed
2026-02-18 16:20:00+00:00,2026-10-06T14:18:52Z,4.077000,4.079000,4.071000,4.073000,4.083000,4.083000,4.071000,4.073000,changed
2026-02-18 18:20:00+00:00,2026-10-06T14:18:52Z,4.075000,4.088000,4.075000,4.079000,4.071000,4.088000,4.071000,4.079000,changed
2026-02-18 19:20:00+00:00,2026-10-06T14:18:52Z,4.085000,4.088000,4.079000,4.079000,4.081000,4.088000,4.079000,4.079000,changed
2026-02-19 14:20:00+00:00,2026-10-06T14:18:52Z,4.106000,4.106000,4.083000,4.088000,4.100000,4.102000,4.083000,4.088000,changed
2026-02-19 15:20:00+00:00,2026-10-06T14:18:52Z,4.092000,4.094000,4.083000,4.085000,4.088000,4.094000,4.083000,4.085000,changed
2026-02-19 16:20:00+00:00,2026-10-06T14:18:52Z,4.086000,4.094000,4.081000,4.083000,4.088000,4.088000,4.081000,4.083000,changed
2026-02-19 17:20:00+00:00,2026-10-06T14:18:52Z,4.085000,4.088000,4.075000,4.075000,4.085000,4.086000,4.075000,4.075000,changed
2026-02-19 18:20:00+00:00,2026-10-06T14:18:52Z,4.085000,4.086000,4.065000,4.069000,4.085000,4.085000,4.065000,4.069000,changed
2026-02-19 19:20:00+00:00,2026-10-06T14:18:52Z,4.073000,4.079000,4.065000,4.075000,4.069000,4.079000,4.065000,4.075000,changed
2026-02-20 14:20:00+00:00,2026-10-06T14:18:52Z,4.063000,4.104000,4.060000,4.096000,4.071000,4.104000,4.069000,4.096000,changed
2026-02-20 15:20:00+00:00,2026-10-06T14:18:52Z,4.071000,4.104000,4.071000,4.086000,4.077000,4.104000,4.075000,4.086000,changed
2026-02-20 16:20:00+00:00,2026-10-06T14:18:52Z,4.092000,4.098000,4.083000,4.088000,4.096000,4.098000,4.083000,4.088000,changed
2026-02-20 17:20:00+00:00,2026-10-06T14:18:52Z,4.085000,4.100000,4.085000,4.096000,4.096000,4.100000,4.086000,4.096000,changed
2026-02-20 18:20:00+00:00,2026-10-06T14:18:52Z,4.086000,4.100000,4.081000,4.085000,4.094000,4.100000,4.081000,4.085000,changed
2026-02-20 19:20:00+00:00,2026-10-06T14:18:52Z,4.092000,4.094000,4.081000,4.086000,4.088000,4.094000,4.085000,4.086000,changed
2026-02-23 14:20:00+00:00,2026-10-06T14:18:52Z,4.067000,4.069000,4.054000,4.056000,4.063000,4.067000,4.054000,4.056000,changed
2026-02-23 15:20:00+00:00,2026-10-06T14:18:52Z,4.065000,4.067000,4.029000,4.033000,4.060000,4.060000,4.029000,4.033000,changed
2026-02-23 16:20:00+00:00,2026-10-06T14:18:52Z,4.054000,4.056000,4.025000,4.027000,4.042000,4.044000,4.025000,4.027000,changed
2026-02-23 17:20:00+00:00,2026-10-06T14:18:52Z,4.033000,4.035000,4.018000,4.027000,4.029000,4.029000,4.018000,4.027000,changed
2026-02-23 18:20:00+00:00,2026-10-06T14:18:52Z,4.027000,4.029000,4.018000,4.025000,4.023000,4.027000,4.021000,4.025000,changed
2026-02-23 19:20:00+00:00,2026-10-06T14:18:52Z,4.027000,4.031000,4.021000,4.029000,4.023000,4.031000,4.023000,4.029000,changed
2026-02-25 14:20:00+00:00,2026-10-06T14:18:52Z,4.050000,4.058000,4.050000,4.050000,4.056000,4.058000,4.050000,4.050000,changed
2026-02-25 15:20:00+00:00,2026-10-06T14:18:52Z,4.056000,4.056000,4.044000,4.046000,4.056000,4.058000,4.044000,4.046000,changed
2026-02-25 16:20:00+00:00,2026-10-06T14:18:52Z,4.046000,4.048000,4.035000,4.037000,4.052000,4.052000,4.035000,4.037000,changed
2026-02-25 17:20:00+00:00,2026-10-06T14:18:52Z,4.042000,4.042000,4.035000,4.039000,4.044000,4.044000,4.035000,4.039000,changed
2026-02-25 18:20:00+00:00,2026-10-06T14:18:52Z,4.037000,4.048000,4.037000,4.048000,4.035000,4.048000,4.035000,4.048000,changed
2026-02-25 19:20:00+00:00,2026-10-06T14:18:52Z,4.046000,4.050000,4.044000,4.048000,4.040000,4.050000,4.040000,4.048000,changed
2026-02-27 14:20:00+00:00,2026-10-06T14:18:52Z,3.987000,3.994000,3.970000,3.981000,3.987000,3.987000,3.970000,3.981000,changed
2026-02-27 15:20:00+00:00,2026-10-06T14:18:52Z,3.977000,3.983000,3.970000,3.975000,3.975000,3.983000,3.974000,3.975000,changed
2026-02-27 16:20:00+00:00,2026-10-06T14:18:52Z,3.979000,3.983000,3.968000,3.975000,3.975000,3.977000,3.968000,3.975000,changed
2026-02-27 17:20:00+00:00,2026-10-06T14:18:52Z,3.974000,3.975000,3.966000,3.966000,3.970000,3.975000,3.966000,3.966000,changed
2026-02-27 18:20:00+00:00,2026-10-06T14:18:52Z,3.970000,3.975000,3.958000,3.958000,3.972000,3.972000,3.958000,3.958000,changed
2026-02-27 19:20:00+00:00,2026-10-06T14:18:52Z,3.968000,3.968000,3.956000,3.962000,3.964000,3.964000,3.956000,3.962000,changed
2026-02-02 18:20:00+00:00,2026-10-06T15:12:30Z,4.271000,4.275000,4.271000,4.275000,4.263000,4.277000,4.261000,4.277000,changed
2026-02-02 19:20:00+00:00,2026-10-06T15:12:30Z,4.275000,4.279000,4.269000,4.275000,4.273000,4.279000,4.269000,4.275000,changed
2026-02-03 14:20:00+00:00,2026-10-06T15:12:30Z,4.292000,4.300000,4.282000,4.284000,4.293000,4.300000,4.282000,4.284000,changed
2026-02-03 15:20:00+00:00,2026-10-06T15:12:30Z,4.292000,4.293000,4.279000,4.287000,4.284000,4.293000,4.279000,4.287000,changed
2026-02-03 16:20:00+00:00,2026-10-06T15:12:30Z,4.285000,4.293000,4.278000,4.285000,4.292000,4.293000,4.278000,4.285000,changed
2026-02-03 18:20:00+00:00,2026-10-06T15:12:30Z,4.290000,4.293000,4.266000,4.271000,4.290000,4.292000,4.266000,4.271000,changed
2026-02-03 19:20:00+00:00,2026-10-06T15:12:30Z,4.284000,4.284000,4.266000,4.274000,4.268000,4.278000,4.266000,4.274000,changed
2026-02-04 14:20:00+00:00,2026-10-06T15:12:30Z,4.271000,4.290000,4.269000,4.271000,4.282000,4.290000,4.269000,4.271000,changed
2026-02-04 15:20:00+00:00,2026-10-06T15:12:30Z,4.284000,4.290000,4.269000,4.271000,4.287000,4.287000,4.269000,4.271000,changed
2026-02-04 17:20:00+00:00,2026-10-06T15:12:30Z,4.278000,4.279000,4.261000,4.271000,4.275000,4.275000,4.261000,4.271000,changed
2026-02-04 18:20:00+00:00,2026-10-06T15:12:30Z,4.263000,4.279000,4.261000,4.279000,4.271000,4.279000,4.268000,4.279000,changed
2026-02-04 19:20:00+00:00,2026-10-06T15:12:30Z,4.275000,4.279000,4.268000,4.275000,4.269000,4.279000,4.269000,4.275000,changed
2026-02-05 14:20:00+00:00,2026-10-06T15:12:30Z,4.232000,4.250000,4.222000,4.222000,4.246000,4.250000,4.222000,4.222000,changed
2026-02-05 15:20:00+00:00,2026-10-06T15:12:30Z,4.234000,4.236000,4.206000,4.210000,4.236000,4.250000,4.206000,4.210000,changed
2026-02-05 16:20:00+00:00,2026-10-06T15:12:30Z,4.216000,4.220000,4.206000,4.210000,4.214000,4.220000,4.206000,4.210000,changed
2026-02-05 17:20:00+00:00,2026-10-06T15:12:30Z,4.216000,4.218000,4.208000,4.212000,4.218000,4.220000,4.208000,4.212000,changed
2026-02-05 18:20:00+00:00,2026-10-06T15:12:30Z,4.212000,4.212000,4.204000,4.210000,4.216000,4.218000,4.204000,4.210000,changed
2026-02-05 19:20:00+00:00,2026-10-06T15:12:30Z,4.204000,4.210000,4.204000,4.210000,4.208000,4.210000,4.204000,4.210000,changed
2026-02-06 14:20:00+00:00,2026-10-06T15:12:30Z,4.198000,4.220000,4.194000,4.216000,4.204000,4.220000,4.194000,4.216000,changed
2026-02-06 15:20:00+00:00,2026-10-06T15:12:30Z,4.214000,4.222000,4.212000,4.218000,4.196000,4.224000,4.194000,4.218000,changed
2026-02-06 16:20:00+00:00,2026-10-06T15:12:30Z,4.216000,4.220000,4.216000,4.218000,4.220000,4.224000,4.212000,4.218000,changed
2026-02-06 17:20:00+00:00,2026-10-06T15:12:30Z,4.218000,4.220000,4.214000,4.216000,4.216000,4.220000,4.212000,4.216000,changed
2026-02-06 18:20:00+00:00,2026-10-06T15:12:30Z,4.214000,4.216000,4.208000,4.210000,4.218000,4.220000,4.208000,4.210000,changed
2026-02-06 19:20:00+00:00,2026-10-06T15:12:30Z,4.210000,4.212000,4.206000,4.206000,4.214000,4.214000,4.206000,4.206000,changed
2026-02-09 14:20:00+00:00,2026-10-06T15:12:30Z,4.220000,4.226000,4.210000,4.220000,4.218000,4.226000,4.210000,4.220000,changed
2026-02-09 15:20:00+00:00,2026-10-06T15:12:30Z,4.218000,4.222000,4.206000,4.208000,4.216000,4.226000,4.206000,4.208000,changed
2026-02-09 16:20:00+00:00,2026-10-06T15:12:30Z,4.212000,4.216000,4.206000,4.206000,4.214000,4.220000,4.206000,4.206000,changed
2026-02-09 17:20:00+00:00,2026-10-06T15:12:30Z,4.210000,4.212000,4.202000,4.206000,4.210000,4.216000,4.202000,4.206000,changed
2026-02-09 18:20:00+00:00,2026-10-06T15:12:30Z,4.206000,4.210000,4.200000,4.202000,4.204000,4.210000,4.200000,4.202000,changed
2026-02-09 19:20:00+00:00,2026-10-06T15:12:30Z,4.204000,4.204000,4.196000,4.198000,4.206000,4.206000,4.196000,4.198000,changed
2026-02-10 14:20:00+00:00,2026-10-06T15:12:30Z,4.164000,4.166000,4.139000,4.145000,4.159000,4.162000,4.139000,4.145000,changed
2026-02-10 15:20:00+00:00,2026-10-06T15:12:30Z,4.154000,4.154000,4.135000,4.139000,4.147000,4.149000,4.135000,4.139000,changed
2026-02-10 16:20:00+00:00,2026-10-06T15:12:30Z,4.145000,4.151000,4.135000,4.145000,4.141000,4.151000,4.135000,4.145000,changed
2026-02-10 17:20:00+00:00,2026-10-06T15:12:30Z,4.137000,4.153000,4.137000,4.149000,4.145000,4.153000,4.143000,4.149000,changed
2026-02-10 18:20:00+00:00,2026-10-06T15:12:30Z,4.143000,4.153000,4.143000,4.151000,4.149000,4.153000,4.149000,4.151000,changed
2026-02-10 19:20:00+00:00,2026-10-06T15:12:30Z,4.153000,4.153000,4.145000,4.147000,4.151000,4.153000,4.145000,4.147000,changed
2026-02-11 14:20:00+00:00,2026-10-06T15:12:30Z,4.176000,4.206000,4.168000,4.170000,4.202000,4.202000,4.168000,4.170000,changed
2026-02-11 15:20:00+00:00,2026-10-06T15:12:30Z,4.184000,4.188000,4.165000,4.170000,4.182000,4.184000,4.165000,4.170000,changed
2026-02-11 16:20:00+00:00,2026-10-06T15:12:30Z,4.165000,4.178000,4.149000,4.149000,4.174000,4.178000,4.149000,4.149000,changed
2026-02-11 17:20:00+00:00,2026-10-06T15:12:30Z,4.165000,4.174000,4.147000,4.172000,4.151000,4.174000,4.147000,4.172000,changed
2026-02-11 18:20:00+00:00,2026-10-06T15:12:30Z,4.155000,4.178000,4.151000,4.172000,4.155000,4.178000,4.153000,4.172000,changed
2026-02-11 19:20:00+00:00,2026-10-06T15:12:30Z,4.174000,4.178000,4.166000,4.172000,4.176000,4.178000,4.170000,4.172000,changed
2026-02-12 14:20:00+00:00,2026-10-06T15:12:30Z,4.162000,4.169000,4.146000,4.146000,4.158000,4.169000,4.146000,4.146000,changed
2026-02-12 15:20:00+00:00,2026-10-06T15:12:30Z,4.152000,4.152000,4.125000,4.127000,4.164000,4.165000,4.125000,4.127000,changed
2026-02-12 16:20:00+00:00,2026-10-06T15:12:30Z,4.140000,4.140000,4.119000,4.123000,4.146000,4.146000,4.119000,4.123000,changed
2026-02-12 17:20:00+00:00,2026-10-06T15:12:30Z,4.127000,4.131000,4.102000,4.102000,4.121000,4.131000,4.102000,4.102000,changed
2026-02-12 18:20:00+00:00,2026-10-06T15:12:30Z,4.127000,4.129000,4.100000,4.100000,4.129000,4.131000,4.100000,4.100000,changed
2026-02-12 19:20:00+00:00,2026-10-06T15:12:30Z,4.104000,4.110000,4.100000,4.104000,4.102000,4.110000,4.100000,4.104000,changed
2026-02-13 14:20:00+00:00,2026-10-06T15:12:30Z,4.087000,4.090000,4.050000,4.064000,4.100000,4.100000,4.050000,4.064000,changed
2026-02-13 15:20:00+00:00,2026-10-06T15:12:30Z,4.062000,4.069000,4.056000,4.062000,4.067000,4.071000,4.050000,4.062000,changed
2026-02-13 16:20:00+00:00,2026-10-06T15:12:30Z,4.064000,4.064000,4.046000,4.054000,4.067000,4.069000,4.046000,4.054000,changed
2026-02-13 17:20:00+00:00,2026-10-06T15:12:30Z,4.052000,4.066000,4.052000,4.064000,4.056000,4.066000,4.046000,4.064000,changed
2026-02-13 18:20:00+00:00,2026-10-06T15:12:30Z,4.064000,4.067000,4.060000,4.064000,4.056000,4.067000,4.056000,4.064000,changed
2026-02-13 19:20:00+00:00,2026-10-06T15:12:30Z,4.066000,4.066000,4.054000,4.056000,4.064000,4.067000,4.054000,4.056000,changed
2026-02-17 14:20:00+00:00,2026-10-06T15:12:30Z,4.029000,4.058000,4.025000,4.052000,4.041000,4.058000,4.041000,4.052000,changed
2026-02-17 15:20:00+00:00,2026-10-06T15:12:30Z,4.048000,4.058000,4.039000,4.056000,4.045000,4.056000,4.039000,4.056000,changed
2026-02-17 16:20:00+00:00,2026-10-06T15:12:30Z,4.048000,4.056000,4.039000,4.052000,4.045000,4.056000,4.045000,4.052000,changed
2026-02-17 17:20:00+00:00,2026-10-06T15:12:30Z,4.052000,4.060000,4.048000,4.056000,4.056000,4.060000,4.048000,4.056000,changed
2026-02-17 18:20:00+00:00,2026-10-06T15:12:30Z,4.052000,4.060000,4.048000,4.058000,4.056000,4.060000,4.054000,4.058000,changed
2026-02-17 19:20:00+00:00,2026-10-06T15:12:30Z,4.060000,4.060000,4.052000,4.052000,4.058000,4.060000,4.052000,4.052000,changed
2026-02-18 14:20:00+00:00,2026-10-06T15:12:30Z,4.067000,4.085000,4.064000,4.079000,4.075000,4.085000,4.075000,4.079000,changed
2026-02-18 15:20:00+00:00,2026-10-06T15:12:30Z,4.079000,4.085000,4.073000,4.077000,4.083000,4.085000,4.073000,4.077000,changed
2026-02-18 16:20:00+00:00,2026-10-06T15:12:30Z,4.083000,4.083000,4.071000,4.073000,4.077000,4.079000,4.071000,4.073000,changed
2026-02-18 18:20:00+00:00,2026-10-06T15:12:30Z,4.071000,4.088000,4.071000,4.079000,4.075000,4.088000,4.075000,4.079000,changed
2026-02-18 19:20:00+00:00,2026-10-06T15:12:30Z,4.081000,4.088000,4.079000,4.079000,4.085000,4.088000,4.079000,4.079000,changed
2026-02-19 14:20:00+00:00,2026-10-06T15:12:30Z,4.100000,4.102000,4.083000,4.088000,4.106000,4.106000,4.083000,4.088000,changed
2026-02-19 15:20:00+00:00,2026-10-06T15:12:30Z,4.088000,4.094000,4.083000,4.085000,4.092000,4.094000,4.083000,4.085000,changed
2026-02-19 16:20:00+00:00,2026-10-06T15:12:30Z,4.088000,4.088000,4.081000,4.083000,4.086000,4.094000,4.081000,4.083000,changed
2026-02-19 17:20:00+00:00,2026-10-06T15:12:30Z,4.085000,4.086000,4.075000,4.075000,4.085000,4.088000,4.075000,4.075000,changed
2026-02-19 18:20:00+00:00,2026-10-06T15:12:30Z,4.085000,4.085000,4.065000,4.069000,4.085000,4.086000,4.065000,4.069000,changed
2026-02-19 19:20:00+00:00,2026-10-06T15:12:30Z,4.069000,4.079000,4.065000,4.075000,4.073000,4.079000,4.065000,4.075000,changed
2026-02-20 14:20:00+00:00,2026-10-06T15:12:30Z,4.071000,4.104000,4.069000,4.096000,4.063000,4.104000,4.060000,4.096000,changed
2026-02-20 15:20:00+00:00,2026-10-06T15:12:30Z,4.077000,4.104000,4.075000,4.086000,4.071000,4.104000,4.071000,4.086000,changed
2026-02-20 16:20:00+00:00,2026-10-06T15:12:30Z,4.096000,4.098000,4.083000,4.088000,4.092000,4.098000,4.083000,4.088000,changed
2026-02-20 17:20:00+00:00,2026-10-06T15:12:30Z,4.096000,4.100000,4.086000,4.096000,4.085000,4.100000,4.085000,4.096000,changed
2026-02-20 18:20:00+00:00,2026-10-06T15:12:30Z,4.094000,4.100000,4.081000,4.085000,4.086000,4.100000,4.081000,4.085000,changed
2026-02-20 19:20:00+00:00,2026-10-06T15:12:30Z,4.088000,4.094000,4.085000,4.086000,4.092000,4.094000,4.081000,4.086000,changed
2026-02-23 14:20:00+00:00,2026-10-06T15:12:30Z,4.063000,4.067000,4.054000,4.056000,4.067000,4.069000,4.054000,4.056000,changed
2026-02-23 15:20:00+00:00,2026-10-06T15:12:30Z,4.060000,4.060000,4.029000,4.033000,4.065000,4.067000,4.029000,4.033000,changed
2026-02-23 16:20:00+00:00,2026-10-06T15:12:30Z,4.042000,4.044000,4.025000,4.027000,4.054000,4.056000,4.025000,4.027000,changed
2026-02-23 17:20:00+00:00,2026-10-06T15:12:30Z,4.029000,4.029000,4.018000,4.027000,4.033000,4.035000,4.018000,4.027000,changed
2026-02-23 18:20:00+00:00,2026-10-06T15:12:30Z,4.023000,4.027000,4.021000,4.025000,4.027000,4.029000,4.018000,4.025000,changed
2026-02-23 19:20:00+00:00,2026-10-06T15:12:30Z,4.023000,4.031000,4.023000,4.029000,4.027000,4.031000,4.021000,4.029000,changed
2026-02-25 14:20:00+00:00,2026-10-06T15:12:30Z,4.056000,4.058000,4.050000,4.050000,4.050000,4.058000,4.050000,4.050000,changed
2026-02-25 15:20:00+00:00,2026-10-06T15:12:30Z,4.056000,4.058000,4.044000,4.046000,4.056000,4.056000,4.044000,4.046000,changed
2026-02-25 16:20:00+00:00,2026-10-06T15:12:30Z,4.052000,4.052000,4.035000,4.037000,4.046000,4.048000,4.035000,4.037000,changed
2026-02-25 17:20:00+00:00,2026-10-06T15:12:30Z,4.044000,4.044000,4.035000,4.039000,4.042000,4.042000,4.035000,4.039000,changed
2026-02-25 18:20:00+00:00,2026-10-06T15:12:30Z,4.035000,4.048000,4.035000,4.048000,4.037000,4.048000,4.037000,4.048000,changed
2026-02-25 19:20:00+00:00,2026-10-06T15:12:30Z,4.040000,4.050000,4.040000,4.048000,4.046000,4.050000,4.044000,4.048000,changed
2026-02-27 14:20:00+00:00,2026-10-06T15:12:30Z,3.987000,3.987000,3.970000,3.981000,3.987000,3.994000,3.970000,3.981000,changed
2026-02-27 15:20:00+00:00,2026-10-06T15:12:30Z,3.975000,3.983000,3.974000,3.975000,3.977000,3.983000,3.970000,3.975000,changed
2026-02-27 16:20:00+00:00,2026-10-06T15:12:30Z,3.975000,3.977000,3.968000,3.975000,3.979000,3.983000,3.968000,3.975000,changed
2026-02-27 17:20:00+00:00,2026-10-06T15:12:30Z,3.970000,3.975000,3.966000,3.966000,3.974000,3.975000,3.966000,3.966000,changed
2026-02-27 18:20:00+00:00,2026-10-06T15:12:30Z,3.972000,3.972000,3.958000,3.958000,3.970000,3.975000,3.958000,3.958000,changed
2026-02-27 19:20:00+00:00,2026-10-06T15:12:30Z,3.964000,3.964000,3.956000,3.962000,3.968000,3.968000,3.956000,3.962000,changed
2026-02-02 18:20:00+00:00,2026-10-06T15:30:53Z,4.263000,4.277000,4.261000,4.277000,4.271000,4.275000,4.271000,4.275000,changed
2026-02-02 19:20:00+00:00,2026-10-06T15:30:53Z,4.273000,4.279000,4.269000,4.275000,4.275000,4.279000,4.269000,4.275000,changed
2026-02-03 14:20:00+00:00,2026-10-06T15:30:53Z,4.293000,4.300000,4.282000,4.284000,4.292000,4.300000,4.282000,4.284000,changed
2026-02-03 15:20:00+00:00,2026-10-06T15:30:53Z,4.284000,4.293000,4.279000,4.287000,4.292000,4.293000,4.279000,4.287000,changed
2026-02-03 16:20:00+00:00,2026-10-06T15:30:53Z,4.292000,4.293000,4.278000,4.285000,4.285000,4.293000,4.278000,4.285000,changed
2026-02-03 18:20:00+00:00,2026-10-06T15:30:53Z,4.290000,4.292000,4.266000,4.271000,4.290000,4.293000,4.266000,4.271000,changed
2026-02-03 19:20:00+00:00,2026-10-06T15:30:53Z,4.268000,4.278000,4.266000,4.274000,4.284000,4.284000,4.266000,4.274000,changed
2026-02-04 14:20:00+00:00,2026-10-06T15:30:53Z,4.282000,4.290000,4.269000,4.271000,4.271000,4.290000,4.269000,4.271000,changed
2026-02-04 15:20:00+00:00,2026-10-06T15:30:53Z,4.287000,4.287000,4.269000,4.271000,4.284000,4.290000,4.269000,4.271000,changed
2026-02-04 17:20:00+00:00,2026-10-06T15:30:53Z,4.275000,4.275000,4.261000,4.271000,4.278000,4.279000,4.261000,4.271000,changed
2026-02-04 18:20:00+00:00,2026-10-06T15:30:53Z,4.271000,4.279000,4.268000,4.279000,4.263000,4.279000,4.261000,4.279000,changed
2026-02-04 19:20:00+00:00,2026-10-06T15:30:53Z,4.269000,4.279000,4.269000,4.275000,4.275000,4.279000,4.268000,4.275000,changed
2026-02-05 14:20:00+00:00,2026-10-06T15:30:53Z,4.246000,4.250000,4.222000,4.222000,4.232000,4.250000,4.222000,4.222000,changed
2026-02-05 15:20:00+00:00,2026-10-06T15:30:53Z,4.236000,4.250000,4.206000,4.210000,4.234000,4.236000,4.206000,4.210000,changed
2026-02-05 16:20:00+00:00,2026-10-06T15:30:53Z,4.214000,4.220000,4.206000,4.210000,4.216000,4.220000,4.206000,4.210000,changed
2026-02-05 17:20:00+00:00,2026-10-06T15:30:53Z,4.218000,4.220000,4.208000,4.212000,4.216000,4.218000,4.208000,4.212000,changed
2026-02-05 18:20:00+00:00,2026-10-06T15:30:53Z,4.216000,4.218000,4.204000,4.210000,4.212000,4.212000,4.204000,4.210000,changed
2026-02-05 19:20:00+00:00,2026-10-06T15:30:53Z,4.208000,4.210000,4.204000,4.210000,4.204000,4.210000,4.204000,4.210000,changed
2026-02-06 14:20:00+00:00,2026-10-06T15:30:53Z,4.204000,4.220000,4.194000,4.216000,4.198000,4.220000,4.194000,4.216000,changed
2026-02-06 15:20:00+00:00,2026-10-06T15:30:53Z,4.196000,4.224000,4.194000,4.218000,4.214000,4.222000,4.212000,4.218000,changed
2026-02-06 16:20:00+00:00,2026-10-06T15:30:53Z,4.220000,4.224000,4.212000,4.218000,4.216000,4.220000,4.216000,4.218000,changed
2026-02-06 17:20:00+00:00,2026-10-06T15:30:53Z,4.216000,4.220000,4.212000,4.216000,4.218000,4.220000,4.214000,4.216000,changed
2026-02-06 18:20:00+00:00,2026-10-06T15:30:53Z,4.218000,4.220000,4.208000,4.210000,4.214000,4.216000,4.208000,4.210000,changed
2026-02-06 19:20:00+00:00,2026-10-06T15:30:53Z,4.214000,4.214000,4.206000,4.206000,4.210000,4.212000,4.206000,4.206000,changed
2026-02-09 14:20:00+00:00,2026-10-06T15:30:53Z,4.218000,4.226000,4.210000,4.220000,4.220000,4.226000,4.210000,4.220000,changed
2026-02-09 15:20:00+00:00,2026-10-06T15:30:53Z,4.216000,4.226000,4.206000,4.208000,4.218000,4.222000,4.206000,4.208000,changed
2026-02-09 16:20:00+00:00,2026-10-06T15:30:53Z,4.214000,4.220000,4.206000,4.206000,4.212000,4.216000,4.206000,4.206000,changed
2026-02-09 17:20:00+00:00,2026-10-06T15:30:53Z,4.210000,4.216000,4.202000,4.206000,4.210000,4.212000,4.202000,4.206000,changed
2026-02-09 18:20:00+00:00,2026-10-06T15:30:53Z,4.204000,4.210000,4.200000,4.202000,4.206000,4.210000,4.200000,4.202000,changed
2026-02-09 19:20:00+00:00,2026-10-06T15:30:53Z,4.206000,4.206000,4.196000,4.198000,4.204000,4.204000,4.196000,4.198000,changed
2026-02-10 14:20:00+00:00,2026-10-06T15:30:53Z,4.159000,4.162000,4.139000,4.145000,4.164000,4.166000,4.139000,4.145000,changed
2026-02-10 15:20:00+00:00,2026-10-06T15:30:53Z,4.147000,4.149000,4.135000,4.139000,4.154000,4.154000,4.135000,4.139000,changed
2026-02-10 16:20:00+00:00,2026-10-06T15:30:53Z,4.141000,4.151000,4.135000,4.145000,4.145000,4.151000,4.135000,4.145000,changed
2026-02-10 17:20:00+00:00,2026-10-06T15:30:53Z,4.145000,4.153000,4.143000,4.149000,4.137000,4.153000,4.137000,4.149000,changed
2026-02-10 18:20:00+00:00,2026-10-06T15:30:53Z,4.149000,4.153000,4.149000,4.151000,4.143000,4.153000,4.143000,4.151000,changed
2026-02-10 19:20:00+00:00,2026-10-06T15:30:53Z,4.151000,4.153000,4.145000,4.147000,4.153000,4.153000,4.145000,4.147000,changed
2026-02-11 14:20:00+00:00,2026-10-06T15:30:53Z,4.202000,4.202000,4.168000,4.170000,4.176000,4.206000,4.168000,4.170000,changed
2026-02-11 15:20:00+00:00,2026-10-06T15:30:53Z,4.182000,4.184000,4.165000,4.170000,4.184000,4.188000,4.165000,4.170000,changed
2026-02-11 16:20:00+00:00,2026-10-06T15:30:53Z,4.174000,4.178000,4.149000,4.149000,4.165000,4.178000,4.149000,4.149000,changed
2026-02-11 17:20:00+00:00,2026-10-06T15:30:53Z,4.151000,4.174000,4.147000,4.172000,4.165000,4.174000,4.147000,4.172000,changed
2026-02-11 18:20:00+00:00,2026-10-06T15:30:53Z,4.155000,4.178000,4.153000,4.172000,4.155000,4.178000,4.151000,4.172000,changed
2026-02-11 19:20:00+00:00,2026-10-06T15:30:53Z,4.176000,4.178000,4.170000,4.172000,4.174000,4.178000,4.166000,4.172000,changed
2026-02-12 14:20:00+00:00,2026-10-06T15:30:53Z,4.158000,4.169000,4.146000,4.146000,4.162000,4.169000,4.146000,4.146000,changed
2026-02-12 15:20:00+00:00,2026-10-06T15:30:53Z,4.164000,4.165000,4.125000,4.127000,4.152000,4.152000,4.125000,4.127000,changed
2026-02-12 16:20:00+00:00,2026-10-06T15:30:53Z,4.146000,4.146000,4.119000,4.123000,4.140000,4.140000,4.119000,4.123000,changed
2026-02-12 17:20:00+00:00,2026-10-06T15:30:53Z,4.121000,4.131000,4.102000,4.102000,4.127000,4.131000,4.102000,4.102000,changed
2026-02-12 18:20:00+00:00,2026-10-06T15:30:53Z,4.129000,4.131000,4.100000,4.100000,4.127000,4.129000,4.100000,4.100000,changed
2026-02-12 19:20:00+00:00,2026-10-06T15:30:53Z,4.102000,4.110000,4.100000,4.104000,4.104000,4.110000,4.100000,4.104000,changed
2026-02-13 14:20:00+00:00,2026-10-06T15:30:53Z,4.100000,4.100000,4.050000,4.064000,4.087000,4.090000,4.050000,4.064000,changed
2026-02-13 15:20:00+00:00,2026-10-06T15:30:53Z,4.067000,4.071000,4.050000,4.062000,4.062000,4.069000,4.056000,4.062000,changed
2026-02-13 16:20:00+00:00,2026-10-06T15:30:53Z,4.067000,4.069000,4.046000,4.054000,4.064000,4.064000,4.046000,4.054000,changed
2026-02-13 17:20:00+00:00,2026-10-06T15:30:53Z,4.056000,4.066000,4.046000,4.064000,4.052000,4.066000,4.052000,4.064000,changed
2026-02-13 18:20:00+00:00,2026-10-06T15:30:53Z,4.056000,4.067000,4.056000,4.064000,4.064000,4.067000,4.060000,4.064000,changed
2026-02-13 19:20:00+00:00,2026-10-06T15:30:53Z,4.064000,4.067000,4.054000,4.056000,4.066000,4.066000,4.054000,4.056000,changed
2026-02-17 14:20:00+00:00,2026-10-06T15:30:53Z,4.041000,4.058000,4.041000,4.052000,4.029000,4.058000,4.025000,4.052000,changed
2026-02-17 15:20:00+00:00,2026-10-06T15:30:53Z,4.045000,4.056000,4.039000,4.056000,4.048000,4.058000,4.039000,4.056000,changed
2026-02-17 16:20:00+00:00,2026-10-06T15:30:53Z,4.045000,4.056000,4.045000,4.052000,4.048000,4.056000,4.039000,4.052000,changed
2026-02-17 17:20:00+00:00,2026-10-06T15:30:53Z,4.056000,4.060000,4.048000,4.056000,4.052000,4.060000,4.048000,4.056000,changed
2026-02-17 18:20:00+00:00,2026-10-06T15:30:53Z,4.056000,4.060000,4.054000,4.058000,4.052000,4.060000,4.048000,4.058000,changed
2026-02-17 19:20:00+00:00,2026-10-06T15:30:53Z,4.058000,4.060000,4.052000,4.052000,4.060000,4.060000,4.052000,4.052000,changed
2026-02-18 14:20:00+00:00,2026-10-06T15:30:53Z,4.075000,4.085000,4.075000,4.079000,4.067000,4.085000,4.064000,4.079000,changed
2026-02-18 15:20:00+00:00,2026-10-06T15:30:53Z,4.083000,4.085000,4.073000,4.077000,4.079000,4.085000,4.073000,4.077000,changed
2026-02-18 16:20:00+00:00,2026-10-06T15:30:53Z,4.077000,4.079000,4.071000,4.073000,4.083000,4.083000,4.071000,4.073000,changed
2026-02-18 18:20:00+00:00,2026-10-06T15:30:53Z,4.075000,4.088000,4.075000,4.079000,4.071000,4.088000,4.071000,4.079000,changed
2026-02-18 19:20:00+00:00,2026-10-06T15:30:53Z,4.085000,4.088000,4.079000,4.079000,4.081000,4.088000,4.079000,4.079000,changed
2026-02-19 14:20:00+00:00,2026-10-06T15:30:53Z,4.106000,4.106000,4.083000,4.088000,4.100000,4.102000,4.083000,4.088000,changed
2026-02-19 15:20:00+00:00,2026-10-06T15:30:53Z,4.092000,4.094000,4.083000,4.085000,4.088000,4.094000,4.083000,4.085000,changed
2026-02-19 16:20:00+00:00,2026-10-06T15:30:53Z,4.086000,4.094000,4.081000,4.083000,4.088000,4.088000,4.081000,4.083000,changed
2026-02-19 17:20:00+00:00,2026-10-06T15:30:53Z,4.085000,4.088000,4.075000,4.075000,4.085000,4.086000,4.075000,4.075000,changed
2026-02-19 18:20:00+00:00,2026-10-06T15:30:53Z,4.085000,4.086000,4.065000,4.069000,4.085000,4.085000,4.065000,4.069000,changed
2026-02-19 19:20:00+00:00,2026-10-06T15:30:53Z,4.073000,4.079000,4.065000,4.075000,4.069000,4.079000,4.065000,4.075000,changed
2026-02-20 14:20:00+00:00,2026-10-06T15:30:53Z,4.063000,4.104000,4.060000,4.096000,4.071000,4.104000,4.069000,4.096000,changed
2026-02-20 15:20:00+00:00,2026-10-06T15:30:53Z,4.071000,4.104000,4.071000,4.086000,4.077000,4.104000,4.075000,4.086000,changed
2026-02-20 16:20:00+00:00,2026-10-06T15:30:53Z,4.092000,4.098000,4.083000,4.088000,4.096000,4.098000,4.083000,4.088000,changed
2026-02-20 17:20:00+00:00,2026-10-06T15:30:53Z,4.085000,4.100000,4.085000,4.096000,4.096000,4.100000,4.086000,4.096000,changed
2026-02-20 18:20:00+00:00,2026-10-06T15:30:53Z,4.086000,4.100000,4.081000,4.085000,4.094000,4.100000,4.081000,4.085000,changed
2026-02-20 19:20:00+00:00,2026-10-06T15:30:53Z,4.092000,4.094000,4.081000,4.086000,4.088000,4.094000,4.085000,4.086000,changed
2026-02-23 14:20:00+00:00,2026-10-06T15:30:53Z,4.067000,4.069000,4.054000,4.056000,4.063000,4.067000,4.054000,4.056000,changed
2026-02-23 15:20:00+00:00,2026-10-06T15:30:53Z,4.065000,4.067000,4.029000,4.033000,4.060000,4.060000,4.029000,4.033000,changed
2026-02-23 16:20:00+00:00,2026-10-06T15:30:53Z,4.054000,4.056000,4.025000,4.027000,4.042000,4.044000,4.025000,4.027000,changed
2026-02-23 17:20:00+00:00,2026-10-06T15:30:53Z,4.033000,4.035000,4.018000,4.027000,4.029000,4.029000,4.018000,4.027000,changed
2026-02-23 18:20:00+00:00,2026-10-06T15:30:53Z,4.027000,4.029000,4.018000,4.025000,4.023000,4.027000,4.021000,4.025000,changed
2026-02-23 19:20:00+00:00,2026-10-06T15:30:53Z,4.027000,4.031000,4.021000,4.029000,4.023000,4.031000,4.023000,4.029000,changed
2026-02-25 14:20:00+00:00,2026-10-06T15:30:53Z,4.050000,4.058000,4.050000,4.050000,4.056000,4.058000,4.050000,4.050000,changed
2026-02-25 15:20:00+00:00,2026-10-06T15:30:53Z,4.056000,4.056000,4.044000,4.046000,4.056000,4.058000,4.044000,4.046000,changed
2026-02-25 16:20:00+00:00,2026-10-06T15:30:53Z,4.046000,4.048000,4.035000,4.037000,4.052000,4.052000,4.035000,4.037000,changed
2026-02-25 17:20:00+00:00,2026-10-06T15:30:53Z,4.042000,4.042000,4.035000,4.039000,4.044000,4.044000,4.035000,4.039000,changed
2026-02-25 18:20:00+00:00,2026-10-06T15:30:53Z,4.037000,4.048000,4.037000,4.048000,4.035000,4.048000,4.035000,4.048000,changed
2026-02-25 19:20:00+00:00,2026-10-06T15:30:53Z,4.046000,4.050000,4.044000,4.048000,4.040000,4.050000,4.040000,4.048000,changed
2026-02-27 14:20:00+00:00,2026-10-06T15:30:53Z,3.987000,3.994000,3.970000,3.981000,3.987000,3.987000,3.970000,3.981000,changed
2026-02-27 15:20:00+00:00,2026-10-06T15:30:53Z,3.977000,3.983000,3.970000,3.975000,3.975000,3.983000,3.974000,3.975000,changed
2026-02-27 16:20:00+00:00,2026-10-06T15:30:53Z,3.979000,3.983000,3.968000,3.975000,3.975000,3.977000,3.968000,3.975000,changed
2026-02-27 17:20:00+00:00,2026-10-06T15:30:53Z,3.974000,3.975000,3.966000,3.966000,3.970000,3.975000,3.966000,3.966000,changed
2026-02-27 18:20:00+00:00,2026-10-06T15:30:53Z,3.970000,3.975000,3.958000,3.958000,3.972000,3.972000,3.958000,3.958000,changed
2026-02-27 19:20:00+00:00,2026-10-06T15:30:53Z,3.968000,3.968000,3.956000,3.962000,3.964000,3.964000,3.956000,3.962000,changed
2026-02-02 18:20:00+00:00,2026-10-06T15:59:00Z,4.271000,4.275000,4.271000,4.275000,4.263000,4.277000,4.261000,4.277000,changed
2026-02-02 19:20:00+00:00,2026-10-06T15:59:00Z,4.275000,4.279000,4.269000,4.275000,4.273000,4.279000,4.269000,4.275000,changed
2026-02-03 14:20:00+00:00,2026-10-06T15:59:00Z,4.292000,4.300000,4.282000,4.284000,4.293000,4.300000,4.282000,4.284000,changed
2026-02-03 15:20:00+00:00,2026-10-06T15:59:00Z,4.292000,4.293000,4.279000,4.287000,4.284000,4.293000,4.279000,4.287000,changed
2026-02-03 16:20:00+00:00,2026-10-06T15:59:00Z,4.285000,4.293000,4.278000,4.285000,4.292000,4.293000,4.278000,4.285000,changed
2026-02-03 18:20:00+00:00,2026-10-06T15:59:00Z,4.290000,4.293000,4.266000,4.271000,4.290000,4.292000,4.266000,4.271000,changed
2026-02-03 19:20:00+00:00,2026-10-06T15:59:00Z,4.284000,4.284000,4.266000,4.274000,4.268000,4.278000,4.266000,4.274000,changed
2026-02-04 14:20:00+00:00,2026-10-06T15:59:00Z,4.271000,4.290000,4.269000,4.271000,4.282000,4.290000,4.269000,4.271000,changed
2026-02-04 15:20:00+00:00,2026-10-06T15:59:00Z,4.284000,4.290000,4.269000,4.271000,4.287000,4.287000,4.269000,4.271000,changed
2026-02-04 17:20:00+00:00,2026-10-06T15:59:00Z,4.278000,4.279000,4.261000,4.271000,4.275000,4.275000,4.261000,4.271000,changed
2026-02-04 18:20:00+00:00,2026-10-06T15:59:00Z,4.263000,4.279000,4.261000,4.279000,4.271000,4.279000,4.268000,4.279000,changed
2026-02-04 19:20:00+00:00,2026-10-06T15:59:00Z,4.275000,4.279000,4.268000,4.275000,4.269000,4.279000,4.269000,4.275000,changed
2026-02-05 14:20:00+00:00,2026-10-06T15:59:00Z,4.232000,4.250000,4.222000,4.222000,4.246000,4.250000,4.222000,4.222000,changed
2026-02-05 15:20:00+00:00,2026-10-06T15:59:00Z,4.234000,4.236000,4.206000,4.210000,4.236000,4.250000,4.206000,4.210000,changed
2026-02-05 16:20:00+00:00,2026-10-06T15:59:00Z,4.216000,4.220000,4.206000,4.210000,4.214000,4.220000,4.206000,4.210000,changed
2026-02-05 17:20:00+00:00,2026-10-06T15:59:00Z,4.216000,4.218000,4.208000,4.212000,4.218000,4.220000,4.208000,4.212000,changed
2026-02-05 18:20:00+00:00,2026-10-06T15:59:00Z,4.212000,4.212000,4.204000,4.210000,4.216000,4.218000,4.204000,4.210000,changed
2026-02-05 19:20:00+00:00,2026-10-06T15:59:00Z,4.204000,4.210000,4.204000,4.210000,4.208000,4.210000,4.204000,4.210000,changed
2026-02-06 14:20:00+00:00,2026-10-06T15:59:00Z,4.198000,4.220000,4.194000,4.216000,4.204000,4.220000,4.194000,4.216000,changed
2026-02-06 15:20:00+00:00,2026-10-06T15:59:00Z,4.214000,4.222000,4.212000,4.218000,4.196000,4.224000,4.194000,4.218000,changed
2026-02-06 16:20:00+00:00,2026-10-06T15:59:00Z,4.216000,4.220000,4.216000,4.218000,4.220000,4.224000,4.212000,4.218000,changed
2026-02-06 17:20:00+00:00,2026-10-06T15:59:00Z,4.218000,4.220000,4.214000,4.216000,4.216000,4.220000,4.212000,4.216000,changed
2026-02-06 18:20:00+00:00,2026-10-06T15:59:00Z,4.214000,4.216000,4.208000,4.210000,4.218000,4.220000,4.208000,4.210000,changed
2026-02-06 19:20:00+00:00,2026-10-06T15:59:00Z,4.210000,4.212000,4.206000,4.206000,4.214000,4.214000,4.206000,4.206000,changed
2026-02-09 14:20:00+00:00,2026-10-06T15:59:00Z,4.220000,4.226000,4.210000,4.220000,4.218000,4.226000,4.210000,4.220000,changed
2026-02-09 15:20:00+00:00,2026-10-06T15:59:00Z,4.218000,4.222000,4.206000,4.208000,4.216000,4.226000,4.206000,4.208000,changed
2026-02-09 16:20:00+00:00,2026-10-06T15:59:00Z,4.212000,4.216000,4.206000,4.206000,4.214000,4.220000,4.206000,4.206000,changed
2026-02-09 17:20:00+00:00,2026-10-06T15:59:00Z,4.210000,4.212000,4.202000,4.206000,4.210000,4.216000,4.202000,4.206000,changed
2026-02-09 18:20:00+00:00,2026-10-06T15:59:00Z,4.206000,4.210000,4.200000,4.202000,4.204000,4.210000,4.200000,4.202000,changed
2026-02-09 19:20:00+00:00,2026-10-06T15:59:00Z,4.204000,4.204000,4.196000,4.198000,4.206000,4.206000,4.196000,4.198000,changed
2026-02-10 14:20:00+00:00,2026-10-06T15:59:00Z,4.164000,4.166000,4.139000,4.145000,4.159000,4.162000,4.139000,4.145000,changed
2026-02-10 15:20:00+00:00,2026-10-06T15:59:00Z,4.154000,4.154000,4.135000,4.139000,4.147000,4.149000,4.135000,4.139000,changed
2026-02-10 16:20:00+00:00,2026-10-06T15:59:00Z,4.145000,4.151000,4.135000,4.145000,4.141000,4.151000,4.135000,4.145000,changed
2026-02-10 17:20:00+00:00,2026-10-06T15:59:00Z,4.137000,4.153000,4.137000,4.149000,4.145000,4.153000,4.143000,4.149000,changed
2026-02-10 18:20:00+00:00,2026-10-06T15:59:00Z,4.143000,4.153000,4.143000,4.151000,4.149000,4.153000,4.149000,4.151000,changed
2026-02-10 19:20:00+00:00,2026-10-06T15:59:00Z,4.153000,4.153000,4.145000,4.147000,4.151000,4.153000,4.145000,4.147000,changed
2026-02-11 14:20:00+00:00,2026-10-06T15:59:00Z,4.176000,4.206000,4.168000,4.170000,4.202000,4.202000,4.168000,4.170000,changed
2026-02-11 15:20:00+00:00,2026-10-06T15:59:00Z,4.184000,4.188000,4.165000,4.170000,4.182000,4.184000,4.165000,4.170000,changed
2026-02-11 16:20:00+00:00,2026-10-06T15:59:00Z,4.165000,4.178000,4.149000,4.149000,4.174000,4.178000,4.149000,4.149000,changed
2026-02-11 17:20:00+00:00,2026-10-06T15:59:00Z,4.165000,4.174000,4.147000,4.172000,4.151000,4.174000,4.147000,4.172000,changed
2026-02-11 18:20:00+00:00,2026-10-06T15:59:00Z,4.155000,4.178000,4.151000,4.172000,4.155000,4.178000,4.153000,4.172000,changed
2026-02-11 19:20:00+00:00,2026-10-06T15:59:00Z,4.174000,4.178000,4.166000,4.172000,4.176000,4.178000,4.170000,4.172000,changed
2026-02-12 14:20:00+00:00,2026-10-06T15:59:00Z,4.162000,4.169000,4.146000,4.146000,4.158000,4.169000,4.146000,4.146000,changed
2026-02-12 15:20:00+00:00,2026-10-06T15:59:00Z,4.152000,4.152000,4.125000,4.127000,4.164000,4.165000,4.125000,4.127000,changed
2026-02-12 16:20:00+00:00,2026-10-06T15:59:00Z,4.140000,4.140000,4.119000,4.123000,4.146000,4.146000,4.119000,4.123000,changed
2026-02-12 17:20:00+00:00,2026-10-06T15:59:00Z,4.127000,4.131000,4.102000,4.102000,4.121000,4.131000,4.102000,4.102000,changed
2026-02-12 18:20:00+00:00,2026-10-06T15:59:00Z,4.127000,4.129000,4.100000,4.100000,4.129000,4.131000,4.100000,4.100000,changed
2026-02-12 19:20:00+00:00,2026-10-06T15:59:00Z,4.104000,4.110000,4.100000,4.104000,4.102000,4.110000,4.100000,4.104000,changed
2026-02-13 14:20:00+00:00,2026-10-06T15:59:00Z,4.087000,4.090000,4.050000,4.064000,4.100000,4.100000,4.050000,4.064000,changed
2026-02-13 15:20:00+00:00,2026-10-06T15:59:00Z,4.062000,4.069000,4.056000,4.062000,4.067000,4.071000,4.050000,4.062000,changed
2026-02-13 16:20:00+00:00,2026-10-06T15:59:00Z,4.064000,4.064000,4.046000,4.054000,4.067000,4.069000,4.046000,4.054000,changed
2026-02-13 17:20:00+00:00,2026-10-06T15:59:00Z,4.052000,4.066000,4.052000,4.064000,4.056000,4.066000,4.046000,4.064000,changed
2026-02-13 18:20:00+00:00,2026-10-06T15:59:00Z,4.064000,4.067000,4.060000,4.064000,4.056000,4.067000,4.056000,4.064000,changed
2026-02-13 19:20:00+00:00,2026-10-06T15:59:00Z,4.066000,4.066000,4.054000,4.056000,4.064000,4.067000,4.054000,4.056000,changed
2026-02-17 14:20:00+00:00,2026-10-06T15:59:00Z,4.029000,4.058000,4.025000,4.052000,4.041000,4.058000,4.041000,4.052000,changed
2026-02-17 15:20:00+00:00,2026-10-06T15:59:00Z,4.048000,4.058000,4.039000,4.056000,4.045000,4.056000,4.039000,4.056000,changed
2026-02-17 16:20:00+00:00,2026-10-06T15:59:00Z,4.048000,4.056000,4.039000,4.052000,4.045000,4.056000,4.045000,4.052000,changed
2026-02-17 17:20:00+00:00,2026-10-06T15:59:00Z,4.052000,4.060000,4.048000,4.056000,4.056000,4.060000,4.048000,4.056000,changed
2026-02-17 18:20:00+00:00,2026-10-06T15:59:00Z,4.052000,4.060000,4.048000,4.058000,4.056000,4.060000,4.054000,4.058000,changed
2026-02-17 19:20:00+00:00,2026-10-06T15:59:00Z,4.060000,4.060000,4.052000,4.052000,4.058000,4.060000,4.052000,4.052000,changed
2026-02-18 14:20:00+00:00,2026-10-06T15:59:00Z,4.067000,4.085000,4.064000,4.079000,4.075000,4.085000,4.075000,4.079000,changed
2026-02-18 15:20:00+00:00,2026-10-06T15:59:00Z,4.079000,4.085000,4.073000,4.077000,4.083000,4.085000,4.073000,4.077000,changed
2026-02-18 16:20:00+00:00,2026-10-06T15:59:00Z,4.083000,4.083000,4.071000,4.073000,4.077000,4.079000,4.071000,4.073000,changed
2026-02-18 18:20:00+00:00,2026-10-06T15:59:00Z,4.071000,4.088000,4.071000,4.079000,4.075000,4.088000,4.075000,4.079000,changed
2026-02-18 19:20:00+00:00,2026-10-06T15:59:00Z,4.081000,4.088000,4.079000,4.079000,4.085000,4.088000,4.079000,4.079000,changed
2026-02-19 14:20:00+00:00,2026-10-06T15:59:00Z,4.100000,4.102000,4.083000,4.088000,4.106000,4.106000,4.083000,4.088000,changed
2026-02-19 15:20:00+00:00,2026-10-06T15:59:00Z,4.088000,4.094000,4.083000,4.085000,4.092000,4.094000,4.083000,4.085000,changed
2026-02-19 16:20:00+00:00,2026-10-06T15:59:00Z,4.088000,4.088000,4.081000,4.083000,4.086000,4.094000,4.081000,4.083000,changed
2026-02-19 17:20:00+00:00,2026-10-06T15:59:00Z,4.085000,4.086000,4.075000,4.075000,4.085000,4.088000,4.075000,4.075000,changed
2026-02-19 18:20:00+00:00,2026-10-06T15:59:00Z,4.085000,4.085000,4.065000,4.069000,4.085000,4.086000,4.065000,4.069000,changed
2026-02-19 19:20:00+00:00,2026-10-06T15:59:00Z,4.069000,4.079000,4.065000,4.075000,4.073000,4.079000,4.065000,4.075000,changed
2026-02-20 14:20:00+00:00,2026-10-06T15:59:00Z,4.071000,4.104000,4.069000,4.096000,4.063000,4.104000,4.060000,4.096000,changed
2026-02-20 15:20:00+00:00,2026-10-06T15:59:00Z,4.077000,4.104000,4.075000,4.086000,4.071000,4.104000,4.071000,4.086000,changed
2026-02-20 16:20:00+00:00,2026-10-06T15:59:00Z,4.096000,4.098000,4.083000,4.088000,4.092000,4.098000,4.083000,4.088000,changed
2026-02-20 17:20:00+00:00,2026-10-06T15:59:00Z,4.096000,4.100000,4.086000,4.096000,4.085000,4.100000,4.085000,4.096000,changed
2026-02-20 18:20:00+00:00,2026-10-06T15:59:00Z,4.094000,4.100000,4.081000,4.085000,4.086000,4.100000,4.081000,4.085000,changed
2026-02-20 19:20:00+00:00,2026-10-06T15:59:00Z,4.088000,4.094000,4.085000,4.086000,4.092000,4.094000,4.081000,4.086000,changed
2026-02-23 14:20:00+00:00,2026-10-06T15:59:00Z,4.063000,4.067000,4.054000,4.056000,4.067000,4.069000,4.054000,4.056000,changed
2026-02-23 15:20:00+00:00,2026-10-06T15:59:00Z,4.060000,4.060000,4.029000,4.033000,4.065000,4.067000,4.029000,4.033000,changed
2026-02-23 16:20:00+00:00,2026-10-06T15:59:00Z,4.042000,4.044000,4.025000,4.027000,4.054000,4.056000,4.025000,4.027000,changed
2026-02-23 17:20:00+00:00,2026-10-06T15:59:00Z,4.029000,4.029000,4.018000,4.027000,4.033000,4.035000,4.018000,4.027000,changed
2026-02-23 18:20:00+00:00,2026-10-06T15:59:00Z,4.023000,4.027000,4.021000,4.025000,4.027000,4.029000,4.018000,4.025000,changed
2026-02-23 19:20:00+00:00,2026-10-06T15:59:00Z,4.023000,4.031000,4.023000,4.029000,4.027000,4.031000,4.021000,4.029000,changed
2026-02-25 14:20:00+00:00,2026-10-06T15:59:00Z,4.056000,4.058000,4.050000,4.050000,4.050000,4.058000,4.050000,4.050000,changed
2026-02-25 15:20:00+00:00,2026-10-06T15:59:00Z,4.056000,4.058000,4.044000,4.046000,4.056000,4.056000,4.044000,4.046000,changed
2026-02-25 16:20:00+00:00,2026-10-06T15:59:00Z,4.052000,4.052000,4.035000,4.037000,4.046000,4.048000,4.035000,4.037000,changed
2026-02-25 17:20:00+00:00,2026-10-06T15:59:00Z,4.044000,4.044000,4.035000,4.039000,4.042000,4.042000,4.035000,4.039000,changed
2026-02-25 18:20:00+00:00,2026-10-06T15:59:00Z,4.035000,4.048000,4.035000,4.048000,4.037000,4.048000,4.037000,4.048000,changed
2026-02-25 19:20:00+00:00,2026-10-06T15:59:00Z,4.040000,4.050000,4.040000,4.048000,4.046000,4.050000,4.044000,4.048000,changed
2026-02-27 14:20:00+00:00,2026-10-06T15:59:00Z,3.987000,3.987000,3.970000,3.981000,3.987000,3.994000,3.970000,3.981000,changed
2026-02-27 15:20:00+00:00,2026-10-06T15:59:00Z,3.975000,3.983000,3.974000,3.975000,3.977000,3.983000,3.970000,3.975000,changed
2026-02-27 16:20:00+00:00,2026-10-06T15:59:00Z,3.975000,3.977000,3.968000,3.975000,3.979000,3.983000,3.968000,3.975000,changed
2026-02-27 17:20:00+00:00,2026-10-06T15:59:00Z,3.970000,3.975000,3.966000,3.966000,3.974000,3.975000,3.966000,3.966000,changed
2026-02-27 18:20:00+00:00,2026-10-06T15:59:00Z,3.972000,3.972000,3.958000,3.958000,3.970000,3.975000,3.958000,3.958000,changed
2026-02-27 19:20:00+00:00,2026-10-06T15:59:00Z,3.964000,3.964000,3.956000,3.962000,3.968000,3.968000,3.956000,3.962000,changed
2026-02-02 18:20:00+00:00,2026-10-06T16:12:19Z,4.263000,4.277000,4.261000,4.277000,4.271000,4.275000,4.271000,4.275000,changed
2026-02-02 19:20:00+00:00,2026-10-06T16:12:19Z,4.273000,4.279000,4.269000,4.275000,4.275000,4.279000,4.269000,4.275000,changed
2026-02-03 14:20:00+00:00,2026-10-06T16:12:19Z,4.293000,4.300000,4.282000,4.284000,4.292000,4.300000,4.282000,4.284000,changed
2026-02-03 15:20:00+00:00,2026-10-06T16:12:19Z,4.284000,4.293000,4.279000,4.287000,4.292000,4.293000,4.279000,4.287000,changed
2026-02-03 16:20:00+00:00,2026-10-06T16:12:19Z,4.292000,4.293000,4.278000,4.285000,4.285000,4.293000,4.278000,4.285000,changed
2026-02-03 18:20:00+00:00,2026-10-06T16:12:19Z,4.290000,4.292000,4.266000,4.271000,4.290000,4.293000,4.266000,4.271000,changed
2026-02-03 19:20:00+00:00,2026-10-06T16:12:19Z,4.268000,4.278000,4.266000,4.274000,4.284000,4.284000,4.266000,4.274000,changed
2026-02-04 14:20:00+00:00,2026-10-06T16:12:19Z,4.282000,4.290000,4.269000,4.271000,4.271000,4.290000,4.269000,4.271000,changed
2026-02-04 15:20:00+00:00,2026-10-06T16:12:19Z,4.287000,4.287000,4.269000,4.271000,4.284000,4.290000,4.269000,4.271000,changed
2026-02-04 17:20:00+00:00,2026-10-06T16:12:19Z,4.275000,4.275000,4.261000,4.271000,4.278000,4.279000,4.261000,4.271000,changed
2026-02-04 18:20:00+00:00,2026-10-06T16:12:19Z,4.271000,4.279000,4.268000,4.279000,4.263000,4.279000,4.261000,4.279000,changed
2026-02-04 19:20:00+00:00,2026-10-06T16:12:19Z,4.269000,4.279000,4.269000,4.275000,4.275000,4.279000,4.268000,4.275000,changed
2026-02-05 14:20:00+00:00,2026-10-06T16:12:19Z,4.246000,4.250000,4.222000,4.222000,4.232000,4.250000,4.222000,4.222000,changed
2026-02-05 15:20:00+00:00,2026-10-06T16:12:19Z,4.236000,4.250000,4.206000,4.210000,4.234000,4.236000,4.206000,4.210000,changed
2026-02-05 16:20:00+00:00,2026-10-06T16:12:19Z,4.214000,4.220000,4.206000,4.210000,4.216000,4.220000,4.206000,4.210000,changed
2026-02-05 17:20:00+00:00,2026-10-06T16:12:19Z,4.218000,4.220000,4.208000,4.212000,4.216000,4.218000,4.208000,4.212000,changed
2026-02-05 18:20:00+00:00,2026-10-06T16:12:19Z,4.216000,4.218000,4.204000,4.210000,4.212000,4.212000,4.204000,4.210000,changed
2026-02-05 19:20:00+00:00,2026-10-06T16:12:19Z,4.208000,4.210000,4.204000,4.210000,4.204000,4.210000,4.204000,4.210000,changed
2026-02-06 14:20:00+00:00,2026-10-06T16:12:19Z,4.204000,4.220000,4.194000,4.216000,4.198000,4.220000,4.194000,4.216000,changed
2026-02-06 15:20:00+00:00,2026-10-06T16:12:19Z,4.196000,4.224000,4.194000,4.218000,4.214000,4.222000,4.212000,4.218000,changed
2026-02-06 16:20:00+00:00,2026-10-06T16:12:19Z,4.220000,4.224000,4.212000,4.218000,4.216000,4.220000,4.216000,4.218000,changed
2026-02-06 17:20:00+00:00,2026-10-06T16:12:19Z,4.216000,4.220000,4.212000,4.216000,4.218000,4.220000,4.214000,4.216000,changed
2026-02-06 18:20:00+00:00,2026-10-06T16:12:19Z,4.218000,4.220000,4.208000,4.210000,4.214000,4.216000,4.208000,4.210000,changed
2026-02-06 19:20:00+00:00,2026-10-06T16:12:19Z,4.214000,4.214000,4.206000,4.206000,4.210000,4.212000,4.206000,4.206000,changed
2026-02-09 14:20:00+00:00,2026-10-06T16:12:19Z,4.218000,4.226000,4.210000,4.220000,4.220000,4.226000,4.210000,4.220000,changed
2026-02-09 15:20:00+00:00,2026-10-06T16:12:19Z,4.216000,4.226000,4.206000,4.208000,4.218000,4.222000,4.206000,4.208000,changed
2026-02-09 16:20:00+00:00,2026-10-06T16:12:19Z,4.214000,4.220000,4.206000,4.206000,4.212000,4.216000,4.206000,4.206000,changed
2026-02-09 17:20:00+00:00,2026-10-06T16:12:19Z,4.210000,4.216000,4.202000,4.206000,4.210000,4.212000,4.202000,4.206000,changed
2026-02-09 18:20:00+00:00,2026-10-06T16:12:19Z,4.204000,4.210000,4.200000,4.202000,4.206000,4.210000,4.200000,4.202000,changed
2026-02-09 19:20:00+00:00,2026-10-06T16:12:19Z,4.206000,4.206000,4.196000,4.198000,4.204000,4.204000,4.196000,4.198000,changed
2026-02-10 14:20:00+00:00,2026-10-06T16:12:19Z,4.159000,4.162000,4.139000,4.145000,4.164000,4.166000,4.139000,4.145000,changed
2026-02-10 15:20:00+00:00,2026-10-06T16:12:19Z,4.147000,4.149000,4.135000,4.139000,4.154000,4.154000,4.135000,4.139000,changed
2026-02-10 16:20:00+00:00,2026-10-06T16:12:19Z,4.141000,4.151000,4.135000,4.145000,4.145000,4.151000,4.135000,4.145000,changed
2026-02-10 17:20:00+00:00,2026-10-06T16:12:19Z,4.145000,4.153000,4.143000,4.149000,4.137000,4.153000,4.137000,4.149000,changed
2026-02-10 18:20:00+00:00,2026-10-06T16:12:19Z,4.149000,4.153000,4.149000,4.151000,4.143000,4.153000,4.143000,4.151000,changed
2026-02-10 19:20:00+00:00,2026-10-06T16:12:19Z,4.151000,4.153000,4.145000,4.147000,4.153000,4.153000,4.145000,4.147000,changed
2026-02-11 14:20:00+00:00,2026-10-06T16:12:19Z,4.202000,4.202000,4.168000,4.170000,4.176000,4.206000,4.168000,4.170000,changed
2026-02-11 15:20:00+00:00,2026-10-06T16:12:19Z,4.182000,4.184000,4.165000,4.170000,4.184000,4.188000,4.165000,4.170000,changed
2026-02-11 16:20:00+00:00,2026-10-06T16:12:19Z,4.174000,4.178000,4.149000,4.149000,4.165000,4.178000,4.149000,4.149000,changed
2026-02-11 17:20:00+00:00,2026-10-06T16:12:19Z,4.151000,4.174000,4.147000,4.172000,4.165000,4.174000,4.147000,4.172000,changed
2026-02-11 18:20:00+00:00,2026-10-06T16:12:19Z,4.155000,4.178000,4.153000,4.172000,4.155000,4.178000,4.151000,4.172000,changed
2026-02-11 19:20:00+00:00,2026-10-06T16:12:19Z,4.176000,4.178000,4.170000,4.172000,4.174000,4.178000,4.166000,4.172000,changed
2026-02-12 14:20:00+00:00,2026-10-06T16:12:19Z,4.158000,4.169000,4.146000,4.146000,4.162000,4.169000,4.146000,4.146000,changed
2026-02-12 15:20:00+00:00,2026-10-06T16:12:19Z,4.164000,4.165000,4.125000,4.127000,4.152000,4.152000,4.125000,4.127000,changed
2026-02-12 16:20:00+00:00,2026-10-06T16:12:19Z,4.146000,4.146000,4.119000,4.123000,4.140000,4.140000,4.119000,4.123000,changed
2026-02-12 17:20:00+00:00,2026-10-06T16:12:19Z,4.121000,4.131000,4.102000,4.102000,4.127000,4.131000,4.102000,4.102000,changed
2026-02-12 18:20:00+00:00,2026-10-06T16:12:19Z,4.129000,4.131000,4.100000,4.100000,4.127000,4.129000,4.100000,4.100000,changed
2026-02-12 19:20:00+00:00,2026-10-06T16:12:19Z,4.102000,4.110000,4.100000,4.104000,4.104000,4.110000,4.100000,4.104000,changed
2026-02-13 14:20:00+00:00,2026-10-06T16:12:19Z,4.100000,4.100000,4.050000,4.064000,4.087000,4.090000,4.050000,4.064000,changed
2026-02-13 15:20:00+00:00,2026-10-06T16:12:19Z,4.067000,4.071000,4.050000,4.062000,4.062000,4.069000,4.056000,4.062000,changed
2026-02-13 16:20:00+00:00,2026-10-06T16:12:19Z,4.067000,4.069000,4.046000,4.054000,4.064000,4.064000,4.046000,4.054000,changed
2026-02-13 17:20:00+00:00,2026-10-06T16:12:19Z,4.056000,4.066000,4.046000,4.064000,4.052000,4.066000,4.052000,4.064000,changed
2026-02-13 18:20:00+00:00,2026-10-06T16:12:19Z,4.056000,4.067000,4.056000,4.064000,4.064000,4.067000,4.060000,4.064000,changed
2026-02-13 19:20:00+00:00,2026-10-06T16:12:19Z,4.064000,4.067000,4.054000,4.056000,4.066000,4.066000,4.054000,4.056000,changed
2026-02-17 14:20:00+00:00,2026-10-06T16:12:19Z,4.041000,4.058000,4.041000,4.052000,4.029000,4.058000,4.025000,4.052000,changed
2026-02-17 15:20:00+00:00,2026-10-06T16:12:19Z,4.045000,4.056000,4.039000,4.056000,4.048000,4.058000,4.039000,4.056000,changed
2026-02-17 16:20:00+00:00,2026-10-06T16:12:19Z,4.045000,4.056000,4.045000,4.052000,4.048000,4.056000,4.039000,4.052000,changed
2026-02-17 17:20:00+00:00,2026-10-06T16:12:19Z,4.056000,4.060000,4.048000,4.056000,4.052000,4.060000,4.048000,4.056000,changed
2026-02-17 18:20:00+00:00,2026-10-06T16:12:19Z,4.056000,4.060000,4.054000,4.058000,4.052000,4.060000,4.048000,4.058000,changed
2026-02-17 19:20:00+00:00,2026-10-06T16:12:19Z,4.058000,4.060000,4.052000,4.052000,4.060000,4.060000,4.052000,4.052000,changed
2026-02-18 14:20:00+00:00,2026-10-06T16:12:19Z,4.075000,4.085000,4.075000,4.079000,4.067000,4.085000,4.064000,4.079000,changed
2026-02-18 15:20:00+00:00,2026-10-06T16:12:19Z,4.083000,4.085000,4.073000,4.077000,4.079000,4.085000,4.073000,4.077000,changed
2026-02-18 16:20:00+00:00,2026-10-06T16:12:19Z,4.077000,4.079000,4.071000,4.073000,4.083000,4.083000,4.071000,4.073000,changed
2026-02-18 18:20:00+00:00,2026-10-06T16:12:19Z,4.075000,4.088000,4.075000,4.079000,4.071000,4.088000,4.071000,4.079000,changed
2026-02-18 19:20:00+00:00,2026-10-06T16:12:19Z,4.085000,4.088000,4.079000,4.079000,4.081000,4.088000,4.079000,4.079000,changed
2026-02-19 14:20:00+00:00,2026-10-06T16:12:19Z,4.106000,4.106000,4.083000,4.088000,4.100000,4.102000,4.083000,4.088000,changed
2026-02-19 15:20:00+00:00,2026-10-06T16:12:19Z,4.092000,4.094000,4.083000,4.085000,4.088000,4.094000,4.083000,4.085000,changed
2026-02-19 16:20:00+00:00,2026-10-06T16:12:19Z,4.086000,4.094000,4.081000,4.083000,4.088000,4.088000,4.081000,4.083000,changed
2026-02-19 17:20:00+00:00,2026-10-06T16:12:19Z,4.085000,4.088000,4.075000,4.075000,4.085000,4.086000,4.075000,4.075000,changed
2026-02-19 18:20:00+00:00,2026-10-06T16:12:19Z,4.085000,4.086000,4.065000,4.069000,4.085000,4.085000,4.065000,4.069000,changed
2026-02-19 19:20:00+00:00,2026-10-06T16:12:19Z,4.073000,4.079000,4.065000,4.075000,4.069000,4.079000,4.065000,4.075000,changed
2026-02-20 14:20:00+00:00,2026-10-06T16:12:19Z,4.063000,4.104000,4.060000,4.096000,4.071000,4.104000,4.069000,4.096000,changed
2026-02-20 15:20:00+00:00,2026-10-06T16:12:19Z,4.071000,4.104000,4.071000,4.086000,4.077000,4.104000,4.075000,4.086000,changed
2026-02-20 16:20:00+00:00,2026-10-06T16:12:19Z,4.092000,4.098000,4.083000,4.088000,4.096000,4.098000,4.083000,4.088000,changed
2026-02-20 17:20:00+00:00,2026-10-06T16:12:19Z,4.085000,4.100000,4.085000,4.096000,4.096000,4.100000,4.086000,4.096000,changed
2026-02-20 18:20:00+00:00,2026-10-06T16:12:19Z,4.086000,4.100000,4.081000,4.085000,4.094000,4.100000,4.081000,4.085000,changed
2026-02-20 19:20:00+00:00,2026-10-06T16:12:19Z,4.092000,4.094000,4.081000,4.086000,4.088000,4.094000,4.085000,4.086000,changed
2026-02-23 14:20:00+00:00,2026-10-06T16:12:19Z,4.067000,4.069000,4.054000,4.056000,4.063000,4.067000,4.054000,4.056000,changed
2026-02-23 15:20:00+00:00,2026-10-06T16:12:19Z,4.065000,4.067000,4.029000,4.033000,4.060000,4.060000,4.029000,4.033000,changed
2026-02-23 16:20:00+00:00,2026-10-06T16:12:19Z,4.054000,4.056000,4.025000,4.027000,4.042000,4.044000,4.025000,4.027000,changed
2026-02-23 17:20:00+00:00,2026-10-06T16:12:19Z,4.033000,4.035000,4.018000,4.027000,4.029000,4.029000,4.018000,4.027000,changed
2026-02-23 18:20:00+00:00,2026-10-06T16:12:19Z,4.027000,4.029000,4.018000,4.025000,4.023000,4.027000,4.021000,4.025000,changed
2026-02-23 19:20:00+00:00,2026-10-06T16:12:19Z,4.027000,4.031000,4.021000,4.029000,4.023000,4.031000,4.023000,4.029000,changed
2026-02-25 14:20:00+00:00,2026-10-06T16:12:19Z,4.050000,4.058000,4.050000,4.050000,4.056000,4.058000,4.050000,4.050000,changed
2026-02-25 15:20:00+00:00,2026-10-06T16:12:19Z,4.056000,4.056000,4.044000,4.046000,4.056000,4.058000,4.044000,4.046000,changed
2026-02-25 16:20:00+00:00,2026-10-06T16:12:19Z,4.046000,4.048000,4.035000,4.037000,4.052000,4.052000,4.035000,4.037000,changed
2026-02-25 17:20:00+00:00,2026-10-06T16:12:19Z,4.042000,4.042000,4.035000,4.039000,4.044000,4.044000,4.035000,4.039000,changed
2026-02-25 18:20:00+00:00,2026-10-06T16:12:19Z,4.037000,4.048000,4.037000,4.048000,4.035000,4.048000,4.035000,4.048000,changed
2026-02-25 19:20:00+00:00,2026-10-06T16:12:19Z,4.046000,4.050000,4.044000,4.048000,4.040000,4.050000,4.040000,4.048000,changed
2026-02-27 14:20:00+00:00,2026-10-06T16:12:19Z,3.987000,3.994000,3.970000,3.981000,3.987000,3.987000,3.970000,3.981000,changed
2026-02-27 15:20:00+00:00,2026-10-06T16:12:19Z,3.977000,3.983000,3.970000,3.975000,3.975000,3.983000,3.974000,3.975000,changed
2026-02-27 16:20:00+00:00,2026-10-06T16:12:19Z,3.979000,3.983000,3.968000,3.975000,3.975000,3.977000,3.968000,3.975000,changed
2026-02-27 17:20:00+00:00,2026-10-06T16:12:19Z,3.974000,3.975000,3.966000,3.966000,3.970000,3.975000,3.966000,3.966000,changed
2026-02-27 18:20:00+00:00,2026-10-06T16:12:19Z,3.970000,3.975000,3.958000,3.958000,3.972000,3.972000,3.958000,3.958000,changed
2026-02-27 19:20:00+00:00,2026-10-06T16:12:19Z,3.968000,3.968000,3.956000,3.962000,3.964000,3.964000,3.956000,3.962000,changed
2026-02-02 18:20:00+00:00,2026-10-06T18:32:52Z,4.271000,4.275000,4.271000,4.275000,4.263000,4.277000,4.261000,4.277000,changed
2026-02-02 19:20:00+00:00,2026-10-06T18:32:52Z,4.275000,4.279000,4.269000,4.275000,4.273000,4.279000,4.269000,4.275000,changed
2026-02-03 14:20:00+00:00,2026-10-06T18:32:52Z,4.292000,4.300000,4.282000,4.284000,4.293000,4.300000,4.282000,4.284000,changed
2026-02-03 15:20:00+00:00,2026-10-06T18:32:52Z,4.292000,4.293000,4.279000,4.287000,4.284000,4.293000,4.279000,4.287000,changed
2026-02-03 16:20:00+00:00,2026-10-06T18:32:52Z,4.285000,4.293000,4.278000,4.285000,4.292000,4.293000,4.278000,4.285000,changed
2026-02-03 18:20:00+00:00,2026-10-06T18:32:52Z,4.290000,4.293000,4.266000,4.271000,4.290000,4.292000,4.266000,4.271000,changed
2026-02-03 19:20:00+00:00,2026-10-06T18:32:52Z,4.284000,4.284000,4.266000,4.274000,4.268000,4.278000,4.266000,4.274000,changed
2026-02-04 14:20:00+00:00,2026-10-06T18:32:52Z,4.271000,4.290000,4.269000,4.271000,4.282000,4.290000,4.269000,4.271000,changed
2026-02-04 15:20:00+00:00,2026-10-06T18:32:52Z,4.284000,4.290000,4.269000,4.271000,4.287000,4.287000,4.269000,4.271000,changed
2026-02-04 17:20:00+00:00,2026-10-06T18:32:52Z,4.278000,4.279000,4.261000,4.271000,4.275000,4.275000,4.261000,4.271000,changed
2026-02-04 18:20:00+00:00,2026-10-06T18:32:52Z,4.263000,4.279000,4.261000,4.279000,4.271000,4.279000,4.268000,4.279000,changed
2026-02-04 19:20:00+00:00,2026-10-06T18:32:52Z,4.275000,4.279000,4.268000,4.275000,4.269000,4.279000,4.269000,4.275000,changed
2026-02-05 14:20:00+00:00,2026-10-06T18:32:52Z,4.232000,4.250000,4.222000,4.222000,4.246000,4.250000,4.222000,4.222000,changed
2026-02-05 15:20:00+00:00,2026-10-06T18:32:52Z,4.234000,4.236000,4.206000,4.210000,4.236000,4.250000,4.206000,4.210000,changed
2026-02-05 16:20:00+00:00,2026-10-06T18:32:52Z,4.216000,4.220000,4.206000,4.210000,4.214000,4.220000,4.206000,4.210000,changed
2026-02-05 17:20:00+00:00,2026-10-06T18:32:52Z,4.216000,4.218000,4.208000,4.212000,4.218000,4.220000,4.208000,4.212000,changed
2026-02-05 18:20:00+00:00,2026-10-06T18:32:52Z,4.212000,4.212000,4.204000,4.210000,4.216000,4.218000,4.204000,4.210000,changed
2026-02-05 19:20:00+00:00,2026-10-06T18:32:52Z,4.204000,4.210000,4.204000,4.210000,4.208000,4.210000,4.204000,4.210000,changed
2026-02-06 14:20:00+00:00,2026-10-06T18:32:52Z,4.198000,4.220000,4.194000,4.216000,4.204000,4.220000,4.194000,4.216000,changed
2026-02-06 15:20:00+00:00,2026-10-06T18:32:52Z,4.214000,4.222000,4.212000,4.218000,4.196000,4.224000,4.194000,4.218000,changed
2026-02-06 16:20:00+00:00,2026-10-06T18:32:52Z,4.216000,4.220000,4.216000,4.218000,4.220000,4.224000,4.212000,4.218000,changed
2026-02-06 17:20:00+00:00,2026-10-06T18:32:52Z,4.218000,4.220000,4.214000,4.216000,4.216000,4.220000,4.212000,4.216000,changed
2026-02-06 18:20:00+00:00,2026-10-06T18:32:52Z,4.214000,4.216000,4.208000,4.210000,4.218000,4.220000,4.208000,4.210000,changed
2026-02-06 19:20:00+00:00,2026-10-06T18:32:52Z,4.210000,4.212000,4.206000,4.206000,4.214000,4.214000,4.206000,4.206000,changed
2026-02-09 14:20:00+00:00,2026-10-06T18:32:52Z,4.220000,4.226000,4.210000,4.220000,4.218000,4.226000,4.210000,4.220000,changed
2026-02-09 15:20:00+00:00,2026-10-06T18:32:52Z,4.218000,4.222000,4.206000,4.208000,4.216000,4.226000,4.206000,4.208000,changed
2026-02-09 16:20:00+00:00,2026-10-06T18:32:52Z,4.212000,4.216000,4.206000,4.206000,4.214000,4.220000,4.206000,4.206000,changed
2026-02-09 17:20:00+00:00,2026-10-06T18:32:52Z,4.210000,4.212000,4.202000,4.206000,4.210000,4.216000,4.202000,4.206000,changed
2026-02-09 18:20:00+00:00,2026-10-06T18:32:52Z,4.206000,4.210000,4.200000,4.202000,4.204000,4.210000,4.200000,4.202000,changed
2026-02-09 19:20:00+00:00,2026-10-06T18:32:52Z,4.204000,4.204000,4.196000,4.198000,4.206000,4.206000,4.196000,4.198000,changed
2026-02-10 14:20:00+00:00,2026-10-06T18:32:52Z,4.164000,4.166000,4.139000,4.145000,4.159000,4.162000,4.139000,4.145000,changed
2026-02-10 15:20:00+00:00,2026-10-06T18:32:52Z,4.154000,4.154000,4.135000,4.139000,4.147000,4.149000,4.135000,4.139000,changed
2026-02-10 16:20:00+00:00,2026-10-06T18:32:52Z,4.145000,4.151000,4.135000,4.145000,4.141000,4.151000,4.135000,4.145000,changed
2026-02-10 17:20:00+00:00,2026-10-06T18:32:52Z,4.137000,4.153000,4.137000,4.149000,4.145000,4.153000,4.143000,4.149000,changed
2026-02-10 18:20:00+00:00,2026-10-06T18:32:52Z,4.143000,4.153000,4.143000,4.151000,4.149000,4.153000,4.149000,4.151000,changed
2026-02-10 19:20:00+00:00,2026-10-06T18:32:52Z,4.153000,4.153000,4.145000,4.147000,4.151000,4.153000,4.145000,4.147000,changed
2026-02-11 14:20:00+00:00,2026-10-06T18:32:52Z,4.176000,4.206000,4.168000,4.170000,4.202000,4.202000,4.168000,4.170000,changed
2026-02-11 15:20:00+00:00,2026-10-06T18:32:52Z,4.184000,4.188000,4.165000,4.170000,4.182000,4.184000,4.165000,4.170000,changed
2026-02-11 16:20:00+00:00,2026-10-06T18:32:52Z,4.165000,4.178000,4.149000,4.149000,4.174000,4.178000,4.149000,4.149000,changed
2026-02-11 17:20:00+00:00,2026-10-06T18:32:52Z,4.165000,4.174000,4.147000,4.172000,4.151000,4.174000,4.147000,4.172000,changed
2026-02-11 18:20:00+00:00,2026-10-06T18:32:52Z,4.155000,4.178000,4.151000,4.172000,4.155000,4.178000,4.153000,4.172000,changed
2026-02-11 19:20:00+00:00,2026-10-06T18:32:52Z,4.174000,4.178000,4.166000,4.172000,4.176000,4.178000,4.170000,4.172000,changed
2026-02-12 14:20:00+00:00,2026-10-06T18:32:52Z,4.162000,4.169000,4.146000,4.146000,4.158000,4.169000,4.146000,4.146000,changed
2026-02-12 15:20:00+00:00,2026-10-06T18:32:52Z,4.152000,4.152000,4.125000,4.127000,4.164000,4.165000,4.125000,4.127000,changed
2026-02-12 16:20:00+00:00,2026-10-06T18:32:52Z,4.140000,4.140000,4.119000,4.123000,4.146000,4.146000,4.119000,4.123000,changed
2026-02-12 17:20:00+00:00,2026-10-06T18:32:52Z,4.127000,4.131000,4.102000,4.102000,4.121000,4.131000,4.102000,4.102000,changed
2026-02-12 18:20:00+00:00,2026-10-06T18:32:52Z,4.127000,4.129000,4.100000,4.100000,4.129000,4.131000,4.100000,4.100000,changed
2026-02-12 19:20:00+00:00,2026-10-06T18:32:52Z,4.104000,4.110000,4.100000,4.104000,4.102000,4.110000,4.100000,4.104000,changed
2026-02-13 14:20:00+00:00,2026-10-06T18:32:52Z,4.087000,4.090000,4.050000,4.064000,4.100000,4.100000,4.050000,4.064000,changed
2026-02-13 15:20:00+00:00,2026-10-06T18:32:52Z,4.062000,4.069000,4.056000,4.062000,4.067000,4.071000,4.050000,4.062000,changed
2026-02-13 16:20:00+00:00,2026-10-06T18:32:52Z,4.064000,4.064000,4.046000,4.054000,4.067000,4.069000,4.046000,4.054000,changed
2026-02-13 17:20:00+00:00,2026-10-06T18:32:52Z,4.052000,4.066000,4.052000,4.064000,4.056000,4.066000,4.046000,4.064000,changed
2026-02-13 18:20:00+00:00,2026-10-06T18:32:52Z,4.064000,4.067000,4.060000,4.064000,4.056000,4.067000,4.056000,4.064000,changed
2026-02-13 19:20:00+00:00,2026-10-06T18:32:52Z,4.066000,4.066000,4.054000,4.056000,4.064000,4.067000,4.054000,4.056000,changed
2026-02-17 14:20:00+00:00,2026-10-06T18:32:52Z,4.029000,4.058000,4.025000,4.052000,4.041000,4.058000,4.041000,4.052000,changed
2026-02-17 15:20:00+00:00,2026-10-06T18:32:52Z,4.048000,4.058000,4.039000,4.056000,4.045000,4.056000,4.039000,4.056000,changed
2026-02-17 16:20:00+00:00,2026-10-06T18:32:52Z,4.048000,4.056000,4.039000,4.052000,4.045000,4.056000,4.045000,4.052000,changed
2026-02-17 17:20:00+00:00,2026-10-06T18:32:52Z,4.052000,4.060000,4.048000,4.056000,4.056000,4.060000,4.048000,4.056000,changed
2026-02-17 18:20:00+00:00,2026-10-06T18:32:52Z,4.052000,4.060000,4.048000,4.058000,4.056000,4.060000,4.054000,4.058000,changed
2026-02-17 19:20:00+00:00,2026-10-06T18:32:52Z,4.060000,4.060000,4.052000,4.052000,4.058000,4.060000,4.052000,4.052000,changed
2026-02-18 14:20:00+00:00,2026-10-06T18:32:52Z,4.067000,4.085000,4.064000,4.079000,4.075000,4.085000,4.075000,4.079000,changed
2026-02-18 15:20:00+00:00,2026-10-06T18:32:52Z,4.079000,4.085000,4.073000,4.077000,4.083000,4.085000,4.073000,4.077000,changed
2026-02-18 16:20:00+00:00,2026-10-06T18:32:52Z,4.083000,4.083000,4.071000,4.073000,4.077000,4.079000,4.071000,4.073000,changed
2026-02-18 18:20:00+00:00,2026-10-06T18:32:52Z,4.071000,4.088000,4.071000,4.079000,4.075000,4.088000,4.075000,4.079000,changed
2026-02-18 19:20:00+00:00,2026-10-06T18:32:52Z,4.081000,4.088000,4.079000,4.079000,4.085000,4.088000,4.079000,4.079000,changed
2026-02-19 14:20:00+00:00,2026-10-06T18:32:52Z,4.100000,4.102000,4.083000,4.088000,4.106000,4.106000,4.083000,4.088000,changed
2026-02-19 15:20:00+00:00,2026-10-06T18:32:52Z,4.088000,4.094000,4.083000,4.085000,4.092000,4.094000,4.083000,4.085000,changed
2026-02-19 16:20:00+00:00,2026-10-06T18:32:52Z,4.088000,4.088000,4.081000,4.083000,4.086000,4.094000,4.081000,4.083000,changed
2026-02-19 17:20:00+00:00,2026-10-06T18:32:52Z,4.085000,4.086000,4.075000,4.075000,4.085000,4.088000,4.075000,4.075000,changed
2026-02-19 18:20:00+00:00,2026-10-06T18:32:52Z,4.085000,4.085000,4.065000,4.069000,4.085000,4.086000,4.065000,4.069000,changed
2026-02-19 19:20:00+00:00,2026-10-06T18:32:52Z,4.069000,4.079000,4.065000,4.075000,4.073000,4.079000,4.065000,4.075000,changed
2026-02-20 14:20:00+00:00,2026-10-06T18:32:52Z,4.071000,4.104000,4.069000,4.096000,4.063000,4.104000,4.060000,4.096000,changed
2026-02-20 15:20:00+00:00,2026-10-06T18:32:52Z,4.077000,4.104000,4.075000,4.086000,4.071000,4.104000,4.071000,4.086000,changed
2026-02-20 16:20:00+00:00,2026-10-06T18:32:52Z,4.096000,4.098000,4.083000,4.088000,4.092000,4.098000,4.083000,4.088000,changed
2026-02-20 17:20:00+00:00,2026-10-06T18:32:52Z,4.096000,4.100000,4.086000,4.096000,4.085000,4.100000,4.085000,4.096000,changed
2026-02-20 18:20:00+00:00,2026-10-06T18:32:52Z,4.094000,4.100000,4.081000,4.085000,4.086000,4.100000,4.081000,4.085000,changed
2026-02-20 19:20:00+00:00,2026-10-06T18:32:52Z,4.088000,4.094000,4.085000,4.086000,4.092000,4.094000,4.081000,4.086000,changed
2026-02-23 14:20:00+00:00,2026-10-06T18:32:52Z,4.063000,4.067000,4.054000,4.056000,4.067000,4.069000,4.054000,4.056000,changed
2026-02-23 15:20:00+00:00,2026-10-06T18:32:52Z,4.060000,4.060000,4.029000,4.033000,4.065000,4.067000,4.029000,4.033000,changed
2026-02-23 16:20:00+00:00,2026-10-06T18:32:52Z,4.042000,4.044000,4.025000,4.027000,4.054000,4.056000,4.025000,4.027000,changed
2026-02-23 17:20:00+00:00,2026-10-06T18:32:52Z,4.029000,4.029000,4.018000,4.027000,4.033000,4.035000,4.018000,4.027000,changed
2026-02-23 18:20:00+00:00,2026-10-06T18:32:52Z,4.023000,4.027000,4.021000,4.025000,4.027000,4.029000,4.018000,4.025000,changed
2026-02-23 19:20:00+00:00,2026-10-06T18:32:52Z,4.023000,4.031000,4.023000,4.029000,4.027000,4.031000,4.021000,4.029000,changed
2026-02-25 14:20:00+00:00,2026-10-06T18:32:52Z,4.056000,4.058000,4.050000,4.050000,4.050000,4.058000,4.050000,4.050000,changed
2026-02-25 15:20:00+00:00,2026-10-06T18:32:52Z,4.056000,4.058000,4.044000,4.046000,4.056000,4.056000,4.044000,4.046000,changed
2026-02-25 16:20:00+00:00,2026-10-06T18:32:52Z,4.052000,4.052000,4.035000,4.037000,4.046000,4.048000,4.035000,4.037000,changed
2026-02-25 17:20:00+00:00,2026-10-06T18:32:52Z,4.044000,4.044000,4.035000,4.039000,4.042000,4.042000,4.035000,4.039000,changed
2026-02-25 18:20:00+00:00,2026-10-06T18:32:52Z,4.035000,4.048000,4.035000,4.048000,4.037000,4.048000,4.037000,4.048000,changed
2026-02-25 19:20:00+00:00,2026-10-06T18:32:52Z,4.040000,4.050000,4.040000,4.048000,4.046000,4.050000,4.044000,4.048000,changed
2026-02-27 14:20:00+00:00,2026-10-06T18:32:52Z,3.987000,3.987000,3.970000,3.981000,3.987000,3.994000,3.970000,3.981000,changed
2026-02-27 15:20:00+00:00,2026-10-06T18:32:52Z,3.975000,3.983000,3.974000,3.975000,3.977000,3.983000,3.970000,3.975000,changed
2026-02-27 16:20:00+00:00,2026-10-06T18:32:52Z,3.975000,3.977000,3.968000,3.975000,3.979000,3.983000,3.968000,3.975000,changed
2026-02-27 17:20:00+00:00,2026-10-06T18:32:52Z,3.970000,3.975000,3.966000,3.966000,3.974000,3.975000,3.966000,3.966000,changed
2026-02-27 18:20:00+00:00,2026-10-06T18:32:52Z,3.972000,3.972000,3.958000,3.958000,3.970000,3.975000,3.958000,3.958000,changed
2026-02-27 19:20:00+00:00,2026-10-06T18:32:52Z,3.964000,3.964000,3.956000,3.962000,3.968000,3.968000,3.956000,3.962000,changed
2026-02-02 18:20:00+00:00,2026-10-06T18:51:36Z,4.263000,4.277000,4.261000,4.277000,4.271000,4.275000,4.271000,4.275000,changed
2026-02-02 19:20:00+00:00,2026-10-06T18:51:36Z,4.273000,4.279000,4.269000,4.275000,4.275000,4.279000,4.269000,4.275000,changed
2026-02-03 14:20:00+00:00,2026-10-06T18:51:36Z,4.293000,4.300000,4.282000,4.284000,4.292000,4.300000,4.282000,4.284000,changed
2026-02-03 15:20:00+00:00,2026-10-06T18:51:36Z,4.284000,4.293000,4.279000,4.287000,4.292000,4.293000,4.279000,4.287000,changed
2026-02-03 16:20:00+00:00,2026-10-06T18:51:36Z,4.292000,4.293000,4.278000,4.285000,4.285000,4.293000,4.278000,4.285000,changed
2026-02-03 18:20:00+00:00,2026-10-06T18:51:36Z,4.290000,4.292000,4.266000,4.271000,4.290000,4.293000,4.266000,4.271000,changed
2026-02-03 19:20:00+00:00,2026-10-06T18:51:36Z,4.268000,4.278000,4.266000,4.274000,4.284000,4.284000,4.266000,4.274000,changed
2026-02-04 14:20:00+00:00,2026-10-06T18:51:36Z,4.282000,4.290000,4.269000,4.271000,4.271000,4.290000,4.269000,4.271000,changed
2026-02-04 15:20:00+00:00,2026-10-06T18:51:36Z,4.287000,4.287000,4.269000,4.271000,4.284000,4.290000,4.269000,4.271000,changed
2026-02-04 17:20:00+00:00,2026-10-06T18:51:36Z,4.275000,4.275000,4.261000,4.271000,4.278000,4.279000,4.261000,4.271000,changed
2026-02-04 18:20:00+00:00,2026-10-06T18:51:36Z,4.271000,4.279000,4.268000,4.279000,4.263000,4.279000,4.261000,4.279000,changed
2026-02-04 19:20:00+00:00,2026-10-06T18:51:36Z,4.269000,4.279000,4.269000,4.275000,4.275000,4.279000,4.268000,4.275000,changed
2026-02-05 14:20:00+00:00,2026-10-06T18:51:36Z,4.246000,4.250000,4.222000,4.222000,4.232000,4.250000,4.222000,4.222000,changed
2026-02-05 15:20:00+00:00,2026-10-06T18:51:36Z,4.236000,4.250000,4.206000,4.210000,4.234000,4.236000,4.206000,4.210000,changed
2026-02-05 16:20:00+00:00,2026-10-06T18:51:36Z,4.214000,4.220000,4.206000,4.210000,4.216000,4.220000,4.206000,4.210000,changed
2026-02-05 17:20:00+00:00,2026-10-06T18:51:36Z,4.218000,4.220000,4.208000,4.212000,4.216000,4.218000,4.208000,4.212000,changed
2026-02-05 18:20:00+00:00,2026-10-06T18:51:36Z,4.216000,4.218000,4.204000,4.210000,4.212000,4.212000,4.204000,4.210000,changed
2026-02-05 19:20:00+00:00,2026-10-06T18:51:36Z,4.208000,4.210000,4.204000,4.210000,4.204000,4.210000,4.204000,4.210000,changed
2026-02-06 14:20:00+00:00,2026-10-06T18:51:36Z,4.204000,4.220000,4.194000,4.216000,4.198000,4.220000,4.194000,4.216000,changed
2026-02-06 15:20:00+00:00,2026-10-06T18:51:36Z,4.196000,4.224000,4.194000,4.218000,4.214000,4.222000,4.212000,4.218000,changed
2026-02-06 16:20:00+00:00,2026-10-06T18:51:36Z,4.220000,4.224000,4.212000,4.218000,4.216000,4.220000,4.216000,4.218000,changed
2026-02-06 17:20:00+00:00,2026-10-06T18:51:36Z,4.216000,4.220000,4.212000,4.216000,4.218000,4.220000,4.214000,4.216000,changed
2026-02-06 18:20:00+00:00,2026-10-06T18:51:36Z,4.218000,4.220000,4.208000,4.210000,4.214000,4.216000,4.208000,4.210000,changed
2026-02-06 19:20:00+00:00,2026-10-06T18:51:36Z,4.214000,4.214000,4.206000,4.206000,4.210000,4.212000,4.206000,4.206000,changed
2026-02-09 14:20:00+00:00,2026-10-06T18:51:36Z,4.218000,4.226000,4.210000,4.220000,4.220000,4.226000,4.210000,4.220000,changed
2026-02-09 15:20:00+00:00,2026-10-06T18:51:36Z,4.216000,4.226000,4.206000,4.208000,4.218000,4.222000,4.206000,4.208000,changed
2026-02-09 16:20:00+00:00,2026-10-06T18:51:36Z,4.214000,4.220000,4.206000,4.206000,4.212000,4.216000,4.206000,4.206000,changed
2026-02-09 17:20:00+00:00,2026-10-06T18:51:36Z,4.210000,4.216000,4.202000,4.206000,4.210000,4.212000,4.202000,4.206000,changed
2026-02-09 18:20:00+00:00,2026-10-06T18:51:36Z,4.204000,4.210000,4.200000,4.202000,4.206000,4.210000,4.200000,4.202000,changed
2026-02-09 19:20:00+00:00,2026-10-06T18:51:36Z,4.206000,4.206000,4.196000,4.198000,4.204000,4.204000,4.196000,4.198000,changed
2026-02-10 14:20:00+00:00,2026-10-06T18:51:36Z,4.159000,4.162000,4.139000,4.145000,4.164000,4.166000,4.139000,4.145000,changed
2026-02-10 15:20:00+00:00,2026-10-06T18:51:36Z,4.147000,4.149000,4.135000,4.139000,4.154000,4.154000,4.135000,4.139000,changed
2026-02-10 16:20:00+00:00,2026-10-06T18:51:36Z,4.141000,4.151000,4.135000,4.145000,4.145000,4.151000,4.135000,4.145000,changed
2026-02-10 17:20:00+00:00,2026-10-06T18:51:36Z,4.145000,4.153000,4.143000,4.149000,4.137000,4.153000,4.137000,4.149000,changed
2026-02-10 18:20:00+00:00,2026-10-06T18:51:36Z,4.149000,4.153000,4.149000,4.151000,4.143000,4.153000,4.143000,4.151000,changed
2026-02-10 19:20:00+00:00,2026-10-06T18:51:36Z,4.151000,4.153000,4.145000,4.147000,4.153000,4.153000,4.145000,4.147000,changed
2026-02-11 14:20:00+00:00,2026-10-06T18:51:36Z,4.202000,4.202000,4.168000,4.170000,4.176000,4.206000,4.168000,4.170000,changed
2026-02-11 15:20:00+00:00,2026-10-06T18:51:36Z,4.182000,4.184000,4.165000,4.170000,4.184000,4.188000,4.165000,4.170000,changed
2026-02-11 16:20:00+00:00,2026-10-06T18:51:36Z,4.174000,4.178000,4.149000,4.149000,4.165000,4.178000,4.149000,4.149000,changed
2026-02-11 17:20:00+00:00,2026-10-06T18:51:36Z,4.151000,4.174000,4.147000,4.172000,4.165000,4.174000,4.147000,4.172000,changed
2026-02-11 18:20:00+00:00,2026-10-06T18:51:36Z,4.155000,4.178000,4.153000,4.172000,4.155000,4.178000,4.151000,4.172000,changed
2026-02-11 19:20:00+00:00,2026-10-06T18:51:36Z,4.176000,4.178000,4.170000,4.172000,4.174000,4.178000,4.166000,4.172000,changed
2026-02-12 14:20:00+00:00,2026-10-06T18:51:36Z,4.158000,4.169000,4.146000,4.146000,4.162000,4.169000,4.146000,4.146000,changed
2026-02-12 15:20:00+00:00,2026-10-06T18:51:36Z,4.164000,4.165000,4.125000,4.127000,4.152000,4.152000,4.125000,4.127000,changed
2026-02-12 16:20:00+00:00,2026-10-06T18:51:36Z,4.146000,4.146000,4.119000,4.123000,4.140000,4.140000,4.119000,4.123000,changed
2026-02-12 17:20:00+00:00,2026-10-06T18:51:36Z,4.121000,4.131000,4.102000,4.102000,4.127000,4.131000,4.102000,4.102000,changed
2026-02-12 18:20:00+00:00,2026-10-06T18:51:36Z,4.129000,4.131000,4.100000,4.100000,4.127000,4.129000,4.100000,4.100000,changed
2026-02-12 19:20:00+00:00,2026-10-06T18:51:36Z,4.102000,4.110000,4.100000,4.104000,4.104000,4.110000,4.100000,4.104000,changed
2026-02-13 14:20:00+00:00,2026-10-06T18:51:36Z,4.100000,4.100000,4.050000,4.064000,4.087000,4.090000,4.050000,4.064000,changed
2026-02-13 15:20:00+00:00,2026-10-06T18:51:36Z,4.067000,4.071000,4.050000,4.062000,4.062000,4.069000,4.056000,4.062000,changed
2026-02-13 16:20:00+00:00,2026-10-06T18:51:36Z,4.067000,4.069000,4.046000,4.054000,4.064000,4.064000,4.046000,4.054000,changed
2026-02-13 17:20:00+00:00,2026-10-06T18:51:36Z,4.056000,4.066000,4.046000,4.064000,4.052000,4.066000,4.052000,4.064000,changed
2026-02-13 18:20:00+00:00,2026-10-06T18:51:36Z,4.056000,4.067000,4.056000,4.064000,4.064000,4.067000,4.060000,4.064000,changed
2026-02-13 19:20:00+00:00,2026-10-06T18:51:36Z,4.064000,4.067000,4.054000,4.056000,4.066000,4.066000,4.054000,4.056000,changed
2026-02-17 14:20:00+00:00,2026-10-06T18:51:36Z,4.041000,4.058000,4.041000,4.052000,4.029000,4.058000,4.025000,4.052000,changed
2026-02-17 15:20:00+00:00,2026-10-06T18:51:36Z,4.045000,4.056000,4.039000,4.056000,4.048000,4.058000,4.039000,4.056000,changed
2026-02-17 16:20:00+00:00,2026-10-06T18:51:36Z,4.045000,4.056000,4.045000,4.052000,4.048000,4.056000,4.039000,4.052000,changed
2026-02-17 17:20:00+00:00,2026-10-06T18:51:36Z,4.056000,4.060000,4.048000,4.056000,4.052000,4.060000,4.048000,4.056000,changed
2026-02-17 18:20:00+00:00,2026-10-06T18:51:36Z,4.056000,4.060000,4.054000,4.058000,4.052000,4.060000,4.048000,4.058000,changed
2026-02-17 19:20:00+00:00,2026-10-06T18:51:36Z,4.058000,4.060000,4.052000,4.052000,4.060000,4.060000,4.052000,4.052000,changed
2026-02-18 14:20:00+00:00,2026-10-06T18:51:36Z,4.075000,4.085000,4.075000,4.079000,4.067000,4.085000,4.064000,4.079000,changed
2026-02-18 15:20:00+00:00,2026-10-06T18:51:36Z,4.083000,4.085000,4.073000,4.077000,4.079000,4.085000,4.073000,4.077000,changed
2026-02-18 16:20:00+00:00,2026-10-06T18:51:36Z,4.077000,4.079000,4.071000,4.073000,4.083000,4.083000,4.071000,4.073000,changed
2026-02-18 18:20:00+00:00,2026-10-06T18:51:36Z,4.075000,4.088000,4.075000,4.079000,4.071000,4.088000,4.071000,4.079000,changed
2026-02-18 19:20:00+00:00,2026-10-06T18:51:36Z,4.085000,4.088000,4.079000,4.079000,4.081000,4.088000,4.079000,4.079000,changed
2026-02-19 14:20:00+00:00,2026-10-06T18:51:36Z,4.106000,4.106000,4.083000,4.088000,4.100000,4.102000,4.083000,4.088000,changed
2026-02-19 15:20:00+00:00,2026-10-06T18:51:36Z,4.092000,4.094000,4.083000,4.085000,4.088000,4.094000,4.083000,4.085000,changed
2026-02-19 16:20:00+00:00,2026-10-06T18:51:36Z,4.086000,4.094000,4.081000,4.083000,4.088000,4.088000,4.081000,4.083000,changed
2026-02-19 17:20:00+00:00,2026-10-06T18:51:36Z,4.085000,4.088000,4.075000,4.075000,4.085000,4.086000,4.075000,4.075000,changed
2026-02-19 18:20:00+00:00,2026-10-06T18:51:36Z,4.085000,4.086000,4.065000,4.069000,4.085000,4.085000,4.065000,4.069000,changed
2026-02-19 19:20:00+00:00,2026-10-06T18:51:36Z,4.073000,4.079000,4.065000,4.075000,4.069000,4.079000,4.065000,4.075000,changed
2026-02-20 14:20:00+00:00,2026-10-06T18:51:36Z,4.063000,4.104000,4.060000,4.096000,4.071000,4.104000,4.069000,4.096000,changed
2026-02-20 15:20:00+00:00,2026-10-06T18:51:36Z,4.071000,4.104000,4.071000,4.086000,4.077000,4.104000,4.075000,4.086000,changed
2026-02-20 16:20:00+00:00,2026-10-06T18:51:36Z,4.092000,4.098000,4.083000,4.088000,4.096000,4.098000,4.083000,4.088000,changed
2026-02-20 17:20:00+00:00,2026-10-06T18:51:36Z,4.085000,4.100000,4.085000,4.096000,4.096000,4.100000,4.086000,4.096000,changed
2026-02-20 18:20:00+00:00,2026-10-06T18:51:36Z,4.086000,4.100000,4.081000,4.085000,4.094000,4.100000,4.081000,4.085000,changed
2026-02-20 19:20:00+00:00,2026-10-06T18:51:36Z,4.092000,4.094000,4.081000,4.086000,4.088000,4.094000,4.085000,4.086000,changed
2026-02-23 14:20:00+00:00,2026-10-06T18:51:36Z,4.067000,4.069000,4.054000,4.056000,4.063000,4.067000,4.054000,4.056000,changed
2026-02-23 15:20:00+00:00,2026-10-06T18:51:36Z,4.065000,4.067000,4.029000,4.033000,4.060000,4.060000,4.029000,4.033000,changed
2026-02-23 16:20:00+00:00,2026-10-06T18:51:36Z,4.054000,4.056000,4.025000,4.027000,4.042000,4.044000,4.025000,4.027000,changed
2026-02-23 17:20:00+00:00,2026-10-06T18:51:36Z,4.033000,4.035000,4.018000,4.027000,4.029000,4.029000,4.018000,4.027000,changed
2026-02-23 18:20:00+00:00,2026-10-06T18:51:36Z,4.027000,4.029000,4.018000,4.025000,4.023000,4.027000,4.021000,4.025000,changed
2026-02-23 19:20:00+00:00,2026-10-06T18:51:36Z,4.027000,4.031000,4.021000,4.029000,4.023000,4.031000,4.023000,4.029000,changed
2026-02-25 14:20:00+00:00,2026-10-06T18:51:36Z,4.050000,4.058000,4.050000,4.050000,4.056000,4.058000,4.050000,4.050000,changed
2026-02-25 15:20:00+00:00,2026-10-06T18:51:36Z,4.056000,4.056000,4.044000,4.046000,4.056000,4.058000,4.044000,4.046000,changed
2026-02-25 16:20:00+00:00,2026-10-06T18:51:36Z,4.046000,4.048000,4.035000,4.037000,4.052000,4.052000,4.035000,4.037000,changed
2026-02-25 17:20:00+00:00,2026-10-06T18:51:36Z,4.042000,4.042000,4.035000,4.039000,4.044000,4.044000,4.035000,4.039000,changed
2026-02-25 18:20:00+00:00,2026-10-06T18:51:36Z,4.037000,4.048000,4.037000,4.048000,4.035000,4.048000,4.035000,4.048000,changed
2026-02-25 19:20:00+00:00,2026-10-06T18:51:36Z,4.046000,4.050000,4.044000,4.048000,4.040000,4.050000,4.040000,4.048000,changed
2026-02-27 14:20:00+00:00,2026-10-06T18:51:36Z,3.987000,3.994000,3.970000,3.981000,3.987000,3.987000,3.970000,3.981000,changed
2026-02-27 15:20:00+00:00,2026-10-06T18:51:36Z,3.977000,3.983000,3.970000,3.975000,3.975000,3.983000,3.974000,3.975000,changed
2026-02-27 16:20:00+00:00,2026-10-06T18:51:36Z,3.979000,3.983000,3.968000,3.975000,3.975000,3.977000,3.968000,3.975000,changed
2026-02-27 17:20:00+00:00,2026-10-06T18:51:36Z,3.974000,3.975000,3.966000,3.966000,3.970000,3.975000,3.966000,3.966000,changed
2026-02-27 18:20:00+00:00,2026-10-06T18:51:36Z,3.970000,3.975000,3.958000,3.958000,3.972000,3.972000,3.958000,3.958000,changed
2026-02-27 19:20:00+00:00,2026-10-06T18:51:36Z,3.968000,3.968000,3.956000,3.962000,3.964000,3.964000,3.956000,3.962000,changed
2026-02-02 18:20:00+00:00,2026-10-06T19:09:38Z,4.271000,4.275000,4.271000,4.275000,4.263000,4.277000,4.261000,4.277000,changed
2026-02-02 19:20:00+00:00,2026-10-06T19:09:38Z,4.275000,4.279000,4.269000,4.275000,4.273000,4.279000,4.269000,4.275000,changed
2026-02-03 14:20:00+00:00,2026-10-06T19:09:38Z,4.292000,4.300000,4.282000,4.284000,4.293000,4.300000,4.282000,4.284000,changed
2026-02-03 15:20:00+00:00,2026-10-06T19:09:38Z,4.292000,4.293000,4.279000,4.287000,4.284000,4.293000,4.279000,4.287000,changed
2026-02-03 16:20:00+00:00,2026-10-06T19:09:38Z,4.285000,4.293000,4.278000,4.285000,4.292000,4.293000,4.278000,4.285000,changed
2026-02-03 18:20:00+00:00,2026-10-06T19:09:38Z,4.290000,4.293000,4.266000,4.271000,4.290000,4.292000,4.266000,4.271000,changed
2026-02-03 19:20:00+00:00,2026-10-06T19:09:38Z,4.284000,4.284000,4.266000,4.274000,4.268000,4.278000,4.266000,4.274000,changed
2026-02-04 14:20:00+00:00,2026-10-06T19:09:38Z,4.271000,4.290000,4.269000,4.271000,4.282000,4.290000,4.269000,4.271000,changed
2026-02-04 15:20:00+00:00,2026-10-06T19:09:38Z,4.284000,4.290000,4.269000,4.271000,4.287000,4.287000,4.269000,4.271000,changed
2026-02-04 17:20:00+00:00,2026-10-06T19:09:38Z,4.278000,4.279000,4.261000,4.271000,4.275000,4.275000,4.261000,4.271000,changed
2026-02-04 18:20:00+00:00,2026-10-06T19:09:38Z,4.263000,4.279000,4.261000,4.279000,4.271000,4.279000,4.268000,4.279000,changed
2026-02-04 19:20:00+00:00,2026-10-06T19:09:38Z,4.275000,4.279000,4.268000,4.275000,4.269000,4.279000,4.269000,4.275000,changed
2026-02-05 14:20:00+00:00,2026-10-06T19:09:38Z,4.232000,4.250000,4.222000,4.222000,4.246000,4.250000,4.222000,4.222000,changed
2026-02-05 15:20:00+00:00,2026-10-06T19:09:38Z,4.234000,4.236000,4.206000,4.210000,4.236000,4.250000,4.206000,4.210000,changed
2026-02-05 16:20:00+00:00,2026-10-06T19:09:38Z,4.216000,4.220000,4.206000,4.210000,4.214000,4.220000,4.206000,4.210000,changed
2026-02-05 17:20:00+00:00,2026-10-06T19:09:38Z,4.216000,4.218000,4.208000,4.212000,4.218000,4.220000,4.208000,4.212000,changed
2026-02-05 18:20:00+00:00,2026-10-06T19:09:38Z,4.212000,4.212000,4.204000,4.210000,4.216000,4.218000,4.204000,4.210000,changed
2026-02-05 19:20:00+00:00,2026-10-06T19:09:38Z,4.204000,4.210000,4.204000,4.210000,4.208000,4.210000,4.204000,4.210000,changed
2026-02-06 14:20:00+00:00,2026-10-06T19:09:38Z,4.198000,4.220000,4.194000,4.216000,4.204000,4.220000,4.194000,4.216000,changed
2026-02-06 15:20:00+00:00,2026-10-06T19:09:38Z,4.214000,4.222000,4.212000,4.218000,4.196000,4.224000,4.194000,4.218000,changed
2026-02-06 16:20:00+00:00,2026-10-06T19:09:38Z,4.216000,4.220000,4.216000,4.218000,4.220000,4.224000,4.212000,4.218000,changed
2026-02-06 17:20:00+00:00,2026-10-06T19:09:38Z,4.218000,4.220000,4.214000,4.216000,4.216000,4.220000,4.212000,4.216000,changed
2026-02-06 18:20:00+00:00,2026-10-06T19:09:38Z,4.214000,4.216000,4.208000,4.210000,4.218000,4.220000,4.208000,4.210000,changed
2026-02-06 19:20:00+00:00,2026-10-06T19:09:38Z,4.210000,4.212000,4.206000,4.206000,4.214000,4.214000,4.206000,4.206000,changed
2026-02-09 14:20:00+00:00,2026-10-06T19:09:38Z,4.220000,4.226000,4.210000,4.220000,4.218000,4.226000,4.210000,4.220000,changed
2026-02-09 15:20:00+00:00,2026-10-06T19:09:38Z,4.218000,4.222000,4.206000,4.208000,4.216000,4.226000,4.206000,4.208000,changed
2026-02-09 16:20:00+00:00,2026-10-06T19:09:38Z,4.212000,4.216000,4.206000,4.206000,4.214000,4.220000,4.206000,4.206000,changed
2026-02-09 17:20:00+00:00,2026-10-06T19:09:38Z,4.210000,4.212000,4.202000,4.206000,4.210000,4.216000,4.202000,4.206000,changed
2026-02-09 18:20:00+00:00,2026-10-06T19:09:38Z,4.206000,4.210000,4.200000,4.202000,4.204000,4.210000,4.200000,4.202000,changed
2026-02-09 19:20:00+00:00,2026-10-06T19:09:38Z,4.204000,4.204000,4.196000,4.198000,4.206000,4.206000,4.196000,4.198000,changed
2026-02-10 14:20:00+00:00,2026-10-06T19:09:38Z,4.164000,4.166000,4.139000,4.145000,4.159000,4.162000,4.139000,4.145000,changed
2026-02-10 15:20:00+00:00,2026-10-06T19:09:38Z,4.154000,4.154000,4.135000,4.139000,4.147000,4.149000,4.135000,4.139000,changed
2026-02-10 16:20:00+00:00,2026-10-06T19:09:38Z,4.145000,4.151000,4.135000,4.145000,4.141000,4.151000,4.135000,4.145000,changed
2026-02-10 17:20:00+00:00,2026-10-06T19:09:38Z,4.137000,4.153000,4.137000,4.149000,4.145000,4.153000,4.143000,4.149000,changed
2026-02-10 18:20:00+00:00,2026-10-06T19:09:38Z,4.143000,4.153000,4.143000,4.151000,4.149000,4.153000,4.149000,4.151000,changed
2026-02-10 19:20:00+00:00,2026-10-06T19:09:38Z,4.153000,4.153000,4.145000,4.147000,4.151000,4.153000,4.145000,4.147000,changed
2026-02-11 14:20:00+00:00,2026-10-06T19:09:38Z,4.176000,4.206000,4.168000,4.170000,4.202000,4.202000,4.168000,4.170000,changed
2026-02-11 15:20:00+00:00,2026-10-06T19:09:38Z,4.184000,4.188000,4.165000,4.170000,4.182000,4.184000,4.165000,4.170000,changed
2026-02-11 16:20:00+00:00,2026-10-06T19:09:38Z,4.165000,4.178000,4.149000,4.149000,4.174000,4.178000,4.149000,4.149000,changed
2026-02-11 17:20:00+00:00,2026-10-06T19:09:38Z,4.165000,4.174000,4.147000,4.172000,4.151000,4.174000,4.147000,4.172000,changed
2026-02-11 18:20:00+00:00,2026-10-06T19:09:38Z,4.155000,4.178000,4.151000,4.172000,4.155000,4.178000,4.153000,4.172000,changed
2026-02-11 19:20:00+00:00,2026-10-06T19:09:38Z,4.174000,4.178000,4.166000,4.172000,4.176000,4.178000,4.170000,4.172000,changed
2026-02-12 14:20:00+00:00,2026-10-06T19:09:38Z,4.162000,4.169000,4.146000,4.146000,4.158000,4.169000,4.146000,4.146000,changed
2026-02-12 15:20:00+00:00,2026-10-06T19:09:38Z,4.152000,4.152000,4.125000,4.127000,4.164000,4.165000,4.125000,4.127000,changed
2026-02-12 16:20:00+00:00,2026-10-06T19:09:38Z,4.140000,4.140000,4.119000,4.123000,4.146000,4.146000,4.119000,4.123000,changed
2026-02-12 17:20:00+00:00,2026-10-06T19:09:38Z,4.127000,4.131000,4.102000,4.102000,4.121000,4.131000,4.102000,4.102000,changed
2026-02-12 18:20:00+00:00,2026-10-06T19:09:38Z,4.127000,4.129000,4.100000,4.100000,4.129000,4.131000,4.100000,4.100000,changed
2026-02-12 19:20:00+00:00,2026-10-06T19:09:38Z,4.104000,4.110000,4.100000,4.104000,4.102000,4.110000,4.100000,4.104000,changed
2026-02-13 14:20:00+00:00,2026-10-06T19:09:38Z,4.087000,4.090000,4.050000,4.064000,4.100000,4.100000,4.050000,4.064000,changed
2026-02-13 15:20:00+00:00,2026-10-06T19:09:38Z,4.062000,4.069000,4.056000,4.062000,4.067000,4.071000,4.050000,4.062000,changed
2026-02-13 16:20:00+00:00,2026-10-06T19:09:38Z,4.064000,4.064000,4.046000,4.054000,4.067000,4.069000,4.046000,4.054000,changed
2026-02-13 17:20:00+00:00,2026-10-06T19:09:38Z,4.052000,4.066000,4.052000,4.064000,4.056000,4.066000,4.046000,4.064000,changed
2026-02-13 18:20:00+00:00,2026-10-06T19:09:38Z,4.064000,4.067000,4.060000,4.064000,4.056000,4.067000,4.056000,4.064000,changed
2026-02-13 19:20:00+00:00,2026-10-06T19:09:38Z,4.066000,4.066000,4.054000,4.056000,4.064000,4.067000,4.054000,4.056000,changed
2026-02-17 14:20:00+00:00,2026-10-06T19:09:38Z,4.029000,4.058000,4.025000,4.052000,4.041000,4.058000,4.041000,4.052000,changed
2026-02-17 15:20:00+00:00,2026-10-06T19:09:38Z,4.048000,4.058000,4.039000,4.056000,4.045000,4.056000,4.039000,4.056000,changed
2026-02-17 16:20:00+00:00,2026-10-06T19:09:38Z,4.048000,4.056000,4.039000,4.052000,4.045000,4.056000,4.045000,4.052000,changed
2026-02-17 17:20:00+00:00,2026-10-06T19:09:38Z,4.052000,4.060000,4.048000,4.056000,4.056000,4.060000,4.048000,4.056000,changed
2026-02-17 18:20:00+00:00,2026-10-06T19:09:38Z,4.052000,4.060000,4.048000,4.058000,4.056000,4.060000,4.054000,4.058000,changed
2026-02-17 19:20:00+00:00,2026-10-06T19:09:38Z,4.060000,4.060000,4.052000,4.052000,4.058000,4.060000,4.052000,4.052000,changed
2026-02-18 14:20:00+00:00,2026-10-06T19:09:38Z,4.067000,4.085000,4.064000,4.079000,4.075000,4.085000,4.075000,4.079000,changed
2026-02-18 15:20:00+00:00,2026-10-06T19:09:38Z,4.079000,4.085000,4.073000,4.077000,4.083000,4.085000,4.073000,4.077000,changed
2026-02-18 16:20:00+00:00,2026-10-06T19:09:38Z,4.083000,4.083000,4.071000,4.073000,4.077000,4.079000,4.071000,4.073000,changed
2026-02-18 18:20:00+00:00,2026-10-06T19:09:38Z,4.071000,4.088000,4.071000,4.079000,4.075000,4.088000,4.075000,4.079000,changed
2026-02-18 19:20:00+00:00,2026-10-06T19:09:38Z,4.081000,4.088000,4.079000,4.079000,4.085000,4.088000,4.079000,4.079000,changed
2026-02-19 14:20:00+00:00,2026-10-06T19:09:38Z,4.100000,4.102000,4.083000,4.088000,4.106000,4.106000,4.083000,4.088000,changed
2026-02-19 15:20:00+00:00,2026-10-06T19:09:38Z,4.088000,4.094000,4.083000,4.085000,4.092000,4.094000,4.083000,4.085000,changed
2026-02-19 16:20:00+00:00,2026-10-06T19:09:38Z,4.088000,4.088000,4.081000,4.083000,4.086000,4.094000,4.081000,4.083000,changed
2026-02-19 17:20:00+00:00,2026-10-06T19:09:38Z,4.085000,4.086000,4.075000,4.075000,4.085000,4.088000,4.075000,4.075000,changed
2026-02-19 18:20:00+00:00,2026-10-06T19:09:38Z,4.085000,4.085000,4.065000,4.069000,4.085000,4.086000,4.065000,4.069000,changed
2026-02-19 19:20:00+00:00,2026-10-06T19:09:38Z,4.069000,4.079000,4.065000,4.075000,4.073000,4.079000,4.065000,4.075000,changed
2026-02-20 14:20:00+00:00,2026-10-06T19:09:38Z,4.071000,4.104000,4.069000,4.096000,4.063000,4.104000,4.060000,4.096000,changed
2026-02-20 15:20:00+00:00,2026-10-06T19:09:38Z,4.077000,4.104000,4.075000,4.086000,4.071000,4.104000,4.071000,4.086000,changed
2026-02-20 16:20:00+00:00,2026-10-06T19:09:38Z,4.096000,4.098000,4.083000,4.088000,4.092000,4.098000,4.083000,4.088000,changed
2026-02-20 17:20:00+00:00,2026-10-06T19:09:38Z,4.096000,4.100000,4.086000,4.096000,4.085000,4.100000,4.085000,4.096000,changed
2026-02-20 18:20:00+00:00,2026-10-06T19:09:38Z,4.094000,4.100000,4.081000,4.085000,4.086000,4.100000,4.081000,4.085000,changed
2026-02-20 19:20:00+00:00,2026-10-06T19:09:38Z,4.088000,4.094000,4.085000,4.086000,4.092000,4.094000,4.081000,4.086000,changed
2026-02-23 14:20:00+00:00,2026-10-06T19:09:38Z,4.063000,4.067000,4.054000,4.056000,4.067000,4.069000,4.054000,4.056000,changed
2026-02-23 15:20:00+00:00,2026-10-06T19:09:38Z,4.060000,4.060000,4.029000,4.033000,4.065000,4.067000,4.029000,4.033000,changed
2026-02-23 16:20:00+00:00,2026-10-06T19:09:38Z,4.042000,4.044000,4.025000,4.027000,4.054000,4.056000,4.025000,4.027000,changed
2026-02-23 17:20:00+00:00,2026-10-06T19:09:38Z,4.029000,4.029000,4.018000,4.027000,4.033000,4.035000,4.018000,4.027000,changed
2026-02-23 18:20:00+00:00,2026-10-06T19:09:38Z,4.023000,4.027000,4.021000,4.025000,4.027000,4.029000,4.018000,4.025000,changed
2026-02-23 19:20:00+00:00,2026-10-06T19:09:38Z,4.023000,4.031000,4.023000,4.029000,4.027000,4.031000,4.021000,4.029000,changed
2026-02-25 14:20:00+00:00,2026-10-06T19:09:38Z,4.056000,4.058000,4.050000,4.050000,4.050000,4.058000,4.050000,4.050000,changed
2026-02-25 15:20:00+00:00,2026-10-06T19:09:38Z,4.056000,4.058000,4.044000,4.046000,4.056000,4.056000,4.044000,4.046000,changed
2026-02-25 16:20:00+00:00,2026-10-06T19:09:38Z,4.052000,4.052000,4.035000,4.037000,4.046000,4.048000,4.035000,4.037000,changed
2026-02-25 17:20:00+00:00,2026-10-06T19:09:38Z,4.044000,4.044000,4.035000,4.039000,4.042000,4.042000,4.035000,4.039000,changed
2026-02-25 18:20:00+00:00,2026-10-06T19:09:38Z,4.035000,4.048000,4.035000,4.048000,4.037000,4.048000,4.037000,4.048000,changed
2026-02-25 19:20:00+00:00,2026-10-06T19:09:38Z,4.040000,4.050000,4.040000,4.048000,4.046000,4.050000,4.044000,4.048000,changed
2026-02-27 14:20:00+00:00,2026-10-06T19:09:38Z,3.987000,3.987000,3.970000,3.981000,3.987000,3.994000,3.970000,3.981000,changed
2026-02-27 15:20:00+00:00,2026-10-06T19:09:38Z,3.975000,3.983000,3.974000,3.975000,3.977000,3.983000,3.970000,3.975000,changed
2026-02-27 16:20:00+00:00,2026-10-06T19:09:38Z,3.975000,3.977000,3.968000,3.975000,3.979000,3.983000,3.968000,3.975000,changed
2026-02-27 17:20:00+00:00,2026-10-06T19:09:38Z,3.970000,3.975000,3.966000,3.966000,3.974000,3.975000,3.966000,3.966000,changed
2026-02-27 18:20:00+00:00,2026-10-06T19:09:38Z,3.972000,3.972000,3.958000,3.958000,3.970000,3.975000,3.958000,3.958000,changed
2026-02-27 19:20:00+00:00,2026-10-06T19:09:38Z,3.964000,3.964000,3.956000,3.962000,3.968000,3.968000,3.956000,3.962000,changed
2026-02-02 18:20:00+00:00,2026-10-06T19:29:23Z,4.263000,4.277000,4.261000,4.277000,4.271000,4.275000,4.271000,4.275000,changed
2026-02-02 19:20:00+00:00,2026-10-06T19:29:23Z,4.273000,4.279000,4.269000,4.275000,4.275000,4.279000,4.269000,4.275000,changed
2026-02-03 14:20:00+00:00,2026-10-06T19:29:23Z,4.293000,4.300000,4.282000,4.284000,4.292000,4.300000,4.282000,4.284000,changed
2026-02-03 15:20:00+00:00,2026-10-06T19:29:23Z,4.284000,4.293000,4.279000,4.287000,4.292000,4.293000,4.279000,4.287000,changed
2026-02-03 16:20:00+00:00,2026-10-06T19:29:23Z,4.292000,4.293000,4.278000,4.285000,4.285000,4.293000,4.278000,4.285000,changed
2026-02-03 18:20:00+00:00,2026-10-06T19:29:23Z,4.290000,4.292000,4.266000,4.271000,4.290000,4.293000,4.266000,4.271000,changed
2026-02-03 19:20:00+00:00,2026-10-06T19:29:23Z,4.268000,4.278000,4.266000,4.274000,4.284000,4.284000,4.266000,4.274000,changed
2026-02-04 14:20:00+00:00,2026-10-06T19:29:23Z,4.282000,4.290000,4.269000,4.271000,4.271000,4.290000,4.269000,4.271000,changed
2026-02-04 15:20:00+00:00,2026-10-06T19:29:23Z,4.287000,4.287000,4.269000,4.271000,4.284000,4.290000,4.269000,4.271000,changed
2026-02-04 17:20:00+00:00,2026-10-06T19:29:23Z,4.275000,4.275000,4.261000,4.271000,4.278000,4.279000,4.261000,4.271000,changed
2026-02-04 18:20:00+00:00,2026-10-06T19:29:23Z,4.271000,4.279000,4.268000,4.279000,4.263000,4.279000,4.261000,4.279000,changed
2026-02-04 19:20:00+00:00,2026-10-06T19:29:23Z,4.269000,4.279000,4.269000,4.275000,4.275000,4.279000,4.268000,4.275000,changed
2026-02-05 14:20:00+00:00,2026-10-06T19:29:23Z,4.246000,4.250000,4.222000,4.222000,4.232000,4.250000,4.222000,4.222000,changed
2026-02-05 15:20:00+00:00,2026-10-06T19:29:23Z,4.236000,4.250000,4.206000,4.210000,4.234000,4.236000,4.206000,4.210000,changed
2026-02-05 16:20:00+00:00,2026-10-06T19:29:23Z,4.214000,4.220000,4.206000,4.210000,4.216000,4.220000,4.206000,4.210000,changed
2026-02-05 17:20:00+00:00,2026-10-06T19:29:23Z,4.218000,4.220000,4.208000,4.212000,4.216000,4.218000,4.208000,4.212000,changed
2026-02-05 18:20:00+00:00,2026-10-06T19:29:23Z,4.216000,4.218000,4.204000,4.210000,4.212000,4.212000,4.204000,4.210000,changed
2026-02-05 19:20:00+00:00,2026-10-06T19:29:23Z,4.208000,4.210000,4.204000,4.210000,4.204000,4.210000,4.204000,4.210000,changed
2026-02-06 14:20:00+00:00,2026-10-06T19:29:23Z,4.204000,4.220000,4.194000,4.216000,4.198000,4.220000,4.194000,4.216000,changed
2026-02-06 15:20:00+00:00,2026-10-06T19:29:23Z,4.196000,4.224000,4.194000,4.218000,4.214000,4.222000,4.212000,4.218000,changed
2026-02-06 16:20:00+00:00,2026-10-06T19:29:23Z,4.220000,4.224000,4.212000,4.218000,4.216000,4.220000,4.216000,4.218000,changed
2026-02-06 17:20:00+00:00,2026-10-06T19:29:23Z,4.216000,4.220000,4.212000,4.216000,4.218000,4.220000,4.214000,4.216000,changed
2026-02-06 18:20:00+00:00,2026-10-06T19:29:23Z,4.218000,4.220000,4.208000,4.210000,4.214000,4.216000,4.208000,4.210000,changed
2026-02-06 19:20:00+00:00,2026-10-06T19:29:23Z,4.214000,4.214000,4.206000,4.206000,4.210000,4.212000,4.206000,4.206000,changed
2026-02-09 14:20:00+00:00,2026-10-06T19:29:23Z,4.218000,4.226000,4.210000,4.220000,4.220000,4.226000,4.210000,4.220000,changed
2026-02-09 15:20:00+00:00,2026-10-06T19:29:23Z,4.216000,4.226000,4.206000,4.208000,4.218000,4.222000,4.206000,4.208000,changed
2026-02-09 16:20:00+00:00,2026-10-06T19:29:23Z,4.214000,4.220000,4.206000,4.206000,4.212000,4.216000,4.206000,4.206000,changed
2026-02-09 17:20:00+00:00,2026-10-06T19:29:23Z,4.210000,4.216000,4.202000,4.206000,4.210000,4.212000,4.202000,4.206000,changed
2026-02-09 18:20:00+00:00,2026-10-06T19:29:23Z,4.204000,4.210000,4.200000,4.202000,4.206000,4.210000,4.200000,4.202000,changed
2026-02-09 19:20:00+00:00,2026-10-06T19:29:23Z,4.206000,4.206000,4.196000,4.198000,4.204000,4.204000,4.196000,4.198000,changed
2026-02-10 14:20:00+00:00,2026-10-06T19:29:23Z,4.159000,4.162000,4.139000,4.145000,4.164000,4.166000,4.139000,4.145000,changed
2026-02-10 15:20:00+00:00,2026-10-06T19:29:23Z,4.147000,4.149000,4.135000,4.139000,4.154000,4.154000,4.135000,4.139000,changed
2026-02-10 16:20:00+00:00,2026-10-06T19:29:23Z,4.141000,4.151000,4.135000,4.145000,4.145000,4.151000,4.135000,4.145000,changed
2026-02-10 17:20:00+00:00,2026-10-06T19:29:23Z,4.145000,4.153000,4.143000,4.149000,4.137000,4.153000,4.137000,4.149000,changed
2026-02-10 18:20:00+00:00,2026-10-06T19:29:23Z,4.149000,4.153000,4.149000,4.151000,4.143000,4.153000,4.143000,4.151000,changed
2026-02-10 19:20:00+00:00,2026-10-06T19:29:23Z,4.151000,4.153000,4.145000,4.147000,4.153000,4.153000,4.145000,4.147000,changed
2026-02-11 14:20:00+00:00,2026-10-06T19:29:23Z,4.202000,4.202000,4.168000,4.170000,4.176000,4.206000,4.168000,4.170000,changed
2026-02-11 15:20:00+00:00,2026-10-06T19:29:23Z,4.182000,4.184000,4.165000,4.170000,4.184000,4.188000,4.165000,4.170000,changed
2026-02-11 16:20:00+00:00,2026-10-06T19:29:23Z,4.174000,4.178000,4.149000,4.149000,4.165000,4.178000,4.149000,4.149000,changed
2026-02-11 17:20:00+00:00,2026-10-06T19:29:23Z,4.151000,4.174000,4.147000,4.172000,4.165000,4.174000,4.147000,4.172000,changed
2026-02-11 18:20:00+00:00,2026-10-06T19:29:23Z,4.155000,4.178000,4.153000,4.172000,4.155000,4.178000,4.151000,4.172000,changed
2026-02-11 19:20:00+00:00,2026-10-06T19:29:23Z,4.176000,4.178000,4.170000,4.172000,4.174000,4.178000,4.166000,4.172000,changed
2026-02-12 14:20:00+00:00,2026-10-06T19:29:23Z,4.158000,4.169000,4.146000,4.146000,4.162000,4.169000,4.146000,4.146000,changed
2026-02-12 15:20:00+00:00,2026-10-06T19:29:23Z,4.164000,4.165000,4.125000,4.127000,4.152000,4.152000,4.125000,4.127000,changed
2026-02-12 16:20:00+00:00,2026-10-06T19:29:23Z,4.146000,4.146000,4.119000,4.123000,4.140000,4.140000,4.119000,4.123000,changed
2026-02-12 17:20:00+00:00,2026-10-06T19:29:23Z,4.121000,4.131000,4.102000,4.102000,4.127000,4.131000,4.102000,4.102000,changed
2026-02-12 18:20:00+00:00,2026-10-06T19:29:23Z,4.129000,4.131000,4.100000,4.100000,4.127000,4.129000,4.100000,4.100000,changed
2026-02-12 19:20:00+00:00,2026-10-06T19:29:23Z,4.102000,4.110000,4.100000,4.104000,4.104000,4.110000,4.100000,4.104000,changed
2026-02-13 14:20:00+00:00,2026-10-06T19:29:23Z,4.100000,4.100000,4.050000,4.064000,4.087000,4.090000,4.050000,4.064000,changed
2026-02-13 15:20:00+00:00,2026-10-06T19:29:23Z,4.067000,4.071000,4.050000,4.062000,4.062000,4.069000,4.056000,4.062000,changed
2026-02-13 16:20:00+00:00,2026-10-06T19:29:23Z,4.067000,4.069000,4.046000,4.054000,4.064000,4.064000,4.046000,4.054000,changed
2026-02-13 17:20:00+00:00,2026-10-06T19:29:23Z,4.056000,4.066000,4.046000,4.064000,4.052000,4.066000,4.052000,4.064000,changed
2026-02-13 18:20:00+00:00,2026-10-06T19:29:23Z,4.056000,4.067000,4.056000,4.064000,4.064000,4.067000,4.060000,4.064000,changed
2026-02-13 19:20:00+00:00,2026-10-06T19:29:23Z,4.064000,4.067000,4.054000,4.056000,4.066000,4.066000,4.054000,4.056000,changed
2026-02-17 14:20:00+00:00,2026-10-06T19:29:23Z,4.041000,4.058000,4.041000,4.052000,4.029000,4.058000,4.025000,4.052000,changed
2026-02-17 15:20:00+00:00,2026-10-06T19:29:23Z,4.045000,4.056000,4.039000,4.056000,4.048000,4.058000,4.039000,4.056000,changed
2026-02-17 16:20:00+00:00,2026-10-06T19:29:23Z,4.045000,4.056000,4.045000,4.052000,4.048000,4.056000,4.039000,4.052000,changed
2026-02-17 17:20:00+00:00,2026-10-06T19:29:23Z,4.056000,4.060000,4.048000,4.056000,4.052000,4.060000,4.048000,4.056000,changed
2026-02-17 18:20:00+00:00,2026-10-06T19:29:23Z,4.056000,4.060000,4.054000,4.058000,4.052000,4.060000,4.048000,4.058000,changed
2026-02-17 19:20:00+00:00,2026-10-06T19:29:23Z,4.058000,4.060000,4.052000,4.052000,4.060000,4.060000,4.052000,4.052000,changed
2026-02-18 14:20:00+00:00,2026-10-06T19:29:23Z,4.075000,4.085000,4.075000,4.079000,4.067000,4.085000,4.064000,4.079000,changed
2026-02-18 15:20:00+00:00,2026-10-06T19:29:23Z,4.083000,4.085000,4.073000,4.077000,4.079000,4.085000,4.073000,4.077000,changed
2026-02-18 16:20:00+00:00,2026-10-06T19:29:23Z,4.077000,4.079000,4.071000,4.073000,4.083000,4.083000,4.071000,4.073000,changed
2026-02-18 18:20:00+00:00,2026-10-06T19:29:23Z,4.075000,4.088000,4.075000,4.079000,4.071000,4.088000,4.071000,4.079000,changed
2026-02-18 19:20:00+00:00,2026-10-06T19:29:23Z,4.085000,4.088000,4.079000,4.079000,4.081000,4.088000,4.079000,4.079000,changed
2026-02-19 14:20:00+00:00,2026-10-06T19:29:23Z,4.106000,4.106000,4.083000,4.088000,4.100000,4.102000,4.083000,4.088000,changed
2026-02-19 15:20:00+00:00,2026-10-06T19:29:23Z,4.092000,4.094000,4.083000,4.085000,4.088000,4.094000,4.083000,4.085000,changed
2026-02-19 16:20:00+00:00,2026-10-06T19:29:23Z,4.086000,4.094000,4.081000,4.083000,4.088000,4.088000,4.081000,4.083000,changed
2026-02-19 17:20:00+00:00,2026-10-06T19:29:23Z,4.085000,4.088000,4.075000,4.075000,4.085000,4.086000,4.075000,4.075000,changed
2026-02-19 18:20:00+00:00,2026-10-06T19:29:23Z,4.085000,4.086000,4.065000,4.069000,4.085000,4.085000,4.065000,4.069000,changed
2026-02-19 19:20:00+00:00,2026-10-06T19:29:23Z,4.073000,4.079000,4.065000,4.075000,4.069000,4.079000,4.065000,4.075000,changed
2026-02-20 14:20:00+00:00,2026-10-06T19:29:23Z,4.063000,4.104000,4.060000,4.096000,4.071000,4.104000,4.069000,4.096000,changed
2026-02-20 15:20:00+00:00,2026-10-06T19:29:23Z,4.071000,4.104000,4.071000,4.086000,4.077000,4.104000,4.075000,4.086000,changed
2026-02-20 16:20:00+00:00,2026-10-06T19:29:23Z,4.092000,4.098000,4.083000,4.088000,4.096000,4.098000,4.083000,4.088000,changed
2026-02-20 17:20:00+00:00,2026-10-06T19:29:23Z,4.085000,4.100000,4.085000,4.096000,4.096000,4.100000,4.086000,4.096000,changed
2026-02-20 18:20:00+00:00,2026-10-06T19:29:23Z,4.086000,4.100000,4.081000,4.085000,4.094000,4.100000,4.081000,4.085000,changed
2026-02-20 19:20:00+00:00,2026-10-06T19:29:23Z,4.092000,4.094000,4.081000,4.086000,4.088000,4.094000,4.085000,4.086000,changed
2026-02-23 14:20:00+00:00,2026-10-06T19:29:23Z,4.067000,4.069000,4.054000,4.056000,4.063000,4.067000,4.054000,4.056000,changed
2026-02-23 15:20:00+00:00,2026-10-06T19:29:23Z,4.065000,4.067000,4.029000,4.033000,4.060000,4.060000,4.029000,4.033000,changed
2026-02-23 16:20:00+00:00,2026-10-06T19:29:23Z,4.054000,4.056000,4.025000,4.027000,4.042000,4.044000,4.025000,4.027000,changed
2026-02-23 17:20:00+00:00,2026-10-06T19:29:23Z,4.033000,4.035000,4.018000,4.027000,4.029000,4.029000,4.018000,4.027000,changed
2026-02-23 18:20:00+00:00,2026-10-06T19:29:23Z,4.027000,4.029000,4.018000,4.025000,4.023000,4.027000,4.021000,4.025000,changed
2026-02-23 19:20:00+00:00,2026-10-06T19:29:23Z,4.027000,4.031000,4.021000,4.029000,4.023000,4.031000,4.023000,4.029000,changed
2026-02-25 14:20:00+00:00,2026-10-06T19:29:23Z,4.050000,4.058000,4.050000,4.050000,4.056000,4.058000,4.050000,4.050000,changed
2026-02-25 15:20:00+00:00,2026-10-06T19:29:23Z,4.056000,4.056000,4.044000,4.046000,4.056000,4.058000,4.044000,4.046000,changed
2026-02-25 16:20:00+00:00,2026-10-06T19:29:23Z,4.046000,4.048000,4.035000,4.037000,4.052000,4.052000,4.035000,4.037000,changed
2026-02-25 17:20:00+00:00,2026-10-06T19:29:23Z,4.042000,4.042000,4.035000,4.039000,4.044000,4.044000,4.035000,4.039000,changed
2026-02-25 18:20:00+00:00,2026-10-06T19:29:23Z,4.037000,4.048000,4.037000,4.048000,4.035000,4.048000,4.035000,4.048000,changed
2026-02-25 19:20:00+00:00,2026-10-06T19:29:23Z,4.046000,4.050000,4.044000,4.048000,4.040000,4.050000,4.040000,4.048000,changed
2026-02-27 14:20:00+00:00,2026-10-06T19:29:23Z,3.987000,3.994000,3.970000,3.981000,3.987000,3.987000,3.970000,3.981000,changed
2026-02-27 15:20:00+00:00,2026-10-06T19:29:23Z,3.977000,3.983000,3.970000,3.975000,3.975000,3.983000,3.974000,3.975000,changed
2026-02-27 16:20:00+00:00,2026-10-06T19:29:23Z,3.979000,3.983000,3.968000,3.975000,3.975000,3.977000,3.968000,3.975000,changed
2026-02-27 17:20:00+00:00,2026-10-06T19:29:23Z,3.974000,3.975000,3.966000,3.966000,3.970000,3.975000,3.966000,3.966000,changed
2026-02-27 18:20:00+00:00,2026-10-06T19:29:23Z,3.970000,3.975000,3.958000,3.958000,3.972000,3.972000,3.958000,3.958000,changed
2026-02-27 19:20:00+00:00,2026-10-06T19:29:23Z,3.968000,3.968000,3.956000,3.962000,3.964000,3.964000,3.956000,3.962000,changed
2026-02-02 18:20:00+00:00,2026-10-06T19:55:57Z,4.271000,4.275000,4.271000,4.275000,4.263000,4.277000,4.261000,4.277000,changed
2026-02-02 19:20:00+00:00,2026-10-06T19:55:57Z,4.275000,4.279000,4.269000,4.275000,4.273000,4.279000,4.269000,4.275000,changed
2026-02-03 14:20:00+00:00,2026-10-06T19:55:57Z,4.292000,4.300000,4.282000,4.284000,4.293000,4.300000,4.282000,4.284000,changed
2026-02-03 15:20:00+00:00,2026-10-06T19:55:57Z,4.292000,4.293000,4.279000,4.287000,4.284000,4.293000,4.279000,4.287000,changed
2026-02-03 16:20:00+00:00,2026-10-06T19:55:57Z,4.285000,4.293000,4.278000,4.285000,4.292000,4.293000,4.278000,4.285000,changed
2026-02-03 18:20:00+00:00,2026-10-06T19:55:57Z,4.290000,4.293000,4.266000,4.271000,4.290000,4.292000,4.266000,4.271000,changed
2026-02-03 19:20:00+00:00,2026-10-06T19:55:57Z,4.284000,4.284000,4.266000,4.274000,4.268000,4.278000,4.266000,4.274000,changed
2026-02-04 14:20:00+00:00,2026-10-06T19:55:57Z,4.271000,4.290000,4.269000,4.271000,4.282000,4.290000,4.269000,4.271000,changed
2026-02-04 15:20:00+00:00,2026-10-06T19:55:57Z,4.284000,4.290000,4.269000,4.271000,4.287000,4.287000,4.269000,4.271000,changed
2026-02-04 17:20:00+00:00,2026-10-06T19:55:57Z,4.278000,4.279000,4.261000,4.271000,4.275000,4.275000,4.261000,4.271000,changed
2026-02-04 18:20:00+00:00,2026-10-06T19:55:57Z,4.263000,4.279000,4.261000,4.279000,4.271000,4.279000,4.268000,4.279000,changed
2026-02-04 19:20:00+00:00,2026-10-06T19:55:57Z,4.275000,4.279000,4.268000,4.275000,4.269000,4.279000,4.269000,4.275000,changed
2026-02-05 14:20:00+00:00,2026-10-06T19:55:57Z,4.232000,4.250000,4.222000,4.222000,4.246000,4.250000,4.222000,4.222000,changed
2026-02-05 15:20:00+00:00,2026-10-06T19:55:57Z,4.234000,4.236000,4.206000,4.210000,4.236000,4.250000,4.206000,4.210000,changed
2026-02-05 16:20:00+00:00,2026-10-06T19:55:57Z,4.216000,4.220000,4.206000,4.210000,4.214000,4.220000,4.206000,4.210000,changed
2026-02-05 17:20:00+00:00,2026-10-06T19:55:57Z,4.216000,4.218000,4.208000,4.212000,4.218000,4.220000,4.208000,4.212000,changed
2026-02-05 18:20:00+00:00,2026-10-06T19:55:57Z,4.212000,4.212000,4.204000,4.210000,4.216000,4.218000,4.204000,4.210000,changed
2026-02-05 19:20:00+00:00,2026-10-06T19:55:57Z,4.204000,4.210000,4.204000,4.210000,4.208000,4.210000,4.204000,4.210000,changed
2026-02-06 14:20:00+00:00,2026-10-06T19:55:57Z,4.198000,4.220000,4.194000,4.216000,4.204000,4.220000,4.194000,4.216000,changed
2026-02-06 15:20:00+00:00,2026-10-06T19:55:57Z,4.214000,4.222000,4.212000,4.218000,4.196000,4.224000,4.194000,4.218000,changed
2026-02-06 16:20:00+00:00,2026-10-06T19:55:57Z,4.216000,4.220000,4.216000,4.218000,4.220000,4.224000,4.212000,4.218000,changed
2026-02-06 17:20:00+00:00,2026-10-06T19:55:57Z,4.218000,4.220000,4.214000,4.216000,4.216000,4.220000,4.212000,4.216000,changed
2026-02-06 18:20:00+00:00,2026-10-06T19:55:57Z,4.214000,4.216000,4.208000,4.210000,4.218000,4.220000,4.208000,4.210000,changed
2026-02-06 19:20:00+00:00,2026-10-06T19:55:57Z,4.210000,4.212000,4.206000,4.206000,4.214000,4.214000,4.206000,4.206000,changed
2026-02-09 14:20:00+00:00,2026-10-06T19:55:57Z,4.220000,4.226000,4.210000,4.220000,4.218000,4.226000,4.210000,4.220000,changed
2026-02-09 15:20:00+00:00,2026-10-06T19:55:57Z,4.218000,4.222000,4.206000,4.208000,4.216000,4.226000,4.206000,4.208000,changed
2026-02-09 16:20:00+00:00,2026-10-06T19:55:57Z,4.212000,4.216000,4.206000,4.206000,4.214000,4.220000,4.206000,4.206000,changed
2026-02-09 17:20:00+00:00,2026-10-06T19:55:57Z,4.210000,4.212000,4.202000,4.206000,4.210000,4.216000,4.202000,4.206000,changed
2026-02-09 18:20:00+00:00,2026-10-06T19:55:57Z,4.206000,4.210000,4.200000,4.202000,4.204000,4.210000,4.200000,4.202000,changed
2026-02-09 19:20:00+00:00,2026-10-06T19:55:57Z,4.204000,4.204000,4.196000,4.198000,4.206000,4.206000,4.196000,4.198000,changed
2026-02-10 14:20:00+00:00,2026-10-06T19:55:57Z,4.164000,4.166000,4.139000,4.145000,4.159000,4.162000,4.139000,4.145000,changed
2026-02-10 15:20:00+00:00,2026-10-06T19:55:57Z,4.154000,4.154000,4.135000,4.139000,4.147000,4.149000,4.135000,4.139000,changed
2026-02-10 16:20:00+00:00,2026-10-06T19:55:57Z,4.145000,4.151000,4.135000,4.145000,4.141000,4.151000,4.135000,4.145000,changed
2026-02-10 17:20:00+00:00,2026-10-06T19:55:57Z,4.137000,4.153000,4.137000,4.149000,4.145000,4.153000,4.143000,4.149000,changed
2026-02-10 18:20:00+00:00,2026-10-06T19:55:57Z,4.143000,4.153000,4.143000,4.151000,4.149000,4.153000,4.149000,4.151000,changed
2026-02-10 19:20:00+00:00,2026-10-06T19:55:57Z,4.153000,4.153000,4.145000,4.147000,4.151000,4.153000,4.145000,4.147000,changed
2026-02-11 14:20:00+00:00,2026-10-06T19:55:57Z,4.176000,4.206000,4.168000,4.170000,4.202000,4.202000,4.168000,4.170000,changed
2026-02-11 15:20:00+00:00,2026-10-06T19:55:57Z,4.184000,4.188000,4.165000,4.170000,4.182000,4.184000,4.165000,4.170000,changed
2026-02-11 16:20:00+00:00,2026-10-06T19:55:57Z,4.165000,4.178000,4.149000,4.149000,4.174000,4.178000,4.149000,4.149000,changed
2026-02-11 17:20:00+00:00,2026-10-06T19:55:57Z,4.165000,4.174000,4.147000,4.172000,4.151000,4.174000,4.147000,4.172000,changed
2026-02-11 18:20:00+00:00,2026-10-06T19:55:57Z,4.155000,4.178000,4.151000,4.172000,4.155000,4.178000,4.153000,4.172000,changed
2026-02-11 19:20:00+00:00,2026-10-06T19:55:57Z,4.174000,4.178000,4.166000,4.172000,4.176000,4.178000,4.170000,4.172000,changed
2026-02-12 14:20:00+00:00,2026-10-06T19:55:57Z,4.162000,4.169000,4.146000,4.146000,4.158000,4.169000,4.146000,4.146000,changed
2026-02-12 15:20:00+00:00,2026-10-06T19:55:57Z,4.152000,4.152000,4.125000,4.127000,4.164000,4.165000,4.125000,4.127000,changed
2026-02-12 16:20:00+00:00,2026-10-06T19:55:57Z,4.140000,4.140000,4.119000,4.123000,4.146000,4.146000,4.119000,4.123000,changed
2026-02-12 17:20:00+00:00,2026-10-06T19:55:57Z,4.127000,4.131000,4.102000,4.102000,4.121000,4.131000,4.102000,4.102000,changed
2026-02-12 18:20:00+00:00,2026-10-06T19:55:57Z,4.127000,4.129000,4.100000,4.100000,4.129000,4.131000,4.100000,4.100000,changed
2026-02-12 19:20:00+00:00,2026-10-06T19:55:57Z,4.104000,4.110000,4.100000,4.104000,4.102000,4.110000,4.100000,4.104000,changed
2026-02-13 14:20:00+00:00,2026-10-06T19:55:57Z,4.087000,4.090000,4.050000,4.064000,4.100000,4.100000,4.050000,4.064000,changed
2026-02-13 15:20:00+00:00,2026-10-06T19:55:57Z,4.062000,4.069000,4.056000,4.062000,4.067000,4.071000,4.050000,4.062000,changed
2026-02-13 16:20:00+00:00,2026-10-06T19:55:57Z,4.064000,4.064000,4.046000,4.054000,4.067000,4.069000,4.046000,4.054000,changed
2026-02-13 17:20:00+00:00,2026-10-06T19:55:57Z,4.052000,4.066000,4.052000,4.064000,4.056000,4.066000,4.046000,4.064000,changed
2026-02-13 18:20:00+00:00,2026-10-06T19:55:57Z,4.064000,4.067000,4.060000,4.064000,4.056000,4.067000,4.056000,4.064000,changed
2026-02-13 19:20:00+00:00,2026-10-06T19:55:57Z,4.066000,4.066000,4.054000,4.056000,4.064000,4.067000,4.054000,4.056000,changed
2026-02-17 14:20:00+00:00,2026-10-06T19:55:57Z,4.029000,4.058000,4.025000,4.052000,4.041000,4.058000,4.041000,4.052000,changed
2026-02-17 15:20:00+00:00,2026-10-06T19:55:57Z,4.048000,4.058000,4.039000,4.056000,4.045000,4.056000,4.039000,4.056000,changed
2026-02-17 16:20:00+00:00,2026-10-06T19:55:57Z,4.048000,4.056000,4.039000,4.052000,4.045000,4.056000,4.045000,4.052000,changed
2026-02-17 17:20:00+00:00,2026-10-06T19:55:57Z,4.052000,4.060000,4.048000,4.056000,4.056000,4.060000,4.048000,4.056000,changed
2026-02-17 18:20:00+00:00,2026-10-06T19:55:57Z,4.052000,4.060000,4.048000,4.058000,4.056000,4.060000,4.054000,4.058000,changed
2026-02-17 19:20:00+00:00,2026-10-06T19:55:57Z,4.060000,4.060000,4.052000,4.052000,4.058000,4.060000,4.052000,4.052000,changed
2026-02-18 14:20:00+00:00,2026-10-06T19:55:57Z,4.067000,4.085000,4.064000,4.079000,4.075000,4.085000,4.075000,4.079000,changed
2026-02-18 15:20:00+00:00,2026-10-06T19:55:57Z,4.079000,4.085000,4.073000,4.077000,4.083000,4.085000,4.073000,4.077000,changed
2026-02-18 16:20:00+00:00,2026-10-06T19:55:57Z,4.083000,4.083000,4.071000,4.073000,4.077000,4.079000,4.071000,4.073000,changed
2026-02-18 18:20:00+00:00,2026-10-06T19:55:57Z,4.071000,4.088000,4.071000,4.079000,4.075000,4.088000,4.075000,4.079000,changed
2026-02-18 19:20:00+00:00,2026-10-06T19:55:57Z,4.081000,4.088000,4.079000,4.079000,4.085000,4.088000,4.079000,4.079000,changed
2026-02-19 14:20:00+00:00,2026-10-06T19:55:57Z,4.100000,4.102000,4.083000,4.088000,4.106000,4.106000,4.083000,4.088000,changed
2026-02-19 15:20:00+00:00,2026-10-06T19:55:57Z,4.088000,4.094000,4.083000,4.085000,4.092000,4.094000,4.083000,4.085000,changed
2026-02-19 16:20:00+00:00,2026-10-06T19:55:57Z,4.088000,4.088000,4.081000,4.083000,4.086000,4.094000,4.081000,4.083000,changed
2026-02-19 17:20:00+00:00,2026-10-06T19:55:57Z,4.085000,4.086000,4.075000,4.075000,4.085000,4.088000,4.075000,4.075000,changed
2026-02-19 18:20:00+00:00,2026-10-06T19:55:57Z,4.085000,4.085000,4.065000,4.069000,4.085000,4.086000,4.065000,4.069000,changed
2026-02-19 19:20:00+00:00,2026-10-06T19:55:57Z,4.069000,4.079000,4.065000,4.075000,4.073000,4.079000,4.065000,4.075000,changed
2026-02-20 14:20:00+00:00,2026-10-06T19:55:57Z,4.071000,4.104000,4.069000,4.096000,4.063000,4.104000,4.060000,4.096000,changed
2026-02-20 15:20:00+00:00,2026-10-06T19:55:57Z,4.077000,4.104000,4.075000,4.086000,4.071000,4.104000,4.071000,4.086000,changed
2026-02-20 16:20:00+00:00,2026-10-06T19:55:57Z,4.096000,4.098000,4.083000,4.088000,4.092000,4.098000,4.083000,4.088000,changed
2026-02-20 17:20:00+00:00,2026-10-06T19:55:57Z,4.096000,4.100000,4.086000,4.096000,4.085000,4.100000,4.085000,4.096000,changed
2026-02-20 18:20:00+00:00,2026-10-06T19:55:57Z,4.094000,4.100000,4.081000,4.085000,4.086000,4.100000,4.081000,4.085000,changed
2026-02-20 19:20:00+00:00,2026-10-06T19:55:57Z,4.088000,4.094000,4.085000,4.086000,4.092000,4.094000,4.081000,4.086000,changed
2026-02-23 14:20:00+00:00,2026-10-06T19:55:57Z,4.063000,4.067000,4.054000,4.056000,4.067000,4.069000,4.054000,4.056000,changed
2026-02-23 15:20:00+00:00,2026-10-06T19:55:57Z,4.060000,4.060000,4.029000,4.033000,4.065000,4.067000,4.029000,4.033000,changed
2026-02-23 16:20:00+00:00,2026-10-06T19:55:57Z,4.042000,4.044000,4.025000,4.027000,4.054000,4.056000,4.025000,4.027000,changed
2026-02-23 17:20:00+00:00,2026-10-06T19:55:57Z,4.029000,4.029000,4.018000,4.027000,4.033000,4.035000,4.018000,4.027000,changed
2026-02-23 18:20:00+00:00,2026-10-06T19:55:57Z,4.023000,4.027000,4.021000,4.025000,4.027000,4.029000,4.018000,4.025000,changed
2026-02-23 19:20:00+00:00,2026-10-06T19:55:57Z,4.023000,4.031000,4.023000,4.029000,4.027000,4.031000,4.021000,4.029000,changed
2026-02-25 14:20:00+00:00,2026-10-06T19:55:57Z,4.056000,4.058000,4.050000,4.050000,4.050000,4.058000,4.050000,4.050000,changed
2026-02-25 15:20:00+00:00,2026-10-06T19:55:57Z,4.056000,4.058000,4.044000,4.046000,4.056000,4.056000,4.044000,4.046000,changed
2026-02-25 16:20:00+00:00,2026-10-06T19:55:57Z,4.052000,4.052000,4.035000,4.037000,4.046000,4.048000,4.035000,4.037000,changed
2026-02-25 17:20:00+00:00,2026-10-06T19:55:57Z,4.044000,4.044000,4.035000,4.039000,4.042000,4.042000,4.035000,4.039000,changed
2026-02-25 18:20:00+00:00,2026-10-06T19:55:57Z,4.035000,4.048000,4.035000,4.048000,4.037000,4.048000,4.037000,4.048000,changed
2026-02-25 19:20:00+00:00,2026-10-06T19:55:57Z,4.040000,4.050000,4.040000,4.048000,4.046000,4.050000,4.044000,4.048000,changed
2026-02-27 14:20:00+00:00,2026-10-06T19:55:57Z,3.987000,3.987000,3.970000,3.981000,3.987000,3.994000,3.970000,3.981000,changed
2026-02-27 15:20:00+00:00,2026-10-06T19:55:57Z,3.975000,3.983000,3.974000,3.975000,3.977000,3.983000,3.970000,3.975000,changed
2026-02-27 16:20:00+00:00,2026-10-06T19:55:57Z,3.975000,3.977000,3.968000,3.975000,3.979000,3.983000,3.968000,3.975000,changed
2026-02-27 17:20:00+00:00,2026-10-06T19:55:57Z,3.970000,3.975000,3.966000,3.966000,3.974000,3.975000,3.966000,3.966000,changed
2026-02-27 18:20:00+00:00,2026-10-06T19:55:57Z,3.972000,3.972000,3.958000,3.958000,3.970000,3.975000,3.958000,3.958000,changed
2026-02-27 19:20:00+00:00,2026-10-06T19:55:57Z,3.964000,3.964000,3.956000,3.962000,3.968000,3.968000,3.956000,3.962000,changed
