bar_open,run_utc,old_open,old_high,old_low,old_close,new_open,new_high,new_low,new_close,kind
2024-08-01 01:00:00+00:00,2026-10-03T10:38:11Z,2492.000000,2502.800049,2490.500000,2495.500000,2492.000000,2502.800049,2452.600098,2495.500000,changed
2024-08-01 05:00:00+00:00,2026-10-03T10:38:11Z,2488.399902,2492.300049,2487.699951,2491.000000,2488.399902,2492.300049,2442.500000,2491.000000,changed
2024-08-01 06:00:00+00:00,2026-10-03T10:38:11Z,2490.899902,2492.899902,2488.300049,2489.100098,2490.899902,2492.899902,2445.800049,2489.100098,changed
2024-08-01 07:00:00+00:00,2026-10-03T10:38:11Z,2489.199951,2489.300049,2484.000000,2484.399902,2489.199951,2489.199951,2442.000000,2484.399902,changed
2024-08-01 09:00:00+00:00,2026-10-03T10:38:11Z,2478.000000,2479.399902,2474.000000,2476.800049,2478.000000,2479.399902,2430.399902,2476.800049,changed
2024-08-01 10:00:00+00:00,2026-10-03T10:38:11Z,2476.899902,2480.800049,2475.899902,2479.199951,2476.899902,2480.800049,2431.600098,2479.199951,changed
2024-08-01 11:00:00+00:00,2026-10-03T10:38:11Z,2479.199951,2487.399902,2478.300049,2485.000000,2479.199951,2487.399902,2433.899902,2485.000000,changed
2024-08-01 12:00:00+00:00,2026-10-03T10:38:11Z,2485.100098,2499.399902,2484.600098,2495.300049,2485.100098,2499.399902,2446.199951,2495.300049,changed
2024-08-01 13:00:00+00:00,2026-10-03T10:38:11Z,2495.000000,2501.899902,2492.699951,2497.800049,2495.000000,2501.899902,2452.100098,2497.800049,changed
2024-08-01 14:00:00+00:00,2026-10-03T10:38:11Z,2498.100098,2506.600098,2487.300049,2492.800049,2498.100098,2506.600098,2443.399902,2492.800049,changed
2024-08-01 15:00:00+00:00,2026-10-03T10:38:11Z,2492.699951,2496.199951,2486.399902,2489.399902,2492.699951,2496.199951,2442.899902,2489.399902,changed
2024-08-01 16:00:00+00:00,2026-10-03T10:38:11Z,2489.300049,2492.800049,2487.500000,2488.600098,2489.300049,2492.800049,2442.899902,2488.600098,changed
2024-08-01 17:00:00+00:00,2026-10-03T10:38:11Z,2488.600098,2488.800049,2479.500000,2483.199951,2488.600098,2488.800049,2434.800049,2483.199951,changed
2024-08-01 18:00:00+00:00,2026-10-03T10:38:11Z,2483.100098,2484.699951,2478.600098,2483.500000,2483.100098,2484.699951,2436.300049,2483.500000,changed
2024-08-01 20:00:00+00:00,2026-10-03T10:38:11Z,2487.300049,2492.000000,2486.199951,2490.899902,2487.300049,2492.000000,2441.800049,2490.899902,changed
2024-08-01 22:00:00+00:00,2026-10-03T10:38:11Z,2490.800049,2491.500000,2487.800049,2489.399902,2490.800049,2491.500000,2444.000000,2489.399902,changed
2024-08-02 01:00:00+00:00,2026-10-03T10:38:11Z,2493.199951,2495.000000,2479.500000,2491.600098,2493.199951,2494.800049,2436.800049,2491.600098,changed
2024-08-02 03:00:00+00:00,2026-10-03T10:38:11Z,2499.899902,2503.800049,2496.000000,2498.699951,2499.899902,2503.800049,2457.100098,2498.699951,changed
2024-08-02 05:00:00+00:00,2026-10-03T10:38:11Z,2501.899902,2511.500000,2501.800049,2511.300049,2501.899902,2511.500000,2458.500000,2511.300049,changed
2024-08-02 07:00:00+00:00,2026-10-03T10:38:11Z,2509.699951,2510.899902,2504.399902,2505.800049,2509.699951,2510.899902,2460.699951,2505.800049,changed
2024-08-02 10:00:00+00:00,2026-10-03T10:38:11Z,2508.399902,2509.899902,2505.300049,2507.899902,2508.399902,2509.899902,2462.699951,2507.899902,changed
2024-08-02 11:00:00+00:00,2026-10-03T10:38:11Z,2508.000000,2509.199951,2501.800049,2503.500000,2508.000000,2509.199951,2458.699951,2503.500000,changed
2024-08-02 12:00:00+00:00,2026-10-03T10:38:11Z,2503.300049,2522.500000,2499.899902,2517.100098,2503.300049,2522.500000,2473.399902,2517.100098,changed
2024-08-02 13:00:00+00:00,2026-10-03T10:38:11Z,2517.000000,2518.600098,2499.399902,2513.000000,2517.000000,2518.600098,2463.500000,2513.800049,changed
2024-08-02 14:00:00+00:00,2026-10-03T10:38:11Z,2516.800049,2518.399902,2471.699951,2474.399902,2513.699951,2518.399902,2428.399902,2474.399902,changed
2024-08-02 15:00:00+00:00,2026-10-03T10:38:11Z,2474.300049,2478.899902,2453.100098,2476.100098,2474.300049,2478.899902,2416.000000,2476.100098,changed
2024-08-02 16:00:00+00:00,2026-10-03T10:38:11Z,2476.300049,2482.399902,2469.100098,2473.199951,2475.699951,2482.399902,2425.399902,2473.199951,changed
2024-08-02 17:00:00+00:00,2026-10-03T10:38:11Z,2473.100098,2474.399902,2465.500000,2470.500000,2473.100098,2474.399902,2426.399902,2470.500000,changed
2024-08-02 18:00:00+00:00,2026-10-03T10:38:11Z,2470.600098,2476.500000,2469.500000,2471.899902,2470.600098,2476.500000,2426.899902,2471.899902,changed
2024-08-02 19:00:00+00:00,2026-10-03T10:38:11Z,2471.899902,2480.800049,2468.399902,2480.000000,2471.899902,2480.800049,2433.800049,2480.000000,changed
2024-08-02 20:00:00+00:00,2026-10-03T10:38:11Z,2480.000000,2486.600098,2478.100098,2486.100098,2480.000000,2486.600098,2440.199951,2486.100098,changed
2024-08-04 22:00:00+00:00,2026-10-03T10:38:11Z,2490.300049,2490.399902,2480.100098,2483.500000,2490.300049,2490.399902,2442.000000,2483.500000,changed
2024-08-05 00:00:00+00:00,2026-10-03T10:38:11Z,2483.199951,2483.199951,2455.699951,2464.300049,2483.199951,2483.199951,2422.100098,2464.300049,changed
2024-08-05 01:00:00+00:00,2026-10-03T10:38:11Z,2463.699951,2484.199951,2462.100098,2481.600098,2463.699951,2484.199951,2418.899902,2481.600098,changed
2024-08-05 02:00:00+00:00,2026-10-03T10:38:11Z,2481.500000,2488.500000,2475.100098,2484.699951,2481.500000,2488.500000,2436.000000,2484.699951,changed
2024-08-05 05:00:00+00:00,2026-10-03T10:38:11Z,2494.600098,2494.600098,2473.600098,2479.699951,2494.600098,2494.600098,2435.000000,2479.699951,changed
2024-08-05 06:00:00+00:00,2026-10-03T10:38:11Z,2479.600098,2480.300049,2463.600098,2470.000000,2479.600098,2480.300049,2430.000000,2470.000000,changed
2024-08-05 07:00:00+00:00,2026-10-03T10:38:11Z,2470.000000,2485.100098,2465.899902,2473.199951,2470.000000,2485.100098,2426.000000,2473.199951,changed
2024-08-05 08:00:00+00:00,2026-10-03T10:38:11Z,2473.300049,2475.800049,2464.100098,2465.800049,2473.300049,2475.800049,2423.199951,2465.800049,changed
2024-08-05 09:00:00+00:00,2026-10-03T10:38:11Z,2466.100098,2469.699951,2460.000000,2464.899902,2466.100098,2469.600098,2418.000000,2464.899902,changed
2024-08-05 10:00:00+00:00,2026-10-03T10:38:11Z,2465.000000,2466.399902,2448.600098,2449.100098,2465.000000,2466.399902,2406.000000,2449.100098,changed
2024-08-05 11:00:00+00:00,2026-10-03T10:38:11Z,2449.000000,2449.000000,2423.100098,2426.800049,2449.000000,2449.000000,2400.000000,2426.800049,changed
2024-08-05 12:00:00+00:00,2026-10-03T10:38:11Z,2426.899902,2433.000000,2403.800049,2414.100098,2426.899902,2433.000000,2367.399902,2414.100098,changed
2024-08-05 13:00:00+00:00,2026-10-03T10:38:11Z,2414.199951,2437.399902,2414.199951,2434.100098,2414.199951,2437.399902,2375.100098,2434.100098,changed
2024-08-05 14:00:00+00:00,2026-10-03T10:38:11Z,2433.399902,2438.000000,2426.100098,2437.100098,2433.399902,2438.000000,2389.000000,2437.100098,changed
2024-08-05 15:00:00+00:00,2026-10-03T10:38:11Z,2436.899902,2452.800049,2436.699951,2443.300049,2436.899902,2452.800049,2399.399902,2443.300049,changed
2024-08-05 19:00:00+00:00,2026-10-03T10:38:11Z,2446.199951,2454.699951,2445.800049,2449.000000,2446.199951,2454.699951,2406.399902,2449.000000,changed
2024-08-06 01:00:00+00:00,2026-10-03T10:38:11Z,2457.100098,2459.000000,2451.699951,2453.399902,2457.100098,2459.000000,2414.500000,2453.399902,changed
2024-08-06 04:00:00+00:00,2026-10-03T10:38:11Z,2449.500000,2453.399902,2447.300049,2448.500000,2449.500000,2453.399902,2409.100098,2448.500000,changed
2024-08-06 05:00:00+00:00,2026-10-03T10:38:11Z,2448.600098,2452.300049,2438.500000,2439.199951,2448.600098,2452.300049,2402.699951,2439.199951,changed
2024-08-06 06:00:00+00:00,2026-10-03T10:38:11Z,2439.399902,2448.899902,2434.600098,2442.000000,2439.399902,2448.899902,2399.600098,2442.000000,changed
2024-08-06 09:00:00+00:00,2026-10-03T10:38:11Z,2451.699951,2456.199951,2450.800049,2454.100098,2451.699951,2455.500000,2450.800049,2454.100098,changed
2024-08-06 11:00:00+00:00,2026-10-03T10:38:11Z,2453.000000,2456.000000,2450.699951,2451.699951,2453.000000,2456.000000,2412.899902,2451.699951,changed
2024-08-06 12:00:00+00:00,2026-10-03T10:38:11Z,2451.699951,2452.899902,2432.100098,2433.399902,2451.699951,2452.899902,2393.899902,2433.399902,changed
2024-08-06 13:00:00+00:00,2026-10-03T10:38:11Z,2433.399902,2439.899902,2429.300049,2436.199951,2433.399902,2439.899902,2392.899902,2436.199951,changed
2024-08-06 14:00:00+00:00,2026-10-03T10:38:11Z,2436.199951,2444.100098,2426.899902,2429.199951,2436.199951,2444.100098,2385.800049,2429.199951,changed
2024-08-06 15:00:00+00:00,2026-10-03T10:38:11Z,2429.199951,2431.699951,2421.800049,2428.399902,2429.199951,2431.699951,2380.000000,2428.399902,changed
2024-08-06 16:00:00+00:00,2026-10-03T10:38:11Z,2428.500000,2432.500000,2426.399902,2431.000000,2428.500000,2432.500000,2385.300049,2431.000000,changed
2024-08-06 17:00:00+00:00,2026-10-03T10:38:11Z,2431.000000,2434.600098,2428.600098,2434.199951,2431.000000,2434.600098,2387.399902,2432.899902,changed
2024-08-06 18:00:00+00:00,2026-10-03T10:38:11Z,2433.000000,2437.100098,2432.399902,2433.899902,2432.899902,2437.100098,2392.699951,2433.899902,changed
2024-08-06 20:00:00+00:00,2026-10-03T10:38:11Z,2429.000000,2432.100098,2428.100098,2432.100098,2429.000000,2432.100098,2387.399902,2432.100098,changed
2024-08-07 04:00:00+00:00,2026-10-03T10:38:11Z,2426.000000,2434.800049,2425.699951,2433.000000,2426.000000,2434.800049,2392.199951,2433.000000,changed
2024-08-07 05:00:00+00:00,2026-10-03T10:38:11Z,2432.699951,2436.199951,2428.399902,2431.300049,2432.699951,2436.199951,2394.000000,2431.300049,changed
2024-08-07 06:00:00+00:00,2026-10-03T10:38:11Z,2431.300049,2437.600098,2429.399902,2434.500000,2389.800049,2437.600098,2387.300049,2434.500000,changed
2024-08-07 07:00:00+00:00,2026-10-03T10:38:11Z,2434.699951,2434.800049,2428.000000,2429.300049,2434.699951,2434.800049,2386.500000,2429.300049,changed
2024-08-07 08:00:00+00:00,2026-10-03T10:38:11Z,2429.199951,2433.600098,2428.000000,2433.199951,2429.199951,2433.600098,2391.000000,2433.199951,changed
2024-08-07 09:00:00+00:00,2026-10-03T10:38:11Z,2433.399902,2436.500000,2432.500000,2434.399902,2433.399902,2436.500000,2432.600098,2434.399902,changed
2024-08-07 10:00:00+00:00,2026-10-03T10:38:11Z,2434.500000,2438.399902,2433.199951,2437.600098,2434.500000,2438.399902,2392.699951,2437.600098,changed
2024-08-07 12:00:00+00:00,2026-10-03T10:38:11Z,2441.399902,2447.300049,2439.199951,2444.100098,2441.399902,2447.300049,2398.100098,2444.100098,changed
2024-08-07 13:00:00+00:00,2026-10-03T10:38:11Z,2444.300049,2445.300049,2436.699951,2440.300049,2444.300049,2445.300049,2397.100098,2440.300049,changed
2024-08-07 14:00:00+00:00,2026-10-03T10:38:11Z,2440.100098,2443.500000,2438.100098,2439.199951,2440.100098,2443.500000,2400.199951,2439.199951,changed
2024-08-07 16:00:00+00:00,2026-10-03T10:38:11Z,2434.699951,2440.100098,2433.100098,2439.899902,2434.699951,2440.100098,2394.300049,2439.899902,changed
2024-08-07 17:00:00+00:00,2026-10-03T10:38:11Z,2439.899902,2440.000000,2429.600098,2430.000000,2439.899902,2440.000000,2393.699951,2430.000000,changed
2024-08-07 18:00:00+00:00,2026-10-03T10:38:11Z,2429.899902,2432.000000,2423.899902,2426.300049,2429.899902,2432.000000,2387.000000,2426.300049,changed
2024-08-07 19:00:00+00:00,2026-10-03T10:38:11Z,2426.199951,2430.699951,2425.300049,2425.500000,2426.199951,2430.699951,2384.500000,2425.600098,changed
2024-08-07 20:00:00+00:00,2026-10-03T10:38:11Z,2426.100098,2427.399902,2421.699951,2423.500000,2425.699951,2427.399902,2421.699951,2423.500000,changed
2024-08-08 00:00:00+00:00,2026-10-03T10:38:11Z,2423.899902,2427.899902,2422.300049,2424.300049,2423.899902,2427.899902,2384.300049,2424.300049,changed
2024-08-08 03:00:00+00:00,2026-10-03T10:38:11Z,2429.500000,2433.800049,2427.800049,2433.000000,2429.500000,2433.800049,2387.699951,2433.000000,changed
2024-08-08 07:00:00+00:00,2026-10-03T10:38:11Z,2436.500000,2439.100098,2434.100098,2435.600098,2436.500000,2439.100098,2433.500000,2435.600098,changed
2024-08-08 10:00:00+00:00,2026-10-03T10:38:11Z,2435.100098,2445.699951,2435.100098,2444.500000,2435.100098,2445.699951,2397.699951,2444.500000,changed
2024-08-08 12:00:00+00:00,2026-10-03T10:38:11Z,2451.699951,2455.300049,2446.600098,2447.399902,2451.699951,2455.300049,2446.500000,2447.399902,changed
2024-08-08 13:00:00+00:00,2026-10-03T10:38:11Z,2447.399902,2454.899902,2441.199951,2453.399902,2447.399902,2454.899902,2403.500000,2453.399902,changed
2024-08-08 14:00:00+00:00,2026-10-03T10:38:11Z,2453.399902,2464.000000,2448.500000,2453.199951,2453.399902,2464.000000,2409.300049,2453.100098,changed
2024-08-08 15:00:00+00:00,2026-10-03T10:38:11Z,2453.300049,2459.800049,2451.300049,2458.100098,2452.100098,2459.800049,2451.899902,2458.100098,changed
2024-08-08 17:00:00+00:00,2026-10-03T10:38:11Z,2457.600098,2464.500000,2455.300049,2463.000000,2457.600098,2464.500000,2419.500000,2463.000000,changed
2024-08-09 01:00:00+00:00,2026-10-03T10:38:11Z,2463.300049,2467.199951,2459.399902,2466.699951,2463.300049,2467.199951,2422.300049,2466.699951,changed
2024-08-09 04:00:00+00:00,2026-10-03T10:38:11Z,2460.500000,2464.000000,2459.699951,2463.399902,2460.500000,2464.000000,2459.699951,2463.300049,changed
2024-08-09 05:00:00+00:00,2026-10-03T10:38:11Z,2462.600098,2463.100098,2456.399902,2456.500000,2463.199951,2463.399902,2456.399902,2456.500000,changed
2024-08-09 06:00:00+00:00,2026-10-03T10:38:11Z,2456.300049,2461.100098,2456.100098,2460.000000,2456.300049,2461.100098,2418.500000,2460.000000,changed
2024-08-09 08:00:00+00:00,2026-10-03T10:38:11Z,2462.399902,2465.899902,2461.199951,2463.500000,2462.399902,2465.899902,2420.899902,2463.500000,changed
2024-08-09 12:00:00+00:00,2026-10-03T10:38:11Z,2465.899902,2469.300049,2462.699951,2469.000000,2465.899902,2469.300049,2422.399902,2469.000000,changed
2024-08-09 13:00:00+00:00,2026-10-03T10:38:11Z,2469.199951,2472.699951,2460.000000,2466.100098,2469.000000,2472.699951,2420.100098,2466.100098,changed
2024-08-09 15:00:00+00:00,2026-10-03T10:38:11Z,2467.800049,2471.899902,2465.800049,2470.899902,2467.800049,2471.899902,2465.800049,2470.600098,changed
2024-08-09 16:00:00+00:00,2026-10-03T10:38:11Z,2471.800049,2474.000000,2466.600098,2473.899902,2470.800049,2474.000000,2427.399902,2473.899902,changed
2024-08-09 18:00:00+00:00,2026-10-03T10:38:11Z,2470.100098,2470.300049,2466.600098,2469.300049,2470.100098,2470.300049,2425.899902,2469.300049,changed
2024-08-09 19:00:00+00:00,2026-10-03T10:38:11Z,2469.300049,2469.600098,2466.699951,2468.600098,2469.300049,2469.600098,2426.000000,2468.600098,changed
2024-08-09 20:00:00+00:00,2026-10-03T10:38:11Z,2468.600098,2470.699951,2468.500000,2470.600098,2468.600098,2470.699951,2429.199951,2470.600098,changed
2024-08-12 06:00:00+00:00,2026-10-03T10:38:11Z,2473.399902,2476.199951,2472.399902,2475.699951,2473.399902,2476.199951,2432.000000,2475.699951,changed
2024-08-12 08:00:00+00:00,2026-10-03T10:38:11Z,2481.100098,2482.899902,2478.899902,2481.000000,2481.100098,2482.899902,2437.699951,2481.000000,changed
2024-08-12 12:00:00+00:00,2026-10-03T10:38:11Z,2480.699951,2484.800049,2480.500000,2483.800049,2480.699951,2484.800049,2442.000000,2483.800049,changed
2024-08-12 13:00:00+00:00,2026-10-03T10:38:11Z,2483.899902,2497.199951,2481.399902,2493.699951,2483.899902,2497.199951,2440.800049,2493.699951,changed
2024-08-12 14:00:00+00:00,2026-10-03T10:38:11Z,2493.699951,2495.100098,2483.699951,2492.800049,2493.699951,2495.100098,2443.699951,2492.800049,changed
2024-08-12 16:00:00+00:00,2026-10-03T10:38:11Z,2499.300049,2505.800049,2498.500000,2502.899902,2499.300049,2505.800049,2461.000000,2502.899902,changed
2024-08-12 19:00:00+00:00,2026-10-03T10:38:11Z,2510.300049,2511.899902,2509.800049,2510.600098,2510.300049,2512.399902,2468.600098,2510.600098,changed
2024-08-12 20:00:00+00:00,2026-10-03T10:38:11Z,2510.699951,2513.399902,2510.500000,2513.399902,2510.699951,2513.399902,2469.600098,2513.399902,changed
2024-08-13 01:00:00+00:00,2026-10-03T10:38:11Z,2511.899902,2513.699951,2501.199951,2506.699951,2511.899902,2513.699951,2461.000000,2506.699951,changed
2024-08-13 05:00:00+00:00,2026-10-03T10:38:11Z,2502.199951,2504.500000,2498.699951,2503.000000,2502.199951,2504.500000,2458.600098,2503.000000,changed
2024-08-13 06:00:00+00:00,2026-10-03T10:38:11Z,2503.100098,2504.600098,2501.300049,2503.399902,2503.100098,2504.699951,2459.699951,2503.399902,changed
2024-08-13 07:00:00+00:00,2026-10-03T10:38:11Z,2503.300049,2505.500000,2500.500000,2503.800049,2503.300049,2505.899902,2500.500000,2503.800049,changed
2024-08-13 08:00:00+00:00,2026-10-03T10:38:11Z,2503.899902,2503.899902,2498.199951,2499.899902,2503.899902,2503.899902,2456.500000,2499.899902,changed
2024-08-13 09:00:00+00:00,2026-10-03T10:38:11Z,2499.899902,2501.899902,2498.300049,2500.000000,2499.899902,2501.899902,2457.199951,2500.000000,changed
2024-08-13 10:00:00+00:00,2026-10-03T10:38:11Z,2500.000000,2502.899902,2498.399902,2501.399902,2500.000000,2502.899902,2458.500000,2501.399902,changed
2024-08-13 11:00:00+00:00,2026-10-03T10:38:11Z,2501.399902,2506.399902,2500.600098,2505.300049,2501.399902,2506.399902,2459.500000,2505.300049,changed
2024-08-13 12:00:00+00:00,2026-10-03T10:38:11Z,2505.300049,2512.500000,2503.699951,2507.300049,2505.300049,2512.500000,2463.199951,2507.300049,changed
2024-08-13 13:00:00+00:00,2026-10-03T10:38:11Z,2507.300049,2514.899902,2498.199951,2514.699951,2507.300049,2515.600098,2463.199951,2512.399902,changed
2024-08-13 14:00:00+00:00,2026-10-03T10:38:11Z,2511.899902,2512.800049,2503.199951,2511.000000,2512.399902,2512.800049,2469.699951,2511.000000,changed
2024-08-13 15:00:00+00:00,2026-10-03T10:38:11Z,2511.100098,2512.800049,2505.500000,2508.300049,2511.100098,2512.800049,2468.199951,2508.300049,changed
2024-08-13 16:00:00+00:00,2026-10-03T10:38:11Z,2508.300049,2510.800049,2505.899902,2509.199951,2508.300049,2510.800049,2469.000000,2509.199951,changed
2024-08-13 18:00:00+00:00,2026-10-03T10:38:11Z,2507.300049,2508.699951,2506.199951,2507.600098,2507.300049,2508.699951,2466.800049,2507.600098,changed
2024-08-13 20:00:00+00:00,2026-10-03T10:38:11Z,2506.800049,2507.500000,2504.300049,2504.899902,2506.800049,2507.500000,2465.300049,2504.899902,changed
2024-08-14 07:00:00+00:00,2026-10-03T10:38:11Z,2506.199951,2510.399902,2505.300049,2509.699951,2506.199951,2510.800049,2468.000000,2509.699951,changed
2024-08-14 12:00:00+00:00,2026-10-03T10:38:11Z,2513.800049,2519.699951,2500.800049,2507.899902,2513.800049,2519.699951,2472.100098,2507.899902,changed
2024-08-14 13:00:00+00:00,2026-10-03T10:38:11Z,2507.899902,2508.800049,2487.699951,2496.199951,2507.899902,2508.800049,2450.000000,2496.199951,changed
2024-08-14 14:00:00+00:00,2026-10-03T10:38:11Z,2496.100098,2497.100098,2485.399902,2488.600098,2496.100098,2497.100098,2445.199951,2488.600098,changed
2024-08-14 15:00:00+00:00,2026-10-03T10:38:11Z,2488.600098,2490.699951,2480.300049,2482.600098,2488.600098,2490.699951,2448.500000,2482.600098,changed
2024-08-14 19:00:00+00:00,2026-10-03T10:38:11Z,2486.000000,2486.800049,2482.600098,2485.500000,2486.000000,2486.800049,2445.600098,2485.500000,changed
2024-08-14 20:00:00+00:00,2026-10-03T10:38:11Z,2485.600098,2486.800049,2484.800049,2486.000000,2485.600098,2486.800049,2444.699951,2486.000000,changed
2024-08-15 00:00:00+00:00,2026-10-03T10:38:11Z,2486.899902,2491.500000,2479.699951,2487.300049,2486.899902,2491.500000,2486.000000,2487.300049,changed
2024-08-15 04:00:00+00:00,2026-10-03T10:38:11Z,2491.300049,2493.000000,2490.300049,2490.899902,2491.300049,2493.000000,2451.800049,2490.899902,changed
2024-08-15 07:00:00+00:00,2026-10-03T10:38:11Z,2493.600098,2494.300049,2492.000000,2493.300049,2493.600098,2494.300049,2491.899902,2493.300049,changed
2024-08-15 08:00:00+00:00,2026-10-03T10:38:11Z,2493.399902,2494.899902,2491.199951,2493.000000,2493.399902,2494.899902,2454.000000,2493.000000,changed
2024-08-15 10:00:00+00:00,2026-10-03T10:38:11Z,2494.300049,2497.899902,2494.300049,2495.699951,2494.300049,2497.899902,2457.000000,2495.699951,changed
2024-08-15 11:00:00+00:00,2026-10-03T10:38:11Z,2495.699951,2501.899902,2495.300049,2501.100098,2495.699951,2501.899902,2459.899902,2501.100098,changed
2024-08-15 12:00:00+00:00,2026-10-03T10:38:11Z,2501.300049,2508.000000,2478.000000,2478.399902,2501.300049,2508.000000,2448.500000,2478.399902,changed
2024-08-15 13:00:00+00:00,2026-10-03T10:38:11Z,2478.500000,2488.800049,2469.199951,2481.899902,2478.500000,2488.800049,2431.199951,2481.899902,changed
2024-08-15 14:00:00+00:00,2026-10-03T10:38:11Z,2481.699951,2496.500000,2481.699951,2490.000000,2481.699951,2496.500000,2443.100098,2490.000000,changed
2024-08-15 15:00:00+00:00,2026-10-03T10:38:11Z,2489.800049,2497.300049,2488.300049,2496.100098,2489.800049,2497.300049,2454.500000,2496.100098,changed
2024-08-15 16:00:00+00:00,2026-10-03T10:38:11Z,2496.100098,2497.699951,2492.600098,2493.199951,2496.100098,2497.699951,2454.899902,2493.199951,changed
2024-08-15 18:00:00+00:00,2026-10-03T10:38:11Z,2493.300049,2496.199951,2492.500000,2496.100098,2493.300049,2496.199951,2453.899902,2496.100098,changed
2024-08-15 19:00:00+00:00,2026-10-03T10:38:11Z,2496.199951,2499.399902,2491.899902,2493.500000,2496.199951,2499.399902,2455.600098,2493.500000,changed
2024-08-15 22:00:00+00:00,2026-10-03T10:38:11Z,2494.399902,2494.699951,2492.000000,2492.399902,2494.399902,2494.699951,2453.500000,2492.399902,changed
2024-08-16 06:00:00+00:00,2026-10-03T10:38:11Z,2493.100098,2495.399902,2491.899902,2492.399902,2493.100098,2495.399902,2453.699951,2492.399902,changed
2024-08-16 07:00:00+00:00,2026-10-03T10:38:11Z,2492.399902,2501.899902,2489.399902,2499.300049,2492.399902,2501.899902,2451.399902,2499.300049,changed
2024-08-16 10:00:00+00:00,2026-10-03T10:38:11Z,2500.800049,2506.000000,2500.399902,2502.300049,2500.800049,2506.000000,2462.199951,2502.300049,changed
2024-08-16 11:00:00+00:00,2026-10-03T10:38:11Z,2502.399902,2510.300049,2502.399902,2510.000000,2502.399902,2510.300049,2466.500000,2510.000000,changed
2024-08-16 12:00:00+00:00,2026-10-03T10:38:11Z,2510.000000,2531.399902,2509.300049,2530.500000,2510.000000,2531.399902,2488.199951,2530.500000,changed
2024-08-16 13:00:00+00:00,2026-10-03T10:38:11Z,2530.600098,2538.699951,2522.199951,2533.300049,2530.600098,2538.699951,2486.000000,2533.300049,changed
2024-08-16 14:00:00+00:00,2026-10-03T10:38:11Z,2533.300049,2533.899902,2515.800049,2525.600098,2533.300049,2533.899902,2481.199951,2525.600098,changed
2024-08-16 17:00:00+00:00,2026-10-03T10:38:11Z,2534.300049,2538.699951,2531.399902,2538.199951,2534.300049,2538.699951,2498.300049,2538.199951,changed
2024-08-16 19:00:00+00:00,2026-10-03T10:38:11Z,2542.000000,2547.399902,2540.199951,2546.500000,2542.000000,2547.399902,2504.399902,2546.500000,changed
2024-08-16 20:00:00+00:00,2026-10-03T10:38:11Z,2546.500000,2548.300049,2543.800049,2546.199951,2546.500000,2548.300049,2508.000000,2546.100098,changed
2024-08-18 22:00:00+00:00,2026-10-03T10:38:11Z,2549.699951,2549.899902,2540.899902,2543.600098,2549.699951,2549.899902,2502.800049,2543.600098,changed
2024-08-19 01:00:00+00:00,2026-10-03T10:38:11Z,2541.100098,2545.000000,2533.699951,2537.000000,2541.100098,2545.000000,2497.699951,2537.000000,changed
2024-08-19 05:00:00+00:00,2026-10-03T10:38:11Z,2539.500000,2541.100098,2537.899902,2539.899902,2539.500000,2541.100098,2499.800049,2539.899902,changed
2024-08-19 06:00:00+00:00,2026-10-03T10:38:11Z,2539.600098,2543.600098,2538.300049,2540.500000,2539.600098,2543.600098,2504.300049,2540.500000,changed
2024-08-19 07:00:00+00:00,2026-10-03T10:38:11Z,2540.600098,2543.399902,2537.899902,2541.199951,2540.600098,2543.399902,2500.300049,2541.199951,changed
2024-08-19 08:00:00+00:00,2026-10-03T10:38:11Z,2541.199951,2545.800049,2540.699951,2541.500000,2541.199951,2545.800049,2501.300049,2541.500000,changed
2024-08-19 11:00:00+00:00,2026-10-03T10:38:11Z,2527.800049,2533.500000,2524.399902,2532.800049,2527.800049,2533.500000,2487.199951,2532.800049,changed
2024-08-19 12:00:00+00:00,2026-10-03T10:38:11Z,2532.899902,2533.800049,2526.399902,2529.399902,2532.899902,2533.800049,2492.199951,2529.399902,changed
2024-08-19 18:00:00+00:00,2026-10-03T10:38:11Z,2541.500000,2543.399902,2540.899902,2542.800049,2541.500000,2543.399902,2502.300049,2542.800049,changed
2024-08-19 22:00:00+00:00,2026-10-03T10:38:11Z,2542.399902,2542.899902,2540.199951,2542.500000,2542.399902,2542.899902,2503.500000,2542.500000,changed
2024-08-20 06:00:00+00:00,2026-10-03T10:38:11Z,2537.199951,2543.800049,2535.100098,2540.500000,2537.199951,2543.800049,2500.699951,2540.500000,changed
2024-08-20 07:00:00+00:00,2026-10-03T10:38:11Z,2540.399902,2553.699951,2539.300049,2553.199951,2540.399902,2553.699951,2505.100098,2553.199951,changed
2024-08-20 12:00:00+00:00,2026-10-03T10:38:11Z,2565.000000,2568.000000,2560.199951,2565.199951,2565.000000,2568.000000,2525.000000,2565.199951,changed
2024-08-20 13:00:00+00:00,2026-10-03T10:38:11Z,2565.300049,2570.399902,2558.300049,2568.500000,2565.300049,2570.399902,2526.100098,2568.500000,changed
2024-08-20 14:00:00+00:00,2026-10-03T10:38:11Z,2568.399902,2568.800049,2558.399902,2562.100098,2568.399902,2568.800049,2526.500000,2562.100098,changed
2024-08-20 15:00:00+00:00,2026-10-03T10:38:11Z,2562.100098,2562.300049,2543.600098,2546.399902,2562.100098,2562.300049,2509.300049,2546.399902,changed
2024-08-20 16:00:00+00:00,2026-10-03T10:38:11Z,2546.600098,2548.600098,2538.600098,2547.100098,2546.600098,2548.600098,2508.000000,2547.100098,changed
2024-08-20 18:00:00+00:00,2026-10-03T10:38:11Z,2548.699951,2553.800049,2547.500000,2551.699951,2548.699951,2553.800049,2513.699951,2551.699951,changed
2024-08-20 19:00:00+00:00,2026-10-03T10:38:11Z,2551.600098,2553.500000,2549.000000,2553.199951,2551.600098,2553.500000,2512.500000,2553.199951,changed
2024-08-21 11:00:00+00:00,2026-10-03T10:38:11Z,2547.699951,2552.000000,2545.000000,2549.899902,2547.699951,2552.000000,2511.000000,2549.899902,changed
2024-08-21 12:00:00+00:00,2026-10-03T10:38:11Z,2550.000000,2552.000000,2544.899902,2548.399902,2550.000000,2552.000000,2506.899902,2548.399902,changed
2024-08-21 14:00:00+00:00,2026-10-03T10:38:11Z,2540.699951,2544.500000,2528.199951,2539.100098,2540.699951,2544.500000,2503.899902,2539.100098,changed
2024-08-21 17:00:00+00:00,2026-10-03T10:38:11Z,2544.800049,2549.199951,2544.699951,2547.300049,2544.800049,2549.199951,2508.199951,2547.300049,changed
2024-08-21 18:00:00+00:00,2026-10-03T10:38:11Z,2547.199951,2557.300049,2547.000000,2554.199951,2547.199951,2557.300049,2515.399902,2554.199951,changed
2024-08-22 06:00:00+00:00,2026-10-03T10:38:11Z,2542.000000,2547.199951,2539.699951,2543.800049,2542.000000,2547.199951,2504.100098,2543.800049,changed
2024-08-22 12:00:00+00:00,2026-10-03T10:38:11Z,2535.699951,2541.899902,2531.300049,2536.899902,2535.699951,2541.899902,2495.699951,2536.899902,changed
2024-08-22 13:00:00+00:00,2026-10-03T10:38:11Z,2536.899902,2537.899902,2518.699951,2523.500000,2536.899902,2537.899902,2484.600098,2523.500000,changed
2024-08-22 14:00:00+00:00,2026-10-03T10:38:11Z,2523.699951,2523.699951,2506.399902,2515.899902,2523.699951,2523.699951,2471.100098,2515.899902,changed
2024-08-22 15:00:00+00:00,2026-10-03T10:38:11Z,2515.800049,2520.199951,2510.699951,2517.899902,2515.800049,2520.199951,2475.699951,2517.899902,changed
2024-08-22 16:00:00+00:00,2026-10-03T10:38:11Z,2518.000000,2522.100098,2517.399902,2520.199951,2518.000000,2522.100098,2482.399902,2520.199951,changed
2024-08-22 17:00:00+00:00,2026-10-03T10:38:11Z,2520.100098,2520.399902,2515.300049,2517.600098,2520.100098,2520.399902,2515.300049,2517.899902,changed
2024-08-22 18:00:00+00:00,2026-10-03T10:38:11Z,2518.000000,2520.699951,2516.100098,2517.899902,2518.000000,2520.699951,2479.800049,2517.899902,changed
2024-08-23 00:00:00+00:00,2026-10-03T10:38:11Z,2522.899902,2527.899902,2521.899902,2525.399902,2522.899902,2527.899902,2486.500000,2525.399902,changed
2024-08-23 02:00:00+00:00,2026-10-03T10:38:11Z,2526.600098,2527.199951,2522.100098,2525.500000,2526.600098,2527.199951,2486.800049,2525.500000,changed
2024-08-23 13:00:00+00:00,2026-10-03T10:38:11Z,2536.899902,2539.600098,2530.100098,2533.800049,2536.899902,2539.600098,2492.899902,2533.800049,changed
2024-08-23 14:00:00+00:00,2026-10-03T10:38:11Z,2533.899902,2554.199951,2532.100098,2545.000000,2533.899902,2554.199951,2499.000000,2545.000000,changed
2024-08-23 19:00:00+00:00,2026-10-03T10:38:11Z,2545.399902,2548.600098,2543.500000,2546.600098,2545.399902,2548.600098,2506.800049,2546.600098,changed
2024-08-25 22:00:00+00:00,2026-10-03T10:38:11Z,2545.100098,2550.300049,2544.600098,2548.399902,2545.100098,2550.300049,2509.899902,2548.399902,changed
2024-08-25 23:00:00+00:00,2026-10-03T10:38:11Z,2548.399902,2552.100098,2548.399902,2551.300049,2548.399902,2552.100098,2511.899902,2551.300049,changed
2024-08-26 01:00:00+00:00,2026-10-03T10:38:11Z,2549.000000,2550.800049,2546.000000,2548.699951,2549.000000,2550.800049,2509.100098,2548.699951,changed
2024-08-26 07:00:00+00:00,2026-10-03T10:38:11Z,2550.600098,2557.300049,2549.600098,2556.899902,2550.600098,2557.300049,2516.899902,2556.899902,changed
2024-08-26 08:00:00+00:00,2026-10-03T10:38:11Z,2557.000000,2561.699951,2556.300049,2560.000000,2557.000000,2561.600098,2556.300049,2560.000000,changed
2024-08-26 09:00:00+00:00,2026-10-03T10:38:11Z,2560.100098,2561.500000,2559.100098,2561.000000,2560.100098,2561.500000,2523.100098,2561.000000,changed
2024-08-26 11:00:00+00:00,2026-10-03T10:38:11Z,2560.699951,2562.500000,2556.399902,2562.100098,2560.699951,2562.500000,2519.800049,2562.100098,changed
2024-08-26 12:00:00+00:00,2026-10-03T10:38:11Z,2562.199951,2563.199951,2558.199951,2559.500000,2562.199951,2563.199951,2522.100098,2559.500000,changed
2024-08-26 13:00:00+00:00,2026-10-03T10:38:11Z,2559.500000,2562.300049,2551.000000,2551.600098,2559.500000,2562.300049,2515.699951,2551.600098,changed
2024-08-26 14:00:00+00:00,2026-10-03T10:38:11Z,2551.600098,2554.699951,2546.100098,2552.600098,2551.600098,2554.699951,2509.699951,2552.600098,changed
2024-08-27 05:00:00+00:00,2026-10-03T10:38:11Z,2542.300049,2548.800049,2541.699951,2548.600098,2542.300049,2548.800049,2541.699951,2548.800049,changed
2024-08-27 06:00:00+00:00,2026-10-03T10:38:11Z,2548.600098,2552.500000,2547.899902,2549.899902,2548.500000,2552.500000,2547.899902,2549.899902,changed
2024-08-27 07:00:00+00:00,2026-10-03T10:38:11Z,2549.899902,2552.699951,2539.500000,2540.000000,2549.899902,2552.699951,2515.199951,2540.000000,changed
2024-08-27 11:00:00+00:00,2026-10-03T10:38:11Z,2544.100098,2547.699951,2543.699951,2546.600098,2544.100098,2547.699951,2543.899902,2546.600098,changed
2024-08-27 13:00:00+00:00,2026-10-03T10:38:11Z,2544.899902,2550.399902,2538.899902,2547.800049,2544.899902,2550.399902,2506.899902,2547.800049,changed
2024-08-27 16:00:00+00:00,2026-10-03T10:38:11Z,2547.300049,2549.899902,2545.000000,2549.800049,2547.300049,2549.899902,2511.100098,2549.800049,changed
2024-08-27 19:00:00+00:00,2026-10-03T10:38:11Z,2560.000000,2561.100098,2558.399902,2560.399902,2560.000000,2561.100098,2522.300049,2560.399902,changed
2024-08-27 20:00:00+00:00,2026-10-03T10:38:11Z,2560.399902,2561.399902,2559.100098,2560.000000,2560.399902,2561.399902,2522.800049,2560.000000,changed
2024-08-30 07:00:00+00:00,2026-10-03T10:38:11Z,2550.600098,2554.300049,2550.399902,2552.500000,2550.600098,2554.399902,2550.399902,2552.500000,changed
2024-08-30 14:00:00+00:00,2026-10-03T10:38:11Z,2548.800049,2551.399902,2539.300049,2542.100098,2548.800049,2551.699951,2539.300049,2542.100098,changed
2024-08-30 20:00:00+00:00,2026-10-03T10:38:11Z,2534.800049,2536.100098,2534.399902,2535.899902,2534.800049,2536.100098,2534.399902,2536.000000,changed
2024-08-01 01:00:00+00:00,2026-10-03T13:44:48Z,2492.000000,2502.800049,2452.600098,2495.500000,2492.000000,2502.800049,2490.500000,2495.500000,changed
2024-08-01 05:00:00+00:00,2026-10-03T13:44:48Z,2488.399902,2492.300049,2442.500000,2491.000000,2488.399902,2492.300049,2487.699951,2491.000000,changed
2024-08-01 06:00:00+00:00,2026-10-03T13:44:48Z,2490.899902,2492.899902,2445.800049,2489.100098,2490.899902,2492.899902,2488.300049,2489.100098,changed
2024-08-01 07:00:00+00:00,2026-10-03T13:44:48Z,2489.199951,2489.199951,2442.000000,2484.399902,2489.199951,2489.300049,2484.000000,2484.399902,changed
2024-08-01 09:00:00+00:00,2026-10-03T13:44:48Z,2478.000000,2479.399902,2430.399902,2476.800049,2478.000000,2479.399902,2474.000000,2476.800049,changed
2024-08-01 10:00:00+00:00,2026-10-03T13:44:48Z,2476.899902,2480.800049,2431.600098,2479.199951,2476.899902,2480.800049,2475.899902,2479.199951,changed
2024-08-01 11:00:00+00:00,2026-10-03T13:44:48Z,2479.199951,2487.399902,2433.899902,2485.000000,2479.199951,2487.399902,2478.300049,2485.000000,changed
2024-08-01 12:00:00+00:00,2026-10-03T13:44:48Z,2485.100098,2499.399902,2446.199951,2495.300049,2485.100098,2499.399902,2484.600098,2495.300049,changed
2024-08-01 13:00:00+00:00,2026-10-03T13:44:48Z,2495.000000,2501.899902,2452.100098,2497.800049,2495.000000,2501.899902,2492.699951,2497.800049,changed
2024-08-01 14:00:00+00:00,2026-10-03T13:44:48Z,2498.100098,2506.600098,2443.399902,2492.800049,2498.100098,2506.600098,2487.300049,2492.800049,changed
2024-08-01 15:00:00+00:00,2026-10-03T13:44:48Z,2492.699951,2496.199951,2442.899902,2489.399902,2492.699951,2496.199951,2486.399902,2489.399902,changed
2024-08-01 16:00:00+00:00,2026-10-03T13:44:48Z,2489.300049,2492.800049,2442.899902,2488.600098,2489.300049,2492.800049,2487.500000,2488.600098,changed
2024-08-01 17:00:00+00:00,2026-10-03T13:44:48Z,2488.600098,2488.800049,2434.800049,2483.199951,2488.600098,2488.800049,2479.500000,2483.199951,changed
2024-08-01 18:00:00+00:00,2026-10-03T13:44:48Z,2483.100098,2484.699951,2436.300049,2483.500000,2483.100098,2484.699951,2478.600098,2483.500000,changed
2024-08-01 20:00:00+00:00,2026-10-03T13:44:48Z,2487.300049,2492.000000,2441.800049,2490.899902,2487.300049,2492.000000,2486.199951,2490.899902,changed
2024-08-01 22:00:00+00:00,2026-10-03T13:44:48Z,2490.800049,2491.500000,2444.000000,2489.399902,2490.800049,2491.500000,2487.800049,2489.399902,changed
2024-08-02 01:00:00+00:00,2026-10-03T13:44:48Z,2493.199951,2494.800049,2436.800049,2491.600098,2493.199951,2495.000000,2479.500000,2491.600098,changed
2024-08-02 03:00:00+00:00,2026-10-03T13:44:48Z,2499.899902,2503.800049,2457.100098,2498.699951,2499.899902,2503.800049,2496.000000,2498.699951,changed
2024-08-02 05:00:00+00:00,2026-10-03T13:44:48Z,2501.899902,2511.500000,2458.500000,2511.300049,2501.899902,2511.500000,2501.800049,2511.300049,changed
2024-08-02 07:00:00+00:00,2026-10-03T13:44:48Z,2509.699951,2510.899902,2460.699951,2505.800049,2509.699951,2510.899902,2504.399902,2505.800049,changed
2024-08-02 10:00:00+00:00,2026-10-03T13:44:48Z,2508.399902,2509.899902,2462.699951,2507.899902,2508.399902,2509.899902,2505.300049,2507.899902,changed
2024-08-02 11:00:00+00:00,2026-10-03T13:44:48Z,2508.000000,2509.199951,2458.699951,2503.500000,2508.000000,2509.199951,2501.800049,2503.500000,changed
2024-08-02 12:00:00+00:00,2026-10-03T13:44:48Z,2503.300049,2522.500000,2473.399902,2517.100098,2503.300049,2522.500000,2499.899902,2517.100098,changed
2024-08-02 13:00:00+00:00,2026-10-03T13:44:48Z,2517.000000,2518.600098,2463.500000,2513.800049,2517.000000,2518.600098,2499.399902,2513.000000,changed
2024-08-02 14:00:00+00:00,2026-10-03T13:44:48Z,2513.699951,2518.399902,2428.399902,2474.399902,2516.800049,2518.399902,2471.699951,2474.399902,changed
2024-08-02 15:00:00+00:00,2026-10-03T13:44:48Z,2474.300049,2478.899902,2416.000000,2476.100098,2474.300049,2478.899902,2453.100098,2476.100098,changed
2024-08-02 16:00:00+00:00,2026-10-03T13:44:48Z,2475.699951,2482.399902,2425.399902,2473.199951,2476.300049,2482.399902,2469.100098,2473.199951,changed
2024-08-02 17:00:00+00:00,2026-10-03T13:44:48Z,2473.100098,2474.399902,2426.399902,2470.500000,2473.100098,2474.399902,2465.500000,2470.500000,changed
2024-08-02 18:00:00+00:00,2026-10-03T13:44:48Z,2470.600098,2476.500000,2426.899902,2471.899902,2470.600098,2476.500000,2469.500000,2471.899902,changed
2024-08-02 19:00:00+00:00,2026-10-03T13:44:48Z,2471.899902,2480.800049,2433.800049,2480.000000,2471.899902,2480.800049,2468.399902,2480.000000,changed
2024-08-02 20:00:00+00:00,2026-10-03T13:44:48Z,2480.000000,2486.600098,2440.199951,2486.100098,2480.000000,2486.600098,2478.100098,2486.100098,changed
2024-08-04 22:00:00+00:00,2026-10-03T13:44:48Z,2490.300049,2490.399902,2442.000000,2483.500000,2490.300049,2490.399902,2480.100098,2483.500000,changed
2024-08-05 00:00:00+00:00,2026-10-03T13:44:48Z,2483.199951,2483.199951,2422.100098,2464.300049,2483.199951,2483.199951,2455.699951,2464.300049,changed
2024-08-05 01:00:00+00:00,2026-10-03T13:44:48Z,2463.699951,2484.199951,2418.899902,2481.600098,2463.699951,2484.199951,2462.100098,2481.600098,changed
2024-08-05 02:00:00+00:00,2026-10-03T13:44:48Z,2481.500000,2488.500000,2436.000000,2484.699951,2481.500000,2488.500000,2475.100098,2484.699951,changed
2024-08-05 05:00:00+00:00,2026-10-03T13:44:48Z,2494.600098,2494.600098,2435.000000,2479.699951,2494.600098,2494.600098,2473.600098,2479.699951,changed
2024-08-05 06:00:00+00:00,2026-10-03T13:44:48Z,2479.600098,2480.300049,2430.000000,2470.000000,2479.600098,2480.300049,2463.600098,2470.000000,changed
2024-08-05 07:00:00+00:00,2026-10-03T13:44:48Z,2470.000000,2485.100098,2426.000000,2473.199951,2470.000000,2485.100098,2465.899902,2473.199951,changed
2024-08-05 08:00:00+00:00,2026-10-03T13:44:48Z,2473.300049,2475.800049,2423.199951,2465.800049,2473.300049,2475.800049,2464.100098,2465.800049,changed
2024-08-05 09:00:00+00:00,2026-10-03T13:44:48Z,2466.100098,2469.600098,2418.000000,2464.899902,2466.100098,2469.699951,2460.000000,2464.899902,changed
2024-08-05 10:00:00+00:00,2026-10-03T13:44:48Z,2465.000000,2466.399902,2406.000000,2449.100098,2465.000000,2466.399902,2448.600098,2449.100098,changed
2024-08-05 11:00:00+00:00,2026-10-03T13:44:48Z,2449.000000,2449.000000,2400.000000,2426.800049,2449.000000,2449.000000,2423.100098,2426.800049,changed
2024-08-05 12:00:00+00:00,2026-10-03T13:44:48Z,2426.899902,2433.000000,2367.399902,2414.100098,2426.899902,2433.000000,2403.800049,2414.100098,changed
2024-08-05 13:00:00+00:00,2026-10-03T13:44:48Z,2414.199951,2437.399902,2375.100098,2434.100098,2414.199951,2437.399902,2414.199951,2434.100098,changed
2024-08-05 14:00:00+00:00,2026-10-03T13:44:48Z,2433.399902,2438.000000,2389.000000,2437.100098,2433.399902,2438.000000,2426.100098,2437.100098,changed
2024-08-05 15:00:00+00:00,2026-10-03T13:44:48Z,2436.899902,2452.800049,2399.399902,2443.300049,2436.899902,2452.800049,2436.699951,2443.300049,changed
2024-08-05 19:00:00+00:00,2026-10-03T13:44:48Z,2446.199951,2454.699951,2406.399902,2449.000000,2446.199951,2454.699951,2445.800049,2449.000000,changed
2024-08-06 01:00:00+00:00,2026-10-03T13:44:48Z,2457.100098,2459.000000,2414.500000,2453.399902,2457.100098,2459.000000,2451.699951,2453.399902,changed
2024-08-06 04:00:00+00:00,2026-10-03T13:44:48Z,2449.500000,2453.399902,2409.100098,2448.500000,2449.500000,2453.399902,2447.300049,2448.500000,changed
2024-08-06 05:00:00+00:00,2026-10-03T13:44:48Z,2448.600098,2452.300049,2402.699951,2439.199951,2448.600098,2452.300049,2438.500000,2439.199951,changed
2024-08-06 06:00:00+00:00,2026-10-03T13:44:48Z,2439.399902,2448.899902,2399.600098,2442.000000,2439.399902,2448.899902,2434.600098,2442.000000,changed
2024-08-06 09:00:00+00:00,2026-10-03T13:44:48Z,2451.699951,2455.500000,2450.800049,2454.100098,2451.699951,2456.199951,2450.800049,2454.100098,changed
2024-08-06 11:00:00+00:00,2026-10-03T13:44:48Z,2453.000000,2456.000000,2412.899902,2451.699951,2453.000000,2456.000000,2450.699951,2451.699951,changed
2024-08-06 12:00:00+00:00,2026-10-03T13:44:48Z,2451.699951,2452.899902,2393.899902,2433.399902,2451.699951,2452.899902,2432.100098,2433.399902,changed
2024-08-06 13:00:00+00:00,2026-10-03T13:44:48Z,2433.399902,2439.899902,2392.899902,2436.199951,2433.399902,2439.899902,2429.300049,2436.199951,changed
2024-08-06 14:00:00+00:00,2026-10-03T13:44:48Z,2436.199951,2444.100098,2385.800049,2429.199951,2436.199951,2444.100098,2426.899902,2429.199951,changed
2024-08-06 15:00:00+00:00,2026-10-03T13:44:48Z,2429.199951,2431.699951,2380.000000,2428.399902,2429.199951,2431.699951,2421.800049,2428.399902,changed
2024-08-06 16:00:00+00:00,2026-10-03T13:44:48Z,2428.500000,2432.500000,2385.300049,2431.000000,2428.500000,2432.500000,2426.399902,2431.000000,changed
2024-08-06 17:00:00+00:00,2026-10-03T13:44:48Z,2431.000000,2434.600098,2387.399902,2432.899902,2431.000000,2434.600098,2428.600098,2434.199951,changed
2024-08-06 18:00:00+00:00,2026-10-03T13:44:48Z,2432.899902,2437.100098,2392.699951,2433.899902,2433.000000,2437.100098,2432.399902,2433.899902,changed
2024-08-06 20:00:00+00:00,2026-10-03T13:44:48Z,2429.000000,2432.100098,2387.399902,2432.100098,2429.000000,2432.100098,2428.100098,2432.100098,changed
2024-08-07 04:00:00+00:00,2026-10-03T13:44:48Z,2426.000000,2434.800049,2392.199951,2433.000000,2426.000000,2434.800049,2425.699951,2433.000000,changed
2024-08-07 05:00:00+00:00,2026-10-03T13:44:48Z,2432.699951,2436.199951,2394.000000,2431.300049,2432.699951,2436.199951,2428.399902,2431.300049,changed
2024-08-07 06:00:00+00:00,2026-10-03T13:44:48Z,2389.800049,2437.600098,2387.300049,2434.500000,2431.300049,2437.600098,2429.399902,2434.500000,changed
2024-08-07 07:00:00+00:00,2026-10-03T13:44:48Z,2434.699951,2434.800049,2386.500000,2429.300049,2434.699951,2434.800049,2428.000000,2429.300049,changed
2024-08-07 08:00:00+00:00,2026-10-03T13:44:48Z,2429.199951,2433.600098,2391.000000,2433.199951,2429.199951,2433.600098,2428.000000,2433.199951,changed
2024-08-07 09:00:00+00:00,2026-10-03T13:44:48Z,2433.399902,2436.500000,2432.600098,2434.399902,2433.399902,2436.500000,2432.500000,2434.399902,changed
2024-08-07 10:00:00+00:00,2026-10-03T13:44:48Z,2434.500000,2438.399902,2392.699951,2437.600098,2434.500000,2438.399902,2433.199951,2437.600098,changed
2024-08-07 12:00:00+00:00,2026-10-03T13:44:48Z,2441.399902,2447.300049,2398.100098,2444.100098,2441.399902,2447.300049,2439.199951,2444.100098,changed
2024-08-07 13:00:00+00:00,2026-10-03T13:44:48Z,2444.300049,2445.300049,2397.100098,2440.300049,2444.300049,2445.300049,2436.699951,2440.300049,changed
2024-08-07 14:00:00+00:00,2026-10-03T13:44:48Z,2440.100098,2443.500000,2400.199951,2439.199951,2440.100098,2443.500000,2438.100098,2439.199951,changed
2024-08-07 16:00:00+00:00,2026-10-03T13:44:48Z,2434.699951,2440.100098,2394.300049,2439.899902,2434.699951,2440.100098,2433.100098,2439.899902,changed
2024-08-07 17:00:00+00:00,2026-10-03T13:44:48Z,2439.899902,2440.000000,2393.699951,2430.000000,2439.899902,2440.000000,2429.600098,2430.000000,changed
2024-08-07 18:00:00+00:00,2026-10-03T13:44:48Z,2429.899902,2432.000000,2387.000000,2426.300049,2429.899902,2432.000000,2423.899902,2426.300049,changed
2024-08-07 19:00:00+00:00,2026-10-03T13:44:48Z,2426.199951,2430.699951,2384.500000,2425.600098,2426.199951,2430.699951,2425.300049,2425.500000,changed
2024-08-07 20:00:00+00:00,2026-10-03T13:44:48Z,2425.699951,2427.399902,2421.699951,2423.500000,2426.100098,2427.399902,2421.699951,2423.500000,changed
2024-08-08 00:00:00+00:00,2026-10-03T13:44:48Z,2423.899902,2427.899902,2384.300049,2424.300049,2423.899902,2427.899902,2422.300049,2424.300049,changed
2024-08-08 03:00:00+00:00,2026-10-03T13:44:48Z,2429.500000,2433.800049,2387.699951,2433.000000,2429.500000,2433.800049,2427.800049,2433.000000,changed
2024-08-08 07:00:00+00:00,2026-10-03T13:44:48Z,2436.500000,2439.100098,2433.500000,2435.600098,2436.500000,2439.100098,2434.100098,2435.600098,changed
2024-08-08 10:00:00+00:00,2026-10-03T13:44:48Z,2435.100098,2445.699951,2397.699951,2444.500000,2435.100098,2445.699951,2435.100098,2444.500000,changed
2024-08-08 12:00:00+00:00,2026-10-03T13:44:48Z,2451.699951,2455.300049,2446.500000,2447.399902,2451.699951,2455.300049,2446.600098,2447.399902,changed
2024-08-08 13:00:00+00:00,2026-10-03T13:44:48Z,2447.399902,2454.899902,2403.500000,2453.399902,2447.399902,2454.899902,2441.199951,2453.399902,changed
2024-08-08 14:00:00+00:00,2026-10-03T13:44:48Z,2453.399902,2464.000000,2409.300049,2453.100098,2453.399902,2464.000000,2448.500000,2453.199951,changed
2024-08-08 15:00:00+00:00,2026-10-03T13:44:48Z,2452.100098,2459.800049,2451.899902,2458.100098,2453.300049,2459.800049,2451.300049,2458.100098,changed
2024-08-08 17:00:00+00:00,2026-10-03T13:44:48Z,2457.600098,2464.500000,2419.500000,2463.000000,2457.600098,2464.500000,2455.300049,2463.000000,changed
2024-08-09 01:00:00+00:00,2026-10-03T13:44:48Z,2463.300049,2467.199951,2422.300049,2466.699951,2463.300049,2467.199951,2459.399902,2466.699951,changed
2024-08-09 04:00:00+00:00,2026-10-03T13:44:48Z,2460.500000,2464.000000,2459.699951,2463.300049,2460.500000,2464.000000,2459.699951,2463.399902,changed
2024-08-09 05:00:00+00:00,2026-10-03T13:44:48Z,2463.199951,2463.399902,2456.399902,2456.500000,2462.600098,2463.100098,2456.399902,2456.500000,changed
2024-08-09 06:00:00+00:00,2026-10-03T13:44:48Z,2456.300049,2461.100098,2418.500000,2460.000000,2456.300049,2461.100098,2456.100098,2460.000000,changed
2024-08-09 08:00:00+00:00,2026-10-03T13:44:48Z,2462.399902,2465.899902,2420.899902,2463.500000,2462.399902,2465.899902,2461.199951,2463.500000,changed
2024-08-09 12:00:00+00:00,2026-10-03T13:44:48Z,2465.899902,2469.300049,2422.399902,2469.000000,2465.899902,2469.300049,2462.699951,2469.000000,changed
2024-08-09 13:00:00+00:00,2026-10-03T13:44:48Z,2469.000000,2472.699951,2420.100098,2466.100098,2469.199951,2472.699951,2460.000000,2466.100098,changed
2024-08-09 15:00:00+00:00,2026-10-03T13:44:48Z,2467.800049,2471.899902,2465.800049,2470.600098,2467.800049,2471.899902,2465.800049,2470.899902,changed
2024-08-09 16:00:00+00:00,2026-10-03T13:44:48Z,2470.800049,2474.000000,2427.399902,2473.899902,2471.800049,2474.000000,2466.600098,2473.899902,changed
2024-08-09 18:00:00+00:00,2026-10-03T13:44:48Z,2470.100098,2470.300049,2425.899902,2469.300049,2470.100098,2470.300049,2466.600098,2469.300049,changed
2024-08-09 19:00:00+00:00,2026-10-03T13:44:48Z,2469.300049,2469.600098,2426.000000,2468.600098,2469.300049,2469.600098,2466.699951,2468.600098,changed
2024-08-09 20:00:00+00:00,2026-10-03T13:44:48Z,2468.600098,2470.699951,2429.199951,2470.600098,2468.600098,2470.699951,2468.500000,2470.600098,changed
2024-08-12 06:00:00+00:00,2026-10-03T13:44:48Z,2473.399902,2476.199951,2432.000000,2475.699951,2473.399902,2476.199951,2472.399902,2475.699951,changed
2024-08-12 08:00:00+00:00,2026-10-03T13:44:48Z,2481.100098,2482.899902,2437.699951,2481.000000,2481.100098,2482.899902,2478.899902,2481.000000,changed
2024-08-12 12:00:00+00:00,2026-10-03T13:44:48Z,2480.699951,2484.800049,2442.000000,2483.800049,2480.699951,2484.800049,2480.500000,2483.800049,changed
2024-08-12 13:00:00+00:00,2026-10-03T13:44:48Z,2483.899902,2497.199951,2440.800049,2493.699951,2483.899902,2497.199951,2481.399902,2493.699951,changed
2024-08-12 14:00:00+00:00,2026-10-03T13:44:48Z,2493.699951,2495.100098,2443.699951,2492.800049,2493.699951,2495.100098,2483.699951,2492.800049,changed
2024-08-12 16:00:00+00:00,2026-10-03T13:44:48Z,2499.300049,2505.800049,2461.000000,2502.899902,2499.300049,2505.800049,2498.500000,2502.899902,changed
2024-08-12 19:00:00+00:00,2026-10-03T13:44:48Z,2510.300049,2512.399902,2468.600098,2510.600098,2510.300049,2511.899902,2509.800049,2510.600098,changed
2024-08-12 20:00:00+00:00,2026-10-03T13:44:48Z,2510.699951,2513.399902,2469.600098,2513.399902,2510.699951,2513.399902,2510.500000,2513.399902,changed
2024-08-13 01:00:00+00:00,2026-10-03T13:44:48Z,2511.899902,2513.699951,2461.000000,2506.699951,2511.899902,2513.699951,2501.199951,2506.699951,changed
2024-08-13 05:00:00+00:00,2026-10-03T13:44:48Z,2502.199951,2504.500000,2458.600098,2503.000000,2502.199951,2504.500000,2498.699951,2503.000000,changed
2024-08-13 06:00:00+00:00,2026-10-03T13:44:48Z,2503.100098,2504.699951,2459.699951,2503.399902,2503.100098,2504.600098,2501.300049,2503.399902,changed
2024-08-13 07:00:00+00:00,2026-10-03T13:44:48Z,2503.300049,2505.899902,2500.500000,2503.800049,2503.300049,2505.500000,2500.500000,2503.800049,changed
2024-08-13 08:00:00+00:00,2026-10-03T13:44:48Z,2503.899902,2503.899902,2456.500000,2499.899902,2503.899902,2503.899902,2498.199951,2499.899902,changed
2024-08-13 09:00:00+00:00,2026-10-03T13:44:48Z,2499.899902,2501.899902,2457.199951,2500.000000,2499.899902,2501.899902,2498.300049,2500.000000,changed
2024-08-13 10:00:00+00:00,2026-10-03T13:44:48Z,2500.000000,2502.899902,2458.500000,2501.399902,2500.000000,2502.899902,2498.399902,2501.399902,changed
2024-08-13 11:00:00+00:00,2026-10-03T13:44:48Z,2501.399902,2506.399902,2459.500000,2505.300049,2501.399902,2506.399902,2500.600098,2505.300049,changed
2024-08-13 12:00:00+00:00,2026-10-03T13:44:48Z,2505.300049,2512.500000,2463.199951,2507.300049,2505.300049,2512.500000,2503.699951,2507.300049,changed
2024-08-13 13:00:00+00:00,2026-10-03T13:44:48Z,2507.300049,2515.600098,2463.199951,2512.399902,2507.300049,2514.899902,2498.199951,2514.699951,changed
2024-08-13 14:00:00+00:00,2026-10-03T13:44:48Z,2512.399902,2512.800049,2469.699951,2511.000000,2511.899902,2512.800049,2503.199951,2511.000000,changed
2024-08-13 15:00:00+00:00,2026-10-03T13:44:48Z,2511.100098,2512.800049,2468.199951,2508.300049,2511.100098,2512.800049,2505.500000,2508.300049,changed
2024-08-13 16:00:00+00:00,2026-10-03T13:44:48Z,2508.300049,2510.800049,2469.000000,2509.199951,2508.300049,2510.800049,2505.899902,2509.199951,changed
2024-08-13 18:00:00+00:00,2026-10-03T13:44:48Z,2507.300049,2508.699951,2466.800049,2507.600098,2507.300049,2508.699951,2506.199951,2507.600098,changed
2024-08-13 20:00:00+00:00,2026-10-03T13:44:48Z,2506.800049,2507.500000,2465.300049,2504.899902,2506.800049,2507.500000,2504.300049,2504.899902,changed
2024-08-14 07:00:00+00:00,2026-10-03T13:44:48Z,2506.199951,2510.800049,2468.000000,2509.699951,2506.199951,2510.399902,2505.300049,2509.699951,changed
2024-08-14 12:00:00+00:00,2026-10-03T13:44:48Z,2513.800049,2519.699951,2472.100098,2507.899902,2513.800049,2519.699951,2500.800049,2507.899902,changed
2024-08-14 13:00:00+00:00,2026-10-03T13:44:48Z,2507.899902,2508.800049,2450.000000,2496.199951,2507.899902,2508.800049,2487.699951,2496.199951,changed
2024-08-14 14:00:00+00:00,2026-10-03T13:44:48Z,2496.100098,2497.100098,2445.199951,2488.600098,2496.100098,2497.100098,2485.399902,2488.600098,changed
2024-08-14 15:00:00+00:00,2026-10-03T13:44:48Z,2488.600098,2490.699951,2448.500000,2482.600098,2488.600098,2490.699951,2480.300049,2482.600098,changed
2024-08-14 19:00:00+00:00,2026-10-03T13:44:48Z,2486.000000,2486.800049,2445.600098,2485.500000,2486.000000,2486.800049,2482.600098,2485.500000,changed
2024-08-14 20:00:00+00:00,2026-10-03T13:44:48Z,2485.600098,2486.800049,2444.699951,2486.000000,2485.600098,2486.800049,2484.800049,2486.000000,changed
2024-08-15 00:00:00+00:00,2026-10-03T13:44:48Z,2486.899902,2491.500000,2486.000000,2487.300049,2486.899902,2491.500000,2479.699951,2487.300049,changed
2024-08-15 04:00:00+00:00,2026-10-03T13:44:48Z,2491.300049,2493.000000,2451.800049,2490.899902,2491.300049,2493.000000,2490.300049,2490.899902,changed
2024-08-15 07:00:00+00:00,2026-10-03T13:44:48Z,2493.600098,2494.300049,2491.899902,2493.300049,2493.600098,2494.300049,2492.000000,2493.300049,changed
2024-08-15 08:00:00+00:00,2026-10-03T13:44:48Z,2493.399902,2494.899902,2454.000000,2493.000000,2493.399902,2494.899902,2491.199951,2493.000000,changed
2024-08-15 10:00:00+00:00,2026-10-03T13:44:48Z,2494.300049,2497.899902,2457.000000,2495.699951,2494.300049,2497.899902,2494.300049,2495.699951,changed
2024-08-15 11:00:00+00:00,2026-10-03T13:44:48Z,2495.699951,2501.899902,2459.899902,2501.100098,2495.699951,2501.899902,2495.300049,2501.100098,changed
2024-08-15 12:00:00+00:00,2026-10-03T13:44:48Z,2501.300049,2508.000000,2448.500000,2478.399902,2501.300049,2508.000000,2478.000000,2478.399902,changed
2024-08-15 13:00:00+00:00,2026-10-03T13:44:48Z,2478.500000,2488.800049,2431.199951,2481.899902,2478.500000,2488.800049,2469.199951,2481.899902,changed
2024-08-15 14:00:00+00:00,2026-10-03T13:44:48Z,2481.699951,2496.500000,2443.100098,2490.000000,2481.699951,2496.500000,2481.699951,2490.000000,changed
2024-08-15 15:00:00+00:00,2026-10-03T13:44:48Z,2489.800049,2497.300049,2454.500000,2496.100098,2489.800049,2497.300049,2488.300049,2496.100098,changed
2024-08-15 16:00:00+00:00,2026-10-03T13:44:48Z,2496.100098,2497.699951,2454.899902,2493.199951,2496.100098,2497.699951,2492.600098,2493.199951,changed
2024-08-15 18:00:00+00:00,2026-10-03T13:44:48Z,2493.300049,2496.199951,2453.899902,2496.100098,2493.300049,2496.199951,2492.500000,2496.100098,changed
2024-08-15 19:00:00+00:00,2026-10-03T13:44:48Z,2496.199951,2499.399902,2455.600098,2493.500000,2496.199951,2499.399902,2491.899902,2493.500000,changed
2024-08-15 22:00:00+00:00,2026-10-03T13:44:48Z,2494.399902,2494.699951,2453.500000,2492.399902,2494.399902,2494.699951,2492.000000,2492.399902,changed
2024-08-16 06:00:00+00:00,2026-10-03T13:44:48Z,2493.100098,2495.399902,2453.699951,2492.399902,2493.100098,2495.399902,2491.899902,2492.399902,changed
2024-08-16 07:00:00+00:00,2026-10-03T13:44:48Z,2492.399902,2501.899902,2451.399902,2499.300049,2492.399902,2501.899902,2489.399902,2499.300049,changed
2024-08-16 10:00:00+00:00,2026-10-03T13:44:48Z,2500.800049,2506.000000,2462.199951,2502.300049,2500.800049,2506.000000,2500.399902,2502.300049,changed
2024-08-16 11:00:00+00:00,2026-10-03T13:44:48Z,2502.399902,2510.300049,2466.500000,2510.000000,2502.399902,2510.300049,2502.399902,2510.000000,changed
2024-08-16 12:00:00+00:00,2026-10-03T13:44:48Z,2510.000000,2531.399902,2488.199951,2530.500000,2510.000000,2531.399902,2509.300049,2530.500000,changed
2024-08-16 13:00:00+00:00,2026-10-03T13:44:48Z,2530.600098,2538.699951,2486.000000,2533.300049,2530.600098,2538.699951,2522.199951,2533.300049,changed
2024-08-16 14:00:00+00:00,2026-10-03T13:44:48Z,2533.300049,2533.899902,2481.199951,2525.600098,2533.300049,2533.899902,2515.800049,2525.600098,changed
2024-08-16 17:00:00+00:00,2026-10-03T13:44:48Z,2534.300049,2538.699951,2498.300049,2538.199951,2534.300049,2538.699951,2531.399902,2538.199951,changed
2024-08-16 19:00:00+00:00,2026-10-03T13:44:48Z,2542.000000,2547.399902,2504.399902,2546.500000,2542.000000,2547.399902,2540.199951,2546.500000,changed
2024-08-16 20:00:00+00:00,2026-10-03T13:44:48Z,2546.500000,2548.300049,2508.000000,2546.100098,2546.500000,2548.300049,2543.800049,2546.199951,changed
2024-08-18 22:00:00+00:00,2026-10-03T13:44:48Z,2549.699951,2549.899902,2502.800049,2543.600098,2549.699951,2549.899902,2540.899902,2543.600098,changed
2024-08-19 01:00:00+00:00,2026-10-03T13:44:48Z,2541.100098,2545.000000,2497.699951,2537.000000,2541.100098,2545.000000,2533.699951,2537.000000,changed
2024-08-19 05:00:00+00:00,2026-10-03T13:44:48Z,2539.500000,2541.100098,2499.800049,2539.899902,2539.500000,2541.100098,2537.899902,2539.899902,changed
2024-08-19 06:00:00+00:00,2026-10-03T13:44:48Z,2539.600098,2543.600098,2504.300049,2540.500000,2539.600098,2543.600098,2538.300049,2540.500000,changed
2024-08-19 07:00:00+00:00,2026-10-03T13:44:48Z,2540.600098,2543.399902,2500.300049,2541.199951,2540.600098,2543.399902,2537.899902,2541.199951,changed
2024-08-19 08:00:00+00:00,2026-10-03T13:44:48Z,2541.199951,2545.800049,2501.300049,2541.500000,2541.199951,2545.800049,2540.699951,2541.500000,changed
2024-08-19 11:00:00+00:00,2026-10-03T13:44:48Z,2527.800049,2533.500000,2487.199951,2532.800049,2527.800049,2533.500000,2524.399902,2532.800049,changed
2024-08-19 12:00:00+00:00,2026-10-03T13:44:48Z,2532.899902,2533.800049,2492.199951,2529.399902,2532.899902,2533.800049,2526.399902,2529.399902,changed
2024-08-19 18:00:00+00:00,2026-10-03T13:44:48Z,2541.500000,2543.399902,2502.300049,2542.800049,2541.500000,2543.399902,2540.899902,2542.800049,changed
2024-08-19 22:00:00+00:00,2026-10-03T13:44:48Z,2542.399902,2542.899902,2503.500000,2542.500000,2542.399902,2542.899902,2540.199951,2542.500000,changed
2024-08-20 06:00:00+00:00,2026-10-03T13:44:48Z,2537.199951,2543.800049,2500.699951,2540.500000,2537.199951,2543.800049,2535.100098,2540.500000,changed
2024-08-20 07:00:00+00:00,2026-10-03T13:44:48Z,2540.399902,2553.699951,2505.100098,2553.199951,2540.399902,2553.699951,2539.300049,2553.199951,changed
2024-08-20 12:00:00+00:00,2026-10-03T13:44:48Z,2565.000000,2568.000000,2525.000000,2565.199951,2565.000000,2568.000000,2560.199951,2565.199951,changed
2024-08-20 13:00:00+00:00,2026-10-03T13:44:48Z,2565.300049,2570.399902,2526.100098,2568.500000,2565.300049,2570.399902,2558.300049,2568.500000,changed
2024-08-20 14:00:00+00:00,2026-10-03T13:44:48Z,2568.399902,2568.800049,2526.500000,2562.100098,2568.399902,2568.800049,2558.399902,2562.100098,changed
2024-08-20 15:00:00+00:00,2026-10-03T13:44:48Z,2562.100098,2562.300049,2509.300049,2546.399902,2562.100098,2562.300049,2543.600098,2546.399902,changed
2024-08-20 16:00:00+00:00,2026-10-03T13:44:48Z,2546.600098,2548.600098,2508.000000,2547.100098,2546.600098,2548.600098,2538.600098,2547.100098,changed
2024-08-20 18:00:00+00:00,2026-10-03T13:44:48Z,2548.699951,2553.800049,2513.699951,2551.699951,2548.699951,2553.800049,2547.500000,2551.699951,changed
2024-08-20 19:00:00+00:00,2026-10-03T13:44:48Z,2551.600098,2553.500000,2512.500000,2553.199951,2551.600098,2553.500000,2549.000000,2553.199951,changed
2024-08-21 11:00:00+00:00,2026-10-03T13:44:48Z,2547.699951,2552.000000,2511.000000,2549.899902,2547.699951,2552.000000,2545.000000,2549.899902,changed
2024-08-21 12:00:00+00:00,2026-10-03T13:44:48Z,2550.000000,2552.000000,2506.899902,2548.399902,2550.000000,2552.000000,2544.899902,2548.399902,changed
2024-08-21 14:00:00+00:00,2026-10-03T13:44:48Z,2540.699951,2544.500000,2503.899902,2539.100098,2540.699951,2544.500000,2528.199951,2539.100098,changed
2024-08-21 17:00:00+00:00,2026-10-03T13:44:48Z,2544.800049,2549.199951,2508.199951,2547.300049,2544.800049,2549.199951,2544.699951,2547.300049,changed
2024-08-21 18:00:00+00:00,2026-10-03T13:44:48Z,2547.199951,2557.300049,2515.399902,2554.199951,2547.199951,2557.300049,2547.000000,2554.199951,changed
2024-08-22 06:00:00+00:00,2026-10-03T13:44:48Z,2542.000000,2547.199951,2504.100098,2543.800049,2542.000000,2547.199951,2539.699951,2543.800049,changed
2024-08-22 12:00:00+00:00,2026-10-03T13:44:48Z,2535.699951,2541.899902,2495.699951,2536.899902,2535.699951,2541.899902,2531.300049,2536.899902,changed
2024-08-22 13:00:00+00:00,2026-10-03T13:44:48Z,2536.899902,2537.899902,2484.600098,2523.500000,2536.899902,2537.899902,2518.699951,2523.500000,changed
2024-08-22 14:00:00+00:00,2026-10-03T13:44:48Z,2523.699951,2523.699951,2471.100098,2515.899902,2523.699951,2523.699951,2506.399902,2515.899902,changed
2024-08-22 15:00:00+00:00,2026-10-03T13:44:48Z,2515.800049,2520.199951,2475.699951,2517.899902,2515.800049,2520.199951,2510.699951,2517.899902,changed
2024-08-22 16:00:00+00:00,2026-10-03T13:44:48Z,2518.000000,2522.100098,2482.399902,2520.199951,2518.000000,2522.100098,2517.399902,2520.199951,changed
2024-08-22 17:00:00+00:00,2026-10-03T13:44:48Z,2520.100098,2520.399902,2515.300049,2517.899902,2520.100098,2520.399902,2515.300049,2517.600098,changed
2024-08-22 18:00:00+00:00,2026-10-03T13:44:48Z,2518.000000,2520.699951,2479.800049,2517.899902,2518.000000,2520.699951,2516.100098,2517.899902,changed
2024-08-23 00:00:00+00:00,2026-10-03T13:44:48Z,2522.899902,2527.899902,2486.500000,2525.399902,2522.899902,2527.899902,2521.899902,2525.399902,changed
2024-08-23 02:00:00+00:00,2026-10-03T13:44:48Z,2526.600098,2527.199951,2486.800049,2525.500000,2526.600098,2527.199951,2522.100098,2525.500000,changed
2024-08-23 13:00:00+00:00,2026-10-03T13:44:48Z,2536.899902,2539.600098,2492.899902,2533.800049,2536.899902,2539.600098,2530.100098,2533.800049,changed
2024-08-23 14:00:00+00:00,2026-10-03T13:44:48Z,2533.899902,2554.199951,2499.000000,2545.000000,2533.899902,2554.199951,2532.100098,2545.000000,changed
2024-08-23 19:00:00+00:00,2026-10-03T13:44:48Z,2545.399902,2548.600098,2506.800049,2546.600098,2545.399902,2548.600098,2543.500000,2546.600098,changed
2024-08-25 22:00:00+00:00,2026-10-03T13:44:48Z,2545.100098,2550.300049,2509.899902,2548.399902,2545.100098,2550.300049,2544.600098,2548.399902,changed
2024-08-25 23:00:00+00:00,2026-10-03T13:44:48Z,2548.399902,2552.100098,2511.899902,2551.300049,2548.399902,2552.100098,2548.399902,2551.300049,changed
2024-08-26 01:00:00+00:00,2026-10-03T13:44:48Z,2549.000000,2550.800049,2509.100098,2548.699951,2549.000000,2550.800049,2546.000000,2548.699951,changed
2024-08-26 07:00:00+00:00,2026-10-03T13:44:48Z,2550.600098,2557.300049,2516.899902,2556.899902,2550.600098,2557.300049,2549.600098,2556.899902,changed
2024-08-26 08:00:00+00:00,2026-10-03T13:44:48Z,2557.000000,2561.600098,2556.300049,2560.000000,2557.000000,2561.699951,2556.300049,2560.000000,changed
2024-08-26 09:00:00+00:00,2026-10-03T13:44:48Z,2560.100098,2561.500000,2523.100098,2561.000000,2560.100098,2561.500000,2559.100098,2561.000000,changed
2024-08-26 11:00:00+00:00,2026-10-03T13:44:48Z,2560.699951,2562.500000,2519.800049,2562.100098,2560.699951,2562.500000,2556.399902,2562.100098,changed
2024-08-26 12:00:00+00:00,2026-10-03T13:44:48Z,2562.199951,2563.199951,2522.100098,2559.500000,2562.199951,2563.199951,2558.199951,2559.500000,changed
2024-08-26 13:00:00+00:00,2026-10-03T13:44:48Z,2559.500000,2562.300049,2515.699951,2551.600098,2559.500000,2562.300049,2551.000000,2551.600098,changed
2024-08-26 14:00:00+00:00,2026-10-03T13:44:48Z,2551.600098,2554.699951,2509.699951,2552.600098,2551.600098,2554.699951,2546.100098,2552.600098,changed
2024-08-27 05:00:00+00:00,2026-10-03T13:44:48Z,2542.300049,2548.800049,2541.699951,2548.800049,2542.300049,2548.800049,2541.699951,2548.600098,changed
2024-08-27 06:00:00+00:00,2026-10-03T13:44:48Z,2548.500000,2552.500000,2547.899902,2549.899902,2548.600098,2552.500000,2547.899902,2549.899902,changed
2024-08-27 07:00:00+00:00,2026-10-03T13:44:48Z,2549.899902,2552.699951,2515.199951,2540.000000,2549.899902,2552.699951,2539.500000,2540.000000,changed
2024-08-27 11:00:00+00:00,2026-10-03T13:44:48Z,2544.100098,2547.699951,2543.899902,2546.600098,2544.100098,2547.699951,2543.699951,2546.600098,changed
2024-08-27 13:00:00+00:00,2026-10-03T13:44:48Z,2544.899902,2550.399902,2506.899902,2547.800049,2544.899902,2550.399902,2538.899902,2547.800049,changed
2024-08-27 16:00:00+00:00,2026-10-03T13:44:48Z,2547.300049,2549.899902,2511.100098,2549.800049,2547.300049,2549.899902,2545.000000,2549.800049,changed
2024-08-27 19:00:00+00:00,2026-10-03T13:44:48Z,2560.000000,2561.100098,2522.300049,2560.399902,2560.000000,2561.100098,2558.399902,2560.399902,changed
2024-08-27 20:00:00+00:00,2026-10-03T13:44:48Z,2560.399902,2561.399902,2522.800049,2560.000000,2560.399902,2561.399902,2559.100098,2560.000000,changed
2024-08-30 07:00:00+00:00,2026-10-03T13:44:48Z,2550.600098,2554.399902,2550.399902,2552.500000,2550.600098,2554.300049,2550.399902,2552.500000,changed
2024-08-30 14:00:00+00:00,2026-10-03T13:44:48Z,2548.800049,2551.699951,2539.300049,2542.100098,2548.800049,2551.399902,2539.300049,2542.100098,changed
2024-08-30 20:00:00+00:00,2026-10-03T13:44:48Z,2534.800049,2536.100098,2534.399902,2536.000000,2534.800049,2536.100098,2534.399902,2535.899902,changed
2024-08-01 01:00:00+00:00,2026-10-04T07:55:55Z,2492.000000,2502.800049,2490.500000,2495.500000,2492.000000,2502.800049,2452.600098,2495.500000,changed
2024-08-01 05:00:00+00:00,2026-10-04T07:55:55Z,2488.399902,2492.300049,2487.699951,2491.000000,2488.399902,2492.300049,2442.500000,2491.000000,changed
2024-08-01 06:00:00+00:00,2026-10-04T07:55:55Z,2490.899902,2492.899902,2488.300049,2489.100098,2490.899902,2492.899902,2445.800049,2489.100098,changed
2024-08-01 07:00:00+00:00,2026-10-04T07:55:55Z,2489.199951,2489.300049,2484.000000,2484.399902,2489.199951,2489.199951,2442.000000,2484.399902,changed
2024-08-01 09:00:00+00:00,2026-10-04T07:55:55Z,2478.000000,2479.399902,2474.000000,2476.800049,2478.000000,2479.399902,2430.399902,2476.800049,changed
2024-08-01 10:00:00+00:00,2026-10-04T07:55:55Z,2476.899902,2480.800049,2475.899902,2479.199951,2476.899902,2480.800049,2431.600098,2479.199951,changed
2024-08-01 11:00:00+00:00,2026-10-04T07:55:55Z,2479.199951,2487.399902,2478.300049,2485.000000,2479.199951,2487.399902,2433.899902,2485.000000,changed
2024-08-01 12:00:00+00:00,2026-10-04T07:55:55Z,2485.100098,2499.399902,2484.600098,2495.300049,2485.100098,2499.399902,2446.199951,2495.300049,changed
2024-08-01 13:00:00+00:00,2026-10-04T07:55:55Z,2495.000000,2501.899902,2492.699951,2497.800049,2495.000000,2501.899902,2452.100098,2497.800049,changed
2024-08-01 14:00:00+00:00,2026-10-04T07:55:55Z,2498.100098,2506.600098,2487.300049,2492.800049,2498.100098,2506.600098,2443.399902,2492.800049,changed
2024-08-01 15:00:00+00:00,2026-10-04T07:55:55Z,2492.699951,2496.199951,2486.399902,2489.399902,2492.699951,2496.199951,2442.899902,2489.399902,changed
2024-08-01 16:00:00+00:00,2026-10-04T07:55:55Z,2489.300049,2492.800049,2487.500000,2488.600098,2489.300049,2492.800049,2442.899902,2488.600098,changed
2024-08-01 17:00:00+00:00,2026-10-04T07:55:55Z,2488.600098,2488.800049,2479.500000,2483.199951,2488.600098,2488.800049,2434.800049,2483.199951,changed
2024-08-01 18:00:00+00:00,2026-10-04T07:55:55Z,2483.100098,2484.699951,2478.600098,2483.500000,2483.100098,2484.699951,2436.300049,2483.500000,changed
2024-08-01 20:00:00+00:00,2026-10-04T07:55:55Z,2487.300049,2492.000000,2486.199951,2490.899902,2487.300049,2492.000000,2441.800049,2490.899902,changed
2024-08-01 22:00:00+00:00,2026-10-04T07:55:55Z,2490.800049,2491.500000,2487.800049,2489.399902,2490.800049,2491.500000,2444.000000,2489.399902,changed
2024-08-02 01:00:00+00:00,2026-10-04T07:55:55Z,2493.199951,2495.000000,2479.500000,2491.600098,2493.199951,2494.800049,2436.800049,2491.600098,changed
2024-08-02 03:00:00+00:00,2026-10-04T07:55:55Z,2499.899902,2503.800049,2496.000000,2498.699951,2499.899902,2503.800049,2457.100098,2498.699951,changed
2024-08-02 05:00:00+00:00,2026-10-04T07:55:55Z,2501.899902,2511.500000,2501.800049,2511.300049,2501.899902,2511.500000,2458.500000,2511.300049,changed
2024-08-02 07:00:00+00:00,2026-10-04T07:55:55Z,2509.699951,2510.899902,2504.399902,2505.800049,2509.699951,2510.899902,2460.699951,2505.800049,changed
2024-08-02 10:00:00+00:00,2026-10-04T07:55:55Z,2508.399902,2509.899902,2505.300049,2507.899902,2508.399902,2509.899902,2462.699951,2507.899902,changed
2024-08-02 11:00:00+00:00,2026-10-04T07:55:55Z,2508.000000,2509.199951,2501.800049,2503.500000,2508.000000,2509.199951,2458.699951,2503.500000,changed
2024-08-02 12:00:00+00:00,2026-10-04T07:55:55Z,2503.300049,2522.500000,2499.899902,2517.100098,2503.300049,2522.500000,2473.399902,2517.100098,changed
2024-08-02 13:00:00+00:00,2026-10-04T07:55:55Z,2517.000000,2518.600098,2499.399902,2513.000000,2517.000000,2518.600098,2463.500000,2513.800049,changed
2024-08-02 14:00:00+00:00,2026-10-04T07:55:55Z,2516.800049,2518.399902,2471.699951,2474.399902,2513.699951,2518.399902,2428.399902,2474.399902,changed
2024-08-02 15:00:00+00:00,2026-10-04T07:55:55Z,2474.300049,2478.899902,2453.100098,2476.100098,2474.300049,2478.899902,2416.000000,2476.100098,changed
2024-08-02 16:00:00+00:00,2026-10-04T07:55:55Z,2476.300049,2482.399902,2469.100098,2473.199951,2475.699951,2482.399902,2425.399902,2473.199951,changed
2024-08-02 17:00:00+00:00,2026-10-04T07:55:55Z,2473.100098,2474.399902,2465.500000,2470.500000,2473.100098,2474.399902,2426.399902,2470.500000,changed
2024-08-02 18:00:00+00:00,2026-10-04T07:55:55Z,2470.600098,2476.500000,2469.500000,2471.899902,2470.600098,2476.500000,2426.899902,2471.899902,changed
2024-08-02 19:00:00+00:00,2026-10-04T07:55:55Z,2471.899902,2480.800049,2468.399902,2480.000000,2471.899902,2480.800049,2433.800049,2480.000000,changed
2024-08-02 20:00:00+00:00,2026-10-04T07:55:55Z,2480.000000,2486.600098,2478.100098,2486.100098,2480.000000,2486.600098,2440.199951,2486.100098,changed
2024-08-04 22:00:00+00:00,2026-10-04T07:55:55Z,2490.300049,2490.399902,2480.100098,2483.500000,2490.300049,2490.399902,2442.000000,2483.500000,changed
2024-08-05 00:00:00+00:00,2026-10-04T07:55:55Z,2483.199951,2483.199951,2455.699951,2464.300049,2483.199951,2483.199951,2422.100098,2464.300049,changed
2024-08-05 01:00:00+00:00,2026-10-04T07:55:55Z,2463.699951,2484.199951,2462.100098,2481.600098,2463.699951,2484.199951,2418.899902,2481.600098,changed
2024-08-05 02:00:00+00:00,2026-10-04T07:55:55Z,2481.500000,2488.500000,2475.100098,2484.699951,2481.500000,2488.500000,2436.000000,2484.699951,changed
2024-08-05 05:00:00+00:00,2026-10-04T07:55:55Z,2494.600098,2494.600098,2473.600098,2479.699951,2494.600098,2494.600098,2435.000000,2479.699951,changed
2024-08-05 06:00:00+00:00,2026-10-04T07:55:55Z,2479.600098,2480.300049,2463.600098,2470.000000,2479.600098,2480.300049,2430.000000,2470.000000,changed
2024-08-05 07:00:00+00:00,2026-10-04T07:55:55Z,2470.000000,2485.100098,2465.899902,2473.199951,2470.000000,2485.100098,2426.000000,2473.199951,changed
2024-08-05 08:00:00+00:00,2026-10-04T07:55:55Z,2473.300049,2475.800049,2464.100098,2465.800049,2473.300049,2475.800049,2423.199951,2465.800049,changed
2024-08-05 09:00:00+00:00,2026-10-04T07:55:55Z,2466.100098,2469.699951,2460.000000,2464.899902,2466.100098,2469.600098,2418.000000,2464.899902,changed
2024-08-05 10:00:00+00:00,2026-10-04T07:55:55Z,2465.000000,2466.399902,2448.600098,2449.100098,2465.000000,2466.399902,2406.000000,2449.100098,changed
2024-08-05 11:00:00+00:00,2026-10-04T07:55:55Z,2449.000000,2449.000000,2423.100098,2426.800049,2449.000000,2449.000000,2400.000000,2426.800049,changed
2024-08-05 12:00:00+00:00,2026-10-04T07:55:55Z,2426.899902,2433.000000,2403.800049,2414.100098,2426.899902,2433.000000,2367.399902,2414.100098,changed
2024-08-05 13:00:00+00:00,2026-10-04T07:55:55Z,2414.199951,2437.399902,2414.199951,2434.100098,2414.199951,2437.399902,2375.100098,2434.100098,changed
2024-08-05 14:00:00+00:00,2026-10-04T07:55:55Z,2433.399902,2438.000000,2426.100098,2437.100098,2433.399902,2438.000000,2389.000000,2437.100098,changed
2024-08-05 15:00:00+00:00,2026-10-04T07:55:55Z,2436.899902,2452.800049,2436.699951,2443.300049,2436.899902,2452.800049,2399.399902,2443.300049,changed
2024-08-05 19:00:00+00:00,2026-10-04T07:55:55Z,2446.199951,2454.699951,2445.800049,2449.000000,2446.199951,2454.699951,2406.399902,2449.000000,changed
2024-08-06 01:00:00+00:00,2026-10-04T07:55:55Z,2457.100098,2459.000000,2451.699951,2453.399902,2457.100098,2459.000000,2414.500000,2453.399902,changed
2024-08-06 04:00:00+00:00,2026-10-04T07:55:55Z,2449.500000,2453.399902,2447.300049,2448.500000,2449.500000,2453.399902,2409.100098,2448.500000,changed
2024-08-06 05:00:00+00:00,2026-10-04T07:55:55Z,2448.600098,2452.300049,2438.500000,2439.199951,2448.600098,2452.300049,2402.699951,2439.199951,changed
2024-08-06 06:00:00+00:00,2026-10-04T07:55:55Z,2439.399902,2448.899902,2434.600098,2442.000000,2439.399902,2448.899902,2399.600098,2442.000000,changed
2024-08-06 09:00:00+00:00,2026-10-04T07:55:55Z,2451.699951,2456.199951,2450.800049,2454.100098,2451.699951,2455.500000,2450.800049,2454.100098,changed
2024-08-06 11:00:00+00:00,2026-10-04T07:55:55Z,2453.000000,2456.000000,2450.699951,2451.699951,2453.000000,2456.000000,2412.899902,2451.699951,changed
2024-08-06 12:00:00+00:00,2026-10-04T07:55:55Z,2451.699951,2452.899902,2432.100098,2433.399902,2451.699951,2452.899902,2393.899902,2433.399902,changed
2024-08-06 13:00:00+00:00,2026-10-04T07:55:55Z,2433.399902,2439.899902,2429.300049,2436.199951,2433.399902,2439.899902,2392.899902,2436.199951,changed
2024-08-06 14:00:00+00:00,2026-10-04T07:55:55Z,2436.199951,2444.100098,2426.899902,2429.199951,2436.199951,2444.100098,2385.800049,2429.199951,changed
2024-08-06 15:00:00+00:00,2026-10-04T07:55:55Z,2429.199951,2431.699951,2421.800049,2428.399902,2429.199951,2431.699951,2380.000000,2428.399902,changed
2024-08-06 16:00:00+00:00,2026-10-04T07:55:55Z,2428.500000,2432.500000,2426.399902,2431.000000,2428.500000,2432.500000,2385.300049,2431.000000,changed
2024-08-06 17:00:00+00:00,2026-10-04T07:55:55Z,2431.000000,2434.600098,2428.600098,2434.199951,2431.000000,2434.600098,2387.399902,2432.899902,changed
2024-08-06 18:00:00+00:00,2026-10-04T07:55:55Z,2433.000000,2437.100098,2432.399902,2433.899902,2432.899902,2437.100098,2392.699951,2433.899902,changed
2024-08-06 20:00:00+00:00,2026-10-04T07:55:55Z,2429.000000,2432.100098,2428.100098,2432.100098,2429.000000,2432.100098,2387.399902,2432.100098,changed
2024-08-07 04:00:00+00:00,2026-10-04T07:55:55Z,2426.000000,2434.800049,2425.699951,2433.000000,2426.000000,2434.800049,2392.199951,2433.000000,changed
2024-08-07 05:00:00+00:00,2026-10-04T07:55:55Z,2432.699951,2436.199951,2428.399902,2431.300049,2432.699951,2436.199951,2394.000000,2431.300049,changed
2024-08-07 06:00:00+00:00,2026-10-04T07:55:55Z,2431.300049,2437.600098,2429.399902,2434.500000,2389.800049,2437.600098,2387.300049,2434.500000,changed
2024-08-07 07:00:00+00:00,2026-10-04T07:55:55Z,2434.699951,2434.800049,2428.000000,2429.300049,2434.699951,2434.800049,2386.500000,2429.300049,changed
2024-08-07 08:00:00+00:00,2026-10-04T07:55:55Z,2429.199951,2433.600098,2428.000000,2433.199951,2429.199951,2433.600098,2391.000000,2433.199951,changed
2024-08-07 09:00:00+00:00,2026-10-04T07:55:55Z,2433.399902,2436.500000,2432.500000,2434.399902,2433.399902,2436.500000,2432.600098,2434.399902,changed
2024-08-07 10:00:00+00:00,2026-10-04T07:55:55Z,2434.500000,2438.399902,2433.199951,2437.600098,2434.500000,2438.399902,2392.699951,2437.600098,changed
2024-08-07 12:00:00+00:00,2026-10-04T07:55:55Z,2441.399902,2447.300049,2439.199951,2444.100098,2441.399902,2447.300049,2398.100098,2444.100098,changed
2024-08-07 13:00:00+00:00,2026-10-04T07:55:55Z,2444.300049,2445.300049,2436.699951,2440.300049,2444.300049,2445.300049,2397.100098,2440.300049,changed
2024-08-07 14:00:00+00:00,2026-10-04T07:55:55Z,2440.100098,2443.500000,2438.100098,2439.199951,2440.100098,2443.500000,2400.199951,2439.199951,changed
2024-08-07 16:00:00+00:00,2026-10-04T07:55:55Z,2434.699951,2440.100098,2433.100098,2439.899902,2434.699951,2440.100098,2394.300049,2439.899902,changed
2024-08-07 17:00:00+00:00,2026-10-04T07:55:55Z,2439.899902,2440.000000,2429.600098,2430.000000,2439.899902,2440.000000,2393.699951,2430.000000,changed
2024-08-07 18:00:00+00:00,2026-10-04T07:55:55Z,2429.899902,2432.000000,2423.899902,2426.300049,2429.899902,2432.000000,2387.000000,2426.300049,changed
2024-08-07 19:00:00+00:00,2026-10-04T07:55:55Z,2426.199951,2430.699951,2425.300049,2425.500000,2426.199951,2430.699951,2384.500000,2425.600098,changed
2024-08-07 20:00:00+00:00,2026-10-04T07:55:55Z,2426.100098,2427.399902,2421.699951,2423.500000,2425.699951,2427.399902,2421.699951,2423.500000,changed
2024-08-08 00:00:00+00:00,2026-10-04T07:55:55Z,2423.899902,2427.899902,2422.300049,2424.300049,2423.899902,2427.899902,2384.300049,2424.300049,changed
2024-08-08 03:00:00+00:00,2026-10-04T07:55:55Z,2429.500000,2433.800049,2427.800049,2433.000000,2429.500000,2433.800049,2387.699951,2433.000000,changed
2024-08-08 07:00:00+00:00,2026-10-04T07:55:55Z,2436.500000,2439.100098,2434.100098,2435.600098,2436.500000,2439.100098,2433.500000,2435.600098,changed
2024-08-08 10:00:00+00:00,2026-10-04T07:55:55Z,2435.100098,2445.699951,2435.100098,2444.500000,2435.100098,2445.699951,2397.699951,2444.500000,changed
2024-08-08 12:00:00+00:00,2026-10-04T07:55:55Z,2451.699951,2455.300049,2446.600098,2447.399902,2451.699951,2455.300049,2446.500000,2447.399902,changed
2024-08-08 13:00:00+00:00,2026-10-04T07:55:55Z,2447.399902,2454.899902,2441.199951,2453.399902,2447.399902,2454.899902,2403.500000,2453.399902,changed
2024-08-08 14:00:00+00:00,2026-10-04T07:55:55Z,2453.399902,2464.000000,2448.500000,2453.199951,2453.399902,2464.000000,2409.300049,2453.100098,changed
2024-08-08 15:00:00+00:00,2026-10-04T07:55:55Z,2453.300049,2459.800049,2451.300049,2458.100098,2452.100098,2459.800049,2451.899902,2458.100098,changed
2024-08-08 17:00:00+00:00,2026-10-04T07:55:55Z,2457.600098,2464.500000,2455.300049,2463.000000,2457.600098,2464.500000,2419.500000,2463.000000,changed
2024-08-09 01:00:00+00:00,2026-10-04T07:55:55Z,2463.300049,2467.199951,2459.399902,2466.699951,2463.300049,2467.199951,2422.300049,2466.699951,changed
2024-08-09 04:00:00+00:00,2026-10-04T07:55:55Z,2460.500000,2464.000000,2459.699951,2463.399902,2460.500000,2464.000000,2459.699951,2463.300049,changed
2024-08-09 05:00:00+00:00,2026-10-04T07:55:55Z,2462.600098,2463.100098,2456.399902,2456.500000,2463.199951,2463.399902,2456.399902,2456.500000,changed
2024-08-09 06:00:00+00:00,2026-10-04T07:55:55Z,2456.300049,2461.100098,2456.100098,2460.000000,2456.300049,2461.100098,2418.500000,2460.000000,changed
2024-08-09 08:00:00+00:00,2026-10-04T07:55:55Z,2462.399902,2465.899902,2461.199951,2463.500000,2462.399902,2465.899902,2420.899902,2463.500000,changed
2024-08-09 12:00:00+00:00,2026-10-04T07:55:55Z,2465.899902,2469.300049,2462.699951,2469.000000,2465.899902,2469.300049,2422.399902,2469.000000,changed
2024-08-09 13:00:00+00:00,2026-10-04T07:55:55Z,2469.199951,2472.699951,2460.000000,2466.100098,2469.000000,2472.699951,2420.100098,2466.100098,changed
2024-08-09 15:00:00+00:00,2026-10-04T07:55:55Z,2467.800049,2471.899902,2465.800049,2470.899902,2467.800049,2471.899902,2465.800049,2470.600098,changed
2024-08-09 16:00:00+00:00,2026-10-04T07:55:55Z,2471.800049,2474.000000,2466.600098,2473.899902,2470.800049,2474.000000,2427.399902,2473.899902,changed
2024-08-09 18:00:00+00:00,2026-10-04T07:55:55Z,2470.100098,2470.300049,2466.600098,2469.300049,2470.100098,2470.300049,2425.899902,2469.300049,changed
2024-08-09 19:00:00+00:00,2026-10-04T07:55:55Z,2469.300049,2469.600098,2466.699951,2468.600098,2469.300049,2469.600098,2426.000000,2468.600098,changed
2024-08-09 20:00:00+00:00,2026-10-04T07:55:55Z,2468.600098,2470.699951,2468.500000,2470.600098,2468.600098,2470.699951,2429.199951,2470.600098,changed
2024-08-12 06:00:00+00:00,2026-10-04T07:55:55Z,2473.399902,2476.199951,2472.399902,2475.699951,2473.399902,2476.199951,2432.000000,2475.699951,changed
2024-08-12 08:00:00+00:00,2026-10-04T07:55:55Z,2481.100098,2482.899902,2478.899902,2481.000000,2481.100098,2482.899902,2437.699951,2481.000000,changed
2024-08-12 12:00:00+00:00,2026-10-04T07:55:55Z,2480.699951,2484.800049,2480.500000,2483.800049,2480.699951,2484.800049,2442.000000,2483.800049,changed
2024-08-12 13:00:00+00:00,2026-10-04T07:55:55Z,2483.899902,2497.199951,2481.399902,2493.699951,2483.899902,2497.199951,2440.800049,2493.699951,changed
2024-08-12 14:00:00+00:00,2026-10-04T07:55:55Z,2493.699951,2495.100098,2483.699951,2492.800049,2493.699951,2495.100098,2443.699951,2492.800049,changed
2024-08-12 16:00:00+00:00,2026-10-04T07:55:55Z,2499.300049,2505.800049,2498.500000,2502.899902,2499.300049,2505.800049,2461.000000,2502.899902,changed
2024-08-12 19:00:00+00:00,2026-10-04T07:55:55Z,2510.300049,2511.899902,2509.800049,2510.600098,2510.300049,2512.399902,2468.600098,2510.600098,changed
2024-08-12 20:00:00+00:00,2026-10-04T07:55:55Z,2510.699951,2513.399902,2510.500000,2513.399902,2510.699951,2513.399902,2469.600098,2513.399902,changed
2024-08-13 01:00:00+00:00,2026-10-04T07:55:55Z,2511.899902,2513.699951,2501.199951,2506.699951,2511.899902,2513.699951,2461.000000,2506.699951,changed
2024-08-13 05:00:00+00:00,2026-10-04T07:55:55Z,2502.199951,2504.500000,2498.699951,2503.000000,2502.199951,2504.500000,2458.600098,2503.000000,changed
2024-08-13 06:00:00+00:00,2026-10-04T07:55:55Z,2503.100098,2504.600098,2501.300049,2503.399902,2503.100098,2504.699951,2459.699951,2503.399902,changed
2024-08-13 07:00:00+00:00,2026-10-04T07:55:55Z,2503.300049,2505.500000,2500.500000,2503.800049,2503.300049,2505.899902,2500.500000,2503.800049,changed
2024-08-13 08:00:00+00:00,2026-10-04T07:55:55Z,2503.899902,2503.899902,2498.199951,2499.899902,2503.899902,2503.899902,2456.500000,2499.899902,changed
2024-08-13 09:00:00+00:00,2026-10-04T07:55:55Z,2499.899902,2501.899902,2498.300049,2500.000000,2499.899902,2501.899902,2457.199951,2500.000000,changed
2024-08-13 10:00:00+00:00,2026-10-04T07:55:55Z,2500.000000,2502.899902,2498.399902,2501.399902,2500.000000,2502.899902,2458.500000,2501.399902,changed
2024-08-13 11:00:00+00:00,2026-10-04T07:55:55Z,2501.399902,2506.399902,2500.600098,2505.300049,2501.399902,2506.399902,2459.500000,2505.300049,changed
2024-08-13 12:00:00+00:00,2026-10-04T07:55:55Z,2505.300049,2512.500000,2503.699951,2507.300049,2505.300049,2512.500000,2463.199951,2507.300049,changed
2024-08-13 13:00:00+00:00,2026-10-04T07:55:55Z,2507.300049,2514.899902,2498.199951,2514.699951,2507.300049,2515.600098,2463.199951,2512.399902,changed
2024-08-13 14:00:00+00:00,2026-10-04T07:55:55Z,2511.899902,2512.800049,2503.199951,2511.000000,2512.399902,2512.800049,2469.699951,2511.000000,changed
2024-08-13 15:00:00+00:00,2026-10-04T07:55:55Z,2511.100098,2512.800049,2505.500000,2508.300049,2511.100098,2512.800049,2468.199951,2508.300049,changed
2024-08-13 16:00:00+00:00,2026-10-04T07:55:55Z,2508.300049,2510.800049,2505.899902,2509.199951,2508.300049,2510.800049,2469.000000,2509.199951,changed
2024-08-13 18:00:00+00:00,2026-10-04T07:55:55Z,2507.300049,2508.699951,2506.199951,2507.600098,2507.300049,2508.699951,2466.800049,2507.600098,changed
2024-08-13 20:00:00+00:00,2026-10-04T07:55:55Z,2506.800049,2507.500000,2504.300049,2504.899902,2506.800049,2507.500000,2465.300049,2504.899902,changed
2024-08-14 07:00:00+00:00,2026-10-04T07:55:55Z,2506.199951,2510.399902,2505.300049,2509.699951,2506.199951,2510.800049,2468.000000,2509.699951,changed
2024-08-14 12:00:00+00:00,2026-10-04T07:55:55Z,2513.800049,2519.699951,2500.800049,2507.899902,2513.800049,2519.699951,2472.100098,2507.899902,changed
2024-08-14 13:00:00+00:00,2026-10-04T07:55:55Z,2507.899902,2508.800049,2487.699951,2496.199951,2507.899902,2508.800049,2450.000000,2496.199951,changed
2024-08-14 14:00:00+00:00,2026-10-04T07:55:55Z,2496.100098,2497.100098,2485.399902,2488.600098,2496.100098,2497.100098,2445.199951,2488.600098,changed
2024-08-14 15:00:00+00:00,2026-10-04T07:55:55Z,2488.600098,2490.699951,2480.300049,2482.600098,2488.600098,2490.699951,2448.500000,2482.600098,changed
2024-08-14 19:00:00+00:00,2026-10-04T07:55:55Z,2486.000000,2486.800049,2482.600098,2485.500000,2486.000000,2486.800049,2445.600098,2485.500000,changed
2024-08-14 20:00:00+00:00,2026-10-04T07:55:55Z,2485.600098,2486.800049,2484.800049,2486.000000,2485.600098,2486.800049,2444.699951,2486.000000,changed
2024-08-15 00:00:00+00:00,2026-10-04T07:55:55Z,2486.899902,2491.500000,2479.699951,2487.300049,2486.899902,2491.500000,2486.000000,2487.300049,changed
2024-08-15 04:00:00+00:00,2026-10-04T07:55:55Z,2491.300049,2493.000000,2490.300049,2490.899902,2491.300049,2493.000000,2451.800049,2490.899902,changed
2024-08-15 07:00:00+00:00,2026-10-04T07:55:55Z,2493.600098,2494.300049,2492.000000,2493.300049,2493.600098,2494.300049,2491.899902,2493.300049,changed
2024-08-15 08:00:00+00:00,2026-10-04T07:55:55Z,2493.399902,2494.899902,2491.199951,2493.000000,2493.399902,2494.899902,2454.000000,2493.000000,changed
2024-08-15 10:00:00+00:00,2026-10-04T07:55:55Z,2494.300049,2497.899902,2494.300049,2495.699951,2494.300049,2497.899902,2457.000000,2495.699951,changed
2024-08-15 11:00:00+00:00,2026-10-04T07:55:55Z,2495.699951,2501.899902,2495.300049,2501.100098,2495.699951,2501.899902,2459.899902,2501.100098,changed
2024-08-15 12:00:00+00:00,2026-10-04T07:55:55Z,2501.300049,2508.000000,2478.000000,2478.399902,2501.300049,2508.000000,2448.500000,2478.399902,changed
2024-08-15 13:00:00+00:00,2026-10-04T07:55:55Z,2478.500000,2488.800049,2469.199951,2481.899902,2478.500000,2488.800049,2431.199951,2481.899902,changed
2024-08-15 14:00:00+00:00,2026-10-04T07:55:55Z,2481.699951,2496.500000,2481.699951,2490.000000,2481.699951,2496.500000,2443.100098,2490.000000,changed
2024-08-15 15:00:00+00:00,2026-10-04T07:55:55Z,2489.800049,2497.300049,2488.300049,2496.100098,2489.800049,2497.300049,2454.500000,2496.100098,changed
2024-08-15 16:00:00+00:00,2026-10-04T07:55:55Z,2496.100098,2497.699951,2492.600098,2493.199951,2496.100098,2497.699951,2454.899902,2493.199951,changed
2024-08-15 18:00:00+00:00,2026-10-04T07:55:55Z,2493.300049,2496.199951,2492.500000,2496.100098,2493.300049,2496.199951,2453.899902,2496.100098,changed
2024-08-15 19:00:00+00:00,2026-10-04T07:55:55Z,2496.199951,2499.399902,2491.899902,2493.500000,2496.199951,2499.399902,2455.600098,2493.500000,changed
2024-08-15 22:00:00+00:00,2026-10-04T07:55:55Z,2494.399902,2494.699951,2492.000000,2492.399902,2494.399902,2494.699951,2453.500000,2492.399902,changed
2024-08-16 06:00:00+00:00,2026-10-04T07:55:55Z,2493.100098,2495.399902,2491.899902,2492.399902,2493.100098,2495.399902,2453.699951,2492.399902,changed
2024-08-16 07:00:00+00:00,2026-10-04T07:55:55Z,2492.399902,2501.899902,2489.399902,2499.300049,2492.399902,2501.899902,2451.399902,2499.300049,changed
2024-08-16 10:00:00+00:00,2026-10-04T07:55:55Z,2500.800049,2506.000000,2500.399902,2502.300049,2500.800049,2506.000000,2462.199951,2502.300049,changed
2024-08-16 11:00:00+00:00,2026-10-04T07:55:55Z,2502.399902,2510.300049,2502.399902,2510.000000,2502.399902,2510.300049,2466.500000,2510.000000,changed
2024-08-16 12:00:00+00:00,2026-10-04T07:55:55Z,2510.000000,2531.399902,2509.300049,2530.500000,2510.000000,2531.399902,2488.199951,2530.500000,changed
2024-08-16 13:00:00+00:00,2026-10-04T07:55:55Z,2530.600098,2538.699951,2522.199951,2533.300049,2530.600098,2538.699951,2486.000000,2533.300049,changed
2024-08-16 14:00:00+00:00,2026-10-04T07:55:55Z,2533.300049,2533.899902,2515.800049,2525.600098,2533.300049,2533.899902,2481.199951,2525.600098,changed
2024-08-16 17:00:00+00:00,2026-10-04T07:55:55Z,2534.300049,2538.699951,2531.399902,2538.199951,2534.300049,2538.699951,2498.300049,2538.199951,changed
2024-08-16 19:00:00+00:00,2026-10-04T07:55:55Z,2542.000000,2547.399902,2540.199951,2546.500000,2542.000000,2547.399902,2504.399902,2546.500000,changed
2024-08-16 20:00:00+00:00,2026-10-04T07:55:55Z,2546.500000,2548.300049,2543.800049,2546.199951,2546.500000,2548.300049,2508.000000,2546.100098,changed
2024-08-18 22:00:00+00:00,2026-10-04T07:55:55Z,2549.699951,2549.899902,2540.899902,2543.600098,2549.699951,2549.899902,2502.800049,2543.600098,changed
2024-08-19 01:00:00+00:00,2026-10-04T07:55:55Z,2541.100098,2545.000000,2533.699951,2537.000000,2541.100098,2545.000000,2497.699951,2537.000000,changed
2024-08-19 05:00:00+00:00,2026-10-04T07:55:55Z,2539.500000,2541.100098,2537.899902,2539.899902,2539.500000,2541.100098,2499.800049,2539.899902,changed
2024-08-19 06:00:00+00:00,2026-10-04T07:55:55Z,2539.600098,2543.600098,2538.300049,2540.500000,2539.600098,2543.600098,2504.300049,2540.500000,changed
2024-08-19 07:00:00+00:00,2026-10-04T07:55:55Z,2540.600098,2543.399902,2537.899902,2541.199951,2540.600098,2543.399902,2500.300049,2541.199951,changed
2024-08-19 08:00:00+00:00,2026-10-04T07:55:55Z,2541.199951,2545.800049,2540.699951,2541.500000,2541.199951,2545.800049,2501.300049,2541.500000,changed
2024-08-19 11:00:00+00:00,2026-10-04T07:55:55Z,2527.800049,2533.500000,2524.399902,2532.800049,2527.800049,2533.500000,2487.199951,2532.800049,changed
2024-08-19 12:00:00+00:00,2026-10-04T07:55:55Z,2532.899902,2533.800049,2526.399902,2529.399902,2532.899902,2533.800049,2492.199951,2529.399902,changed
2024-08-19 18:00:00+00:00,2026-10-04T07:55:55Z,2541.500000,2543.399902,2540.899902,2542.800049,2541.500000,2543.399902,2502.300049,2542.800049,changed
2024-08-19 22:00:00+00:00,2026-10-04T07:55:55Z,2542.399902,2542.899902,2540.199951,2542.500000,2542.399902,2542.899902,2503.500000,2542.500000,changed
2024-08-20 06:00:00+00:00,2026-10-04T07:55:55Z,2537.199951,2543.800049,2535.100098,2540.500000,2537.199951,2543.800049,2500.699951,2540.500000,changed
2024-08-20 07:00:00+00:00,2026-10-04T07:55:55Z,2540.399902,2553.699951,2539.300049,2553.199951,2540.399902,2553.699951,2505.100098,2553.199951,changed
2024-08-20 12:00:00+00:00,2026-10-04T07:55:55Z,2565.000000,2568.000000,2560.199951,2565.199951,2565.000000,2568.000000,2525.000000,2565.199951,changed
2024-08-20 13:00:00+00:00,2026-10-04T07:55:55Z,2565.300049,2570.399902,2558.300049,2568.500000,2565.300049,2570.399902,2526.100098,2568.500000,changed
2024-08-20 14:00:00+00:00,2026-10-04T07:55:55Z,2568.399902,2568.800049,2558.399902,2562.100098,2568.399902,2568.800049,2526.500000,2562.100098,changed
2024-08-20 15:00:00+00:00,2026-10-04T07:55:55Z,2562.100098,2562.300049,2543.600098,2546.399902,2562.100098,2562.300049,2509.300049,2546.399902,changed
2024-08-20 16:00:00+00:00,2026-10-04T07:55:55Z,2546.600098,2548.600098,2538.600098,2547.100098,2546.600098,2548.600098,2508.000000,2547.100098,changed
2024-08-20 18:00:00+00:00,2026-10-04T07:55:55Z,2548.699951,2553.800049,2547.500000,2551.699951,2548.699951,2553.800049,2513.699951,2551.699951,changed
2024-08-20 19:00:00+00:00,2026-10-04T07:55:55Z,2551.600098,2553.500000,2549.000000,2553.199951,2551.600098,2553.500000,2512.500000,2553.199951,changed
2024-08-21 11:00:00+00:00,2026-10-04T07:55:55Z,2547.699951,2552.000000,2545.000000,2549.899902,2547.699951,2552.000000,2511.000000,2549.899902,changed
2024-08-21 12:00:00+00:00,2026-10-04T07:55:55Z,2550.000000,2552.000000,2544.899902,2548.399902,2550.000000,2552.000000,2506.899902,2548.399902,changed
2024-08-21 14:00:00+00:00,2026-10-04T07:55:55Z,2540.699951,2544.500000,2528.199951,2539.100098,2540.699951,2544.500000,2503.899902,2539.100098,changed
2024-08-21 17:00:00+00:00,2026-10-04T07:55:55Z,2544.800049,2549.199951,2544.699951,2547.300049,2544.800049,2549.199951,2508.199951,2547.300049,changed
2024-08-21 18:00:00+00:00,2026-10-04T07:55:55Z,2547.199951,2557.300049,2547.000000,2554.199951,2547.199951,2557.300049,2515.399902,2554.199951,changed
2024-08-22 06:00:00+00:00,2026-10-04T07:55:55Z,2542.000000,2547.199951,2539.699951,2543.800049,2542.000000,2547.199951,2504.100098,2543.800049,changed
2024-08-22 12:00:00+00:00,2026-10-04T07:55:55Z,2535.699951,2541.899902,2531.300049,2536.899902,2535.699951,2541.899902,2495.699951,2536.899902,changed
2024-08-22 13:00:00+00:00,2026-10-04T07:55:55Z,2536.899902,2537.899902,2518.699951,2523.500000,2536.899902,2537.899902,2484.600098,2523.500000,changed
2024-08-22 14:00:00+00:00,2026-10-04T07:55:55Z,2523.699951,2523.699951,2506.399902,2515.899902,2523.699951,2523.699951,2471.100098,2515.899902,changed
2024-08-22 15:00:00+00:00,2026-10-04T07:55:55Z,2515.800049,2520.199951,2510.699951,2517.899902,2515.800049,2520.199951,2475.699951,2517.899902,changed
2024-08-22 16:00:00+00:00,2026-10-04T07:55:55Z,2518.000000,2522.100098,2517.399902,2520.199951,2518.000000,2522.100098,2482.399902,2520.199951,changed
2024-08-22 17:00:00+00:00,2026-10-04T07:55:55Z,2520.100098,2520.399902,2515.300049,2517.600098,2520.100098,2520.399902,2515.300049,2517.899902,changed
2024-08-22 18:00:00+00:00,2026-10-04T07:55:55Z,2518.000000,2520.699951,2516.100098,2517.899902,2518.000000,2520.699951,2479.800049,2517.899902,changed
2024-08-23 00:00:00+00:00,2026-10-04T07:55:55Z,2522.899902,2527.899902,2521.899902,2525.399902,2522.899902,2527.899902,2486.500000,2525.399902,changed
2024-08-23 02:00:00+00:00,2026-10-04T07:55:55Z,2526.600098,2527.199951,2522.100098,2525.500000,2526.600098,2527.199951,2486.800049,2525.500000,changed
2024-08-23 13:00:00+00:00,2026-10-04T07:55:55Z,2536.899902,2539.600098,2530.100098,2533.800049,2536.899902,2539.600098,2492.899902,2533.800049,changed
2024-08-23 14:00:00+00:00,2026-10-04T07:55:55Z,2533.899902,2554.199951,2532.100098,2545.000000,2533.899902,2554.199951,2499.000000,2545.000000,changed
2024-08-23 19:00:00+00:00,2026-10-04T07:55:55Z,2545.399902,2548.600098,2543.500000,2546.600098,2545.399902,2548.600098,2506.800049,2546.600098,changed
2024-08-25 22:00:00+00:00,2026-10-04T07:55:55Z,2545.100098,2550.300049,2544.600098,2548.399902,2545.100098,2550.300049,2509.899902,2548.399902,changed
2024-08-25 23:00:00+00:00,2026-10-04T07:55:55Z,2548.399902,2552.100098,2548.399902,2551.300049,2548.399902,2552.100098,2511.899902,2551.300049,changed
2024-08-26 01:00:00+00:00,2026-10-04T07:55:55Z,2549.000000,2550.800049,2546.000000,2548.699951,2549.000000,2550.800049,2509.100098,2548.699951,changed
2024-08-26 07:00:00+00:00,2026-10-04T07:55:55Z,2550.600098,2557.300049,2549.600098,2556.899902,2550.600098,2557.300049,2516.899902,2556.899902,changed
2024-08-26 08:00:00+00:00,2026-10-04T07:55:55Z,2557.000000,2561.699951,2556.300049,2560.000000,2557.000000,2561.600098,2556.300049,2560.000000,changed
2024-08-26 09:00:00+00:00,2026-10-04T07:55:55Z,2560.100098,2561.500000,2559.100098,2561.000000,2560.100098,2561.500000,2523.100098,2561.000000,changed
2024-08-26 11:00:00+00:00,2026-10-04T07:55:55Z,2560.699951,2562.500000,2556.399902,2562.100098,2560.699951,2562.500000,2519.800049,2562.100098,changed
2024-08-26 12:00:00+00:00,2026-10-04T07:55:55Z,2562.199951,2563.199951,2558.199951,2559.500000,2562.199951,2563.199951,2522.100098,2559.500000,changed
2024-08-26 13:00:00+00:00,2026-10-04T07:55:55Z,2559.500000,2562.300049,2551.000000,2551.600098,2559.500000,2562.300049,2515.699951,2551.600098,changed
2024-08-26 14:00:00+00:00,2026-10-04T07:55:55Z,2551.600098,2554.699951,2546.100098,2552.600098,2551.600098,2554.699951,2509.699951,2552.600098,changed
2024-08-27 05:00:00+00:00,2026-10-04T07:55:55Z,2542.300049,2548.800049,2541.699951,2548.600098,2542.300049,2548.800049,2541.699951,2548.800049,changed
2024-08-27 06:00:00+00:00,2026-10-04T07:55:55Z,2548.600098,2552.500000,2547.899902,2549.899902,2548.500000,2552.500000,2547.899902,2549.899902,changed
2024-08-27 07:00:00+00:00,2026-10-04T07:55:55Z,2549.899902,2552.699951,2539.500000,2540.000000,2549.899902,2552.699951,2515.199951,2540.000000,changed
2024-08-27 11:00:00+00:00,2026-10-04T07:55:55Z,2544.100098,2547.699951,2543.699951,2546.600098,2544.100098,2547.699951,2543.899902,2546.600098,changed
2024-08-27 13:00:00+00:00,2026-10-04T07:55:55Z,2544.899902,2550.399902,2538.899902,2547.800049,2544.899902,2550.399902,2506.899902,2547.800049,changed
2024-08-27 16:00:00+00:00,2026-10-04T07:55:55Z,2547.300049,2549.899902,2545.000000,2549.800049,2547.300049,2549.899902,2511.100098,2549.800049,changed
2024-08-27 19:00:00+00:00,2026-10-04T07:55:55Z,2560.000000,2561.100098,2558.399902,2560.399902,2560.000000,2561.100098,2522.300049,2560.399902,changed
2024-08-27 20:00:00+00:00,2026-10-04T07:55:55Z,2560.399902,2561.399902,2559.100098,2560.000000,2560.399902,2561.399902,2522.800049,2560.000000,changed
2024-08-30 07:00:00+00:00,2026-10-04T07:55:55Z,2550.600098,2554.300049,2550.399902,2552.500000,2550.600098,2554.399902,2550.399902,2552.500000,changed
2024-08-30 14:00:00+00:00,2026-10-04T07:55:55Z,2548.800049,2551.399902,2539.300049,2542.100098,2548.800049,2551.699951,2539.300049,2542.100098,changed
2024-08-30 20:00:00+00:00,2026-10-04T07:55:55Z,2534.800049,2536.100098,2534.399902,2535.899902,2534.800049,2536.100098,2534.399902,2536.000000,changed
2024-08-01 01:00:00+00:00,2026-10-04T21:11:09Z,2492.000000,2502.800049,2452.600098,2495.500000,2492.000000,2502.800049,2490.500000,2495.500000,changed
2024-08-01 05:00:00+00:00,2026-10-04T21:11:09Z,2488.399902,2492.300049,2442.500000,2491.000000,2488.399902,2492.300049,2487.699951,2491.000000,changed
2024-08-01 06:00:00+00:00,2026-10-04T21:11:09Z,2490.899902,2492.899902,2445.800049,2489.100098,2490.899902,2492.899902,2488.300049,2489.100098,changed
2024-08-01 07:00:00+00:00,2026-10-04T21:11:09Z,2489.199951,2489.199951,2442.000000,2484.399902,2489.199951,2489.300049,2484.000000,2484.399902,changed
2024-08-01 09:00:00+00:00,2026-10-04T21:11:09Z,2478.000000,2479.399902,2430.399902,2476.800049,2478.000000,2479.399902,2474.000000,2476.800049,changed
2024-08-01 10:00:00+00:00,2026-10-04T21:11:09Z,2476.899902,2480.800049,2431.600098,2479.199951,2476.899902,2480.800049,2475.899902,2479.199951,changed
2024-08-01 11:00:00+00:00,2026-10-04T21:11:09Z,2479.199951,2487.399902,2433.899902,2485.000000,2479.199951,2487.399902,2478.300049,2485.000000,changed
2024-08-01 12:00:00+00:00,2026-10-04T21:11:09Z,2485.100098,2499.399902,2446.199951,2495.300049,2485.100098,2499.399902,2484.600098,2495.300049,changed
2024-08-01 13:00:00+00:00,2026-10-04T21:11:09Z,2495.000000,2501.899902,2452.100098,2497.800049,2495.000000,2501.899902,2492.699951,2497.800049,changed
2024-08-01 14:00:00+00:00,2026-10-04T21:11:09Z,2498.100098,2506.600098,2443.399902,2492.800049,2498.100098,2506.600098,2487.300049,2492.800049,changed
2024-08-01 15:00:00+00:00,2026-10-04T21:11:09Z,2492.699951,2496.199951,2442.899902,2489.399902,2492.699951,2496.199951,2486.399902,2489.399902,changed
2024-08-01 16:00:00+00:00,2026-10-04T21:11:09Z,2489.300049,2492.800049,2442.899902,2488.600098,2489.300049,2492.800049,2487.500000,2488.600098,changed
2024-08-01 17:00:00+00:00,2026-10-04T21:11:09Z,2488.600098,2488.800049,2434.800049,2483.199951,2488.600098,2488.800049,2479.500000,2483.199951,changed
2024-08-01 18:00:00+00:00,2026-10-04T21:11:09Z,2483.100098,2484.699951,2436.300049,2483.500000,2483.100098,2484.699951,2478.600098,2483.500000,changed
2024-08-01 20:00:00+00:00,2026-10-04T21:11:09Z,2487.300049,2492.000000,2441.800049,2490.899902,2487.300049,2492.000000,2486.199951,2490.899902,changed
2024-08-01 22:00:00+00:00,2026-10-04T21:11:09Z,2490.800049,2491.500000,2444.000000,2489.399902,2490.800049,2491.500000,2487.800049,2489.399902,changed
2024-08-02 01:00:00+00:00,2026-10-04T21:11:09Z,2493.199951,2494.800049,2436.800049,2491.600098,2493.199951,2495.000000,2479.500000,2491.600098,changed
2024-08-02 03:00:00+00:00,2026-10-04T21:11:09Z,2499.899902,2503.800049,2457.100098,2498.699951,2499.899902,2503.800049,2496.000000,2498.699951,changed
2024-08-02 05:00:00+00:00,2026-10-04T21:11:09Z,2501.899902,2511.500000,2458.500000,2511.300049,2501.899902,2511.500000,2501.800049,2511.300049,changed
2024-08-02 07:00:00+00:00,2026-10-04T21:11:09Z,2509.699951,2510.899902,2460.699951,2505.800049,2509.699951,2510.899902,2504.399902,2505.800049,changed
2024-08-02 10:00:00+00:00,2026-10-04T21:11:09Z,2508.399902,2509.899902,2462.699951,2507.899902,2508.399902,2509.899902,2505.300049,2507.899902,changed
2024-08-02 11:00:00+00:00,2026-10-04T21:11:09Z,2508.000000,2509.199951,2458.699951,2503.500000,2508.000000,2509.199951,2501.800049,2503.500000,changed
2024-08-02 12:00:00+00:00,2026-10-04T21:11:09Z,2503.300049,2522.500000,2473.399902,2517.100098,2503.300049,2522.500000,2499.899902,2517.100098,changed
2024-08-02 13:00:00+00:00,2026-10-04T21:11:09Z,2517.000000,2518.600098,2463.500000,2513.800049,2517.000000,2518.600098,2499.399902,2513.000000,changed
2024-08-02 14:00:00+00:00,2026-10-04T21:11:09Z,2513.699951,2518.399902,2428.399902,2474.399902,2516.800049,2518.399902,2471.699951,2474.399902,changed
2024-08-02 15:00:00+00:00,2026-10-04T21:11:09Z,2474.300049,2478.899902,2416.000000,2476.100098,2474.300049,2478.899902,2453.100098,2476.100098,changed
2024-08-02 16:00:00+00:00,2026-10-04T21:11:09Z,2475.699951,2482.399902,2425.399902,2473.199951,2476.300049,2482.399902,2469.100098,2473.199951,changed
2024-08-02 17:00:00+00:00,2026-10-04T21:11:09Z,2473.100098,2474.399902,2426.399902,2470.500000,2473.100098,2474.399902,2465.500000,2470.500000,changed
2024-08-02 18:00:00+00:00,2026-10-04T21:11:09Z,2470.600098,2476.500000,2426.899902,2471.899902,2470.600098,2476.500000,2469.500000,2471.899902,changed
2024-08-02 19:00:00+00:00,2026-10-04T21:11:09Z,2471.899902,2480.800049,2433.800049,2480.000000,2471.899902,2480.800049,2468.399902,2480.000000,changed
2024-08-02 20:00:00+00:00,2026-10-04T21:11:09Z,2480.000000,2486.600098,2440.199951,2486.100098,2480.000000,2486.600098,2478.100098,2486.100098,changed
2024-08-04 22:00:00+00:00,2026-10-04T21:11:09Z,2490.300049,2490.399902,2442.000000,2483.500000,2490.300049,2490.399902,2480.100098,2483.500000,changed
2024-08-05 00:00:00+00:00,2026-10-04T21:11:09Z,2483.199951,2483.199951,2422.100098,2464.300049,2483.199951,2483.199951,2455.699951,2464.300049,changed
2024-08-05 01:00:00+00:00,2026-10-04T21:11:09Z,2463.699951,2484.199951,2418.899902,2481.600098,2463.699951,2484.199951,2462.100098,2481.600098,changed
2024-08-05 02:00:00+00:00,2026-10-04T21:11:09Z,2481.500000,2488.500000,2436.000000,2484.699951,2481.500000,2488.500000,2475.100098,2484.699951,changed
2024-08-05 05:00:00+00:00,2026-10-04T21:11:09Z,2494.600098,2494.600098,2435.000000,2479.699951,2494.600098,2494.600098,2473.600098,2479.699951,changed
2024-08-05 06:00:00+00:00,2026-10-04T21:11:09Z,2479.600098,2480.300049,2430.000000,2470.000000,2479.600098,2480.300049,2463.600098,2470.000000,changed
2024-08-05 07:00:00+00:00,2026-10-04T21:11:09Z,2470.000000,2485.100098,2426.000000,2473.199951,2470.000000,2485.100098,2465.899902,2473.199951,changed
2024-08-05 08:00:00+00:00,2026-10-04T21:11:09Z,2473.300049,2475.800049,2423.199951,2465.800049,2473.300049,2475.800049,2464.100098,2465.800049,changed
2024-08-05 09:00:00+00:00,2026-10-04T21:11:09Z,2466.100098,2469.600098,2418.000000,2464.899902,2466.100098,2469.699951,2460.000000,2464.899902,changed
2024-08-05 10:00:00+00:00,2026-10-04T21:11:09Z,2465.000000,2466.399902,2406.000000,2449.100098,2465.000000,2466.399902,2448.600098,2449.100098,changed
2024-08-05 11:00:00+00:00,2026-10-04T21:11:09Z,2449.000000,2449.000000,2400.000000,2426.800049,2449.000000,2449.000000,2423.100098,2426.800049,changed
2024-08-05 12:00:00+00:00,2026-10-04T21:11:09Z,2426.899902,2433.000000,2367.399902,2414.100098,2426.899902,2433.000000,2403.800049,2414.100098,changed
2024-08-05 13:00:00+00:00,2026-10-04T21:11:09Z,2414.199951,2437.399902,2375.100098,2434.100098,2414.199951,2437.399902,2414.199951,2434.100098,changed
2024-08-05 14:00:00+00:00,2026-10-04T21:11:09Z,2433.399902,2438.000000,2389.000000,2437.100098,2433.399902,2438.000000,2426.100098,2437.100098,changed
2024-08-05 15:00:00+00:00,2026-10-04T21:11:09Z,2436.899902,2452.800049,2399.399902,2443.300049,2436.899902,2452.800049,2436.699951,2443.300049,changed
2024-08-05 19:00:00+00:00,2026-10-04T21:11:09Z,2446.199951,2454.699951,2406.399902,2449.000000,2446.199951,2454.699951,2445.800049,2449.000000,changed
2024-08-06 01:00:00+00:00,2026-10-04T21:11:09Z,2457.100098,2459.000000,2414.500000,2453.399902,2457.100098,2459.000000,2451.699951,2453.399902,changed
2024-08-06 04:00:00+00:00,2026-10-04T21:11:09Z,2449.500000,2453.399902,2409.100098,2448.500000,2449.500000,2453.399902,2447.300049,2448.500000,changed
2024-08-06 05:00:00+00:00,2026-10-04T21:11:09Z,2448.600098,2452.300049,2402.699951,2439.199951,2448.600098,2452.300049,2438.500000,2439.199951,changed
2024-08-06 06:00:00+00:00,2026-10-04T21:11:09Z,2439.399902,2448.899902,2399.600098,2442.000000,2439.399902,2448.899902,2434.600098,2442.000000,changed
2024-08-06 09:00:00+00:00,2026-10-04T21:11:09Z,2451.699951,2455.500000,2450.800049,2454.100098,2451.699951,2456.199951,2450.800049,2454.100098,changed
2024-08-06 11:00:00+00:00,2026-10-04T21:11:09Z,2453.000000,2456.000000,2412.899902,2451.699951,2453.000000,2456.000000,2450.699951,2451.699951,changed
2024-08-06 12:00:00+00:00,2026-10-04T21:11:09Z,2451.699951,2452.899902,2393.899902,2433.399902,2451.699951,2452.899902,2432.100098,2433.399902,changed
2024-08-06 13:00:00+00:00,2026-10-04T21:11:09Z,2433.399902,2439.899902,2392.899902,2436.199951,2433.399902,2439.899902,2429.300049,2436.199951,changed
2024-08-06 14:00:00+00:00,2026-10-04T21:11:09Z,2436.199951,2444.100098,2385.800049,2429.199951,2436.199951,2444.100098,2426.899902,2429.199951,changed
2024-08-06 15:00:00+00:00,2026-10-04T21:11:09Z,2429.199951,2431.699951,2380.000000,2428.399902,2429.199951,2431.699951,2421.800049,2428.399902,changed
2024-08-06 16:00:00+00:00,2026-10-04T21:11:09Z,2428.500000,2432.500000,2385.300049,2431.000000,2428.500000,2432.500000,2426.399902,2431.000000,changed
2024-08-06 17:00:00+00:00,2026-10-04T21:11:09Z,2431.000000,2434.600098,2387.399902,2432.899902,2431.000000,2434.600098,2428.600098,2434.199951,changed
2024-08-06 18:00:00+00:00,2026-10-04T21:11:09Z,2432.899902,2437.100098,2392.699951,2433.899902,2433.000000,2437.100098,2432.399902,2433.899902,changed
2024-08-06 20:00:00+00:00,2026-10-04T21:11:09Z,2429.000000,2432.100098,2387.399902,2432.100098,2429.000000,2432.100098,2428.100098,2432.100098,changed
2024-08-07 04:00:00+00:00,2026-10-04T21:11:09Z,2426.000000,2434.800049,2392.199951,2433.000000,2426.000000,2434.800049,2425.699951,2433.000000,changed
2024-08-07 05:00:00+00:00,2026-10-04T21:11:09Z,2432.699951,2436.199951,2394.000000,2431.300049,2432.699951,2436.199951,2428.399902,2431.300049,changed
2024-08-07 06:00:00+00:00,2026-10-04T21:11:09Z,2389.800049,2437.600098,2387.300049,2434.500000,2431.300049,2437.600098,2429.399902,2434.500000,changed
2024-08-07 07:00:00+00:00,2026-10-04T21:11:09Z,2434.699951,2434.800049,2386.500000,2429.300049,2434.699951,2434.800049,2428.000000,2429.300049,changed
2024-08-07 08:00:00+00:00,2026-10-04T21:11:09Z,2429.199951,2433.600098,2391.000000,2433.199951,2429.199951,2433.600098,2428.000000,2433.199951,changed
2024-08-07 09:00:00+00:00,2026-10-04T21:11:09Z,2433.399902,2436.500000,2432.600098,2434.399902,2433.399902,2436.500000,2432.500000,2434.399902,changed
2024-08-07 10:00:00+00:00,2026-10-04T21:11:09Z,2434.500000,2438.399902,2392.699951,2437.600098,2434.500000,2438.399902,2433.199951,2437.600098,changed
2024-08-07 12:00:00+00:00,2026-10-04T21:11:09Z,2441.399902,2447.300049,2398.100098,2444.100098,2441.399902,2447.300049,2439.199951,2444.100098,changed
2024-08-07 13:00:00+00:00,2026-10-04T21:11:09Z,2444.300049,2445.300049,2397.100098,2440.300049,2444.300049,2445.300049,2436.699951,2440.300049,changed
2024-08-07 14:00:00+00:00,2026-10-04T21:11:09Z,2440.100098,2443.500000,2400.199951,2439.199951,2440.100098,2443.500000,2438.100098,2439.199951,changed
2024-08-07 16:00:00+00:00,2026-10-04T21:11:09Z,2434.699951,2440.100098,2394.300049,2439.899902,2434.699951,2440.100098,2433.100098,2439.899902,changed
2024-08-07 17:00:00+00:00,2026-10-04T21:11:09Z,2439.899902,2440.000000,2393.699951,2430.000000,2439.899902,2440.000000,2429.600098,2430.000000,changed
2024-08-07 18:00:00+00:00,2026-10-04T21:11:09Z,2429.899902,2432.000000,2387.000000,2426.300049,2429.899902,2432.000000,2423.899902,2426.300049,changed
2024-08-07 19:00:00+00:00,2026-10-04T21:11:09Z,2426.199951,2430.699951,2384.500000,2425.600098,2426.199951,2430.699951,2425.300049,2425.500000,changed
2024-08-07 20:00:00+00:00,2026-10-04T21:11:09Z,2425.699951,2427.399902,2421.699951,2423.500000,2426.100098,2427.399902,2421.699951,2423.500000,changed
2024-08-08 00:00:00+00:00,2026-10-04T21:11:09Z,2423.899902,2427.899902,2384.300049,2424.300049,2423.899902,2427.899902,2422.300049,2424.300049,changed
2024-08-08 03:00:00+00:00,2026-10-04T21:11:09Z,2429.500000,2433.800049,2387.699951,2433.000000,2429.500000,2433.800049,2427.800049,2433.000000,changed
2024-08-08 07:00:00+00:00,2026-10-04T21:11:09Z,2436.500000,2439.100098,2433.500000,2435.600098,2436.500000,2439.100098,2434.100098,2435.600098,changed
2024-08-08 10:00:00+00:00,2026-10-04T21:11:09Z,2435.100098,2445.699951,2397.699951,2444.500000,2435.100098,2445.699951,2435.100098,2444.500000,changed
2024-08-08 12:00:00+00:00,2026-10-04T21:11:09Z,2451.699951,2455.300049,2446.500000,2447.399902,2451.699951,2455.300049,2446.600098,2447.399902,changed
2024-08-08 13:00:00+00:00,2026-10-04T21:11:09Z,2447.399902,2454.899902,2403.500000,2453.399902,2447.399902,2454.899902,2441.199951,2453.399902,changed
2024-08-08 14:00:00+00:00,2026-10-04T21:11:09Z,2453.399902,2464.000000,2409.300049,2453.100098,2453.399902,2464.000000,2448.500000,2453.199951,changed
2024-08-08 15:00:00+00:00,2026-10-04T21:11:09Z,2452.100098,2459.800049,2451.899902,2458.100098,2453.300049,2459.800049,2451.300049,2458.100098,changed
2024-08-08 17:00:00+00:00,2026-10-04T21:11:09Z,2457.600098,2464.500000,2419.500000,2463.000000,2457.600098,2464.500000,2455.300049,2463.000000,changed
2024-08-09 01:00:00+00:00,2026-10-04T21:11:09Z,2463.300049,2467.199951,2422.300049,2466.699951,2463.300049,2467.199951,2459.399902,2466.699951,changed
2024-08-09 04:00:00+00:00,2026-10-04T21:11:09Z,2460.500000,2464.000000,2459.699951,2463.300049,2460.500000,2464.000000,2459.699951,2463.399902,changed
2024-08-09 05:00:00+00:00,2026-10-04T21:11:09Z,2463.199951,2463.399902,2456.399902,2456.500000,2462.600098,2463.100098,2456.399902,2456.500000,changed
2024-08-09 06:00:00+00:00,2026-10-04T21:11:09Z,2456.300049,2461.100098,2418.500000,2460.000000,2456.300049,2461.100098,2456.100098,2460.000000,changed
2024-08-09 08:00:00+00:00,2026-10-04T21:11:09Z,2462.399902,2465.899902,2420.899902,2463.500000,2462.399902,2465.899902,2461.199951,2463.500000,changed
2024-08-09 12:00:00+00:00,2026-10-04T21:11:09Z,2465.899902,2469.300049,2422.399902,2469.000000,2465.899902,2469.300049,2462.699951,2469.000000,changed
2024-08-09 13:00:00+00:00,2026-10-04T21:11:09Z,2469.000000,2472.699951,2420.100098,2466.100098,2469.199951,2472.699951,2460.000000,2466.100098,changed
2024-08-09 15:00:00+00:00,2026-10-04T21:11:09Z,2467.800049,2471.899902,2465.800049,2470.600098,2467.800049,2471.899902,2465.800049,2470.899902,changed
2024-08-09 16:00:00+00:00,2026-10-04T21:11:09Z,2470.800049,2474.000000,2427.399902,2473.899902,2471.800049,2474.000000,2466.600098,2473.899902,changed
2024-08-09 18:00:00+00:00,2026-10-04T21:11:09Z,2470.100098,2470.300049,2425.899902,2469.300049,2470.100098,2470.300049,2466.600098,2469.300049,changed
2024-08-09 19:00:00+00:00,2026-10-04T21:11:09Z,2469.300049,2469.600098,2426.000000,2468.600098,2469.300049,2469.600098,2466.699951,2468.600098,changed
2024-08-09 20:00:00+00:00,2026-10-04T21:11:09Z,2468.600098,2470.699951,2429.199951,2470.600098,2468.600098,2470.699951,2468.500000,2470.600098,changed
2024-08-12 06:00:00+00:00,2026-10-04T21:11:09Z,2473.399902,2476.199951,2432.000000,2475.699951,2473.399902,2476.199951,2472.399902,2475.699951,changed
2024-08-12 08:00:00+00:00,2026-10-04T21:11:09Z,2481.100098,2482.899902,2437.699951,2481.000000,2481.100098,2482.899902,2478.899902,2481.000000,changed
2024-08-12 12:00:00+00:00,2026-10-04T21:11:09Z,2480.699951,2484.800049,2442.000000,2483.800049,2480.699951,2484.800049,2480.500000,2483.800049,changed
2024-08-12 13:00:00+00:00,2026-10-04T21:11:09Z,2483.899902,2497.199951,2440.800049,2493.699951,2483.899902,2497.199951,2481.399902,2493.699951,changed
2024-08-12 14:00:00+00:00,2026-10-04T21:11:09Z,2493.699951,2495.100098,2443.699951,2492.800049,2493.699951,2495.100098,2483.699951,2492.800049,changed
2024-08-12 16:00:00+00:00,2026-10-04T21:11:09Z,2499.300049,2505.800049,2461.000000,2502.899902,2499.300049,2505.800049,2498.500000,2502.899902,changed
2024-08-12 19:00:00+00:00,2026-10-04T21:11:09Z,2510.300049,2512.399902,2468.600098,2510.600098,2510.300049,2511.899902,2509.800049,2510.600098,changed
2024-08-12 20:00:00+00:00,2026-10-04T21:11:09Z,2510.699951,2513.399902,2469.600098,2513.399902,2510.699951,2513.399902,2510.500000,2513.399902,changed
2024-08-13 01:00:00+00:00,2026-10-04T21:11:09Z,2511.899902,2513.699951,2461.000000,2506.699951,2511.899902,2513.699951,2501.199951,2506.699951,changed
2024-08-13 05:00:00+00:00,2026-10-04T21:11:09Z,2502.199951,2504.500000,2458.600098,2503.000000,2502.199951,2504.500000,2498.699951,2503.000000,changed
2024-08-13 06:00:00+00:00,2026-10-04T21:11:09Z,2503.100098,2504.699951,2459.699951,2503.399902,2503.100098,2504.600098,2501.300049,2503.399902,changed
2024-08-13 07:00:00+00:00,2026-10-04T21:11:09Z,2503.300049,2505.899902,2500.500000,2503.800049,2503.300049,2505.500000,2500.500000,2503.800049,changed
2024-08-13 08:00:00+00:00,2026-10-04T21:11:09Z,2503.899902,2503.899902,2456.500000,2499.899902,2503.899902,2503.899902,2498.199951,2499.899902,changed
2024-08-13 09:00:00+00:00,2026-10-04T21:11:09Z,2499.899902,2501.899902,2457.199951,2500.000000,2499.899902,2501.899902,2498.300049,2500.000000,changed
2024-08-13 10:00:00+00:00,2026-10-04T21:11:09Z,2500.000000,2502.899902,2458.500000,2501.399902,2500.000000,2502.899902,2498.399902,2501.399902,changed
2024-08-13 11:00:00+00:00,2026-10-04T21:11:09Z,2501.399902,2506.399902,2459.500000,2505.300049,2501.399902,2506.399902,2500.600098,2505.300049,changed
2024-08-13 12:00:00+00:00,2026-10-04T21:11:09Z,2505.300049,2512.500000,2463.199951,2507.300049,2505.300049,2512.500000,2503.699951,2507.300049,changed
2024-08-13 13:00:00+00:00,2026-10-04T21:11:09Z,2507.300049,2515.600098,2463.199951,2512.399902,2507.300049,2514.899902,2498.199951,2514.699951,changed
2024-08-13 14:00:00+00:00,2026-10-04T21:11:09Z,2512.399902,2512.800049,2469.699951,2511.000000,2511.899902,2512.800049,2503.199951,2511.000000,changed
2024-08-13 15:00:00+00:00,2026-10-04T21:11:09Z,2511.100098,2512.800049,2468.199951,2508.300049,2511.100098,2512.800049,2505.500000,2508.300049,changed
2024-08-13 16:00:00+00:00,2026-10-04T21:11:09Z,2508.300049,2510.800049,2469.000000,2509.199951,2508.300049,2510.800049,2505.899902,2509.199951,changed
2024-08-13 18:00:00+00:00,2026-10-04T21:11:09Z,2507.300049,2508.699951,2466.800049,2507.600098,2507.300049,2508.699951,2506.199951,2507.600098,changed
2024-08-13 20:00:00+00:00,2026-10-04T21:11:09Z,2506.800049,2507.500000,2465.300049,2504.899902,2506.800049,2507.500000,2504.300049,2504.899902,changed
2024-08-14 07:00:00+00:00,2026-10-04T21:11:09Z,2506.199951,2510.800049,2468.000000,2509.699951,2506.199951,2510.399902,2505.300049,2509.699951,changed
2024-08-14 12:00:00+00:00,2026-10-04T21:11:09Z,2513.800049,2519.699951,2472.100098,2507.899902,2513.800049,2519.699951,2500.800049,2507.899902,changed
2024-08-14 13:00:00+00:00,2026-10-04T21:11:09Z,2507.899902,2508.800049,2450.000000,2496.199951,2507.899902,2508.800049,2487.699951,2496.199951,changed
2024-08-14 14:00:00+00:00,2026-10-04T21:11:09Z,2496.100098,2497.100098,2445.199951,2488.600098,2496.100098,2497.100098,2485.399902,2488.600098,changed
2024-08-14 15:00:00+00:00,2026-10-04T21:11:09Z,2488.600098,2490.699951,2448.500000,2482.600098,2488.600098,2490.699951,2480.300049,2482.600098,changed
2024-08-14 19:00:00+00:00,2026-10-04T21:11:09Z,2486.000000,2486.800049,2445.600098,2485.500000,2486.000000,2486.800049,2482.600098,2485.500000,changed
2024-08-14 20:00:00+00:00,2026-10-04T21:11:09Z,2485.600098,2486.800049,2444.699951,2486.000000,2485.600098,2486.800049,2484.800049,2486.000000,changed
2024-08-15 00:00:00+00:00,2026-10-04T21:11:09Z,2486.899902,2491.500000,2486.000000,2487.300049,2486.899902,2491.500000,2479.699951,2487.300049,changed
2024-08-15 04:00:00+00:00,2026-10-04T21:11:09Z,2491.300049,2493.000000,2451.800049,2490.899902,2491.300049,2493.000000,2490.300049,2490.899902,changed
2024-08-15 07:00:00+00:00,2026-10-04T21:11:09Z,2493.600098,2494.300049,2491.899902,2493.300049,2493.600098,2494.300049,2492.000000,2493.300049,changed
2024-08-15 08:00:00+00:00,2026-10-04T21:11:09Z,2493.399902,2494.899902,2454.000000,2493.000000,2493.399902,2494.899902,2491.199951,2493.000000,changed
2024-08-15 10:00:00+00:00,2026-10-04T21:11:09Z,2494.300049,2497.899902,2457.000000,2495.699951,2494.300049,2497.899902,2494.300049,2495.699951,changed
2024-08-15 11:00:00+00:00,2026-10-04T21:11:09Z,2495.699951,2501.899902,2459.899902,2501.100098,2495.699951,2501.899902,2495.300049,2501.100098,changed
2024-08-15 12:00:00+00:00,2026-10-04T21:11:09Z,2501.300049,2508.000000,2448.500000,2478.399902,2501.300049,2508.000000,2478.000000,2478.399902,changed
2024-08-15 13:00:00+00:00,2026-10-04T21:11:09Z,2478.500000,2488.800049,2431.199951,2481.899902,2478.500000,2488.800049,2469.199951,2481.899902,changed
2024-08-15 14:00:00+00:00,2026-10-04T21:11:09Z,2481.699951,2496.500000,2443.100098,2490.000000,2481.699951,2496.500000,2481.699951,2490.000000,changed
2024-08-15 15:00:00+00:00,2026-10-04T21:11:09Z,2489.800049,2497.300049,2454.500000,2496.100098,2489.800049,2497.300049,2488.300049,2496.100098,changed
2024-08-15 16:00:00+00:00,2026-10-04T21:11:09Z,2496.100098,2497.699951,2454.899902,2493.199951,2496.100098,2497.699951,2492.600098,2493.199951,changed
2024-08-15 18:00:00+00:00,2026-10-04T21:11:09Z,2493.300049,2496.199951,2453.899902,2496.100098,2493.300049,2496.199951,2492.500000,2496.100098,changed
2024-08-15 19:00:00+00:00,2026-10-04T21:11:09Z,2496.199951,2499.399902,2455.600098,2493.500000,2496.199951,2499.399902,2491.899902,2493.500000,changed
2024-08-15 22:00:00+00:00,2026-10-04T21:11:09Z,2494.399902,2494.699951,2453.500000,2492.399902,2494.399902,2494.699951,2492.000000,2492.399902,changed
2024-08-16 06:00:00+00:00,2026-10-04T21:11:09Z,2493.100098,2495.399902,2453.699951,2492.399902,2493.100098,2495.399902,2491.899902,2492.399902,changed
2024-08-16 07:00:00+00:00,2026-10-04T21:11:09Z,2492.399902,2501.899902,2451.399902,2499.300049,2492.399902,2501.899902,2489.399902,2499.300049,changed
2024-08-16 10:00:00+00:00,2026-10-04T21:11:09Z,2500.800049,2506.000000,2462.199951,2502.300049,2500.800049,2506.000000,2500.399902,2502.300049,changed
2024-08-16 11:00:00+00:00,2026-10-04T21:11:09Z,2502.399902,2510.300049,2466.500000,2510.000000,2502.399902,2510.300049,2502.399902,2510.000000,changed
2024-08-16 12:00:00+00:00,2026-10-04T21:11:09Z,2510.000000,2531.399902,2488.199951,2530.500000,2510.000000,2531.399902,2509.300049,2530.500000,changed
2024-08-16 13:00:00+00:00,2026-10-04T21:11:09Z,2530.600098,2538.699951,2486.000000,2533.300049,2530.600098,2538.699951,2522.199951,2533.300049,changed
2024-08-16 14:00:00+00:00,2026-10-04T21:11:09Z,2533.300049,2533.899902,2481.199951,2525.600098,2533.300049,2533.899902,2515.800049,2525.600098,changed
2024-08-16 17:00:00+00:00,2026-10-04T21:11:09Z,2534.300049,2538.699951,2498.300049,2538.199951,2534.300049,2538.699951,2531.399902,2538.199951,changed
2024-08-16 19:00:00+00:00,2026-10-04T21:11:09Z,2542.000000,2547.399902,2504.399902,2546.500000,2542.000000,2547.399902,2540.199951,2546.500000,changed
2024-08-16 20:00:00+00:00,2026-10-04T21:11:09Z,2546.500000,2548.300049,2508.000000,2546.100098,2546.500000,2548.300049,2543.800049,2546.199951,changed
2024-08-18 22:00:00+00:00,2026-10-04T21:11:09Z,2549.699951,2549.899902,2502.800049,2543.600098,2549.699951,2549.899902,2540.899902,2543.600098,changed
2024-08-19 01:00:00+00:00,2026-10-04T21:11:09Z,2541.100098,2545.000000,2497.699951,2537.000000,2541.100098,2545.000000,2533.699951,2537.000000,changed
2024-08-19 05:00:00+00:00,2026-10-04T21:11:09Z,2539.500000,2541.100098,2499.800049,2539.899902,2539.500000,2541.100098,2537.899902,2539.899902,changed
2024-08-19 06:00:00+00:00,2026-10-04T21:11:09Z,2539.600098,2543.600098,2504.300049,2540.500000,2539.600098,2543.600098,2538.300049,2540.500000,changed
2024-08-19 07:00:00+00:00,2026-10-04T21:11:09Z,2540.600098,2543.399902,2500.300049,2541.199951,2540.600098,2543.399902,2537.899902,2541.199951,changed
2024-08-19 08:00:00+00:00,2026-10-04T21:11:09Z,2541.199951,2545.800049,2501.300049,2541.500000,2541.199951,2545.800049,2540.699951,2541.500000,changed
2024-08-19 11:00:00+00:00,2026-10-04T21:11:09Z,2527.800049,2533.500000,2487.199951,2532.800049,2527.800049,2533.500000,2524.399902,2532.800049,changed
2024-08-19 12:00:00+00:00,2026-10-04T21:11:09Z,2532.899902,2533.800049,2492.199951,2529.399902,2532.899902,2533.800049,2526.399902,2529.399902,changed
2024-08-19 18:00:00+00:00,2026-10-04T21:11:09Z,2541.500000,2543.399902,2502.300049,2542.800049,2541.500000,2543.399902,2540.899902,2542.800049,changed
2024-08-19 22:00:00+00:00,2026-10-04T21:11:09Z,2542.399902,2542.899902,2503.500000,2542.500000,2542.399902,2542.899902,2540.199951,2542.500000,changed
2024-08-20 06:00:00+00:00,2026-10-04T21:11:09Z,2537.199951,2543.800049,2500.699951,2540.500000,2537.199951,2543.800049,2535.100098,2540.500000,changed
2024-08-20 07:00:00+00:00,2026-10-04T21:11:09Z,2540.399902,2553.699951,2505.100098,2553.199951,2540.399902,2553.699951,2539.300049,2553.199951,changed
2024-08-20 12:00:00+00:00,2026-10-04T21:11:09Z,2565.000000,2568.000000,2525.000000,2565.199951,2565.000000,2568.000000,2560.199951,2565.199951,changed
2024-08-20 13:00:00+00:00,2026-10-04T21:11:09Z,2565.300049,2570.399902,2526.100098,2568.500000,2565.300049,2570.399902,2558.300049,2568.500000,changed
2024-08-20 14:00:00+00:00,2026-10-04T21:11:09Z,2568.399902,2568.800049,2526.500000,2562.100098,2568.399902,2568.800049,2558.399902,2562.100098,changed
2024-08-20 15:00:00+00:00,2026-10-04T21:11:09Z,2562.100098,2562.300049,2509.300049,2546.399902,2562.100098,2562.300049,2543.600098,2546.399902,changed
2024-08-20 16:00:00+00:00,2026-10-04T21:11:09Z,2546.600098,2548.600098,2508.000000,2547.100098,2546.600098,2548.600098,2538.600098,2547.100098,changed
2024-08-20 18:00:00+00:00,2026-10-04T21:11:09Z,2548.699951,2553.800049,2513.699951,2551.699951,2548.699951,2553.800049,2547.500000,2551.699951,changed
2024-08-20 19:00:00+00:00,2026-10-04T21:11:09Z,2551.600098,2553.500000,2512.500000,2553.199951,2551.600098,2553.500000,2549.000000,2553.199951,changed
2024-08-21 11:00:00+00:00,2026-10-04T21:11:09Z,2547.699951,2552.000000,2511.000000,2549.899902,2547.699951,2552.000000,2545.000000,2549.899902,changed
2024-08-21 12:00:00+00:00,2026-10-04T21:11:09Z,2550.000000,2552.000000,2506.899902,2548.399902,2550.000000,2552.000000,2544.899902,2548.399902,changed
2024-08-21 14:00:00+00:00,2026-10-04T21:11:09Z,2540.699951,2544.500000,2503.899902,2539.100098,2540.699951,2544.500000,2528.199951,2539.100098,changed
2024-08-21 17:00:00+00:00,2026-10-04T21:11:09Z,2544.800049,2549.199951,2508.199951,2547.300049,2544.800049,2549.199951,2544.699951,2547.300049,changed
2024-08-21 18:00:00+00:00,2026-10-04T21:11:09Z,2547.199951,2557.300049,2515.399902,2554.199951,2547.199951,2557.300049,2547.000000,2554.199951,changed
2024-08-22 06:00:00+00:00,2026-10-04T21:11:09Z,2542.000000,2547.199951,2504.100098,2543.800049,2542.000000,2547.199951,2539.699951,2543.800049,changed
2024-08-22 12:00:00+00:00,2026-10-04T21:11:09Z,2535.699951,2541.899902,2495.699951,2536.899902,2535.699951,2541.899902,2531.300049,2536.899902,changed
2024-08-22 13:00:00+00:00,2026-10-04T21:11:09Z,2536.899902,2537.899902,2484.600098,2523.500000,2536.899902,2537.899902,2518.699951,2523.500000,changed
2024-08-22 14:00:00+00:00,2026-10-04T21:11:09Z,2523.699951,2523.699951,2471.100098,2515.899902,2523.699951,2523.699951,2506.399902,2515.899902,changed
2024-08-22 15:00:00+00:00,2026-10-04T21:11:09Z,2515.800049,2520.199951,2475.699951,2517.899902,2515.800049,2520.199951,2510.699951,2517.899902,changed
2024-08-22 16:00:00+00:00,2026-10-04T21:11:09Z,2518.000000,2522.100098,2482.399902,2520.199951,2518.000000,2522.100098,2517.399902,2520.199951,changed
2024-08-22 17:00:00+00:00,2026-10-04T21:11:09Z,2520.100098,2520.399902,2515.300049,2517.899902,2520.100098,2520.399902,2515.300049,2517.600098,changed
2024-08-22 18:00:00+00:00,2026-10-04T21:11:09Z,2518.000000,2520.699951,2479.800049,2517.899902,2518.000000,2520.699951,2516.100098,2517.899902,changed
2024-08-23 00:00:00+00:00,2026-10-04T21:11:09Z,2522.899902,2527.899902,2486.500000,2525.399902,2522.899902,2527.899902,2521.899902,2525.399902,changed
2024-08-23 02:00:00+00:00,2026-10-04T21:11:09Z,2526.600098,2527.199951,2486.800049,2525.500000,2526.600098,2527.199951,2522.100098,2525.500000,changed
2024-08-23 13:00:00+00:00,2026-10-04T21:11:09Z,2536.899902,2539.600098,2492.899902,2533.800049,2536.899902,2539.600098,2530.100098,2533.800049,changed
2024-08-23 14:00:00+00:00,2026-10-04T21:11:09Z,2533.899902,2554.199951,2499.000000,2545.000000,2533.899902,2554.199951,2532.100098,2545.000000,changed
2024-08-23 19:00:00+00:00,2026-10-04T21:11:09Z,2545.399902,2548.600098,2506.800049,2546.600098,2545.399902,2548.600098,2543.500000,2546.600098,changed
2024-08-25 22:00:00+00:00,2026-10-04T21:11:09Z,2545.100098,2550.300049,2509.899902,2548.399902,2545.100098,2550.300049,2544.600098,2548.399902,changed
2024-08-25 23:00:00+00:00,2026-10-04T21:11:09Z,2548.399902,2552.100098,2511.899902,2551.300049,2548.399902,2552.100098,2548.399902,2551.300049,changed
2024-08-26 01:00:00+00:00,2026-10-04T21:11:09Z,2549.000000,2550.800049,2509.100098,2548.699951,2549.000000,2550.800049,2546.000000,2548.699951,changed
2024-08-26 07:00:00+00:00,2026-10-04T21:11:09Z,2550.600098,2557.300049,2516.899902,2556.899902,2550.600098,2557.300049,2549.600098,2556.899902,changed
2024-08-26 08:00:00+00:00,2026-10-04T21:11:09Z,2557.000000,2561.600098,2556.300049,2560.000000,2557.000000,2561.699951,2556.300049,2560.000000,changed
2024-08-26 09:00:00+00:00,2026-10-04T21:11:09Z,2560.100098,2561.500000,2523.100098,2561.000000,2560.100098,2561.500000,2559.100098,2561.000000,changed
2024-08-26 11:00:00+00:00,2026-10-04T21:11:09Z,2560.699951,2562.500000,2519.800049,2562.100098,2560.699951,2562.500000,2556.399902,2562.100098,changed
2024-08-26 12:00:00+00:00,2026-10-04T21:11:09Z,2562.199951,2563.199951,2522.100098,2559.500000,2562.199951,2563.199951,2558.199951,2559.500000,changed
2024-08-26 13:00:00+00:00,2026-10-04T21:11:09Z,2559.500000,2562.300049,2515.699951,2551.600098,2559.500000,2562.300049,2551.000000,2551.600098,changed
2024-08-26 14:00:00+00:00,2026-10-04T21:11:09Z,2551.600098,2554.699951,2509.699951,2552.600098,2551.600098,2554.699951,2546.100098,2552.600098,changed
2024-08-27 05:00:00+00:00,2026-10-04T21:11:09Z,2542.300049,2548.800049,2541.699951,2548.800049,2542.300049,2548.800049,2541.699951,2548.600098,changed
2024-08-27 06:00:00+00:00,2026-10-04T21:11:09Z,2548.500000,2552.500000,2547.899902,2549.899902,2548.600098,2552.500000,2547.899902,2549.899902,changed
2024-08-27 07:00:00+00:00,2026-10-04T21:11:09Z,2549.899902,2552.699951,2515.199951,2540.000000,2549.899902,2552.699951,2539.500000,2540.000000,changed
2024-08-27 11:00:00+00:00,2026-10-04T21:11:09Z,2544.100098,2547.699951,2543.899902,2546.600098,2544.100098,2547.699951,2543.699951,2546.600098,changed
2024-08-27 13:00:00+00:00,2026-10-04T21:11:09Z,2544.899902,2550.399902,2506.899902,2547.800049,2544.899902,2550.399902,2538.899902,2547.800049,changed
2024-08-27 16:00:00+00:00,2026-10-04T21:11:09Z,2547.300049,2549.899902,2511.100098,2549.800049,2547.300049,2549.899902,2545.000000,2549.800049,changed
2024-08-27 19:00:00+00:00,2026-10-04T21:11:09Z,2560.000000,2561.100098,2522.300049,2560.399902,2560.000000,2561.100098,2558.399902,2560.399902,changed
2024-08-27 20:00:00+00:00,2026-10-04T21:11:09Z,2560.399902,2561.399902,2522.800049,2560.000000,2560.399902,2561.399902,2559.100098,2560.000000,changed
2024-08-30 07:00:00+00:00,2026-10-04T21:11:09Z,2550.600098,2554.399902,2550.399902,2552.500000,2550.600098,2554.300049,2550.399902,2552.500000,changed
2024-08-30 14:00:00+00:00,2026-10-04T21:11:09Z,2548.800049,2551.699951,2539.300049,2542.100098,2548.800049,2551.399902,2539.300049,2542.100098,changed
2024-08-30 20:00:00+00:00,2026-10-04T21:11:09Z,2534.800049,2536.100098,2534.399902,2536.000000,2534.800049,2536.100098,2534.399902,2535.899902,changed
2024-08-01 01:00:00+00:00,2026-10-04T21:39:49Z,2492.000000,2502.800049,2490.500000,2495.500000,2492.000000,2502.800049,2452.600098,2495.500000,changed
2024-08-01 05:00:00+00:00,2026-10-04T21:39:49Z,2488.399902,2492.300049,2487.699951,2491.000000,2488.399902,2492.300049,2442.500000,2491.000000,changed
2024-08-01 06:00:00+00:00,2026-10-04T21:39:49Z,2490.899902,2492.899902,2488.300049,2489.100098,2490.899902,2492.899902,2445.800049,2489.100098,changed
2024-08-01 07:00:00+00:00,2026-10-04T21:39:49Z,2489.199951,2489.300049,2484.000000,2484.399902,2489.199951,2489.199951,2442.000000,2484.399902,changed
2024-08-01 09:00:00+00:00,2026-10-04T21:39:49Z,2478.000000,2479.399902,2474.000000,2476.800049,2478.000000,2479.399902,2430.399902,2476.800049,changed
2024-08-01 10:00:00+00:00,2026-10-04T21:39:49Z,2476.899902,2480.800049,2475.899902,2479.199951,2476.899902,2480.800049,2431.600098,2479.199951,changed
2024-08-01 11:00:00+00:00,2026-10-04T21:39:49Z,2479.199951,2487.399902,2478.300049,2485.000000,2479.199951,2487.399902,2433.899902,2485.000000,changed
2024-08-01 12:00:00+00:00,2026-10-04T21:39:49Z,2485.100098,2499.399902,2484.600098,2495.300049,2485.100098,2499.399902,2446.199951,2495.300049,changed
2024-08-01 13:00:00+00:00,2026-10-04T21:39:49Z,2495.000000,2501.899902,2492.699951,2497.800049,2495.000000,2501.899902,2452.100098,2497.800049,changed
2024-08-01 14:00:00+00:00,2026-10-04T21:39:49Z,2498.100098,2506.600098,2487.300049,2492.800049,2498.100098,2506.600098,2443.399902,2492.800049,changed
2024-08-01 15:00:00+00:00,2026-10-04T21:39:49Z,2492.699951,2496.199951,2486.399902,2489.399902,2492.699951,2496.199951,2442.899902,2489.399902,changed
2024-08-01 16:00:00+00:00,2026-10-04T21:39:49Z,2489.300049,2492.800049,2487.500000,2488.600098,2489.300049,2492.800049,2442.899902,2488.600098,changed
2024-08-01 17:00:00+00:00,2026-10-04T21:39:49Z,2488.600098,2488.800049,2479.500000,2483.199951,2488.600098,2488.800049,2434.800049,2483.199951,changed
2024-08-01 18:00:00+00:00,2026-10-04T21:39:49Z,2483.100098,2484.699951,2478.600098,2483.500000,2483.100098,2484.699951,2436.300049,2483.500000,changed
2024-08-01 20:00:00+00:00,2026-10-04T21:39:49Z,2487.300049,2492.000000,2486.199951,2490.899902,2487.300049,2492.000000,2441.800049,2490.899902,changed
2024-08-01 22:00:00+00:00,2026-10-04T21:39:49Z,2490.800049,2491.500000,2487.800049,2489.399902,2490.800049,2491.500000,2444.000000,2489.399902,changed
2024-08-02 01:00:00+00:00,2026-10-04T21:39:49Z,2493.199951,2495.000000,2479.500000,2491.600098,2493.199951,2494.800049,2436.800049,2491.600098,changed
2024-08-02 03:00:00+00:00,2026-10-04T21:39:49Z,2499.899902,2503.800049,2496.000000,2498.699951,2499.899902,2503.800049,2457.100098,2498.699951,changed
2024-08-02 05:00:00+00:00,2026-10-04T21:39:49Z,2501.899902,2511.500000,2501.800049,2511.300049,2501.899902,2511.500000,2458.500000,2511.300049,changed
2024-08-02 07:00:00+00:00,2026-10-04T21:39:49Z,2509.699951,2510.899902,2504.399902,2505.800049,2509.699951,2510.899902,2460.699951,2505.800049,changed
2024-08-02 10:00:00+00:00,2026-10-04T21:39:49Z,2508.399902,2509.899902,2505.300049,2507.899902,2508.399902,2509.899902,2462.699951,2507.899902,changed
2024-08-02 11:00:00+00:00,2026-10-04T21:39:49Z,2508.000000,2509.199951,2501.800049,2503.500000,2508.000000,2509.199951,2458.699951,2503.500000,changed
2024-08-02 12:00:00+00:00,2026-10-04T21:39:49Z,2503.300049,2522.500000,2499.899902,2517.100098,2503.300049,2522.500000,2473.399902,2517.100098,changed
2024-08-02 13:00:00+00:00,2026-10-04T21:39:49Z,2517.000000,2518.600098,2499.399902,2513.000000,2517.000000,2518.600098,2463.500000,2513.800049,changed
2024-08-02 14:00:00+00:00,2026-10-04T21:39:49Z,2516.800049,2518.399902,2471.699951,2474.399902,2513.699951,2518.399902,2428.399902,2474.399902,changed
2024-08-02 15:00:00+00:00,2026-10-04T21:39:49Z,2474.300049,2478.899902,2453.100098,2476.100098,2474.300049,2478.899902,2416.000000,2476.100098,changed
2024-08-02 16:00:00+00:00,2026-10-04T21:39:49Z,2476.300049,2482.399902,2469.100098,2473.199951,2475.699951,2482.399902,2425.399902,2473.199951,changed
2024-08-02 17:00:00+00:00,2026-10-04T21:39:49Z,2473.100098,2474.399902,2465.500000,2470.500000,2473.100098,2474.399902,2426.399902,2470.500000,changed
2024-08-02 18:00:00+00:00,2026-10-04T21:39:49Z,2470.600098,2476.500000,2469.500000,2471.899902,2470.600098,2476.500000,2426.899902,2471.899902,changed
2024-08-02 19:00:00+00:00,2026-10-04T21:39:49Z,2471.899902,2480.800049,2468.399902,2480.000000,2471.899902,2480.800049,2433.800049,2480.000000,changed
2024-08-02 20:00:00+00:00,2026-10-04T21:39:49Z,2480.000000,2486.600098,2478.100098,2486.100098,2480.000000,2486.600098,2440.199951,2486.100098,changed
2024-08-04 22:00:00+00:00,2026-10-04T21:39:49Z,2490.300049,2490.399902,2480.100098,2483.500000,2490.300049,2490.399902,2442.000000,2483.500000,changed
2024-08-05 00:00:00+00:00,2026-10-04T21:39:49Z,2483.199951,2483.199951,2455.699951,2464.300049,2483.199951,2483.199951,2422.100098,2464.300049,changed
2024-08-05 01:00:00+00:00,2026-10-04T21:39:49Z,2463.699951,2484.199951,2462.100098,2481.600098,2463.699951,2484.199951,2418.899902,2481.600098,changed
2024-08-05 02:00:00+00:00,2026-10-04T21:39:49Z,2481.500000,2488.500000,2475.100098,2484.699951,2481.500000,2488.500000,2436.000000,2484.699951,changed
2024-08-05 05:00:00+00:00,2026-10-04T21:39:49Z,2494.600098,2494.600098,2473.600098,2479.699951,2494.600098,2494.600098,2435.000000,2479.699951,changed
2024-08-05 06:00:00+00:00,2026-10-04T21:39:49Z,2479.600098,2480.300049,2463.600098,2470.000000,2479.600098,2480.300049,2430.000000,2470.000000,changed
2024-08-05 07:00:00+00:00,2026-10-04T21:39:49Z,2470.000000,2485.100098,2465.899902,2473.199951,2470.000000,2485.100098,2426.000000,2473.199951,changed
2024-08-05 08:00:00+00:00,2026-10-04T21:39:49Z,2473.300049,2475.800049,2464.100098,2465.800049,2473.300049,2475.800049,2423.199951,2465.800049,changed
2024-08-05 09:00:00+00:00,2026-10-04T21:39:49Z,2466.100098,2469.699951,2460.000000,2464.899902,2466.100098,2469.600098,2418.000000,2464.899902,changed
2024-08-05 10:00:00+00:00,2026-10-04T21:39:49Z,2465.000000,2466.399902,2448.600098,2449.100098,2465.000000,2466.399902,2406.000000,2449.100098,changed
2024-08-05 11:00:00+00:00,2026-10-04T21:39:49Z,2449.000000,2449.000000,2423.100098,2426.800049,2449.000000,2449.000000,2400.000000,2426.800049,changed
2024-08-05 12:00:00+00:00,2026-10-04T21:39:49Z,2426.899902,2433.000000,2403.800049,2414.100098,2426.899902,2433.000000,2367.399902,2414.100098,changed
2024-08-05 13:00:00+00:00,2026-10-04T21:39:49Z,2414.199951,2437.399902,2414.199951,2434.100098,2414.199951,2437.399902,2375.100098,2434.100098,changed
2024-08-05 14:00:00+00:00,2026-10-04T21:39:49Z,2433.399902,2438.000000,2426.100098,2437.100098,2433.399902,2438.000000,2389.000000,2437.100098,changed
2024-08-05 15:00:00+00:00,2026-10-04T21:39:49Z,2436.899902,2452.800049,2436.699951,2443.300049,2436.899902,2452.800049,2399.399902,2443.300049,changed
2024-08-05 19:00:00+00:00,2026-10-04T21:39:49Z,2446.199951,2454.699951,2445.800049,2449.000000,2446.199951,2454.699951,2406.399902,2449.000000,changed
2024-08-06 01:00:00+00:00,2026-10-04T21:39:49Z,2457.100098,2459.000000,2451.699951,2453.399902,2457.100098,2459.000000,2414.500000,2453.399902,changed
2024-08-06 04:00:00+00:00,2026-10-04T21:39:49Z,2449.500000,2453.399902,2447.300049,2448.500000,2449.500000,2453.399902,2409.100098,2448.500000,changed
2024-08-06 05:00:00+00:00,2026-10-04T21:39:49Z,2448.600098,2452.300049,2438.500000,2439.199951,2448.600098,2452.300049,2402.699951,2439.199951,changed
2024-08-06 06:00:00+00:00,2026-10-04T21:39:49Z,2439.399902,2448.899902,2434.600098,2442.000000,2439.399902,2448.899902,2399.600098,2442.000000,changed
2024-08-06 09:00:00+00:00,2026-10-04T21:39:49Z,2451.699951,2456.199951,2450.800049,2454.100098,2451.699951,2455.500000,2450.800049,2454.100098,changed
2024-08-06 11:00:00+00:00,2026-10-04T21:39:49Z,2453.000000,2456.000000,2450.699951,2451.699951,2453.000000,2456.000000,2412.899902,2451.699951,changed
2024-08-06 12:00:00+00:00,2026-10-04T21:39:49Z,2451.699951,2452.899902,2432.100098,2433.399902,2451.699951,2452.899902,2393.899902,2433.399902,changed
2024-08-06 13:00:00+00:00,2026-10-04T21:39:49Z,2433.399902,2439.899902,2429.300049,2436.199951,2433.399902,2439.899902,2392.899902,2436.199951,changed
2024-08-06 14:00:00+00:00,2026-10-04T21:39:49Z,2436.199951,2444.100098,2426.899902,2429.199951,2436.199951,2444.100098,2385.800049,2429.199951,changed
2024-08-06 15:00:00+00:00,2026-10-04T21:39:49Z,2429.199951,2431.699951,2421.800049,2428.399902,2429.199951,2431.699951,2380.000000,2428.399902,changed
2024-08-06 16:00:00+00:00,2026-10-04T21:39:49Z,2428.500000,2432.500000,2426.399902,2431.000000,2428.500000,2432.500000,2385.300049,2431.000000,changed
2024-08-06 17:00:00+00:00,2026-10-04T21:39:49Z,2431.000000,2434.600098,2428.600098,2434.199951,2431.000000,2434.600098,2387.399902,2432.899902,changed
2024-08-06 18:00:00+00:00,2026-10-04T21:39:49Z,2433.000000,2437.100098,2432.399902,2433.899902,2432.899902,2437.100098,2392.699951,2433.899902,changed
2024-08-06 20:00:00+00:00,2026-10-04T21:39:49Z,2429.000000,2432.100098,2428.100098,2432.100098,2429.000000,2432.100098,2387.399902,2432.100098,changed
2024-08-07 04:00:00+00:00,2026-10-04T21:39:49Z,2426.000000,2434.800049,2425.699951,2433.000000,2426.000000,2434.800049,2392.199951,2433.000000,changed
2024-08-07 05:00:00+00:00,2026-10-04T21:39:49Z,2432.699951,2436.199951,2428.399902,2431.300049,2432.699951,2436.199951,2394.000000,2431.300049,changed
2024-08-07 06:00:00+00:00,2026-10-04T21:39:49Z,2431.300049,2437.600098,2429.399902,2434.500000,2389.800049,2437.600098,2387.300049,2434.500000,changed
2024-08-07 07:00:00+00:00,2026-10-04T21:39:49Z,2434.699951,2434.800049,2428.000000,2429.300049,2434.699951,2434.800049,2386.500000,2429.300049,changed
2024-08-07 08:00:00+00:00,2026-10-04T21:39:49Z,2429.199951,2433.600098,2428.000000,2433.199951,2429.199951,2433.600098,2391.000000,2433.199951,changed
2024-08-07 09:00:00+00:00,2026-10-04T21:39:49Z,2433.399902,2436.500000,2432.500000,2434.399902,2433.399902,2436.500000,2432.600098,2434.399902,changed
2024-08-07 10:00:00+00:00,2026-10-04T21:39:49Z,2434.500000,2438.399902,2433.199951,2437.600098,2434.500000,2438.399902,2392.699951,2437.600098,changed
2024-08-07 12:00:00+00:00,2026-10-04T21:39:49Z,2441.399902,2447.300049,2439.199951,2444.100098,2441.399902,2447.300049,2398.100098,2444.100098,changed
2024-08-07 13:00:00+00:00,2026-10-04T21:39:49Z,2444.300049,2445.300049,2436.699951,2440.300049,2444.300049,2445.300049,2397.100098,2440.300049,changed
2024-08-07 14:00:00+00:00,2026-10-04T21:39:49Z,2440.100098,2443.500000,2438.100098,2439.199951,2440.100098,2443.500000,2400.199951,2439.199951,changed
2024-08-07 16:00:00+00:00,2026-10-04T21:39:49Z,2434.699951,2440.100098,2433.100098,2439.899902,2434.699951,2440.100098,2394.300049,2439.899902,changed
2024-08-07 17:00:00+00:00,2026-10-04T21:39:49Z,2439.899902,2440.000000,2429.600098,2430.000000,2439.899902,2440.000000,2393.699951,2430.000000,changed
2024-08-07 18:00:00+00:00,2026-10-04T21:39:49Z,2429.899902,2432.000000,2423.899902,2426.300049,2429.899902,2432.000000,2387.000000,2426.300049,changed
2024-08-07 19:00:00+00:00,2026-10-04T21:39:49Z,2426.199951,2430.699951,2425.300049,2425.500000,2426.199951,2430.699951,2384.500000,2425.600098,changed
2024-08-07 20:00:00+00:00,2026-10-04T21:39:49Z,2426.100098,2427.399902,2421.699951,2423.500000,2425.699951,2427.399902,2421.699951,2423.500000,changed
2024-08-08 00:00:00+00:00,2026-10-04T21:39:49Z,2423.899902,2427.899902,2422.300049,2424.300049,2423.899902,2427.899902,2384.300049,2424.300049,changed
2024-08-08 03:00:00+00:00,2026-10-04T21:39:49Z,2429.500000,2433.800049,2427.800049,2433.000000,2429.500000,2433.800049,2387.699951,2433.000000,changed
2024-08-08 07:00:00+00:00,2026-10-04T21:39:49Z,2436.500000,2439.100098,2434.100098,2435.600098,2436.500000,2439.100098,2433.500000,2435.600098,changed
2024-08-08 10:00:00+00:00,2026-10-04T21:39:49Z,2435.100098,2445.699951,2435.100098,2444.500000,2435.100098,2445.699951,2397.699951,2444.500000,changed
2024-08-08 12:00:00+00:00,2026-10-04T21:39:49Z,2451.699951,2455.300049,2446.600098,2447.399902,2451.699951,2455.300049,2446.500000,2447.399902,changed
2024-08-08 13:00:00+00:00,2026-10-04T21:39:49Z,2447.399902,2454.899902,2441.199951,2453.399902,2447.399902,2454.899902,2403.500000,2453.399902,changed
2024-08-08 14:00:00+00:00,2026-10-04T21:39:49Z,2453.399902,2464.000000,2448.500000,2453.199951,2453.399902,2464.000000,2409.300049,2453.100098,changed
2024-08-08 15:00:00+00:00,2026-10-04T21:39:49Z,2453.300049,2459.800049,2451.300049,2458.100098,2452.100098,2459.800049,2451.899902,2458.100098,changed
2024-08-08 17:00:00+00:00,2026-10-04T21:39:49Z,2457.600098,2464.500000,2455.300049,2463.000000,2457.600098,2464.500000,2419.500000,2463.000000,changed
2024-08-09 01:00:00+00:00,2026-10-04T21:39:49Z,2463.300049,2467.199951,2459.399902,2466.699951,2463.300049,2467.199951,2422.300049,2466.699951,changed
2024-08-09 04:00:00+00:00,2026-10-04T21:39:49Z,2460.500000,2464.000000,2459.699951,2463.399902,2460.500000,2464.000000,2459.699951,2463.300049,changed
2024-08-09 05:00:00+00:00,2026-10-04T21:39:49Z,2462.600098,2463.100098,2456.399902,2456.500000,2463.199951,2463.399902,2456.399902,2456.500000,changed
2024-08-09 06:00:00+00:00,2026-10-04T21:39:49Z,2456.300049,2461.100098,2456.100098,2460.000000,2456.300049,2461.100098,2418.500000,2460.000000,changed
2024-08-09 08:00:00+00:00,2026-10-04T21:39:49Z,2462.399902,2465.899902,2461.199951,2463.500000,2462.399902,2465.899902,2420.899902,2463.500000,changed
2024-08-09 12:00:00+00:00,2026-10-04T21:39:49Z,2465.899902,2469.300049,2462.699951,2469.000000,2465.899902,2469.300049,2422.399902,2469.000000,changed
2024-08-09 13:00:00+00:00,2026-10-04T21:39:49Z,2469.199951,2472.699951,2460.000000,2466.100098,2469.000000,2472.699951,2420.100098,2466.100098,changed
2024-08-09 15:00:00+00:00,2026-10-04T21:39:49Z,2467.800049,2471.899902,2465.800049,2470.899902,2467.800049,2471.899902,2465.800049,2470.600098,changed
2024-08-09 16:00:00+00:00,2026-10-04T21:39:49Z,2471.800049,2474.000000,2466.600098,2473.899902,2470.800049,2474.000000,2427.399902,2473.899902,changed
2024-08-09 18:00:00+00:00,2026-10-04T21:39:49Z,2470.100098,2470.300049,2466.600098,2469.300049,2470.100098,2470.300049,2425.899902,2469.300049,changed
2024-08-09 19:00:00+00:00,2026-10-04T21:39:49Z,2469.300049,2469.600098,2466.699951,2468.600098,2469.300049,2469.600098,2426.000000,2468.600098,changed
2024-08-09 20:00:00+00:00,2026-10-04T21:39:49Z,2468.600098,2470.699951,2468.500000,2470.600098,2468.600098,2470.699951,2429.199951,2470.600098,changed
2024-08-12 06:00:00+00:00,2026-10-04T21:39:49Z,2473.399902,2476.199951,2472.399902,2475.699951,2473.399902,2476.199951,2432.000000,2475.699951,changed
2024-08-12 08:00:00+00:00,2026-10-04T21:39:49Z,2481.100098,2482.899902,2478.899902,2481.000000,2481.100098,2482.899902,2437.699951,2481.000000,changed
2024-08-12 12:00:00+00:00,2026-10-04T21:39:49Z,2480.699951,2484.800049,2480.500000,2483.800049,2480.699951,2484.800049,2442.000000,2483.800049,changed
2024-08-12 13:00:00+00:00,2026-10-04T21:39:49Z,2483.899902,2497.199951,2481.399902,2493.699951,2483.899902,2497.199951,2440.800049,2493.699951,changed
2024-08-12 14:00:00+00:00,2026-10-04T21:39:49Z,2493.699951,2495.100098,2483.699951,2492.800049,2493.699951,2495.100098,2443.699951,2492.800049,changed
2024-08-12 16:00:00+00:00,2026-10-04T21:39:49Z,2499.300049,2505.800049,2498.500000,2502.899902,2499.300049,2505.800049,2461.000000,2502.899902,changed
2024-08-12 19:00:00+00:00,2026-10-04T21:39:49Z,2510.300049,2511.899902,2509.800049,2510.600098,2510.300049,2512.399902,2468.600098,2510.600098,changed
2024-08-12 20:00:00+00:00,2026-10-04T21:39:49Z,2510.699951,2513.399902,2510.500000,2513.399902,2510.699951,2513.399902,2469.600098,2513.399902,changed
2024-08-13 01:00:00+00:00,2026-10-04T21:39:49Z,2511.899902,2513.699951,2501.199951,2506.699951,2511.899902,2513.699951,2461.000000,2506.699951,changed
2024-08-13 05:00:00+00:00,2026-10-04T21:39:49Z,2502.199951,2504.500000,2498.699951,2503.000000,2502.199951,2504.500000,2458.600098,2503.000000,changed
2024-08-13 06:00:00+00:00,2026-10-04T21:39:49Z,2503.100098,2504.600098,2501.300049,2503.399902,2503.100098,2504.699951,2459.699951,2503.399902,changed
2024-08-13 07:00:00+00:00,2026-10-04T21:39:49Z,2503.300049,2505.500000,2500.500000,2503.800049,2503.300049,2505.899902,2500.500000,2503.800049,changed
2024-08-13 08:00:00+00:00,2026-10-04T21:39:49Z,2503.899902,2503.899902,2498.199951,2499.899902,2503.899902,2503.899902,2456.500000,2499.899902,changed
2024-08-13 09:00:00+00:00,2026-10-04T21:39:49Z,2499.899902,2501.899902,2498.300049,2500.000000,2499.899902,2501.899902,2457.199951,2500.000000,changed
2024-08-13 10:00:00+00:00,2026-10-04T21:39:49Z,2500.000000,2502.899902,2498.399902,2501.399902,2500.000000,2502.899902,2458.500000,2501.399902,changed
2024-08-13 11:00:00+00:00,2026-10-04T21:39:49Z,2501.399902,2506.399902,2500.600098,2505.300049,2501.399902,2506.399902,2459.500000,2505.300049,changed
2024-08-13 12:00:00+00:00,2026-10-04T21:39:49Z,2505.300049,2512.500000,2503.699951,2507.300049,2505.300049,2512.500000,2463.199951,2507.300049,changed
2024-08-13 13:00:00+00:00,2026-10-04T21:39:49Z,2507.300049,2514.899902,2498.199951,2514.699951,2507.300049,2515.600098,2463.199951,2512.399902,changed
2024-08-13 14:00:00+00:00,2026-10-04T21:39:49Z,2511.899902,2512.800049,2503.199951,2511.000000,2512.399902,2512.800049,2469.699951,2511.000000,changed
2024-08-13 15:00:00+00:00,2026-10-04T21:39:49Z,2511.100098,2512.800049,2505.500000,2508.300049,2511.100098,2512.800049,2468.199951,2508.300049,changed
2024-08-13 16:00:00+00:00,2026-10-04T21:39:49Z,2508.300049,2510.800049,2505.899902,2509.199951,2508.300049,2510.800049,2469.000000,2509.199951,changed
2024-08-13 18:00:00+00:00,2026-10-04T21:39:49Z,2507.300049,2508.699951,2506.199951,2507.600098,2507.300049,2508.699951,2466.800049,2507.600098,changed
2024-08-13 20:00:00+00:00,2026-10-04T21:39:49Z,2506.800049,2507.500000,2504.300049,2504.899902,2506.800049,2507.500000,2465.300049,2504.899902,changed
2024-08-14 07:00:00+00:00,2026-10-04T21:39:49Z,2506.199951,2510.399902,2505.300049,2509.699951,2506.199951,2510.800049,2468.000000,2509.699951,changed
2024-08-14 12:00:00+00:00,2026-10-04T21:39:49Z,2513.800049,2519.699951,2500.800049,2507.899902,2513.800049,2519.699951,2472.100098,2507.899902,changed
2024-08-14 13:00:00+00:00,2026-10-04T21:39:49Z,2507.899902,2508.800049,2487.699951,2496.199951,2507.899902,2508.800049,2450.000000,2496.199951,changed
2024-08-14 14:00:00+00:00,2026-10-04T21:39:49Z,2496.100098,2497.100098,2485.399902,2488.600098,2496.100098,2497.100098,2445.199951,2488.600098,changed
2024-08-14 15:00:00+00:00,2026-10-04T21:39:49Z,2488.600098,2490.699951,2480.300049,2482.600098,2488.600098,2490.699951,2448.500000,2482.600098,changed
2024-08-14 19:00:00+00:00,2026-10-04T21:39:49Z,2486.000000,2486.800049,2482.600098,2485.500000,2486.000000,2486.800049,2445.600098,2485.500000,changed
2024-08-14 20:00:00+00:00,2026-10-04T21:39:49Z,2485.600098,2486.800049,2484.800049,2486.000000,2485.600098,2486.800049,2444.699951,2486.000000,changed
2024-08-15 00:00:00+00:00,2026-10-04T21:39:49Z,2486.899902,2491.500000,2479.699951,2487.300049,2486.899902,2491.500000,2486.000000,2487.300049,changed
2024-08-15 04:00:00+00:00,2026-10-04T21:39:49Z,2491.300049,2493.000000,2490.300049,2490.899902,2491.300049,2493.000000,2451.800049,2490.899902,changed
2024-08-15 07:00:00+00:00,2026-10-04T21:39:49Z,2493.600098,2494.300049,2492.000000,2493.300049,2493.600098,2494.300049,2491.899902,2493.300049,changed
2024-08-15 08:00:00+00:00,2026-10-04T21:39:49Z,2493.399902,2494.899902,2491.199951,2493.000000,2493.399902,2494.899902,2454.000000,2493.000000,changed
2024-08-15 10:00:00+00:00,2026-10-04T21:39:49Z,2494.300049,2497.899902,2494.300049,2495.699951,2494.300049,2497.899902,2457.000000,2495.699951,changed
2024-08-15 11:00:00+00:00,2026-10-04T21:39:49Z,2495.699951,2501.899902,2495.300049,2501.100098,2495.699951,2501.899902,2459.899902,2501.100098,changed
2024-08-15 12:00:00+00:00,2026-10-04T21:39:49Z,2501.300049,2508.000000,2478.000000,2478.399902,2501.300049,2508.000000,2448.500000,2478.399902,changed
2024-08-15 13:00:00+00:00,2026-10-04T21:39:49Z,2478.500000,2488.800049,2469.199951,2481.899902,2478.500000,2488.800049,2431.199951,2481.899902,changed
2024-08-15 14:00:00+00:00,2026-10-04T21:39:49Z,2481.699951,2496.500000,2481.699951,2490.000000,2481.699951,2496.500000,2443.100098,2490.000000,changed
2024-08-15 15:00:00+00:00,2026-10-04T21:39:49Z,2489.800049,2497.300049,2488.300049,2496.100098,2489.800049,2497.300049,2454.500000,2496.100098,changed
2024-08-15 16:00:00+00:00,2026-10-04T21:39:49Z,2496.100098,2497.699951,2492.600098,2493.199951,2496.100098,2497.699951,2454.899902,2493.199951,changed
2024-08-15 18:00:00+00:00,2026-10-04T21:39:49Z,2493.300049,2496.199951,2492.500000,2496.100098,2493.300049,2496.199951,2453.899902,2496.100098,changed
2024-08-15 19:00:00+00:00,2026-10-04T21:39:49Z,2496.199951,2499.399902,2491.899902,2493.500000,2496.199951,2499.399902,2455.600098,2493.500000,changed
2024-08-15 22:00:00+00:00,2026-10-04T21:39:49Z,2494.399902,2494.699951,2492.000000,2492.399902,2494.399902,2494.699951,2453.500000,2492.399902,changed
2024-08-16 06:00:00+00:00,2026-10-04T21:39:49Z,2493.100098,2495.399902,2491.899902,2492.399902,2493.100098,2495.399902,2453.699951,2492.399902,changed
2024-08-16 07:00:00+00:00,2026-10-04T21:39:49Z,2492.399902,2501.899902,2489.399902,2499.300049,2492.399902,2501.899902,2451.399902,2499.300049,changed
2024-08-16 10:00:00+00:00,2026-10-04T21:39:49Z,2500.800049,2506.000000,2500.399902,2502.300049,2500.800049,2506.000000,2462.199951,2502.300049,changed
2024-08-16 11:00:00+00:00,2026-10-04T21:39:49Z,2502.399902,2510.300049,2502.399902,2510.000000,2502.399902,2510.300049,2466.500000,2510.000000,changed
2024-08-16 12:00:00+00:00,2026-10-04T21:39:49Z,2510.000000,2531.399902,2509.300049,2530.500000,2510.000000,2531.399902,2488.199951,2530.500000,changed
2024-08-16 13:00:00+00:00,2026-10-04T21:39:49Z,2530.600098,2538.699951,2522.199951,2533.300049,2530.600098,2538.699951,2486.000000,2533.300049,changed
2024-08-16 14:00:00+00:00,2026-10-04T21:39:49Z,2533.300049,2533.899902,2515.800049,2525.600098,2533.300049,2533.899902,2481.199951,2525.600098,changed
2024-08-16 17:00:00+00:00,2026-10-04T21:39:49Z,2534.300049,2538.699951,2531.399902,2538.199951,2534.300049,2538.699951,2498.300049,2538.199951,changed
2024-08-16 19:00:00+00:00,2026-10-04T21:39:49Z,2542.000000,2547.399902,2540.199951,2546.500000,2542.000000,2547.399902,2504.399902,2546.500000,changed
2024-08-16 20:00:00+00:00,2026-10-04T21:39:49Z,2546.500000,2548.300049,2543.800049,2546.199951,2546.500000,2548.300049,2508.000000,2546.100098,changed
2024-08-18 22:00:00+00:00,2026-10-04T21:39:49Z,2549.699951,2549.899902,2540.899902,2543.600098,2549.699951,2549.899902,2502.800049,2543.600098,changed
2024-08-19 01:00:00+00:00,2026-10-04T21:39:49Z,2541.100098,2545.000000,2533.699951,2537.000000,2541.100098,2545.000000,2497.699951,2537.000000,changed
2024-08-19 05:00:00+00:00,2026-10-04T21:39:49Z,2539.500000,2541.100098,2537.899902,2539.899902,2539.500000,2541.100098,2499.800049,2539.899902,changed
2024-08-19 06:00:00+00:00,2026-10-04T21:39:49Z,2539.600098,2543.600098,2538.300049,2540.500000,2539.600098,2543.600098,2504.300049,2540.500000,changed
2024-08-19 07:00:00+00:00,2026-10-04T21:39:49Z,2540.600098,2543.399902,2537.899902,2541.199951,2540.600098,2543.399902,2500.300049,2541.199951,changed
2024-08-19 08:00:00+00:00,2026-10-04T21:39:49Z,2541.199951,2545.800049,2540.699951,2541.500000,2541.199951,2545.800049,2501.300049,2541.500000,changed
2024-08-19 11:00:00+00:00,2026-10-04T21:39:49Z,2527.800049,2533.500000,2524.399902,2532.800049,2527.800049,2533.500000,2487.199951,2532.800049,changed
2024-08-19 12:00:00+00:00,2026-10-04T21:39:49Z,2532.899902,2533.800049,2526.399902,2529.399902,2532.899902,2533.800049,2492.199951,2529.399902,changed
2024-08-19 18:00:00+00:00,2026-10-04T21:39:49Z,2541.500000,2543.399902,2540.899902,2542.800049,2541.500000,2543.399902,2502.300049,2542.800049,changed
2024-08-19 22:00:00+00:00,2026-10-04T21:39:49Z,2542.399902,2542.899902,2540.199951,2542.500000,2542.399902,2542.899902,2503.500000,2542.500000,changed
2024-08-20 06:00:00+00:00,2026-10-04T21:39:49Z,2537.199951,2543.800049,2535.100098,2540.500000,2537.199951,2543.800049,2500.699951,2540.500000,changed
2024-08-20 07:00:00+00:00,2026-10-04T21:39:49Z,2540.399902,2553.699951,2539.300049,2553.199951,2540.399902,2553.699951,2505.100098,2553.199951,changed
2024-08-20 12:00:00+00:00,2026-10-04T21:39:49Z,2565.000000,2568.000000,2560.199951,2565.199951,2565.000000,2568.000000,2525.000000,2565.199951,changed
2024-08-20 13:00:00+00:00,2026-10-04T21:39:49Z,2565.300049,2570.399902,2558.300049,2568.500000,2565.300049,2570.399902,2526.100098,2568.500000,changed
2024-08-20 14:00:00+00:00,2026-10-04T21:39:49Z,2568.399902,2568.800049,2558.399902,2562.100098,2568.399902,2568.800049,2526.500000,2562.100098,changed
2024-08-20 15:00:00+00:00,2026-10-04T21:39:49Z,2562.100098,2562.300049,2543.600098,2546.399902,2562.100098,2562.300049,2509.300049,2546.399902,changed
2024-08-20 16:00:00+00:00,2026-10-04T21:39:49Z,2546.600098,2548.600098,2538.600098,2547.100098,2546.600098,2548.600098,2508.000000,2547.100098,changed
2024-08-20 18:00:00+00:00,2026-10-04T21:39:49Z,2548.699951,2553.800049,2547.500000,2551.699951,2548.699951,2553.800049,2513.699951,2551.699951,changed
2024-08-20 19:00:00+00:00,2026-10-04T21:39:49Z,2551.600098,2553.500000,2549.000000,2553.199951,2551.600098,2553.500000,2512.500000,2553.199951,changed
2024-08-21 11:00:00+00:00,2026-10-04T21:39:49Z,2547.699951,2552.000000,2545.000000,2549.899902,2547.699951,2552.000000,2511.000000,2549.899902,changed
2024-08-21 12:00:00+00:00,2026-10-04T21:39:49Z,2550.000000,2552.000000,2544.899902,2548.399902,2550.000000,2552.000000,2506.899902,2548.399902,changed
2024-08-21 14:00:00+00:00,2026-10-04T21:39:49Z,2540.699951,2544.500000,2528.199951,2539.100098,2540.699951,2544.500000,2503.899902,2539.100098,changed
2024-08-21 17:00:00+00:00,2026-10-04T21:39:49Z,2544.800049,2549.199951,2544.699951,2547.300049,2544.800049,2549.199951,2508.199951,2547.300049,changed
2024-08-21 18:00:00+00:00,2026-10-04T21:39:49Z,2547.199951,2557.300049,2547.000000,2554.199951,2547.199951,2557.300049,2515.399902,2554.199951,changed
2024-08-22 06:00:00+00:00,2026-10-04T21:39:49Z,2542.000000,2547.199951,2539.699951,2543.800049,2542.000000,2547.199951,2504.100098,2543.800049,changed
2024-08-22 12:00:00+00:00,2026-10-04T21:39:49Z,2535.699951,2541.899902,2531.300049,2536.899902,2535.699951,2541.899902,2495.699951,2536.899902,changed
2024-08-22 13:00:00+00:00,2026-10-04T21:39:49Z,2536.899902,2537.899902,2518.699951,2523.500000,2536.899902,2537.899902,2484.600098,2523.500000,changed
2024-08-22 14:00:00+00:00,2026-10-04T21:39:49Z,2523.699951,2523.699951,2506.399902,2515.899902,2523.699951,2523.699951,2471.100098,2515.899902,changed
2024-08-22 15:00:00+00:00,2026-10-04T21:39:49Z,2515.800049,2520.199951,2510.699951,2517.899902,2515.800049,2520.199951,2475.699951,2517.899902,changed
2024-08-22 16:00:00+00:00,2026-10-04T21:39:49Z,2518.000000,2522.100098,2517.399902,2520.199951,2518.000000,2522.100098,2482.399902,2520.199951,changed
2024-08-22 17:00:00+00:00,2026-10-04T21:39:49Z,2520.100098,2520.399902,2515.300049,2517.600098,2520.100098,2520.399902,2515.300049,2517.899902,changed
2024-08-22 18:00:00+00:00,2026-10-04T21:39:49Z,2518.000000,2520.699951,2516.100098,2517.899902,2518.000000,2520.699951,2479.800049,2517.899902,changed
2024-08-23 00:00:00+00:00,2026-10-04T21:39:49Z,2522.899902,2527.899902,2521.899902,2525.399902,2522.899902,2527.899902,2486.500000,2525.399902,changed
2024-08-23 02:00:00+00:00,2026-10-04T21:39:49Z,2526.600098,2527.199951,2522.100098,2525.500000,2526.600098,2527.199951,2486.800049,2525.500000,changed
2024-08-23 13:00:00+00:00,2026-10-04T21:39:49Z,2536.899902,2539.600098,2530.100098,2533.800049,2536.899902,2539.600098,2492.899902,2533.800049,changed
2024-08-23 14:00:00+00:00,2026-10-04T21:39:49Z,2533.899902,2554.199951,2532.100098,2545.000000,2533.899902,2554.199951,2499.000000,2545.000000,changed
2024-08-23 19:00:00+00:00,2026-10-04T21:39:49Z,2545.399902,2548.600098,2543.500000,2546.600098,2545.399902,2548.600098,2506.800049,2546.600098,changed
2024-08-25 22:00:00+00:00,2026-10-04T21:39:49Z,2545.100098,2550.300049,2544.600098,2548.399902,2545.100098,2550.300049,2509.899902,2548.399902,changed
2024-08-25 23:00:00+00:00,2026-10-04T21:39:49Z,2548.399902,2552.100098,2548.399902,2551.300049,2548.399902,2552.100098,2511.899902,2551.300049,changed
2024-08-26 01:00:00+00:00,2026-10-04T21:39:49Z,2549.000000,2550.800049,2546.000000,2548.699951,2549.000000,2550.800049,2509.100098,2548.699951,changed
2024-08-26 07:00:00+00:00,2026-10-04T21:39:49Z,2550.600098,2557.300049,2549.600098,2556.899902,2550.600098,2557.300049,2516.899902,2556.899902,changed
2024-08-26 08:00:00+00:00,2026-10-04T21:39:49Z,2557.000000,2561.699951,2556.300049,2560.000000,2557.000000,2561.600098,2556.300049,2560.000000,changed
2024-08-26 09:00:00+00:00,2026-10-04T21:39:49Z,2560.100098,2561.500000,2559.100098,2561.000000,2560.100098,2561.500000,2523.100098,2561.000000,changed
2024-08-26 11:00:00+00:00,2026-10-04T21:39:49Z,2560.699951,2562.500000,2556.399902,2562.100098,2560.699951,2562.500000,2519.800049,2562.100098,changed
2024-08-26 12:00:00+00:00,2026-10-04T21:39:49Z,2562.199951,2563.199951,2558.199951,2559.500000,2562.199951,2563.199951,2522.100098,2559.500000,changed
2024-08-26 13:00:00+00:00,2026-10-04T21:39:49Z,2559.500000,2562.300049,2551.000000,2551.600098,2559.500000,2562.300049,2515.699951,2551.600098,changed
2024-08-26 14:00:00+00:00,2026-10-04T21:39:49Z,2551.600098,2554.699951,2546.100098,2552.600098,2551.600098,2554.699951,2509.699951,2552.600098,changed
2024-08-27 05:00:00+00:00,2026-10-04T21:39:49Z,2542.300049,2548.800049,2541.699951,2548.600098,2542.300049,2548.800049,2541.699951,2548.800049,changed
2024-08-27 06:00:00+00:00,2026-10-04T21:39:49Z,2548.600098,2552.500000,2547.899902,2549.899902,2548.500000,2552.500000,2547.899902,2549.899902,changed
2024-08-27 07:00:00+00:00,2026-10-04T21:39:49Z,2549.899902,2552.699951,2539.500000,2540.000000,2549.899902,2552.699951,2515.199951,2540.000000,changed
2024-08-27 11:00:00+00:00,2026-10-04T21:39:49Z,2544.100098,2547.699951,2543.699951,2546.600098,2544.100098,2547.699951,2543.899902,2546.600098,changed
2024-08-27 13:00:00+00:00,2026-10-04T21:39:49Z,2544.899902,2550.399902,2538.899902,2547.800049,2544.899902,2550.399902,2506.899902,2547.800049,changed
2024-08-27 16:00:00+00:00,2026-10-04T21:39:49Z,2547.300049,2549.899902,2545.000000,2549.800049,2547.300049,2549.899902,2511.100098,2549.800049,changed
2024-08-27 19:00:00+00:00,2026-10-04T21:39:49Z,2560.000000,2561.100098,2558.399902,2560.399902,2560.000000,2561.100098,2522.300049,2560.399902,changed
2024-08-27 20:00:00+00:00,2026-10-04T21:39:49Z,2560.399902,2561.399902,2559.100098,2560.000000,2560.399902,2561.399902,2522.800049,2560.000000,changed
2024-08-30 07:00:00+00:00,2026-10-04T21:39:49Z,2550.600098,2554.300049,2550.399902,2552.500000,2550.600098,2554.399902,2550.399902,2552.500000,changed
2024-08-30 14:00:00+00:00,2026-10-04T21:39:49Z,2548.800049,2551.399902,2539.300049,2542.100098,2548.800049,2551.699951,2539.300049,2542.100098,changed
2024-08-30 20:00:00+00:00,2026-10-04T21:39:49Z,2534.800049,2536.100098,2534.399902,2535.899902,2534.800049,2536.100098,2534.399902,2536.000000,changed
2024-08-01 01:00:00+00:00,2026-10-04T21:58:00Z,2492.000000,2502.800049,2452.600098,2495.500000,2492.000000,2502.800049,2490.500000,2495.500000,changed
2024-08-01 05:00:00+00:00,2026-10-04T21:58:00Z,2488.399902,2492.300049,2442.500000,2491.000000,2488.399902,2492.300049,2487.699951,2491.000000,changed
2024-08-01 06:00:00+00:00,2026-10-04T21:58:00Z,2490.899902,2492.899902,2445.800049,2489.100098,2490.899902,2492.899902,2488.300049,2489.100098,changed
2024-08-01 07:00:00+00:00,2026-10-04T21:58:00Z,2489.199951,2489.199951,2442.000000,2484.399902,2489.199951,2489.300049,2484.000000,2484.399902,changed
2024-08-01 09:00:00+00:00,2026-10-04T21:58:00Z,2478.000000,2479.399902,2430.399902,2476.800049,2478.000000,2479.399902,2474.000000,2476.800049,changed
2024-08-01 10:00:00+00:00,2026-10-04T21:58:00Z,2476.899902,2480.800049,2431.600098,2479.199951,2476.899902,2480.800049,2475.899902,2479.199951,changed
2024-08-01 11:00:00+00:00,2026-10-04T21:58:00Z,2479.199951,2487.399902,2433.899902,2485.000000,2479.199951,2487.399902,2478.300049,2485.000000,changed
2024-08-01 12:00:00+00:00,2026-10-04T21:58:00Z,2485.100098,2499.399902,2446.199951,2495.300049,2485.100098,2499.399902,2484.600098,2495.300049,changed
2024-08-01 13:00:00+00:00,2026-10-04T21:58:00Z,2495.000000,2501.899902,2452.100098,2497.800049,2495.000000,2501.899902,2492.699951,2497.800049,changed
2024-08-01 14:00:00+00:00,2026-10-04T21:58:00Z,2498.100098,2506.600098,2443.399902,2492.800049,2498.100098,2506.600098,2487.300049,2492.800049,changed
2024-08-01 15:00:00+00:00,2026-10-04T21:58:00Z,2492.699951,2496.199951,2442.899902,2489.399902,2492.699951,2496.199951,2486.399902,2489.399902,changed
2024-08-01 16:00:00+00:00,2026-10-04T21:58:00Z,2489.300049,2492.800049,2442.899902,2488.600098,2489.300049,2492.800049,2487.500000,2488.600098,changed
2024-08-01 17:00:00+00:00,2026-10-04T21:58:00Z,2488.600098,2488.800049,2434.800049,2483.199951,2488.600098,2488.800049,2479.500000,2483.199951,changed
2024-08-01 18:00:00+00:00,2026-10-04T21:58:00Z,2483.100098,2484.699951,2436.300049,2483.500000,2483.100098,2484.699951,2478.600098,2483.500000,changed
2024-08-01 20:00:00+00:00,2026-10-04T21:58:00Z,2487.300049,2492.000000,2441.800049,2490.899902,2487.300049,2492.000000,2486.199951,2490.899902,changed
2024-08-01 22:00:00+00:00,2026-10-04T21:58:00Z,2490.800049,2491.500000,2444.000000,2489.399902,2490.800049,2491.500000,2487.800049,2489.399902,changed
2024-08-02 01:00:00+00:00,2026-10-04T21:58:00Z,2493.199951,2494.800049,2436.800049,2491.600098,2493.199951,2495.000000,2479.500000,2491.600098,changed
2024-08-02 03:00:00+00:00,2026-10-04T21:58:00Z,2499.899902,2503.800049,2457.100098,2498.699951,2499.899902,2503.800049,2496.000000,2498.699951,changed
2024-08-02 05:00:00+00:00,2026-10-04T21:58:00Z,2501.899902,2511.500000,2458.500000,2511.300049,2501.899902,2511.500000,2501.800049,2511.300049,changed
2024-08-02 07:00:00+00:00,2026-10-04T21:58:00Z,2509.699951,2510.899902,2460.699951,2505.800049,2509.699951,2510.899902,2504.399902,2505.800049,changed
2024-08-02 10:00:00+00:00,2026-10-04T21:58:00Z,2508.399902,2509.899902,2462.699951,2507.899902,2508.399902,2509.899902,2505.300049,2507.899902,changed
2024-08-02 11:00:00+00:00,2026-10-04T21:58:00Z,2508.000000,2509.199951,2458.699951,2503.500000,2508.000000,2509.199951,2501.800049,2503.500000,changed
2024-08-02 12:00:00+00:00,2026-10-04T21:58:00Z,2503.300049,2522.500000,2473.399902,2517.100098,2503.300049,2522.500000,2499.899902,2517.100098,changed
2024-08-02 13:00:00+00:00,2026-10-04T21:58:00Z,2517.000000,2518.600098,2463.500000,2513.800049,2517.000000,2518.600098,2499.399902,2513.000000,changed
2024-08-02 14:00:00+00:00,2026-10-04T21:58:00Z,2513.699951,2518.399902,2428.399902,2474.399902,2516.800049,2518.399902,2471.699951,2474.399902,changed
2024-08-02 15:00:00+00:00,2026-10-04T21:58:00Z,2474.300049,2478.899902,2416.000000,2476.100098,2474.300049,2478.899902,2453.100098,2476.100098,changed
2024-08-02 16:00:00+00:00,2026-10-04T21:58:00Z,2475.699951,2482.399902,2425.399902,2473.199951,2476.300049,2482.399902,2469.100098,2473.199951,changed
2024-08-02 17:00:00+00:00,2026-10-04T21:58:00Z,2473.100098,2474.399902,2426.399902,2470.500000,2473.100098,2474.399902,2465.500000,2470.500000,changed
2024-08-02 18:00:00+00:00,2026-10-04T21:58:00Z,2470.600098,2476.500000,2426.899902,2471.899902,2470.600098,2476.500000,2469.500000,2471.899902,changed
2024-08-02 19:00:00+00:00,2026-10-04T21:58:00Z,2471.899902,2480.800049,2433.800049,2480.000000,2471.899902,2480.800049,2468.399902,2480.000000,changed
2024-08-02 20:00:00+00:00,2026-10-04T21:58:00Z,2480.000000,2486.600098,2440.199951,2486.100098,2480.000000,2486.600098,2478.100098,2486.100098,changed
2024-08-04 22:00:00+00:00,2026-10-04T21:58:00Z,2490.300049,2490.399902,2442.000000,2483.500000,2490.300049,2490.399902,2480.100098,2483.500000,changed
2024-08-05 00:00:00+00:00,2026-10-04T21:58:00Z,2483.199951,2483.199951,2422.100098,2464.300049,2483.199951,2483.199951,2455.699951,2464.300049,changed
2024-08-05 01:00:00+00:00,2026-10-04T21:58:00Z,2463.699951,2484.199951,2418.899902,2481.600098,2463.699951,2484.199951,2462.100098,2481.600098,changed
2024-08-05 02:00:00+00:00,2026-10-04T21:58:00Z,2481.500000,2488.500000,2436.000000,2484.699951,2481.500000,2488.500000,2475.100098,2484.699951,changed
2024-08-05 05:00:00+00:00,2026-10-04T21:58:00Z,2494.600098,2494.600098,2435.000000,2479.699951,2494.600098,2494.600098,2473.600098,2479.699951,changed
2024-08-05 06:00:00+00:00,2026-10-04T21:58:00Z,2479.600098,2480.300049,2430.000000,2470.000000,2479.600098,2480.300049,2463.600098,2470.000000,changed
2024-08-05 07:00:00+00:00,2026-10-04T21:58:00Z,2470.000000,2485.100098,2426.000000,2473.199951,2470.000000,2485.100098,2465.899902,2473.199951,changed
2024-08-05 08:00:00+00:00,2026-10-04T21:58:00Z,2473.300049,2475.800049,2423.199951,2465.800049,2473.300049,2475.800049,2464.100098,2465.800049,changed
2024-08-05 09:00:00+00:00,2026-10-04T21:58:00Z,2466.100098,2469.600098,2418.000000,2464.899902,2466.100098,2469.699951,2460.000000,2464.899902,changed
2024-08-05 10:00:00+00:00,2026-10-04T21:58:00Z,2465.000000,2466.399902,2406.000000,2449.100098,2465.000000,2466.399902,2448.600098,2449.100098,changed
2024-08-05 11:00:00+00:00,2026-10-04T21:58:00Z,2449.000000,2449.000000,2400.000000,2426.800049,2449.000000,2449.000000,2423.100098,2426.800049,changed
2024-08-05 12:00:00+00:00,2026-10-04T21:58:00Z,2426.899902,2433.000000,2367.399902,2414.100098,2426.899902,2433.000000,2403.800049,2414.100098,changed
2024-08-05 13:00:00+00:00,2026-10-04T21:58:00Z,2414.199951,2437.399902,2375.100098,2434.100098,2414.199951,2437.399902,2414.199951,2434.100098,changed
2024-08-05 14:00:00+00:00,2026-10-04T21:58:00Z,2433.399902,2438.000000,2389.000000,2437.100098,2433.399902,2438.000000,2426.100098,2437.100098,changed
2024-08-05 15:00:00+00:00,2026-10-04T21:58:00Z,2436.899902,2452.800049,2399.399902,2443.300049,2436.899902,2452.800049,2436.699951,2443.300049,changed
2024-08-05 19:00:00+00:00,2026-10-04T21:58:00Z,2446.199951,2454.699951,2406.399902,2449.000000,2446.199951,2454.699951,2445.800049,2449.000000,changed
2024-08-06 01:00:00+00:00,2026-10-04T21:58:00Z,2457.100098,2459.000000,2414.500000,2453.399902,2457.100098,2459.000000,2451.699951,2453.399902,changed
2024-08-06 04:00:00+00:00,2026-10-04T21:58:00Z,2449.500000,2453.399902,2409.100098,2448.500000,2449.500000,2453.399902,2447.300049,2448.500000,changed
2024-08-06 05:00:00+00:00,2026-10-04T21:58:00Z,2448.600098,2452.300049,2402.699951,2439.199951,2448.600098,2452.300049,2438.500000,2439.199951,changed
2024-08-06 06:00:00+00:00,2026-10-04T21:58:00Z,2439.399902,2448.899902,2399.600098,2442.000000,2439.399902,2448.899902,2434.600098,2442.000000,changed
2024-08-06 09:00:00+00:00,2026-10-04T21:58:00Z,2451.699951,2455.500000,2450.800049,2454.100098,2451.699951,2456.199951,2450.800049,2454.100098,changed
2024-08-06 11:00:00+00:00,2026-10-04T21:58:00Z,2453.000000,2456.000000,2412.899902,2451.699951,2453.000000,2456.000000,2450.699951,2451.699951,changed
2024-08-06 12:00:00+00:00,2026-10-04T21:58:00Z,2451.699951,2452.899902,2393.899902,2433.399902,2451.699951,2452.899902,2432.100098,2433.399902,changed
2024-08-06 13:00:00+00:00,2026-10-04T21:58:00Z,2433.399902,2439.899902,2392.899902,2436.199951,2433.399902,2439.899902,2429.300049,2436.199951,changed
2024-08-06 14:00:00+00:00,2026-10-04T21:58:00Z,2436.199951,2444.100098,2385.800049,2429.199951,2436.199951,2444.100098,2426.899902,2429.199951,changed
2024-08-06 15:00:00+00:00,2026-10-04T21:58:00Z,2429.199951,2431.699951,2380.000000,2428.399902,2429.199951,2431.699951,2421.800049,2428.399902,changed
2024-08-06 16:00:00+00:00,2026-10-04T21:58:00Z,2428.500000,2432.500000,2385.300049,2431.000000,2428.500000,2432.500000,2426.399902,2431.000000,changed
2024-08-06 17:00:00+00:00,2026-10-04T21:58:00Z,2431.000000,2434.600098,2387.399902,2432.899902,2431.000000,2434.600098,2428.600098,2434.199951,changed
2024-08-06 18:00:00+00:00,2026-10-04T21:58:00Z,2432.899902,2437.100098,2392.699951,2433.899902,2433.000000,2437.100098,2432.399902,2433.899902,changed
2024-08-06 20:00:00+00:00,2026-10-04T21:58:00Z,2429.000000,2432.100098,2387.399902,2432.100098,2429.000000,2432.100098,2428.100098,2432.100098,changed
2024-08-07 04:00:00+00:00,2026-10-04T21:58:00Z,2426.000000,2434.800049,2392.199951,2433.000000,2426.000000,2434.800049,2425.699951,2433.000000,changed
2024-08-07 05:00:00+00:00,2026-10-04T21:58:00Z,2432.699951,2436.199951,2394.000000,2431.300049,2432.699951,2436.199951,2428.399902,2431.300049,changed
2024-08-07 06:00:00+00:00,2026-10-04T21:58:00Z,2389.800049,2437.600098,2387.300049,2434.500000,2431.300049,2437.600098,2429.399902,2434.500000,changed
2024-08-07 07:00:00+00:00,2026-10-04T21:58:00Z,2434.699951,2434.800049,2386.500000,2429.300049,2434.699951,2434.800049,2428.000000,2429.300049,changed
2024-08-07 08:00:00+00:00,2026-10-04T21:58:00Z,2429.199951,2433.600098,2391.000000,2433.199951,2429.199951,2433.600098,2428.000000,2433.199951,changed
2024-08-07 09:00:00+00:00,2026-10-04T21:58:00Z,2433.399902,2436.500000,2432.600098,2434.399902,2433.399902,2436.500000,2432.500000,2434.399902,changed
2024-08-07 10:00:00+00:00,2026-10-04T21:58:00Z,2434.500000,2438.399902,2392.699951,2437.600098,2434.500000,2438.399902,2433.199951,2437.600098,changed
2024-08-07 12:00:00+00:00,2026-10-04T21:58:00Z,2441.399902,2447.300049,2398.100098,2444.100098,2441.399902,2447.300049,2439.199951,2444.100098,changed
2024-08-07 13:00:00+00:00,2026-10-04T21:58:00Z,2444.300049,2445.300049,2397.100098,2440.300049,2444.300049,2445.300049,2436.699951,2440.300049,changed
2024-08-07 14:00:00+00:00,2026-10-04T21:58:00Z,2440.100098,2443.500000,2400.199951,2439.199951,2440.100098,2443.500000,2438.100098,2439.199951,changed
2024-08-07 16:00:00+00:00,2026-10-04T21:58:00Z,2434.699951,2440.100098,2394.300049,2439.899902,2434.699951,2440.100098,2433.100098,2439.899902,changed
2024-08-07 17:00:00+00:00,2026-10-04T21:58:00Z,2439.899902,2440.000000,2393.699951,2430.000000,2439.899902,2440.000000,2429.600098,2430.000000,changed
2024-08-07 18:00:00+00:00,2026-10-04T21:58:00Z,2429.899902,2432.000000,2387.000000,2426.300049,2429.899902,2432.000000,2423.899902,2426.300049,changed
2024-08-07 19:00:00+00:00,2026-10-04T21:58:00Z,2426.199951,2430.699951,2384.500000,2425.600098,2426.199951,2430.699951,2425.300049,2425.500000,changed
2024-08-07 20:00:00+00:00,2026-10-04T21:58:00Z,2425.699951,2427.399902,2421.699951,2423.500000,2426.100098,2427.399902,2421.699951,2423.500000,changed
2024-08-08 00:00:00+00:00,2026-10-04T21:58:00Z,2423.899902,2427.899902,2384.300049,2424.300049,2423.899902,2427.899902,2422.300049,2424.300049,changed
2024-08-08 03:00:00+00:00,2026-10-04T21:58:00Z,2429.500000,2433.800049,2387.699951,2433.000000,2429.500000,2433.800049,2427.800049,2433.000000,changed
2024-08-08 07:00:00+00:00,2026-10-04T21:58:00Z,2436.500000,2439.100098,2433.500000,2435.600098,2436.500000,2439.100098,2434.100098,2435.600098,changed
2024-08-08 10:00:00+00:00,2026-10-04T21:58:00Z,2435.100098,2445.699951,2397.699951,2444.500000,2435.100098,2445.699951,2435.100098,2444.500000,changed
2024-08-08 12:00:00+00:00,2026-10-04T21:58:00Z,2451.699951,2455.300049,2446.500000,2447.399902,2451.699951,2455.300049,2446.600098,2447.399902,changed
2024-08-08 13:00:00+00:00,2026-10-04T21:58:00Z,2447.399902,2454.899902,2403.500000,2453.399902,2447.399902,2454.899902,2441.199951,2453.399902,changed
2024-08-08 14:00:00+00:00,2026-10-04T21:58:00Z,2453.399902,2464.000000,2409.300049,2453.100098,2453.399902,2464.000000,2448.500000,2453.199951,changed
2024-08-08 15:00:00+00:00,2026-10-04T21:58:00Z,2452.100098,2459.800049,2451.899902,2458.100098,2453.300049,2459.800049,2451.300049,2458.100098,changed
2024-08-08 17:00:00+00:00,2026-10-04T21:58:00Z,2457.600098,2464.500000,2419.500000,2463.000000,2457.600098,2464.500000,2455.300049,2463.000000,changed
2024-08-09 01:00:00+00:00,2026-10-04T21:58:00Z,2463.300049,2467.199951,2422.300049,2466.699951,2463.300049,2467.199951,2459.399902,2466.699951,changed
2024-08-09 04:00:00+00:00,2026-10-04T21:58:00Z,2460.500000,2464.000000,2459.699951,2463.300049,2460.500000,2464.000000,2459.699951,2463.399902,changed
2024-08-09 05:00:00+00:00,2026-10-04T21:58:00Z,2463.199951,2463.399902,2456.399902,2456.500000,2462.600098,2463.100098,2456.399902,2456.500000,changed
2024-08-09 06:00:00+00:00,2026-10-04T21:58:00Z,2456.300049,2461.100098,2418.500000,2460.000000,2456.300049,2461.100098,2456.100098,2460.000000,changed
2024-08-09 08:00:00+00:00,2026-10-04T21:58:00Z,2462.399902,2465.899902,2420.899902,2463.500000,2462.399902,2465.899902,2461.199951,2463.500000,changed
2024-08-09 12:00:00+00:00,2026-10-04T21:58:00Z,2465.899902,2469.300049,2422.399902,2469.000000,2465.899902,2469.300049,2462.699951,2469.000000,changed
2024-08-09 13:00:00+00:00,2026-10-04T21:58:00Z,2469.000000,2472.699951,2420.100098,2466.100098,2469.199951,2472.699951,2460.000000,2466.100098,changed
2024-08-09 15:00:00+00:00,2026-10-04T21:58:00Z,2467.800049,2471.899902,2465.800049,2470.600098,2467.800049,2471.899902,2465.800049,2470.899902,changed
2024-08-09 16:00:00+00:00,2026-10-04T21:58:00Z,2470.800049,2474.000000,2427.399902,2473.899902,2471.800049,2474.000000,2466.600098,2473.899902,changed
2024-08-09 18:00:00+00:00,2026-10-04T21:58:00Z,2470.100098,2470.300049,2425.899902,2469.300049,2470.100098,2470.300049,2466.600098,2469.300049,changed
2024-08-09 19:00:00+00:00,2026-10-04T21:58:00Z,2469.300049,2469.600098,2426.000000,2468.600098,2469.300049,2469.600098,2466.699951,2468.600098,changed
2024-08-09 20:00:00+00:00,2026-10-04T21:58:00Z,2468.600098,2470.699951,2429.199951,2470.600098,2468.600098,2470.699951,2468.500000,2470.600098,changed
2024-08-12 06:00:00+00:00,2026-10-04T21:58:00Z,2473.399902,2476.199951,2432.000000,2475.699951,2473.399902,2476.199951,2472.399902,2475.699951,changed
2024-08-12 08:00:00+00:00,2026-10-04T21:58:00Z,2481.100098,2482.899902,2437.699951,2481.000000,2481.100098,2482.899902,2478.899902,2481.000000,changed
2024-08-12 12:00:00+00:00,2026-10-04T21:58:00Z,2480.699951,2484.800049,2442.000000,2483.800049,2480.699951,2484.800049,2480.500000,2483.800049,changed
2024-08-12 13:00:00+00:00,2026-10-04T21:58:00Z,2483.899902,2497.199951,2440.800049,2493.699951,2483.899902,2497.199951,2481.399902,2493.699951,changed
2024-08-12 14:00:00+00:00,2026-10-04T21:58:00Z,2493.699951,2495.100098,2443.699951,2492.800049,2493.699951,2495.100098,2483.699951,2492.800049,changed
2024-08-12 16:00:00+00:00,2026-10-04T21:58:00Z,2499.300049,2505.800049,2461.000000,2502.899902,2499.300049,2505.800049,2498.500000,2502.899902,changed
2024-08-12 19:00:00+00:00,2026-10-04T21:58:00Z,2510.300049,2512.399902,2468.600098,2510.600098,2510.300049,2511.899902,2509.800049,2510.600098,changed
2024-08-12 20:00:00+00:00,2026-10-04T21:58:00Z,2510.699951,2513.399902,2469.600098,2513.399902,2510.699951,2513.399902,2510.500000,2513.399902,changed
2024-08-13 01:00:00+00:00,2026-10-04T21:58:00Z,2511.899902,2513.699951,2461.000000,2506.699951,2511.899902,2513.699951,2501.199951,2506.699951,changed
2024-08-13 05:00:00+00:00,2026-10-04T21:58:00Z,2502.199951,2504.500000,2458.600098,2503.000000,2502.199951,2504.500000,2498.699951,2503.000000,changed
2024-08-13 06:00:00+00:00,2026-10-04T21:58:00Z,2503.100098,2504.699951,2459.699951,2503.399902,2503.100098,2504.600098,2501.300049,2503.399902,changed
2024-08-13 07:00:00+00:00,2026-10-04T21:58:00Z,2503.300049,2505.899902,2500.500000,2503.800049,2503.300049,2505.500000,2500.500000,2503.800049,changed
2024-08-13 08:00:00+00:00,2026-10-04T21:58:00Z,2503.899902,2503.899902,2456.500000,2499.899902,2503.899902,2503.899902,2498.199951,2499.899902,changed
2024-08-13 09:00:00+00:00,2026-10-04T21:58:00Z,2499.899902,2501.899902,2457.199951,2500.000000,2499.899902,2501.899902,2498.300049,2500.000000,changed
2024-08-13 10:00:00+00:00,2026-10-04T21:58:00Z,2500.000000,2502.899902,2458.500000,2501.399902,2500.000000,2502.899902,2498.399902,2501.399902,changed
2024-08-13 11:00:00+00:00,2026-10-04T21:58:00Z,2501.399902,2506.399902,2459.500000,2505.300049,2501.399902,2506.399902,2500.600098,2505.300049,changed
2024-08-13 12:00:00+00:00,2026-10-04T21:58:00Z,2505.300049,2512.500000,2463.199951,2507.300049,2505.300049,2512.500000,2503.699951,2507.300049,changed
2024-08-13 13:00:00+00:00,2026-10-04T21:58:00Z,2507.300049,2515.600098,2463.199951,2512.399902,2507.300049,2514.899902,2498.199951,2514.699951,changed
2024-08-13 14:00:00+00:00,2026-10-04T21:58:00Z,2512.399902,2512.800049,2469.699951,2511.000000,2511.899902,2512.800049,2503.199951,2511.000000,changed
2024-08-13 15:00:00+00:00,2026-10-04T21:58:00Z,2511.100098,2512.800049,2468.199951,2508.300049,2511.100098,2512.800049,2505.500000,2508.300049,changed
2024-08-13 16:00:00+00:00,2026-10-04T21:58:00Z,2508.300049,2510.800049,2469.000000,2509.199951,2508.300049,2510.800049,2505.899902,2509.199951,changed
2024-08-13 18:00:00+00:00,2026-10-04T21:58:00Z,2507.300049,2508.699951,2466.800049,2507.600098,2507.300049,2508.699951,2506.199951,2507.600098,changed
2024-08-13 20:00:00+00:00,2026-10-04T21:58:00Z,2506.800049,2507.500000,2465.300049,2504.899902,2506.800049,2507.500000,2504.300049,2504.899902,changed
2024-08-14 07:00:00+00:00,2026-10-04T21:58:00Z,2506.199951,2510.800049,2468.000000,2509.699951,2506.199951,2510.399902,2505.300049,2509.699951,changed
2024-08-14 12:00:00+00:00,2026-10-04T21:58:00Z,2513.800049,2519.699951,2472.100098,2507.899902,2513.800049,2519.699951,2500.800049,2507.899902,changed
2024-08-14 13:00:00+00:00,2026-10-04T21:58:00Z,2507.899902,2508.800049,2450.000000,2496.199951,2507.899902,2508.800049,2487.699951,2496.199951,changed
2024-08-14 14:00:00+00:00,2026-10-04T21:58:00Z,2496.100098,2497.100098,2445.199951,2488.600098,2496.100098,2497.100098,2485.399902,2488.600098,changed
2024-08-14 15:00:00+00:00,2026-10-04T21:58:00Z,2488.600098,2490.699951,2448.500000,2482.600098,2488.600098,2490.699951,2480.300049,2482.600098,changed
2024-08-14 19:00:00+00:00,2026-10-04T21:58:00Z,2486.000000,2486.800049,2445.600098,2485.500000,2486.000000,2486.800049,2482.600098,2485.500000,changed
2024-08-14 20:00:00+00:00,2026-10-04T21:58:00Z,2485.600098,2486.800049,2444.699951,2486.000000,2485.600098,2486.800049,2484.800049,2486.000000,changed
2024-08-15 00:00:00+00:00,2026-10-04T21:58:00Z,2486.899902,2491.500000,2486.000000,2487.300049,2486.899902,2491.500000,2479.699951,2487.300049,changed
2024-08-15 04:00:00+00:00,2026-10-04T21:58:00Z,2491.300049,2493.000000,2451.800049,2490.899902,2491.300049,2493.000000,2490.300049,2490.899902,changed
2024-08-15 07:00:00+00:00,2026-10-04T21:58:00Z,2493.600098,2494.300049,2491.899902,2493.300049,2493.600098,2494.300049,2492.000000,2493.300049,changed
2024-08-15 08:00:00+00:00,2026-10-04T21:58:00Z,2493.399902,2494.899902,2454.000000,2493.000000,2493.399902,2494.899902,2491.199951,2493.000000,changed
2024-08-15 10:00:00+00:00,2026-10-04T21:58:00Z,2494.300049,2497.899902,2457.000000,2495.699951,2494.300049,2497.899902,2494.300049,2495.699951,changed
2024-08-15 11:00:00+00:00,2026-10-04T21:58:00Z,2495.699951,2501.899902,2459.899902,2501.100098,2495.699951,2501.899902,2495.300049,2501.100098,changed
2024-08-15 12:00:00+00:00,2026-10-04T21:58:00Z,2501.300049,2508.000000,2448.500000,2478.399902,2501.300049,2508.000000,2478.000000,2478.399902,changed
2024-08-15 13:00:00+00:00,2026-10-04T21:58:00Z,2478.500000,2488.800049,2431.199951,2481.899902,2478.500000,2488.800049,2469.199951,2481.899902,changed
2024-08-15 14:00:00+00:00,2026-10-04T21:58:00Z,2481.699951,2496.500000,2443.100098,2490.000000,2481.699951,2496.500000,2481.699951,2490.000000,changed
2024-08-15 15:00:00+00:00,2026-10-04T21:58:00Z,2489.800049,2497.300049,2454.500000,2496.100098,2489.800049,2497.300049,2488.300049,2496.100098,changed
2024-08-15 16:00:00+00:00,2026-10-04T21:58:00Z,2496.100098,2497.699951,2454.899902,2493.199951,2496.100098,2497.699951,2492.600098,2493.199951,changed
2024-08-15 18:00:00+00:00,2026-10-04T21:58:00Z,2493.300049,2496.199951,2453.899902,2496.100098,2493.300049,2496.199951,2492.500000,2496.100098,changed
2024-08-15 19:00:00+00:00,2026-10-04T21:58:00Z,2496.199951,2499.399902,2455.600098,2493.500000,2496.199951,2499.399902,2491.899902,2493.500000,changed
2024-08-15 22:00:00+00:00,2026-10-04T21:58:00Z,2494.399902,2494.699951,2453.500000,2492.399902,2494.399902,2494.699951,2492.000000,2492.399902,changed
2024-08-16 06:00:00+00:00,2026-10-04T21:58:00Z,2493.100098,2495.399902,2453.699951,2492.399902,2493.100098,2495.399902,2491.899902,2492.399902,changed
2024-08-16 07:00:00+00:00,2026-10-04T21:58:00Z,2492.399902,2501.899902,2451.399902,2499.300049,2492.399902,2501.899902,2489.399902,2499.300049,changed
2024-08-16 10:00:00+00:00,2026-10-04T21:58:00Z,2500.800049,2506.000000,2462.199951,2502.300049,2500.800049,2506.000000,2500.399902,2502.300049,changed
2024-08-16 11:00:00+00:00,2026-10-04T21:58:00Z,2502.399902,2510.300049,2466.500000,2510.000000,2502.399902,2510.300049,2502.399902,2510.000000,changed
2024-08-16 12:00:00+00:00,2026-10-04T21:58:00Z,2510.000000,2531.399902,2488.199951,2530.500000,2510.000000,2531.399902,2509.300049,2530.500000,changed
2024-08-16 13:00:00+00:00,2026-10-04T21:58:00Z,2530.600098,2538.699951,2486.000000,2533.300049,2530.600098,2538.699951,2522.199951,2533.300049,changed
2024-08-16 14:00:00+00:00,2026-10-04T21:58:00Z,2533.300049,2533.899902,2481.199951,2525.600098,2533.300049,2533.899902,2515.800049,2525.600098,changed
2024-08-16 17:00:00+00:00,2026-10-04T21:58:00Z,2534.300049,2538.699951,2498.300049,2538.199951,2534.300049,2538.699951,2531.399902,2538.199951,changed
2024-08-16 19:00:00+00:00,2026-10-04T21:58:00Z,2542.000000,2547.399902,2504.399902,2546.500000,2542.000000,2547.399902,2540.199951,2546.500000,changed
2024-08-16 20:00:00+00:00,2026-10-04T21:58:00Z,2546.500000,2548.300049,2508.000000,2546.100098,2546.500000,2548.300049,2543.800049,2546.199951,changed
2024-08-18 22:00:00+00:00,2026-10-04T21:58:00Z,2549.699951,2549.899902,2502.800049,2543.600098,2549.699951,2549.899902,2540.899902,2543.600098,changed
2024-08-19 01:00:00+00:00,2026-10-04T21:58:00Z,2541.100098,2545.000000,2497.699951,2537.000000,2541.100098,2545.000000,2533.699951,2537.000000,changed
2024-08-19 05:00:00+00:00,2026-10-04T21:58:00Z,2539.500000,2541.100098,2499.800049,2539.899902,2539.500000,2541.100098,2537.899902,2539.899902,changed
2024-08-19 06:00:00+00:00,2026-10-04T21:58:00Z,2539.600098,2543.600098,2504.300049,2540.500000,2539.600098,2543.600098,2538.300049,2540.500000,changed
2024-08-19 07:00:00+00:00,2026-10-04T21:58:00Z,2540.600098,2543.399902,2500.300049,2541.199951,2540.600098,2543.399902,2537.899902,2541.199951,changed
2024-08-19 08:00:00+00:00,2026-10-04T21:58:00Z,2541.199951,2545.800049,2501.300049,2541.500000,2541.199951,2545.800049,2540.699951,2541.500000,changed
2024-08-19 11:00:00+00:00,2026-10-04T21:58:00Z,2527.800049,2533.500000,2487.199951,2532.800049,2527.800049,2533.500000,2524.399902,2532.800049,changed
2024-08-19 12:00:00+00:00,2026-10-04T21:58:00Z,2532.899902,2533.800049,2492.199951,2529.399902,2532.899902,2533.800049,2526.399902,2529.399902,changed
2024-08-19 18:00:00+00:00,2026-10-04T21:58:00Z,2541.500000,2543.399902,2502.300049,2542.800049,2541.500000,2543.399902,2540.899902,2542.800049,changed
2024-08-19 22:00:00+00:00,2026-10-04T21:58:00Z,2542.399902,2542.899902,2503.500000,2542.500000,2542.399902,2542.899902,2540.199951,2542.500000,changed
2024-08-20 06:00:00+00:00,2026-10-04T21:58:00Z,2537.199951,2543.800049,2500.699951,2540.500000,2537.199951,2543.800049,2535.100098,2540.500000,changed
2024-08-20 07:00:00+00:00,2026-10-04T21:58:00Z,2540.399902,2553.699951,2505.100098,2553.199951,2540.399902,2553.699951,2539.300049,2553.199951,changed
2024-08-20 12:00:00+00:00,2026-10-04T21:58:00Z,2565.000000,2568.000000,2525.000000,2565.199951,2565.000000,2568.000000,2560.199951,2565.199951,changed
2024-08-20 13:00:00+00:00,2026-10-04T21:58:00Z,2565.300049,2570.399902,2526.100098,2568.500000,2565.300049,2570.399902,2558.300049,2568.500000,changed
2024-08-20 14:00:00+00:00,2026-10-04T21:58:00Z,2568.399902,2568.800049,2526.500000,2562.100098,2568.399902,2568.800049,2558.399902,2562.100098,changed
2024-08-20 15:00:00+00:00,2026-10-04T21:58:00Z,2562.100098,2562.300049,2509.300049,2546.399902,2562.100098,2562.300049,2543.600098,2546.399902,changed
2024-08-20 16:00:00+00:00,2026-10-04T21:58:00Z,2546.600098,2548.600098,2508.000000,2547.100098,2546.600098,2548.600098,2538.600098,2547.100098,changed
2024-08-20 18:00:00+00:00,2026-10-04T21:58:00Z,2548.699951,2553.800049,2513.699951,2551.699951,2548.699951,2553.800049,2547.500000,2551.699951,changed
2024-08-20 19:00:00+00:00,2026-10-04T21:58:00Z,2551.600098,2553.500000,2512.500000,2553.199951,2551.600098,2553.500000,2549.000000,2553.199951,changed
2024-08-21 11:00:00+00:00,2026-10-04T21:58:00Z,2547.699951,2552.000000,2511.000000,2549.899902,2547.699951,2552.000000,2545.000000,2549.899902,changed
2024-08-21 12:00:00+00:00,2026-10-04T21:58:00Z,2550.000000,2552.000000,2506.899902,2548.399902,2550.000000,2552.000000,2544.899902,2548.399902,changed
2024-08-21 14:00:00+00:00,2026-10-04T21:58:00Z,2540.699951,2544.500000,2503.899902,2539.100098,2540.699951,2544.500000,2528.199951,2539.100098,changed
2024-08-21 17:00:00+00:00,2026-10-04T21:58:00Z,2544.800049,2549.199951,2508.199951,2547.300049,2544.800049,2549.199951,2544.699951,2547.300049,changed
2024-08-21 18:00:00+00:00,2026-10-04T21:58:00Z,2547.199951,2557.300049,2515.399902,2554.199951,2547.199951,2557.300049,2547.000000,2554.199951,changed
2024-08-22 06:00:00+00:00,2026-10-04T21:58:00Z,2542.000000,2547.199951,2504.100098,2543.800049,2542.000000,2547.199951,2539.699951,2543.800049,changed
2024-08-22 12:00:00+00:00,2026-10-04T21:58:00Z,2535.699951,2541.899902,2495.699951,2536.899902,2535.699951,2541.899902,2531.300049,2536.899902,changed
2024-08-22 13:00:00+00:00,2026-10-04T21:58:00Z,2536.899902,2537.899902,2484.600098,2523.500000,2536.899902,2537.899902,2518.699951,2523.500000,changed
2024-08-22 14:00:00+00:00,2026-10-04T21:58:00Z,2523.699951,2523.699951,2471.100098,2515.899902,2523.699951,2523.699951,2506.399902,2515.899902,changed
2024-08-22 15:00:00+00:00,2026-10-04T21:58:00Z,2515.800049,2520.199951,2475.699951,2517.899902,2515.800049,2520.199951,2510.699951,2517.899902,changed
2024-08-22 16:00:00+00:00,2026-10-04T21:58:00Z,2518.000000,2522.100098,2482.399902,2520.199951,2518.000000,2522.100098,2517.399902,2520.199951,changed
2024-08-22 17:00:00+00:00,2026-10-04T21:58:00Z,2520.100098,2520.399902,2515.300049,2517.899902,2520.100098,2520.399902,2515.300049,2517.600098,changed
2024-08-22 18:00:00+00:00,2026-10-04T21:58:00Z,2518.000000,2520.699951,2479.800049,2517.899902,2518.000000,2520.699951,2516.100098,2517.899902,changed
2024-08-23 00:00:00+00:00,2026-10-04T21:58:00Z,2522.899902,2527.899902,2486.500000,2525.399902,2522.899902,2527.899902,2521.899902,2525.399902,changed
2024-08-23 02:00:00+00:00,2026-10-04T21:58:00Z,2526.600098,2527.199951,2486.800049,2525.500000,2526.600098,2527.199951,2522.100098,2525.500000,changed
2024-08-23 13:00:00+00:00,2026-10-04T21:58:00Z,2536.899902,2539.600098,2492.899902,2533.800049,2536.899902,2539.600098,2530.100098,2533.800049,changed
2024-08-23 14:00:00+00:00,2026-10-04T21:58:00Z,2533.899902,2554.199951,2499.000000,2545.000000,2533.899902,2554.199951,2532.100098,2545.000000,changed
2024-08-23 19:00:00+00:00,2026-10-04T21:58:00Z,2545.399902,2548.600098,2506.800049,2546.600098,2545.399902,2548.600098,2543.500000,2546.600098,changed
2024-08-25 22:00:00+00:00,2026-10-04T21:58:00Z,2545.100098,2550.300049,2509.899902,2548.399902,2545.100098,2550.300049,2544.600098,2548.399902,changed
2024-08-25 23:00:00+00:00,2026-10-04T21:58:00Z,2548.399902,2552.100098,2511.899902,2551.300049,2548.399902,2552.100098,2548.399902,2551.300049,changed
2024-08-26 01:00:00+00:00,2026-10-04T21:58:00Z,2549.000000,2550.800049,2509.100098,2548.699951,2549.000000,2550.800049,2546.000000,2548.699951,changed
2024-08-26 07:00:00+00:00,2026-10-04T21:58:00Z,2550.600098,2557.300049,2516.899902,2556.899902,2550.600098,2557.300049,2549.600098,2556.899902,changed
2024-08-26 08:00:00+00:00,2026-10-04T21:58:00Z,2557.000000,2561.600098,2556.300049,2560.000000,2557.000000,2561.699951,2556.300049,2560.000000,changed
2024-08-26 09:00:00+00:00,2026-10-04T21:58:00Z,2560.100098,2561.500000,2523.100098,2561.000000,2560.100098,2561.500000,2559.100098,2561.000000,changed
2024-08-26 11:00:00+00:00,2026-10-04T21:58:00Z,2560.699951,2562.500000,2519.800049,2562.100098,2560.699951,2562.500000,2556.399902,2562.100098,changed
2024-08-26 12:00:00+00:00,2026-10-04T21:58:00Z,2562.199951,2563.199951,2522.100098,2559.500000,2562.199951,2563.199951,2558.199951,2559.500000,changed
2024-08-26 13:00:00+00:00,2026-10-04T21:58:00Z,2559.500000,2562.300049,2515.699951,2551.600098,2559.500000,2562.300049,2551.000000,2551.600098,changed
2024-08-26 14:00:00+00:00,2026-10-04T21:58:00Z,2551.600098,2554.699951,2509.699951,2552.600098,2551.600098,2554.699951,2546.100098,2552.600098,changed
2024-08-27 05:00:00+00:00,2026-10-04T21:58:00Z,2542.300049,2548.800049,2541.699951,2548.800049,2542.300049,2548.800049,2541.699951,2548.600098,changed
2024-08-27 06:00:00+00:00,2026-10-04T21:58:00Z,2548.500000,2552.500000,2547.899902,2549.899902,2548.600098,2552.500000,2547.899902,2549.899902,changed
2024-08-27 07:00:00+00:00,2026-10-04T21:58:00Z,2549.899902,2552.699951,2515.199951,2540.000000,2549.899902,2552.699951,2539.500000,2540.000000,changed
2024-08-27 11:00:00+00:00,2026-10-04T21:58:00Z,2544.100098,2547.699951,2543.899902,2546.600098,2544.100098,2547.699951,2543.699951,2546.600098,changed
2024-08-27 13:00:00+00:00,2026-10-04T21:58:00Z,2544.899902,2550.399902,2506.899902,2547.800049,2544.899902,2550.399902,2538.899902,2547.800049,changed
2024-08-27 16:00:00+00:00,2026-10-04T21:58:00Z,2547.300049,2549.899902,2511.100098,2549.800049,2547.300049,2549.899902,2545.000000,2549.800049,changed
2024-08-27 19:00:00+00:00,2026-10-04T21:58:00Z,2560.000000,2561.100098,2522.300049,2560.399902,2560.000000,2561.100098,2558.399902,2560.399902,changed
2024-08-27 20:00:00+00:00,2026-10-04T21:58:00Z,2560.399902,2561.399902,2522.800049,2560.000000,2560.399902,2561.399902,2559.100098,2560.000000,changed
2024-08-30 07:00:00+00:00,2026-10-04T21:58:00Z,2550.600098,2554.399902,2550.399902,2552.500000,2550.600098,2554.300049,2550.399902,2552.500000,changed
2024-08-30 14:00:00+00:00,2026-10-04T21:58:00Z,2548.800049,2551.699951,2539.300049,2542.100098,2548.800049,2551.399902,2539.300049,2542.100098,changed
2024-08-30 20:00:00+00:00,2026-10-04T21:58:00Z,2534.800049,2536.100098,2534.399902,2536.000000,2534.800049,2536.100098,2534.399902,2535.899902,changed
2024-08-01 01:00:00+00:00,2026-10-04T22:10:08Z,2492.000000,2502.800049,2490.500000,2495.500000,2492.000000,2502.800049,2452.600098,2495.500000,changed
2024-08-01 05:00:00+00:00,2026-10-04T22:10:08Z,2488.399902,2492.300049,2487.699951,2491.000000,2488.399902,2492.300049,2442.500000,2491.000000,changed
2024-08-01 06:00:00+00:00,2026-10-04T22:10:08Z,2490.899902,2492.899902,2488.300049,2489.100098,2490.899902,2492.899902,2445.800049,2489.100098,changed
2024-08-01 07:00:00+00:00,2026-10-04T22:10:08Z,2489.199951,2489.300049,2484.000000,2484.399902,2489.199951,2489.199951,2442.000000,2484.399902,changed
2024-08-01 09:00:00+00:00,2026-10-04T22:10:08Z,2478.000000,2479.399902,2474.000000,2476.800049,2478.000000,2479.399902,2430.399902,2476.800049,changed
2024-08-01 10:00:00+00:00,2026-10-04T22:10:08Z,2476.899902,2480.800049,2475.899902,2479.199951,2476.899902,2480.800049,2431.600098,2479.199951,changed
2024-08-01 11:00:00+00:00,2026-10-04T22:10:08Z,2479.199951,2487.399902,2478.300049,2485.000000,2479.199951,2487.399902,2433.899902,2485.000000,changed
2024-08-01 12:00:00+00:00,2026-10-04T22:10:08Z,2485.100098,2499.399902,2484.600098,2495.300049,2485.100098,2499.399902,2446.199951,2495.300049,changed
2024-08-01 13:00:00+00:00,2026-10-04T22:10:08Z,2495.000000,2501.899902,2492.699951,2497.800049,2495.000000,2501.899902,2452.100098,2497.800049,changed
2024-08-01 14:00:00+00:00,2026-10-04T22:10:08Z,2498.100098,2506.600098,2487.300049,2492.800049,2498.100098,2506.600098,2443.399902,2492.800049,changed
2024-08-01 15:00:00+00:00,2026-10-04T22:10:08Z,2492.699951,2496.199951,2486.399902,2489.399902,2492.699951,2496.199951,2442.899902,2489.399902,changed
2024-08-01 16:00:00+00:00,2026-10-04T22:10:08Z,2489.300049,2492.800049,2487.500000,2488.600098,2489.300049,2492.800049,2442.899902,2488.600098,changed
2024-08-01 17:00:00+00:00,2026-10-04T22:10:08Z,2488.600098,2488.800049,2479.500000,2483.199951,2488.600098,2488.800049,2434.800049,2483.199951,changed
2024-08-01 18:00:00+00:00,2026-10-04T22:10:08Z,2483.100098,2484.699951,2478.600098,2483.500000,2483.100098,2484.699951,2436.300049,2483.500000,changed
2024-08-01 20:00:00+00:00,2026-10-04T22:10:08Z,2487.300049,2492.000000,2486.199951,2490.899902,2487.300049,2492.000000,2441.800049,2490.899902,changed
2024-08-01 22:00:00+00:00,2026-10-04T22:10:08Z,2490.800049,2491.500000,2487.800049,2489.399902,2490.800049,2491.500000,2444.000000,2489.399902,changed
2024-08-02 01:00:00+00:00,2026-10-04T22:10:08Z,2493.199951,2495.000000,2479.500000,2491.600098,2493.199951,2494.800049,2436.800049,2491.600098,changed
2024-08-02 03:00:00+00:00,2026-10-04T22:10:08Z,2499.899902,2503.800049,2496.000000,2498.699951,2499.899902,2503.800049,2457.100098,2498.699951,changed
2024-08-02 05:00:00+00:00,2026-10-04T22:10:08Z,2501.899902,2511.500000,2501.800049,2511.300049,2501.899902,2511.500000,2458.500000,2511.300049,changed
2024-08-02 07:00:00+00:00,2026-10-04T22:10:08Z,2509.699951,2510.899902,2504.399902,2505.800049,2509.699951,2510.899902,2460.699951,2505.800049,changed
2024-08-02 10:00:00+00:00,2026-10-04T22:10:08Z,2508.399902,2509.899902,2505.300049,2507.899902,2508.399902,2509.899902,2462.699951,2507.899902,changed
2024-08-02 11:00:00+00:00,2026-10-04T22:10:08Z,2508.000000,2509.199951,2501.800049,2503.500000,2508.000000,2509.199951,2458.699951,2503.500000,changed
2024-08-02 12:00:00+00:00,2026-10-04T22:10:08Z,2503.300049,2522.500000,2499.899902,2517.100098,2503.300049,2522.500000,2473.399902,2517.100098,changed
2024-08-02 13:00:00+00:00,2026-10-04T22:10:08Z,2517.000000,2518.600098,2499.399902,2513.000000,2517.000000,2518.600098,2463.500000,2513.800049,changed
2024-08-02 14:00:00+00:00,2026-10-04T22:10:08Z,2516.800049,2518.399902,2471.699951,2474.399902,2513.699951,2518.399902,2428.399902,2474.399902,changed
2024-08-02 15:00:00+00:00,2026-10-04T22:10:08Z,2474.300049,2478.899902,2453.100098,2476.100098,2474.300049,2478.899902,2416.000000,2476.100098,changed
2024-08-02 16:00:00+00:00,2026-10-04T22:10:08Z,2476.300049,2482.399902,2469.100098,2473.199951,2475.699951,2482.399902,2425.399902,2473.199951,changed
2024-08-02 17:00:00+00:00,2026-10-04T22:10:08Z,2473.100098,2474.399902,2465.500000,2470.500000,2473.100098,2474.399902,2426.399902,2470.500000,changed
2024-08-02 18:00:00+00:00,2026-10-04T22:10:08Z,2470.600098,2476.500000,2469.500000,2471.899902,2470.600098,2476.500000,2426.899902,2471.899902,changed
2024-08-02 19:00:00+00:00,2026-10-04T22:10:08Z,2471.899902,2480.800049,2468.399902,2480.000000,2471.899902,2480.800049,2433.800049,2480.000000,changed
2024-08-02 20:00:00+00:00,2026-10-04T22:10:08Z,2480.000000,2486.600098,2478.100098,2486.100098,2480.000000,2486.600098,2440.199951,2486.100098,changed
2024-08-04 22:00:00+00:00,2026-10-04T22:10:08Z,2490.300049,2490.399902,2480.100098,2483.500000,2490.300049,2490.399902,2442.000000,2483.500000,changed
2024-08-05 00:00:00+00:00,2026-10-04T22:10:08Z,2483.199951,2483.199951,2455.699951,2464.300049,2483.199951,2483.199951,2422.100098,2464.300049,changed
2024-08-05 01:00:00+00:00,2026-10-04T22:10:08Z,2463.699951,2484.199951,2462.100098,2481.600098,2463.699951,2484.199951,2418.899902,2481.600098,changed
2024-08-05 02:00:00+00:00,2026-10-04T22:10:08Z,2481.500000,2488.500000,2475.100098,2484.699951,2481.500000,2488.500000,2436.000000,2484.699951,changed
2024-08-05 05:00:00+00:00,2026-10-04T22:10:08Z,2494.600098,2494.600098,2473.600098,2479.699951,2494.600098,2494.600098,2435.000000,2479.699951,changed
2024-08-05 06:00:00+00:00,2026-10-04T22:10:08Z,2479.600098,2480.300049,2463.600098,2470.000000,2479.600098,2480.300049,2430.000000,2470.000000,changed
2024-08-05 07:00:00+00:00,2026-10-04T22:10:08Z,2470.000000,2485.100098,2465.899902,2473.199951,2470.000000,2485.100098,2426.000000,2473.199951,changed
2024-08-05 08:00:00+00:00,2026-10-04T22:10:08Z,2473.300049,2475.800049,2464.100098,2465.800049,2473.300049,2475.800049,2423.199951,2465.800049,changed
2024-08-05 09:00:00+00:00,2026-10-04T22:10:08Z,2466.100098,2469.699951,2460.000000,2464.899902,2466.100098,2469.600098,2418.000000,2464.899902,changed
2024-08-05 10:00:00+00:00,2026-10-04T22:10:08Z,2465.000000,2466.399902,2448.600098,2449.100098,2465.000000,2466.399902,2406.000000,2449.100098,changed
2024-08-05 11:00:00+00:00,2026-10-04T22:10:08Z,2449.000000,2449.000000,2423.100098,2426.800049,2449.000000,2449.000000,2400.000000,2426.800049,changed
2024-08-05 12:00:00+00:00,2026-10-04T22:10:08Z,2426.899902,2433.000000,2403.800049,2414.100098,2426.899902,2433.000000,2367.399902,2414.100098,changed
2024-08-05 13:00:00+00:00,2026-10-04T22:10:08Z,2414.199951,2437.399902,2414.199951,2434.100098,2414.199951,2437.399902,2375.100098,2434.100098,changed
2024-08-05 14:00:00+00:00,2026-10-04T22:10:08Z,2433.399902,2438.000000,2426.100098,2437.100098,2433.399902,2438.000000,2389.000000,2437.100098,changed
2024-08-05 15:00:00+00:00,2026-10-04T22:10:08Z,2436.899902,2452.800049,2436.699951,2443.300049,2436.899902,2452.800049,2399.399902,2443.300049,changed
2024-08-05 19:00:00+00:00,2026-10-04T22:10:08Z,2446.199951,2454.699951,2445.800049,2449.000000,2446.199951,2454.699951,2406.399902,2449.000000,changed
2024-08-06 01:00:00+00:00,2026-10-04T22:10:08Z,2457.100098,2459.000000,2451.699951,2453.399902,2457.100098,2459.000000,2414.500000,2453.399902,changed
2024-08-06 04:00:00+00:00,2026-10-04T22:10:08Z,2449.500000,2453.399902,2447.300049,2448.500000,2449.500000,2453.399902,2409.100098,2448.500000,changed
2024-08-06 05:00:00+00:00,2026-10-04T22:10:08Z,2448.600098,2452.300049,2438.500000,2439.199951,2448.600098,2452.300049,2402.699951,2439.199951,changed
2024-08-06 06:00:00+00:00,2026-10-04T22:10:08Z,2439.399902,2448.899902,2434.600098,2442.000000,2439.399902,2448.899902,2399.600098,2442.000000,changed
2024-08-06 09:00:00+00:00,2026-10-04T22:10:08Z,2451.699951,2456.199951,2450.800049,2454.100098,2451.699951,2455.500000,2450.800049,2454.100098,changed
2024-08-06 11:00:00+00:00,2026-10-04T22:10:08Z,2453.000000,2456.000000,2450.699951,2451.699951,2453.000000,2456.000000,2412.899902,2451.699951,changed
2024-08-06 12:00:00+00:00,2026-10-04T22:10:08Z,2451.699951,2452.899902,2432.100098,2433.399902,2451.699951,2452.899902,2393.899902,2433.399902,changed
2024-08-06 13:00:00+00:00,2026-10-04T22:10:08Z,2433.399902,2439.899902,2429.300049,2436.199951,2433.399902,2439.899902,2392.899902,2436.199951,changed
2024-08-06 14:00:00+00:00,2026-10-04T22:10:08Z,2436.199951,2444.100098,2426.899902,2429.199951,2436.199951,2444.100098,2385.800049,2429.199951,changed
2024-08-06 15:00:00+00:00,2026-10-04T22:10:08Z,2429.199951,2431.699951,2421.800049,2428.399902,2429.199951,2431.699951,2380.000000,2428.399902,changed
2024-08-06 16:00:00+00:00,2026-10-04T22:10:08Z,2428.500000,2432.500000,2426.399902,2431.000000,2428.500000,2432.500000,2385.300049,2431.000000,changed
2024-08-06 17:00:00+00:00,2026-10-04T22:10:08Z,2431.000000,2434.600098,2428.600098,2434.199951,2431.000000,2434.600098,2387.399902,2432.899902,changed
2024-08-06 18:00:00+00:00,2026-10-04T22:10:08Z,2433.000000,2437.100098,2432.399902,2433.899902,2432.899902,2437.100098,2392.699951,2433.899902,changed
2024-08-06 20:00:00+00:00,2026-10-04T22:10:08Z,2429.000000,2432.100098,2428.100098,2432.100098,2429.000000,2432.100098,2387.399902,2432.100098,changed
2024-08-07 04:00:00+00:00,2026-10-04T22:10:08Z,2426.000000,2434.800049,2425.699951,2433.000000,2426.000000,2434.800049,2392.199951,2433.000000,changed
2024-08-07 05:00:00+00:00,2026-10-04T22:10:08Z,2432.699951,2436.199951,2428.399902,2431.300049,2432.699951,2436.199951,2394.000000,2431.300049,changed
2024-08-07 06:00:00+00:00,2026-10-04T22:10:08Z,2431.300049,2437.600098,2429.399902,2434.500000,2389.800049,2437.600098,2387.300049,2434.500000,changed
2024-08-07 07:00:00+00:00,2026-10-04T22:10:08Z,2434.699951,2434.800049,2428.000000,2429.300049,2434.699951,2434.800049,2386.500000,2429.300049,changed
2024-08-07 08:00:00+00:00,2026-10-04T22:10:08Z,2429.199951,2433.600098,2428.000000,2433.199951,2429.199951,2433.600098,2391.000000,2433.199951,changed
2024-08-07 09:00:00+00:00,2026-10-04T22:10:08Z,2433.399902,2436.500000,2432.500000,2434.399902,2433.399902,2436.500000,2432.600098,2434.399902,changed
2024-08-07 10:00:00+00:00,2026-10-04T22:10:08Z,2434.500000,2438.399902,2433.199951,2437.600098,2434.500000,2438.399902,2392.699951,2437.600098,changed
2024-08-07 12:00:00+00:00,2026-10-04T22:10:08Z,2441.399902,2447.300049,2439.199951,2444.100098,2441.399902,2447.300049,2398.100098,2444.100098,changed
2024-08-07 13:00:00+00:00,2026-10-04T22:10:08Z,2444.300049,2445.300049,2436.699951,2440.300049,2444.300049,2445.300049,2397.100098,2440.300049,changed
2024-08-07 14:00:00+00:00,2026-10-04T22:10:08Z,2440.100098,2443.500000,2438.100098,2439.199951,2440.100098,2443.500000,2400.199951,2439.199951,changed
2024-08-07 16:00:00+00:00,2026-10-04T22:10:08Z,2434.699951,2440.100098,2433.100098,2439.899902,2434.699951,2440.100098,2394.300049,2439.899902,changed
2024-08-07 17:00:00+00:00,2026-10-04T22:10:08Z,2439.899902,2440.000000,2429.600098,2430.000000,2439.899902,2440.000000,2393.699951,2430.000000,changed
2024-08-07 18:00:00+00:00,2026-10-04T22:10:08Z,2429.899902,2432.000000,2423.899902,2426.300049,2429.899902,2432.000000,2387.000000,2426.300049,changed
2024-08-07 19:00:00+00:00,2026-10-04T22:10:08Z,2426.199951,2430.699951,2425.300049,2425.500000,2426.199951,2430.699951,2384.500000,2425.600098,changed
2024-08-07 20:00:00+00:00,2026-10-04T22:10:08Z,2426.100098,2427.399902,2421.699951,2423.500000,2425.699951,2427.399902,2421.699951,2423.500000,changed
2024-08-08 00:00:00+00:00,2026-10-04T22:10:08Z,2423.899902,2427.899902,2422.300049,2424.300049,2423.899902,2427.899902,2384.300049,2424.300049,changed
2024-08-08 03:00:00+00:00,2026-10-04T22:10:08Z,2429.500000,2433.800049,2427.800049,2433.000000,2429.500000,2433.800049,2387.699951,2433.000000,changed
2024-08-08 07:00:00+00:00,2026-10-04T22:10:08Z,2436.500000,2439.100098,2434.100098,2435.600098,2436.500000,2439.100098,2433.500000,2435.600098,changed
2024-08-08 10:00:00+00:00,2026-10-04T22:10:08Z,2435.100098,2445.699951,2435.100098,2444.500000,2435.100098,2445.699951,2397.699951,2444.500000,changed
2024-08-08 12:00:00+00:00,2026-10-04T22:10:08Z,2451.699951,2455.300049,2446.600098,2447.399902,2451.699951,2455.300049,2446.500000,2447.399902,changed
2024-08-08 13:00:00+00:00,2026-10-04T22:10:08Z,2447.399902,2454.899902,2441.199951,2453.399902,2447.399902,2454.899902,2403.500000,2453.399902,changed
2024-08-08 14:00:00+00:00,2026-10-04T22:10:08Z,2453.399902,2464.000000,2448.500000,2453.199951,2453.399902,2464.000000,2409.300049,2453.100098,changed
2024-08-08 15:00:00+00:00,2026-10-04T22:10:08Z,2453.300049,2459.800049,2451.300049,2458.100098,2452.100098,2459.800049,2451.899902,2458.100098,changed
2024-08-08 17:00:00+00:00,2026-10-04T22:10:08Z,2457.600098,2464.500000,2455.300049,2463.000000,2457.600098,2464.500000,2419.500000,2463.000000,changed
2024-08-09 01:00:00+00:00,2026-10-04T22:10:08Z,2463.300049,2467.199951,2459.399902,2466.699951,2463.300049,2467.199951,2422.300049,2466.699951,changed
2024-08-09 04:00:00+00:00,2026-10-04T22:10:08Z,2460.500000,2464.000000,2459.699951,2463.399902,2460.500000,2464.000000,2459.699951,2463.300049,changed
2024-08-09 05:00:00+00:00,2026-10-04T22:10:08Z,2462.600098,2463.100098,2456.399902,2456.500000,2463.199951,2463.399902,2456.399902,2456.500000,changed
2024-08-09 06:00:00+00:00,2026-10-04T22:10:08Z,2456.300049,2461.100098,2456.100098,2460.000000,2456.300049,2461.100098,2418.500000,2460.000000,changed
2024-08-09 08:00:00+00:00,2026-10-04T22:10:08Z,2462.399902,2465.899902,2461.199951,2463.500000,2462.399902,2465.899902,2420.899902,2463.500000,changed
2024-08-09 12:00:00+00:00,2026-10-04T22:10:08Z,2465.899902,2469.300049,2462.699951,2469.000000,2465.899902,2469.300049,2422.399902,2469.000000,changed
2024-08-09 13:00:00+00:00,2026-10-04T22:10:08Z,2469.199951,2472.699951,2460.000000,2466.100098,2469.000000,2472.699951,2420.100098,2466.100098,changed
2024-08-09 15:00:00+00:00,2026-10-04T22:10:08Z,2467.800049,2471.899902,2465.800049,2470.899902,2467.800049,2471.899902,2465.800049,2470.600098,changed
2024-08-09 16:00:00+00:00,2026-10-04T22:10:08Z,2471.800049,2474.000000,2466.600098,2473.899902,2470.800049,2474.000000,2427.399902,2473.899902,changed
2024-08-09 18:00:00+00:00,2026-10-04T22:10:08Z,2470.100098,2470.300049,2466.600098,2469.300049,2470.100098,2470.300049,2425.899902,2469.300049,changed
2024-08-09 19:00:00+00:00,2026-10-04T22:10:08Z,2469.300049,2469.600098,2466.699951,2468.600098,2469.300049,2469.600098,2426.000000,2468.600098,changed
2024-08-09 20:00:00+00:00,2026-10-04T22:10:08Z,2468.600098,2470.699951,2468.500000,2470.600098,2468.600098,2470.699951,2429.199951,2470.600098,changed
2024-08-12 06:00:00+00:00,2026-10-04T22:10:08Z,2473.399902,2476.199951,2472.399902,2475.699951,2473.399902,2476.199951,2432.000000,2475.699951,changed
2024-08-12 08:00:00+00:00,2026-10-04T22:10:08Z,2481.100098,2482.899902,2478.899902,2481.000000,2481.100098,2482.899902,2437.699951,2481.000000,changed
2024-08-12 12:00:00+00:00,2026-10-04T22:10:08Z,2480.699951,2484.800049,2480.500000,2483.800049,2480.699951,2484.800049,2442.000000,2483.800049,changed
2024-08-12 13:00:00+00:00,2026-10-04T22:10:08Z,2483.899902,2497.199951,2481.399902,2493.699951,2483.899902,2497.199951,2440.800049,2493.699951,changed
2024-08-12 14:00:00+00:00,2026-10-04T22:10:08Z,2493.699951,2495.100098,2483.699951,2492.800049,2493.699951,2495.100098,2443.699951,2492.800049,changed
2024-08-12 16:00:00+00:00,2026-10-04T22:10:08Z,2499.300049,2505.800049,2498.500000,2502.899902,2499.300049,2505.800049,2461.000000,2502.899902,changed
2024-08-12 19:00:00+00:00,2026-10-04T22:10:08Z,2510.300049,2511.899902,2509.800049,2510.600098,2510.300049,2512.399902,2468.600098,2510.600098,changed
2024-08-12 20:00:00+00:00,2026-10-04T22:10:08Z,2510.699951,2513.399902,2510.500000,2513.399902,2510.699951,2513.399902,2469.600098,2513.399902,changed
2024-08-13 01:00:00+00:00,2026-10-04T22:10:08Z,2511.899902,2513.699951,2501.199951,2506.699951,2511.899902,2513.699951,2461.000000,2506.699951,changed
2024-08-13 05:00:00+00:00,2026-10-04T22:10:08Z,2502.199951,2504.500000,2498.699951,2503.000000,2502.199951,2504.500000,2458.600098,2503.000000,changed
2024-08-13 06:00:00+00:00,2026-10-04T22:10:08Z,2503.100098,2504.600098,2501.300049,2503.399902,2503.100098,2504.699951,2459.699951,2503.399902,changed
2024-08-13 07:00:00+00:00,2026-10-04T22:10:08Z,2503.300049,2505.500000,2500.500000,2503.800049,2503.300049,2505.899902,2500.500000,2503.800049,changed
2024-08-13 08:00:00+00:00,2026-10-04T22:10:08Z,2503.899902,2503.899902,2498.199951,2499.899902,2503.899902,2503.899902,2456.500000,2499.899902,changed
2024-08-13 09:00:00+00:00,2026-10-04T22:10:08Z,2499.899902,2501.899902,2498.300049,2500.000000,2499.899902,2501.899902,2457.199951,2500.000000,changed
2024-08-13 10:00:00+00:00,2026-10-04T22:10:08Z,2500.000000,2502.899902,2498.399902,2501.399902,2500.000000,2502.899902,2458.500000,2501.399902,changed
2024-08-13 11:00:00+00:00,2026-10-04T22:10:08Z,2501.399902,2506.399902,2500.600098,2505.300049,2501.399902,2506.399902,2459.500000,2505.300049,changed
2024-08-13 12:00:00+00:00,2026-10-04T22:10:08Z,2505.300049,2512.500000,2503.699951,2507.300049,2505.300049,2512.500000,2463.199951,2507.300049,changed
2024-08-13 13:00:00+00:00,2026-10-04T22:10:08Z,2507.300049,2514.899902,2498.199951,2514.699951,2507.300049,2515.600098,2463.199951,2512.399902,changed
2024-08-13 14:00:00+00:00,2026-10-04T22:10:08Z,2511.899902,2512.800049,2503.199951,2511.000000,2512.399902,2512.800049,2469.699951,2511.000000,changed
2024-08-13 15:00:00+00:00,2026-10-04T22:10:08Z,2511.100098,2512.800049,2505.500000,2508.300049,2511.100098,2512.800049,2468.199951,2508.300049,changed
2024-08-13 16:00:00+00:00,2026-10-04T22:10:08Z,2508.300049,2510.800049,2505.899902,2509.199951,2508.300049,2510.800049,2469.000000,2509.199951,changed
2024-08-13 18:00:00+00:00,2026-10-04T22:10:08Z,2507.300049,2508.699951,2506.199951,2507.600098,2507.300049,2508.699951,2466.800049,2507.600098,changed
2024-08-13 20:00:00+00:00,2026-10-04T22:10:08Z,2506.800049,2507.500000,2504.300049,2504.899902,2506.800049,2507.500000,2465.300049,2504.899902,changed
2024-08-14 07:00:00+00:00,2026-10-04T22:10:08Z,2506.199951,2510.399902,2505.300049,2509.699951,2506.199951,2510.800049,2468.000000,2509.699951,changed
2024-08-14 12:00:00+00:00,2026-10-04T22:10:08Z,2513.800049,2519.699951,2500.800049,2507.899902,2513.800049,2519.699951,2472.100098,2507.899902,changed
2024-08-14 13:00:00+00:00,2026-10-04T22:10:08Z,2507.899902,2508.800049,2487.699951,2496.199951,2507.899902,2508.800049,2450.000000,2496.199951,changed
2024-08-14 14:00:00+00:00,2026-10-04T22:10:08Z,2496.100098,2497.100098,2485.399902,2488.600098,2496.100098,2497.100098,2445.199951,2488.600098,changed
2024-08-14 15:00:00+00:00,2026-10-04T22:10:08Z,2488.600098,2490.699951,2480.300049,2482.600098,2488.600098,2490.699951,2448.500000,2482.600098,changed
2024-08-14 19:00:00+00:00,2026-10-04T22:10:08Z,2486.000000,2486.800049,2482.600098,2485.500000,2486.000000,2486.800049,2445.600098,2485.500000,changed
2024-08-14 20:00:00+00:00,2026-10-04T22:10:08Z,2485.600098,2486.800049,2484.800049,2486.000000,2485.600098,2486.800049,2444.699951,2486.000000,changed
2024-08-15 00:00:00+00:00,2026-10-04T22:10:08Z,2486.899902,2491.500000,2479.699951,2487.300049,2486.899902,2491.500000,2486.000000,2487.300049,changed
2024-08-15 04:00:00+00:00,2026-10-04T22:10:08Z,2491.300049,2493.000000,2490.300049,2490.899902,2491.300049,2493.000000,2451.800049,2490.899902,changed
2024-08-15 07:00:00+00:00,2026-10-04T22:10:08Z,2493.600098,2494.300049,2492.000000,2493.300049,2493.600098,2494.300049,2491.899902,2493.300049,changed
2024-08-15 08:00:00+00:00,2026-10-04T22:10:08Z,2493.399902,2494.899902,2491.199951,2493.000000,2493.399902,2494.899902,2454.000000,2493.000000,changed
2024-08-15 10:00:00+00:00,2026-10-04T22:10:08Z,2494.300049,2497.899902,2494.300049,2495.699951,2494.300049,2497.899902,2457.000000,2495.699951,changed
2024-08-15 11:00:00+00:00,2026-10-04T22:10:08Z,2495.699951,2501.899902,2495.300049,2501.100098,2495.699951,2501.899902,2459.899902,2501.100098,changed
2024-08-15 12:00:00+00:00,2026-10-04T22:10:08Z,2501.300049,2508.000000,2478.000000,2478.399902,2501.300049,2508.000000,2448.500000,2478.399902,changed
2024-08-15 13:00:00+00:00,2026-10-04T22:10:08Z,2478.500000,2488.800049,2469.199951,2481.899902,2478.500000,2488.800049,2431.199951,2481.899902,changed
2024-08-15 14:00:00+00:00,2026-10-04T22:10:08Z,2481.699951,2496.500000,2481.699951,2490.000000,2481.699951,2496.500000,2443.100098,2490.000000,changed
2024-08-15 15:00:00+00:00,2026-10-04T22:10:08Z,2489.800049,2497.300049,2488.300049,2496.100098,2489.800049,2497.300049,2454.500000,2496.100098,changed
2024-08-15 16:00:00+00:00,2026-10-04T22:10:08Z,2496.100098,2497.699951,2492.600098,2493.199951,2496.100098,2497.699951,2454.899902,2493.199951,changed
2024-08-15 18:00:00+00:00,2026-10-04T22:10:08Z,2493.300049,2496.199951,2492.500000,2496.100098,2493.300049,2496.199951,2453.899902,2496.100098,changed
2024-08-15 19:00:00+00:00,2026-10-04T22:10:08Z,2496.199951,2499.399902,2491.899902,2493.500000,2496.199951,2499.399902,2455.600098,2493.500000,changed
2024-08-15 22:00:00+00:00,2026-10-04T22:10:08Z,2494.399902,2494.699951,2492.000000,2492.399902,2494.399902,2494.699951,2453.500000,2492.399902,changed
2024-08-16 06:00:00+00:00,2026-10-04T22:10:08Z,2493.100098,2495.399902,2491.899902,2492.399902,2493.100098,2495.399902,2453.699951,2492.399902,changed
2024-08-16 07:00:00+00:00,2026-10-04T22:10:08Z,2492.399902,2501.899902,2489.399902,2499.300049,2492.399902,2501.899902,2451.399902,2499.300049,changed
2024-08-16 10:00:00+00:00,2026-10-04T22:10:08Z,2500.800049,2506.000000,2500.399902,2502.300049,2500.800049,2506.000000,2462.199951,2502.300049,changed
2024-08-16 11:00:00+00:00,2026-10-04T22:10:08Z,2502.399902,2510.300049,2502.399902,2510.000000,2502.399902,2510.300049,2466.500000,2510.000000,changed
2024-08-16 12:00:00+00:00,2026-10-04T22:10:08Z,2510.000000,2531.399902,2509.300049,2530.500000,2510.000000,2531.399902,2488.199951,2530.500000,changed
2024-08-16 13:00:00+00:00,2026-10-04T22:10:08Z,2530.600098,2538.699951,2522.199951,2533.300049,2530.600098,2538.699951,2486.000000,2533.300049,changed
2024-08-16 14:00:00+00:00,2026-10-04T22:10:08Z,2533.300049,2533.899902,2515.800049,2525.600098,2533.300049,2533.899902,2481.199951,2525.600098,changed
2024-08-16 17:00:00+00:00,2026-10-04T22:10:08Z,2534.300049,2538.699951,2531.399902,2538.199951,2534.300049,2538.699951,2498.300049,2538.199951,changed
2024-08-16 19:00:00+00:00,2026-10-04T22:10:08Z,2542.000000,2547.399902,2540.199951,2546.500000,2542.000000,2547.399902,2504.399902,2546.500000,changed
2024-08-16 20:00:00+00:00,2026-10-04T22:10:08Z,2546.500000,2548.300049,2543.800049,2546.199951,2546.500000,2548.300049,2508.000000,2546.100098,changed
2024-08-18 22:00:00+00:00,2026-10-04T22:10:08Z,2549.699951,2549.899902,2540.899902,2543.600098,2549.699951,2549.899902,2502.800049,2543.600098,changed
2024-08-19 01:00:00+00:00,2026-10-04T22:10:08Z,2541.100098,2545.000000,2533.699951,2537.000000,2541.100098,2545.000000,2497.699951,2537.000000,changed
2024-08-19 05:00:00+00:00,2026-10-04T22:10:08Z,2539.500000,2541.100098,2537.899902,2539.899902,2539.500000,2541.100098,2499.800049,2539.899902,changed
2024-08-19 06:00:00+00:00,2026-10-04T22:10:08Z,2539.600098,2543.600098,2538.300049,2540.500000,2539.600098,2543.600098,2504.300049,2540.500000,changed
2024-08-19 07:00:00+00:00,2026-10-04T22:10:08Z,2540.600098,2543.399902,2537.899902,2541.199951,2540.600098,2543.399902,2500.300049,2541.199951,changed
2024-08-19 08:00:00+00:00,2026-10-04T22:10:08Z,2541.199951,2545.800049,2540.699951,2541.500000,2541.199951,2545.800049,2501.300049,2541.500000,changed
2024-08-19 11:00:00+00:00,2026-10-04T22:10:08Z,2527.800049,2533.500000,2524.399902,2532.800049,2527.800049,2533.500000,2487.199951,2532.800049,changed
2024-08-19 12:00:00+00:00,2026-10-04T22:10:08Z,2532.899902,2533.800049,2526.399902,2529.399902,2532.899902,2533.800049,2492.199951,2529.399902,changed
2024-08-19 18:00:00+00:00,2026-10-04T22:10:08Z,2541.500000,2543.399902,2540.899902,2542.800049,2541.500000,2543.399902,2502.300049,2542.800049,changed
2024-08-19 22:00:00+00:00,2026-10-04T22:10:08Z,2542.399902,2542.899902,2540.199951,2542.500000,2542.399902,2542.899902,2503.500000,2542.500000,changed
2024-08-20 06:00:00+00:00,2026-10-04T22:10:08Z,2537.199951,2543.800049,2535.100098,2540.500000,2537.199951,2543.800049,2500.699951,2540.500000,changed
2024-08-20 07:00:00+00:00,2026-10-04T22:10:08Z,2540.399902,2553.699951,2539.300049,2553.199951,2540.399902,2553.699951,2505.100098,2553.199951,changed
2024-08-20 12:00:00+00:00,2026-10-04T22:10:08Z,2565.000000,2568.000000,2560.199951,2565.199951,2565.000000,2568.000000,2525.000000,2565.199951,changed
2024-08-20 13:00:00+00:00,2026-10-04T22:10:08Z,2565.300049,2570.399902,2558.300049,2568.500000,2565.300049,2570.399902,2526.100098,2568.500000,changed
2024-08-20 14:00:00+00:00,2026-10-04T22:10:08Z,2568.399902,2568.800049,2558.399902,2562.100098,2568.399902,2568.800049,2526.500000,2562.100098,changed
2024-08-20 15:00:00+00:00,2026-10-04T22:10:08Z,2562.100098,2562.300049,2543.600098,2546.399902,2562.100098,2562.300049,2509.300049,2546.399902,changed
2024-08-20 16:00:00+00:00,2026-10-04T22:10:08Z,2546.600098,2548.600098,2538.600098,2547.100098,2546.600098,2548.600098,2508.000000,2547.100098,changed
2024-08-20 18:00:00+00:00,2026-10-04T22:10:08Z,2548.699951,2553.800049,2547.500000,2551.699951,2548.699951,2553.800049,2513.699951,2551.699951,changed
2024-08-20 19:00:00+00:00,2026-10-04T22:10:08Z,2551.600098,2553.500000,2549.000000,2553.199951,2551.600098,2553.500000,2512.500000,2553.199951,changed
2024-08-21 11:00:00+00:00,2026-10-04T22:10:08Z,2547.699951,2552.000000,2545.000000,2549.899902,2547.699951,2552.000000,2511.000000,2549.899902,changed
2024-08-21 12:00:00+00:00,2026-10-04T22:10:08Z,2550.000000,2552.000000,2544.899902,2548.399902,2550.000000,2552.000000,2506.899902,2548.399902,changed
2024-08-21 14:00:00+00:00,2026-10-04T22:10:08Z,2540.699951,2544.500000,2528.199951,2539.100098,2540.699951,2544.500000,2503.899902,2539.100098,changed
2024-08-21 17:00:00+00:00,2026-10-04T22:10:08Z,2544.800049,2549.199951,2544.699951,2547.300049,2544.800049,2549.199951,2508.199951,2547.300049,changed
2024-08-21 18:00:00+00:00,2026-10-04T22:10:08Z,2547.199951,2557.300049,2547.000000,2554.199951,2547.199951,2557.300049,2515.399902,2554.199951,changed
2024-08-22 06:00:00+00:00,2026-10-04T22:10:08Z,2542.000000,2547.199951,2539.699951,2543.800049,2542.000000,2547.199951,2504.100098,2543.800049,changed
2024-08-22 12:00:00+00:00,2026-10-04T22:10:08Z,2535.699951,2541.899902,2531.300049,2536.899902,2535.699951,2541.899902,2495.699951,2536.899902,changed
2024-08-22 13:00:00+00:00,2026-10-04T22:10:08Z,2536.899902,2537.899902,2518.699951,2523.500000,2536.899902,2537.899902,2484.600098,2523.500000,changed
2024-08-22 14:00:00+00:00,2026-10-04T22:10:08Z,2523.699951,2523.699951,2506.399902,2515.899902,2523.699951,2523.699951,2471.100098,2515.899902,changed
2024-08-22 15:00:00+00:00,2026-10-04T22:10:08Z,2515.800049,2520.199951,2510.699951,2517.899902,2515.800049,2520.199951,2475.699951,2517.899902,changed
2024-08-22 16:00:00+00:00,2026-10-04T22:10:08Z,2518.000000,2522.100098,2517.399902,2520.199951,2518.000000,2522.100098,2482.399902,2520.199951,changed
2024-08-22 17:00:00+00:00,2026-10-04T22:10:08Z,2520.100098,2520.399902,2515.300049,2517.600098,2520.100098,2520.399902,2515.300049,2517.899902,changed
2024-08-22 18:00:00+00:00,2026-10-04T22:10:08Z,2518.000000,2520.699951,2516.100098,2517.899902,2518.000000,2520.699951,2479.800049,2517.899902,changed
2024-08-23 00:00:00+00:00,2026-10-04T22:10:08Z,2522.899902,2527.899902,2521.899902,2525.399902,2522.899902,2527.899902,2486.500000,2525.399902,changed
2024-08-23 02:00:00+00:00,2026-10-04T22:10:08Z,2526.600098,2527.199951,2522.100098,2525.500000,2526.600098,2527.199951,2486.800049,2525.500000,changed
2024-08-23 13:00:00+00:00,2026-10-04T22:10:08Z,2536.899902,2539.600098,2530.100098,2533.800049,2536.899902,2539.600098,2492.899902,2533.800049,changed
2024-08-23 14:00:00+00:00,2026-10-04T22:10:08Z,2533.899902,2554.199951,2532.100098,2545.000000,2533.899902,2554.199951,2499.000000,2545.000000,changed
2024-08-23 19:00:00+00:00,2026-10-04T22:10:08Z,2545.399902,2548.600098,2543.500000,2546.600098,2545.399902,2548.600098,2506.800049,2546.600098,changed
2024-08-25 22:00:00+00:00,2026-10-04T22:10:08Z,2545.100098,2550.300049,2544.600098,2548.399902,2545.100098,2550.300049,2509.899902,2548.399902,changed
2024-08-25 23:00:00+00:00,2026-10-04T22:10:08Z,2548.399902,2552.100098,2548.399902,2551.300049,2548.399902,2552.100098,2511.899902,2551.300049,changed
2024-08-26 01:00:00+00:00,2026-10-04T22:10:08Z,2549.000000,2550.800049,2546.000000,2548.699951,2549.000000,2550.800049,2509.100098,2548.699951,changed
2024-08-26 07:00:00+00:00,2026-10-04T22:10:08Z,2550.600098,2557.300049,2549.600098,2556.899902,2550.600098,2557.300049,2516.899902,2556.899902,changed
2024-08-26 08:00:00+00:00,2026-10-04T22:10:08Z,2557.000000,2561.699951,2556.300049,2560.000000,2557.000000,2561.600098,2556.300049,2560.000000,changed
2024-08-26 09:00:00+00:00,2026-10-04T22:10:08Z,2560.100098,2561.500000,2559.100098,2561.000000,2560.100098,2561.500000,2523.100098,2561.000000,changed
2024-08-26 11:00:00+00:00,2026-10-04T22:10:08Z,2560.699951,2562.500000,2556.399902,2562.100098,2560.699951,2562.500000,2519.800049,2562.100098,changed
2024-08-26 12:00:00+00:00,2026-10-04T22:10:08Z,2562.199951,2563.199951,2558.199951,2559.500000,2562.199951,2563.199951,2522.100098,2559.500000,changed
2024-08-26 13:00:00+00:00,2026-10-04T22:10:08Z,2559.500000,2562.300049,2551.000000,2551.600098,2559.500000,2562.300049,2515.699951,2551.600098,changed
2024-08-26 14:00:00+00:00,2026-10-04T22:10:08Z,2551.600098,2554.699951,2546.100098,2552.600098,2551.600098,2554.699951,2509.699951,2552.600098,changed
2024-08-27 05:00:00+00:00,2026-10-04T22:10:08Z,2542.300049,2548.800049,2541.699951,2548.600098,2542.300049,2548.800049,2541.699951,2548.800049,changed
2024-08-27 06:00:00+00:00,2026-10-04T22:10:08Z,2548.600098,2552.500000,2547.899902,2549.899902,2548.500000,2552.500000,2547.899902,2549.899902,changed
2024-08-27 07:00:00+00:00,2026-10-04T22:10:08Z,2549.899902,2552.699951,2539.500000,2540.000000,2549.899902,2552.699951,2515.199951,2540.000000,changed
2024-08-27 11:00:00+00:00,2026-10-04T22:10:08Z,2544.100098,2547.699951,2543.699951,2546.600098,2544.100098,2547.699951,2543.899902,2546.600098,changed
2024-08-27 13:00:00+00:00,2026-10-04T22:10:08Z,2544.899902,2550.399902,2538.899902,2547.800049,2544.899902,2550.399902,2506.899902,2547.800049,changed
2024-08-27 16:00:00+00:00,2026-10-04T22:10:08Z,2547.300049,2549.899902,2545.000000,2549.800049,2547.300049,2549.899902,2511.100098,2549.800049,changed
2024-08-27 19:00:00+00:00,2026-10-04T22:10:08Z,2560.000000,2561.100098,2558.399902,2560.399902,2560.000000,2561.100098,2522.300049,2560.399902,changed
2024-08-27 20:00:00+00:00,2026-10-04T22:10:08Z,2560.399902,2561.399902,2559.100098,2560.000000,2560.399902,2561.399902,2522.800049,2560.000000,changed
2024-08-30 07:00:00+00:00,2026-10-04T22:10:08Z,2550.600098,2554.300049,2550.399902,2552.500000,2550.600098,2554.399902,2550.399902,2552.500000,changed
2024-08-30 14:00:00+00:00,2026-10-04T22:10:08Z,2548.800049,2551.399902,2539.300049,2542.100098,2548.800049,2551.699951,2539.300049,2542.100098,changed
2024-08-30 20:00:00+00:00,2026-10-04T22:10:08Z,2534.800049,2536.100098,2534.399902,2535.899902,2534.800049,2536.100098,2534.399902,2536.000000,changed
2024-08-01 01:00:00+00:00,2026-10-04T22:41:33Z,2492.000000,2502.800049,2452.600098,2495.500000,2492.000000,2502.800049,2490.500000,2495.500000,changed
2024-08-01 05:00:00+00:00,2026-10-04T22:41:33Z,2488.399902,2492.300049,2442.500000,2491.000000,2488.399902,2492.300049,2487.699951,2491.000000,changed
2024-08-01 06:00:00+00:00,2026-10-04T22:41:33Z,2490.899902,2492.899902,2445.800049,2489.100098,2490.899902,2492.899902,2488.300049,2489.100098,changed
2024-08-01 07:00:00+00:00,2026-10-04T22:41:33Z,2489.199951,2489.199951,2442.000000,2484.399902,2489.199951,2489.300049,2484.000000,2484.399902,changed
2024-08-01 09:00:00+00:00,2026-10-04T22:41:33Z,2478.000000,2479.399902,2430.399902,2476.800049,2478.000000,2479.399902,2474.000000,2476.800049,changed
2024-08-01 10:00:00+00:00,2026-10-04T22:41:33Z,2476.899902,2480.800049,2431.600098,2479.199951,2476.899902,2480.800049,2475.899902,2479.199951,changed
2024-08-01 11:00:00+00:00,2026-10-04T22:41:33Z,2479.199951,2487.399902,2433.899902,2485.000000,2479.199951,2487.399902,2478.300049,2485.000000,changed
2024-08-01 12:00:00+00:00,2026-10-04T22:41:33Z,2485.100098,2499.399902,2446.199951,2495.300049,2485.100098,2499.399902,2484.600098,2495.300049,changed
2024-08-01 13:00:00+00:00,2026-10-04T22:41:33Z,2495.000000,2501.899902,2452.100098,2497.800049,2495.000000,2501.899902,2492.699951,2497.800049,changed
2024-08-01 14:00:00+00:00,2026-10-04T22:41:33Z,2498.100098,2506.600098,2443.399902,2492.800049,2498.100098,2506.600098,2487.300049,2492.800049,changed
2024-08-01 15:00:00+00:00,2026-10-04T22:41:33Z,2492.699951,2496.199951,2442.899902,2489.399902,2492.699951,2496.199951,2486.399902,2489.399902,changed
2024-08-01 16:00:00+00:00,2026-10-04T22:41:33Z,2489.300049,2492.800049,2442.899902,2488.600098,2489.300049,2492.800049,2487.500000,2488.600098,changed
2024-08-01 17:00:00+00:00,2026-10-04T22:41:33Z,2488.600098,2488.800049,2434.800049,2483.199951,2488.600098,2488.800049,2479.500000,2483.199951,changed
2024-08-01 18:00:00+00:00,2026-10-04T22:41:33Z,2483.100098,2484.699951,2436.300049,2483.500000,2483.100098,2484.699951,2478.600098,2483.500000,changed
2024-08-01 20:00:00+00:00,2026-10-04T22:41:33Z,2487.300049,2492.000000,2441.800049,2490.899902,2487.300049,2492.000000,2486.199951,2490.899902,changed
2024-08-01 22:00:00+00:00,2026-10-04T22:41:33Z,2490.800049,2491.500000,2444.000000,2489.399902,2490.800049,2491.500000,2487.800049,2489.399902,changed
2024-08-02 01:00:00+00:00,2026-10-04T22:41:33Z,2493.199951,2494.800049,2436.800049,2491.600098,2493.199951,2495.000000,2479.500000,2491.600098,changed
2024-08-02 03:00:00+00:00,2026-10-04T22:41:33Z,2499.899902,2503.800049,2457.100098,2498.699951,2499.899902,2503.800049,2496.000000,2498.699951,changed
2024-08-02 05:00:00+00:00,2026-10-04T22:41:33Z,2501.899902,2511.500000,2458.500000,2511.300049,2501.899902,2511.500000,2501.800049,2511.300049,changed
2024-08-02 07:00:00+00:00,2026-10-04T22:41:33Z,2509.699951,2510.899902,2460.699951,2505.800049,2509.699951,2510.899902,2504.399902,2505.800049,changed
2024-08-02 10:00:00+00:00,2026-10-04T22:41:33Z,2508.399902,2509.899902,2462.699951,2507.899902,2508.399902,2509.899902,2505.300049,2507.899902,changed
2024-08-02 11:00:00+00:00,2026-10-04T22:41:33Z,2508.000000,2509.199951,2458.699951,2503.500000,2508.000000,2509.199951,2501.800049,2503.500000,changed
2024-08-02 12:00:00+00:00,2026-10-04T22:41:33Z,2503.300049,2522.500000,2473.399902,2517.100098,2503.300049,2522.500000,2499.899902,2517.100098,changed
2024-08-02 13:00:00+00:00,2026-10-04T22:41:33Z,2517.000000,2518.600098,2463.500000,2513.800049,2517.000000,2518.600098,2499.399902,2513.000000,changed
2024-08-02 14:00:00+00:00,2026-10-04T22:41:33Z,2513.699951,2518.399902,2428.399902,2474.399902,2516.800049,2518.399902,2471.699951,2474.399902,changed
2024-08-02 15:00:00+00:00,2026-10-04T22:41:33Z,2474.300049,2478.899902,2416.000000,2476.100098,2474.300049,2478.899902,2453.100098,2476.100098,changed
2024-08-02 16:00:00+00:00,2026-10-04T22:41:33Z,2475.699951,2482.399902,2425.399902,2473.199951,2476.300049,2482.399902,2469.100098,2473.199951,changed
2024-08-02 17:00:00+00:00,2026-10-04T22:41:33Z,2473.100098,2474.399902,2426.399902,2470.500000,2473.100098,2474.399902,2465.500000,2470.500000,changed
2024-08-02 18:00:00+00:00,2026-10-04T22:41:33Z,2470.600098,2476.500000,2426.899902,2471.899902,2470.600098,2476.500000,2469.500000,2471.899902,changed
2024-08-02 19:00:00+00:00,2026-10-04T22:41:33Z,2471.899902,2480.800049,2433.800049,2480.000000,2471.899902,2480.800049,2468.399902,2480.000000,changed
2024-08-02 20:00:00+00:00,2026-10-04T22:41:33Z,2480.000000,2486.600098,2440.199951,2486.100098,2480.000000,2486.600098,2478.100098,2486.100098,changed
2024-08-04 22:00:00+00:00,2026-10-04T22:41:33Z,2490.300049,2490.399902,2442.000000,2483.500000,2490.300049,2490.399902,2480.100098,2483.500000,changed
2024-08-05 00:00:00+00:00,2026-10-04T22:41:33Z,2483.199951,2483.199951,2422.100098,2464.300049,2483.199951,2483.199951,2455.699951,2464.300049,changed
2024-08-05 01:00:00+00:00,2026-10-04T22:41:33Z,2463.699951,2484.199951,2418.899902,2481.600098,2463.699951,2484.199951,2462.100098,2481.600098,changed
2024-08-05 02:00:00+00:00,2026-10-04T22:41:33Z,2481.500000,2488.500000,2436.000000,2484.699951,2481.500000,2488.500000,2475.100098,2484.699951,changed
2024-08-05 05:00:00+00:00,2026-10-04T22:41:33Z,2494.600098,2494.600098,2435.000000,2479.699951,2494.600098,2494.600098,2473.600098,2479.699951,changed
2024-08-05 06:00:00+00:00,2026-10-04T22:41:33Z,2479.600098,2480.300049,2430.000000,2470.000000,2479.600098,2480.300049,2463.600098,2470.000000,changed
2024-08-05 07:00:00+00:00,2026-10-04T22:41:33Z,2470.000000,2485.100098,2426.000000,2473.199951,2470.000000,2485.100098,2465.899902,2473.199951,changed
2024-08-05 08:00:00+00:00,2026-10-04T22:41:33Z,2473.300049,2475.800049,2423.199951,2465.800049,2473.300049,2475.800049,2464.100098,2465.800049,changed
2024-08-05 09:00:00+00:00,2026-10-04T22:41:33Z,2466.100098,2469.600098,2418.000000,2464.899902,2466.100098,2469.699951,2460.000000,2464.899902,changed
2024-08-05 10:00:00+00:00,2026-10-04T22:41:33Z,2465.000000,2466.399902,2406.000000,2449.100098,2465.000000,2466.399902,2448.600098,2449.100098,changed
2024-08-05 11:00:00+00:00,2026-10-04T22:41:33Z,2449.000000,2449.000000,2400.000000,2426.800049,2449.000000,2449.000000,2423.100098,2426.800049,changed
2024-08-05 12:00:00+00:00,2026-10-04T22:41:33Z,2426.899902,2433.000000,2367.399902,2414.100098,2426.899902,2433.000000,2403.800049,2414.100098,changed
2024-08-05 13:00:00+00:00,2026-10-04T22:41:33Z,2414.199951,2437.399902,2375.100098,2434.100098,2414.199951,2437.399902,2414.199951,2434.100098,changed
2024-08-05 14:00:00+00:00,2026-10-04T22:41:33Z,2433.399902,2438.000000,2389.000000,2437.100098,2433.399902,2438.000000,2426.100098,2437.100098,changed
2024-08-05 15:00:00+00:00,2026-10-04T22:41:33Z,2436.899902,2452.800049,2399.399902,2443.300049,2436.899902,2452.800049,2436.699951,2443.300049,changed
2024-08-05 19:00:00+00:00,2026-10-04T22:41:33Z,2446.199951,2454.699951,2406.399902,2449.000000,2446.199951,2454.699951,2445.800049,2449.000000,changed
2024-08-06 01:00:00+00:00,2026-10-04T22:41:33Z,2457.100098,2459.000000,2414.500000,2453.399902,2457.100098,2459.000000,2451.699951,2453.399902,changed
2024-08-06 04:00:00+00:00,2026-10-04T22:41:33Z,2449.500000,2453.399902,2409.100098,2448.500000,2449.500000,2453.399902,2447.300049,2448.500000,changed
2024-08-06 05:00:00+00:00,2026-10-04T22:41:33Z,2448.600098,2452.300049,2402.699951,2439.199951,2448.600098,2452.300049,2438.500000,2439.199951,changed
2024-08-06 06:00:00+00:00,2026-10-04T22:41:33Z,2439.399902,2448.899902,2399.600098,2442.000000,2439.399902,2448.899902,2434.600098,2442.000000,changed
2024-08-06 09:00:00+00:00,2026-10-04T22:41:33Z,2451.699951,2455.500000,2450.800049,2454.100098,2451.699951,2456.199951,2450.800049,2454.100098,changed
2024-08-06 11:00:00+00:00,2026-10-04T22:41:33Z,2453.000000,2456.000000,2412.899902,2451.699951,2453.000000,2456.000000,2450.699951,2451.699951,changed
2024-08-06 12:00:00+00:00,2026-10-04T22:41:33Z,2451.699951,2452.899902,2393.899902,2433.399902,2451.699951,2452.899902,2432.100098,2433.399902,changed
2024-08-06 13:00:00+00:00,2026-10-04T22:41:33Z,2433.399902,2439.899902,2392.899902,2436.199951,2433.399902,2439.899902,2429.300049,2436.199951,changed
2024-08-06 14:00:00+00:00,2026-10-04T22:41:33Z,2436.199951,2444.100098,2385.800049,2429.199951,2436.199951,2444.100098,2426.899902,2429.199951,changed
2024-08-06 15:00:00+00:00,2026-10-04T22:41:33Z,2429.199951,2431.699951,2380.000000,2428.399902,2429.199951,2431.699951,2421.800049,2428.399902,changed
2024-08-06 16:00:00+00:00,2026-10-04T22:41:33Z,2428.500000,2432.500000,2385.300049,2431.000000,2428.500000,2432.500000,2426.399902,2431.000000,changed
2024-08-06 17:00:00+00:00,2026-10-04T22:41:33Z,2431.000000,2434.600098,2387.399902,2432.899902,2431.000000,2434.600098,2428.600098,2434.199951,changed
2024-08-06 18:00:00+00:00,2026-10-04T22:41:33Z,2432.899902,2437.100098,2392.699951,2433.899902,2433.000000,2437.100098,2432.399902,2433.899902,changed
2024-08-06 20:00:00+00:00,2026-10-04T22:41:33Z,2429.000000,2432.100098,2387.399902,2432.100098,2429.000000,2432.100098,2428.100098,2432.100098,changed
2024-08-07 04:00:00+00:00,2026-10-04T22:41:33Z,2426.000000,2434.800049,2392.199951,2433.000000,2426.000000,2434.800049,2425.699951,2433.000000,changed
2024-08-07 05:00:00+00:00,2026-10-04T22:41:33Z,2432.699951,2436.199951,2394.000000,2431.300049,2432.699951,2436.199951,2428.399902,2431.300049,changed
2024-08-07 06:00:00+00:00,2026-10-04T22:41:33Z,2389.800049,2437.600098,2387.300049,2434.500000,2431.300049,2437.600098,2429.399902,2434.500000,changed
2024-08-07 07:00:00+00:00,2026-10-04T22:41:33Z,2434.699951,2434.800049,2386.500000,2429.300049,2434.699951,2434.800049,2428.000000,2429.300049,changed
2024-08-07 08:00:00+00:00,2026-10-04T22:41:33Z,2429.199951,2433.600098,2391.000000,2433.199951,2429.199951,2433.600098,2428.000000,2433.199951,changed
2024-08-07 09:00:00+00:00,2026-10-04T22:41:33Z,2433.399902,2436.500000,2432.600098,2434.399902,2433.399902,2436.500000,2432.500000,2434.399902,changed
2024-08-07 10:00:00+00:00,2026-10-04T22:41:33Z,2434.500000,2438.399902,2392.699951,2437.600098,2434.500000,2438.399902,2433.199951,2437.600098,changed
2024-08-07 12:00:00+00:00,2026-10-04T22:41:33Z,2441.399902,2447.300049,2398.100098,2444.100098,2441.399902,2447.300049,2439.199951,2444.100098,changed
2024-08-07 13:00:00+00:00,2026-10-04T22:41:33Z,2444.300049,2445.300049,2397.100098,2440.300049,2444.300049,2445.300049,2436.699951,2440.300049,changed
2024-08-07 14:00:00+00:00,2026-10-04T22:41:33Z,2440.100098,2443.500000,2400.199951,2439.199951,2440.100098,2443.500000,2438.100098,2439.199951,changed
2024-08-07 16:00:00+00:00,2026-10-04T22:41:33Z,2434.699951,2440.100098,2394.300049,2439.899902,2434.699951,2440.100098,2433.100098,2439.899902,changed
2024-08-07 17:00:00+00:00,2026-10-04T22:41:33Z,2439.899902,2440.000000,2393.699951,2430.000000,2439.899902,2440.000000,2429.600098,2430.000000,changed
2024-08-07 18:00:00+00:00,2026-10-04T22:41:33Z,2429.899902,2432.000000,2387.000000,2426.300049,2429.899902,2432.000000,2423.899902,2426.300049,changed
2024-08-07 19:00:00+00:00,2026-10-04T22:41:33Z,2426.199951,2430.699951,2384.500000,2425.600098,2426.199951,2430.699951,2425.300049,2425.500000,changed
2024-08-07 20:00:00+00:00,2026-10-04T22:41:33Z,2425.699951,2427.399902,2421.699951,2423.500000,2426.100098,2427.399902,2421.699951,2423.500000,changed
2024-08-08 00:00:00+00:00,2026-10-04T22:41:33Z,2423.899902,2427.899902,2384.300049,2424.300049,2423.899902,2427.899902,2422.300049,2424.300049,changed
2024-08-08 03:00:00+00:00,2026-10-04T22:41:33Z,2429.500000,2433.800049,2387.699951,2433.000000,2429.500000,2433.800049,2427.800049,2433.000000,changed
2024-08-08 07:00:00+00:00,2026-10-04T22:41:33Z,2436.500000,2439.100098,2433.500000,2435.600098,2436.500000,2439.100098,2434.100098,2435.600098,changed
2024-08-08 10:00:00+00:00,2026-10-04T22:41:33Z,2435.100098,2445.699951,2397.699951,2444.500000,2435.100098,2445.699951,2435.100098,2444.500000,changed
2024-08-08 12:00:00+00:00,2026-10-04T22:41:33Z,2451.699951,2455.300049,2446.500000,2447.399902,2451.699951,2455.300049,2446.600098,2447.399902,changed
2024-08-08 13:00:00+00:00,2026-10-04T22:41:33Z,2447.399902,2454.899902,2403.500000,2453.399902,2447.399902,2454.899902,2441.199951,2453.399902,changed
2024-08-08 14:00:00+00:00,2026-10-04T22:41:33Z,2453.399902,2464.000000,2409.300049,2453.100098,2453.399902,2464.000000,2448.500000,2453.199951,changed
2024-08-08 15:00:00+00:00,2026-10-04T22:41:33Z,2452.100098,2459.800049,2451.899902,2458.100098,2453.300049,2459.800049,2451.300049,2458.100098,changed
2024-08-08 17:00:00+00:00,2026-10-04T22:41:33Z,2457.600098,2464.500000,2419.500000,2463.000000,2457.600098,2464.500000,2455.300049,2463.000000,changed
2024-08-09 01:00:00+00:00,2026-10-04T22:41:33Z,2463.300049,2467.199951,2422.300049,2466.699951,2463.300049,2467.199951,2459.399902,2466.699951,changed
2024-08-09 04:00:00+00:00,2026-10-04T22:41:33Z,2460.500000,2464.000000,2459.699951,2463.300049,2460.500000,2464.000000,2459.699951,2463.399902,changed
2024-08-09 05:00:00+00:00,2026-10-04T22:41:33Z,2463.199951,2463.399902,2456.399902,2456.500000,2462.600098,2463.100098,2456.399902,2456.500000,changed
2024-08-09 06:00:00+00:00,2026-10-04T22:41:33Z,2456.300049,2461.100098,2418.500000,2460.000000,2456.300049,2461.100098,2456.100098,2460.000000,changed
2024-08-09 08:00:00+00:00,2026-10-04T22:41:33Z,2462.399902,2465.899902,2420.899902,2463.500000,2462.399902,2465.899902,2461.199951,2463.500000,changed
2024-08-09 12:00:00+00:00,2026-10-04T22:41:33Z,2465.899902,2469.300049,2422.399902,2469.000000,2465.899902,2469.300049,2462.699951,2469.000000,changed
2024-08-09 13:00:00+00:00,2026-10-04T22:41:33Z,2469.000000,2472.699951,2420.100098,2466.100098,2469.199951,2472.699951,2460.000000,2466.100098,changed
2024-08-09 15:00:00+00:00,2026-10-04T22:41:33Z,2467.800049,2471.899902,2465.800049,2470.600098,2467.800049,2471.899902,2465.800049,2470.899902,changed
2024-08-09 16:00:00+00:00,2026-10-04T22:41:33Z,2470.800049,2474.000000,2427.399902,2473.899902,2471.800049,2474.000000,2466.600098,2473.899902,changed
2024-08-09 18:00:00+00:00,2026-10-04T22:41:33Z,2470.100098,2470.300049,2425.899902,2469.300049,2470.100098,2470.300049,2466.600098,2469.300049,changed
2024-08-09 19:00:00+00:00,2026-10-04T22:41:33Z,2469.300049,2469.600098,2426.000000,2468.600098,2469.300049,2469.600098,2466.699951,2468.600098,changed
2024-08-09 20:00:00+00:00,2026-10-04T22:41:33Z,2468.600098,2470.699951,2429.199951,2470.600098,2468.600098,2470.699951,2468.500000,2470.600098,changed
2024-08-12 06:00:00+00:00,2026-10-04T22:41:33Z,2473.399902,2476.199951,2432.000000,2475.699951,2473.399902,2476.199951,2472.399902,2475.699951,changed
2024-08-12 08:00:00+00:00,2026-10-04T22:41:33Z,2481.100098,2482.899902,2437.699951,2481.000000,2481.100098,2482.899902,2478.899902,2481.000000,changed
2024-08-12 12:00:00+00:00,2026-10-04T22:41:33Z,2480.699951,2484.800049,2442.000000,2483.800049,2480.699951,2484.800049,2480.500000,2483.800049,changed
2024-08-12 13:00:00+00:00,2026-10-04T22:41:33Z,2483.899902,2497.199951,2440.800049,2493.699951,2483.899902,2497.199951,2481.399902,2493.699951,changed
2024-08-12 14:00:00+00:00,2026-10-04T22:41:33Z,2493.699951,2495.100098,2443.699951,2492.800049,2493.699951,2495.100098,2483.699951,2492.800049,changed
2024-08-12 16:00:00+00:00,2026-10-04T22:41:33Z,2499.300049,2505.800049,2461.000000,2502.899902,2499.300049,2505.800049,2498.500000,2502.899902,changed
2024-08-12 19:00:00+00:00,2026-10-04T22:41:33Z,2510.300049,2512.399902,2468.600098,2510.600098,2510.300049,2511.899902,2509.800049,2510.600098,changed
2024-08-12 20:00:00+00:00,2026-10-04T22:41:33Z,2510.699951,2513.399902,2469.600098,2513.399902,2510.699951,2513.399902,2510.500000,2513.399902,changed
2024-08-13 01:00:00+00:00,2026-10-04T22:41:33Z,2511.899902,2513.699951,2461.000000,2506.699951,2511.899902,2513.699951,2501.199951,2506.699951,changed
2024-08-13 05:00:00+00:00,2026-10-04T22:41:33Z,2502.199951,2504.500000,2458.600098,2503.000000,2502.199951,2504.500000,2498.699951,2503.000000,changed
2024-08-13 06:00:00+00:00,2026-10-04T22:41:33Z,2503.100098,2504.699951,2459.699951,2503.399902,2503.100098,2504.600098,2501.300049,2503.399902,changed
2024-08-13 07:00:00+00:00,2026-10-04T22:41:33Z,2503.300049,2505.899902,2500.500000,2503.800049,2503.300049,2505.500000,2500.500000,2503.800049,changed
2024-08-13 08:00:00+00:00,2026-10-04T22:41:33Z,2503.899902,2503.899902,2456.500000,2499.899902,2503.899902,2503.899902,2498.199951,2499.899902,changed
2024-08-13 09:00:00+00:00,2026-10-04T22:41:33Z,2499.899902,2501.899902,2457.199951,2500.000000,2499.899902,2501.899902,2498.300049,2500.000000,changed
2024-08-13 10:00:00+00:00,2026-10-04T22:41:33Z,2500.000000,2502.899902,2458.500000,2501.399902,2500.000000,2502.899902,2498.399902,2501.399902,changed
2024-08-13 11:00:00+00:00,2026-10-04T22:41:33Z,2501.399902,2506.399902,2459.500000,2505.300049,2501.399902,2506.399902,2500.600098,2505.300049,changed
2024-08-13 12:00:00+00:00,2026-10-04T22:41:33Z,2505.300049,2512.500000,2463.199951,2507.300049,2505.300049,2512.500000,2503.699951,2507.300049,changed
2024-08-13 13:00:00+00:00,2026-10-04T22:41:33Z,2507.300049,2515.600098,2463.199951,2512.399902,2507.300049,2514.899902,2498.199951,2514.699951,changed
2024-08-13 14:00:00+00:00,2026-10-04T22:41:33Z,2512.399902,2512.800049,2469.699951,2511.000000,2511.899902,2512.800049,2503.199951,2511.000000,changed
2024-08-13 15:00:00+00:00,2026-10-04T22:41:33Z,2511.100098,2512.800049,2468.199951,2508.300049,2511.100098,2512.800049,2505.500000,2508.300049,changed
2024-08-13 16:00:00+00:00,2026-10-04T22:41:33Z,2508.300049,2510.800049,2469.000000,2509.199951,2508.300049,2510.800049,2505.899902,2509.199951,changed
2024-08-13 18:00:00+00:00,2026-10-04T22:41:33Z,2507.300049,2508.699951,2466.800049,2507.600098,2507.300049,2508.699951,2506.199951,2507.600098,changed
2024-08-13 20:00:00+00:00,2026-10-04T22:41:33Z,2506.800049,2507.500000,2465.300049,2504.899902,2506.800049,2507.500000,2504.300049,2504.899902,changed
2024-08-14 07:00:00+00:00,2026-10-04T22:41:33Z,2506.199951,2510.800049,2468.000000,2509.699951,2506.199951,2510.399902,2505.300049,2509.699951,changed
2024-08-14 12:00:00+00:00,2026-10-04T22:41:33Z,2513.800049,2519.699951,2472.100098,2507.899902,2513.800049,2519.699951,2500.800049,2507.899902,changed
2024-08-14 13:00:00+00:00,2026-10-04T22:41:33Z,2507.899902,2508.800049,2450.000000,2496.199951,2507.899902,2508.800049,2487.699951,2496.199951,changed
2024-08-14 14:00:00+00:00,2026-10-04T22:41:33Z,2496.100098,2497.100098,2445.199951,2488.600098,2496.100098,2497.100098,2485.399902,2488.600098,changed
2024-08-14 15:00:00+00:00,2026-10-04T22:41:33Z,2488.600098,2490.699951,2448.500000,2482.600098,2488.600098,2490.699951,2480.300049,2482.600098,changed
2024-08-14 19:00:00+00:00,2026-10-04T22:41:33Z,2486.000000,2486.800049,2445.600098,2485.500000,2486.000000,2486.800049,2482.600098,2485.500000,changed
2024-08-14 20:00:00+00:00,2026-10-04T22:41:33Z,2485.600098,2486.800049,2444.699951,2486.000000,2485.600098,2486.800049,2484.800049,2486.000000,changed
2024-08-15 00:00:00+00:00,2026-10-04T22:41:33Z,2486.899902,2491.500000,2486.000000,2487.300049,2486.899902,2491.500000,2479.699951,2487.300049,changed
2024-08-15 04:00:00+00:00,2026-10-04T22:41:33Z,2491.300049,2493.000000,2451.800049,2490.899902,2491.300049,2493.000000,2490.300049,2490.899902,changed
2024-08-15 07:00:00+00:00,2026-10-04T22:41:33Z,2493.600098,2494.300049,2491.899902,2493.300049,2493.600098,2494.300049,2492.000000,2493.300049,changed
2024-08-15 08:00:00+00:00,2026-10-04T22:41:33Z,2493.399902,2494.899902,2454.000000,2493.000000,2493.399902,2494.899902,2491.199951,2493.000000,changed
2024-08-15 10:00:00+00:00,2026-10-04T22:41:33Z,2494.300049,2497.899902,2457.000000,2495.699951,2494.300049,2497.899902,2494.300049,2495.699951,changed
2024-08-15 11:00:00+00:00,2026-10-04T22:41:33Z,2495.699951,2501.899902,2459.899902,2501.100098,2495.699951,2501.899902,2495.300049,2501.100098,changed
2024-08-15 12:00:00+00:00,2026-10-04T22:41:33Z,2501.300049,2508.000000,2448.500000,2478.399902,2501.300049,2508.000000,2478.000000,2478.399902,changed
2024-08-15 13:00:00+00:00,2026-10-04T22:41:33Z,2478.500000,2488.800049,2431.199951,2481.899902,2478.500000,2488.800049,2469.199951,2481.899902,changed
2024-08-15 14:00:00+00:00,2026-10-04T22:41:33Z,2481.699951,2496.500000,2443.100098,2490.000000,2481.699951,2496.500000,2481.699951,2490.000000,changed
2024-08-15 15:00:00+00:00,2026-10-04T22:41:33Z,2489.800049,2497.300049,2454.500000,2496.100098,2489.800049,2497.300049,2488.300049,2496.100098,changed
2024-08-15 16:00:00+00:00,2026-10-04T22:41:33Z,2496.100098,2497.699951,2454.899902,2493.199951,2496.100098,2497.699951,2492.600098,2493.199951,changed
2024-08-15 18:00:00+00:00,2026-10-04T22:41:33Z,2493.300049,2496.199951,2453.899902,2496.100098,2493.300049,2496.199951,2492.500000,2496.100098,changed
2024-08-15 19:00:00+00:00,2026-10-04T22:41:33Z,2496.199951,2499.399902,2455.600098,2493.500000,2496.199951,2499.399902,2491.899902,2493.500000,changed
2024-08-15 22:00:00+00:00,2026-10-04T22:41:33Z,2494.399902,2494.699951,2453.500000,2492.399902,2494.399902,2494.699951,2492.000000,2492.399902,changed
2024-08-16 06:00:00+00:00,2026-10-04T22:41:33Z,2493.100098,2495.399902,2453.699951,2492.399902,2493.100098,2495.399902,2491.899902,2492.399902,changed
2024-08-16 07:00:00+00:00,2026-10-04T22:41:33Z,2492.399902,2501.899902,2451.399902,2499.300049,2492.399902,2501.899902,2489.399902,2499.300049,changed
2024-08-16 10:00:00+00:00,2026-10-04T22:41:33Z,2500.800049,2506.000000,2462.199951,2502.300049,2500.800049,2506.000000,2500.399902,2502.300049,changed
2024-08-16 11:00:00+00:00,2026-10-04T22:41:33Z,2502.399902,2510.300049,2466.500000,2510.000000,2502.399902,2510.300049,2502.399902,2510.000000,changed
2024-08-16 12:00:00+00:00,2026-10-04T22:41:33Z,2510.000000,2531.399902,2488.199951,2530.500000,2510.000000,2531.399902,2509.300049,2530.500000,changed
2024-08-16 13:00:00+00:00,2026-10-04T22:41:33Z,2530.600098,2538.699951,2486.000000,2533.300049,2530.600098,2538.699951,2522.199951,2533.300049,changed
2024-08-16 14:00:00+00:00,2026-10-04T22:41:33Z,2533.300049,2533.899902,2481.199951,2525.600098,2533.300049,2533.899902,2515.800049,2525.600098,changed
2024-08-16 17:00:00+00:00,2026-10-04T22:41:33Z,2534.300049,2538.699951,2498.300049,2538.199951,2534.300049,2538.699951,2531.399902,2538.199951,changed
2024-08-16 19:00:00+00:00,2026-10-04T22:41:33Z,2542.000000,2547.399902,2504.399902,2546.500000,2542.000000,2547.399902,2540.199951,2546.500000,changed
2024-08-16 20:00:00+00:00,2026-10-04T22:41:33Z,2546.500000,2548.300049,2508.000000,2546.100098,2546.500000,2548.300049,2543.800049,2546.199951,changed
2024-08-18 22:00:00+00:00,2026-10-04T22:41:33Z,2549.699951,2549.899902,2502.800049,2543.600098,2549.699951,2549.899902,2540.899902,2543.600098,changed
2024-08-19 01:00:00+00:00,2026-10-04T22:41:33Z,2541.100098,2545.000000,2497.699951,2537.000000,2541.100098,2545.000000,2533.699951,2537.000000,changed
2024-08-19 05:00:00+00:00,2026-10-04T22:41:33Z,2539.500000,2541.100098,2499.800049,2539.899902,2539.500000,2541.100098,2537.899902,2539.899902,changed
2024-08-19 06:00:00+00:00,2026-10-04T22:41:33Z,2539.600098,2543.600098,2504.300049,2540.500000,2539.600098,2543.600098,2538.300049,2540.500000,changed
2024-08-19 07:00:00+00:00,2026-10-04T22:41:33Z,2540.600098,2543.399902,2500.300049,2541.199951,2540.600098,2543.399902,2537.899902,2541.199951,changed
2024-08-19 08:00:00+00:00,2026-10-04T22:41:33Z,2541.199951,2545.800049,2501.300049,2541.500000,2541.199951,2545.800049,2540.699951,2541.500000,changed
2024-08-19 11:00:00+00:00,2026-10-04T22:41:33Z,2527.800049,2533.500000,2487.199951,2532.800049,2527.800049,2533.500000,2524.399902,2532.800049,changed
2024-08-19 12:00:00+00:00,2026-10-04T22:41:33Z,2532.899902,2533.800049,2492.199951,2529.399902,2532.899902,2533.800049,2526.399902,2529.399902,changed
2024-08-19 18:00:00+00:00,2026-10-04T22:41:33Z,2541.500000,2543.399902,2502.300049,2542.800049,2541.500000,2543.399902,2540.899902,2542.800049,changed
2024-08-19 22:00:00+00:00,2026-10-04T22:41:33Z,2542.399902,2542.899902,2503.500000,2542.500000,2542.399902,2542.899902,2540.199951,2542.500000,changed
2024-08-20 06:00:00+00:00,2026-10-04T22:41:33Z,2537.199951,2543.800049,2500.699951,2540.500000,2537.199951,2543.800049,2535.100098,2540.500000,changed
2024-08-20 07:00:00+00:00,2026-10-04T22:41:33Z,2540.399902,2553.699951,2505.100098,2553.199951,2540.399902,2553.699951,2539.300049,2553.199951,changed
2024-08-20 12:00:00+00:00,2026-10-04T22:41:33Z,2565.000000,2568.000000,2525.000000,2565.199951,2565.000000,2568.000000,2560.199951,2565.199951,changed
2024-08-20 13:00:00+00:00,2026-10-04T22:41:33Z,2565.300049,2570.399902,2526.100098,2568.500000,2565.300049,2570.399902,2558.300049,2568.500000,changed
2024-08-20 14:00:00+00:00,2026-10-04T22:41:33Z,2568.399902,2568.800049,2526.500000,2562.100098,2568.399902,2568.800049,2558.399902,2562.100098,changed
2024-08-20 15:00:00+00:00,2026-10-04T22:41:33Z,2562.100098,2562.300049,2509.300049,2546.399902,2562.100098,2562.300049,2543.600098,2546.399902,changed
2024-08-20 16:00:00+00:00,2026-10-04T22:41:33Z,2546.600098,2548.600098,2508.000000,2547.100098,2546.600098,2548.600098,2538.600098,2547.100098,changed
2024-08-20 18:00:00+00:00,2026-10-04T22:41:33Z,2548.699951,2553.800049,2513.699951,2551.699951,2548.699951,2553.800049,2547.500000,2551.699951,changed
2024-08-20 19:00:00+00:00,2026-10-04T22:41:33Z,2551.600098,2553.500000,2512.500000,2553.199951,2551.600098,2553.500000,2549.000000,2553.199951,changed
2024-08-21 11:00:00+00:00,2026-10-04T22:41:33Z,2547.699951,2552.000000,2511.000000,2549.899902,2547.699951,2552.000000,2545.000000,2549.899902,changed
2024-08-21 12:00:00+00:00,2026-10-04T22:41:33Z,2550.000000,2552.000000,2506.899902,2548.399902,2550.000000,2552.000000,2544.899902,2548.399902,changed
2024-08-21 14:00:00+00:00,2026-10-04T22:41:33Z,2540.699951,2544.500000,2503.899902,2539.100098,2540.699951,2544.500000,2528.199951,2539.100098,changed
2024-08-21 17:00:00+00:00,2026-10-04T22:41:33Z,2544.800049,2549.199951,2508.199951,2547.300049,2544.800049,2549.199951,2544.699951,2547.300049,changed
2024-08-21 18:00:00+00:00,2026-10-04T22:41:33Z,2547.199951,2557.300049,2515.399902,2554.199951,2547.199951,2557.300049,2547.000000,2554.199951,changed
2024-08-22 06:00:00+00:00,2026-10-04T22:41:33Z,2542.000000,2547.199951,2504.100098,2543.800049,2542.000000,2547.199951,2539.699951,2543.800049,changed
2024-08-22 12:00:00+00:00,2026-10-04T22:41:33Z,2535.699951,2541.899902,2495.699951,2536.899902,2535.699951,2541.899902,2531.300049,2536.899902,changed
2024-08-22 13:00:00+00:00,2026-10-04T22:41:33Z,2536.899902,2537.899902,2484.600098,2523.500000,2536.899902,2537.899902,2518.699951,2523.500000,changed
2024-08-22 14:00:00+00:00,2026-10-04T22:41:33Z,2523.699951,2523.699951,2471.100098,2515.899902,2523.699951,2523.699951,2506.399902,2515.899902,changed
2024-08-22 15:00:00+00:00,2026-10-04T22:41:33Z,2515.800049,2520.199951,2475.699951,2517.899902,2515.800049,2520.199951,2510.699951,2517.899902,changed
2024-08-22 16:00:00+00:00,2026-10-04T22:41:33Z,2518.000000,2522.100098,2482.399902,2520.199951,2518.000000,2522.100098,2517.399902,2520.199951,changed
2024-08-22 17:00:00+00:00,2026-10-04T22:41:33Z,2520.100098,2520.399902,2515.300049,2517.899902,2520.100098,2520.399902,2515.300049,2517.600098,changed
2024-08-22 18:00:00+00:00,2026-10-04T22:41:33Z,2518.000000,2520.699951,2479.800049,2517.899902,2518.000000,2520.699951,2516.100098,2517.899902,changed
2024-08-23 00:00:00+00:00,2026-10-04T22:41:33Z,2522.899902,2527.899902,2486.500000,2525.399902,2522.899902,2527.899902,2521.899902,2525.399902,changed
2024-08-23 02:00:00+00:00,2026-10-04T22:41:33Z,2526.600098,2527.199951,2486.800049,2525.500000,2526.600098,2527.199951,2522.100098,2525.500000,changed
2024-08-23 13:00:00+00:00,2026-10-04T22:41:33Z,2536.899902,2539.600098,2492.899902,2533.800049,2536.899902,2539.600098,2530.100098,2533.800049,changed
2024-08-23 14:00:00+00:00,2026-10-04T22:41:33Z,2533.899902,2554.199951,2499.000000,2545.000000,2533.899902,2554.199951,2532.100098,2545.000000,changed
2024-08-23 19:00:00+00:00,2026-10-04T22:41:33Z,2545.399902,2548.600098,2506.800049,2546.600098,2545.399902,2548.600098,2543.500000,2546.600098,changed
2024-08-25 22:00:00+00:00,2026-10-04T22:41:33Z,2545.100098,2550.300049,2509.899902,2548.399902,2545.100098,2550.300049,2544.600098,2548.399902,changed
2024-08-25 23:00:00+00:00,2026-10-04T22:41:33Z,2548.399902,2552.100098,2511.899902,2551.300049,2548.399902,2552.100098,2548.399902,2551.300049,changed
2024-08-26 01:00:00+00:00,2026-10-04T22:41:33Z,2549.000000,2550.800049,2509.100098,2548.699951,2549.000000,2550.800049,2546.000000,2548.699951,changed
2024-08-26 07:00:00+00:00,2026-10-04T22:41:33Z,2550.600098,2557.300049,2516.899902,2556.899902,2550.600098,2557.300049,2549.600098,2556.899902,changed
2024-08-26 08:00:00+00:00,2026-10-04T22:41:33Z,2557.000000,2561.600098,2556.300049,2560.000000,2557.000000,2561.699951,2556.300049,2560.000000,changed
2024-08-26 09:00:00+00:00,2026-10-04T22:41:33Z,2560.100098,2561.500000,2523.100098,2561.000000,2560.100098,2561.500000,2559.100098,2561.000000,changed
2024-08-26 11:00:00+00:00,2026-10-04T22:41:33Z,2560.699951,2562.500000,2519.800049,2562.100098,2560.699951,2562.500000,2556.399902,2562.100098,changed
2024-08-26 12:00:00+00:00,2026-10-04T22:41:33Z,2562.199951,2563.199951,2522.100098,2559.500000,2562.199951,2563.199951,2558.199951,2559.500000,changed
2024-08-26 13:00:00+00:00,2026-10-04T22:41:33Z,2559.500000,2562.300049,2515.699951,2551.600098,2559.500000,2562.300049,2551.000000,2551.600098,changed
2024-08-26 14:00:00+00:00,2026-10-04T22:41:33Z,2551.600098,2554.699951,2509.699951,2552.600098,2551.600098,2554.699951,2546.100098,2552.600098,changed
2024-08-27 05:00:00+00:00,2026-10-04T22:41:33Z,2542.300049,2548.800049,2541.699951,2548.800049,2542.300049,2548.800049,2541.699951,2548.600098,changed
2024-08-27 06:00:00+00:00,2026-10-04T22:41:33Z,2548.500000,2552.500000,2547.899902,2549.899902,2548.600098,2552.500000,2547.899902,2549.899902,changed
2024-08-27 07:00:00+00:00,2026-10-04T22:41:33Z,2549.899902,2552.699951,2515.199951,2540.000000,2549.899902,2552.699951,2539.500000,2540.000000,changed
2024-08-27 11:00:00+00:00,2026-10-04T22:41:33Z,2544.100098,2547.699951,2543.899902,2546.600098,2544.100098,2547.699951,2543.699951,2546.600098,changed
2024-08-27 13:00:00+00:00,2026-10-04T22:41:33Z,2544.899902,2550.399902,2506.899902,2547.800049,2544.899902,2550.399902,2538.899902,2547.800049,changed
2024-08-27 16:00:00+00:00,2026-10-04T22:41:33Z,2547.300049,2549.899902,2511.100098,2549.800049,2547.300049,2549.899902,2545.000000,2549.800049,changed
2024-08-27 19:00:00+00:00,2026-10-04T22:41:33Z,2560.000000,2561.100098,2522.300049,2560.399902,2560.000000,2561.100098,2558.399902,2560.399902,changed
2024-08-27 20:00:00+00:00,2026-10-04T22:41:33Z,2560.399902,2561.399902,2522.800049,2560.000000,2560.399902,2561.399902,2559.100098,2560.000000,changed
2024-08-30 07:00:00+00:00,2026-10-04T22:41:33Z,2550.600098,2554.399902,2550.399902,2552.500000,2550.600098,2554.300049,2550.399902,2552.500000,changed
2024-08-30 14:00:00+00:00,2026-10-04T22:41:33Z,2548.800049,2551.699951,2539.300049,2542.100098,2548.800049,2551.399902,2539.300049,2542.100098,changed
2024-08-30 20:00:00+00:00,2026-10-04T22:41:33Z,2534.800049,2536.100098,2534.399902,2536.000000,2534.800049,2536.100098,2534.399902,2535.899902,changed
2024-08-01 01:00:00+00:00,2026-10-04T22:55:27Z,2492.000000,2502.800049,2490.500000,2495.500000,2492.000000,2502.800049,2452.600098,2495.500000,changed
2024-08-01 05:00:00+00:00,2026-10-04T22:55:27Z,2488.399902,2492.300049,2487.699951,2491.000000,2488.399902,2492.300049,2442.500000,2491.000000,changed
2024-08-01 06:00:00+00:00,2026-10-04T22:55:27Z,2490.899902,2492.899902,2488.300049,2489.100098,2490.899902,2492.899902,2445.800049,2489.100098,changed
2024-08-01 07:00:00+00:00,2026-10-04T22:55:27Z,2489.199951,2489.300049,2484.000000,2484.399902,2489.199951,2489.199951,2442.000000,2484.399902,changed
2024-08-01 09:00:00+00:00,2026-10-04T22:55:27Z,2478.000000,2479.399902,2474.000000,2476.800049,2478.000000,2479.399902,2430.399902,2476.800049,changed
2024-08-01 10:00:00+00:00,2026-10-04T22:55:27Z,2476.899902,2480.800049,2475.899902,2479.199951,2476.899902,2480.800049,2431.600098,2479.199951,changed
2024-08-01 11:00:00+00:00,2026-10-04T22:55:27Z,2479.199951,2487.399902,2478.300049,2485.000000,2479.199951,2487.399902,2433.899902,2485.000000,changed
2024-08-01 12:00:00+00:00,2026-10-04T22:55:27Z,2485.100098,2499.399902,2484.600098,2495.300049,2485.100098,2499.399902,2446.199951,2495.300049,changed
2024-08-01 13:00:00+00:00,2026-10-04T22:55:27Z,2495.000000,2501.899902,2492.699951,2497.800049,2495.000000,2501.899902,2452.100098,2497.800049,changed
2024-08-01 14:00:00+00:00,2026-10-04T22:55:27Z,2498.100098,2506.600098,2487.300049,2492.800049,2498.100098,2506.600098,2443.399902,2492.800049,changed
2024-08-01 15:00:00+00:00,2026-10-04T22:55:27Z,2492.699951,2496.199951,2486.399902,2489.399902,2492.699951,2496.199951,2442.899902,2489.399902,changed
2024-08-01 16:00:00+00:00,2026-10-04T22:55:27Z,2489.300049,2492.800049,2487.500000,2488.600098,2489.300049,2492.800049,2442.899902,2488.600098,changed
2024-08-01 17:00:00+00:00,2026-10-04T22:55:27Z,2488.600098,2488.800049,2479.500000,2483.199951,2488.600098,2488.800049,2434.800049,2483.199951,changed
2024-08-01 18:00:00+00:00,2026-10-04T22:55:27Z,2483.100098,2484.699951,2478.600098,2483.500000,2483.100098,2484.699951,2436.300049,2483.500000,changed
2024-08-01 20:00:00+00:00,2026-10-04T22:55:27Z,2487.300049,2492.000000,2486.199951,2490.899902,2487.300049,2492.000000,2441.800049,2490.899902,changed
2024-08-01 22:00:00+00:00,2026-10-04T22:55:27Z,2490.800049,2491.500000,2487.800049,2489.399902,2490.800049,2491.500000,2444.000000,2489.399902,changed
2024-08-02 01:00:00+00:00,2026-10-04T22:55:27Z,2493.199951,2495.000000,2479.500000,2491.600098,2493.199951,2494.800049,2436.800049,2491.600098,changed
2024-08-02 03:00:00+00:00,2026-10-04T22:55:27Z,2499.899902,2503.800049,2496.000000,2498.699951,2499.899902,2503.800049,2457.100098,2498.699951,changed
2024-08-02 05:00:00+00:00,2026-10-04T22:55:27Z,2501.899902,2511.500000,2501.800049,2511.300049,2501.899902,2511.500000,2458.500000,2511.300049,changed
2024-08-02 07:00:00+00:00,2026-10-04T22:55:27Z,2509.699951,2510.899902,2504.399902,2505.800049,2509.699951,2510.899902,2460.699951,2505.800049,changed
2024-08-02 10:00:00+00:00,2026-10-04T22:55:27Z,2508.399902,2509.899902,2505.300049,2507.899902,2508.399902,2509.899902,2462.699951,2507.899902,changed
2024-08-02 11:00:00+00:00,2026-10-04T22:55:27Z,2508.000000,2509.199951,2501.800049,2503.500000,2508.000000,2509.199951,2458.699951,2503.500000,changed
2024-08-02 12:00:00+00:00,2026-10-04T22:55:27Z,2503.300049,2522.500000,2499.899902,2517.100098,2503.300049,2522.500000,2473.399902,2517.100098,changed
2024-08-02 13:00:00+00:00,2026-10-04T22:55:27Z,2517.000000,2518.600098,2499.399902,2513.000000,2517.000000,2518.600098,2463.500000,2513.800049,changed
2024-08-02 14:00:00+00:00,2026-10-04T22:55:27Z,2516.800049,2518.399902,2471.699951,2474.399902,2513.699951,2518.399902,2428.399902,2474.399902,changed
2024-08-02 15:00:00+00:00,2026-10-04T22:55:27Z,2474.300049,2478.899902,2453.100098,2476.100098,2474.300049,2478.899902,2416.000000,2476.100098,changed
2024-08-02 16:00:00+00:00,2026-10-04T22:55:27Z,2476.300049,2482.399902,2469.100098,2473.199951,2475.699951,2482.399902,2425.399902,2473.199951,changed
2024-08-02 17:00:00+00:00,2026-10-04T22:55:27Z,2473.100098,2474.399902,2465.500000,2470.500000,2473.100098,2474.399902,2426.399902,2470.500000,changed
2024-08-02 18:00:00+00:00,2026-10-04T22:55:27Z,2470.600098,2476.500000,2469.500000,2471.899902,2470.600098,2476.500000,2426.899902,2471.899902,changed
2024-08-02 19:00:00+00:00,2026-10-04T22:55:27Z,2471.899902,2480.800049,2468.399902,2480.000000,2471.899902,2480.800049,2433.800049,2480.000000,changed
2024-08-02 20:00:00+00:00,2026-10-04T22:55:27Z,2480.000000,2486.600098,2478.100098,2486.100098,2480.000000,2486.600098,2440.199951,2486.100098,changed
2024-08-04 22:00:00+00:00,2026-10-04T22:55:27Z,2490.300049,2490.399902,2480.100098,2483.500000,2490.300049,2490.399902,2442.000000,2483.500000,changed
2024-08-05 00:00:00+00:00,2026-10-04T22:55:27Z,2483.199951,2483.199951,2455.699951,2464.300049,2483.199951,2483.199951,2422.100098,2464.300049,changed
2024-08-05 01:00:00+00:00,2026-10-04T22:55:27Z,2463.699951,2484.199951,2462.100098,2481.600098,2463.699951,2484.199951,2418.899902,2481.600098,changed
2024-08-05 02:00:00+00:00,2026-10-04T22:55:27Z,2481.500000,2488.500000,2475.100098,2484.699951,2481.500000,2488.500000,2436.000000,2484.699951,changed
2024-08-05 05:00:00+00:00,2026-10-04T22:55:27Z,2494.600098,2494.600098,2473.600098,2479.699951,2494.600098,2494.600098,2435.000000,2479.699951,changed
2024-08-05 06:00:00+00:00,2026-10-04T22:55:27Z,2479.600098,2480.300049,2463.600098,2470.000000,2479.600098,2480.300049,2430.000000,2470.000000,changed
2024-08-05 07:00:00+00:00,2026-10-04T22:55:27Z,2470.000000,2485.100098,2465.899902,2473.199951,2470.000000,2485.100098,2426.000000,2473.199951,changed
2024-08-05 08:00:00+00:00,2026-10-04T22:55:27Z,2473.300049,2475.800049,2464.100098,2465.800049,2473.300049,2475.800049,2423.199951,2465.800049,changed
2024-08-05 09:00:00+00:00,2026-10-04T22:55:27Z,2466.100098,2469.699951,2460.000000,2464.899902,2466.100098,2469.600098,2418.000000,2464.899902,changed
2024-08-05 10:00:00+00:00,2026-10-04T22:55:27Z,2465.000000,2466.399902,2448.600098,2449.100098,2465.000000,2466.399902,2406.000000,2449.100098,changed
2024-08-05 11:00:00+00:00,2026-10-04T22:55:27Z,2449.000000,2449.000000,2423.100098,2426.800049,2449.000000,2449.000000,2400.000000,2426.800049,changed
2024-08-05 12:00:00+00:00,2026-10-04T22:55:27Z,2426.899902,2433.000000,2403.800049,2414.100098,2426.899902,2433.000000,2367.399902,2414.100098,changed
2024-08-05 13:00:00+00:00,2026-10-04T22:55:27Z,2414.199951,2437.399902,2414.199951,2434.100098,2414.199951,2437.399902,2375.100098,2434.100098,changed
2024-08-05 14:00:00+00:00,2026-10-04T22:55:27Z,2433.399902,2438.000000,2426.100098,2437.100098,2433.399902,2438.000000,2389.000000,2437.100098,changed
2024-08-05 15:00:00+00:00,2026-10-04T22:55:27Z,2436.899902,2452.800049,2436.699951,2443.300049,2436.899902,2452.800049,2399.399902,2443.300049,changed
2024-08-05 19:00:00+00:00,2026-10-04T22:55:27Z,2446.199951,2454.699951,2445.800049,2449.000000,2446.199951,2454.699951,2406.399902,2449.000000,changed
2024-08-06 01:00:00+00:00,2026-10-04T22:55:27Z,2457.100098,2459.000000,2451.699951,2453.399902,2457.100098,2459.000000,2414.500000,2453.399902,changed
2024-08-06 04:00:00+00:00,2026-10-04T22:55:27Z,2449.500000,2453.399902,2447.300049,2448.500000,2449.500000,2453.399902,2409.100098,2448.500000,changed
2024-08-06 05:00:00+00:00,2026-10-04T22:55:27Z,2448.600098,2452.300049,2438.500000,2439.199951,2448.600098,2452.300049,2402.699951,2439.199951,changed
2024-08-06 06:00:00+00:00,2026-10-04T22:55:27Z,2439.399902,2448.899902,2434.600098,2442.000000,2439.399902,2448.899902,2399.600098,2442.000000,changed
2024-08-06 09:00:00+00:00,2026-10-04T22:55:27Z,2451.699951,2456.199951,2450.800049,2454.100098,2451.699951,2455.500000,2450.800049,2454.100098,changed
2024-08-06 11:00:00+00:00,2026-10-04T22:55:27Z,2453.000000,2456.000000,2450.699951,2451.699951,2453.000000,2456.000000,2412.899902,2451.699951,changed
2024-08-06 12:00:00+00:00,2026-10-04T22:55:27Z,2451.699951,2452.899902,2432.100098,2433.399902,2451.699951,2452.899902,2393.899902,2433.399902,changed
2024-08-06 13:00:00+00:00,2026-10-04T22:55:27Z,2433.399902,2439.899902,2429.300049,2436.199951,2433.399902,2439.899902,2392.899902,2436.199951,changed
2024-08-06 14:00:00+00:00,2026-10-04T22:55:27Z,2436.199951,2444.100098,2426.899902,2429.199951,2436.199951,2444.100098,2385.800049,2429.199951,changed
2024-08-06 15:00:00+00:00,2026-10-04T22:55:27Z,2429.199951,2431.699951,2421.800049,2428.399902,2429.199951,2431.699951,2380.000000,2428.399902,changed
2024-08-06 16:00:00+00:00,2026-10-04T22:55:27Z,2428.500000,2432.500000,2426.399902,2431.000000,2428.500000,2432.500000,2385.300049,2431.000000,changed
2024-08-06 17:00:00+00:00,2026-10-04T22:55:27Z,2431.000000,2434.600098,2428.600098,2434.199951,2431.000000,2434.600098,2387.399902,2432.899902,changed
2024-08-06 18:00:00+00:00,2026-10-04T22:55:27Z,2433.000000,2437.100098,2432.399902,2433.899902,2432.899902,2437.100098,2392.699951,2433.899902,changed
2024-08-06 20:00:00+00:00,2026-10-04T22:55:27Z,2429.000000,2432.100098,2428.100098,2432.100098,2429.000000,2432.100098,2387.399902,2432.100098,changed
2024-08-07 04:00:00+00:00,2026-10-04T22:55:27Z,2426.000000,2434.800049,2425.699951,2433.000000,2426.000000,2434.800049,2392.199951,2433.000000,changed
2024-08-07 05:00:00+00:00,2026-10-04T22:55:27Z,2432.699951,2436.199951,2428.399902,2431.300049,2432.699951,2436.199951,2394.000000,2431.300049,changed
2024-08-07 06:00:00+00:00,2026-10-04T22:55:27Z,2431.300049,2437.600098,2429.399902,2434.500000,2389.800049,2437.600098,2387.300049,2434.500000,changed
2024-08-07 07:00:00+00:00,2026-10-04T22:55:27Z,2434.699951,2434.800049,2428.000000,2429.300049,2434.699951,2434.800049,2386.500000,2429.300049,changed
2024-08-07 08:00:00+00:00,2026-10-04T22:55:27Z,2429.199951,2433.600098,2428.000000,2433.199951,2429.199951,2433.600098,2391.000000,2433.199951,changed
2024-08-07 09:00:00+00:00,2026-10-04T22:55:27Z,2433.399902,2436.500000,2432.500000,2434.399902,2433.399902,2436.500000,2432.600098,2434.399902,changed
2024-08-07 10:00:00+00:00,2026-10-04T22:55:27Z,2434.500000,2438.399902,2433.199951,2437.600098,2434.500000,2438.399902,2392.699951,2437.600098,changed
2024-08-07 12:00:00+00:00,2026-10-04T22:55:27Z,2441.399902,2447.300049,2439.199951,2444.100098,2441.399902,2447.300049,2398.100098,2444.100098,changed
2024-08-07 13:00:00+00:00,2026-10-04T22:55:27Z,2444.300049,2445.300049,2436.699951,2440.300049,2444.300049,2445.300049,2397.100098,2440.300049,changed
2024-08-07 14:00:00+00:00,2026-10-04T22:55:27Z,2440.100098,2443.500000,2438.100098,2439.199951,2440.100098,2443.500000,2400.199951,2439.199951,changed
2024-08-07 16:00:00+00:00,2026-10-04T22:55:27Z,2434.699951,2440.100098,2433.100098,2439.899902,2434.699951,2440.100098,2394.300049,2439.899902,changed
2024-08-07 17:00:00+00:00,2026-10-04T22:55:27Z,2439.899902,2440.000000,2429.600098,2430.000000,2439.899902,2440.000000,2393.699951,2430.000000,changed
2024-08-07 18:00:00+00:00,2026-10-04T22:55:27Z,2429.899902,2432.000000,2423.899902,2426.300049,2429.899902,2432.000000,2387.000000,2426.300049,changed
2024-08-07 19:00:00+00:00,2026-10-04T22:55:27Z,2426.199951,2430.699951,2425.300049,2425.500000,2426.199951,2430.699951,2384.500000,2425.600098,changed
2024-08-07 20:00:00+00:00,2026-10-04T22:55:27Z,2426.100098,2427.399902,2421.699951,2423.500000,2425.699951,2427.399902,2421.699951,2423.500000,changed
2024-08-08 00:00:00+00:00,2026-10-04T22:55:27Z,2423.899902,2427.899902,2422.300049,2424.300049,2423.899902,2427.899902,2384.300049,2424.300049,changed
2024-08-08 03:00:00+00:00,2026-10-04T22:55:27Z,2429.500000,2433.800049,2427.800049,2433.000000,2429.500000,2433.800049,2387.699951,2433.000000,changed
2024-08-08 07:00:00+00:00,2026-10-04T22:55:27Z,2436.500000,2439.100098,2434.100098,2435.600098,2436.500000,2439.100098,2433.500000,2435.600098,changed
2024-08-08 10:00:00+00:00,2026-10-04T22:55:27Z,2435.100098,2445.699951,2435.100098,2444.500000,2435.100098,2445.699951,2397.699951,2444.500000,changed
2024-08-08 12:00:00+00:00,2026-10-04T22:55:27Z,2451.699951,2455.300049,2446.600098,2447.399902,2451.699951,2455.300049,2446.500000,2447.399902,changed
2024-08-08 13:00:00+00:00,2026-10-04T22:55:27Z,2447.399902,2454.899902,2441.199951,2453.399902,2447.399902,2454.899902,2403.500000,2453.399902,changed
2024-08-08 14:00:00+00:00,2026-10-04T22:55:27Z,2453.399902,2464.000000,2448.500000,2453.199951,2453.399902,2464.000000,2409.300049,2453.100098,changed
2024-08-08 15:00:00+00:00,2026-10-04T22:55:27Z,2453.300049,2459.800049,2451.300049,2458.100098,2452.100098,2459.800049,2451.899902,2458.100098,changed
2024-08-08 17:00:00+00:00,2026-10-04T22:55:27Z,2457.600098,2464.500000,2455.300049,2463.000000,2457.600098,2464.500000,2419.500000,2463.000000,changed
2024-08-09 01:00:00+00:00,2026-10-04T22:55:27Z,2463.300049,2467.199951,2459.399902,2466.699951,2463.300049,2467.199951,2422.300049,2466.699951,changed
2024-08-09 04:00:00+00:00,2026-10-04T22:55:27Z,2460.500000,2464.000000,2459.699951,2463.399902,2460.500000,2464.000000,2459.699951,2463.300049,changed
2024-08-09 05:00:00+00:00,2026-10-04T22:55:27Z,2462.600098,2463.100098,2456.399902,2456.500000,2463.199951,2463.399902,2456.399902,2456.500000,changed
2024-08-09 06:00:00+00:00,2026-10-04T22:55:27Z,2456.300049,2461.100098,2456.100098,2460.000000,2456.300049,2461.100098,2418.500000,2460.000000,changed
2024-08-09 08:00:00+00:00,2026-10-04T22:55:27Z,2462.399902,2465.899902,2461.199951,2463.500000,2462.399902,2465.899902,2420.899902,2463.500000,changed
2024-08-09 12:00:00+00:00,2026-10-04T22:55:27Z,2465.899902,2469.300049,2462.699951,2469.000000,2465.899902,2469.300049,2422.399902,2469.000000,changed
2024-08-09 13:00:00+00:00,2026-10-04T22:55:27Z,2469.199951,2472.699951,2460.000000,2466.100098,2469.000000,2472.699951,2420.100098,2466.100098,changed
2024-08-09 15:00:00+00:00,2026-10-04T22:55:27Z,2467.800049,2471.899902,2465.800049,2470.899902,2467.800049,2471.899902,2465.800049,2470.600098,changed
2024-08-09 16:00:00+00:00,2026-10-04T22:55:27Z,2471.800049,2474.000000,2466.600098,2473.899902,2470.800049,2474.000000,2427.399902,2473.899902,changed
2024-08-09 18:00:00+00:00,2026-10-04T22:55:27Z,2470.100098,2470.300049,2466.600098,2469.300049,2470.100098,2470.300049,2425.899902,2469.300049,changed
2024-08-09 19:00:00+00:00,2026-10-04T22:55:27Z,2469.300049,2469.600098,2466.699951,2468.600098,2469.300049,2469.600098,2426.000000,2468.600098,changed
2024-08-09 20:00:00+00:00,2026-10-04T22:55:27Z,2468.600098,2470.699951,2468.500000,2470.600098,2468.600098,2470.699951,2429.199951,2470.600098,changed
2024-08-12 06:00:00+00:00,2026-10-04T22:55:27Z,2473.399902,2476.199951,2472.399902,2475.699951,2473.399902,2476.199951,2432.000000,2475.699951,changed
2024-08-12 08:00:00+00:00,2026-10-04T22:55:27Z,2481.100098,2482.899902,2478.899902,2481.000000,2481.100098,2482.899902,2437.699951,2481.000000,changed
2024-08-12 12:00:00+00:00,2026-10-04T22:55:27Z,2480.699951,2484.800049,2480.500000,2483.800049,2480.699951,2484.800049,2442.000000,2483.800049,changed
2024-08-12 13:00:00+00:00,2026-10-04T22:55:27Z,2483.899902,2497.199951,2481.399902,2493.699951,2483.899902,2497.199951,2440.800049,2493.699951,changed
2024-08-12 14:00:00+00:00,2026-10-04T22:55:27Z,2493.699951,2495.100098,2483.699951,2492.800049,2493.699951,2495.100098,2443.699951,2492.800049,changed
2024-08-12 16:00:00+00:00,2026-10-04T22:55:27Z,2499.300049,2505.800049,2498.500000,2502.899902,2499.300049,2505.800049,2461.000000,2502.899902,changed
2024-08-12 19:00:00+00:00,2026-10-04T22:55:27Z,2510.300049,2511.899902,2509.800049,2510.600098,2510.300049,2512.399902,2468.600098,2510.600098,changed
2024-08-12 20:00:00+00:00,2026-10-04T22:55:27Z,2510.699951,2513.399902,2510.500000,2513.399902,2510.699951,2513.399902,2469.600098,2513.399902,changed
2024-08-13 01:00:00+00:00,2026-10-04T22:55:27Z,2511.899902,2513.699951,2501.199951,2506.699951,2511.899902,2513.699951,2461.000000,2506.699951,changed
2024-08-13 05:00:00+00:00,2026-10-04T22:55:27Z,2502.199951,2504.500000,2498.699951,2503.000000,2502.199951,2504.500000,2458.600098,2503.000000,changed
2024-08-13 06:00:00+00:00,2026-10-04T22:55:27Z,2503.100098,2504.600098,2501.300049,2503.399902,2503.100098,2504.699951,2459.699951,2503.399902,changed
2024-08-13 07:00:00+00:00,2026-10-04T22:55:27Z,2503.300049,2505.500000,2500.500000,2503.800049,2503.300049,2505.899902,2500.500000,2503.800049,changed
2024-08-13 08:00:00+00:00,2026-10-04T22:55:27Z,2503.899902,2503.899902,2498.199951,2499.899902,2503.899902,2503.899902,2456.500000,2499.899902,changed
2024-08-13 09:00:00+00:00,2026-10-04T22:55:27Z,2499.899902,2501.899902,2498.300049,2500.000000,2499.899902,2501.899902,2457.199951,2500.000000,changed
2024-08-13 10:00:00+00:00,2026-10-04T22:55:27Z,2500.000000,2502.899902,2498.399902,2501.399902,2500.000000,2502.899902,2458.500000,2501.399902,changed
2024-08-13 11:00:00+00:00,2026-10-04T22:55:27Z,2501.399902,2506.399902,2500.600098,2505.300049,2501.399902,2506.399902,2459.500000,2505.300049,changed
2024-08-13 12:00:00+00:00,2026-10-04T22:55:27Z,2505.300049,2512.500000,2503.699951,2507.300049,2505.300049,2512.500000,2463.199951,2507.300049,changed
2024-08-13 13:00:00+00:00,2026-10-04T22:55:27Z,2507.300049,2514.899902,2498.199951,2514.699951,2507.300049,2515.600098,2463.199951,2512.399902,changed
2024-08-13 14:00:00+00:00,2026-10-04T22:55:27Z,2511.899902,2512.800049,2503.199951,2511.000000,2512.399902,2512.800049,2469.699951,2511.000000,changed
2024-08-13 15:00:00+00:00,2026-10-04T22:55:27Z,2511.100098,2512.800049,2505.500000,2508.300049,2511.100098,2512.800049,2468.199951,2508.300049,changed
2024-08-13 16:00:00+00:00,2026-10-04T22:55:27Z,2508.300049,2510.800049,2505.899902,2509.199951,2508.300049,2510.800049,2469.000000,2509.199951,changed
2024-08-13 18:00:00+00:00,2026-10-04T22:55:27Z,2507.300049,2508.699951,2506.199951,2507.600098,2507.300049,2508.699951,2466.800049,2507.600098,changed
2024-08-13 20:00:00+00:00,2026-10-04T22:55:27Z,2506.800049,2507.500000,2504.300049,2504.899902,2506.800049,2507.500000,2465.300049,2504.899902,changed
2024-08-14 07:00:00+00:00,2026-10-04T22:55:27Z,2506.199951,2510.399902,2505.300049,2509.699951,2506.199951,2510.800049,2468.000000,2509.699951,changed
2024-08-14 12:00:00+00:00,2026-10-04T22:55:27Z,2513.800049,2519.699951,2500.800049,2507.899902,2513.800049,2519.699951,2472.100098,2507.899902,changed
2024-08-14 13:00:00+00:00,2026-10-04T22:55:27Z,2507.899902,2508.800049,2487.699951,2496.199951,2507.899902,2508.800049,2450.000000,2496.199951,changed
2024-08-14 14:00:00+00:00,2026-10-04T22:55:27Z,2496.100098,2497.100098,2485.399902,2488.600098,2496.100098,2497.100098,2445.199951,2488.600098,changed
2024-08-14 15:00:00+00:00,2026-10-04T22:55:27Z,2488.600098,2490.699951,2480.300049,2482.600098,2488.600098,2490.699951,2448.500000,2482.600098,changed
2024-08-14 19:00:00+00:00,2026-10-04T22:55:27Z,2486.000000,2486.800049,2482.600098,2485.500000,2486.000000,2486.800049,2445.600098,2485.500000,changed
2024-08-14 20:00:00+00:00,2026-10-04T22:55:27Z,2485.600098,2486.800049,2484.800049,2486.000000,2485.600098,2486.800049,2444.699951,2486.000000,changed
2024-08-15 00:00:00+00:00,2026-10-04T22:55:27Z,2486.899902,2491.500000,2479.699951,2487.300049,2486.899902,2491.500000,2486.000000,2487.300049,changed
2024-08-15 04:00:00+00:00,2026-10-04T22:55:27Z,2491.300049,2493.000000,2490.300049,2490.899902,2491.300049,2493.000000,2451.800049,2490.899902,changed
2024-08-15 07:00:00+00:00,2026-10-04T22:55:27Z,2493.600098,2494.300049,2492.000000,2493.300049,2493.600098,2494.300049,2491.899902,2493.300049,changed
2024-08-15 08:00:00+00:00,2026-10-04T22:55:27Z,2493.399902,2494.899902,2491.199951,2493.000000,2493.399902,2494.899902,2454.000000,2493.000000,changed
2024-08-15 10:00:00+00:00,2026-10-04T22:55:27Z,2494.300049,2497.899902,2494.300049,2495.699951,2494.300049,2497.899902,2457.000000,2495.699951,changed
2024-08-15 11:00:00+00:00,2026-10-04T22:55:27Z,2495.699951,2501.899902,2495.300049,2501.100098,2495.699951,2501.899902,2459.899902,2501.100098,changed
2024-08-15 12:00:00+00:00,2026-10-04T22:55:27Z,2501.300049,2508.000000,2478.000000,2478.399902,2501.300049,2508.000000,2448.500000,2478.399902,changed
2024-08-15 13:00:00+00:00,2026-10-04T22:55:27Z,2478.500000,2488.800049,2469.199951,2481.899902,2478.500000,2488.800049,2431.199951,2481.899902,changed
2024-08-15 14:00:00+00:00,2026-10-04T22:55:27Z,2481.699951,2496.500000,2481.699951,2490.000000,2481.699951,2496.500000,2443.100098,2490.000000,changed
2024-08-15 15:00:00+00:00,2026-10-04T22:55:27Z,2489.800049,2497.300049,2488.300049,2496.100098,2489.800049,2497.300049,2454.500000,2496.100098,changed
2024-08-15 16:00:00+00:00,2026-10-04T22:55:27Z,2496.100098,2497.699951,2492.600098,2493.199951,2496.100098,2497.699951,2454.899902,2493.199951,changed
2024-08-15 18:00:00+00:00,2026-10-04T22:55:27Z,2493.300049,2496.199951,2492.500000,2496.100098,2493.300049,2496.199951,2453.899902,2496.100098,changed
2024-08-15 19:00:00+00:00,2026-10-04T22:55:27Z,2496.199951,2499.399902,2491.899902,2493.500000,2496.199951,2499.399902,2455.600098,2493.500000,changed
2024-08-15 22:00:00+00:00,2026-10-04T22:55:27Z,2494.399902,2494.699951,2492.000000,2492.399902,2494.399902,2494.699951,2453.500000,2492.399902,changed
2024-08-16 06:00:00+00:00,2026-10-04T22:55:27Z,2493.100098,2495.399902,2491.899902,2492.399902,2493.100098,2495.399902,2453.699951,2492.399902,changed
2024-08-16 07:00:00+00:00,2026-10-04T22:55:27Z,2492.399902,2501.899902,2489.399902,2499.300049,2492.399902,2501.899902,2451.399902,2499.300049,changed
2024-08-16 10:00:00+00:00,2026-10-04T22:55:27Z,2500.800049,2506.000000,2500.399902,2502.300049,2500.800049,2506.000000,2462.199951,2502.300049,changed
2024-08-16 11:00:00+00:00,2026-10-04T22:55:27Z,2502.399902,2510.300049,2502.399902,2510.000000,2502.399902,2510.300049,2466.500000,2510.000000,changed
2024-08-16 12:00:00+00:00,2026-10-04T22:55:27Z,2510.000000,2531.399902,2509.300049,2530.500000,2510.000000,2531.399902,2488.199951,2530.500000,changed
2024-08-16 13:00:00+00:00,2026-10-04T22:55:27Z,2530.600098,2538.699951,2522.199951,2533.300049,2530.600098,2538.699951,2486.000000,2533.300049,changed
2024-08-16 14:00:00+00:00,2026-10-04T22:55:27Z,2533.300049,2533.899902,2515.800049,2525.600098,2533.300049,2533.899902,2481.199951,2525.600098,changed
2024-08-16 17:00:00+00:00,2026-10-04T22:55:27Z,2534.300049,2538.699951,2531.399902,2538.199951,2534.300049,2538.699951,2498.300049,2538.199951,changed
2024-08-16 19:00:00+00:00,2026-10-04T22:55:27Z,2542.000000,2547.399902,2540.199951,2546.500000,2542.000000,2547.399902,2504.399902,2546.500000,changed
2024-08-16 20:00:00+00:00,2026-10-04T22:55:27Z,2546.500000,2548.300049,2543.800049,2546.199951,2546.500000,2548.300049,2508.000000,2546.100098,changed
2024-08-18 22:00:00+00:00,2026-10-04T22:55:27Z,2549.699951,2549.899902,2540.899902,2543.600098,2549.699951,2549.899902,2502.800049,2543.600098,changed
2024-08-19 01:00:00+00:00,2026-10-04T22:55:27Z,2541.100098,2545.000000,2533.699951,2537.000000,2541.100098,2545.000000,2497.699951,2537.000000,changed
2024-08-19 05:00:00+00:00,2026-10-04T22:55:27Z,2539.500000,2541.100098,2537.899902,2539.899902,2539.500000,2541.100098,2499.800049,2539.899902,changed
2024-08-19 06:00:00+00:00,2026-10-04T22:55:27Z,2539.600098,2543.600098,2538.300049,2540.500000,2539.600098,2543.600098,2504.300049,2540.500000,changed
2024-08-19 07:00:00+00:00,2026-10-04T22:55:27Z,2540.600098,2543.399902,2537.899902,2541.199951,2540.600098,2543.399902,2500.300049,2541.199951,changed
2024-08-19 08:00:00+00:00,2026-10-04T22:55:27Z,2541.199951,2545.800049,2540.699951,2541.500000,2541.199951,2545.800049,2501.300049,2541.500000,changed
2024-08-19 11:00:00+00:00,2026-10-04T22:55:27Z,2527.800049,2533.500000,2524.399902,2532.800049,2527.800049,2533.500000,2487.199951,2532.800049,changed
2024-08-19 12:00:00+00:00,2026-10-04T22:55:27Z,2532.899902,2533.800049,2526.399902,2529.399902,2532.899902,2533.800049,2492.199951,2529.399902,changed
2024-08-19 18:00:00+00:00,2026-10-04T22:55:27Z,2541.500000,2543.399902,2540.899902,2542.800049,2541.500000,2543.399902,2502.300049,2542.800049,changed
2024-08-19 22:00:00+00:00,2026-10-04T22:55:27Z,2542.399902,2542.899902,2540.199951,2542.500000,2542.399902,2542.899902,2503.500000,2542.500000,changed
2024-08-20 06:00:00+00:00,2026-10-04T22:55:27Z,2537.199951,2543.800049,2535.100098,2540.500000,2537.199951,2543.800049,2500.699951,2540.500000,changed
2024-08-20 07:00:00+00:00,2026-10-04T22:55:27Z,2540.399902,2553.699951,2539.300049,2553.199951,2540.399902,2553.699951,2505.100098,2553.199951,changed
2024-08-20 12:00:00+00:00,2026-10-04T22:55:27Z,2565.000000,2568.000000,2560.199951,2565.199951,2565.000000,2568.000000,2525.000000,2565.199951,changed
2024-08-20 13:00:00+00:00,2026-10-04T22:55:27Z,2565.300049,2570.399902,2558.300049,2568.500000,2565.300049,2570.399902,2526.100098,2568.500000,changed
2024-08-20 14:00:00+00:00,2026-10-04T22:55:27Z,2568.399902,2568.800049,2558.399902,2562.100098,2568.399902,2568.800049,2526.500000,2562.100098,changed
2024-08-20 15:00:00+00:00,2026-10-04T22:55:27Z,2562.100098,2562.300049,2543.600098,2546.399902,2562.100098,2562.300049,2509.300049,2546.399902,changed
2024-08-20 16:00:00+00:00,2026-10-04T22:55:27Z,2546.600098,2548.600098,2538.600098,2547.100098,2546.600098,2548.600098,2508.000000,2547.100098,changed
2024-08-20 18:00:00+00:00,2026-10-04T22:55:27Z,2548.699951,2553.800049,2547.500000,2551.699951,2548.699951,2553.800049,2513.699951,2551.699951,changed
2024-08-20 19:00:00+00:00,2026-10-04T22:55:27Z,2551.600098,2553.500000,2549.000000,2553.199951,2551.600098,2553.500000,2512.500000,2553.199951,changed
2024-08-21 11:00:00+00:00,2026-10-04T22:55:27Z,2547.699951,2552.000000,2545.000000,2549.899902,2547.699951,2552.000000,2511.000000,2549.899902,changed
2024-08-21 12:00:00+00:00,2026-10-04T22:55:27Z,2550.000000,2552.000000,2544.899902,2548.399902,2550.000000,2552.000000,2506.899902,2548.399902,changed
2024-08-21 14:00:00+00:00,2026-10-04T22:55:27Z,2540.699951,2544.500000,2528.199951,2539.100098,2540.699951,2544.500000,2503.899902,2539.100098,changed
2024-08-21 17:00:00+00:00,2026-10-04T22:55:27Z,2544.800049,2549.199951,2544.699951,2547.300049,2544.800049,2549.199951,2508.199951,2547.300049,changed
2024-08-21 18:00:00+00:00,2026-10-04T22:55:27Z,2547.199951,2557.300049,2547.000000,2554.199951,2547.199951,2557.300049,2515.399902,2554.199951,changed
2024-08-22 06:00:00+00:00,2026-10-04T22:55:27Z,2542.000000,2547.199951,2539.699951,2543.800049,2542.000000,2547.199951,2504.100098,2543.800049,changed
2024-08-22 12:00:00+00:00,2026-10-04T22:55:27Z,2535.699951,2541.899902,2531.300049,2536.899902,2535.699951,2541.899902,2495.699951,2536.899902,changed
2024-08-22 13:00:00+00:00,2026-10-04T22:55:27Z,2536.899902,2537.899902,2518.699951,2523.500000,2536.899902,2537.899902,2484.600098,2523.500000,changed
2024-08-22 14:00:00+00:00,2026-10-04T22:55:27Z,2523.699951,2523.699951,2506.399902,2515.899902,2523.699951,2523.699951,2471.100098,2515.899902,changed
2024-08-22 15:00:00+00:00,2026-10-04T22:55:27Z,2515.800049,2520.199951,2510.699951,2517.899902,2515.800049,2520.199951,2475.699951,2517.899902,changed
2024-08-22 16:00:00+00:00,2026-10-04T22:55:27Z,2518.000000,2522.100098,2517.399902,2520.199951,2518.000000,2522.100098,2482.399902,2520.199951,changed
2024-08-22 17:00:00+00:00,2026-10-04T22:55:27Z,2520.100098,2520.399902,2515.300049,2517.600098,2520.100098,2520.399902,2515.300049,2517.899902,changed
2024-08-22 18:00:00+00:00,2026-10-04T22:55:27Z,2518.000000,2520.699951,2516.100098,2517.899902,2518.000000,2520.699951,2479.800049,2517.899902,changed
2024-08-23 00:00:00+00:00,2026-10-04T22:55:27Z,2522.899902,2527.899902,2521.899902,2525.399902,2522.899902,2527.899902,2486.500000,2525.399902,changed
2024-08-23 02:00:00+00:00,2026-10-04T22:55:27Z,2526.600098,2527.199951,2522.100098,2525.500000,2526.600098,2527.199951,2486.800049,2525.500000,changed
2024-08-23 13:00:00+00:00,2026-10-04T22:55:27Z,2536.899902,2539.600098,2530.100098,2533.800049,2536.899902,2539.600098,2492.899902,2533.800049,changed
2024-08-23 14:00:00+00:00,2026-10-04T22:55:27Z,2533.899902,2554.199951,2532.100098,2545.000000,2533.899902,2554.199951,2499.000000,2545.000000,changed
2024-08-23 19:00:00+00:00,2026-10-04T22:55:27Z,2545.399902,2548.600098,2543.500000,2546.600098,2545.399902,2548.600098,2506.800049,2546.600098,changed
2024-08-25 22:00:00+00:00,2026-10-04T22:55:27Z,2545.100098,2550.300049,2544.600098,2548.399902,2545.100098,2550.300049,2509.899902,2548.399902,changed
2024-08-25 23:00:00+00:00,2026-10-04T22:55:27Z,2548.399902,2552.100098,2548.399902,2551.300049,2548.399902,2552.100098,2511.899902,2551.300049,changed
2024-08-26 01:00:00+00:00,2026-10-04T22:55:27Z,2549.000000,2550.800049,2546.000000,2548.699951,2549.000000,2550.800049,2509.100098,2548.699951,changed
2024-08-26 07:00:00+00:00,2026-10-04T22:55:27Z,2550.600098,2557.300049,2549.600098,2556.899902,2550.600098,2557.300049,2516.899902,2556.899902,changed
2024-08-26 08:00:00+00:00,2026-10-04T22:55:27Z,2557.000000,2561.699951,2556.300049,2560.000000,2557.000000,2561.600098,2556.300049,2560.000000,changed
2024-08-26 09:00:00+00:00,2026-10-04T22:55:27Z,2560.100098,2561.500000,2559.100098,2561.000000,2560.100098,2561.500000,2523.100098,2561.000000,changed
2024-08-26 11:00:00+00:00,2026-10-04T22:55:27Z,2560.699951,2562.500000,2556.399902,2562.100098,2560.699951,2562.500000,2519.800049,2562.100098,changed
2024-08-26 12:00:00+00:00,2026-10-04T22:55:27Z,2562.199951,2563.199951,2558.199951,2559.500000,2562.199951,2563.199951,2522.100098,2559.500000,changed
2024-08-26 13:00:00+00:00,2026-10-04T22:55:27Z,2559.500000,2562.300049,2551.000000,2551.600098,2559.500000,2562.300049,2515.699951,2551.600098,changed
2024-08-26 14:00:00+00:00,2026-10-04T22:55:27Z,2551.600098,2554.699951,2546.100098,2552.600098,2551.600098,2554.699951,2509.699951,2552.600098,changed
2024-08-27 05:00:00+00:00,2026-10-04T22:55:27Z,2542.300049,2548.800049,2541.699951,2548.600098,2542.300049,2548.800049,2541.699951,2548.800049,changed
2024-08-27 06:00:00+00:00,2026-10-04T22:55:27Z,2548.600098,2552.500000,2547.899902,2549.899902,2548.500000,2552.500000,2547.899902,2549.899902,changed
2024-08-27 07:00:00+00:00,2026-10-04T22:55:27Z,2549.899902,2552.699951,2539.500000,2540.000000,2549.899902,2552.699951,2515.199951,2540.000000,changed
2024-08-27 11:00:00+00:00,2026-10-04T22:55:27Z,2544.100098,2547.699951,2543.699951,2546.600098,2544.100098,2547.699951,2543.899902,2546.600098,changed
2024-08-27 13:00:00+00:00,2026-10-04T22:55:27Z,2544.899902,2550.399902,2538.899902,2547.800049,2544.899902,2550.399902,2506.899902,2547.800049,changed
2024-08-27 16:00:00+00:00,2026-10-04T22:55:27Z,2547.300049,2549.899902,2545.000000,2549.800049,2547.300049,2549.899902,2511.100098,2549.800049,changed
2024-08-27 19:00:00+00:00,2026-10-04T22:55:27Z,2560.000000,2561.100098,2558.399902,2560.399902,2560.000000,2561.100098,2522.300049,2560.399902,changed
2024-08-27 20:00:00+00:00,2026-10-04T22:55:27Z,2560.399902,2561.399902,2559.100098,2560.000000,2560.399902,2561.399902,2522.800049,2560.000000,changed
2024-08-30 07:00:00+00:00,2026-10-04T22:55:27Z,2550.600098,2554.300049,2550.399902,2552.500000,2550.600098,2554.399902,2550.399902,2552.500000,changed
2024-08-30 14:00:00+00:00,2026-10-04T22:55:27Z,2548.800049,2551.399902,2539.300049,2542.100098,2548.800049,2551.699951,2539.300049,2542.100098,changed
2024-08-30 20:00:00+00:00,2026-10-04T22:55:27Z,2534.800049,2536.100098,2534.399902,2535.899902,2534.800049,2536.100098,2534.399902,2536.000000,changed
2024-08-01 01:00:00+00:00,2026-10-04T23:41:37Z,2492.000000,2502.800049,2452.600098,2495.500000,2492.000000,2502.800049,2490.500000,2495.500000,changed
2024-08-01 05:00:00+00:00,2026-10-04T23:41:37Z,2488.399902,2492.300049,2442.500000,2491.000000,2488.399902,2492.300049,2487.699951,2491.000000,changed
2024-08-01 06:00:00+00:00,2026-10-04T23:41:37Z,2490.899902,2492.899902,2445.800049,2489.100098,2490.899902,2492.899902,2488.300049,2489.100098,changed
2024-08-01 07:00:00+00:00,2026-10-04T23:41:37Z,2489.199951,2489.199951,2442.000000,2484.399902,2489.199951,2489.300049,2484.000000,2484.399902,changed
2024-08-01 09:00:00+00:00,2026-10-04T23:41:37Z,2478.000000,2479.399902,2430.399902,2476.800049,2478.000000,2479.399902,2474.000000,2476.800049,changed
2024-08-01 10:00:00+00:00,2026-10-04T23:41:37Z,2476.899902,2480.800049,2431.600098,2479.199951,2476.899902,2480.800049,2475.899902,2479.199951,changed
2024-08-01 11:00:00+00:00,2026-10-04T23:41:37Z,2479.199951,2487.399902,2433.899902,2485.000000,2479.199951,2487.399902,2478.300049,2485.000000,changed
2024-08-01 12:00:00+00:00,2026-10-04T23:41:37Z,2485.100098,2499.399902,2446.199951,2495.300049,2485.100098,2499.399902,2484.600098,2495.300049,changed
2024-08-01 13:00:00+00:00,2026-10-04T23:41:37Z,2495.000000,2501.899902,2452.100098,2497.800049,2495.000000,2501.899902,2492.699951,2497.800049,changed
2024-08-01 14:00:00+00:00,2026-10-04T23:41:37Z,2498.100098,2506.600098,2443.399902,2492.800049,2498.100098,2506.600098,2487.300049,2492.800049,changed
2024-08-01 15:00:00+00:00,2026-10-04T23:41:37Z,2492.699951,2496.199951,2442.899902,2489.399902,2492.699951,2496.199951,2486.399902,2489.399902,changed
2024-08-01 16:00:00+00:00,2026-10-04T23:41:37Z,2489.300049,2492.800049,2442.899902,2488.600098,2489.300049,2492.800049,2487.500000,2488.600098,changed
2024-08-01 17:00:00+00:00,2026-10-04T23:41:37Z,2488.600098,2488.800049,2434.800049,2483.199951,2488.600098,2488.800049,2479.500000,2483.199951,changed
2024-08-01 18:00:00+00:00,2026-10-04T23:41:37Z,2483.100098,2484.699951,2436.300049,2483.500000,2483.100098,2484.699951,2478.600098,2483.500000,changed
2024-08-01 20:00:00+00:00,2026-10-04T23:41:37Z,2487.300049,2492.000000,2441.800049,2490.899902,2487.300049,2492.000000,2486.199951,2490.899902,changed
2024-08-01 22:00:00+00:00,2026-10-04T23:41:37Z,2490.800049,2491.500000,2444.000000,2489.399902,2490.800049,2491.500000,2487.800049,2489.399902,changed
2024-08-02 01:00:00+00:00,2026-10-04T23:41:37Z,2493.199951,2494.800049,2436.800049,2491.600098,2493.199951,2495.000000,2479.500000,2491.600098,changed
2024-08-02 03:00:00+00:00,2026-10-04T23:41:37Z,2499.899902,2503.800049,2457.100098,2498.699951,2499.899902,2503.800049,2496.000000,2498.699951,changed
2024-08-02 05:00:00+00:00,2026-10-04T23:41:37Z,2501.899902,2511.500000,2458.500000,2511.300049,2501.899902,2511.500000,2501.800049,2511.300049,changed
2024-08-02 07:00:00+00:00,2026-10-04T23:41:37Z,2509.699951,2510.899902,2460.699951,2505.800049,2509.699951,2510.899902,2504.399902,2505.800049,changed
2024-08-02 10:00:00+00:00,2026-10-04T23:41:37Z,2508.399902,2509.899902,2462.699951,2507.899902,2508.399902,2509.899902,2505.300049,2507.899902,changed
2024-08-02 11:00:00+00:00,2026-10-04T23:41:37Z,2508.000000,2509.199951,2458.699951,2503.500000,2508.000000,2509.199951,2501.800049,2503.500000,changed
2024-08-02 12:00:00+00:00,2026-10-04T23:41:37Z,2503.300049,2522.500000,2473.399902,2517.100098,2503.300049,2522.500000,2499.899902,2517.100098,changed
2024-08-02 13:00:00+00:00,2026-10-04T23:41:37Z,2517.000000,2518.600098,2463.500000,2513.800049,2517.000000,2518.600098,2499.399902,2513.000000,changed
2024-08-02 14:00:00+00:00,2026-10-04T23:41:37Z,2513.699951,2518.399902,2428.399902,2474.399902,2516.800049,2518.399902,2471.699951,2474.399902,changed
2024-08-02 15:00:00+00:00,2026-10-04T23:41:37Z,2474.300049,2478.899902,2416.000000,2476.100098,2474.300049,2478.899902,2453.100098,2476.100098,changed
2024-08-02 16:00:00+00:00,2026-10-04T23:41:37Z,2475.699951,2482.399902,2425.399902,2473.199951,2476.300049,2482.399902,2469.100098,2473.199951,changed
2024-08-02 17:00:00+00:00,2026-10-04T23:41:37Z,2473.100098,2474.399902,2426.399902,2470.500000,2473.100098,2474.399902,2465.500000,2470.500000,changed
2024-08-02 18:00:00+00:00,2026-10-04T23:41:37Z,2470.600098,2476.500000,2426.899902,2471.899902,2470.600098,2476.500000,2469.500000,2471.899902,changed
2024-08-02 19:00:00+00:00,2026-10-04T23:41:37Z,2471.899902,2480.800049,2433.800049,2480.000000,2471.899902,2480.800049,2468.399902,2480.000000,changed
2024-08-02 20:00:00+00:00,2026-10-04T23:41:37Z,2480.000000,2486.600098,2440.199951,2486.100098,2480.000000,2486.600098,2478.100098,2486.100098,changed
2024-08-04 22:00:00+00:00,2026-10-04T23:41:37Z,2490.300049,2490.399902,2442.000000,2483.500000,2490.300049,2490.399902,2480.100098,2483.500000,changed
2024-08-05 00:00:00+00:00,2026-10-04T23:41:37Z,2483.199951,2483.199951,2422.100098,2464.300049,2483.199951,2483.199951,2455.699951,2464.300049,changed
2024-08-05 01:00:00+00:00,2026-10-04T23:41:37Z,2463.699951,2484.199951,2418.899902,2481.600098,2463.699951,2484.199951,2462.100098,2481.600098,changed
2024-08-05 02:00:00+00:00,2026-10-04T23:41:37Z,2481.500000,2488.500000,2436.000000,2484.699951,2481.500000,2488.500000,2475.100098,2484.699951,changed
2024-08-05 05:00:00+00:00,2026-10-04T23:41:37Z,2494.600098,2494.600098,2435.000000,2479.699951,2494.600098,2494.600098,2473.600098,2479.699951,changed
2024-08-05 06:00:00+00:00,2026-10-04T23:41:37Z,2479.600098,2480.300049,2430.000000,2470.000000,2479.600098,2480.300049,2463.600098,2470.000000,changed
2024-08-05 07:00:00+00:00,2026-10-04T23:41:37Z,2470.000000,2485.100098,2426.000000,2473.199951,2470.000000,2485.100098,2465.899902,2473.199951,changed
2024-08-05 08:00:00+00:00,2026-10-04T23:41:37Z,2473.300049,2475.800049,2423.199951,2465.800049,2473.300049,2475.800049,2464.100098,2465.800049,changed
2024-08-05 09:00:00+00:00,2026-10-04T23:41:37Z,2466.100098,2469.600098,2418.000000,2464.899902,2466.100098,2469.699951,2460.000000,2464.899902,changed
2024-08-05 10:00:00+00:00,2026-10-04T23:41:37Z,2465.000000,2466.399902,2406.000000,2449.100098,2465.000000,2466.399902,2448.600098,2449.100098,changed
2024-08-05 11:00:00+00:00,2026-10-04T23:41:37Z,2449.000000,2449.000000,2400.000000,2426.800049,2449.000000,2449.000000,2423.100098,2426.800049,changed
2024-08-05 12:00:00+00:00,2026-10-04T23:41:37Z,2426.899902,2433.000000,2367.399902,2414.100098,2426.899902,2433.000000,2403.800049,2414.100098,changed
2024-08-05 13:00:00+00:00,2026-10-04T23:41:37Z,2414.199951,2437.399902,2375.100098,2434.100098,2414.199951,2437.399902,2414.199951,2434.100098,changed
2024-08-05 14:00:00+00:00,2026-10-04T23:41:37Z,2433.399902,2438.000000,2389.000000,2437.100098,2433.399902,2438.000000,2426.100098,2437.100098,changed
2024-08-05 15:00:00+00:00,2026-10-04T23:41:37Z,2436.899902,2452.800049,2399.399902,2443.300049,2436.899902,2452.800049,2436.699951,2443.300049,changed
2024-08-05 19:00:00+00:00,2026-10-04T23:41:37Z,2446.199951,2454.699951,2406.399902,2449.000000,2446.199951,2454.699951,2445.800049,2449.000000,changed
2024-08-06 01:00:00+00:00,2026-10-04T23:41:37Z,2457.100098,2459.000000,2414.500000,2453.399902,2457.100098,2459.000000,2451.699951,2453.399902,changed
2024-08-06 04:00:00+00:00,2026-10-04T23:41:37Z,2449.500000,2453.399902,2409.100098,2448.500000,2449.500000,2453.399902,2447.300049,2448.500000,changed
2024-08-06 05:00:00+00:00,2026-10-04T23:41:37Z,2448.600098,2452.300049,2402.699951,2439.199951,2448.600098,2452.300049,2438.500000,2439.199951,changed
2024-08-06 06:00:00+00:00,2026-10-04T23:41:37Z,2439.399902,2448.899902,2399.600098,2442.000000,2439.399902,2448.899902,2434.600098,2442.000000,changed
2024-08-06 09:00:00+00:00,2026-10-04T23:41:37Z,2451.699951,2455.500000,2450.800049,2454.100098,2451.699951,2456.199951,2450.800049,2454.100098,changed
2024-08-06 11:00:00+00:00,2026-10-04T23:41:37Z,2453.000000,2456.000000,2412.899902,2451.699951,2453.000000,2456.000000,2450.699951,2451.699951,changed
2024-08-06 12:00:00+00:00,2026-10-04T23:41:37Z,2451.699951,2452.899902,2393.899902,2433.399902,2451.699951,2452.899902,2432.100098,2433.399902,changed
2024-08-06 13:00:00+00:00,2026-10-04T23:41:37Z,2433.399902,2439.899902,2392.899902,2436.199951,2433.399902,2439.899902,2429.300049,2436.199951,changed
2024-08-06 14:00:00+00:00,2026-10-04T23:41:37Z,2436.199951,2444.100098,2385.800049,2429.199951,2436.199951,2444.100098,2426.899902,2429.199951,changed
2024-08-06 15:00:00+00:00,2026-10-04T23:41:37Z,2429.199951,2431.699951,2380.000000,2428.399902,2429.199951,2431.699951,2421.800049,2428.399902,changed
2024-08-06 16:00:00+00:00,2026-10-04T23:41:37Z,2428.500000,2432.500000,2385.300049,2431.000000,2428.500000,2432.500000,2426.399902,2431.000000,changed
2024-08-06 17:00:00+00:00,2026-10-04T23:41:37Z,2431.000000,2434.600098,2387.399902,2432.899902,2431.000000,2434.600098,2428.600098,2434.199951,changed
2024-08-06 18:00:00+00:00,2026-10-04T23:41:37Z,2432.899902,2437.100098,2392.699951,2433.899902,2433.000000,2437.100098,2432.399902,2433.899902,changed
2024-08-06 20:00:00+00:00,2026-10-04T23:41:37Z,2429.000000,2432.100098,2387.399902,2432.100098,2429.000000,2432.100098,2428.100098,2432.100098,changed
2024-08-07 04:00:00+00:00,2026-10-04T23:41:37Z,2426.000000,2434.800049,2392.199951,2433.000000,2426.000000,2434.800049,2425.699951,2433.000000,changed
2024-08-07 05:00:00+00:00,2026-10-04T23:41:37Z,2432.699951,2436.199951,2394.000000,2431.300049,2432.699951,2436.199951,2428.399902,2431.300049,changed
2024-08-07 06:00:00+00:00,2026-10-04T23:41:37Z,2389.800049,2437.600098,2387.300049,2434.500000,2431.300049,2437.600098,2429.399902,2434.500000,changed
2024-08-07 07:00:00+00:00,2026-10-04T23:41:37Z,2434.699951,2434.800049,2386.500000,2429.300049,2434.699951,2434.800049,2428.000000,2429.300049,changed
2024-08-07 08:00:00+00:00,2026-10-04T23:41:37Z,2429.199951,2433.600098,2391.000000,2433.199951,2429.199951,2433.600098,2428.000000,2433.199951,changed
2024-08-07 09:00:00+00:00,2026-10-04T23:41:37Z,2433.399902,2436.500000,2432.600098,2434.399902,2433.399902,2436.500000,2432.500000,2434.399902,changed
2024-08-07 10:00:00+00:00,2026-10-04T23:41:37Z,2434.500000,2438.399902,2392.699951,2437.600098,2434.500000,2438.399902,2433.199951,2437.600098,changed
2024-08-07 12:00:00+00:00,2026-10-04T23:41:37Z,2441.399902,2447.300049,2398.100098,2444.100098,2441.399902,2447.300049,2439.199951,2444.100098,changed
2024-08-07 13:00:00+00:00,2026-10-04T23:41:37Z,2444.300049,2445.300049,2397.100098,2440.300049,2444.300049,2445.300049,2436.699951,2440.300049,changed
2024-08-07 14:00:00+00:00,2026-10-04T23:41:37Z,2440.100098,2443.500000,2400.199951,2439.199951,2440.100098,2443.500000,2438.100098,2439.199951,changed
2024-08-07 16:00:00+00:00,2026-10-04T23:41:37Z,2434.699951,2440.100098,2394.300049,2439.899902,2434.699951,2440.100098,2433.100098,2439.899902,changed
2024-08-07 17:00:00+00:00,2026-10-04T23:41:37Z,2439.899902,2440.000000,2393.699951,2430.000000,2439.899902,2440.000000,2429.600098,2430.000000,changed
2024-08-07 18:00:00+00:00,2026-10-04T23:41:37Z,2429.899902,2432.000000,2387.000000,2426.300049,2429.899902,2432.000000,2423.899902,2426.300049,changed
2024-08-07 19:00:00+00:00,2026-10-04T23:41:37Z,2426.199951,2430.699951,2384.500000,2425.600098,2426.199951,2430.699951,2425.300049,2425.500000,changed
2024-08-07 20:00:00+00:00,2026-10-04T23:41:37Z,2425.699951,2427.399902,2421.699951,2423.500000,2426.100098,2427.399902,2421.699951,2423.500000,changed
2024-08-08 00:00:00+00:00,2026-10-04T23:41:37Z,2423.899902,2427.899902,2384.300049,2424.300049,2423.899902,2427.899902,2422.300049,2424.300049,changed
2024-08-08 03:00:00+00:00,2026-10-04T23:41:37Z,2429.500000,2433.800049,2387.699951,2433.000000,2429.500000,2433.800049,2427.800049,2433.000000,changed
2024-08-08 07:00:00+00:00,2026-10-04T23:41:37Z,2436.500000,2439.100098,2433.500000,2435.600098,2436.500000,2439.100098,2434.100098,2435.600098,changed
2024-08-08 10:00:00+00:00,2026-10-04T23:41:37Z,2435.100098,2445.699951,2397.699951,2444.500000,2435.100098,2445.699951,2435.100098,2444.500000,changed
2024-08-08 12:00:00+00:00,2026-10-04T23:41:37Z,2451.699951,2455.300049,2446.500000,2447.399902,2451.699951,2455.300049,2446.600098,2447.399902,changed
2024-08-08 13:00:00+00:00,2026-10-04T23:41:37Z,2447.399902,2454.899902,2403.500000,2453.399902,2447.399902,2454.899902,2441.199951,2453.399902,changed
2024-08-08 14:00:00+00:00,2026-10-04T23:41:37Z,2453.399902,2464.000000,2409.300049,2453.100098,2453.399902,2464.000000,2448.500000,2453.199951,changed
2024-08-08 15:00:00+00:00,2026-10-04T23:41:37Z,2452.100098,2459.800049,2451.899902,2458.100098,2453.300049,2459.800049,2451.300049,2458.100098,changed
2024-08-08 17:00:00+00:00,2026-10-04T23:41:37Z,2457.600098,2464.500000,2419.500000,2463.000000,2457.600098,2464.500000,2455.300049,2463.000000,changed
2024-08-09 01:00:00+00:00,2026-10-04T23:41:37Z,2463.300049,2467.199951,2422.300049,2466.699951,2463.300049,2467.199951,2459.399902,2466.699951,changed
2024-08-09 04:00:00+00:00,2026-10-04T23:41:37Z,2460.500000,2464.000000,2459.699951,2463.300049,2460.500000,2464.000000,2459.699951,2463.399902,changed
2024-08-09 05:00:00+00:00,2026-10-04T23:41:37Z,2463.199951,2463.399902,2456.399902,2456.500000,2462.600098,2463.100098,2456.399902,2456.500000,changed
2024-08-09 06:00:00+00:00,2026-10-04T23:41:37Z,2456.300049,2461.100098,2418.500000,2460.000000,2456.300049,2461.100098,2456.100098,2460.000000,changed
2024-08-09 08:00:00+00:00,2026-10-04T23:41:37Z,2462.399902,2465.899902,2420.899902,2463.500000,2462.399902,2465.899902,2461.199951,2463.500000,changed
2024-08-09 12:00:00+00:00,2026-10-04T23:41:37Z,2465.899902,2469.300049,2422.399902,2469.000000,2465.899902,2469.300049,2462.699951,2469.000000,changed
2024-08-09 13:00:00+00:00,2026-10-04T23:41:37Z,2469.000000,2472.699951,2420.100098,2466.100098,2469.199951,2472.699951,2460.000000,2466.100098,changed
2024-08-09 15:00:00+00:00,2026-10-04T23:41:37Z,2467.800049,2471.899902,2465.800049,2470.600098,2467.800049,2471.899902,2465.800049,2470.899902,changed
2024-08-09 16:00:00+00:00,2026-10-04T23:41:37Z,2470.800049,2474.000000,2427.399902,2473.899902,2471.800049,2474.000000,2466.600098,2473.899902,changed
2024-08-09 18:00:00+00:00,2026-10-04T23:41:37Z,2470.100098,2470.300049,2425.899902,2469.300049,2470.100098,2470.300049,2466.600098,2469.300049,changed
2024-08-09 19:00:00+00:00,2026-10-04T23:41:37Z,2469.300049,2469.600098,2426.000000,2468.600098,2469.300049,2469.600098,2466.699951,2468.600098,changed
2024-08-09 20:00:00+00:00,2026-10-04T23:41:37Z,2468.600098,2470.699951,2429.199951,2470.600098,2468.600098,2470.699951,2468.500000,2470.600098,changed
2024-08-12 06:00:00+00:00,2026-10-04T23:41:37Z,2473.399902,2476.199951,2432.000000,2475.699951,2473.399902,2476.199951,2472.399902,2475.699951,changed
2024-08-12 08:00:00+00:00,2026-10-04T23:41:37Z,2481.100098,2482.899902,2437.699951,2481.000000,2481.100098,2482.899902,2478.899902,2481.000000,changed
2024-08-12 12:00:00+00:00,2026-10-04T23:41:37Z,2480.699951,2484.800049,2442.000000,2483.800049,2480.699951,2484.800049,2480.500000,2483.800049,changed
2024-08-12 13:00:00+00:00,2026-10-04T23:41:37Z,2483.899902,2497.199951,2440.800049,2493.699951,2483.899902,2497.199951,2481.399902,2493.699951,changed
2024-08-12 14:00:00+00:00,2026-10-04T23:41:37Z,2493.699951,2495.100098,2443.699951,2492.800049,2493.699951,2495.100098,2483.699951,2492.800049,changed
2024-08-12 16:00:00+00:00,2026-10-04T23:41:37Z,2499.300049,2505.800049,2461.000000,2502.899902,2499.300049,2505.800049,2498.500000,2502.899902,changed
2024-08-12 19:00:00+00:00,2026-10-04T23:41:37Z,2510.300049,2512.399902,2468.600098,2510.600098,2510.300049,2511.899902,2509.800049,2510.600098,changed
2024-08-12 20:00:00+00:00,2026-10-04T23:41:37Z,2510.699951,2513.399902,2469.600098,2513.399902,2510.699951,2513.399902,2510.500000,2513.399902,changed
2024-08-13 01:00:00+00:00,2026-10-04T23:41:37Z,2511.899902,2513.699951,2461.000000,2506.699951,2511.899902,2513.699951,2501.199951,2506.699951,changed
2024-08-13 05:00:00+00:00,2026-10-04T23:41:37Z,2502.199951,2504.500000,2458.600098,2503.000000,2502.199951,2504.500000,2498.699951,2503.000000,changed
2024-08-13 06:00:00+00:00,2026-10-04T23:41:37Z,2503.100098,2504.699951,2459.699951,2503.399902,2503.100098,2504.600098,2501.300049,2503.399902,changed
2024-08-13 07:00:00+00:00,2026-10-04T23:41:37Z,2503.300049,2505.899902,2500.500000,2503.800049,2503.300049,2505.500000,2500.500000,2503.800049,changed
2024-08-13 08:00:00+00:00,2026-10-04T23:41:37Z,2503.899902,2503.899902,2456.500000,2499.899902,2503.899902,2503.899902,2498.199951,2499.899902,changed
2024-08-13 09:00:00+00:00,2026-10-04T23:41:37Z,2499.899902,2501.899902,2457.199951,2500.000000,2499.899902,2501.899902,2498.300049,2500.000000,changed
2024-08-13 10:00:00+00:00,2026-10-04T23:41:37Z,2500.000000,2502.899902,2458.500000,2501.399902,2500.000000,2502.899902,2498.399902,2501.399902,changed
2024-08-13 11:00:00+00:00,2026-10-04T23:41:37Z,2501.399902,2506.399902,2459.500000,2505.300049,2501.399902,2506.399902,2500.600098,2505.300049,changed
2024-08-13 12:00:00+00:00,2026-10-04T23:41:37Z,2505.300049,2512.500000,2463.199951,2507.300049,2505.300049,2512.500000,2503.699951,2507.300049,changed
2024-08-13 13:00:00+00:00,2026-10-04T23:41:37Z,2507.300049,2515.600098,2463.199951,2512.399902,2507.300049,2514.899902,2498.199951,2514.699951,changed
2024-08-13 14:00:00+00:00,2026-10-04T23:41:37Z,2512.399902,2512.800049,2469.699951,2511.000000,2511.899902,2512.800049,2503.199951,2511.000000,changed
2024-08-13 15:00:00+00:00,2026-10-04T23:41:37Z,2511.100098,2512.800049,2468.199951,2508.300049,2511.100098,2512.800049,2505.500000,2508.300049,changed
2024-08-13 16:00:00+00:00,2026-10-04T23:41:37Z,2508.300049,2510.800049,2469.000000,2509.199951,2508.300049,2510.800049,2505.899902,2509.199951,changed
2024-08-13 18:00:00+00:00,2026-10-04T23:41:37Z,2507.300049,2508.699951,2466.800049,2507.600098,2507.300049,2508.699951,2506.199951,2507.600098,changed
2024-08-13 20:00:00+00:00,2026-10-04T23:41:37Z,2506.800049,2507.500000,2465.300049,2504.899902,2506.800049,2507.500000,2504.300049,2504.899902,changed
2024-08-14 07:00:00+00:00,2026-10-04T23:41:37Z,2506.199951,2510.800049,2468.000000,2509.699951,2506.199951,2510.399902,2505.300049,2509.699951,changed
2024-08-14 12:00:00+00:00,2026-10-04T23:41:37Z,2513.800049,2519.699951,2472.100098,2507.899902,2513.800049,2519.699951,2500.800049,2507.899902,changed
2024-08-14 13:00:00+00:00,2026-10-04T23:41:37Z,2507.899902,2508.800049,2450.000000,2496.199951,2507.899902,2508.800049,2487.699951,2496.199951,changed
2024-08-14 14:00:00+00:00,2026-10-04T23:41:37Z,2496.100098,2497.100098,2445.199951,2488.600098,2496.100098,2497.100098,2485.399902,2488.600098,changed
2024-08-14 15:00:00+00:00,2026-10-04T23:41:37Z,2488.600098,2490.699951,2448.500000,2482.600098,2488.600098,2490.699951,2480.300049,2482.600098,changed
2024-08-14 19:00:00+00:00,2026-10-04T23:41:37Z,2486.000000,2486.800049,2445.600098,2485.500000,2486.000000,2486.800049,2482.600098,2485.500000,changed
2024-08-14 20:00:00+00:00,2026-10-04T23:41:37Z,2485.600098,2486.800049,2444.699951,2486.000000,2485.600098,2486.800049,2484.800049,2486.000000,changed
2024-08-15 00:00:00+00:00,2026-10-04T23:41:37Z,2486.899902,2491.500000,2486.000000,2487.300049,2486.899902,2491.500000,2479.699951,2487.300049,changed
2024-08-15 04:00:00+00:00,2026-10-04T23:41:37Z,2491.300049,2493.000000,2451.800049,2490.899902,2491.300049,2493.000000,2490.300049,2490.899902,changed
2024-08-15 07:00:00+00:00,2026-10-04T23:41:37Z,2493.600098,2494.300049,2491.899902,2493.300049,2493.600098,2494.300049,2492.000000,2493.300049,changed
2024-08-15 08:00:00+00:00,2026-10-04T23:41:37Z,2493.399902,2494.899902,2454.000000,2493.000000,2493.399902,2494.899902,2491.199951,2493.000000,changed
2024-08-15 10:00:00+00:00,2026-10-04T23:41:37Z,2494.300049,2497.899902,2457.000000,2495.699951,2494.300049,2497.899902,2494.300049,2495.699951,changed
2024-08-15 11:00:00+00:00,2026-10-04T23:41:37Z,2495.699951,2501.899902,2459.899902,2501.100098,2495.699951,2501.899902,2495.300049,2501.100098,changed
2024-08-15 12:00:00+00:00,2026-10-04T23:41:37Z,2501.300049,2508.000000,2448.500000,2478.399902,2501.300049,2508.000000,2478.000000,2478.399902,changed
2024-08-15 13:00:00+00:00,2026-10-04T23:41:37Z,2478.500000,2488.800049,2431.199951,2481.899902,2478.500000,2488.800049,2469.199951,2481.899902,changed
2024-08-15 14:00:00+00:00,2026-10-04T23:41:37Z,2481.699951,2496.500000,2443.100098,2490.000000,2481.699951,2496.500000,2481.699951,2490.000000,changed
2024-08-15 15:00:00+00:00,2026-10-04T23:41:37Z,2489.800049,2497.300049,2454.500000,2496.100098,2489.800049,2497.300049,2488.300049,2496.100098,changed
2024-08-15 16:00:00+00:00,2026-10-04T23:41:37Z,2496.100098,2497.699951,2454.899902,2493.199951,2496.100098,2497.699951,2492.600098,2493.199951,changed
2024-08-15 18:00:00+00:00,2026-10-04T23:41:37Z,2493.300049,2496.199951,2453.899902,2496.100098,2493.300049,2496.199951,2492.500000,2496.100098,changed
2024-08-15 19:00:00+00:00,2026-10-04T23:41:37Z,2496.199951,2499.399902,2455.600098,2493.500000,2496.199951,2499.399902,2491.899902,2493.500000,changed
2024-08-15 22:00:00+00:00,2026-10-04T23:41:37Z,2494.399902,2494.699951,2453.500000,2492.399902,2494.399902,2494.699951,2492.000000,2492.399902,changed
2024-08-16 06:00:00+00:00,2026-10-04T23:41:37Z,2493.100098,2495.399902,2453.699951,2492.399902,2493.100098,2495.399902,2491.899902,2492.399902,changed
2024-08-16 07:00:00+00:00,2026-10-04T23:41:37Z,2492.399902,2501.899902,2451.399902,2499.300049,2492.399902,2501.899902,2489.399902,2499.300049,changed
2024-08-16 10:00:00+00:00,2026-10-04T23:41:37Z,2500.800049,2506.000000,2462.199951,2502.300049,2500.800049,2506.000000,2500.399902,2502.300049,changed
2024-08-16 11:00:00+00:00,2026-10-04T23:41:37Z,2502.399902,2510.300049,2466.500000,2510.000000,2502.399902,2510.300049,2502.399902,2510.000000,changed
2024-08-16 12:00:00+00:00,2026-10-04T23:41:37Z,2510.000000,2531.399902,2488.199951,2530.500000,2510.000000,2531.399902,2509.300049,2530.500000,changed
2024-08-16 13:00:00+00:00,2026-10-04T23:41:37Z,2530.600098,2538.699951,2486.000000,2533.300049,2530.600098,2538.699951,2522.199951,2533.300049,changed
2024-08-16 14:00:00+00:00,2026-10-04T23:41:37Z,2533.300049,2533.899902,2481.199951,2525.600098,2533.300049,2533.899902,2515.800049,2525.600098,changed
2024-08-16 17:00:00+00:00,2026-10-04T23:41:37Z,2534.300049,2538.699951,2498.300049,2538.199951,2534.300049,2538.699951,2531.399902,2538.199951,changed
2024-08-16 19:00:00+00:00,2026-10-04T23:41:37Z,2542.000000,2547.399902,2504.399902,2546.500000,2542.000000,2547.399902,2540.199951,2546.500000,changed
2024-08-16 20:00:00+00:00,2026-10-04T23:41:37Z,2546.500000,2548.300049,2508.000000,2546.100098,2546.500000,2548.300049,2543.800049,2546.199951,changed
2024-08-18 22:00:00+00:00,2026-10-04T23:41:37Z,2549.699951,2549.899902,2502.800049,2543.600098,2549.699951,2549.899902,2540.899902,2543.600098,changed
2024-08-19 01:00:00+00:00,2026-10-04T23:41:37Z,2541.100098,2545.000000,2497.699951,2537.000000,2541.100098,2545.000000,2533.699951,2537.000000,changed
2024-08-19 05:00:00+00:00,2026-10-04T23:41:37Z,2539.500000,2541.100098,2499.800049,2539.899902,2539.500000,2541.100098,2537.899902,2539.899902,changed
2024-08-19 06:00:00+00:00,2026-10-04T23:41:37Z,2539.600098,2543.600098,2504.300049,2540.500000,2539.600098,2543.600098,2538.300049,2540.500000,changed
2024-08-19 07:00:00+00:00,2026-10-04T23:41:37Z,2540.600098,2543.399902,2500.300049,2541.199951,2540.600098,2543.399902,2537.899902,2541.199951,changed
2024-08-19 08:00:00+00:00,2026-10-04T23:41:37Z,2541.199951,2545.800049,2501.300049,2541.500000,2541.199951,2545.800049,2540.699951,2541.500000,changed
2024-08-19 11:00:00+00:00,2026-10-04T23:41:37Z,2527.800049,2533.500000,2487.199951,2532.800049,2527.800049,2533.500000,2524.399902,2532.800049,changed
2024-08-19 12:00:00+00:00,2026-10-04T23:41:37Z,2532.899902,2533.800049,2492.199951,2529.399902,2532.899902,2533.800049,2526.399902,2529.399902,changed
2024-08-19 18:00:00+00:00,2026-10-04T23:41:37Z,2541.500000,2543.399902,2502.300049,2542.800049,2541.500000,2543.399902,2540.899902,2542.800049,changed
2024-08-19 22:00:00+00:00,2026-10-04T23:41:37Z,2542.399902,2542.899902,2503.500000,2542.500000,2542.399902,2542.899902,2540.199951,2542.500000,changed
2024-08-20 06:00:00+00:00,2026-10-04T23:41:37Z,2537.199951,2543.800049,2500.699951,2540.500000,2537.199951,2543.800049,2535.100098,2540.500000,changed
2024-08-20 07:00:00+00:00,2026-10-04T23:41:37Z,2540.399902,2553.699951,2505.100098,2553.199951,2540.399902,2553.699951,2539.300049,2553.199951,changed
2024-08-20 12:00:00+00:00,2026-10-04T23:41:37Z,2565.000000,2568.000000,2525.000000,2565.199951,2565.000000,2568.000000,2560.199951,2565.199951,changed
2024-08-20 13:00:00+00:00,2026-10-04T23:41:37Z,2565.300049,2570.399902,2526.100098,2568.500000,2565.300049,2570.399902,2558.300049,2568.500000,changed
2024-08-20 14:00:00+00:00,2026-10-04T23:41:37Z,2568.399902,2568.800049,2526.500000,2562.100098,2568.399902,2568.800049,2558.399902,2562.100098,changed
2024-08-20 15:00:00+00:00,2026-10-04T23:41:37Z,2562.100098,2562.300049,2509.300049,2546.399902,2562.100098,2562.300049,2543.600098,2546.399902,changed
2024-08-20 16:00:00+00:00,2026-10-04T23:41:37Z,2546.600098,2548.600098,2508.000000,2547.100098,2546.600098,2548.600098,2538.600098,2547.100098,changed
2024-08-20 18:00:00+00:00,2026-10-04T23:41:37Z,2548.699951,2553.800049,2513.699951,2551.699951,2548.699951,2553.800049,2547.500000,2551.699951,changed
2024-08-20 19:00:00+00:00,2026-10-04T23:41:37Z,2551.600098,2553.500000,2512.500000,2553.199951,2551.600098,2553.500000,2549.000000,2553.199951,changed
2024-08-21 11:00:00+00:00,2026-10-04T23:41:37Z,2547.699951,2552.000000,2511.000000,2549.899902,2547.699951,2552.000000,2545.000000,2549.899902,changed
2024-08-21 12:00:00+00:00,2026-10-04T23:41:37Z,2550.000000,2552.000000,2506.899902,2548.399902,2550.000000,2552.000000,2544.899902,2548.399902,changed
2024-08-21 14:00:00+00:00,2026-10-04T23:41:37Z,2540.699951,2544.500000,2503.899902,2539.100098,2540.699951,2544.500000,2528.199951,2539.100098,changed
2024-08-21 17:00:00+00:00,2026-10-04T23:41:37Z,2544.800049,2549.199951,2508.199951,2547.300049,2544.800049,2549.199951,2544.699951,2547.300049,changed
2024-08-21 18:00:00+00:00,2026-10-04T23:41:37Z,2547.199951,2557.300049,2515.399902,2554.199951,2547.199951,2557.300049,2547.000000,2554.199951,changed
2024-08-22 06:00:00+00:00,2026-10-04T23:41:37Z,2542.000000,2547.199951,2504.100098,2543.800049,2542.000000,2547.199951,2539.699951,2543.800049,changed
2024-08-22 12:00:00+00:00,2026-10-04T23:41:37Z,2535.699951,2541.899902,2495.699951,2536.899902,2535.699951,2541.899902,2531.300049,2536.899902,changed
2024-08-22 13:00:00+00:00,2026-10-04T23:41:37Z,2536.899902,2537.899902,2484.600098,2523.500000,2536.899902,2537.899902,2518.699951,2523.500000,changed
2024-08-22 14:00:00+00:00,2026-10-04T23:41:37Z,2523.699951,2523.699951,2471.100098,2515.899902,2523.699951,2523.699951,2506.399902,2515.899902,changed
2024-08-22 15:00:00+00:00,2026-10-04T23:41:37Z,2515.800049,2520.199951,2475.699951,2517.899902,2515.800049,2520.199951,2510.699951,2517.899902,changed
2024-08-22 16:00:00+00:00,2026-10-04T23:41:37Z,2518.000000,2522.100098,2482.399902,2520.199951,2518.000000,2522.100098,2517.399902,2520.199951,changed
2024-08-22 17:00:00+00:00,2026-10-04T23:41:37Z,2520.100098,2520.399902,2515.300049,2517.899902,2520.100098,2520.399902,2515.300049,2517.600098,changed
2024-08-22 18:00:00+00:00,2026-10-04T23:41:37Z,2518.000000,2520.699951,2479.800049,2517.899902,2518.000000,2520.699951,2516.100098,2517.899902,changed
2024-08-23 00:00:00+00:00,2026-10-04T23:41:37Z,2522.899902,2527.899902,2486.500000,2525.399902,2522.899902,2527.899902,2521.899902,2525.399902,changed
2024-08-23 02:00:00+00:00,2026-10-04T23:41:37Z,2526.600098,2527.199951,2486.800049,2525.500000,2526.600098,2527.199951,2522.100098,2525.500000,changed
2024-08-23 13:00:00+00:00,2026-10-04T23:41:37Z,2536.899902,2539.600098,2492.899902,2533.800049,2536.899902,2539.600098,2530.100098,2533.800049,changed
2024-08-23 14:00:00+00:00,2026-10-04T23:41:37Z,2533.899902,2554.199951,2499.000000,2545.000000,2533.899902,2554.199951,2532.100098,2545.000000,changed
2024-08-23 19:00:00+00:00,2026-10-04T23:41:37Z,2545.399902,2548.600098,2506.800049,2546.600098,2545.399902,2548.600098,2543.500000,2546.600098,changed
2024-08-25 22:00:00+00:00,2026-10-04T23:41:37Z,2545.100098,2550.300049,2509.899902,2548.399902,2545.100098,2550.300049,2544.600098,2548.399902,changed
2024-08-25 23:00:00+00:00,2026-10-04T23:41:37Z,2548.399902,2552.100098,2511.899902,2551.300049,2548.399902,2552.100098,2548.399902,2551.300049,changed
2024-08-26 01:00:00+00:00,2026-10-04T23:41:37Z,2549.000000,2550.800049,2509.100098,2548.699951,2549.000000,2550.800049,2546.000000,2548.699951,changed
2024-08-26 07:00:00+00:00,2026-10-04T23:41:37Z,2550.600098,2557.300049,2516.899902,2556.899902,2550.600098,2557.300049,2549.600098,2556.899902,changed
2024-08-26 08:00:00+00:00,2026-10-04T23:41:37Z,2557.000000,2561.600098,2556.300049,2560.000000,2557.000000,2561.699951,2556.300049,2560.000000,changed
2024-08-26 09:00:00+00:00,2026-10-04T23:41:37Z,2560.100098,2561.500000,2523.100098,2561.000000,2560.100098,2561.500000,2559.100098,2561.000000,changed
2024-08-26 11:00:00+00:00,2026-10-04T23:41:37Z,2560.699951,2562.500000,2519.800049,2562.100098,2560.699951,2562.500000,2556.399902,2562.100098,changed
2024-08-26 12:00:00+00:00,2026-10-04T23:41:37Z,2562.199951,2563.199951,2522.100098,2559.500000,2562.199951,2563.199951,2558.199951,2559.500000,changed
2024-08-26 13:00:00+00:00,2026-10-04T23:41:37Z,2559.500000,2562.300049,2515.699951,2551.600098,2559.500000,2562.300049,2551.000000,2551.600098,changed
2024-08-26 14:00:00+00:00,2026-10-04T23:41:37Z,2551.600098,2554.699951,2509.699951,2552.600098,2551.600098,2554.699951,2546.100098,2552.600098,changed
2024-08-27 05:00:00+00:00,2026-10-04T23:41:37Z,2542.300049,2548.800049,2541.699951,2548.800049,2542.300049,2548.800049,2541.699951,2548.600098,changed
2024-08-27 06:00:00+00:00,2026-10-04T23:41:37Z,2548.500000,2552.500000,2547.899902,2549.899902,2548.600098,2552.500000,2547.899902,2549.899902,changed
2024-08-27 07:00:00+00:00,2026-10-04T23:41:37Z,2549.899902,2552.699951,2515.199951,2540.000000,2549.899902,2552.699951,2539.500000,2540.000000,changed
2024-08-27 11:00:00+00:00,2026-10-04T23:41:37Z,2544.100098,2547.699951,2543.899902,2546.600098,2544.100098,2547.699951,2543.699951,2546.600098,changed
2024-08-27 13:00:00+00:00,2026-10-04T23:41:37Z,2544.899902,2550.399902,2506.899902,2547.800049,2544.899902,2550.399902,2538.899902,2547.800049,changed
2024-08-27 16:00:00+00:00,2026-10-04T23:41:37Z,2547.300049,2549.899902,2511.100098,2549.800049,2547.300049,2549.899902,2545.000000,2549.800049,changed
2024-08-27 19:00:00+00:00,2026-10-04T23:41:37Z,2560.000000,2561.100098,2522.300049,2560.399902,2560.000000,2561.100098,2558.399902,2560.399902,changed
2024-08-27 20:00:00+00:00,2026-10-04T23:41:37Z,2560.399902,2561.399902,2522.800049,2560.000000,2560.399902,2561.399902,2559.100098,2560.000000,changed
2024-08-30 07:00:00+00:00,2026-10-04T23:41:37Z,2550.600098,2554.399902,2550.399902,2552.500000,2550.600098,2554.300049,2550.399902,2552.500000,changed
2024-08-30 14:00:00+00:00,2026-10-04T23:41:37Z,2548.800049,2551.699951,2539.300049,2542.100098,2548.800049,2551.399902,2539.300049,2542.100098,changed
2024-08-30 20:00:00+00:00,2026-10-04T23:41:37Z,2534.800049,2536.100098,2534.399902,2536.000000,2534.800049,2536.100098,2534.399902,2535.899902,changed
2024-08-01 01:00:00+00:00,2026-10-05T00:39:31Z,2492.000000,2502.800049,2490.500000,2495.500000,2492.000000,2502.800049,2452.600098,2495.500000,changed
2024-08-01 05:00:00+00:00,2026-10-05T00:39:31Z,2488.399902,2492.300049,2487.699951,2491.000000,2488.399902,2492.300049,2442.500000,2491.000000,changed
2024-08-01 06:00:00+00:00,2026-10-05T00:39:31Z,2490.899902,2492.899902,2488.300049,2489.100098,2490.899902,2492.899902,2445.800049,2489.100098,changed
2024-08-01 07:00:00+00:00,2026-10-05T00:39:31Z,2489.199951,2489.300049,2484.000000,2484.399902,2489.199951,2489.199951,2442.000000,2484.399902,changed
2024-08-01 09:00:00+00:00,2026-10-05T00:39:31Z,2478.000000,2479.399902,2474.000000,2476.800049,2478.000000,2479.399902,2430.399902,2476.800049,changed
2024-08-01 10:00:00+00:00,2026-10-05T00:39:31Z,2476.899902,2480.800049,2475.899902,2479.199951,2476.899902,2480.800049,2431.600098,2479.199951,changed
2024-08-01 11:00:00+00:00,2026-10-05T00:39:31Z,2479.199951,2487.399902,2478.300049,2485.000000,2479.199951,2487.399902,2433.899902,2485.000000,changed
2024-08-01 12:00:00+00:00,2026-10-05T00:39:31Z,2485.100098,2499.399902,2484.600098,2495.300049,2485.100098,2499.399902,2446.199951,2495.300049,changed
2024-08-01 13:00:00+00:00,2026-10-05T00:39:31Z,2495.000000,2501.899902,2492.699951,2497.800049,2495.000000,2501.899902,2452.100098,2497.800049,changed
2024-08-01 14:00:00+00:00,2026-10-05T00:39:31Z,2498.100098,2506.600098,2487.300049,2492.800049,2498.100098,2506.600098,2443.399902,2492.800049,changed
2024-08-01 15:00:00+00:00,2026-10-05T00:39:31Z,2492.699951,2496.199951,2486.399902,2489.399902,2492.699951,2496.199951,2442.899902,2489.399902,changed
2024-08-01 16:00:00+00:00,2026-10-05T00:39:31Z,2489.300049,2492.800049,2487.500000,2488.600098,2489.300049,2492.800049,2442.899902,2488.600098,changed
2024-08-01 17:00:00+00:00,2026-10-05T00:39:31Z,2488.600098,2488.800049,2479.500000,2483.199951,2488.600098,2488.800049,2434.800049,2483.199951,changed
2024-08-01 18:00:00+00:00,2026-10-05T00:39:31Z,2483.100098,2484.699951,2478.600098,2483.500000,2483.100098,2484.699951,2436.300049,2483.500000,changed
2024-08-01 20:00:00+00:00,2026-10-05T00:39:31Z,2487.300049,2492.000000,2486.199951,2490.899902,2487.300049,2492.000000,2441.800049,2490.899902,changed
2024-08-01 22:00:00+00:00,2026-10-05T00:39:31Z,2490.800049,2491.500000,2487.800049,2489.399902,2490.800049,2491.500000,2444.000000,2489.399902,changed
2024-08-02 01:00:00+00:00,2026-10-05T00:39:31Z,2493.199951,2495.000000,2479.500000,2491.600098,2493.199951,2494.800049,2436.800049,2491.600098,changed
2024-08-02 03:00:00+00:00,2026-10-05T00:39:31Z,2499.899902,2503.800049,2496.000000,2498.699951,2499.899902,2503.800049,2457.100098,2498.699951,changed
2024-08-02 05:00:00+00:00,2026-10-05T00:39:31Z,2501.899902,2511.500000,2501.800049,2511.300049,2501.899902,2511.500000,2458.500000,2511.300049,changed
2024-08-02 07:00:00+00:00,2026-10-05T00:39:31Z,2509.699951,2510.899902,2504.399902,2505.800049,2509.699951,2510.899902,2460.699951,2505.800049,changed
2024-08-02 10:00:00+00:00,2026-10-05T00:39:31Z,2508.399902,2509.899902,2505.300049,2507.899902,2508.399902,2509.899902,2462.699951,2507.899902,changed
2024-08-02 11:00:00+00:00,2026-10-05T00:39:31Z,2508.000000,2509.199951,2501.800049,2503.500000,2508.000000,2509.199951,2458.699951,2503.500000,changed
2024-08-02 12:00:00+00:00,2026-10-05T00:39:31Z,2503.300049,2522.500000,2499.899902,2517.100098,2503.300049,2522.500000,2473.399902,2517.100098,changed
2024-08-02 13:00:00+00:00,2026-10-05T00:39:31Z,2517.000000,2518.600098,2499.399902,2513.000000,2517.000000,2518.600098,2463.500000,2513.800049,changed
2024-08-02 14:00:00+00:00,2026-10-05T00:39:31Z,2516.800049,2518.399902,2471.699951,2474.399902,2513.699951,2518.399902,2428.399902,2474.399902,changed
2024-08-02 15:00:00+00:00,2026-10-05T00:39:31Z,2474.300049,2478.899902,2453.100098,2476.100098,2474.300049,2478.899902,2416.000000,2476.100098,changed
2024-08-02 16:00:00+00:00,2026-10-05T00:39:31Z,2476.300049,2482.399902,2469.100098,2473.199951,2475.699951,2482.399902,2425.399902,2473.199951,changed
2024-08-02 17:00:00+00:00,2026-10-05T00:39:31Z,2473.100098,2474.399902,2465.500000,2470.500000,2473.100098,2474.399902,2426.399902,2470.500000,changed
2024-08-02 18:00:00+00:00,2026-10-05T00:39:31Z,2470.600098,2476.500000,2469.500000,2471.899902,2470.600098,2476.500000,2426.899902,2471.899902,changed
2024-08-02 19:00:00+00:00,2026-10-05T00:39:31Z,2471.899902,2480.800049,2468.399902,2480.000000,2471.899902,2480.800049,2433.800049,2480.000000,changed
2024-08-02 20:00:00+00:00,2026-10-05T00:39:31Z,2480.000000,2486.600098,2478.100098,2486.100098,2480.000000,2486.600098,2440.199951,2486.100098,changed
2024-08-04 22:00:00+00:00,2026-10-05T00:39:31Z,2490.300049,2490.399902,2480.100098,2483.500000,2490.300049,2490.399902,2442.000000,2483.500000,changed
2024-08-05 00:00:00+00:00,2026-10-05T00:39:31Z,2483.199951,2483.199951,2455.699951,2464.300049,2483.199951,2483.199951,2422.100098,2464.300049,changed
2024-08-05 01:00:00+00:00,2026-10-05T00:39:31Z,2463.699951,2484.199951,2462.100098,2481.600098,2463.699951,2484.199951,2418.899902,2481.600098,changed
2024-08-05 02:00:00+00:00,2026-10-05T00:39:31Z,2481.500000,2488.500000,2475.100098,2484.699951,2481.500000,2488.500000,2436.000000,2484.699951,changed
2024-08-05 05:00:00+00:00,2026-10-05T00:39:31Z,2494.600098,2494.600098,2473.600098,2479.699951,2494.600098,2494.600098,2435.000000,2479.699951,changed
2024-08-05 06:00:00+00:00,2026-10-05T00:39:31Z,2479.600098,2480.300049,2463.600098,2470.000000,2479.600098,2480.300049,2430.000000,2470.000000,changed
2024-08-05 07:00:00+00:00,2026-10-05T00:39:31Z,2470.000000,2485.100098,2465.899902,2473.199951,2470.000000,2485.100098,2426.000000,2473.199951,changed
2024-08-05 08:00:00+00:00,2026-10-05T00:39:31Z,2473.300049,2475.800049,2464.100098,2465.800049,2473.300049,2475.800049,2423.199951,2465.800049,changed
2024-08-05 09:00:00+00:00,2026-10-05T00:39:31Z,2466.100098,2469.699951,2460.000000,2464.899902,2466.100098,2469.600098,2418.000000,2464.899902,changed
2024-08-05 10:00:00+00:00,2026-10-05T00:39:31Z,2465.000000,2466.399902,2448.600098,2449.100098,2465.000000,2466.399902,2406.000000,2449.100098,changed
2024-08-05 11:00:00+00:00,2026-10-05T00:39:31Z,2449.000000,2449.000000,2423.100098,2426.800049,2449.000000,2449.000000,2400.000000,2426.800049,changed
2024-08-05 12:00:00+00:00,2026-10-05T00:39:31Z,2426.899902,2433.000000,2403.800049,2414.100098,2426.899902,2433.000000,2367.399902,2414.100098,changed
2024-08-05 13:00:00+00:00,2026-10-05T00:39:31Z,2414.199951,2437.399902,2414.199951,2434.100098,2414.199951,2437.399902,2375.100098,2434.100098,changed
2024-08-05 14:00:00+00:00,2026-10-05T00:39:31Z,2433.399902,2438.000000,2426.100098,2437.100098,2433.399902,2438.000000,2389.000000,2437.100098,changed
2024-08-05 15:00:00+00:00,2026-10-05T00:39:31Z,2436.899902,2452.800049,2436.699951,2443.300049,2436.899902,2452.800049,2399.399902,2443.300049,changed
2024-08-05 19:00:00+00:00,2026-10-05T00:39:31Z,2446.199951,2454.699951,2445.800049,2449.000000,2446.199951,2454.699951,2406.399902,2449.000000,changed
2024-08-06 01:00:00+00:00,2026-10-05T00:39:31Z,2457.100098,2459.000000,2451.699951,2453.399902,2457.100098,2459.000000,2414.500000,2453.399902,changed
2024-08-06 04:00:00+00:00,2026-10-05T00:39:31Z,2449.500000,2453.399902,2447.300049,2448.500000,2449.500000,2453.399902,2409.100098,2448.500000,changed
2024-08-06 05:00:00+00:00,2026-10-05T00:39:31Z,2448.600098,2452.300049,2438.500000,2439.199951,2448.600098,2452.300049,2402.699951,2439.199951,changed
2024-08-06 06:00:00+00:00,2026-10-05T00:39:31Z,2439.399902,2448.899902,2434.600098,2442.000000,2439.399902,2448.899902,2399.600098,2442.000000,changed
2024-08-06 09:00:00+00:00,2026-10-05T00:39:31Z,2451.699951,2456.199951,2450.800049,2454.100098,2451.699951,2455.500000,2450.800049,2454.100098,changed
2024-08-06 11:00:00+00:00,2026-10-05T00:39:31Z,2453.000000,2456.000000,2450.699951,2451.699951,2453.000000,2456.000000,2412.899902,2451.699951,changed
2024-08-06 12:00:00+00:00,2026-10-05T00:39:31Z,2451.699951,2452.899902,2432.100098,2433.399902,2451.699951,2452.899902,2393.899902,2433.399902,changed
2024-08-06 13:00:00+00:00,2026-10-05T00:39:31Z,2433.399902,2439.899902,2429.300049,2436.199951,2433.399902,2439.899902,2392.899902,2436.199951,changed
2024-08-06 14:00:00+00:00,2026-10-05T00:39:31Z,2436.199951,2444.100098,2426.899902,2429.199951,2436.199951,2444.100098,2385.800049,2429.199951,changed
2024-08-06 15:00:00+00:00,2026-10-05T00:39:31Z,2429.199951,2431.699951,2421.800049,2428.399902,2429.199951,2431.699951,2380.000000,2428.399902,changed
2024-08-06 16:00:00+00:00,2026-10-05T00:39:31Z,2428.500000,2432.500000,2426.399902,2431.000000,2428.500000,2432.500000,2385.300049,2431.000000,changed
2024-08-06 17:00:00+00:00,2026-10-05T00:39:31Z,2431.000000,2434.600098,2428.600098,2434.199951,2431.000000,2434.600098,2387.399902,2432.899902,changed
2024-08-06 18:00:00+00:00,2026-10-05T00:39:31Z,2433.000000,2437.100098,2432.399902,2433.899902,2432.899902,2437.100098,2392.699951,2433.899902,changed
2024-08-06 20:00:00+00:00,2026-10-05T00:39:31Z,2429.000000,2432.100098,2428.100098,2432.100098,2429.000000,2432.100098,2387.399902,2432.100098,changed
2024-08-07 04:00:00+00:00,2026-10-05T00:39:31Z,2426.000000,2434.800049,2425.699951,2433.000000,2426.000000,2434.800049,2392.199951,2433.000000,changed
2024-08-07 05:00:00+00:00,2026-10-05T00:39:31Z,2432.699951,2436.199951,2428.399902,2431.300049,2432.699951,2436.199951,2394.000000,2431.300049,changed
2024-08-07 06:00:00+00:00,2026-10-05T00:39:31Z,2431.300049,2437.600098,2429.399902,2434.500000,2389.800049,2437.600098,2387.300049,2434.500000,changed
2024-08-07 07:00:00+00:00,2026-10-05T00:39:31Z,2434.699951,2434.800049,2428.000000,2429.300049,2434.699951,2434.800049,2386.500000,2429.300049,changed
2024-08-07 08:00:00+00:00,2026-10-05T00:39:31Z,2429.199951,2433.600098,2428.000000,2433.199951,2429.199951,2433.600098,2391.000000,2433.199951,changed
2024-08-07 09:00:00+00:00,2026-10-05T00:39:31Z,2433.399902,2436.500000,2432.500000,2434.399902,2433.399902,2436.500000,2432.600098,2434.399902,changed
2024-08-07 10:00:00+00:00,2026-10-05T00:39:31Z,2434.500000,2438.399902,2433.199951,2437.600098,2434.500000,2438.399902,2392.699951,2437.600098,changed
2024-08-07 12:00:00+00:00,2026-10-05T00:39:31Z,2441.399902,2447.300049,2439.199951,2444.100098,2441.399902,2447.300049,2398.100098,2444.100098,changed
2024-08-07 13:00:00+00:00,2026-10-05T00:39:31Z,2444.300049,2445.300049,2436.699951,2440.300049,2444.300049,2445.300049,2397.100098,2440.300049,changed
2024-08-07 14:00:00+00:00,2026-10-05T00:39:31Z,2440.100098,2443.500000,2438.100098,2439.199951,2440.100098,2443.500000,2400.199951,2439.199951,changed
2024-08-07 16:00:00+00:00,2026-10-05T00:39:31Z,2434.699951,2440.100098,2433.100098,2439.899902,2434.699951,2440.100098,2394.300049,2439.899902,changed
2024-08-07 17:00:00+00:00,2026-10-05T00:39:31Z,2439.899902,2440.000000,2429.600098,2430.000000,2439.899902,2440.000000,2393.699951,2430.000000,changed
2024-08-07 18:00:00+00:00,2026-10-05T00:39:31Z,2429.899902,2432.000000,2423.899902,2426.300049,2429.899902,2432.000000,2387.000000,2426.300049,changed
2024-08-07 19:00:00+00:00,2026-10-05T00:39:31Z,2426.199951,2430.699951,2425.300049,2425.500000,2426.199951,2430.699951,2384.500000,2425.600098,changed
2024-08-07 20:00:00+00:00,2026-10-05T00:39:31Z,2426.100098,2427.399902,2421.699951,2423.500000,2425.699951,2427.399902,2421.699951,2423.500000,changed
2024-08-08 00:00:00+00:00,2026-10-05T00:39:31Z,2423.899902,2427.899902,2422.300049,2424.300049,2423.899902,2427.899902,2384.300049,2424.300049,changed
2024-08-08 03:00:00+00:00,2026-10-05T00:39:31Z,2429.500000,2433.800049,2427.800049,2433.000000,2429.500000,2433.800049,2387.699951,2433.000000,changed
2024-08-08 07:00:00+00:00,2026-10-05T00:39:31Z,2436.500000,2439.100098,2434.100098,2435.600098,2436.500000,2439.100098,2433.500000,2435.600098,changed
2024-08-08 10:00:00+00:00,2026-10-05T00:39:31Z,2435.100098,2445.699951,2435.100098,2444.500000,2435.100098,2445.699951,2397.699951,2444.500000,changed
2024-08-08 12:00:00+00:00,2026-10-05T00:39:31Z,2451.699951,2455.300049,2446.600098,2447.399902,2451.699951,2455.300049,2446.500000,2447.399902,changed
2024-08-08 13:00:00+00:00,2026-10-05T00:39:31Z,2447.399902,2454.899902,2441.199951,2453.399902,2447.399902,2454.899902,2403.500000,2453.399902,changed
2024-08-08 14:00:00+00:00,2026-10-05T00:39:31Z,2453.399902,2464.000000,2448.500000,2453.199951,2453.399902,2464.000000,2409.300049,2453.100098,changed
2024-08-08 15:00:00+00:00,2026-10-05T00:39:31Z,2453.300049,2459.800049,2451.300049,2458.100098,2452.100098,2459.800049,2451.899902,2458.100098,changed
2024-08-08 17:00:00+00:00,2026-10-05T00:39:31Z,2457.600098,2464.500000,2455.300049,2463.000000,2457.600098,2464.500000,2419.500000,2463.000000,changed
2024-08-09 01:00:00+00:00,2026-10-05T00:39:31Z,2463.300049,2467.199951,2459.399902,2466.699951,2463.300049,2467.199951,2422.300049,2466.699951,changed
2024-08-09 04:00:00+00:00,2026-10-05T00:39:31Z,2460.500000,2464.000000,2459.699951,2463.399902,2460.500000,2464.000000,2459.699951,2463.300049,changed
2024-08-09 05:00:00+00:00,2026-10-05T00:39:31Z,2462.600098,2463.100098,2456.399902,2456.500000,2463.199951,2463.399902,2456.399902,2456.500000,changed
2024-08-09 06:00:00+00:00,2026-10-05T00:39:31Z,2456.300049,2461.100098,2456.100098,2460.000000,2456.300049,2461.100098,2418.500000,2460.000000,changed
2024-08-09 08:00:00+00:00,2026-10-05T00:39:31Z,2462.399902,2465.899902,2461.199951,2463.500000,2462.399902,2465.899902,2420.899902,2463.500000,changed
2024-08-09 12:00:00+00:00,2026-10-05T00:39:31Z,2465.899902,2469.300049,2462.699951,2469.000000,2465.899902,2469.300049,2422.399902,2469.000000,changed
2024-08-09 13:00:00+00:00,2026-10-05T00:39:31Z,2469.199951,2472.699951,2460.000000,2466.100098,2469.000000,2472.699951,2420.100098,2466.100098,changed
2024-08-09 15:00:00+00:00,2026-10-05T00:39:31Z,2467.800049,2471.899902,2465.800049,2470.899902,2467.800049,2471.899902,2465.800049,2470.600098,changed
2024-08-09 16:00:00+00:00,2026-10-05T00:39:31Z,2471.800049,2474.000000,2466.600098,2473.899902,2470.800049,2474.000000,2427.399902,2473.899902,changed
2024-08-09 18:00:00+00:00,2026-10-05T00:39:31Z,2470.100098,2470.300049,2466.600098,2469.300049,2470.100098,2470.300049,2425.899902,2469.300049,changed
2024-08-09 19:00:00+00:00,2026-10-05T00:39:31Z,2469.300049,2469.600098,2466.699951,2468.600098,2469.300049,2469.600098,2426.000000,2468.600098,changed
2024-08-09 20:00:00+00:00,2026-10-05T00:39:31Z,2468.600098,2470.699951,2468.500000,2470.600098,2468.600098,2470.699951,2429.199951,2470.600098,changed
2024-08-12 06:00:00+00:00,2026-10-05T00:39:31Z,2473.399902,2476.199951,2472.399902,2475.699951,2473.399902,2476.199951,2432.000000,2475.699951,changed
2024-08-12 08:00:00+00:00,2026-10-05T00:39:31Z,2481.100098,2482.899902,2478.899902,2481.000000,2481.100098,2482.899902,2437.699951,2481.000000,changed
2024-08-12 12:00:00+00:00,2026-10-05T00:39:31Z,2480.699951,2484.800049,2480.500000,2483.800049,2480.699951,2484.800049,2442.000000,2483.800049,changed
2024-08-12 13:00:00+00:00,2026-10-05T00:39:31Z,2483.899902,2497.199951,2481.399902,2493.699951,2483.899902,2497.199951,2440.800049,2493.699951,changed
2024-08-12 14:00:00+00:00,2026-10-05T00:39:31Z,2493.699951,2495.100098,2483.699951,2492.800049,2493.699951,2495.100098,2443.699951,2492.800049,changed
2024-08-12 16:00:00+00:00,2026-10-05T00:39:31Z,2499.300049,2505.800049,2498.500000,2502.899902,2499.300049,2505.800049,2461.000000,2502.899902,changed
2024-08-12 19:00:00+00:00,2026-10-05T00:39:31Z,2510.300049,2511.899902,2509.800049,2510.600098,2510.300049,2512.399902,2468.600098,2510.600098,changed
2024-08-12 20:00:00+00:00,2026-10-05T00:39:31Z,2510.699951,2513.399902,2510.500000,2513.399902,2510.699951,2513.399902,2469.600098,2513.399902,changed
2024-08-13 01:00:00+00:00,2026-10-05T00:39:31Z,2511.899902,2513.699951,2501.199951,2506.699951,2511.899902,2513.699951,2461.000000,2506.699951,changed
2024-08-13 05:00:00+00:00,2026-10-05T00:39:31Z,2502.199951,2504.500000,2498.699951,2503.000000,2502.199951,2504.500000,2458.600098,2503.000000,changed
2024-08-13 06:00:00+00:00,2026-10-05T00:39:31Z,2503.100098,2504.600098,2501.300049,2503.399902,2503.100098,2504.699951,2459.699951,2503.399902,changed
2024-08-13 07:00:00+00:00,2026-10-05T00:39:31Z,2503.300049,2505.500000,2500.500000,2503.800049,2503.300049,2505.899902,2500.500000,2503.800049,changed
2024-08-13 08:00:00+00:00,2026-10-05T00:39:31Z,2503.899902,2503.899902,2498.199951,2499.899902,2503.899902,2503.899902,2456.500000,2499.899902,changed
2024-08-13 09:00:00+00:00,2026-10-05T00:39:31Z,2499.899902,2501.899902,2498.300049,2500.000000,2499.899902,2501.899902,2457.199951,2500.000000,changed
2024-08-13 10:00:00+00:00,2026-10-05T00:39:31Z,2500.000000,2502.899902,2498.399902,2501.399902,2500.000000,2502.899902,2458.500000,2501.399902,changed
2024-08-13 11:00:00+00:00,2026-10-05T00:39:31Z,2501.399902,2506.399902,2500.600098,2505.300049,2501.399902,2506.399902,2459.500000,2505.300049,changed
2024-08-13 12:00:00+00:00,2026-10-05T00:39:31Z,2505.300049,2512.500000,2503.699951,2507.300049,2505.300049,2512.500000,2463.199951,2507.300049,changed
2024-08-13 13:00:00+00:00,2026-10-05T00:39:31Z,2507.300049,2514.899902,2498.199951,2514.699951,2507.300049,2515.600098,2463.199951,2512.399902,changed
2024-08-13 14:00:00+00:00,2026-10-05T00:39:31Z,2511.899902,2512.800049,2503.199951,2511.000000,2512.399902,2512.800049,2469.699951,2511.000000,changed
2024-08-13 15:00:00+00:00,2026-10-05T00:39:31Z,2511.100098,2512.800049,2505.500000,2508.300049,2511.100098,2512.800049,2468.199951,2508.300049,changed
2024-08-13 16:00:00+00:00,2026-10-05T00:39:31Z,2508.300049,2510.800049,2505.899902,2509.199951,2508.300049,2510.800049,2469.000000,2509.199951,changed
2024-08-13 18:00:00+00:00,2026-10-05T00:39:31Z,2507.300049,2508.699951,2506.199951,2507.600098,2507.300049,2508.699951,2466.800049,2507.600098,changed
2024-08-13 20:00:00+00:00,2026-10-05T00:39:31Z,2506.800049,2507.500000,2504.300049,2504.899902,2506.800049,2507.500000,2465.300049,2504.899902,changed
2024-08-14 07:00:00+00:00,2026-10-05T00:39:31Z,2506.199951,2510.399902,2505.300049,2509.699951,2506.199951,2510.800049,2468.000000,2509.699951,changed
2024-08-14 12:00:00+00:00,2026-10-05T00:39:31Z,2513.800049,2519.699951,2500.800049,2507.899902,2513.800049,2519.699951,2472.100098,2507.899902,changed
2024-08-14 13:00:00+00:00,2026-10-05T00:39:31Z,2507.899902,2508.800049,2487.699951,2496.199951,2507.899902,2508.800049,2450.000000,2496.199951,changed
2024-08-14 14:00:00+00:00,2026-10-05T00:39:31Z,2496.100098,2497.100098,2485.399902,2488.600098,2496.100098,2497.100098,2445.199951,2488.600098,changed
2024-08-14 15:00:00+00:00,2026-10-05T00:39:31Z,2488.600098,2490.699951,2480.300049,2482.600098,2488.600098,2490.699951,2448.500000,2482.600098,changed
2024-08-14 19:00:00+00:00,2026-10-05T00:39:31Z,2486.000000,2486.800049,2482.600098,2485.500000,2486.000000,2486.800049,2445.600098,2485.500000,changed
2024-08-14 20:00:00+00:00,2026-10-05T00:39:31Z,2485.600098,2486.800049,2484.800049,2486.000000,2485.600098,2486.800049,2444.699951,2486.000000,changed
2024-08-15 00:00:00+00:00,2026-10-05T00:39:31Z,2486.899902,2491.500000,2479.699951,2487.300049,2486.899902,2491.500000,2486.000000,2487.300049,changed
2024-08-15 04:00:00+00:00,2026-10-05T00:39:31Z,2491.300049,2493.000000,2490.300049,2490.899902,2491.300049,2493.000000,2451.800049,2490.899902,changed
2024-08-15 07:00:00+00:00,2026-10-05T00:39:31Z,2493.600098,2494.300049,2492.000000,2493.300049,2493.600098,2494.300049,2491.899902,2493.300049,changed
2024-08-15 08:00:00+00:00,2026-10-05T00:39:31Z,2493.399902,2494.899902,2491.199951,2493.000000,2493.399902,2494.899902,2454.000000,2493.000000,changed
2024-08-15 10:00:00+00:00,2026-10-05T00:39:31Z,2494.300049,2497.899902,2494.300049,2495.699951,2494.300049,2497.899902,2457.000000,2495.699951,changed
2024-08-15 11:00:00+00:00,2026-10-05T00:39:31Z,2495.699951,2501.899902,2495.300049,2501.100098,2495.699951,2501.899902,2459.899902,2501.100098,changed
2024-08-15 12:00:00+00:00,2026-10-05T00:39:31Z,2501.300049,2508.000000,2478.000000,2478.399902,2501.300049,2508.000000,2448.500000,2478.399902,changed
2024-08-15 13:00:00+00:00,2026-10-05T00:39:31Z,2478.500000,2488.800049,2469.199951,2481.899902,2478.500000,2488.800049,2431.199951,2481.899902,changed
2024-08-15 14:00:00+00:00,2026-10-05T00:39:31Z,2481.699951,2496.500000,2481.699951,2490.000000,2481.699951,2496.500000,2443.100098,2490.000000,changed
2024-08-15 15:00:00+00:00,2026-10-05T00:39:31Z,2489.800049,2497.300049,2488.300049,2496.100098,2489.800049,2497.300049,2454.500000,2496.100098,changed
2024-08-15 16:00:00+00:00,2026-10-05T00:39:31Z,2496.100098,2497.699951,2492.600098,2493.199951,2496.100098,2497.699951,2454.899902,2493.199951,changed
2024-08-15 18:00:00+00:00,2026-10-05T00:39:31Z,2493.300049,2496.199951,2492.500000,2496.100098,2493.300049,2496.199951,2453.899902,2496.100098,changed
2024-08-15 19:00:00+00:00,2026-10-05T00:39:31Z,2496.199951,2499.399902,2491.899902,2493.500000,2496.199951,2499.399902,2455.600098,2493.500000,changed
2024-08-15 22:00:00+00:00,2026-10-05T00:39:31Z,2494.399902,2494.699951,2492.000000,2492.399902,2494.399902,2494.699951,2453.500000,2492.399902,changed
2024-08-16 06:00:00+00:00,2026-10-05T00:39:31Z,2493.100098,2495.399902,2491.899902,2492.399902,2493.100098,2495.399902,2453.699951,2492.399902,changed
2024-08-16 07:00:00+00:00,2026-10-05T00:39:31Z,2492.399902,2501.899902,2489.399902,2499.300049,2492.399902,2501.899902,2451.399902,2499.300049,changed
2024-08-16 10:00:00+00:00,2026-10-05T00:39:31Z,2500.800049,2506.000000,2500.399902,2502.300049,2500.800049,2506.000000,2462.199951,2502.300049,changed
2024-08-16 11:00:00+00:00,2026-10-05T00:39:31Z,2502.399902,2510.300049,2502.399902,2510.000000,2502.399902,2510.300049,2466.500000,2510.000000,changed
2024-08-16 12:00:00+00:00,2026-10-05T00:39:31Z,2510.000000,2531.399902,2509.300049,2530.500000,2510.000000,2531.399902,2488.199951,2530.500000,changed
2024-08-16 13:00:00+00:00,2026-10-05T00:39:31Z,2530.600098,2538.699951,2522.199951,2533.300049,2530.600098,2538.699951,2486.000000,2533.300049,changed
2024-08-16 14:00:00+00:00,2026-10-05T00:39:31Z,2533.300049,2533.899902,2515.800049,2525.600098,2533.300049,2533.899902,2481.199951,2525.600098,changed
2024-08-16 17:00:00+00:00,2026-10-05T00:39:31Z,2534.300049,2538.699951,2531.399902,2538.199951,2534.300049,2538.699951,2498.300049,2538.199951,changed
2024-08-16 19:00:00+00:00,2026-10-05T00:39:31Z,2542.000000,2547.399902,2540.199951,2546.500000,2542.000000,2547.399902,2504.399902,2546.500000,changed
2024-08-16 20:00:00+00:00,2026-10-05T00:39:31Z,2546.500000,2548.300049,2543.800049,2546.199951,2546.500000,2548.300049,2508.000000,2546.100098,changed
2024-08-18 22:00:00+00:00,2026-10-05T00:39:31Z,2549.699951,2549.899902,2540.899902,2543.600098,2549.699951,2549.899902,2502.800049,2543.600098,changed
2024-08-19 01:00:00+00:00,2026-10-05T00:39:31Z,2541.100098,2545.000000,2533.699951,2537.000000,2541.100098,2545.000000,2497.699951,2537.000000,changed
2024-08-19 05:00:00+00:00,2026-10-05T00:39:31Z,2539.500000,2541.100098,2537.899902,2539.899902,2539.500000,2541.100098,2499.800049,2539.899902,changed
2024-08-19 06:00:00+00:00,2026-10-05T00:39:31Z,2539.600098,2543.600098,2538.300049,2540.500000,2539.600098,2543.600098,2504.300049,2540.500000,changed
2024-08-19 07:00:00+00:00,2026-10-05T00:39:31Z,2540.600098,2543.399902,2537.899902,2541.199951,2540.600098,2543.399902,2500.300049,2541.199951,changed
2024-08-19 08:00:00+00:00,2026-10-05T00:39:31Z,2541.199951,2545.800049,2540.699951,2541.500000,2541.199951,2545.800049,2501.300049,2541.500000,changed
2024-08-19 11:00:00+00:00,2026-10-05T00:39:31Z,2527.800049,2533.500000,2524.399902,2532.800049,2527.800049,2533.500000,2487.199951,2532.800049,changed
2024-08-19 12:00:00+00:00,2026-10-05T00:39:31Z,2532.899902,2533.800049,2526.399902,2529.399902,2532.899902,2533.800049,2492.199951,2529.399902,changed
2024-08-19 18:00:00+00:00,2026-10-05T00:39:31Z,2541.500000,2543.399902,2540.899902,2542.800049,2541.500000,2543.399902,2502.300049,2542.800049,changed
2024-08-19 22:00:00+00:00,2026-10-05T00:39:31Z,2542.399902,2542.899902,2540.199951,2542.500000,2542.399902,2542.899902,2503.500000,2542.500000,changed
2024-08-20 06:00:00+00:00,2026-10-05T00:39:31Z,2537.199951,2543.800049,2535.100098,2540.500000,2537.199951,2543.800049,2500.699951,2540.500000,changed
2024-08-20 07:00:00+00:00,2026-10-05T00:39:31Z,2540.399902,2553.699951,2539.300049,2553.199951,2540.399902,2553.699951,2505.100098,2553.199951,changed
2024-08-20 12:00:00+00:00,2026-10-05T00:39:31Z,2565.000000,2568.000000,2560.199951,2565.199951,2565.000000,2568.000000,2525.000000,2565.199951,changed
2024-08-20 13:00:00+00:00,2026-10-05T00:39:31Z,2565.300049,2570.399902,2558.300049,2568.500000,2565.300049,2570.399902,2526.100098,2568.500000,changed
2024-08-20 14:00:00+00:00,2026-10-05T00:39:31Z,2568.399902,2568.800049,2558.399902,2562.100098,2568.399902,2568.800049,2526.500000,2562.100098,changed
2024-08-20 15:00:00+00:00,2026-10-05T00:39:31Z,2562.100098,2562.300049,2543.600098,2546.399902,2562.100098,2562.300049,2509.300049,2546.399902,changed
2024-08-20 16:00:00+00:00,2026-10-05T00:39:31Z,2546.600098,2548.600098,2538.600098,2547.100098,2546.600098,2548.600098,2508.000000,2547.100098,changed
2024-08-20 18:00:00+00:00,2026-10-05T00:39:31Z,2548.699951,2553.800049,2547.500000,2551.699951,2548.699951,2553.800049,2513.699951,2551.699951,changed
2024-08-20 19:00:00+00:00,2026-10-05T00:39:31Z,2551.600098,2553.500000,2549.000000,2553.199951,2551.600098,2553.500000,2512.500000,2553.199951,changed
2024-08-21 11:00:00+00:00,2026-10-05T00:39:31Z,2547.699951,2552.000000,2545.000000,2549.899902,2547.699951,2552.000000,2511.000000,2549.899902,changed
2024-08-21 12:00:00+00:00,2026-10-05T00:39:31Z,2550.000000,2552.000000,2544.899902,2548.399902,2550.000000,2552.000000,2506.899902,2548.399902,changed
2024-08-21 14:00:00+00:00,2026-10-05T00:39:31Z,2540.699951,2544.500000,2528.199951,2539.100098,2540.699951,2544.500000,2503.899902,2539.100098,changed
2024-08-21 17:00:00+00:00,2026-10-05T00:39:31Z,2544.800049,2549.199951,2544.699951,2547.300049,2544.800049,2549.199951,2508.199951,2547.300049,changed
2024-08-21 18:00:00+00:00,2026-10-05T00:39:31Z,2547.199951,2557.300049,2547.000000,2554.199951,2547.199951,2557.300049,2515.399902,2554.199951,changed
2024-08-22 06:00:00+00:00,2026-10-05T00:39:31Z,2542.000000,2547.199951,2539.699951,2543.800049,2542.000000,2547.199951,2504.100098,2543.800049,changed
2024-08-22 12:00:00+00:00,2026-10-05T00:39:31Z,2535.699951,2541.899902,2531.300049,2536.899902,2535.699951,2541.899902,2495.699951,2536.899902,changed
2024-08-22 13:00:00+00:00,2026-10-05T00:39:31Z,2536.899902,2537.899902,2518.699951,2523.500000,2536.899902,2537.899902,2484.600098,2523.500000,changed
2024-08-22 14:00:00+00:00,2026-10-05T00:39:31Z,2523.699951,2523.699951,2506.399902,2515.899902,2523.699951,2523.699951,2471.100098,2515.899902,changed
2024-08-22 15:00:00+00:00,2026-10-05T00:39:31Z,2515.800049,2520.199951,2510.699951,2517.899902,2515.800049,2520.199951,2475.699951,2517.899902,changed
2024-08-22 16:00:00+00:00,2026-10-05T00:39:31Z,2518.000000,2522.100098,2517.399902,2520.199951,2518.000000,2522.100098,2482.399902,2520.199951,changed
2024-08-22 17:00:00+00:00,2026-10-05T00:39:31Z,2520.100098,2520.399902,2515.300049,2517.600098,2520.100098,2520.399902,2515.300049,2517.899902,changed
2024-08-22 18:00:00+00:00,2026-10-05T00:39:31Z,2518.000000,2520.699951,2516.100098,2517.899902,2518.000000,2520.699951,2479.800049,2517.899902,changed
2024-08-23 00:00:00+00:00,2026-10-05T00:39:31Z,2522.899902,2527.899902,2521.899902,2525.399902,2522.899902,2527.899902,2486.500000,2525.399902,changed
2024-08-23 02:00:00+00:00,2026-10-05T00:39:31Z,2526.600098,2527.199951,2522.100098,2525.500000,2526.600098,2527.199951,2486.800049,2525.500000,changed
2024-08-23 13:00:00+00:00,2026-10-05T00:39:31Z,2536.899902,2539.600098,2530.100098,2533.800049,2536.899902,2539.600098,2492.899902,2533.800049,changed
2024-08-23 14:00:00+00:00,2026-10-05T00:39:31Z,2533.899902,2554.199951,2532.100098,2545.000000,2533.899902,2554.199951,2499.000000,2545.000000,changed
2024-08-23 19:00:00+00:00,2026-10-05T00:39:31Z,2545.399902,2548.600098,2543.500000,2546.600098,2545.399902,2548.600098,2506.800049,2546.600098,changed
2024-08-25 22:00:00+00:00,2026-10-05T00:39:31Z,2545.100098,2550.300049,2544.600098,2548.399902,2545.100098,2550.300049,2509.899902,2548.399902,changed
2024-08-25 23:00:00+00:00,2026-10-05T00:39:31Z,2548.399902,2552.100098,2548.399902,2551.300049,2548.399902,2552.100098,2511.899902,2551.300049,changed
2024-08-26 01:00:00+00:00,2026-10-05T00:39:31Z,2549.000000,2550.800049,2546.000000,2548.699951,2549.000000,2550.800049,2509.100098,2548.699951,changed
2024-08-26 07:00:00+00:00,2026-10-05T00:39:31Z,2550.600098,2557.300049,2549.600098,2556.899902,2550.600098,2557.300049,2516.899902,2556.899902,changed
2024-08-26 08:00:00+00:00,2026-10-05T00:39:31Z,2557.000000,2561.699951,2556.300049,2560.000000,2557.000000,2561.600098,2556.300049,2560.000000,changed
2024-08-26 09:00:00+00:00,2026-10-05T00:39:31Z,2560.100098,2561.500000,2559.100098,2561.000000,2560.100098,2561.500000,2523.100098,2561.000000,changed
2024-08-26 11:00:00+00:00,2026-10-05T00:39:31Z,2560.699951,2562.500000,2556.399902,2562.100098,2560.699951,2562.500000,2519.800049,2562.100098,changed
2024-08-26 12:00:00+00:00,2026-10-05T00:39:31Z,2562.199951,2563.199951,2558.199951,2559.500000,2562.199951,2563.199951,2522.100098,2559.500000,changed
2024-08-26 13:00:00+00:00,2026-10-05T00:39:31Z,2559.500000,2562.300049,2551.000000,2551.600098,2559.500000,2562.300049,2515.699951,2551.600098,changed
2024-08-26 14:00:00+00:00,2026-10-05T00:39:31Z,2551.600098,2554.699951,2546.100098,2552.600098,2551.600098,2554.699951,2509.699951,2552.600098,changed
2024-08-27 05:00:00+00:00,2026-10-05T00:39:31Z,2542.300049,2548.800049,2541.699951,2548.600098,2542.300049,2548.800049,2541.699951,2548.800049,changed
2024-08-27 06:00:00+00:00,2026-10-05T00:39:31Z,2548.600098,2552.500000,2547.899902,2549.899902,2548.500000,2552.500000,2547.899902,2549.899902,changed
2024-08-27 07:00:00+00:00,2026-10-05T00:39:31Z,2549.899902,2552.699951,2539.500000,2540.000000,2549.899902,2552.699951,2515.199951,2540.000000,changed
2024-08-27 11:00:00+00:00,2026-10-05T00:39:31Z,2544.100098,2547.699951,2543.699951,2546.600098,2544.100098,2547.699951,2543.899902,2546.600098,changed
2024-08-27 13:00:00+00:00,2026-10-05T00:39:31Z,2544.899902,2550.399902,2538.899902,2547.800049,2544.899902,2550.399902,2506.899902,2547.800049,changed
2024-08-27 16:00:00+00:00,2026-10-05T00:39:31Z,2547.300049,2549.899902,2545.000000,2549.800049,2547.300049,2549.899902,2511.100098,2549.800049,changed
2024-08-27 19:00:00+00:00,2026-10-05T00:39:31Z,2560.000000,2561.100098,2558.399902,2560.399902,2560.000000,2561.100098,2522.300049,2560.399902,changed
2024-08-27 20:00:00+00:00,2026-10-05T00:39:31Z,2560.399902,2561.399902,2559.100098,2560.000000,2560.399902,2561.399902,2522.800049,2560.000000,changed
2024-08-30 07:00:00+00:00,2026-10-05T00:39:31Z,2550.600098,2554.300049,2550.399902,2552.500000,2550.600098,2554.399902,2550.399902,2552.500000,changed
2024-08-30 14:00:00+00:00,2026-10-05T00:39:31Z,2548.800049,2551.399902,2539.300049,2542.100098,2548.800049,2551.699951,2539.300049,2542.100098,changed
2024-08-30 20:00:00+00:00,2026-10-05T00:39:31Z,2534.800049,2536.100098,2534.399902,2535.899902,2534.800049,2536.100098,2534.399902,2536.000000,changed
2024-08-01 01:00:00+00:00,2026-10-05T02:45:26Z,2492.000000,2502.800049,2452.600098,2495.500000,2492.000000,2502.800049,2490.500000,2495.500000,changed
2024-08-01 05:00:00+00:00,2026-10-05T02:45:26Z,2488.399902,2492.300049,2442.500000,2491.000000,2488.399902,2492.300049,2487.699951,2491.000000,changed
2024-08-01 06:00:00+00:00,2026-10-05T02:45:26Z,2490.899902,2492.899902,2445.800049,2489.100098,2490.899902,2492.899902,2488.300049,2489.100098,changed
2024-08-01 07:00:00+00:00,2026-10-05T02:45:26Z,2489.199951,2489.199951,2442.000000,2484.399902,2489.199951,2489.300049,2484.000000,2484.399902,changed
2024-08-01 09:00:00+00:00,2026-10-05T02:45:26Z,2478.000000,2479.399902,2430.399902,2476.800049,2478.000000,2479.399902,2474.000000,2476.800049,changed
2024-08-01 10:00:00+00:00,2026-10-05T02:45:26Z,2476.899902,2480.800049,2431.600098,2479.199951,2476.899902,2480.800049,2475.899902,2479.199951,changed
2024-08-01 11:00:00+00:00,2026-10-05T02:45:26Z,2479.199951,2487.399902,2433.899902,2485.000000,2479.199951,2487.399902,2478.300049,2485.000000,changed
2024-08-01 12:00:00+00:00,2026-10-05T02:45:26Z,2485.100098,2499.399902,2446.199951,2495.300049,2485.100098,2499.399902,2484.600098,2495.300049,changed
2024-08-01 13:00:00+00:00,2026-10-05T02:45:26Z,2495.000000,2501.899902,2452.100098,2497.800049,2495.000000,2501.899902,2492.699951,2497.800049,changed
2024-08-01 14:00:00+00:00,2026-10-05T02:45:26Z,2498.100098,2506.600098,2443.399902,2492.800049,2498.100098,2506.600098,2487.300049,2492.800049,changed
2024-08-01 15:00:00+00:00,2026-10-05T02:45:26Z,2492.699951,2496.199951,2442.899902,2489.399902,2492.699951,2496.199951,2486.399902,2489.399902,changed
2024-08-01 16:00:00+00:00,2026-10-05T02:45:26Z,2489.300049,2492.800049,2442.899902,2488.600098,2489.300049,2492.800049,2487.500000,2488.600098,changed
2024-08-01 17:00:00+00:00,2026-10-05T02:45:26Z,2488.600098,2488.800049,2434.800049,2483.199951,2488.600098,2488.800049,2479.500000,2483.199951,changed
2024-08-01 18:00:00+00:00,2026-10-05T02:45:26Z,2483.100098,2484.699951,2436.300049,2483.500000,2483.100098,2484.699951,2478.600098,2483.500000,changed
2024-08-01 20:00:00+00:00,2026-10-05T02:45:26Z,2487.300049,2492.000000,2441.800049,2490.899902,2487.300049,2492.000000,2486.199951,2490.899902,changed
2024-08-01 22:00:00+00:00,2026-10-05T02:45:26Z,2490.800049,2491.500000,2444.000000,2489.399902,2490.800049,2491.500000,2487.800049,2489.399902,changed
2024-08-02 01:00:00+00:00,2026-10-05T02:45:26Z,2493.199951,2494.800049,2436.800049,2491.600098,2493.199951,2495.000000,2479.500000,2491.600098,changed
2024-08-02 03:00:00+00:00,2026-10-05T02:45:26Z,2499.899902,2503.800049,2457.100098,2498.699951,2499.899902,2503.800049,2496.000000,2498.699951,changed
2024-08-02 05:00:00+00:00,2026-10-05T02:45:26Z,2501.899902,2511.500000,2458.500000,2511.300049,2501.899902,2511.500000,2501.800049,2511.300049,changed
2024-08-02 07:00:00+00:00,2026-10-05T02:45:26Z,2509.699951,2510.899902,2460.699951,2505.800049,2509.699951,2510.899902,2504.399902,2505.800049,changed
2024-08-02 10:00:00+00:00,2026-10-05T02:45:26Z,2508.399902,2509.899902,2462.699951,2507.899902,2508.399902,2509.899902,2505.300049,2507.899902,changed
2024-08-02 11:00:00+00:00,2026-10-05T02:45:26Z,2508.000000,2509.199951,2458.699951,2503.500000,2508.000000,2509.199951,2501.800049,2503.500000,changed
2024-08-02 12:00:00+00:00,2026-10-05T02:45:26Z,2503.300049,2522.500000,2473.399902,2517.100098,2503.300049,2522.500000,2499.899902,2517.100098,changed
2024-08-02 13:00:00+00:00,2026-10-05T02:45:26Z,2517.000000,2518.600098,2463.500000,2513.800049,2517.000000,2518.600098,2499.399902,2513.000000,changed
2024-08-02 14:00:00+00:00,2026-10-05T02:45:26Z,2513.699951,2518.399902,2428.399902,2474.399902,2516.800049,2518.399902,2471.699951,2474.399902,changed
2024-08-02 15:00:00+00:00,2026-10-05T02:45:26Z,2474.300049,2478.899902,2416.000000,2476.100098,2474.300049,2478.899902,2453.100098,2476.100098,changed
2024-08-02 16:00:00+00:00,2026-10-05T02:45:26Z,2475.699951,2482.399902,2425.399902,2473.199951,2476.300049,2482.399902,2469.100098,2473.199951,changed
2024-08-02 17:00:00+00:00,2026-10-05T02:45:26Z,2473.100098,2474.399902,2426.399902,2470.500000,2473.100098,2474.399902,2465.500000,2470.500000,changed
2024-08-02 18:00:00+00:00,2026-10-05T02:45:26Z,2470.600098,2476.500000,2426.899902,2471.899902,2470.600098,2476.500000,2469.500000,2471.899902,changed
2024-08-02 19:00:00+00:00,2026-10-05T02:45:26Z,2471.899902,2480.800049,2433.800049,2480.000000,2471.899902,2480.800049,2468.399902,2480.000000,changed
2024-08-02 20:00:00+00:00,2026-10-05T02:45:26Z,2480.000000,2486.600098,2440.199951,2486.100098,2480.000000,2486.600098,2478.100098,2486.100098,changed
2024-08-04 22:00:00+00:00,2026-10-05T02:45:26Z,2490.300049,2490.399902,2442.000000,2483.500000,2490.300049,2490.399902,2480.100098,2483.500000,changed
2024-08-05 00:00:00+00:00,2026-10-05T02:45:26Z,2483.199951,2483.199951,2422.100098,2464.300049,2483.199951,2483.199951,2455.699951,2464.300049,changed
2024-08-05 01:00:00+00:00,2026-10-05T02:45:26Z,2463.699951,2484.199951,2418.899902,2481.600098,2463.699951,2484.199951,2462.100098,2481.600098,changed
2024-08-05 02:00:00+00:00,2026-10-05T02:45:26Z,2481.500000,2488.500000,2436.000000,2484.699951,2481.500000,2488.500000,2475.100098,2484.699951,changed
2024-08-05 05:00:00+00:00,2026-10-05T02:45:26Z,2494.600098,2494.600098,2435.000000,2479.699951,2494.600098,2494.600098,2473.600098,2479.699951,changed
2024-08-05 06:00:00+00:00,2026-10-05T02:45:26Z,2479.600098,2480.300049,2430.000000,2470.000000,2479.600098,2480.300049,2463.600098,2470.000000,changed
2024-08-05 07:00:00+00:00,2026-10-05T02:45:26Z,2470.000000,2485.100098,2426.000000,2473.199951,2470.000000,2485.100098,2465.899902,2473.199951,changed
2024-08-05 08:00:00+00:00,2026-10-05T02:45:26Z,2473.300049,2475.800049,2423.199951,2465.800049,2473.300049,2475.800049,2464.100098,2465.800049,changed
2024-08-05 09:00:00+00:00,2026-10-05T02:45:26Z,2466.100098,2469.600098,2418.000000,2464.899902,2466.100098,2469.699951,2460.000000,2464.899902,changed
2024-08-05 10:00:00+00:00,2026-10-05T02:45:26Z,2465.000000,2466.399902,2406.000000,2449.100098,2465.000000,2466.399902,2448.600098,2449.100098,changed
2024-08-05 11:00:00+00:00,2026-10-05T02:45:26Z,2449.000000,2449.000000,2400.000000,2426.800049,2449.000000,2449.000000,2423.100098,2426.800049,changed
2024-08-05 12:00:00+00:00,2026-10-05T02:45:26Z,2426.899902,2433.000000,2367.399902,2414.100098,2426.899902,2433.000000,2403.800049,2414.100098,changed
2024-08-05 13:00:00+00:00,2026-10-05T02:45:26Z,2414.199951,2437.399902,2375.100098,2434.100098,2414.199951,2437.399902,2414.199951,2434.100098,changed
2024-08-05 14:00:00+00:00,2026-10-05T02:45:26Z,2433.399902,2438.000000,2389.000000,2437.100098,2433.399902,2438.000000,2426.100098,2437.100098,changed
2024-08-05 15:00:00+00:00,2026-10-05T02:45:26Z,2436.899902,2452.800049,2399.399902,2443.300049,2436.899902,2452.800049,2436.699951,2443.300049,changed
2024-08-05 19:00:00+00:00,2026-10-05T02:45:26Z,2446.199951,2454.699951,2406.399902,2449.000000,2446.199951,2454.699951,2445.800049,2449.000000,changed
2024-08-06 01:00:00+00:00,2026-10-05T02:45:26Z,2457.100098,2459.000000,2414.500000,2453.399902,2457.100098,2459.000000,2451.699951,2453.399902,changed
2024-08-06 04:00:00+00:00,2026-10-05T02:45:26Z,2449.500000,2453.399902,2409.100098,2448.500000,2449.500000,2453.399902,2447.300049,2448.500000,changed
2024-08-06 05:00:00+00:00,2026-10-05T02:45:26Z,2448.600098,2452.300049,2402.699951,2439.199951,2448.600098,2452.300049,2438.500000,2439.199951,changed
2024-08-06 06:00:00+00:00,2026-10-05T02:45:26Z,2439.399902,2448.899902,2399.600098,2442.000000,2439.399902,2448.899902,2434.600098,2442.000000,changed
2024-08-06 09:00:00+00:00,2026-10-05T02:45:26Z,2451.699951,2455.500000,2450.800049,2454.100098,2451.699951,2456.199951,2450.800049,2454.100098,changed
2024-08-06 11:00:00+00:00,2026-10-05T02:45:26Z,2453.000000,2456.000000,2412.899902,2451.699951,2453.000000,2456.000000,2450.699951,2451.699951,changed
2024-08-06 12:00:00+00:00,2026-10-05T02:45:26Z,2451.699951,2452.899902,2393.899902,2433.399902,2451.699951,2452.899902,2432.100098,2433.399902,changed
2024-08-06 13:00:00+00:00,2026-10-05T02:45:26Z,2433.399902,2439.899902,2392.899902,2436.199951,2433.399902,2439.899902,2429.300049,2436.199951,changed
2024-08-06 14:00:00+00:00,2026-10-05T02:45:26Z,2436.199951,2444.100098,2385.800049,2429.199951,2436.199951,2444.100098,2426.899902,2429.199951,changed
2024-08-06 15:00:00+00:00,2026-10-05T02:45:26Z,2429.199951,2431.699951,2380.000000,2428.399902,2429.199951,2431.699951,2421.800049,2428.399902,changed
2024-08-06 16:00:00+00:00,2026-10-05T02:45:26Z,2428.500000,2432.500000,2385.300049,2431.000000,2428.500000,2432.500000,2426.399902,2431.000000,changed
2024-08-06 17:00:00+00:00,2026-10-05T02:45:26Z,2431.000000,2434.600098,2387.399902,2432.899902,2431.000000,2434.600098,2428.600098,2434.199951,changed
2024-08-06 18:00:00+00:00,2026-10-05T02:45:26Z,2432.899902,2437.100098,2392.699951,2433.899902,2433.000000,2437.100098,2432.399902,2433.899902,changed
2024-08-06 20:00:00+00:00,2026-10-05T02:45:26Z,2429.000000,2432.100098,2387.399902,2432.100098,2429.000000,2432.100098,2428.100098,2432.100098,changed
2024-08-07 04:00:00+00:00,2026-10-05T02:45:26Z,2426.000000,2434.800049,2392.199951,2433.000000,2426.000000,2434.800049,2425.699951,2433.000000,changed
2024-08-07 05:00:00+00:00,2026-10-05T02:45:26Z,2432.699951,2436.199951,2394.000000,2431.300049,2432.699951,2436.199951,2428.399902,2431.300049,changed
2024-08-07 06:00:00+00:00,2026-10-05T02:45:26Z,2389.800049,2437.600098,2387.300049,2434.500000,2431.300049,2437.600098,2429.399902,2434.500000,changed
2024-08-07 07:00:00+00:00,2026-10-05T02:45:26Z,2434.699951,2434.800049,2386.500000,2429.300049,2434.699951,2434.800049,2428.000000,2429.300049,changed
2024-08-07 08:00:00+00:00,2026-10-05T02:45:26Z,2429.199951,2433.600098,2391.000000,2433.199951,2429.199951,2433.600098,2428.000000,2433.199951,changed
2024-08-07 09:00:00+00:00,2026-10-05T02:45:26Z,2433.399902,2436.500000,2432.600098,2434.399902,2433.399902,2436.500000,2432.500000,2434.399902,changed
2024-08-07 10:00:00+00:00,2026-10-05T02:45:26Z,2434.500000,2438.399902,2392.699951,2437.600098,2434.500000,2438.399902,2433.199951,2437.600098,changed
2024-08-07 12:00:00+00:00,2026-10-05T02:45:26Z,2441.399902,2447.300049,2398.100098,2444.100098,2441.399902,2447.300049,2439.199951,2444.100098,changed
2024-08-07 13:00:00+00:00,2026-10-05T02:45:26Z,2444.300049,2445.300049,2397.100098,2440.300049,2444.300049,2445.300049,2436.699951,2440.300049,changed
2024-08-07 14:00:00+00:00,2026-10-05T02:45:26Z,2440.100098,2443.500000,2400.199951,2439.199951,2440.100098,2443.500000,2438.100098,2439.199951,changed
2024-08-07 16:00:00+00:00,2026-10-05T02:45:26Z,2434.699951,2440.100098,2394.300049,2439.899902,2434.699951,2440.100098,2433.100098,2439.899902,changed
2024-08-07 17:00:00+00:00,2026-10-05T02:45:26Z,2439.899902,2440.000000,2393.699951,2430.000000,2439.899902,2440.000000,2429.600098,2430.000000,changed
2024-08-07 18:00:00+00:00,2026-10-05T02:45:26Z,2429.899902,2432.000000,2387.000000,2426.300049,2429.899902,2432.000000,2423.899902,2426.300049,changed
2024-08-07 19:00:00+00:00,2026-10-05T02:45:26Z,2426.199951,2430.699951,2384.500000,2425.600098,2426.199951,2430.699951,2425.300049,2425.500000,changed
2024-08-07 20:00:00+00:00,2026-10-05T02:45:26Z,2425.699951,2427.399902,2421.699951,2423.500000,2426.100098,2427.399902,2421.699951,2423.500000,changed
2024-08-08 00:00:00+00:00,2026-10-05T02:45:26Z,2423.899902,2427.899902,2384.300049,2424.300049,2423.899902,2427.899902,2422.300049,2424.300049,changed
2024-08-08 03:00:00+00:00,2026-10-05T02:45:26Z,2429.500000,2433.800049,2387.699951,2433.000000,2429.500000,2433.800049,2427.800049,2433.000000,changed
2024-08-08 07:00:00+00:00,2026-10-05T02:45:26Z,2436.500000,2439.100098,2433.500000,2435.600098,2436.500000,2439.100098,2434.100098,2435.600098,changed
2024-08-08 10:00:00+00:00,2026-10-05T02:45:26Z,2435.100098,2445.699951,2397.699951,2444.500000,2435.100098,2445.699951,2435.100098,2444.500000,changed
2024-08-08 12:00:00+00:00,2026-10-05T02:45:26Z,2451.699951,2455.300049,2446.500000,2447.399902,2451.699951,2455.300049,2446.600098,2447.399902,changed
2024-08-08 13:00:00+00:00,2026-10-05T02:45:26Z,2447.399902,2454.899902,2403.500000,2453.399902,2447.399902,2454.899902,2441.199951,2453.399902,changed
2024-08-08 14:00:00+00:00,2026-10-05T02:45:26Z,2453.399902,2464.000000,2409.300049,2453.100098,2453.399902,2464.000000,2448.500000,2453.199951,changed
2024-08-08 15:00:00+00:00,2026-10-05T02:45:26Z,2452.100098,2459.800049,2451.899902,2458.100098,2453.300049,2459.800049,2451.300049,2458.100098,changed
2024-08-08 17:00:00+00:00,2026-10-05T02:45:26Z,2457.600098,2464.500000,2419.500000,2463.000000,2457.600098,2464.500000,2455.300049,2463.000000,changed
2024-08-09 01:00:00+00:00,2026-10-05T02:45:26Z,2463.300049,2467.199951,2422.300049,2466.699951,2463.300049,2467.199951,2459.399902,2466.699951,changed
2024-08-09 04:00:00+00:00,2026-10-05T02:45:26Z,2460.500000,2464.000000,2459.699951,2463.300049,2460.500000,2464.000000,2459.699951,2463.399902,changed
2024-08-09 05:00:00+00:00,2026-10-05T02:45:26Z,2463.199951,2463.399902,2456.399902,2456.500000,2462.600098,2463.100098,2456.399902,2456.500000,changed
2024-08-09 06:00:00+00:00,2026-10-05T02:45:26Z,2456.300049,2461.100098,2418.500000,2460.000000,2456.300049,2461.100098,2456.100098,2460.000000,changed
2024-08-09 08:00:00+00:00,2026-10-05T02:45:26Z,2462.399902,2465.899902,2420.899902,2463.500000,2462.399902,2465.899902,2461.199951,2463.500000,changed
2024-08-09 12:00:00+00:00,2026-10-05T02:45:26Z,2465.899902,2469.300049,2422.399902,2469.000000,2465.899902,2469.300049,2462.699951,2469.000000,changed
2024-08-09 13:00:00+00:00,2026-10-05T02:45:26Z,2469.000000,2472.699951,2420.100098,2466.100098,2469.199951,2472.699951,2460.000000,2466.100098,changed
2024-08-09 15:00:00+00:00,2026-10-05T02:45:26Z,2467.800049,2471.899902,2465.800049,2470.600098,2467.800049,2471.899902,2465.800049,2470.899902,changed
2024-08-09 16:00:00+00:00,2026-10-05T02:45:26Z,2470.800049,2474.000000,2427.399902,2473.899902,2471.800049,2474.000000,2466.600098,2473.899902,changed
2024-08-09 18:00:00+00:00,2026-10-05T02:45:26Z,2470.100098,2470.300049,2425.899902,2469.300049,2470.100098,2470.300049,2466.600098,2469.300049,changed
2024-08-09 19:00:00+00:00,2026-10-05T02:45:26Z,2469.300049,2469.600098,2426.000000,2468.600098,2469.300049,2469.600098,2466.699951,2468.600098,changed
2024-08-09 20:00:00+00:00,2026-10-05T02:45:26Z,2468.600098,2470.699951,2429.199951,2470.600098,2468.600098,2470.699951,2468.500000,2470.600098,changed
2024-08-12 06:00:00+00:00,2026-10-05T02:45:26Z,2473.399902,2476.199951,2432.000000,2475.699951,2473.399902,2476.199951,2472.399902,2475.699951,changed
2024-08-12 08:00:00+00:00,2026-10-05T02:45:26Z,2481.100098,2482.899902,2437.699951,2481.000000,2481.100098,2482.899902,2478.899902,2481.000000,changed
2024-08-12 12:00:00+00:00,2026-10-05T02:45:26Z,2480.699951,2484.800049,2442.000000,2483.800049,2480.699951,2484.800049,2480.500000,2483.800049,changed
2024-08-12 13:00:00+00:00,2026-10-05T02:45:26Z,2483.899902,2497.199951,2440.800049,2493.699951,2483.899902,2497.199951,2481.399902,2493.699951,changed
2024-08-12 14:00:00+00:00,2026-10-05T02:45:26Z,2493.699951,2495.100098,2443.699951,2492.800049,2493.699951,2495.100098,2483.699951,2492.800049,changed
2024-08-12 16:00:00+00:00,2026-10-05T02:45:26Z,2499.300049,2505.800049,2461.000000,2502.899902,2499.300049,2505.800049,2498.500000,2502.899902,changed
2024-08-12 19:00:00+00:00,2026-10-05T02:45:26Z,2510.300049,2512.399902,2468.600098,2510.600098,2510.300049,2511.899902,2509.800049,2510.600098,changed
2024-08-12 20:00:00+00:00,2026-10-05T02:45:26Z,2510.699951,2513.399902,2469.600098,2513.399902,2510.699951,2513.399902,2510.500000,2513.399902,changed
2024-08-13 01:00:00+00:00,2026-10-05T02:45:26Z,2511.899902,2513.699951,2461.000000,2506.699951,2511.899902,2513.699951,2501.199951,2506.699951,changed
2024-08-13 05:00:00+00:00,2026-10-05T02:45:26Z,2502.199951,2504.500000,2458.600098,2503.000000,2502.199951,2504.500000,2498.699951,2503.000000,changed
2024-08-13 06:00:00+00:00,2026-10-05T02:45:26Z,2503.100098,2504.699951,2459.699951,2503.399902,2503.100098,2504.600098,2501.300049,2503.399902,changed
2024-08-13 07:00:00+00:00,2026-10-05T02:45:26Z,2503.300049,2505.899902,2500.500000,2503.800049,2503.300049,2505.500000,2500.500000,2503.800049,changed
2024-08-13 08:00:00+00:00,2026-10-05T02:45:26Z,2503.899902,2503.899902,2456.500000,2499.899902,2503.899902,2503.899902,2498.199951,2499.899902,changed
2024-08-13 09:00:00+00:00,2026-10-05T02:45:26Z,2499.899902,2501.899902,2457.199951,2500.000000,2499.899902,2501.899902,2498.300049,2500.000000,changed
2024-08-13 10:00:00+00:00,2026-10-05T02:45:26Z,2500.000000,2502.899902,2458.500000,2501.399902,2500.000000,2502.899902,2498.399902,2501.399902,changed
2024-08-13 11:00:00+00:00,2026-10-05T02:45:26Z,2501.399902,2506.399902,2459.500000,2505.300049,2501.399902,2506.399902,2500.600098,2505.300049,changed
2024-08-13 12:00:00+00:00,2026-10-05T02:45:26Z,2505.300049,2512.500000,2463.199951,2507.300049,2505.300049,2512.500000,2503.699951,2507.300049,changed
2024-08-13 13:00:00+00:00,2026-10-05T02:45:26Z,2507.300049,2515.600098,2463.199951,2512.399902,2507.300049,2514.899902,2498.199951,2514.699951,changed
2024-08-13 14:00:00+00:00,2026-10-05T02:45:26Z,2512.399902,2512.800049,2469.699951,2511.000000,2511.899902,2512.800049,2503.199951,2511.000000,changed
2024-08-13 15:00:00+00:00,2026-10-05T02:45:26Z,2511.100098,2512.800049,2468.199951,2508.300049,2511.100098,2512.800049,2505.500000,2508.300049,changed
2024-08-13 16:00:00+00:00,2026-10-05T02:45:26Z,2508.300049,2510.800049,2469.000000,2509.199951,2508.300049,2510.800049,2505.899902,2509.199951,changed
2024-08-13 18:00:00+00:00,2026-10-05T02:45:26Z,2507.300049,2508.699951,2466.800049,2507.600098,2507.300049,2508.699951,2506.199951,2507.600098,changed
2024-08-13 20:00:00+00:00,2026-10-05T02:45:26Z,2506.800049,2507.500000,2465.300049,2504.899902,2506.800049,2507.500000,2504.300049,2504.899902,changed
2024-08-14 07:00:00+00:00,2026-10-05T02:45:26Z,2506.199951,2510.800049,2468.000000,2509.699951,2506.199951,2510.399902,2505.300049,2509.699951,changed
2024-08-14 12:00:00+00:00,2026-10-05T02:45:26Z,2513.800049,2519.699951,2472.100098,2507.899902,2513.800049,2519.699951,2500.800049,2507.899902,changed
2024-08-14 13:00:00+00:00,2026-10-05T02:45:26Z,2507.899902,2508.800049,2450.000000,2496.199951,2507.899902,2508.800049,2487.699951,2496.199951,changed
2024-08-14 14:00:00+00:00,2026-10-05T02:45:26Z,2496.100098,2497.100098,2445.199951,2488.600098,2496.100098,2497.100098,2485.399902,2488.600098,changed
2024-08-14 15:00:00+00:00,2026-10-05T02:45:26Z,2488.600098,2490.699951,2448.500000,2482.600098,2488.600098,2490.699951,2480.300049,2482.600098,changed
2024-08-14 19:00:00+00:00,2026-10-05T02:45:26Z,2486.000000,2486.800049,2445.600098,2485.500000,2486.000000,2486.800049,2482.600098,2485.500000,changed
2024-08-14 20:00:00+00:00,2026-10-05T02:45:26Z,2485.600098,2486.800049,2444.699951,2486.000000,2485.600098,2486.800049,2484.800049,2486.000000,changed
2024-08-15 00:00:00+00:00,2026-10-05T02:45:26Z,2486.899902,2491.500000,2486.000000,2487.300049,2486.899902,2491.500000,2479.699951,2487.300049,changed
2024-08-15 04:00:00+00:00,2026-10-05T02:45:26Z,2491.300049,2493.000000,2451.800049,2490.899902,2491.300049,2493.000000,2490.300049,2490.899902,changed
2024-08-15 07:00:00+00:00,2026-10-05T02:45:26Z,2493.600098,2494.300049,2491.899902,2493.300049,2493.600098,2494.300049,2492.000000,2493.300049,changed
2024-08-15 08:00:00+00:00,2026-10-05T02:45:26Z,2493.399902,2494.899902,2454.000000,2493.000000,2493.399902,2494.899902,2491.199951,2493.000000,changed
2024-08-15 10:00:00+00:00,2026-10-05T02:45:26Z,2494.300049,2497.899902,2457.000000,2495.699951,2494.300049,2497.899902,2494.300049,2495.699951,changed
2024-08-15 11:00:00+00:00,2026-10-05T02:45:26Z,2495.699951,2501.899902,2459.899902,2501.100098,2495.699951,2501.899902,2495.300049,2501.100098,changed
2024-08-15 12:00:00+00:00,2026-10-05T02:45:26Z,2501.300049,2508.000000,2448.500000,2478.399902,2501.300049,2508.000000,2478.000000,2478.399902,changed
2024-08-15 13:00:00+00:00,2026-10-05T02:45:26Z,2478.500000,2488.800049,2431.199951,2481.899902,2478.500000,2488.800049,2469.199951,2481.899902,changed
2024-08-15 14:00:00+00:00,2026-10-05T02:45:26Z,2481.699951,2496.500000,2443.100098,2490.000000,2481.699951,2496.500000,2481.699951,2490.000000,changed
2024-08-15 15:00:00+00:00,2026-10-05T02:45:26Z,2489.800049,2497.300049,2454.500000,2496.100098,2489.800049,2497.300049,2488.300049,2496.100098,changed
2024-08-15 16:00:00+00:00,2026-10-05T02:45:26Z,2496.100098,2497.699951,2454.899902,2493.199951,2496.100098,2497.699951,2492.600098,2493.199951,changed
2024-08-15 18:00:00+00:00,2026-10-05T02:45:26Z,2493.300049,2496.199951,2453.899902,2496.100098,2493.300049,2496.199951,2492.500000,2496.100098,changed
2024-08-15 19:00:00+00:00,2026-10-05T02:45:26Z,2496.199951,2499.399902,2455.600098,2493.500000,2496.199951,2499.399902,2491.899902,2493.500000,changed
2024-08-15 22:00:00+00:00,2026-10-05T02:45:26Z,2494.399902,2494.699951,2453.500000,2492.399902,2494.399902,2494.699951,2492.000000,2492.399902,changed
2024-08-16 06:00:00+00:00,2026-10-05T02:45:26Z,2493.100098,2495.399902,2453.699951,2492.399902,2493.100098,2495.399902,2491.899902,2492.399902,changed
2024-08-16 07:00:00+00:00,2026-10-05T02:45:26Z,2492.399902,2501.899902,2451.399902,2499.300049,2492.399902,2501.899902,2489.399902,2499.300049,changed
2024-08-16 10:00:00+00:00,2026-10-05T02:45:26Z,2500.800049,2506.000000,2462.199951,2502.300049,2500.800049,2506.000000,2500.399902,2502.300049,changed
2024-08-16 11:00:00+00:00,2026-10-05T02:45:26Z,2502.399902,2510.300049,2466.500000,2510.000000,2502.399902,2510.300049,2502.399902,2510.000000,changed
2024-08-16 12:00:00+00:00,2026-10-05T02:45:26Z,2510.000000,2531.399902,2488.199951,2530.500000,2510.000000,2531.399902,2509.300049,2530.500000,changed
2024-08-16 13:00:00+00:00,2026-10-05T02:45:26Z,2530.600098,2538.699951,2486.000000,2533.300049,2530.600098,2538.699951,2522.199951,2533.300049,changed
2024-08-16 14:00:00+00:00,2026-10-05T02:45:26Z,2533.300049,2533.899902,2481.199951,2525.600098,2533.300049,2533.899902,2515.800049,2525.600098,changed
2024-08-16 17:00:00+00:00,2026-10-05T02:45:26Z,2534.300049,2538.699951,2498.300049,2538.199951,2534.300049,2538.699951,2531.399902,2538.199951,changed
2024-08-16 19:00:00+00:00,2026-10-05T02:45:26Z,2542.000000,2547.399902,2504.399902,2546.500000,2542.000000,2547.399902,2540.199951,2546.500000,changed
2024-08-16 20:00:00+00:00,2026-10-05T02:45:26Z,2546.500000,2548.300049,2508.000000,2546.100098,2546.500000,2548.300049,2543.800049,2546.199951,changed
2024-08-18 22:00:00+00:00,2026-10-05T02:45:26Z,2549.699951,2549.899902,2502.800049,2543.600098,2549.699951,2549.899902,2540.899902,2543.600098,changed
2024-08-19 01:00:00+00:00,2026-10-05T02:45:26Z,2541.100098,2545.000000,2497.699951,2537.000000,2541.100098,2545.000000,2533.699951,2537.000000,changed
2024-08-19 05:00:00+00:00,2026-10-05T02:45:26Z,2539.500000,2541.100098,2499.800049,2539.899902,2539.500000,2541.100098,2537.899902,2539.899902,changed
2024-08-19 06:00:00+00:00,2026-10-05T02:45:26Z,2539.600098,2543.600098,2504.300049,2540.500000,2539.600098,2543.600098,2538.300049,2540.500000,changed
2024-08-19 07:00:00+00:00,2026-10-05T02:45:26Z,2540.600098,2543.399902,2500.300049,2541.199951,2540.600098,2543.399902,2537.899902,2541.199951,changed
2024-08-19 08:00:00+00:00,2026-10-05T02:45:26Z,2541.199951,2545.800049,2501.300049,2541.500000,2541.199951,2545.800049,2540.699951,2541.500000,changed
2024-08-19 11:00:00+00:00,2026-10-05T02:45:26Z,2527.800049,2533.500000,2487.199951,2532.800049,2527.800049,2533.500000,2524.399902,2532.800049,changed
2024-08-19 12:00:00+00:00,2026-10-05T02:45:26Z,2532.899902,2533.800049,2492.199951,2529.399902,2532.899902,2533.800049,2526.399902,2529.399902,changed
2024-08-19 18:00:00+00:00,2026-10-05T02:45:26Z,2541.500000,2543.399902,2502.300049,2542.800049,2541.500000,2543.399902,2540.899902,2542.800049,changed
2024-08-19 22:00:00+00:00,2026-10-05T02:45:26Z,2542.399902,2542.899902,2503.500000,2542.500000,2542.399902,2542.899902,2540.199951,2542.500000,changed
2024-08-20 06:00:00+00:00,2026-10-05T02:45:26Z,2537.199951,2543.800049,2500.699951,2540.500000,2537.199951,2543.800049,2535.100098,2540.500000,changed
2024-08-20 07:00:00+00:00,2026-10-05T02:45:26Z,2540.399902,2553.699951,2505.100098,2553.199951,2540.399902,2553.699951,2539.300049,2553.199951,changed
2024-08-20 12:00:00+00:00,2026-10-05T02:45:26Z,2565.000000,2568.000000,2525.000000,2565.199951,2565.000000,2568.000000,2560.199951,2565.199951,changed
2024-08-20 13:00:00+00:00,2026-10-05T02:45:26Z,2565.300049,2570.399902,2526.100098,2568.500000,2565.300049,2570.399902,2558.300049,2568.500000,changed
2024-08-20 14:00:00+00:00,2026-10-05T02:45:26Z,2568.399902,2568.800049,2526.500000,2562.100098,2568.399902,2568.800049,2558.399902,2562.100098,changed
2024-08-20 15:00:00+00:00,2026-10-05T02:45:26Z,2562.100098,2562.300049,2509.300049,2546.399902,2562.100098,2562.300049,2543.600098,2546.399902,changed
2024-08-20 16:00:00+00:00,2026-10-05T02:45:26Z,2546.600098,2548.600098,2508.000000,2547.100098,2546.600098,2548.600098,2538.600098,2547.100098,changed
2024-08-20 18:00:00+00:00,2026-10-05T02:45:26Z,2548.699951,2553.800049,2513.699951,2551.699951,2548.699951,2553.800049,2547.500000,2551.699951,changed
2024-08-20 19:00:00+00:00,2026-10-05T02:45:26Z,2551.600098,2553.500000,2512.500000,2553.199951,2551.600098,2553.500000,2549.000000,2553.199951,changed
2024-08-21 11:00:00+00:00,2026-10-05T02:45:26Z,2547.699951,2552.000000,2511.000000,2549.899902,2547.699951,2552.000000,2545.000000,2549.899902,changed
2024-08-21 12:00:00+00:00,2026-10-05T02:45:26Z,2550.000000,2552.000000,2506.899902,2548.399902,2550.000000,2552.000000,2544.899902,2548.399902,changed
2024-08-21 14:00:00+00:00,2026-10-05T02:45:26Z,2540.699951,2544.500000,2503.899902,2539.100098,2540.699951,2544.500000,2528.199951,2539.100098,changed
2024-08-21 17:00:00+00:00,2026-10-05T02:45:26Z,2544.800049,2549.199951,2508.199951,2547.300049,2544.800049,2549.199951,2544.699951,2547.300049,changed
2024-08-21 18:00:00+00:00,2026-10-05T02:45:26Z,2547.199951,2557.300049,2515.399902,2554.199951,2547.199951,2557.300049,2547.000000,2554.199951,changed
2024-08-22 06:00:00+00:00,2026-10-05T02:45:26Z,2542.000000,2547.199951,2504.100098,2543.800049,2542.000000,2547.199951,2539.699951,2543.800049,changed
2024-08-22 12:00:00+00:00,2026-10-05T02:45:26Z,2535.699951,2541.899902,2495.699951,2536.899902,2535.699951,2541.899902,2531.300049,2536.899902,changed
2024-08-22 13:00:00+00:00,2026-10-05T02:45:26Z,2536.899902,2537.899902,2484.600098,2523.500000,2536.899902,2537.899902,2518.699951,2523.500000,changed
2024-08-22 14:00:00+00:00,2026-10-05T02:45:26Z,2523.699951,2523.699951,2471.100098,2515.899902,2523.699951,2523.699951,2506.399902,2515.899902,changed
2024-08-22 15:00:00+00:00,2026-10-05T02:45:26Z,2515.800049,2520.199951,2475.699951,2517.899902,2515.800049,2520.199951,2510.699951,2517.899902,changed
2024-08-22 16:00:00+00:00,2026-10-05T02:45:26Z,2518.000000,2522.100098,2482.399902,2520.199951,2518.000000,2522.100098,2517.399902,2520.199951,changed
2024-08-22 17:00:00+00:00,2026-10-05T02:45:26Z,2520.100098,2520.399902,2515.300049,2517.899902,2520.100098,2520.399902,2515.300049,2517.600098,changed
2024-08-22 18:00:00+00:00,2026-10-05T02:45:26Z,2518.000000,2520.699951,2479.800049,2517.899902,2518.000000,2520.699951,2516.100098,2517.899902,changed
2024-08-23 00:00:00+00:00,2026-10-05T02:45:26Z,2522.899902,2527.899902,2486.500000,2525.399902,2522.899902,2527.899902,2521.899902,2525.399902,changed
2024-08-23 02:00:00+00:00,2026-10-05T02:45:26Z,2526.600098,2527.199951,2486.800049,2525.500000,2526.600098,2527.199951,2522.100098,2525.500000,changed
2024-08-23 13:00:00+00:00,2026-10-05T02:45:26Z,2536.899902,2539.600098,2492.899902,2533.800049,2536.899902,2539.600098,2530.100098,2533.800049,changed
2024-08-23 14:00:00+00:00,2026-10-05T02:45:26Z,2533.899902,2554.199951,2499.000000,2545.000000,2533.899902,2554.199951,2532.100098,2545.000000,changed
2024-08-23 19:00:00+00:00,2026-10-05T02:45:26Z,2545.399902,2548.600098,2506.800049,2546.600098,2545.399902,2548.600098,2543.500000,2546.600098,changed
2024-08-25 22:00:00+00:00,2026-10-05T02:45:26Z,2545.100098,2550.300049,2509.899902,2548.399902,2545.100098,2550.300049,2544.600098,2548.399902,changed
2024-08-25 23:00:00+00:00,2026-10-05T02:45:26Z,2548.399902,2552.100098,2511.899902,2551.300049,2548.399902,2552.100098,2548.399902,2551.300049,changed
2024-08-26 01:00:00+00:00,2026-10-05T02:45:26Z,2549.000000,2550.800049,2509.100098,2548.699951,2549.000000,2550.800049,2546.000000,2548.699951,changed
2024-08-26 07:00:00+00:00,2026-10-05T02:45:26Z,2550.600098,2557.300049,2516.899902,2556.899902,2550.600098,2557.300049,2549.600098,2556.899902,changed
2024-08-26 08:00:00+00:00,2026-10-05T02:45:26Z,2557.000000,2561.600098,2556.300049,2560.000000,2557.000000,2561.699951,2556.300049,2560.000000,changed
2024-08-26 09:00:00+00:00,2026-10-05T02:45:26Z,2560.100098,2561.500000,2523.100098,2561.000000,2560.100098,2561.500000,2559.100098,2561.000000,changed
2024-08-26 11:00:00+00:00,2026-10-05T02:45:26Z,2560.699951,2562.500000,2519.800049,2562.100098,2560.699951,2562.500000,2556.399902,2562.100098,changed
2024-08-26 12:00:00+00:00,2026-10-05T02:45:26Z,2562.199951,2563.199951,2522.100098,2559.500000,2562.199951,2563.199951,2558.199951,2559.500000,changed
2024-08-26 13:00:00+00:00,2026-10-05T02:45:26Z,2559.500000,2562.300049,2515.699951,2551.600098,2559.500000,2562.300049,2551.000000,2551.600098,changed
2024-08-26 14:00:00+00:00,2026-10-05T02:45:26Z,2551.600098,2554.699951,2509.699951,2552.600098,2551.600098,2554.699951,2546.100098,2552.600098,changed
2024-08-27 05:00:00+00:00,2026-10-05T02:45:26Z,2542.300049,2548.800049,2541.699951,2548.800049,2542.300049,2548.800049,2541.699951,2548.600098,changed
2024-08-27 06:00:00+00:00,2026-10-05T02:45:26Z,2548.500000,2552.500000,2547.899902,2549.899902,2548.600098,2552.500000,2547.899902,2549.899902,changed
2024-08-27 07:00:00+00:00,2026-10-05T02:45:26Z,2549.899902,2552.699951,2515.199951,2540.000000,2549.899902,2552.699951,2539.500000,2540.000000,changed
2024-08-27 11:00:00+00:00,2026-10-05T02:45:26Z,2544.100098,2547.699951,2543.899902,2546.600098,2544.100098,2547.699951,2543.699951,2546.600098,changed
2024-08-27 13:00:00+00:00,2026-10-05T02:45:26Z,2544.899902,2550.399902,2506.899902,2547.800049,2544.899902,2550.399902,2538.899902,2547.800049,changed
2024-08-27 16:00:00+00:00,2026-10-05T02:45:26Z,2547.300049,2549.899902,2511.100098,2549.800049,2547.300049,2549.899902,2545.000000,2549.800049,changed
2024-08-27 19:00:00+00:00,2026-10-05T02:45:26Z,2560.000000,2561.100098,2522.300049,2560.399902,2560.000000,2561.100098,2558.399902,2560.399902,changed
2024-08-27 20:00:00+00:00,2026-10-05T02:45:26Z,2560.399902,2561.399902,2522.800049,2560.000000,2560.399902,2561.399902,2559.100098,2560.000000,changed
2024-08-30 07:00:00+00:00,2026-10-05T02:45:26Z,2550.600098,2554.399902,2550.399902,2552.500000,2550.600098,2554.300049,2550.399902,2552.500000,changed
2024-08-30 14:00:00+00:00,2026-10-05T02:45:26Z,2548.800049,2551.699951,2539.300049,2542.100098,2548.800049,2551.399902,2539.300049,2542.100098,changed
2024-08-30 20:00:00+00:00,2026-10-05T02:45:26Z,2534.800049,2536.100098,2534.399902,2536.000000,2534.800049,2536.100098,2534.399902,2535.899902,changed
2024-08-01 01:00:00+00:00,2026-10-05T02:58:33Z,2492.000000,2502.800049,2490.500000,2495.500000,2492.000000,2502.800049,2452.600098,2495.500000,changed
2024-08-01 05:00:00+00:00,2026-10-05T02:58:33Z,2488.399902,2492.300049,2487.699951,2491.000000,2488.399902,2492.300049,2442.500000,2491.000000,changed
2024-08-01 06:00:00+00:00,2026-10-05T02:58:33Z,2490.899902,2492.899902,2488.300049,2489.100098,2490.899902,2492.899902,2445.800049,2489.100098,changed
2024-08-01 07:00:00+00:00,2026-10-05T02:58:33Z,2489.199951,2489.300049,2484.000000,2484.399902,2489.199951,2489.199951,2442.000000,2484.399902,changed
2024-08-01 09:00:00+00:00,2026-10-05T02:58:33Z,2478.000000,2479.399902,2474.000000,2476.800049,2478.000000,2479.399902,2430.399902,2476.800049,changed
2024-08-01 10:00:00+00:00,2026-10-05T02:58:33Z,2476.899902,2480.800049,2475.899902,2479.199951,2476.899902,2480.800049,2431.600098,2479.199951,changed
2024-08-01 11:00:00+00:00,2026-10-05T02:58:33Z,2479.199951,2487.399902,2478.300049,2485.000000,2479.199951,2487.399902,2433.899902,2485.000000,changed
2024-08-01 12:00:00+00:00,2026-10-05T02:58:33Z,2485.100098,2499.399902,2484.600098,2495.300049,2485.100098,2499.399902,2446.199951,2495.300049,changed
2024-08-01 13:00:00+00:00,2026-10-05T02:58:33Z,2495.000000,2501.899902,2492.699951,2497.800049,2495.000000,2501.899902,2452.100098,2497.800049,changed
2024-08-01 14:00:00+00:00,2026-10-05T02:58:33Z,2498.100098,2506.600098,2487.300049,2492.800049,2498.100098,2506.600098,2443.399902,2492.800049,changed
2024-08-01 15:00:00+00:00,2026-10-05T02:58:33Z,2492.699951,2496.199951,2486.399902,2489.399902,2492.699951,2496.199951,2442.899902,2489.399902,changed
2024-08-01 16:00:00+00:00,2026-10-05T02:58:33Z,2489.300049,2492.800049,2487.500000,2488.600098,2489.300049,2492.800049,2442.899902,2488.600098,changed
2024-08-01 17:00:00+00:00,2026-10-05T02:58:33Z,2488.600098,2488.800049,2479.500000,2483.199951,2488.600098,2488.800049,2434.800049,2483.199951,changed
2024-08-01 18:00:00+00:00,2026-10-05T02:58:33Z,2483.100098,2484.699951,2478.600098,2483.500000,2483.100098,2484.699951,2436.300049,2483.500000,changed
2024-08-01 20:00:00+00:00,2026-10-05T02:58:33Z,2487.300049,2492.000000,2486.199951,2490.899902,2487.300049,2492.000000,2441.800049,2490.899902,changed
2024-08-01 22:00:00+00:00,2026-10-05T02:58:33Z,2490.800049,2491.500000,2487.800049,2489.399902,2490.800049,2491.500000,2444.000000,2489.399902,changed
2024-08-02 01:00:00+00:00,2026-10-05T02:58:33Z,2493.199951,2495.000000,2479.500000,2491.600098,2493.199951,2494.800049,2436.800049,2491.600098,changed
2024-08-02 03:00:00+00:00,2026-10-05T02:58:33Z,2499.899902,2503.800049,2496.000000,2498.699951,2499.899902,2503.800049,2457.100098,2498.699951,changed
2024-08-02 05:00:00+00:00,2026-10-05T02:58:33Z,2501.899902,2511.500000,2501.800049,2511.300049,2501.899902,2511.500000,2458.500000,2511.300049,changed
2024-08-02 07:00:00+00:00,2026-10-05T02:58:33Z,2509.699951,2510.899902,2504.399902,2505.800049,2509.699951,2510.899902,2460.699951,2505.800049,changed
2024-08-02 10:00:00+00:00,2026-10-05T02:58:33Z,2508.399902,2509.899902,2505.300049,2507.899902,2508.399902,2509.899902,2462.699951,2507.899902,changed
2024-08-02 11:00:00+00:00,2026-10-05T02:58:33Z,2508.000000,2509.199951,2501.800049,2503.500000,2508.000000,2509.199951,2458.699951,2503.500000,changed
2024-08-02 12:00:00+00:00,2026-10-05T02:58:33Z,2503.300049,2522.500000,2499.899902,2517.100098,2503.300049,2522.500000,2473.399902,2517.100098,changed
2024-08-02 13:00:00+00:00,2026-10-05T02:58:33Z,2517.000000,2518.600098,2499.399902,2513.000000,2517.000000,2518.600098,2463.500000,2513.800049,changed
2024-08-02 14:00:00+00:00,2026-10-05T02:58:33Z,2516.800049,2518.399902,2471.699951,2474.399902,2513.699951,2518.399902,2428.399902,2474.399902,changed
2024-08-02 15:00:00+00:00,2026-10-05T02:58:33Z,2474.300049,2478.899902,2453.100098,2476.100098,2474.300049,2478.899902,2416.000000,2476.100098,changed
2024-08-02 16:00:00+00:00,2026-10-05T02:58:33Z,2476.300049,2482.399902,2469.100098,2473.199951,2475.699951,2482.399902,2425.399902,2473.199951,changed
2024-08-02 17:00:00+00:00,2026-10-05T02:58:33Z,2473.100098,2474.399902,2465.500000,2470.500000,2473.100098,2474.399902,2426.399902,2470.500000,changed
2024-08-02 18:00:00+00:00,2026-10-05T02:58:33Z,2470.600098,2476.500000,2469.500000,2471.899902,2470.600098,2476.500000,2426.899902,2471.899902,changed
2024-08-02 19:00:00+00:00,2026-10-05T02:58:33Z,2471.899902,2480.800049,2468.399902,2480.000000,2471.899902,2480.800049,2433.800049,2480.000000,changed
2024-08-02 20:00:00+00:00,2026-10-05T02:58:33Z,2480.000000,2486.600098,2478.100098,2486.100098,2480.000000,2486.600098,2440.199951,2486.100098,changed
2024-08-04 22:00:00+00:00,2026-10-05T02:58:33Z,2490.300049,2490.399902,2480.100098,2483.500000,2490.300049,2490.399902,2442.000000,2483.500000,changed
2024-08-05 00:00:00+00:00,2026-10-05T02:58:33Z,2483.199951,2483.199951,2455.699951,2464.300049,2483.199951,2483.199951,2422.100098,2464.300049,changed
2024-08-05 01:00:00+00:00,2026-10-05T02:58:33Z,2463.699951,2484.199951,2462.100098,2481.600098,2463.699951,2484.199951,2418.899902,2481.600098,changed
2024-08-05 02:00:00+00:00,2026-10-05T02:58:33Z,2481.500000,2488.500000,2475.100098,2484.699951,2481.500000,2488.500000,2436.000000,2484.699951,changed
2024-08-05 05:00:00+00:00,2026-10-05T02:58:33Z,2494.600098,2494.600098,2473.600098,2479.699951,2494.600098,2494.600098,2435.000000,2479.699951,changed
2024-08-05 06:00:00+00:00,2026-10-05T02:58:33Z,2479.600098,2480.300049,2463.600098,2470.000000,2479.600098,2480.300049,2430.000000,2470.000000,changed
2024-08-05 07:00:00+00:00,2026-10-05T02:58:33Z,2470.000000,2485.100098,2465.899902,2473.199951,2470.000000,2485.100098,2426.000000,2473.199951,changed
2024-08-05 08:00:00+00:00,2026-10-05T02:58:33Z,2473.300049,2475.800049,2464.100098,2465.800049,2473.300049,2475.800049,2423.199951,2465.800049,changed
2024-08-05 09:00:00+00:00,2026-10-05T02:58:33Z,2466.100098,2469.699951,2460.000000,2464.899902,2466.100098,2469.600098,2418.000000,2464.899902,changed
2024-08-05 10:00:00+00:00,2026-10-05T02:58:33Z,2465.000000,2466.399902,2448.600098,2449.100098,2465.000000,2466.399902,2406.000000,2449.100098,changed
2024-08-05 11:00:00+00:00,2026-10-05T02:58:33Z,2449.000000,2449.000000,2423.100098,2426.800049,2449.000000,2449.000000,2400.000000,2426.800049,changed
2024-08-05 12:00:00+00:00,2026-10-05T02:58:33Z,2426.899902,2433.000000,2403.800049,2414.100098,2426.899902,2433.000000,2367.399902,2414.100098,changed
2024-08-05 13:00:00+00:00,2026-10-05T02:58:33Z,2414.199951,2437.399902,2414.199951,2434.100098,2414.199951,2437.399902,2375.100098,2434.100098,changed
2024-08-05 14:00:00+00:00,2026-10-05T02:58:33Z,2433.399902,2438.000000,2426.100098,2437.100098,2433.399902,2438.000000,2389.000000,2437.100098,changed
2024-08-05 15:00:00+00:00,2026-10-05T02:58:33Z,2436.899902,2452.800049,2436.699951,2443.300049,2436.899902,2452.800049,2399.399902,2443.300049,changed
2024-08-05 19:00:00+00:00,2026-10-05T02:58:33Z,2446.199951,2454.699951,2445.800049,2449.000000,2446.199951,2454.699951,2406.399902,2449.000000,changed
2024-08-06 01:00:00+00:00,2026-10-05T02:58:33Z,2457.100098,2459.000000,2451.699951,2453.399902,2457.100098,2459.000000,2414.500000,2453.399902,changed
2024-08-06 04:00:00+00:00,2026-10-05T02:58:33Z,2449.500000,2453.399902,2447.300049,2448.500000,2449.500000,2453.399902,2409.100098,2448.500000,changed
2024-08-06 05:00:00+00:00,2026-10-05T02:58:33Z,2448.600098,2452.300049,2438.500000,2439.199951,2448.600098,2452.300049,2402.699951,2439.199951,changed
2024-08-06 06:00:00+00:00,2026-10-05T02:58:33Z,2439.399902,2448.899902,2434.600098,2442.000000,2439.399902,2448.899902,2399.600098,2442.000000,changed
2024-08-06 09:00:00+00:00,2026-10-05T02:58:33Z,2451.699951,2456.199951,2450.800049,2454.100098,2451.699951,2455.500000,2450.800049,2454.100098,changed
2024-08-06 11:00:00+00:00,2026-10-05T02:58:33Z,2453.000000,2456.000000,2450.699951,2451.699951,2453.000000,2456.000000,2412.899902,2451.699951,changed
2024-08-06 12:00:00+00:00,2026-10-05T02:58:33Z,2451.699951,2452.899902,2432.100098,2433.399902,2451.699951,2452.899902,2393.899902,2433.399902,changed
2024-08-06 13:00:00+00:00,2026-10-05T02:58:33Z,2433.399902,2439.899902,2429.300049,2436.199951,2433.399902,2439.899902,2392.899902,2436.199951,changed
2024-08-06 14:00:00+00:00,2026-10-05T02:58:33Z,2436.199951,2444.100098,2426.899902,2429.199951,2436.199951,2444.100098,2385.800049,2429.199951,changed
2024-08-06 15:00:00+00:00,2026-10-05T02:58:33Z,2429.199951,2431.699951,2421.800049,2428.399902,2429.199951,2431.699951,2380.000000,2428.399902,changed
2024-08-06 16:00:00+00:00,2026-10-05T02:58:33Z,2428.500000,2432.500000,2426.399902,2431.000000,2428.500000,2432.500000,2385.300049,2431.000000,changed
2024-08-06 17:00:00+00:00,2026-10-05T02:58:33Z,2431.000000,2434.600098,2428.600098,2434.199951,2431.000000,2434.600098,2387.399902,2432.899902,changed
2024-08-06 18:00:00+00:00,2026-10-05T02:58:33Z,2433.000000,2437.100098,2432.399902,2433.899902,2432.899902,2437.100098,2392.699951,2433.899902,changed
2024-08-06 20:00:00+00:00,2026-10-05T02:58:33Z,2429.000000,2432.100098,2428.100098,2432.100098,2429.000000,2432.100098,2387.399902,2432.100098,changed
2024-08-07 04:00:00+00:00,2026-10-05T02:58:33Z,2426.000000,2434.800049,2425.699951,2433.000000,2426.000000,2434.800049,2392.199951,2433.000000,changed
2024-08-07 05:00:00+00:00,2026-10-05T02:58:33Z,2432.699951,2436.199951,2428.399902,2431.300049,2432.699951,2436.199951,2394.000000,2431.300049,changed
2024-08-07 06:00:00+00:00,2026-10-05T02:58:33Z,2431.300049,2437.600098,2429.399902,2434.500000,2389.800049,2437.600098,2387.300049,2434.500000,changed
2024-08-07 07:00:00+00:00,2026-10-05T02:58:33Z,2434.699951,2434.800049,2428.000000,2429.300049,2434.699951,2434.800049,2386.500000,2429.300049,changed
2024-08-07 08:00:00+00:00,2026-10-05T02:58:33Z,2429.199951,2433.600098,2428.000000,2433.199951,2429.199951,2433.600098,2391.000000,2433.199951,changed
2024-08-07 09:00:00+00:00,2026-10-05T02:58:33Z,2433.399902,2436.500000,2432.500000,2434.399902,2433.399902,2436.500000,2432.600098,2434.399902,changed
2024-08-07 10:00:00+00:00,2026-10-05T02:58:33Z,2434.500000,2438.399902,2433.199951,2437.600098,2434.500000,2438.399902,2392.699951,2437.600098,changed
2024-08-07 12:00:00+00:00,2026-10-05T02:58:33Z,2441.399902,2447.300049,2439.199951,2444.100098,2441.399902,2447.300049,2398.100098,2444.100098,changed
2024-08-07 13:00:00+00:00,2026-10-05T02:58:33Z,2444.300049,2445.300049,2436.699951,2440.300049,2444.300049,2445.300049,2397.100098,2440.300049,changed
2024-08-07 14:00:00+00:00,2026-10-05T02:58:33Z,2440.100098,2443.500000,2438.100098,2439.199951,2440.100098,2443.500000,2400.199951,2439.199951,changed
2024-08-07 16:00:00+00:00,2026-10-05T02:58:33Z,2434.699951,2440.100098,2433.100098,2439.899902,2434.699951,2440.100098,2394.300049,2439.899902,changed
2024-08-07 17:00:00+00:00,2026-10-05T02:58:33Z,2439.899902,2440.000000,2429.600098,2430.000000,2439.899902,2440.000000,2393.699951,2430.000000,changed
2024-08-07 18:00:00+00:00,2026-10-05T02:58:33Z,2429.899902,2432.000000,2423.899902,2426.300049,2429.899902,2432.000000,2387.000000,2426.300049,changed
2024-08-07 19:00:00+00:00,2026-10-05T02:58:33Z,2426.199951,2430.699951,2425.300049,2425.500000,2426.199951,2430.699951,2384.500000,2425.600098,changed
2024-08-07 20:00:00+00:00,2026-10-05T02:58:33Z,2426.100098,2427.399902,2421.699951,2423.500000,2425.699951,2427.399902,2421.699951,2423.500000,changed
2024-08-08 00:00:00+00:00,2026-10-05T02:58:33Z,2423.899902,2427.899902,2422.300049,2424.300049,2423.899902,2427.899902,2384.300049,2424.300049,changed
2024-08-08 03:00:00+00:00,2026-10-05T02:58:33Z,2429.500000,2433.800049,2427.800049,2433.000000,2429.500000,2433.800049,2387.699951,2433.000000,changed
2024-08-08 07:00:00+00:00,2026-10-05T02:58:33Z,2436.500000,2439.100098,2434.100098,2435.600098,2436.500000,2439.100098,2433.500000,2435.600098,changed
2024-08-08 10:00:00+00:00,2026-10-05T02:58:33Z,2435.100098,2445.699951,2435.100098,2444.500000,2435.100098,2445.699951,2397.699951,2444.500000,changed
2024-08-08 12:00:00+00:00,2026-10-05T02:58:33Z,2451.699951,2455.300049,2446.600098,2447.399902,2451.699951,2455.300049,2446.500000,2447.399902,changed
2024-08-08 13:00:00+00:00,2026-10-05T02:58:33Z,2447.399902,2454.899902,2441.199951,2453.399902,2447.399902,2454.899902,2403.500000,2453.399902,changed
2024-08-08 14:00:00+00:00,2026-10-05T02:58:33Z,2453.399902,2464.000000,2448.500000,2453.199951,2453.399902,2464.000000,2409.300049,2453.100098,changed
2024-08-08 15:00:00+00:00,2026-10-05T02:58:33Z,2453.300049,2459.800049,2451.300049,2458.100098,2452.100098,2459.800049,2451.899902,2458.100098,changed
2024-08-08 17:00:00+00:00,2026-10-05T02:58:33Z,2457.600098,2464.500000,2455.300049,2463.000000,2457.600098,2464.500000,2419.500000,2463.000000,changed
2024-08-09 01:00:00+00:00,2026-10-05T02:58:33Z,2463.300049,2467.199951,2459.399902,2466.699951,2463.300049,2467.199951,2422.300049,2466.699951,changed
2024-08-09 04:00:00+00:00,2026-10-05T02:58:33Z,2460.500000,2464.000000,2459.699951,2463.399902,2460.500000,2464.000000,2459.699951,2463.300049,changed
2024-08-09 05:00:00+00:00,2026-10-05T02:58:33Z,2462.600098,2463.100098,2456.399902,2456.500000,2463.199951,2463.399902,2456.399902,2456.500000,changed
2024-08-09 06:00:00+00:00,2026-10-05T02:58:33Z,2456.300049,2461.100098,2456.100098,2460.000000,2456.300049,2461.100098,2418.500000,2460.000000,changed
2024-08-09 08:00:00+00:00,2026-10-05T02:58:33Z,2462.399902,2465.899902,2461.199951,2463.500000,2462.399902,2465.899902,2420.899902,2463.500000,changed
2024-08-09 12:00:00+00:00,2026-10-05T02:58:33Z,2465.899902,2469.300049,2462.699951,2469.000000,2465.899902,2469.300049,2422.399902,2469.000000,changed
2024-08-09 13:00:00+00:00,2026-10-05T02:58:33Z,2469.199951,2472.699951,2460.000000,2466.100098,2469.000000,2472.699951,2420.100098,2466.100098,changed
2024-08-09 15:00:00+00:00,2026-10-05T02:58:33Z,2467.800049,2471.899902,2465.800049,2470.899902,2467.800049,2471.899902,2465.800049,2470.600098,changed
2024-08-09 16:00:00+00:00,2026-10-05T02:58:33Z,2471.800049,2474.000000,2466.600098,2473.899902,2470.800049,2474.000000,2427.399902,2473.899902,changed
2024-08-09 18:00:00+00:00,2026-10-05T02:58:33Z,2470.100098,2470.300049,2466.600098,2469.300049,2470.100098,2470.300049,2425.899902,2469.300049,changed
2024-08-09 19:00:00+00:00,2026-10-05T02:58:33Z,2469.300049,2469.600098,2466.699951,2468.600098,2469.300049,2469.600098,2426.000000,2468.600098,changed
2024-08-09 20:00:00+00:00,2026-10-05T02:58:33Z,2468.600098,2470.699951,2468.500000,2470.600098,2468.600098,2470.699951,2429.199951,2470.600098,changed
2024-08-12 06:00:00+00:00,2026-10-05T02:58:33Z,2473.399902,2476.199951,2472.399902,2475.699951,2473.399902,2476.199951,2432.000000,2475.699951,changed
2024-08-12 08:00:00+00:00,2026-10-05T02:58:33Z,2481.100098,2482.899902,2478.899902,2481.000000,2481.100098,2482.899902,2437.699951,2481.000000,changed
2024-08-12 12:00:00+00:00,2026-10-05T02:58:33Z,2480.699951,2484.800049,2480.500000,2483.800049,2480.699951,2484.800049,2442.000000,2483.800049,changed
2024-08-12 13:00:00+00:00,2026-10-05T02:58:33Z,2483.899902,2497.199951,2481.399902,2493.699951,2483.899902,2497.199951,2440.800049,2493.699951,changed
2024-08-12 14:00:00+00:00,2026-10-05T02:58:33Z,2493.699951,2495.100098,2483.699951,2492.800049,2493.699951,2495.100098,2443.699951,2492.800049,changed
2024-08-12 16:00:00+00:00,2026-10-05T02:58:33Z,2499.300049,2505.800049,2498.500000,2502.899902,2499.300049,2505.800049,2461.000000,2502.899902,changed
2024-08-12 19:00:00+00:00,2026-10-05T02:58:33Z,2510.300049,2511.899902,2509.800049,2510.600098,2510.300049,2512.399902,2468.600098,2510.600098,changed
2024-08-12 20:00:00+00:00,2026-10-05T02:58:33Z,2510.699951,2513.399902,2510.500000,2513.399902,2510.699951,2513.399902,2469.600098,2513.399902,changed
2024-08-13 01:00:00+00:00,2026-10-05T02:58:33Z,2511.899902,2513.699951,2501.199951,2506.699951,2511.899902,2513.699951,2461.000000,2506.699951,changed
2024-08-13 05:00:00+00:00,2026-10-05T02:58:33Z,2502.199951,2504.500000,2498.699951,2503.000000,2502.199951,2504.500000,2458.600098,2503.000000,changed
2024-08-13 06:00:00+00:00,2026-10-05T02:58:33Z,2503.100098,2504.600098,2501.300049,2503.399902,2503.100098,2504.699951,2459.699951,2503.399902,changed
2024-08-13 07:00:00+00:00,2026-10-05T02:58:33Z,2503.300049,2505.500000,2500.500000,2503.800049,2503.300049,2505.899902,2500.500000,2503.800049,changed
2024-08-13 08:00:00+00:00,2026-10-05T02:58:33Z,2503.899902,2503.899902,2498.199951,2499.899902,2503.899902,2503.899902,2456.500000,2499.899902,changed
2024-08-13 09:00:00+00:00,2026-10-05T02:58:33Z,2499.899902,2501.899902,2498.300049,2500.000000,2499.899902,2501.899902,2457.199951,2500.000000,changed
2024-08-13 10:00:00+00:00,2026-10-05T02:58:33Z,2500.000000,2502.899902,2498.399902,2501.399902,2500.000000,2502.899902,2458.500000,2501.399902,changed
2024-08-13 11:00:00+00:00,2026-10-05T02:58:33Z,2501.399902,2506.399902,2500.600098,2505.300049,2501.399902,2506.399902,2459.500000,2505.300049,changed
2024-08-13 12:00:00+00:00,2026-10-05T02:58:33Z,2505.300049,2512.500000,2503.699951,2507.300049,2505.300049,2512.500000,2463.199951,2507.300049,changed
2024-08-13 13:00:00+00:00,2026-10-05T02:58:33Z,2507.300049,2514.899902,2498.199951,2514.699951,2507.300049,2515.600098,2463.199951,2512.399902,changed
2024-08-13 14:00:00+00:00,2026-10-05T02:58:33Z,2511.899902,2512.800049,2503.199951,2511.000000,2512.399902,2512.800049,2469.699951,2511.000000,changed
2024-08-13 15:00:00+00:00,2026-10-05T02:58:33Z,2511.100098,2512.800049,2505.500000,2508.300049,2511.100098,2512.800049,2468.199951,2508.300049,changed
2024-08-13 16:00:00+00:00,2026-10-05T02:58:33Z,2508.300049,2510.800049,2505.899902,2509.199951,2508.300049,2510.800049,2469.000000,2509.199951,changed
2024-08-13 18:00:00+00:00,2026-10-05T02:58:33Z,2507.300049,2508.699951,2506.199951,2507.600098,2507.300049,2508.699951,2466.800049,2507.600098,changed
2024-08-13 20:00:00+00:00,2026-10-05T02:58:33Z,2506.800049,2507.500000,2504.300049,2504.899902,2506.800049,2507.500000,2465.300049,2504.899902,changed
2024-08-14 07:00:00+00:00,2026-10-05T02:58:33Z,2506.199951,2510.399902,2505.300049,2509.699951,2506.199951,2510.800049,2468.000000,2509.699951,changed
2024-08-14 12:00:00+00:00,2026-10-05T02:58:33Z,2513.800049,2519.699951,2500.800049,2507.899902,2513.800049,2519.699951,2472.100098,2507.899902,changed
2024-08-14 13:00:00+00:00,2026-10-05T02:58:33Z,2507.899902,2508.800049,2487.699951,2496.199951,2507.899902,2508.800049,2450.000000,2496.199951,changed
2024-08-14 14:00:00+00:00,2026-10-05T02:58:33Z,2496.100098,2497.100098,2485.399902,2488.600098,2496.100098,2497.100098,2445.199951,2488.600098,changed
2024-08-14 15:00:00+00:00,2026-10-05T02:58:33Z,2488.600098,2490.699951,2480.300049,2482.600098,2488.600098,2490.699951,2448.500000,2482.600098,changed
2024-08-14 19:00:00+00:00,2026-10-05T02:58:33Z,2486.000000,2486.800049,2482.600098,2485.500000,2486.000000,2486.800049,2445.600098,2485.500000,changed
2024-08-14 20:00:00+00:00,2026-10-05T02:58:33Z,2485.600098,2486.800049,2484.800049,2486.000000,2485.600098,2486.800049,2444.699951,2486.000000,changed
2024-08-15 00:00:00+00:00,2026-10-05T02:58:33Z,2486.899902,2491.500000,2479.699951,2487.300049,2486.899902,2491.500000,2486.000000,2487.300049,changed
2024-08-15 04:00:00+00:00,2026-10-05T02:58:33Z,2491.300049,2493.000000,2490.300049,2490.899902,2491.300049,2493.000000,2451.800049,2490.899902,changed
2024-08-15 07:00:00+00:00,2026-10-05T02:58:33Z,2493.600098,2494.300049,2492.000000,2493.300049,2493.600098,2494.300049,2491.899902,2493.300049,changed
2024-08-15 08:00:00+00:00,2026-10-05T02:58:33Z,2493.399902,2494.899902,2491.199951,2493.000000,2493.399902,2494.899902,2454.000000,2493.000000,changed
2024-08-15 10:00:00+00:00,2026-10-05T02:58:33Z,2494.300049,2497.899902,2494.300049,2495.699951,2494.300049,2497.899902,2457.000000,2495.699951,changed
2024-08-15 11:00:00+00:00,2026-10-05T02:58:33Z,2495.699951,2501.899902,2495.300049,2501.100098,2495.699951,2501.899902,2459.899902,2501.100098,changed
2024-08-15 12:00:00+00:00,2026-10-05T02:58:33Z,2501.300049,2508.000000,2478.000000,2478.399902,2501.300049,2508.000000,2448.500000,2478.399902,changed
2024-08-15 13:00:00+00:00,2026-10-05T02:58:33Z,2478.500000,2488.800049,2469.199951,2481.899902,2478.500000,2488.800049,2431.199951,2481.899902,changed
2024-08-15 14:00:00+00:00,2026-10-05T02:58:33Z,2481.699951,2496.500000,2481.699951,2490.000000,2481.699951,2496.500000,2443.100098,2490.000000,changed
2024-08-15 15:00:00+00:00,2026-10-05T02:58:33Z,2489.800049,2497.300049,2488.300049,2496.100098,2489.800049,2497.300049,2454.500000,2496.100098,changed
2024-08-15 16:00:00+00:00,2026-10-05T02:58:33Z,2496.100098,2497.699951,2492.600098,2493.199951,2496.100098,2497.699951,2454.899902,2493.199951,changed
2024-08-15 18:00:00+00:00,2026-10-05T02:58:33Z,2493.300049,2496.199951,2492.500000,2496.100098,2493.300049,2496.199951,2453.899902,2496.100098,changed
2024-08-15 19:00:00+00:00,2026-10-05T02:58:33Z,2496.199951,2499.399902,2491.899902,2493.500000,2496.199951,2499.399902,2455.600098,2493.500000,changed
2024-08-15 22:00:00+00:00,2026-10-05T02:58:33Z,2494.399902,2494.699951,2492.000000,2492.399902,2494.399902,2494.699951,2453.500000,2492.399902,changed
2024-08-16 06:00:00+00:00,2026-10-05T02:58:33Z,2493.100098,2495.399902,2491.899902,2492.399902,2493.100098,2495.399902,2453.699951,2492.399902,changed
2024-08-16 07:00:00+00:00,2026-10-05T02:58:33Z,2492.399902,2501.899902,2489.399902,2499.300049,2492.399902,2501.899902,2451.399902,2499.300049,changed
2024-08-16 10:00:00+00:00,2026-10-05T02:58:33Z,2500.800049,2506.000000,2500.399902,2502.300049,2500.800049,2506.000000,2462.199951,2502.300049,changed
2024-08-16 11:00:00+00:00,2026-10-05T02:58:33Z,2502.399902,2510.300049,2502.399902,2510.000000,2502.399902,2510.300049,2466.500000,2510.000000,changed
2024-08-16 12:00:00+00:00,2026-10-05T02:58:33Z,2510.000000,2531.399902,2509.300049,2530.500000,2510.000000,2531.399902,2488.199951,2530.500000,changed
2024-08-16 13:00:00+00:00,2026-10-05T02:58:33Z,2530.600098,2538.699951,2522.199951,2533.300049,2530.600098,2538.699951,2486.000000,2533.300049,changed
2024-08-16 14:00:00+00:00,2026-10-05T02:58:33Z,2533.300049,2533.899902,2515.800049,2525.600098,2533.300049,2533.899902,2481.199951,2525.600098,changed
2024-08-16 17:00:00+00:00,2026-10-05T02:58:33Z,2534.300049,2538.699951,2531.399902,2538.199951,2534.300049,2538.699951,2498.300049,2538.199951,changed
2024-08-16 19:00:00+00:00,2026-10-05T02:58:33Z,2542.000000,2547.399902,2540.199951,2546.500000,2542.000000,2547.399902,2504.399902,2546.500000,changed
2024-08-16 20:00:00+00:00,2026-10-05T02:58:33Z,2546.500000,2548.300049,2543.800049,2546.199951,2546.500000,2548.300049,2508.000000,2546.100098,changed
2024-08-18 22:00:00+00:00,2026-10-05T02:58:33Z,2549.699951,2549.899902,2540.899902,2543.600098,2549.699951,2549.899902,2502.800049,2543.600098,changed
2024-08-19 01:00:00+00:00,2026-10-05T02:58:33Z,2541.100098,2545.000000,2533.699951,2537.000000,2541.100098,2545.000000,2497.699951,2537.000000,changed
2024-08-19 05:00:00+00:00,2026-10-05T02:58:33Z,2539.500000,2541.100098,2537.899902,2539.899902,2539.500000,2541.100098,2499.800049,2539.899902,changed
2024-08-19 06:00:00+00:00,2026-10-05T02:58:33Z,2539.600098,2543.600098,2538.300049,2540.500000,2539.600098,2543.600098,2504.300049,2540.500000,changed
2024-08-19 07:00:00+00:00,2026-10-05T02:58:33Z,2540.600098,2543.399902,2537.899902,2541.199951,2540.600098,2543.399902,2500.300049,2541.199951,changed
2024-08-19 08:00:00+00:00,2026-10-05T02:58:33Z,2541.199951,2545.800049,2540.699951,2541.500000,2541.199951,2545.800049,2501.300049,2541.500000,changed
2024-08-19 11:00:00+00:00,2026-10-05T02:58:33Z,2527.800049,2533.500000,2524.399902,2532.800049,2527.800049,2533.500000,2487.199951,2532.800049,changed
2024-08-19 12:00:00+00:00,2026-10-05T02:58:33Z,2532.899902,2533.800049,2526.399902,2529.399902,2532.899902,2533.800049,2492.199951,2529.399902,changed
2024-08-19 18:00:00+00:00,2026-10-05T02:58:33Z,2541.500000,2543.399902,2540.899902,2542.800049,2541.500000,2543.399902,2502.300049,2542.800049,changed
2024-08-19 22:00:00+00:00,2026-10-05T02:58:33Z,2542.399902,2542.899902,2540.199951,2542.500000,2542.399902,2542.899902,2503.500000,2542.500000,changed
2024-08-20 06:00:00+00:00,2026-10-05T02:58:33Z,2537.199951,2543.800049,2535.100098,2540.500000,2537.199951,2543.800049,2500.699951,2540.500000,changed
2024-08-20 07:00:00+00:00,2026-10-05T02:58:33Z,2540.399902,2553.699951,2539.300049,2553.199951,2540.399902,2553.699951,2505.100098,2553.199951,changed
2024-08-20 12:00:00+00:00,2026-10-05T02:58:33Z,2565.000000,2568.000000,2560.199951,2565.199951,2565.000000,2568.000000,2525.000000,2565.199951,changed
2024-08-20 13:00:00+00:00,2026-10-05T02:58:33Z,2565.300049,2570.399902,2558.300049,2568.500000,2565.300049,2570.399902,2526.100098,2568.500000,changed
2024-08-20 14:00:00+00:00,2026-10-05T02:58:33Z,2568.399902,2568.800049,2558.399902,2562.100098,2568.399902,2568.800049,2526.500000,2562.100098,changed
2024-08-20 15:00:00+00:00,2026-10-05T02:58:33Z,2562.100098,2562.300049,2543.600098,2546.399902,2562.100098,2562.300049,2509.300049,2546.399902,changed
2024-08-20 16:00:00+00:00,2026-10-05T02:58:33Z,2546.600098,2548.600098,2538.600098,2547.100098,2546.600098,2548.600098,2508.000000,2547.100098,changed
2024-08-20 18:00:00+00:00,2026-10-05T02:58:33Z,2548.699951,2553.800049,2547.500000,2551.699951,2548.699951,2553.800049,2513.699951,2551.699951,changed
2024-08-20 19:00:00+00:00,2026-10-05T02:58:33Z,2551.600098,2553.500000,2549.000000,2553.199951,2551.600098,2553.500000,2512.500000,2553.199951,changed
2024-08-21 11:00:00+00:00,2026-10-05T02:58:33Z,2547.699951,2552.000000,2545.000000,2549.899902,2547.699951,2552.000000,2511.000000,2549.899902,changed
2024-08-21 12:00:00+00:00,2026-10-05T02:58:33Z,2550.000000,2552.000000,2544.899902,2548.399902,2550.000000,2552.000000,2506.899902,2548.399902,changed
2024-08-21 14:00:00+00:00,2026-10-05T02:58:33Z,2540.699951,2544.500000,2528.199951,2539.100098,2540.699951,2544.500000,2503.899902,2539.100098,changed
2024-08-21 17:00:00+00:00,2026-10-05T02:58:33Z,2544.800049,2549.199951,2544.699951,2547.300049,2544.800049,2549.199951,2508.199951,2547.300049,changed
2024-08-21 18:00:00+00:00,2026-10-05T02:58:33Z,2547.199951,2557.300049,2547.000000,2554.199951,2547.199951,2557.300049,2515.399902,2554.199951,changed
2024-08-22 06:00:00+00:00,2026-10-05T02:58:33Z,2542.000000,2547.199951,2539.699951,2543.800049,2542.000000,2547.199951,2504.100098,2543.800049,changed
2024-08-22 12:00:00+00:00,2026-10-05T02:58:33Z,2535.699951,2541.899902,2531.300049,2536.899902,2535.699951,2541.899902,2495.699951,2536.899902,changed
2024-08-22 13:00:00+00:00,2026-10-05T02:58:33Z,2536.899902,2537.899902,2518.699951,2523.500000,2536.899902,2537.899902,2484.600098,2523.500000,changed
2024-08-22 14:00:00+00:00,2026-10-05T02:58:33Z,2523.699951,2523.699951,2506.399902,2515.899902,2523.699951,2523.699951,2471.100098,2515.899902,changed
2024-08-22 15:00:00+00:00,2026-10-05T02:58:33Z,2515.800049,2520.199951,2510.699951,2517.899902,2515.800049,2520.199951,2475.699951,2517.899902,changed
2024-08-22 16:00:00+00:00,2026-10-05T02:58:33Z,2518.000000,2522.100098,2517.399902,2520.199951,2518.000000,2522.100098,2482.399902,2520.199951,changed
2024-08-22 17:00:00+00:00,2026-10-05T02:58:33Z,2520.100098,2520.399902,2515.300049,2517.600098,2520.100098,2520.399902,2515.300049,2517.899902,changed
2024-08-22 18:00:00+00:00,2026-10-05T02:58:33Z,2518.000000,2520.699951,2516.100098,2517.899902,2518.000000,2520.699951,2479.800049,2517.899902,changed
2024-08-23 00:00:00+00:00,2026-10-05T02:58:33Z,2522.899902,2527.899902,2521.899902,2525.399902,2522.899902,2527.899902,2486.500000,2525.399902,changed
2024-08-23 02:00:00+00:00,2026-10-05T02:58:33Z,2526.600098,2527.199951,2522.100098,2525.500000,2526.600098,2527.199951,2486.800049,2525.500000,changed
2024-08-23 13:00:00+00:00,2026-10-05T02:58:33Z,2536.899902,2539.600098,2530.100098,2533.800049,2536.899902,2539.600098,2492.899902,2533.800049,changed
2024-08-23 14:00:00+00:00,2026-10-05T02:58:33Z,2533.899902,2554.199951,2532.100098,2545.000000,2533.899902,2554.199951,2499.000000,2545.000000,changed
2024-08-23 19:00:00+00:00,2026-10-05T02:58:33Z,2545.399902,2548.600098,2543.500000,2546.600098,2545.399902,2548.600098,2506.800049,2546.600098,changed
2024-08-25 22:00:00+00:00,2026-10-05T02:58:33Z,2545.100098,2550.300049,2544.600098,2548.399902,2545.100098,2550.300049,2509.899902,2548.399902,changed
2024-08-25 23:00:00+00:00,2026-10-05T02:58:33Z,2548.399902,2552.100098,2548.399902,2551.300049,2548.399902,2552.100098,2511.899902,2551.300049,changed
2024-08-26 01:00:00+00:00,2026-10-05T02:58:33Z,2549.000000,2550.800049,2546.000000,2548.699951,2549.000000,2550.800049,2509.100098,2548.699951,changed
2024-08-26 07:00:00+00:00,2026-10-05T02:58:33Z,2550.600098,2557.300049,2549.600098,2556.899902,2550.600098,2557.300049,2516.899902,2556.899902,changed
2024-08-26 08:00:00+00:00,2026-10-05T02:58:33Z,2557.000000,2561.699951,2556.300049,2560.000000,2557.000000,2561.600098,2556.300049,2560.000000,changed
2024-08-26 09:00:00+00:00,2026-10-05T02:58:33Z,2560.100098,2561.500000,2559.100098,2561.000000,2560.100098,2561.500000,2523.100098,2561.000000,changed
2024-08-26 11:00:00+00:00,2026-10-05T02:58:33Z,2560.699951,2562.500000,2556.399902,2562.100098,2560.699951,2562.500000,2519.800049,2562.100098,changed
2024-08-26 12:00:00+00:00,2026-10-05T02:58:33Z,2562.199951,2563.199951,2558.199951,2559.500000,2562.199951,2563.199951,2522.100098,2559.500000,changed
2024-08-26 13:00:00+00:00,2026-10-05T02:58:33Z,2559.500000,2562.300049,2551.000000,2551.600098,2559.500000,2562.300049,2515.699951,2551.600098,changed
2024-08-26 14:00:00+00:00,2026-10-05T02:58:33Z,2551.600098,2554.699951,2546.100098,2552.600098,2551.600098,2554.699951,2509.699951,2552.600098,changed
2024-08-27 05:00:00+00:00,2026-10-05T02:58:33Z,2542.300049,2548.800049,2541.699951,2548.600098,2542.300049,2548.800049,2541.699951,2548.800049,changed
2024-08-27 06:00:00+00:00,2026-10-05T02:58:33Z,2548.600098,2552.500000,2547.899902,2549.899902,2548.500000,2552.500000,2547.899902,2549.899902,changed
2024-08-27 07:00:00+00:00,2026-10-05T02:58:33Z,2549.899902,2552.699951,2539.500000,2540.000000,2549.899902,2552.699951,2515.199951,2540.000000,changed
2024-08-27 11:00:00+00:00,2026-10-05T02:58:33Z,2544.100098,2547.699951,2543.699951,2546.600098,2544.100098,2547.699951,2543.899902,2546.600098,changed
2024-08-27 13:00:00+00:00,2026-10-05T02:58:33Z,2544.899902,2550.399902,2538.899902,2547.800049,2544.899902,2550.399902,2506.899902,2547.800049,changed
2024-08-27 16:00:00+00:00,2026-10-05T02:58:33Z,2547.300049,2549.899902,2545.000000,2549.800049,2547.300049,2549.899902,2511.100098,2549.800049,changed
2024-08-27 19:00:00+00:00,2026-10-05T02:58:33Z,2560.000000,2561.100098,2558.399902,2560.399902,2560.000000,2561.100098,2522.300049,2560.399902,changed
2024-08-27 20:00:00+00:00,2026-10-05T02:58:33Z,2560.399902,2561.399902,2559.100098,2560.000000,2560.399902,2561.399902,2522.800049,2560.000000,changed
2024-08-30 07:00:00+00:00,2026-10-05T02:58:33Z,2550.600098,2554.300049,2550.399902,2552.500000,2550.600098,2554.399902,2550.399902,2552.500000,changed
2024-08-30 14:00:00+00:00,2026-10-05T02:58:33Z,2548.800049,2551.399902,2539.300049,2542.100098,2548.800049,2551.699951,2539.300049,2542.100098,changed
2024-08-30 20:00:00+00:00,2026-10-05T02:58:33Z,2534.800049,2536.100098,2534.399902,2535.899902,2534.800049,2536.100098,2534.399902,2536.000000,changed
