bar_open,run_utc,old_open,old_high,old_low,old_close,new_open,new_high,new_low,new_close,kind
2025-06-01 22:00:00+00:00,2026-10-03T10:38:11Z,3323.000000,3338.699951,3319.399902,3336.399902,3323.000000,3338.699951,3296.899902,3336.399902,changed
2025-06-01 23:00:00+00:00,2026-10-03T10:38:11Z,3336.399902,3339.899902,3332.699951,3333.300049,3336.399902,3339.899902,3308.500000,3333.300049,changed
2025-06-02 00:00:00+00:00,2026-10-03T10:38:11Z,3333.199951,3338.699951,3326.199951,3334.500000,3333.199951,3338.699951,3305.300049,3334.500000,changed
2025-06-02 01:00:00+00:00,2026-10-03T10:38:11Z,3334.699951,3337.100098,3324.300049,3326.600098,3334.699951,3337.100098,3301.600098,3326.600098,changed
2025-06-02 02:00:00+00:00,2026-10-03T10:38:11Z,3326.600098,3335.399902,3326.399902,3330.500000,3326.600098,3335.399902,3306.600098,3330.500000,changed
2025-06-02 04:00:00+00:00,2026-10-03T10:38:11Z,3332.600098,3341.899902,3332.600098,3337.699951,3332.600098,3341.899902,3312.199951,3337.699951,changed
2025-06-02 05:00:00+00:00,2026-10-03T10:38:11Z,3337.600098,3350.000000,3337.600098,3347.800049,3337.600098,3350.000000,3313.699951,3347.800049,changed
2025-06-02 06:00:00+00:00,2026-10-03T10:38:11Z,3347.899902,3369.899902,3347.600098,3368.899902,3347.899902,3369.899902,3323.899902,3368.899902,changed
2025-06-02 07:00:00+00:00,2026-10-03T10:38:11Z,3369.000000,3384.000000,3367.699951,3377.199951,3369.000000,3384.000000,3345.300049,3377.199951,changed
2025-06-02 08:00:00+00:00,2026-10-03T10:38:11Z,3377.199951,3381.199951,3374.699951,3376.500000,3377.199951,3381.199951,3351.600098,3376.500000,changed
2025-06-02 09:00:00+00:00,2026-10-03T10:38:11Z,3376.600098,3376.899902,3369.000000,3372.699951,3376.600098,3376.899902,3345.699951,3372.699951,changed
2025-06-02 10:00:00+00:00,2026-10-03T10:38:11Z,3372.899902,3376.300049,3368.800049,3373.300049,3372.899902,3376.300049,3345.500000,3373.300049,changed
2025-06-02 11:00:00+00:00,2026-10-03T10:38:11Z,3373.300049,3385.600098,3370.399902,3381.199951,3373.300049,3385.600098,3351.500000,3381.199951,changed
2025-06-02 12:00:00+00:00,2026-10-03T10:38:11Z,3380.899902,3388.899902,3378.699951,3380.100098,3380.899902,3388.899902,3355.000000,3380.100098,changed
2025-06-02 13:00:00+00:00,2026-10-03T10:38:11Z,3380.100098,3401.300049,3374.500000,3395.800049,3380.100098,3401.300049,3349.600098,3395.800049,changed
2025-06-02 14:00:00+00:00,2026-10-03T10:38:11Z,3396.100098,3404.199951,3391.800049,3400.600098,3371.600098,3404.199951,3369.600098,3400.600098,changed
2025-06-02 15:00:00+00:00,2026-10-03T10:38:11Z,3400.500000,3403.500000,3393.000000,3399.100098,3400.500000,3403.500000,3366.899902,3399.100098,changed
2025-06-02 16:00:00+00:00,2026-10-03T10:38:11Z,3399.300049,3404.699951,3394.300049,3396.899902,3399.300049,3404.699951,3369.899902,3396.899902,changed
2025-06-02 17:00:00+00:00,2026-10-03T10:38:11Z,3396.899902,3400.899902,3396.199951,3399.199951,3396.899902,3400.899902,3369.899902,3399.199951,changed
2025-06-02 18:00:00+00:00,2026-10-03T10:38:11Z,3399.399902,3405.399902,3395.800049,3404.399902,3399.399902,3405.399902,3371.500000,3404.399902,changed
2025-06-02 19:00:00+00:00,2026-10-03T10:38:11Z,3404.300049,3407.300049,3403.000000,3406.300049,3404.300049,3407.300049,3377.199951,3406.300049,changed
2025-06-02 20:00:00+00:00,2026-10-03T10:38:11Z,3406.300049,3408.100098,3403.300049,3406.399902,3406.300049,3408.100098,3379.100098,3406.399902,changed
2025-06-02 22:00:00+00:00,2026-10-03T10:38:11Z,3406.500000,3416.600098,3406.500000,3414.800049,3406.500000,3416.600098,3385.100098,3414.800049,changed
2025-06-02 23:00:00+00:00,2026-10-03T10:38:11Z,3414.800049,3417.800049,3408.300049,3412.800049,3414.800049,3417.800049,3385.000000,3412.800049,changed
2025-06-03 01:00:00+00:00,2026-10-03T10:38:11Z,3401.199951,3401.300049,3387.800049,3397.300049,3401.199951,3401.300049,3364.100098,3397.300049,changed
2025-06-03 02:00:00+00:00,2026-10-03T10:38:11Z,3397.300049,3403.000000,3389.000000,3393.600098,3397.300049,3403.000000,3369.800049,3393.600098,changed
2025-06-03 03:00:00+00:00,2026-10-03T10:38:11Z,3393.199951,3394.100098,3384.199951,3387.100098,3393.199951,3394.100098,3361.500000,3387.100098,changed
2025-06-03 04:00:00+00:00,2026-10-03T10:38:11Z,3385.699951,3389.800049,3383.399902,3386.899902,3385.699951,3389.800049,3359.899902,3386.899902,changed
2025-06-03 05:00:00+00:00,2026-10-03T10:38:11Z,3387.100098,3392.800049,3381.100098,3389.800049,3387.100098,3392.800049,3364.100098,3389.800049,changed
2025-06-03 06:00:00+00:00,2026-10-03T10:38:11Z,3389.899902,3392.100098,3375.600098,3383.199951,3389.899902,3392.100098,3350.000000,3383.199951,changed
2025-06-03 07:00:00+00:00,2026-10-03T10:38:11Z,3382.699951,3385.500000,3376.699951,3384.600098,3382.699951,3385.500000,3355.600098,3384.600098,changed
2025-06-03 08:00:00+00:00,2026-10-03T10:38:11Z,3384.699951,3389.800049,3384.300049,3385.500000,3384.699951,3389.800049,3358.100098,3385.500000,changed
2025-06-03 09:00:00+00:00,2026-10-03T10:38:11Z,3385.500000,3387.000000,3379.899902,3381.199951,3385.500000,3387.000000,3355.300049,3381.199951,changed
2025-06-03 10:00:00+00:00,2026-10-03T10:38:11Z,3381.500000,3383.100098,3379.100098,3379.899902,3381.500000,3383.100098,3354.300049,3379.899902,changed
2025-06-03 11:00:00+00:00,2026-10-03T10:38:11Z,3380.100098,3384.800049,3377.699951,3383.300049,3380.100098,3384.800049,3352.699951,3383.300049,changed
2025-06-03 12:00:00+00:00,2026-10-03T10:38:11Z,3383.500000,3387.199951,3371.000000,3383.600098,3383.500000,3387.199951,3348.500000,3383.600098,changed
2025-06-03 13:00:00+00:00,2026-10-03T10:38:11Z,3383.699951,3387.000000,3364.500000,3370.399902,3383.699951,3387.000000,3339.199951,3370.399902,changed
2025-06-03 14:00:00+00:00,2026-10-03T10:38:11Z,3369.800049,3374.600098,3357.199951,3370.500000,3369.800049,3374.600098,3331.300049,3370.500000,changed
2025-06-03 15:00:00+00:00,2026-10-03T10:38:11Z,3370.399902,3375.500000,3368.000000,3374.000000,3370.399902,3375.500000,3342.800049,3374.000000,changed
2025-06-03 16:00:00+00:00,2026-10-03T10:38:11Z,3374.000000,3377.399902,3367.899902,3372.300049,3374.000000,3377.399902,3342.199951,3372.300049,changed
2025-06-03 17:00:00+00:00,2026-10-03T10:38:11Z,3372.300049,3378.699951,3371.000000,3377.600098,3372.300049,3378.699951,3346.300049,3377.600098,changed
2025-06-03 18:00:00+00:00,2026-10-03T10:38:11Z,3377.600098,3378.199951,3374.600098,3377.600098,3377.600098,3378.199951,3350.600098,3377.600098,changed
2025-06-03 20:00:00+00:00,2026-10-03T10:38:11Z,3376.399902,3379.300049,3376.199951,3376.899902,3376.399902,3379.300049,3350.000000,3376.899902,changed
2025-06-04 00:00:00+00:00,2026-10-03T10:38:11Z,3384.399902,3384.699951,3373.100098,3373.600098,3384.399902,3384.699951,3351.600098,3373.600098,changed
2025-06-04 01:00:00+00:00,2026-10-03T10:38:11Z,3373.600098,3396.699951,3369.699951,3395.199951,3373.600098,3396.699951,3367.100098,3395.199951,changed
2025-06-04 04:00:00+00:00,2026-10-03T10:38:11Z,3383.500000,3385.699951,3375.899902,3378.399902,3383.500000,3385.699951,3351.600098,3378.399902,changed
2025-06-04 05:00:00+00:00,2026-10-03T10:38:11Z,3378.399902,3380.300049,3372.000000,3374.699951,3378.399902,3380.300049,3352.500000,3374.699951,changed
2025-06-04 08:00:00+00:00,2026-10-03T10:38:11Z,3378.000000,3388.000000,3375.100098,3386.500000,3378.000000,3387.399902,3352.100098,3386.500000,changed
2025-06-04 09:00:00+00:00,2026-10-03T10:38:11Z,3386.500000,3389.000000,3383.300049,3387.100098,3386.500000,3389.000000,3360.699951,3387.100098,changed
2025-06-04 11:00:00+00:00,2026-10-03T10:38:11Z,3374.600098,3376.199951,3366.899902,3370.500000,3374.600098,3376.199951,3344.000000,3370.500000,changed
2025-06-04 12:00:00+00:00,2026-10-03T10:38:11Z,3370.500000,3385.399902,3368.199951,3383.000000,3370.500000,3385.399902,3351.800049,3383.000000,changed
2025-06-04 13:00:00+00:00,2026-10-03T10:38:11Z,3383.199951,3387.199951,3375.199951,3376.800049,3383.199951,3387.199951,3350.800049,3376.800049,changed
2025-06-04 14:00:00+00:00,2026-10-03T10:38:11Z,3376.899902,3409.699951,3375.100098,3401.500000,3376.899902,3409.699951,3361.899902,3401.500000,changed
2025-06-04 16:00:00+00:00,2026-10-03T10:38:11Z,3396.500000,3400.500000,3395.399902,3399.399902,3396.500000,3400.500000,3371.500000,3399.399902,changed
2025-06-04 19:00:00+00:00,2026-10-03T10:38:11Z,3400.800049,3400.899902,3396.300049,3397.300049,3400.800049,3400.899902,3396.000000,3397.300049,changed
2025-06-04 22:00:00+00:00,2026-10-03T10:38:11Z,3398.000000,3399.500000,3395.800049,3397.199951,3398.000000,3399.500000,3371.500000,3397.199951,changed
2025-06-05 06:00:00+00:00,2026-10-03T10:38:11Z,3387.500000,3393.600098,3386.800049,3389.300049,3387.500000,3393.600098,3366.199951,3389.500000,changed
2025-06-05 07:00:00+00:00,2026-10-03T10:38:11Z,3390.100098,3398.000000,3389.100098,3394.800049,3389.399902,3398.000000,3370.300049,3394.800049,changed
2025-06-05 09:00:00+00:00,2026-10-03T10:38:11Z,3398.699951,3415.300049,3397.500000,3413.500000,3398.699951,3415.300049,3375.100098,3413.500000,changed
2025-06-05 10:00:00+00:00,2026-10-03T10:38:11Z,3413.300049,3424.699951,3411.800049,3424.100098,3413.300049,3424.699951,3393.300049,3424.100098,changed
2025-06-05 11:00:00+00:00,2026-10-03T10:38:11Z,3424.000000,3427.699951,3416.300049,3416.600098,3424.000000,3427.699951,3415.899902,3416.600098,changed
2025-06-05 12:00:00+00:00,2026-10-03T10:38:11Z,3416.800049,3425.000000,3400.500000,3405.100098,3416.800049,3425.000000,3382.300049,3407.199951,changed
2025-06-05 13:00:00+00:00,2026-10-03T10:38:11Z,3405.699951,3412.600098,3394.800049,3401.899902,3407.300049,3412.600098,3381.500000,3401.899902,changed
2025-06-05 14:00:00+00:00,2026-10-03T10:38:11Z,3401.899902,3407.300049,3387.100098,3391.000000,3401.899902,3407.300049,3366.600098,3391.000000,changed
2025-06-05 15:00:00+00:00,2026-10-03T10:38:11Z,3390.899902,3396.399902,3362.300049,3368.100098,3390.899902,3396.399902,3344.000000,3368.100098,changed
2025-06-05 16:00:00+00:00,2026-10-03T10:38:11Z,3367.699951,3379.399902,3362.800049,3376.800049,3367.699951,3379.399902,3343.699951,3376.800049,changed
2025-06-05 17:00:00+00:00,2026-10-03T10:38:11Z,3377.100098,3377.800049,3371.699951,3376.899902,3377.100098,3377.800049,3349.199951,3376.899902,changed
2025-06-05 19:00:00+00:00,2026-10-03T10:38:11Z,3376.600098,3383.399902,3376.000000,3380.500000,3376.600098,3384.699951,3354.800049,3380.500000,changed
2025-06-05 20:00:00+00:00,2026-10-03T10:38:11Z,3380.399902,3381.500000,3375.800049,3376.100098,3380.399902,3381.500000,3352.199951,3376.100098,changed
2025-06-06 06:00:00+00:00,2026-10-03T10:38:11Z,3389.399902,3390.600098,3379.399902,3384.000000,3389.399902,3390.300049,3362.000000,3384.000000,changed
2025-06-06 07:00:00+00:00,2026-10-03T10:38:11Z,3384.000000,3385.300049,3375.300049,3382.699951,3384.000000,3385.300049,3359.000000,3382.699951,changed
2025-06-06 10:00:00+00:00,2026-10-03T10:38:11Z,3380.000000,3384.000000,3379.199951,3383.600098,3380.000000,3384.000000,3357.500000,3383.600098,changed
2025-06-06 12:00:00+00:00,2026-10-03T10:38:11Z,3381.500000,3387.300049,3365.600098,3376.199951,3381.500000,3385.199951,3345.100098,3376.199951,changed
2025-06-06 13:00:00+00:00,2026-10-03T10:38:11Z,3375.699951,3384.300049,3364.800049,3365.600098,3375.699951,3384.300049,3346.800049,3367.899902,changed
2025-06-06 14:00:00+00:00,2026-10-03T10:38:11Z,3365.399902,3367.800049,3338.500000,3348.800049,3367.000000,3367.800049,3315.699951,3348.800049,changed
2025-06-06 15:00:00+00:00,2026-10-03T10:38:11Z,3348.699951,3359.199951,3345.699951,3354.600098,3348.699951,3359.199951,3330.899902,3354.600098,changed
2025-06-06 16:00:00+00:00,2026-10-03T10:38:11Z,3354.500000,3355.199951,3342.899902,3344.899902,3354.500000,3355.199951,3323.000000,3344.899902,changed
2025-06-06 19:00:00+00:00,2026-10-03T10:38:11Z,3340.000000,3341.199951,3333.100098,3334.399902,3340.000000,3341.199951,3309.500000,3334.399902,changed
2025-06-06 20:00:00+00:00,2026-10-03T10:38:11Z,3334.300049,3334.800049,3328.800049,3331.000000,3334.300049,3334.800049,3306.000000,3331.000000,changed
2025-06-08 22:00:00+00:00,2026-10-03T10:38:11Z,3333.399902,3341.000000,3329.000000,3334.600098,3333.399902,3341.000000,3307.899902,3334.600098,changed
2025-06-09 00:00:00+00:00,2026-10-03T10:38:11Z,3338.500000,3339.000000,3317.500000,3325.300049,3338.500000,3339.000000,3301.000000,3325.300049,changed
2025-06-09 01:00:00+00:00,2026-10-03T10:38:11Z,3325.500000,3329.300049,3314.500000,3315.500000,3325.500000,3329.100098,3302.300049,3315.500000,changed
2025-06-09 02:00:00+00:00,2026-10-03T10:38:11Z,3315.899902,3327.500000,3313.100098,3325.300049,3315.899902,3327.500000,3290.000000,3325.300049,changed
2025-06-09 03:00:00+00:00,2026-10-03T10:38:11Z,3325.300049,3331.899902,3323.699951,3330.300049,3325.300049,3331.899902,3323.800049,3330.300049,changed
2025-06-09 04:00:00+00:00,2026-10-03T10:38:11Z,3330.699951,3333.399902,3329.000000,3331.800049,3330.699951,3333.399902,3308.899902,3331.800049,changed
2025-06-09 05:00:00+00:00,2026-10-03T10:38:11Z,3331.899902,3336.899902,3329.500000,3335.100098,3331.899902,3336.899902,3307.399902,3335.100098,changed
2025-06-09 06:00:00+00:00,2026-10-03T10:38:11Z,3335.000000,3345.800049,3332.699951,3345.199951,3335.000000,3345.800049,3333.000000,3345.199951,changed
2025-06-09 07:00:00+00:00,2026-10-03T10:38:11Z,3344.899902,3349.800049,3341.600098,3345.199951,3344.899902,3349.800049,3324.199951,3345.199951,changed
2025-06-09 08:00:00+00:00,2026-10-03T10:38:11Z,3345.300049,3346.699951,3340.500000,3340.500000,3345.300049,3346.699951,3322.699951,3340.500000,changed
2025-06-09 10:00:00+00:00,2026-10-03T10:38:11Z,3339.500000,3340.699951,3333.000000,3335.699951,3339.500000,3340.699951,3309.800049,3335.699951,changed
2025-06-09 12:00:00+00:00,2026-10-03T10:38:11Z,3338.600098,3343.399902,3333.699951,3341.399902,3338.600098,3343.399902,3318.800049,3341.399902,changed
2025-06-09 13:00:00+00:00,2026-10-03T10:38:11Z,3341.199951,3342.500000,3331.500000,3340.100098,3341.199951,3342.500000,3313.699951,3340.100098,changed
2025-06-09 14:00:00+00:00,2026-10-03T10:38:11Z,3339.899902,3347.899902,3336.899902,3341.699951,3339.899902,3347.899902,3317.500000,3341.699951,changed
2025-06-09 15:00:00+00:00,2026-10-03T10:38:11Z,3341.800049,3353.500000,3341.100098,3349.800049,3341.800049,3353.500000,3320.699951,3349.800049,changed
2025-06-09 18:00:00+00:00,2026-10-03T10:38:11Z,3354.000000,3357.699951,3353.399902,3354.000000,3354.000000,3357.699951,3330.600098,3354.000000,changed
2025-06-09 19:00:00+00:00,2026-10-03T10:38:11Z,3353.899902,3356.300049,3346.899902,3348.199951,3353.899902,3356.300049,3324.399902,3348.199951,changed
2025-06-09 22:00:00+00:00,2026-10-03T10:38:11Z,3346.300049,3354.899902,3341.600098,3344.100098,3346.300049,3348.300049,3341.600098,3343.699951,changed
2025-06-09 23:00:00+00:00,2026-10-03T10:38:11Z,3344.699951,3354.899902,3344.100098,3346.600098,3344.000000,3348.000000,3343.800049,3346.600098,changed
2025-06-10 01:00:00+00:00,2026-10-03T10:38:11Z,3336.199951,3339.699951,3322.600098,3326.199951,3336.199951,3339.699951,3302.000000,3326.199951,changed
2025-06-10 02:00:00+00:00,2026-10-03T10:38:11Z,3325.800049,3330.000000,3321.300049,3329.100098,3325.800049,3330.000000,3302.000000,3329.100098,changed
2025-06-10 05:00:00+00:00,2026-10-03T10:38:11Z,3326.800049,3339.399902,3326.100098,3337.899902,3326.800049,3339.399902,3307.100098,3337.899902,changed
2025-06-10 07:00:00+00:00,2026-10-03T10:38:11Z,3345.100098,3352.899902,3344.300049,3349.899902,3345.100098,3352.899902,3326.100098,3349.899902,changed
2025-06-10 08:00:00+00:00,2026-10-03T10:38:11Z,3350.600098,3355.800049,3346.399902,3350.000000,3350.600098,3355.800049,3329.699951,3350.000000,changed
2025-06-10 09:00:00+00:00,2026-10-03T10:38:11Z,3349.899902,3352.399902,3347.899902,3350.500000,3349.899902,3352.399902,3325.899902,3350.500000,changed
2025-06-10 11:00:00+00:00,2026-10-03T10:38:11Z,3356.199951,3363.600098,3352.899902,3354.399902,3356.199951,3363.600098,3337.000000,3354.399902,changed
2025-06-10 12:00:00+00:00,2026-10-03T10:38:11Z,3354.600098,3361.300049,3350.300049,3358.100098,3354.600098,3361.500000,3337.100098,3358.100098,changed
2025-06-10 13:00:00+00:00,2026-10-03T10:38:11Z,3358.199951,3370.399902,3356.500000,3364.600098,3358.199951,3370.399902,3344.300049,3364.600098,changed
2025-06-10 14:00:00+00:00,2026-10-03T10:38:11Z,3364.600098,3364.899902,3347.300049,3349.399902,3364.600098,3364.899902,3337.899902,3349.600098,changed
2025-06-10 15:00:00+00:00,2026-10-03T10:38:11Z,3346.699951,3350.399902,3344.100098,3347.699951,3346.800049,3350.399902,3324.000000,3347.699951,changed
2025-06-10 16:00:00+00:00,2026-10-03T10:38:11Z,3347.500000,3348.800049,3340.800049,3342.100098,3347.500000,3348.800049,3340.800049,3342.300049,changed
2025-06-10 17:00:00+00:00,2026-10-03T10:38:11Z,3342.500000,3346.399902,3341.100098,3345.800049,3342.300049,3347.000000,3341.100098,3345.800049,changed
2025-06-10 18:00:00+00:00,2026-10-03T10:38:11Z,3345.899902,3346.300049,3340.100098,3342.500000,3345.899902,3346.300049,3319.100098,3342.500000,changed
2025-06-10 19:00:00+00:00,2026-10-03T10:38:11Z,3342.600098,3355.600098,3342.199951,3349.899902,3342.600098,3355.600098,3331.000000,3349.899902,changed
2025-06-11 00:00:00+00:00,2026-10-03T10:38:11Z,3348.600098,3356.399902,3345.100098,3353.199951,3348.600098,3356.399902,3328.000000,3353.199951,changed
2025-06-11 01:00:00+00:00,2026-10-03T10:38:11Z,3353.300049,3358.600098,3348.600098,3349.500000,3353.300049,3358.600098,3335.399902,3349.500000,changed
2025-06-11 03:00:00+00:00,2026-10-03T10:38:11Z,3359.399902,3363.199951,3357.199951,3361.000000,3359.399902,3363.199951,3335.800049,3361.000000,changed
2025-06-11 04:00:00+00:00,2026-10-03T10:38:11Z,3360.699951,3364.399902,3358.399902,3363.100098,3360.699951,3364.399902,3358.399902,3363.399902,changed
2025-06-11 05:00:00+00:00,2026-10-03T10:38:11Z,3363.199951,3364.800049,3356.199951,3360.500000,3358.899902,3360.699951,3356.199951,3360.500000,changed
2025-06-11 09:00:00+00:00,2026-10-03T10:38:11Z,3365.500000,3365.699951,3352.699951,3354.699951,3365.500000,3365.699951,3335.100098,3354.699951,changed
2025-06-11 11:00:00+00:00,2026-10-03T10:38:11Z,3350.399902,3355.800049,3345.699951,3353.800049,3350.399902,3355.800049,3328.399902,3353.800049,changed
2025-06-11 12:00:00+00:00,2026-10-03T10:38:11Z,3353.800049,3382.300049,3347.800049,3357.300049,3353.800049,3382.300049,3335.600098,3357.300049,changed
2025-06-11 13:00:00+00:00,2026-10-03T10:38:11Z,3357.300049,3365.600098,3347.500000,3350.699951,3357.300049,3366.000000,3328.899902,3350.699951,changed
2025-06-11 14:00:00+00:00,2026-10-03T10:38:11Z,3350.500000,3361.399902,3349.199951,3358.800049,3350.500000,3361.399902,3332.899902,3358.800049,changed
2025-06-11 15:00:00+00:00,2026-10-03T10:38:11Z,3358.800049,3363.100098,3350.000000,3353.699951,3358.800049,3363.100098,3330.199951,3353.699951,changed
2025-06-11 17:00:00+00:00,2026-10-03T10:38:11Z,3351.000000,3352.100098,3339.399902,3344.500000,3351.000000,3352.100098,3323.300049,3344.500000,changed
2025-06-11 18:00:00+00:00,2026-10-03T10:38:11Z,3344.699951,3368.399902,3344.000000,3364.300049,3344.699951,3368.399902,3342.300049,3364.300049,changed
2025-06-11 19:00:00+00:00,2026-10-03T10:38:11Z,3364.500000,3370.199951,3362.699951,3367.899902,3364.500000,3370.199951,3341.600098,3367.899902,changed
2025-06-11 20:00:00+00:00,2026-10-03T10:38:11Z,3368.000000,3376.600098,3367.800049,3376.000000,3368.000000,3376.600098,3351.100098,3376.000000,changed
2025-06-11 22:00:00+00:00,2026-10-03T10:38:11Z,3377.500000,3390.300049,3376.300049,3389.399902,3377.500000,3390.300049,3363.000000,3389.399902,changed
2025-06-12 00:00:00+00:00,2026-10-03T10:38:11Z,3386.000000,3391.899902,3382.500000,3386.399902,3386.000000,3391.899902,3366.000000,3386.399902,changed
2025-06-12 01:00:00+00:00,2026-10-03T10:38:11Z,3386.399902,3397.100098,3382.699951,3391.600098,3386.399902,3397.100098,3366.600098,3391.600098,changed
2025-06-12 02:00:00+00:00,2026-10-03T10:38:11Z,3391.300049,3398.399902,3389.300049,3394.899902,3391.300049,3398.399902,3368.000000,3394.899902,changed
2025-06-12 03:00:00+00:00,2026-10-03T10:38:11Z,3394.899902,3396.899902,3391.500000,3393.899902,3394.899902,3396.899902,3371.500000,3393.899902,changed
2025-06-12 08:00:00+00:00,2026-10-03T10:38:11Z,3366.800049,3380.800049,3366.699951,3376.300049,3366.800049,3380.800049,3353.399902,3376.300049,changed
2025-06-12 09:00:00+00:00,2026-10-03T10:38:11Z,3376.199951,3388.199951,3375.000000,3385.500000,3376.199951,3388.199951,3359.399902,3385.500000,changed
2025-06-12 12:00:00+00:00,2026-10-03T10:38:11Z,3399.500000,3411.399902,3396.699951,3409.199951,3399.500000,3411.399902,3378.899902,3409.199951,changed
2025-06-12 13:00:00+00:00,2026-10-03T10:38:11Z,3409.000000,3419.800049,3399.899902,3412.800049,3409.000000,3419.800049,3386.500000,3412.800049,changed
2025-06-12 15:00:00+00:00,2026-10-03T10:38:11Z,3404.399902,3411.500000,3398.100098,3406.500000,3404.399902,3411.500000,3389.500000,3406.500000,changed
2025-06-12 16:00:00+00:00,2026-10-03T10:38:11Z,3406.600098,3412.399902,3401.699951,3404.399902,3406.600098,3412.399902,3385.600098,3404.399902,changed
2025-06-12 19:00:00+00:00,2026-10-03T10:38:11Z,3406.199951,3409.699951,3405.000000,3408.500000,3406.199951,3409.699951,3387.000000,3408.500000,changed
2025-06-12 20:00:00+00:00,2026-10-03T10:38:11Z,3408.399902,3409.399902,3405.500000,3406.399902,3408.399902,3409.399902,3385.300049,3406.399902,changed
2025-06-13 00:00:00+00:00,2026-10-03T10:38:11Z,3416.199951,3442.000000,3412.399902,3436.399902,3416.199951,3442.000000,3407.300049,3436.399902,changed
2025-06-13 01:00:00+00:00,2026-10-03T10:38:11Z,3436.199951,3455.300049,3435.100098,3449.000000,3436.199951,3455.300049,3432.899902,3449.000000,changed
2025-06-13 02:00:00+00:00,2026-10-03T10:38:11Z,3448.699951,3466.800049,3446.300049,3463.800049,3448.699951,3466.800049,3431.199951,3463.800049,changed
2025-06-13 05:00:00+00:00,2026-10-03T10:38:11Z,3447.199951,3450.800049,3439.000000,3447.199951,3447.199951,3450.800049,3421.600098,3447.199951,changed
2025-06-13 06:00:00+00:00,2026-10-03T10:38:11Z,3447.199951,3450.500000,3429.199951,3436.899902,3447.199951,3450.500000,3426.000000,3436.899902,changed
2025-06-13 07:00:00+00:00,2026-10-03T10:38:11Z,3437.000000,3439.699951,3428.300049,3435.500000,3437.000000,3439.699951,3415.000000,3435.500000,changed
2025-06-13 12:00:00+00:00,2026-10-03T10:38:11Z,3442.300049,3458.899902,3441.699951,3457.100098,3442.300049,3458.899902,3424.100098,3457.100098,changed
2025-06-13 13:00:00+00:00,2026-10-03T10:38:11Z,3457.000000,3468.000000,3454.300049,3457.600098,3457.000000,3468.000000,3440.300049,3457.600098,changed
2025-06-13 14:00:00+00:00,2026-10-03T10:38:11Z,3457.899902,3460.500000,3444.100098,3448.399902,3457.300049,3460.500000,3426.100098,3448.399902,changed
2025-06-13 15:00:00+00:00,2026-10-03T10:38:11Z,3448.399902,3450.899902,3440.199951,3446.300049,3448.399902,3450.899902,3425.199951,3446.300049,changed
2025-06-13 20:00:00+00:00,2026-10-03T10:38:11Z,3453.000000,3455.100098,3448.899902,3452.600098,3452.300049,3455.100098,3448.899902,3452.600098,changed
2025-06-16 17:00:00+00:00,2026-10-03T10:38:11Z,3418.800049,3419.399902,3410.300049,3412.199951,3418.500000,3419.399902,3410.300049,3412.199951,changed
2025-06-17 19:00:00+00:00,2026-10-03T10:38:11Z,3401.600098,3405.000000,3401.100098,3404.399902,3401.600098,3405.000000,3400.699951,3404.399902,changed
2025-06-17 22:00:00+00:00,2026-10-03T10:38:11Z,3409.000000,3414.600098,3406.899902,3407.699951,3409.000000,3414.600098,3407.000000,3407.300049,changed
2025-06-17 23:00:00+00:00,2026-10-03T10:38:11Z,3408.000000,3409.000000,3403.300049,3405.500000,3407.500000,3409.000000,3404.000000,3405.600098,changed
2025-06-18 00:00:00+00:00,2026-10-03T10:38:11Z,3405.399902,3407.199951,3401.199951,3404.000000,3405.000000,3407.199951,3401.199951,3404.000000,changed
2025-06-18 14:00:00+00:00,2026-10-03T10:38:11Z,3409.300049,3409.699951,3391.699951,3405.699951,3411.100098,3411.500000,3391.699951,3405.699951,changed
2025-06-18 15:00:00+00:00,2026-10-03T10:38:11Z,3407.199951,3411.399902,3399.500000,3411.000000,3405.399902,3411.399902,3399.500000,3411.000000,changed
2025-06-18 17:00:00+00:00,2026-10-03T10:38:11Z,3409.600098,3409.899902,3403.699951,3404.500000,3409.600098,3409.899902,3402.399902,3403.500000,changed
2025-06-18 18:00:00+00:00,2026-10-03T10:38:11Z,3411.699951,3414.199951,3396.000000,3397.100098,3403.500000,3414.199951,3396.000000,3397.100098,changed
2025-06-18 19:00:00+00:00,2026-10-03T10:38:11Z,3396.899902,3397.500000,3380.500000,3385.300049,3396.899902,3397.500000,3380.500000,3384.600098,changed
2025-06-18 20:00:00+00:00,2026-10-03T10:38:11Z,3384.199951,3387.600098,3380.100098,3387.300049,3384.399902,3387.600098,3380.100098,3386.399902,changed
2025-06-18 22:00:00+00:00,2026-10-03T10:38:11Z,3387.000000,3396.699951,3386.699951,3392.000000,3387.100098,3396.699951,3386.300049,3392.000000,changed
2025-06-19 09:00:00+00:00,2026-10-03T10:38:11Z,3385.800049,3391.000000,3379.800049,3387.300049,3385.800049,3391.000000,3380.899902,3387.300049,changed
2025-06-20 15:00:00+00:00,2026-10-03T10:38:11Z,3385.600098,3388.100098,3382.100098,3385.600098,3385.600098,3388.100098,3382.100098,3385.699951,changed
2025-06-20 17:00:00+00:00,2026-10-03T10:38:11Z,3387.600098,3387.899902,3382.899902,3383.199951,3387.600098,3387.899902,3382.300049,3383.199951,changed
2025-06-23 07:00:00+00:00,2026-10-03T10:38:11Z,3372.300049,3373.899902,3366.399902,3372.800049,3372.300049,3374.000000,3366.399902,3372.800049,changed
2025-06-23 11:00:00+00:00,2026-10-03T10:38:11Z,3383.699951,3397.899902,3383.699951,3395.699951,3383.699951,3397.899902,3383.699951,3396.100098,changed
2025-06-23 12:00:00+00:00,2026-10-03T10:38:11Z,3395.500000,3395.800049,3371.100098,3375.600098,3396.300049,3396.600098,3371.100098,3375.600098,changed
2025-06-23 13:00:00+00:00,2026-10-03T10:38:11Z,3378.500000,3403.600098,3377.500000,3396.500000,3375.500000,3403.600098,3374.899902,3396.500000,changed
2025-06-23 14:00:00+00:00,2026-10-03T10:38:11Z,3396.300049,3402.500000,3384.899902,3402.300049,3396.300049,3402.600098,3384.899902,3402.300049,changed
2025-06-23 15:00:00+00:00,2026-10-03T10:38:11Z,3403.800049,3405.899902,3400.600098,3403.300049,3402.600098,3405.899902,3400.500000,3403.300049,changed
2025-06-24 15:00:00+00:00,2026-10-03T10:38:11Z,3314.600098,3330.899902,3313.699951,3326.899902,3317.399902,3330.899902,3313.699951,3326.899902,changed
2025-06-25 15:00:00+00:00,2026-10-03T10:38:11Z,3336.699951,3340.899902,3335.800049,3339.199951,3336.699951,3340.899902,3335.199951,3339.199951,changed
2025-06-26 08:00:00+00:00,2026-10-03T10:38:11Z,3359.399902,3363.899902,3357.800049,3361.800049,3359.399902,3363.899902,3357.800049,3361.600098,changed
2025-06-26 09:00:00+00:00,2026-10-03T10:38:11Z,3361.800049,3362.300049,3351.899902,3353.800049,3361.600098,3362.300049,3352.399902,3353.899902,changed
2025-06-26 10:00:00+00:00,2026-10-03T10:38:11Z,3354.199951,3356.000000,3351.300049,3355.899902,3353.899902,3356.899902,3351.300049,3356.500000,changed
2025-06-26 11:00:00+00:00,2026-10-03T10:38:11Z,3356.600098,3357.199951,3344.899902,3346.399902,3356.600098,3357.500000,3344.899902,3346.399902,changed
2025-06-26 12:00:00+00:00,2026-10-03T10:38:11Z,3346.500000,3357.800049,3337.500000,3338.300049,3346.500000,3357.800049,3334.699951,3335.000000,changed
2025-06-26 13:00:00+00:00,2026-10-03T10:38:11Z,3334.199951,3341.800049,3322.500000,3337.899902,3335.199951,3341.800049,3322.500000,3332.800049,changed
2025-06-26 14:00:00+00:00,2026-10-03T10:38:11Z,3331.800049,3337.000000,3324.399902,3330.199951,3332.600098,3337.000000,3324.399902,3331.500000,changed
2025-06-27 18:00:00+00:00,2026-10-03T10:38:11Z,3289.800049,3290.699951,3282.399902,3288.000000,3289.800049,3290.699951,3282.199951,3288.000000,changed
2025-06-30 14:00:00+00:00,2026-10-03T10:38:11Z,3299.100098,3301.500000,3290.899902,3299.399902,3296.600098,3301.500000,3290.899902,3299.399902,changed
2025-06-01 22:00:00+00:00,2026-10-03T13:44:48Z,3323.000000,3338.699951,3296.899902,3336.399902,3323.000000,3338.699951,3319.399902,3336.399902,changed
2025-06-01 23:00:00+00:00,2026-10-03T13:44:48Z,3336.399902,3339.899902,3308.500000,3333.300049,3336.399902,3339.899902,3332.699951,3333.300049,changed
2025-06-02 00:00:00+00:00,2026-10-03T13:44:48Z,3333.199951,3338.699951,3305.300049,3334.500000,3333.199951,3338.699951,3326.199951,3334.500000,changed
2025-06-02 01:00:00+00:00,2026-10-03T13:44:48Z,3334.699951,3337.100098,3301.600098,3326.600098,3334.699951,3337.100098,3324.300049,3326.600098,changed
2025-06-02 02:00:00+00:00,2026-10-03T13:44:48Z,3326.600098,3335.399902,3306.600098,3330.500000,3326.600098,3335.399902,3326.399902,3330.500000,changed
2025-06-02 04:00:00+00:00,2026-10-03T13:44:48Z,3332.600098,3341.899902,3312.199951,3337.699951,3332.600098,3341.899902,3332.600098,3337.699951,changed
2025-06-02 05:00:00+00:00,2026-10-03T13:44:48Z,3337.600098,3350.000000,3313.699951,3347.800049,3337.600098,3350.000000,3337.600098,3347.800049,changed
2025-06-02 06:00:00+00:00,2026-10-03T13:44:48Z,3347.899902,3369.899902,3323.899902,3368.899902,3347.899902,3369.899902,3347.600098,3368.899902,changed
2025-06-02 07:00:00+00:00,2026-10-03T13:44:48Z,3369.000000,3384.000000,3345.300049,3377.199951,3369.000000,3384.000000,3367.699951,3377.199951,changed
2025-06-02 08:00:00+00:00,2026-10-03T13:44:48Z,3377.199951,3381.199951,3351.600098,3376.500000,3377.199951,3381.199951,3374.699951,3376.500000,changed
2025-06-02 09:00:00+00:00,2026-10-03T13:44:48Z,3376.600098,3376.899902,3345.699951,3372.699951,3376.600098,3376.899902,3369.000000,3372.699951,changed
2025-06-02 10:00:00+00:00,2026-10-03T13:44:48Z,3372.899902,3376.300049,3345.500000,3373.300049,3372.899902,3376.300049,3368.800049,3373.300049,changed
2025-06-02 11:00:00+00:00,2026-10-03T13:44:48Z,3373.300049,3385.600098,3351.500000,3381.199951,3373.300049,3385.600098,3370.399902,3381.199951,changed
2025-06-02 12:00:00+00:00,2026-10-03T13:44:48Z,3380.899902,3388.899902,3355.000000,3380.100098,3380.899902,3388.899902,3378.699951,3380.100098,changed
2025-06-02 13:00:00+00:00,2026-10-03T13:44:48Z,3380.100098,3401.300049,3349.600098,3395.800049,3380.100098,3401.300049,3374.500000,3395.800049,changed
2025-06-02 14:00:00+00:00,2026-10-03T13:44:48Z,3371.600098,3404.199951,3369.600098,3400.600098,3396.100098,3404.199951,3391.800049,3400.600098,changed
2025-06-02 15:00:00+00:00,2026-10-03T13:44:48Z,3400.500000,3403.500000,3366.899902,3399.100098,3400.500000,3403.500000,3393.000000,3399.100098,changed
2025-06-02 16:00:00+00:00,2026-10-03T13:44:48Z,3399.300049,3404.699951,3369.899902,3396.899902,3399.300049,3404.699951,3394.300049,3396.899902,changed
2025-06-02 17:00:00+00:00,2026-10-03T13:44:48Z,3396.899902,3400.899902,3369.899902,3399.199951,3396.899902,3400.899902,3396.199951,3399.199951,changed
2025-06-02 18:00:00+00:00,2026-10-03T13:44:48Z,3399.399902,3405.399902,3371.500000,3404.399902,3399.399902,3405.399902,3395.800049,3404.399902,changed
2025-06-02 19:00:00+00:00,2026-10-03T13:44:48Z,3404.300049,3407.300049,3377.199951,3406.300049,3404.300049,3407.300049,3403.000000,3406.300049,changed
2025-06-02 20:00:00+00:00,2026-10-03T13:44:48Z,3406.300049,3408.100098,3379.100098,3406.399902,3406.300049,3408.100098,3403.300049,3406.399902,changed
2025-06-02 22:00:00+00:00,2026-10-03T13:44:48Z,3406.500000,3416.600098,3385.100098,3414.800049,3406.500000,3416.600098,3406.500000,3414.800049,changed
2025-06-02 23:00:00+00:00,2026-10-03T13:44:48Z,3414.800049,3417.800049,3385.000000,3412.800049,3414.800049,3417.800049,3408.300049,3412.800049,changed
2025-06-03 01:00:00+00:00,2026-10-03T13:44:48Z,3401.199951,3401.300049,3364.100098,3397.300049,3401.199951,3401.300049,3387.800049,3397.300049,changed
2025-06-03 02:00:00+00:00,2026-10-03T13:44:48Z,3397.300049,3403.000000,3369.800049,3393.600098,3397.300049,3403.000000,3389.000000,3393.600098,changed
2025-06-03 03:00:00+00:00,2026-10-03T13:44:48Z,3393.199951,3394.100098,3361.500000,3387.100098,3393.199951,3394.100098,3384.199951,3387.100098,changed
2025-06-03 04:00:00+00:00,2026-10-03T13:44:48Z,3385.699951,3389.800049,3359.899902,3386.899902,3385.699951,3389.800049,3383.399902,3386.899902,changed
2025-06-03 05:00:00+00:00,2026-10-03T13:44:48Z,3387.100098,3392.800049,3364.100098,3389.800049,3387.100098,3392.800049,3381.100098,3389.800049,changed
2025-06-03 06:00:00+00:00,2026-10-03T13:44:48Z,3389.899902,3392.100098,3350.000000,3383.199951,3389.899902,3392.100098,3375.600098,3383.199951,changed
2025-06-03 07:00:00+00:00,2026-10-03T13:44:48Z,3382.699951,3385.500000,3355.600098,3384.600098,3382.699951,3385.500000,3376.699951,3384.600098,changed
2025-06-03 08:00:00+00:00,2026-10-03T13:44:48Z,3384.699951,3389.800049,3358.100098,3385.500000,3384.699951,3389.800049,3384.300049,3385.500000,changed
2025-06-03 09:00:00+00:00,2026-10-03T13:44:48Z,3385.500000,3387.000000,3355.300049,3381.199951,3385.500000,3387.000000,3379.899902,3381.199951,changed
2025-06-03 10:00:00+00:00,2026-10-03T13:44:48Z,3381.500000,3383.100098,3354.300049,3379.899902,3381.500000,3383.100098,3379.100098,3379.899902,changed
2025-06-03 11:00:00+00:00,2026-10-03T13:44:48Z,3380.100098,3384.800049,3352.699951,3383.300049,3380.100098,3384.800049,3377.699951,3383.300049,changed
2025-06-03 12:00:00+00:00,2026-10-03T13:44:48Z,3383.500000,3387.199951,3348.500000,3383.600098,3383.500000,3387.199951,3371.000000,3383.600098,changed
2025-06-03 13:00:00+00:00,2026-10-03T13:44:48Z,3383.699951,3387.000000,3339.199951,3370.399902,3383.699951,3387.000000,3364.500000,3370.399902,changed
2025-06-03 14:00:00+00:00,2026-10-03T13:44:48Z,3369.800049,3374.600098,3331.300049,3370.500000,3369.800049,3374.600098,3357.199951,3370.500000,changed
2025-06-03 15:00:00+00:00,2026-10-03T13:44:48Z,3370.399902,3375.500000,3342.800049,3374.000000,3370.399902,3375.500000,3368.000000,3374.000000,changed
2025-06-03 16:00:00+00:00,2026-10-03T13:44:48Z,3374.000000,3377.399902,3342.199951,3372.300049,3374.000000,3377.399902,3367.899902,3372.300049,changed
2025-06-03 17:00:00+00:00,2026-10-03T13:44:48Z,3372.300049,3378.699951,3346.300049,3377.600098,3372.300049,3378.699951,3371.000000,3377.600098,changed
2025-06-03 18:00:00+00:00,2026-10-03T13:44:48Z,3377.600098,3378.199951,3350.600098,3377.600098,3377.600098,3378.199951,3374.600098,3377.600098,changed
2025-06-03 20:00:00+00:00,2026-10-03T13:44:48Z,3376.399902,3379.300049,3350.000000,3376.899902,3376.399902,3379.300049,3376.199951,3376.899902,changed
2025-06-04 00:00:00+00:00,2026-10-03T13:44:48Z,3384.399902,3384.699951,3351.600098,3373.600098,3384.399902,3384.699951,3373.100098,3373.600098,changed
2025-06-04 01:00:00+00:00,2026-10-03T13:44:48Z,3373.600098,3396.699951,3367.100098,3395.199951,3373.600098,3396.699951,3369.699951,3395.199951,changed
2025-06-04 04:00:00+00:00,2026-10-03T13:44:48Z,3383.500000,3385.699951,3351.600098,3378.399902,3383.500000,3385.699951,3375.899902,3378.399902,changed
2025-06-04 05:00:00+00:00,2026-10-03T13:44:48Z,3378.399902,3380.300049,3352.500000,3374.699951,3378.399902,3380.300049,3372.000000,3374.699951,changed
2025-06-04 08:00:00+00:00,2026-10-03T13:44:48Z,3378.000000,3387.399902,3352.100098,3386.500000,3378.000000,3388.000000,3375.100098,3386.500000,changed
2025-06-04 09:00:00+00:00,2026-10-03T13:44:48Z,3386.500000,3389.000000,3360.699951,3387.100098,3386.500000,3389.000000,3383.300049,3387.100098,changed
2025-06-04 11:00:00+00:00,2026-10-03T13:44:48Z,3374.600098,3376.199951,3344.000000,3370.500000,3374.600098,3376.199951,3366.899902,3370.500000,changed
2025-06-04 12:00:00+00:00,2026-10-03T13:44:48Z,3370.500000,3385.399902,3351.800049,3383.000000,3370.500000,3385.399902,3368.199951,3383.000000,changed
2025-06-04 13:00:00+00:00,2026-10-03T13:44:48Z,3383.199951,3387.199951,3350.800049,3376.800049,3383.199951,3387.199951,3375.199951,3376.800049,changed
2025-06-04 14:00:00+00:00,2026-10-03T13:44:48Z,3376.899902,3409.699951,3361.899902,3401.500000,3376.899902,3409.699951,3375.100098,3401.500000,changed
2025-06-04 16:00:00+00:00,2026-10-03T13:44:48Z,3396.500000,3400.500000,3371.500000,3399.399902,3396.500000,3400.500000,3395.399902,3399.399902,changed
2025-06-04 19:00:00+00:00,2026-10-03T13:44:48Z,3400.800049,3400.899902,3396.000000,3397.300049,3400.800049,3400.899902,3396.300049,3397.300049,changed
2025-06-04 22:00:00+00:00,2026-10-03T13:44:48Z,3398.000000,3399.500000,3371.500000,3397.199951,3398.000000,3399.500000,3395.800049,3397.199951,changed
2025-06-05 06:00:00+00:00,2026-10-03T13:44:48Z,3387.500000,3393.600098,3366.199951,3389.500000,3387.500000,3393.600098,3386.800049,3389.300049,changed
2025-06-05 07:00:00+00:00,2026-10-03T13:44:48Z,3389.399902,3398.000000,3370.300049,3394.800049,3390.100098,3398.000000,3389.100098,3394.800049,changed
2025-06-05 09:00:00+00:00,2026-10-03T13:44:48Z,3398.699951,3415.300049,3375.100098,3413.500000,3398.699951,3415.300049,3397.500000,3413.500000,changed
2025-06-05 10:00:00+00:00,2026-10-03T13:44:48Z,3413.300049,3424.699951,3393.300049,3424.100098,3413.300049,3424.699951,3411.800049,3424.100098,changed
2025-06-05 11:00:00+00:00,2026-10-03T13:44:48Z,3424.000000,3427.699951,3415.899902,3416.600098,3424.000000,3427.699951,3416.300049,3416.600098,changed
2025-06-05 12:00:00+00:00,2026-10-03T13:44:48Z,3416.800049,3425.000000,3382.300049,3407.199951,3416.800049,3425.000000,3400.500000,3405.100098,changed
2025-06-05 13:00:00+00:00,2026-10-03T13:44:48Z,3407.300049,3412.600098,3381.500000,3401.899902,3405.699951,3412.600098,3394.800049,3401.899902,changed
2025-06-05 14:00:00+00:00,2026-10-03T13:44:48Z,3401.899902,3407.300049,3366.600098,3391.000000,3401.899902,3407.300049,3387.100098,3391.000000,changed
2025-06-05 15:00:00+00:00,2026-10-03T13:44:48Z,3390.899902,3396.399902,3344.000000,3368.100098,3390.899902,3396.399902,3362.300049,3368.100098,changed
2025-06-05 16:00:00+00:00,2026-10-03T13:44:48Z,3367.699951,3379.399902,3343.699951,3376.800049,3367.699951,3379.399902,3362.800049,3376.800049,changed
2025-06-05 17:00:00+00:00,2026-10-03T13:44:48Z,3377.100098,3377.800049,3349.199951,3376.899902,3377.100098,3377.800049,3371.699951,3376.899902,changed
2025-06-05 19:00:00+00:00,2026-10-03T13:44:48Z,3376.600098,3384.699951,3354.800049,3380.500000,3376.600098,3383.399902,3376.000000,3380.500000,changed
2025-06-05 20:00:00+00:00,2026-10-03T13:44:48Z,3380.399902,3381.500000,3352.199951,3376.100098,3380.399902,3381.500000,3375.800049,3376.100098,changed
2025-06-06 06:00:00+00:00,2026-10-03T13:44:48Z,3389.399902,3390.300049,3362.000000,3384.000000,3389.399902,3390.600098,3379.399902,3384.000000,changed
2025-06-06 07:00:00+00:00,2026-10-03T13:44:48Z,3384.000000,3385.300049,3359.000000,3382.699951,3384.000000,3385.300049,3375.300049,3382.699951,changed
2025-06-06 10:00:00+00:00,2026-10-03T13:44:48Z,3380.000000,3384.000000,3357.500000,3383.600098,3380.000000,3384.000000,3379.199951,3383.600098,changed
2025-06-06 12:00:00+00:00,2026-10-03T13:44:48Z,3381.500000,3385.199951,3345.100098,3376.199951,3381.500000,3387.300049,3365.600098,3376.199951,changed
2025-06-06 13:00:00+00:00,2026-10-03T13:44:48Z,3375.699951,3384.300049,3346.800049,3367.899902,3375.699951,3384.300049,3364.800049,3365.600098,changed
2025-06-06 14:00:00+00:00,2026-10-03T13:44:48Z,3367.000000,3367.800049,3315.699951,3348.800049,3365.399902,3367.800049,3338.500000,3348.800049,changed
2025-06-06 15:00:00+00:00,2026-10-03T13:44:48Z,3348.699951,3359.199951,3330.899902,3354.600098,3348.699951,3359.199951,3345.699951,3354.600098,changed
2025-06-06 16:00:00+00:00,2026-10-03T13:44:48Z,3354.500000,3355.199951,3323.000000,3344.899902,3354.500000,3355.199951,3342.899902,3344.899902,changed
2025-06-06 19:00:00+00:00,2026-10-03T13:44:48Z,3340.000000,3341.199951,3309.500000,3334.399902,3340.000000,3341.199951,3333.100098,3334.399902,changed
2025-06-06 20:00:00+00:00,2026-10-03T13:44:48Z,3334.300049,3334.800049,3306.000000,3331.000000,3334.300049,3334.800049,3328.800049,3331.000000,changed
2025-06-08 22:00:00+00:00,2026-10-03T13:44:48Z,3333.399902,3341.000000,3307.899902,3334.600098,3333.399902,3341.000000,3329.000000,3334.600098,changed
2025-06-09 00:00:00+00:00,2026-10-03T13:44:48Z,3338.500000,3339.000000,3301.000000,3325.300049,3338.500000,3339.000000,3317.500000,3325.300049,changed
2025-06-09 01:00:00+00:00,2026-10-03T13:44:48Z,3325.500000,3329.100098,3302.300049,3315.500000,3325.500000,3329.300049,3314.500000,3315.500000,changed
2025-06-09 02:00:00+00:00,2026-10-03T13:44:48Z,3315.899902,3327.500000,3290.000000,3325.300049,3315.899902,3327.500000,3313.100098,3325.300049,changed
2025-06-09 03:00:00+00:00,2026-10-03T13:44:48Z,3325.300049,3331.899902,3323.800049,3330.300049,3325.300049,3331.899902,3323.699951,3330.300049,changed
2025-06-09 04:00:00+00:00,2026-10-03T13:44:48Z,3330.699951,3333.399902,3308.899902,3331.800049,3330.699951,3333.399902,3329.000000,3331.800049,changed
2025-06-09 05:00:00+00:00,2026-10-03T13:44:48Z,3331.899902,3336.899902,3307.399902,3335.100098,3331.899902,3336.899902,3329.500000,3335.100098,changed
2025-06-09 06:00:00+00:00,2026-10-03T13:44:48Z,3335.000000,3345.800049,3333.000000,3345.199951,3335.000000,3345.800049,3332.699951,3345.199951,changed
2025-06-09 07:00:00+00:00,2026-10-03T13:44:48Z,3344.899902,3349.800049,3324.199951,3345.199951,3344.899902,3349.800049,3341.600098,3345.199951,changed
2025-06-09 08:00:00+00:00,2026-10-03T13:44:48Z,3345.300049,3346.699951,3322.699951,3340.500000,3345.300049,3346.699951,3340.500000,3340.500000,changed
2025-06-09 10:00:00+00:00,2026-10-03T13:44:48Z,3339.500000,3340.699951,3309.800049,3335.699951,3339.500000,3340.699951,3333.000000,3335.699951,changed
2025-06-09 12:00:00+00:00,2026-10-03T13:44:48Z,3338.600098,3343.399902,3318.800049,3341.399902,3338.600098,3343.399902,3333.699951,3341.399902,changed
2025-06-09 13:00:00+00:00,2026-10-03T13:44:48Z,3341.199951,3342.500000,3313.699951,3340.100098,3341.199951,3342.500000,3331.500000,3340.100098,changed
2025-06-09 14:00:00+00:00,2026-10-03T13:44:48Z,3339.899902,3347.899902,3317.500000,3341.699951,3339.899902,3347.899902,3336.899902,3341.699951,changed
2025-06-09 15:00:00+00:00,2026-10-03T13:44:48Z,3341.800049,3353.500000,3320.699951,3349.800049,3341.800049,3353.500000,3341.100098,3349.800049,changed
2025-06-09 18:00:00+00:00,2026-10-03T13:44:48Z,3354.000000,3357.699951,3330.600098,3354.000000,3354.000000,3357.699951,3353.399902,3354.000000,changed
2025-06-09 19:00:00+00:00,2026-10-03T13:44:48Z,3353.899902,3356.300049,3324.399902,3348.199951,3353.899902,3356.300049,3346.899902,3348.199951,changed
2025-06-09 22:00:00+00:00,2026-10-03T13:44:48Z,3346.300049,3348.300049,3341.600098,3343.699951,3346.300049,3354.899902,3341.600098,3344.100098,changed
2025-06-09 23:00:00+00:00,2026-10-03T13:44:48Z,3344.000000,3348.000000,3343.800049,3346.600098,3344.699951,3354.899902,3344.100098,3346.600098,changed
2025-06-10 01:00:00+00:00,2026-10-03T13:44:48Z,3336.199951,3339.699951,3302.000000,3326.199951,3336.199951,3339.699951,3322.600098,3326.199951,changed
2025-06-10 02:00:00+00:00,2026-10-03T13:44:48Z,3325.800049,3330.000000,3302.000000,3329.100098,3325.800049,3330.000000,3321.300049,3329.100098,changed
2025-06-10 05:00:00+00:00,2026-10-03T13:44:48Z,3326.800049,3339.399902,3307.100098,3337.899902,3326.800049,3339.399902,3326.100098,3337.899902,changed
2025-06-10 07:00:00+00:00,2026-10-03T13:44:48Z,3345.100098,3352.899902,3326.100098,3349.899902,3345.100098,3352.899902,3344.300049,3349.899902,changed
2025-06-10 08:00:00+00:00,2026-10-03T13:44:48Z,3350.600098,3355.800049,3329.699951,3350.000000,3350.600098,3355.800049,3346.399902,3350.000000,changed
2025-06-10 09:00:00+00:00,2026-10-03T13:44:48Z,3349.899902,3352.399902,3325.899902,3350.500000,3349.899902,3352.399902,3347.899902,3350.500000,changed
2025-06-10 11:00:00+00:00,2026-10-03T13:44:48Z,3356.199951,3363.600098,3337.000000,3354.399902,3356.199951,3363.600098,3352.899902,3354.399902,changed
2025-06-10 12:00:00+00:00,2026-10-03T13:44:48Z,3354.600098,3361.500000,3337.100098,3358.100098,3354.600098,3361.300049,3350.300049,3358.100098,changed
2025-06-10 13:00:00+00:00,2026-10-03T13:44:48Z,3358.199951,3370.399902,3344.300049,3364.600098,3358.199951,3370.399902,3356.500000,3364.600098,changed
2025-06-10 14:00:00+00:00,2026-10-03T13:44:48Z,3364.600098,3364.899902,3337.899902,3349.600098,3364.600098,3364.899902,3347.300049,3349.399902,changed
2025-06-10 15:00:00+00:00,2026-10-03T13:44:48Z,3346.800049,3350.399902,3324.000000,3347.699951,3346.699951,3350.399902,3344.100098,3347.699951,changed
2025-06-10 16:00:00+00:00,2026-10-03T13:44:48Z,3347.500000,3348.800049,3340.800049,3342.300049,3347.500000,3348.800049,3340.800049,3342.100098,changed
2025-06-10 17:00:00+00:00,2026-10-03T13:44:48Z,3342.300049,3347.000000,3341.100098,3345.800049,3342.500000,3346.399902,3341.100098,3345.800049,changed
2025-06-10 18:00:00+00:00,2026-10-03T13:44:48Z,3345.899902,3346.300049,3319.100098,3342.500000,3345.899902,3346.300049,3340.100098,3342.500000,changed
2025-06-10 19:00:00+00:00,2026-10-03T13:44:48Z,3342.600098,3355.600098,3331.000000,3349.899902,3342.600098,3355.600098,3342.199951,3349.899902,changed
2025-06-11 00:00:00+00:00,2026-10-03T13:44:48Z,3348.600098,3356.399902,3328.000000,3353.199951,3348.600098,3356.399902,3345.100098,3353.199951,changed
2025-06-11 01:00:00+00:00,2026-10-03T13:44:48Z,3353.300049,3358.600098,3335.399902,3349.500000,3353.300049,3358.600098,3348.600098,3349.500000,changed
2025-06-11 03:00:00+00:00,2026-10-03T13:44:48Z,3359.399902,3363.199951,3335.800049,3361.000000,3359.399902,3363.199951,3357.199951,3361.000000,changed
2025-06-11 04:00:00+00:00,2026-10-03T13:44:48Z,3360.699951,3364.399902,3358.399902,3363.399902,3360.699951,3364.399902,3358.399902,3363.100098,changed
2025-06-11 05:00:00+00:00,2026-10-03T13:44:48Z,3358.899902,3360.699951,3356.199951,3360.500000,3363.199951,3364.800049,3356.199951,3360.500000,changed
2025-06-11 09:00:00+00:00,2026-10-03T13:44:48Z,3365.500000,3365.699951,3335.100098,3354.699951,3365.500000,3365.699951,3352.699951,3354.699951,changed
2025-06-11 11:00:00+00:00,2026-10-03T13:44:48Z,3350.399902,3355.800049,3328.399902,3353.800049,3350.399902,3355.800049,3345.699951,3353.800049,changed
2025-06-11 12:00:00+00:00,2026-10-03T13:44:48Z,3353.800049,3382.300049,3335.600098,3357.300049,3353.800049,3382.300049,3347.800049,3357.300049,changed
2025-06-11 13:00:00+00:00,2026-10-03T13:44:48Z,3357.300049,3366.000000,3328.899902,3350.699951,3357.300049,3365.600098,3347.500000,3350.699951,changed
2025-06-11 14:00:00+00:00,2026-10-03T13:44:48Z,3350.500000,3361.399902,3332.899902,3358.800049,3350.500000,3361.399902,3349.199951,3358.800049,changed
2025-06-11 15:00:00+00:00,2026-10-03T13:44:48Z,3358.800049,3363.100098,3330.199951,3353.699951,3358.800049,3363.100098,3350.000000,3353.699951,changed
2025-06-11 17:00:00+00:00,2026-10-03T13:44:48Z,3351.000000,3352.100098,3323.300049,3344.500000,3351.000000,3352.100098,3339.399902,3344.500000,changed
2025-06-11 18:00:00+00:00,2026-10-03T13:44:48Z,3344.699951,3368.399902,3342.300049,3364.300049,3344.699951,3368.399902,3344.000000,3364.300049,changed
2025-06-11 19:00:00+00:00,2026-10-03T13:44:48Z,3364.500000,3370.199951,3341.600098,3367.899902,3364.500000,3370.199951,3362.699951,3367.899902,changed
2025-06-11 20:00:00+00:00,2026-10-03T13:44:48Z,3368.000000,3376.600098,3351.100098,3376.000000,3368.000000,3376.600098,3367.800049,3376.000000,changed
2025-06-11 22:00:00+00:00,2026-10-03T13:44:48Z,3377.500000,3390.300049,3363.000000,3389.399902,3377.500000,3390.300049,3376.300049,3389.399902,changed
2025-06-12 00:00:00+00:00,2026-10-03T13:44:48Z,3386.000000,3391.899902,3366.000000,3386.399902,3386.000000,3391.899902,3382.500000,3386.399902,changed
2025-06-12 01:00:00+00:00,2026-10-03T13:44:48Z,3386.399902,3397.100098,3366.600098,3391.600098,3386.399902,3397.100098,3382.699951,3391.600098,changed
2025-06-12 02:00:00+00:00,2026-10-03T13:44:48Z,3391.300049,3398.399902,3368.000000,3394.899902,3391.300049,3398.399902,3389.300049,3394.899902,changed
2025-06-12 03:00:00+00:00,2026-10-03T13:44:48Z,3394.899902,3396.899902,3371.500000,3393.899902,3394.899902,3396.899902,3391.500000,3393.899902,changed
2025-06-12 08:00:00+00:00,2026-10-03T13:44:48Z,3366.800049,3380.800049,3353.399902,3376.300049,3366.800049,3380.800049,3366.699951,3376.300049,changed
2025-06-12 09:00:00+00:00,2026-10-03T13:44:48Z,3376.199951,3388.199951,3359.399902,3385.500000,3376.199951,3388.199951,3375.000000,3385.500000,changed
2025-06-12 12:00:00+00:00,2026-10-03T13:44:48Z,3399.500000,3411.399902,3378.899902,3409.199951,3399.500000,3411.399902,3396.699951,3409.199951,changed
2025-06-12 13:00:00+00:00,2026-10-03T13:44:48Z,3409.000000,3419.800049,3386.500000,3412.800049,3409.000000,3419.800049,3399.899902,3412.800049,changed
2025-06-12 15:00:00+00:00,2026-10-03T13:44:48Z,3404.399902,3411.500000,3389.500000,3406.500000,3404.399902,3411.500000,3398.100098,3406.500000,changed
2025-06-12 16:00:00+00:00,2026-10-03T13:44:48Z,3406.600098,3412.399902,3385.600098,3404.399902,3406.600098,3412.399902,3401.699951,3404.399902,changed
2025-06-12 19:00:00+00:00,2026-10-03T13:44:48Z,3406.199951,3409.699951,3387.000000,3408.500000,3406.199951,3409.699951,3405.000000,3408.500000,changed
2025-06-12 20:00:00+00:00,2026-10-03T13:44:48Z,3408.399902,3409.399902,3385.300049,3406.399902,3408.399902,3409.399902,3405.500000,3406.399902,changed
2025-06-13 00:00:00+00:00,2026-10-03T13:44:48Z,3416.199951,3442.000000,3407.300049,3436.399902,3416.199951,3442.000000,3412.399902,3436.399902,changed
2025-06-13 01:00:00+00:00,2026-10-03T13:44:48Z,3436.199951,3455.300049,3432.899902,3449.000000,3436.199951,3455.300049,3435.100098,3449.000000,changed
2025-06-13 02:00:00+00:00,2026-10-03T13:44:48Z,3448.699951,3466.800049,3431.199951,3463.800049,3448.699951,3466.800049,3446.300049,3463.800049,changed
2025-06-13 05:00:00+00:00,2026-10-03T13:44:48Z,3447.199951,3450.800049,3421.600098,3447.199951,3447.199951,3450.800049,3439.000000,3447.199951,changed
2025-06-13 06:00:00+00:00,2026-10-03T13:44:48Z,3447.199951,3450.500000,3426.000000,3436.899902,3447.199951,3450.500000,3429.199951,3436.899902,changed
2025-06-13 07:00:00+00:00,2026-10-03T13:44:48Z,3437.000000,3439.699951,3415.000000,3435.500000,3437.000000,3439.699951,3428.300049,3435.500000,changed
2025-06-13 12:00:00+00:00,2026-10-03T13:44:48Z,3442.300049,3458.899902,3424.100098,3457.100098,3442.300049,3458.899902,3441.699951,3457.100098,changed
2025-06-13 13:00:00+00:00,2026-10-03T13:44:48Z,3457.000000,3468.000000,3440.300049,3457.600098,3457.000000,3468.000000,3454.300049,3457.600098,changed
2025-06-13 14:00:00+00:00,2026-10-03T13:44:48Z,3457.300049,3460.500000,3426.100098,3448.399902,3457.899902,3460.500000,3444.100098,3448.399902,changed
2025-06-13 15:00:00+00:00,2026-10-03T13:44:48Z,3448.399902,3450.899902,3425.199951,3446.300049,3448.399902,3450.899902,3440.199951,3446.300049,changed
2025-06-13 20:00:00+00:00,2026-10-03T13:44:48Z,3452.300049,3455.100098,3448.899902,3452.600098,3453.000000,3455.100098,3448.899902,3452.600098,changed
2025-06-16 17:00:00+00:00,2026-10-03T13:44:48Z,3418.500000,3419.399902,3410.300049,3412.199951,3418.800049,3419.399902,3410.300049,3412.199951,changed
2025-06-17 19:00:00+00:00,2026-10-03T13:44:48Z,3401.600098,3405.000000,3400.699951,3404.399902,3401.600098,3405.000000,3401.100098,3404.399902,changed
2025-06-17 22:00:00+00:00,2026-10-03T13:44:48Z,3409.000000,3414.600098,3407.000000,3407.300049,3409.000000,3414.600098,3406.899902,3407.699951,changed
2025-06-17 23:00:00+00:00,2026-10-03T13:44:48Z,3407.500000,3409.000000,3404.000000,3405.600098,3408.000000,3409.000000,3403.300049,3405.500000,changed
2025-06-18 00:00:00+00:00,2026-10-03T13:44:48Z,3405.000000,3407.199951,3401.199951,3404.000000,3405.399902,3407.199951,3401.199951,3404.000000,changed
2025-06-18 14:00:00+00:00,2026-10-03T13:44:48Z,3411.100098,3411.500000,3391.699951,3405.699951,3409.300049,3409.699951,3391.699951,3405.699951,changed
2025-06-18 15:00:00+00:00,2026-10-03T13:44:48Z,3405.399902,3411.399902,3399.500000,3411.000000,3407.199951,3411.399902,3399.500000,3411.000000,changed
2025-06-18 17:00:00+00:00,2026-10-03T13:44:48Z,3409.600098,3409.899902,3402.399902,3403.500000,3409.600098,3409.899902,3403.699951,3404.500000,changed
2025-06-18 18:00:00+00:00,2026-10-03T13:44:48Z,3403.500000,3414.199951,3396.000000,3397.100098,3411.699951,3414.199951,3396.000000,3397.100098,changed
2025-06-18 19:00:00+00:00,2026-10-03T13:44:48Z,3396.899902,3397.500000,3380.500000,3384.600098,3396.899902,3397.500000,3380.500000,3385.300049,changed
2025-06-18 20:00:00+00:00,2026-10-03T13:44:48Z,3384.399902,3387.600098,3380.100098,3386.399902,3384.199951,3387.600098,3380.100098,3387.300049,changed
2025-06-18 22:00:00+00:00,2026-10-03T13:44:48Z,3387.100098,3396.699951,3386.300049,3392.000000,3387.000000,3396.699951,3386.699951,3392.000000,changed
2025-06-19 09:00:00+00:00,2026-10-03T13:44:48Z,3385.800049,3391.000000,3380.899902,3387.300049,3385.800049,3391.000000,3379.800049,3387.300049,changed
2025-06-20 15:00:00+00:00,2026-10-03T13:44:48Z,3385.600098,3388.100098,3382.100098,3385.699951,3385.600098,3388.100098,3382.100098,3385.600098,changed
2025-06-20 17:00:00+00:00,2026-10-03T13:44:48Z,3387.600098,3387.899902,3382.300049,3383.199951,3387.600098,3387.899902,3382.899902,3383.199951,changed
2025-06-23 07:00:00+00:00,2026-10-03T13:44:48Z,3372.300049,3374.000000,3366.399902,3372.800049,3372.300049,3373.899902,3366.399902,3372.800049,changed
2025-06-23 11:00:00+00:00,2026-10-03T13:44:48Z,3383.699951,3397.899902,3383.699951,3396.100098,3383.699951,3397.899902,3383.699951,3395.699951,changed
2025-06-23 12:00:00+00:00,2026-10-03T13:44:48Z,3396.300049,3396.600098,3371.100098,3375.600098,3395.500000,3395.800049,3371.100098,3375.600098,changed
2025-06-23 13:00:00+00:00,2026-10-03T13:44:48Z,3375.500000,3403.600098,3374.899902,3396.500000,3378.500000,3403.600098,3377.500000,3396.500000,changed
2025-06-23 14:00:00+00:00,2026-10-03T13:44:48Z,3396.300049,3402.600098,3384.899902,3402.300049,3396.300049,3402.500000,3384.899902,3402.300049,changed
2025-06-23 15:00:00+00:00,2026-10-03T13:44:48Z,3402.600098,3405.899902,3400.500000,3403.300049,3403.800049,3405.899902,3400.600098,3403.300049,changed
2025-06-24 15:00:00+00:00,2026-10-03T13:44:48Z,3317.399902,3330.899902,3313.699951,3326.899902,3314.600098,3330.899902,3313.699951,3326.899902,changed
2025-06-25 15:00:00+00:00,2026-10-03T13:44:48Z,3336.699951,3340.899902,3335.199951,3339.199951,3336.699951,3340.899902,3335.800049,3339.199951,changed
2025-06-26 08:00:00+00:00,2026-10-03T13:44:48Z,3359.399902,3363.899902,3357.800049,3361.600098,3359.399902,3363.899902,3357.800049,3361.800049,changed
2025-06-26 09:00:00+00:00,2026-10-03T13:44:48Z,3361.600098,3362.300049,3352.399902,3353.899902,3361.800049,3362.300049,3351.899902,3353.800049,changed
2025-06-26 10:00:00+00:00,2026-10-03T13:44:48Z,3353.899902,3356.899902,3351.300049,3356.500000,3354.199951,3356.000000,3351.300049,3355.899902,changed
2025-06-26 11:00:00+00:00,2026-10-03T13:44:48Z,3356.600098,3357.500000,3344.899902,3346.399902,3356.600098,3357.199951,3344.899902,3346.399902,changed
2025-06-26 12:00:00+00:00,2026-10-03T13:44:48Z,3346.500000,3357.800049,3334.699951,3335.000000,3346.500000,3357.800049,3337.500000,3338.300049,changed
2025-06-26 13:00:00+00:00,2026-10-03T13:44:48Z,3335.199951,3341.800049,3322.500000,3332.800049,3334.199951,3341.800049,3322.500000,3337.899902,changed
2025-06-26 14:00:00+00:00,2026-10-03T13:44:48Z,3332.600098,3337.000000,3324.399902,3331.500000,3331.800049,3337.000000,3324.399902,3330.199951,changed
2025-06-27 18:00:00+00:00,2026-10-03T13:44:48Z,3289.800049,3290.699951,3282.199951,3288.000000,3289.800049,3290.699951,3282.399902,3288.000000,changed
2025-06-30 14:00:00+00:00,2026-10-03T13:44:48Z,3296.600098,3301.500000,3290.899902,3299.399902,3299.100098,3301.500000,3290.899902,3299.399902,changed
2025-06-01 22:00:00+00:00,2026-10-04T07:55:55Z,3323.000000,3338.699951,3319.399902,3336.399902,3323.000000,3338.699951,3296.899902,3336.399902,changed
2025-06-01 23:00:00+00:00,2026-10-04T07:55:55Z,3336.399902,3339.899902,3332.699951,3333.300049,3336.399902,3339.899902,3308.500000,3333.300049,changed
2025-06-02 00:00:00+00:00,2026-10-04T07:55:55Z,3333.199951,3338.699951,3326.199951,3334.500000,3333.199951,3338.699951,3305.300049,3334.500000,changed
2025-06-02 01:00:00+00:00,2026-10-04T07:55:55Z,3334.699951,3337.100098,3324.300049,3326.600098,3334.699951,3337.100098,3301.600098,3326.600098,changed
2025-06-02 02:00:00+00:00,2026-10-04T07:55:55Z,3326.600098,3335.399902,3326.399902,3330.500000,3326.600098,3335.399902,3306.600098,3330.500000,changed
2025-06-02 04:00:00+00:00,2026-10-04T07:55:55Z,3332.600098,3341.899902,3332.600098,3337.699951,3332.600098,3341.899902,3312.199951,3337.699951,changed
2025-06-02 05:00:00+00:00,2026-10-04T07:55:55Z,3337.600098,3350.000000,3337.600098,3347.800049,3337.600098,3350.000000,3313.699951,3347.800049,changed
2025-06-02 06:00:00+00:00,2026-10-04T07:55:55Z,3347.899902,3369.899902,3347.600098,3368.899902,3347.899902,3369.899902,3323.899902,3368.899902,changed
2025-06-02 07:00:00+00:00,2026-10-04T07:55:55Z,3369.000000,3384.000000,3367.699951,3377.199951,3369.000000,3384.000000,3345.300049,3377.199951,changed
2025-06-02 08:00:00+00:00,2026-10-04T07:55:55Z,3377.199951,3381.199951,3374.699951,3376.500000,3377.199951,3381.199951,3351.600098,3376.500000,changed
2025-06-02 09:00:00+00:00,2026-10-04T07:55:55Z,3376.600098,3376.899902,3369.000000,3372.699951,3376.600098,3376.899902,3345.699951,3372.699951,changed
2025-06-02 10:00:00+00:00,2026-10-04T07:55:55Z,3372.899902,3376.300049,3368.800049,3373.300049,3372.899902,3376.300049,3345.500000,3373.300049,changed
2025-06-02 11:00:00+00:00,2026-10-04T07:55:55Z,3373.300049,3385.600098,3370.399902,3381.199951,3373.300049,3385.600098,3351.500000,3381.199951,changed
2025-06-02 12:00:00+00:00,2026-10-04T07:55:55Z,3380.899902,3388.899902,3378.699951,3380.100098,3380.899902,3388.899902,3355.000000,3380.100098,changed
2025-06-02 13:00:00+00:00,2026-10-04T07:55:55Z,3380.100098,3401.300049,3374.500000,3395.800049,3380.100098,3401.300049,3349.600098,3395.800049,changed
2025-06-02 14:00:00+00:00,2026-10-04T07:55:55Z,3396.100098,3404.199951,3391.800049,3400.600098,3371.600098,3404.199951,3369.600098,3400.600098,changed
2025-06-02 15:00:00+00:00,2026-10-04T07:55:55Z,3400.500000,3403.500000,3393.000000,3399.100098,3400.500000,3403.500000,3366.899902,3399.100098,changed
2025-06-02 16:00:00+00:00,2026-10-04T07:55:55Z,3399.300049,3404.699951,3394.300049,3396.899902,3399.300049,3404.699951,3369.899902,3396.899902,changed
2025-06-02 17:00:00+00:00,2026-10-04T07:55:55Z,3396.899902,3400.899902,3396.199951,3399.199951,3396.899902,3400.899902,3369.899902,3399.199951,changed
2025-06-02 18:00:00+00:00,2026-10-04T07:55:55Z,3399.399902,3405.399902,3395.800049,3404.399902,3399.399902,3405.399902,3371.500000,3404.399902,changed
2025-06-02 19:00:00+00:00,2026-10-04T07:55:55Z,3404.300049,3407.300049,3403.000000,3406.300049,3404.300049,3407.300049,3377.199951,3406.300049,changed
2025-06-02 20:00:00+00:00,2026-10-04T07:55:55Z,3406.300049,3408.100098,3403.300049,3406.399902,3406.300049,3408.100098,3379.100098,3406.399902,changed
2025-06-02 22:00:00+00:00,2026-10-04T07:55:55Z,3406.500000,3416.600098,3406.500000,3414.800049,3406.500000,3416.600098,3385.100098,3414.800049,changed
2025-06-02 23:00:00+00:00,2026-10-04T07:55:55Z,3414.800049,3417.800049,3408.300049,3412.800049,3414.800049,3417.800049,3385.000000,3412.800049,changed
2025-06-03 01:00:00+00:00,2026-10-04T07:55:55Z,3401.199951,3401.300049,3387.800049,3397.300049,3401.199951,3401.300049,3364.100098,3397.300049,changed
2025-06-03 02:00:00+00:00,2026-10-04T07:55:55Z,3397.300049,3403.000000,3389.000000,3393.600098,3397.300049,3403.000000,3369.800049,3393.600098,changed
2025-06-03 03:00:00+00:00,2026-10-04T07:55:55Z,3393.199951,3394.100098,3384.199951,3387.100098,3393.199951,3394.100098,3361.500000,3387.100098,changed
2025-06-03 04:00:00+00:00,2026-10-04T07:55:55Z,3385.699951,3389.800049,3383.399902,3386.899902,3385.699951,3389.800049,3359.899902,3386.899902,changed
2025-06-03 05:00:00+00:00,2026-10-04T07:55:55Z,3387.100098,3392.800049,3381.100098,3389.800049,3387.100098,3392.800049,3364.100098,3389.800049,changed
2025-06-03 06:00:00+00:00,2026-10-04T07:55:55Z,3389.899902,3392.100098,3375.600098,3383.199951,3389.899902,3392.100098,3350.000000,3383.199951,changed
2025-06-03 07:00:00+00:00,2026-10-04T07:55:55Z,3382.699951,3385.500000,3376.699951,3384.600098,3382.699951,3385.500000,3355.600098,3384.600098,changed
2025-06-03 08:00:00+00:00,2026-10-04T07:55:55Z,3384.699951,3389.800049,3384.300049,3385.500000,3384.699951,3389.800049,3358.100098,3385.500000,changed
2025-06-03 09:00:00+00:00,2026-10-04T07:55:55Z,3385.500000,3387.000000,3379.899902,3381.199951,3385.500000,3387.000000,3355.300049,3381.199951,changed
2025-06-03 10:00:00+00:00,2026-10-04T07:55:55Z,3381.500000,3383.100098,3379.100098,3379.899902,3381.500000,3383.100098,3354.300049,3379.899902,changed
2025-06-03 11:00:00+00:00,2026-10-04T07:55:55Z,3380.100098,3384.800049,3377.699951,3383.300049,3380.100098,3384.800049,3352.699951,3383.300049,changed
2025-06-03 12:00:00+00:00,2026-10-04T07:55:55Z,3383.500000,3387.199951,3371.000000,3383.600098,3383.500000,3387.199951,3348.500000,3383.600098,changed
2025-06-03 13:00:00+00:00,2026-10-04T07:55:55Z,3383.699951,3387.000000,3364.500000,3370.399902,3383.699951,3387.000000,3339.199951,3370.399902,changed
2025-06-03 14:00:00+00:00,2026-10-04T07:55:55Z,3369.800049,3374.600098,3357.199951,3370.500000,3369.800049,3374.600098,3331.300049,3370.500000,changed
2025-06-03 15:00:00+00:00,2026-10-04T07:55:55Z,3370.399902,3375.500000,3368.000000,3374.000000,3370.399902,3375.500000,3342.800049,3374.000000,changed
2025-06-03 16:00:00+00:00,2026-10-04T07:55:55Z,3374.000000,3377.399902,3367.899902,3372.300049,3374.000000,3377.399902,3342.199951,3372.300049,changed
2025-06-03 17:00:00+00:00,2026-10-04T07:55:55Z,3372.300049,3378.699951,3371.000000,3377.600098,3372.300049,3378.699951,3346.300049,3377.600098,changed
2025-06-03 18:00:00+00:00,2026-10-04T07:55:55Z,3377.600098,3378.199951,3374.600098,3377.600098,3377.600098,3378.199951,3350.600098,3377.600098,changed
2025-06-03 20:00:00+00:00,2026-10-04T07:55:55Z,3376.399902,3379.300049,3376.199951,3376.899902,3376.399902,3379.300049,3350.000000,3376.899902,changed
2025-06-04 00:00:00+00:00,2026-10-04T07:55:55Z,3384.399902,3384.699951,3373.100098,3373.600098,3384.399902,3384.699951,3351.600098,3373.600098,changed
2025-06-04 01:00:00+00:00,2026-10-04T07:55:55Z,3373.600098,3396.699951,3369.699951,3395.199951,3373.600098,3396.699951,3367.100098,3395.199951,changed
2025-06-04 04:00:00+00:00,2026-10-04T07:55:55Z,3383.500000,3385.699951,3375.899902,3378.399902,3383.500000,3385.699951,3351.600098,3378.399902,changed
2025-06-04 05:00:00+00:00,2026-10-04T07:55:55Z,3378.399902,3380.300049,3372.000000,3374.699951,3378.399902,3380.300049,3352.500000,3374.699951,changed
2025-06-04 08:00:00+00:00,2026-10-04T07:55:55Z,3378.000000,3388.000000,3375.100098,3386.500000,3378.000000,3387.399902,3352.100098,3386.500000,changed
2025-06-04 09:00:00+00:00,2026-10-04T07:55:55Z,3386.500000,3389.000000,3383.300049,3387.100098,3386.500000,3389.000000,3360.699951,3387.100098,changed
2025-06-04 11:00:00+00:00,2026-10-04T07:55:55Z,3374.600098,3376.199951,3366.899902,3370.500000,3374.600098,3376.199951,3344.000000,3370.500000,changed
2025-06-04 12:00:00+00:00,2026-10-04T07:55:55Z,3370.500000,3385.399902,3368.199951,3383.000000,3370.500000,3385.399902,3351.800049,3383.000000,changed
2025-06-04 13:00:00+00:00,2026-10-04T07:55:55Z,3383.199951,3387.199951,3375.199951,3376.800049,3383.199951,3387.199951,3350.800049,3376.800049,changed
2025-06-04 14:00:00+00:00,2026-10-04T07:55:55Z,3376.899902,3409.699951,3375.100098,3401.500000,3376.899902,3409.699951,3361.899902,3401.500000,changed
2025-06-04 16:00:00+00:00,2026-10-04T07:55:55Z,3396.500000,3400.500000,3395.399902,3399.399902,3396.500000,3400.500000,3371.500000,3399.399902,changed
2025-06-04 19:00:00+00:00,2026-10-04T07:55:55Z,3400.800049,3400.899902,3396.300049,3397.300049,3400.800049,3400.899902,3396.000000,3397.300049,changed
2025-06-04 22:00:00+00:00,2026-10-04T07:55:55Z,3398.000000,3399.500000,3395.800049,3397.199951,3398.000000,3399.500000,3371.500000,3397.199951,changed
2025-06-05 06:00:00+00:00,2026-10-04T07:55:55Z,3387.500000,3393.600098,3386.800049,3389.300049,3387.500000,3393.600098,3366.199951,3389.500000,changed
2025-06-05 07:00:00+00:00,2026-10-04T07:55:55Z,3390.100098,3398.000000,3389.100098,3394.800049,3389.399902,3398.000000,3370.300049,3394.800049,changed
2025-06-05 09:00:00+00:00,2026-10-04T07:55:55Z,3398.699951,3415.300049,3397.500000,3413.500000,3398.699951,3415.300049,3375.100098,3413.500000,changed
2025-06-05 10:00:00+00:00,2026-10-04T07:55:55Z,3413.300049,3424.699951,3411.800049,3424.100098,3413.300049,3424.699951,3393.300049,3424.100098,changed
2025-06-05 11:00:00+00:00,2026-10-04T07:55:55Z,3424.000000,3427.699951,3416.300049,3416.600098,3424.000000,3427.699951,3415.899902,3416.600098,changed
2025-06-05 12:00:00+00:00,2026-10-04T07:55:55Z,3416.800049,3425.000000,3400.500000,3405.100098,3416.800049,3425.000000,3382.300049,3407.199951,changed
2025-06-05 13:00:00+00:00,2026-10-04T07:55:55Z,3405.699951,3412.600098,3394.800049,3401.899902,3407.300049,3412.600098,3381.500000,3401.899902,changed
2025-06-05 14:00:00+00:00,2026-10-04T07:55:55Z,3401.899902,3407.300049,3387.100098,3391.000000,3401.899902,3407.300049,3366.600098,3391.000000,changed
2025-06-05 15:00:00+00:00,2026-10-04T07:55:55Z,3390.899902,3396.399902,3362.300049,3368.100098,3390.899902,3396.399902,3344.000000,3368.100098,changed
2025-06-05 16:00:00+00:00,2026-10-04T07:55:55Z,3367.699951,3379.399902,3362.800049,3376.800049,3367.699951,3379.399902,3343.699951,3376.800049,changed
2025-06-05 17:00:00+00:00,2026-10-04T07:55:55Z,3377.100098,3377.800049,3371.699951,3376.899902,3377.100098,3377.800049,3349.199951,3376.899902,changed
2025-06-05 19:00:00+00:00,2026-10-04T07:55:55Z,3376.600098,3383.399902,3376.000000,3380.500000,3376.600098,3384.699951,3354.800049,3380.500000,changed
2025-06-05 20:00:00+00:00,2026-10-04T07:55:55Z,3380.399902,3381.500000,3375.800049,3376.100098,3380.399902,3381.500000,3352.199951,3376.100098,changed
2025-06-06 06:00:00+00:00,2026-10-04T07:55:55Z,3389.399902,3390.600098,3379.399902,3384.000000,3389.399902,3390.300049,3362.000000,3384.000000,changed
2025-06-06 07:00:00+00:00,2026-10-04T07:55:55Z,3384.000000,3385.300049,3375.300049,3382.699951,3384.000000,3385.300049,3359.000000,3382.699951,changed
2025-06-06 10:00:00+00:00,2026-10-04T07:55:55Z,3380.000000,3384.000000,3379.199951,3383.600098,3380.000000,3384.000000,3357.500000,3383.600098,changed
2025-06-06 12:00:00+00:00,2026-10-04T07:55:55Z,3381.500000,3387.300049,3365.600098,3376.199951,3381.500000,3385.199951,3345.100098,3376.199951,changed
2025-06-06 13:00:00+00:00,2026-10-04T07:55:55Z,3375.699951,3384.300049,3364.800049,3365.600098,3375.699951,3384.300049,3346.800049,3367.899902,changed
2025-06-06 14:00:00+00:00,2026-10-04T07:55:55Z,3365.399902,3367.800049,3338.500000,3348.800049,3367.000000,3367.800049,3315.699951,3348.800049,changed
2025-06-06 15:00:00+00:00,2026-10-04T07:55:55Z,3348.699951,3359.199951,3345.699951,3354.600098,3348.699951,3359.199951,3330.899902,3354.600098,changed
2025-06-06 16:00:00+00:00,2026-10-04T07:55:55Z,3354.500000,3355.199951,3342.899902,3344.899902,3354.500000,3355.199951,3323.000000,3344.899902,changed
2025-06-06 19:00:00+00:00,2026-10-04T07:55:55Z,3340.000000,3341.199951,3333.100098,3334.399902,3340.000000,3341.199951,3309.500000,3334.399902,changed
2025-06-06 20:00:00+00:00,2026-10-04T07:55:55Z,3334.300049,3334.800049,3328.800049,3331.000000,3334.300049,3334.800049,3306.000000,3331.000000,changed
2025-06-08 22:00:00+00:00,2026-10-04T07:55:55Z,3333.399902,3341.000000,3329.000000,3334.600098,3333.399902,3341.000000,3307.899902,3334.600098,changed
2025-06-09 00:00:00+00:00,2026-10-04T07:55:55Z,3338.500000,3339.000000,3317.500000,3325.300049,3338.500000,3339.000000,3301.000000,3325.300049,changed
2025-06-09 01:00:00+00:00,2026-10-04T07:55:55Z,3325.500000,3329.300049,3314.500000,3315.500000,3325.500000,3329.100098,3302.300049,3315.500000,changed
2025-06-09 02:00:00+00:00,2026-10-04T07:55:55Z,3315.899902,3327.500000,3313.100098,3325.300049,3315.899902,3327.500000,3290.000000,3325.300049,changed
2025-06-09 03:00:00+00:00,2026-10-04T07:55:55Z,3325.300049,3331.899902,3323.699951,3330.300049,3325.300049,3331.899902,3323.800049,3330.300049,changed
2025-06-09 04:00:00+00:00,2026-10-04T07:55:55Z,3330.699951,3333.399902,3329.000000,3331.800049,3330.699951,3333.399902,3308.899902,3331.800049,changed
2025-06-09 05:00:00+00:00,2026-10-04T07:55:55Z,3331.899902,3336.899902,3329.500000,3335.100098,3331.899902,3336.899902,3307.399902,3335.100098,changed
2025-06-09 06:00:00+00:00,2026-10-04T07:55:55Z,3335.000000,3345.800049,3332.699951,3345.199951,3335.000000,3345.800049,3333.000000,3345.199951,changed
2025-06-09 07:00:00+00:00,2026-10-04T07:55:55Z,3344.899902,3349.800049,3341.600098,3345.199951,3344.899902,3349.800049,3324.199951,3345.199951,changed
2025-06-09 08:00:00+00:00,2026-10-04T07:55:55Z,3345.300049,3346.699951,3340.500000,3340.500000,3345.300049,3346.699951,3322.699951,3340.500000,changed
2025-06-09 10:00:00+00:00,2026-10-04T07:55:55Z,3339.500000,3340.699951,3333.000000,3335.699951,3339.500000,3340.699951,3309.800049,3335.699951,changed
2025-06-09 12:00:00+00:00,2026-10-04T07:55:55Z,3338.600098,3343.399902,3333.699951,3341.399902,3338.600098,3343.399902,3318.800049,3341.399902,changed
2025-06-09 13:00:00+00:00,2026-10-04T07:55:55Z,3341.199951,3342.500000,3331.500000,3340.100098,3341.199951,3342.500000,3313.699951,3340.100098,changed
2025-06-09 14:00:00+00:00,2026-10-04T07:55:55Z,3339.899902,3347.899902,3336.899902,3341.699951,3339.899902,3347.899902,3317.500000,3341.699951,changed
2025-06-09 15:00:00+00:00,2026-10-04T07:55:55Z,3341.800049,3353.500000,3341.100098,3349.800049,3341.800049,3353.500000,3320.699951,3349.800049,changed
2025-06-09 18:00:00+00:00,2026-10-04T07:55:55Z,3354.000000,3357.699951,3353.399902,3354.000000,3354.000000,3357.699951,3330.600098,3354.000000,changed
2025-06-09 19:00:00+00:00,2026-10-04T07:55:55Z,3353.899902,3356.300049,3346.899902,3348.199951,3353.899902,3356.300049,3324.399902,3348.199951,changed
2025-06-09 22:00:00+00:00,2026-10-04T07:55:55Z,3346.300049,3354.899902,3341.600098,3344.100098,3346.300049,3348.300049,3341.600098,3343.699951,changed
2025-06-09 23:00:00+00:00,2026-10-04T07:55:55Z,3344.699951,3354.899902,3344.100098,3346.600098,3344.000000,3348.000000,3343.800049,3346.600098,changed
2025-06-10 01:00:00+00:00,2026-10-04T07:55:55Z,3336.199951,3339.699951,3322.600098,3326.199951,3336.199951,3339.699951,3302.000000,3326.199951,changed
2025-06-10 02:00:00+00:00,2026-10-04T07:55:55Z,3325.800049,3330.000000,3321.300049,3329.100098,3325.800049,3330.000000,3302.000000,3329.100098,changed
2025-06-10 05:00:00+00:00,2026-10-04T07:55:55Z,3326.800049,3339.399902,3326.100098,3337.899902,3326.800049,3339.399902,3307.100098,3337.899902,changed
2025-06-10 07:00:00+00:00,2026-10-04T07:55:55Z,3345.100098,3352.899902,3344.300049,3349.899902,3345.100098,3352.899902,3326.100098,3349.899902,changed
2025-06-10 08:00:00+00:00,2026-10-04T07:55:55Z,3350.600098,3355.800049,3346.399902,3350.000000,3350.600098,3355.800049,3329.699951,3350.000000,changed
2025-06-10 09:00:00+00:00,2026-10-04T07:55:55Z,3349.899902,3352.399902,3347.899902,3350.500000,3349.899902,3352.399902,3325.899902,3350.500000,changed
2025-06-10 11:00:00+00:00,2026-10-04T07:55:55Z,3356.199951,3363.600098,3352.899902,3354.399902,3356.199951,3363.600098,3337.000000,3354.399902,changed
2025-06-10 12:00:00+00:00,2026-10-04T07:55:55Z,3354.600098,3361.300049,3350.300049,3358.100098,3354.600098,3361.500000,3337.100098,3358.100098,changed
2025-06-10 13:00:00+00:00,2026-10-04T07:55:55Z,3358.199951,3370.399902,3356.500000,3364.600098,3358.199951,3370.399902,3344.300049,3364.600098,changed
2025-06-10 14:00:00+00:00,2026-10-04T07:55:55Z,3364.600098,3364.899902,3347.300049,3349.399902,3364.600098,3364.899902,3337.899902,3349.600098,changed
2025-06-10 15:00:00+00:00,2026-10-04T07:55:55Z,3346.699951,3350.399902,3344.100098,3347.699951,3346.800049,3350.399902,3324.000000,3347.699951,changed
2025-06-10 16:00:00+00:00,2026-10-04T07:55:55Z,3347.500000,3348.800049,3340.800049,3342.100098,3347.500000,3348.800049,3340.800049,3342.300049,changed
2025-06-10 17:00:00+00:00,2026-10-04T07:55:55Z,3342.500000,3346.399902,3341.100098,3345.800049,3342.300049,3347.000000,3341.100098,3345.800049,changed
2025-06-10 18:00:00+00:00,2026-10-04T07:55:55Z,3345.899902,3346.300049,3340.100098,3342.500000,3345.899902,3346.300049,3319.100098,3342.500000,changed
2025-06-10 19:00:00+00:00,2026-10-04T07:55:55Z,3342.600098,3355.600098,3342.199951,3349.899902,3342.600098,3355.600098,3331.000000,3349.899902,changed
2025-06-11 00:00:00+00:00,2026-10-04T07:55:55Z,3348.600098,3356.399902,3345.100098,3353.199951,3348.600098,3356.399902,3328.000000,3353.199951,changed
2025-06-11 01:00:00+00:00,2026-10-04T07:55:55Z,3353.300049,3358.600098,3348.600098,3349.500000,3353.300049,3358.600098,3335.399902,3349.500000,changed
2025-06-11 03:00:00+00:00,2026-10-04T07:55:55Z,3359.399902,3363.199951,3357.199951,3361.000000,3359.399902,3363.199951,3335.800049,3361.000000,changed
2025-06-11 04:00:00+00:00,2026-10-04T07:55:55Z,3360.699951,3364.399902,3358.399902,3363.100098,3360.699951,3364.399902,3358.399902,3363.399902,changed
2025-06-11 05:00:00+00:00,2026-10-04T07:55:55Z,3363.199951,3364.800049,3356.199951,3360.500000,3358.899902,3360.699951,3356.199951,3360.500000,changed
2025-06-11 09:00:00+00:00,2026-10-04T07:55:55Z,3365.500000,3365.699951,3352.699951,3354.699951,3365.500000,3365.699951,3335.100098,3354.699951,changed
2025-06-11 11:00:00+00:00,2026-10-04T07:55:55Z,3350.399902,3355.800049,3345.699951,3353.800049,3350.399902,3355.800049,3328.399902,3353.800049,changed
2025-06-11 12:00:00+00:00,2026-10-04T07:55:55Z,3353.800049,3382.300049,3347.800049,3357.300049,3353.800049,3382.300049,3335.600098,3357.300049,changed
2025-06-11 13:00:00+00:00,2026-10-04T07:55:55Z,3357.300049,3365.600098,3347.500000,3350.699951,3357.300049,3366.000000,3328.899902,3350.699951,changed
2025-06-11 14:00:00+00:00,2026-10-04T07:55:55Z,3350.500000,3361.399902,3349.199951,3358.800049,3350.500000,3361.399902,3332.899902,3358.800049,changed
2025-06-11 15:00:00+00:00,2026-10-04T07:55:55Z,3358.800049,3363.100098,3350.000000,3353.699951,3358.800049,3363.100098,3330.199951,3353.699951,changed
2025-06-11 17:00:00+00:00,2026-10-04T07:55:55Z,3351.000000,3352.100098,3339.399902,3344.500000,3351.000000,3352.100098,3323.300049,3344.500000,changed
2025-06-11 18:00:00+00:00,2026-10-04T07:55:55Z,3344.699951,3368.399902,3344.000000,3364.300049,3344.699951,3368.399902,3342.300049,3364.300049,changed
2025-06-11 19:00:00+00:00,2026-10-04T07:55:55Z,3364.500000,3370.199951,3362.699951,3367.899902,3364.500000,3370.199951,3341.600098,3367.899902,changed
2025-06-11 20:00:00+00:00,2026-10-04T07:55:55Z,3368.000000,3376.600098,3367.800049,3376.000000,3368.000000,3376.600098,3351.100098,3376.000000,changed
2025-06-11 22:00:00+00:00,2026-10-04T07:55:55Z,3377.500000,3390.300049,3376.300049,3389.399902,3377.500000,3390.300049,3363.000000,3389.399902,changed
2025-06-12 00:00:00+00:00,2026-10-04T07:55:55Z,3386.000000,3391.899902,3382.500000,3386.399902,3386.000000,3391.899902,3366.000000,3386.399902,changed
2025-06-12 01:00:00+00:00,2026-10-04T07:55:55Z,3386.399902,3397.100098,3382.699951,3391.600098,3386.399902,3397.100098,3366.600098,3391.600098,changed
2025-06-12 02:00:00+00:00,2026-10-04T07:55:55Z,3391.300049,3398.399902,3389.300049,3394.899902,3391.300049,3398.399902,3368.000000,3394.899902,changed
2025-06-12 03:00:00+00:00,2026-10-04T07:55:55Z,3394.899902,3396.899902,3391.500000,3393.899902,3394.899902,3396.899902,3371.500000,3393.899902,changed
2025-06-12 08:00:00+00:00,2026-10-04T07:55:55Z,3366.800049,3380.800049,3366.699951,3376.300049,3366.800049,3380.800049,3353.399902,3376.300049,changed
2025-06-12 09:00:00+00:00,2026-10-04T07:55:55Z,3376.199951,3388.199951,3375.000000,3385.500000,3376.199951,3388.199951,3359.399902,3385.500000,changed
2025-06-12 12:00:00+00:00,2026-10-04T07:55:55Z,3399.500000,3411.399902,3396.699951,3409.199951,3399.500000,3411.399902,3378.899902,3409.199951,changed
2025-06-12 13:00:00+00:00,2026-10-04T07:55:55Z,3409.000000,3419.800049,3399.899902,3412.800049,3409.000000,3419.800049,3386.500000,3412.800049,changed
2025-06-12 15:00:00+00:00,2026-10-04T07:55:55Z,3404.399902,3411.500000,3398.100098,3406.500000,3404.399902,3411.500000,3389.500000,3406.500000,changed
2025-06-12 16:00:00+00:00,2026-10-04T07:55:55Z,3406.600098,3412.399902,3401.699951,3404.399902,3406.600098,3412.399902,3385.600098,3404.399902,changed
2025-06-12 19:00:00+00:00,2026-10-04T07:55:55Z,3406.199951,3409.699951,3405.000000,3408.500000,3406.199951,3409.699951,3387.000000,3408.500000,changed
2025-06-12 20:00:00+00:00,2026-10-04T07:55:55Z,3408.399902,3409.399902,3405.500000,3406.399902,3408.399902,3409.399902,3385.300049,3406.399902,changed
2025-06-13 00:00:00+00:00,2026-10-04T07:55:55Z,3416.199951,3442.000000,3412.399902,3436.399902,3416.199951,3442.000000,3407.300049,3436.399902,changed
2025-06-13 01:00:00+00:00,2026-10-04T07:55:55Z,3436.199951,3455.300049,3435.100098,3449.000000,3436.199951,3455.300049,3432.899902,3449.000000,changed
2025-06-13 02:00:00+00:00,2026-10-04T07:55:55Z,3448.699951,3466.800049,3446.300049,3463.800049,3448.699951,3466.800049,3431.199951,3463.800049,changed
2025-06-13 05:00:00+00:00,2026-10-04T07:55:55Z,3447.199951,3450.800049,3439.000000,3447.199951,3447.199951,3450.800049,3421.600098,3447.199951,changed
2025-06-13 06:00:00+00:00,2026-10-04T07:55:55Z,3447.199951,3450.500000,3429.199951,3436.899902,3447.199951,3450.500000,3426.000000,3436.899902,changed
2025-06-13 07:00:00+00:00,2026-10-04T07:55:55Z,3437.000000,3439.699951,3428.300049,3435.500000,3437.000000,3439.699951,3415.000000,3435.500000,changed
2025-06-13 12:00:00+00:00,2026-10-04T07:55:55Z,3442.300049,3458.899902,3441.699951,3457.100098,3442.300049,3458.899902,3424.100098,3457.100098,changed
2025-06-13 13:00:00+00:00,2026-10-04T07:55:55Z,3457.000000,3468.000000,3454.300049,3457.600098,3457.000000,3468.000000,3440.300049,3457.600098,changed
2025-06-13 14:00:00+00:00,2026-10-04T07:55:55Z,3457.899902,3460.500000,3444.100098,3448.399902,3457.300049,3460.500000,3426.100098,3448.399902,changed
2025-06-13 15:00:00+00:00,2026-10-04T07:55:55Z,3448.399902,3450.899902,3440.199951,3446.300049,3448.399902,3450.899902,3425.199951,3446.300049,changed
2025-06-13 20:00:00+00:00,2026-10-04T07:55:55Z,3453.000000,3455.100098,3448.899902,3452.600098,3452.300049,3455.100098,3448.899902,3452.600098,changed
2025-06-16 17:00:00+00:00,2026-10-04T07:55:55Z,3418.800049,3419.399902,3410.300049,3412.199951,3418.500000,3419.399902,3410.300049,3412.199951,changed
2025-06-17 19:00:00+00:00,2026-10-04T07:55:55Z,3401.600098,3405.000000,3401.100098,3404.399902,3401.600098,3405.000000,3400.699951,3404.399902,changed
2025-06-17 22:00:00+00:00,2026-10-04T07:55:55Z,3409.000000,3414.600098,3406.899902,3407.699951,3409.000000,3414.600098,3407.000000,3407.300049,changed
2025-06-17 23:00:00+00:00,2026-10-04T07:55:55Z,3408.000000,3409.000000,3403.300049,3405.500000,3407.500000,3409.000000,3404.000000,3405.600098,changed
2025-06-18 00:00:00+00:00,2026-10-04T07:55:55Z,3405.399902,3407.199951,3401.199951,3404.000000,3405.000000,3407.199951,3401.199951,3404.000000,changed
2025-06-18 14:00:00+00:00,2026-10-04T07:55:55Z,3409.300049,3409.699951,3391.699951,3405.699951,3411.100098,3411.500000,3391.699951,3405.699951,changed
2025-06-18 15:00:00+00:00,2026-10-04T07:55:55Z,3407.199951,3411.399902,3399.500000,3411.000000,3405.399902,3411.399902,3399.500000,3411.000000,changed
2025-06-18 17:00:00+00:00,2026-10-04T07:55:55Z,3409.600098,3409.899902,3403.699951,3404.500000,3409.600098,3409.899902,3402.399902,3403.500000,changed
2025-06-18 18:00:00+00:00,2026-10-04T07:55:55Z,3411.699951,3414.199951,3396.000000,3397.100098,3403.500000,3414.199951,3396.000000,3397.100098,changed
2025-06-18 19:00:00+00:00,2026-10-04T07:55:55Z,3396.899902,3397.500000,3380.500000,3385.300049,3396.899902,3397.500000,3380.500000,3384.600098,changed
2025-06-18 20:00:00+00:00,2026-10-04T07:55:55Z,3384.199951,3387.600098,3380.100098,3387.300049,3384.399902,3387.600098,3380.100098,3386.399902,changed
2025-06-18 22:00:00+00:00,2026-10-04T07:55:55Z,3387.000000,3396.699951,3386.699951,3392.000000,3387.100098,3396.699951,3386.300049,3392.000000,changed
2025-06-19 09:00:00+00:00,2026-10-04T07:55:55Z,3385.800049,3391.000000,3379.800049,3387.300049,3385.800049,3391.000000,3380.899902,3387.300049,changed
2025-06-20 15:00:00+00:00,2026-10-04T07:55:55Z,3385.600098,3388.100098,3382.100098,3385.600098,3385.600098,3388.100098,3382.100098,3385.699951,changed
2025-06-20 17:00:00+00:00,2026-10-04T07:55:55Z,3387.600098,3387.899902,3382.899902,3383.199951,3387.600098,3387.899902,3382.300049,3383.199951,changed
2025-06-23 07:00:00+00:00,2026-10-04T07:55:55Z,3372.300049,3373.899902,3366.399902,3372.800049,3372.300049,3374.000000,3366.399902,3372.800049,changed
2025-06-23 11:00:00+00:00,2026-10-04T07:55:55Z,3383.699951,3397.899902,3383.699951,3395.699951,3383.699951,3397.899902,3383.699951,3396.100098,changed
2025-06-23 12:00:00+00:00,2026-10-04T07:55:55Z,3395.500000,3395.800049,3371.100098,3375.600098,3396.300049,3396.600098,3371.100098,3375.600098,changed
2025-06-23 13:00:00+00:00,2026-10-04T07:55:55Z,3378.500000,3403.600098,3377.500000,3396.500000,3375.500000,3403.600098,3374.899902,3396.500000,changed
2025-06-23 14:00:00+00:00,2026-10-04T07:55:55Z,3396.300049,3402.500000,3384.899902,3402.300049,3396.300049,3402.600098,3384.899902,3402.300049,changed
2025-06-23 15:00:00+00:00,2026-10-04T07:55:55Z,3403.800049,3405.899902,3400.600098,3403.300049,3402.600098,3405.899902,3400.500000,3403.300049,changed
2025-06-24 15:00:00+00:00,2026-10-04T07:55:55Z,3314.600098,3330.899902,3313.699951,3326.899902,3317.399902,3330.899902,3313.699951,3326.899902,changed
2025-06-25 15:00:00+00:00,2026-10-04T07:55:55Z,3336.699951,3340.899902,3335.800049,3339.199951,3336.699951,3340.899902,3335.199951,3339.199951,changed
2025-06-26 08:00:00+00:00,2026-10-04T07:55:55Z,3359.399902,3363.899902,3357.800049,3361.800049,3359.399902,3363.899902,3357.800049,3361.600098,changed
2025-06-26 09:00:00+00:00,2026-10-04T07:55:55Z,3361.800049,3362.300049,3351.899902,3353.800049,3361.600098,3362.300049,3352.399902,3353.899902,changed
2025-06-26 10:00:00+00:00,2026-10-04T07:55:55Z,3354.199951,3356.000000,3351.300049,3355.899902,3353.899902,3356.899902,3351.300049,3356.500000,changed
2025-06-26 11:00:00+00:00,2026-10-04T07:55:55Z,3356.600098,3357.199951,3344.899902,3346.399902,3356.600098,3357.500000,3344.899902,3346.399902,changed
2025-06-26 12:00:00+00:00,2026-10-04T07:55:55Z,3346.500000,3357.800049,3337.500000,3338.300049,3346.500000,3357.800049,3334.699951,3335.000000,changed
2025-06-26 13:00:00+00:00,2026-10-04T07:55:55Z,3334.199951,3341.800049,3322.500000,3337.899902,3335.199951,3341.800049,3322.500000,3332.800049,changed
2025-06-26 14:00:00+00:00,2026-10-04T07:55:55Z,3331.800049,3337.000000,3324.399902,3330.199951,3332.600098,3337.000000,3324.399902,3331.500000,changed
2025-06-27 18:00:00+00:00,2026-10-04T07:55:55Z,3289.800049,3290.699951,3282.399902,3288.000000,3289.800049,3290.699951,3282.199951,3288.000000,changed
2025-06-30 14:00:00+00:00,2026-10-04T07:55:55Z,3299.100098,3301.500000,3290.899902,3299.399902,3296.600098,3301.500000,3290.899902,3299.399902,changed
2025-06-01 22:00:00+00:00,2026-10-04T21:11:09Z,3323.000000,3338.699951,3296.899902,3336.399902,3323.000000,3338.699951,3319.399902,3336.399902,changed
2025-06-01 23:00:00+00:00,2026-10-04T21:11:09Z,3336.399902,3339.899902,3308.500000,3333.300049,3336.399902,3339.899902,3332.699951,3333.300049,changed
2025-06-02 00:00:00+00:00,2026-10-04T21:11:09Z,3333.199951,3338.699951,3305.300049,3334.500000,3333.199951,3338.699951,3326.199951,3334.500000,changed
2025-06-02 01:00:00+00:00,2026-10-04T21:11:09Z,3334.699951,3337.100098,3301.600098,3326.600098,3334.699951,3337.100098,3324.300049,3326.600098,changed
2025-06-02 02:00:00+00:00,2026-10-04T21:11:09Z,3326.600098,3335.399902,3306.600098,3330.500000,3326.600098,3335.399902,3326.399902,3330.500000,changed
2025-06-02 04:00:00+00:00,2026-10-04T21:11:09Z,3332.600098,3341.899902,3312.199951,3337.699951,3332.600098,3341.899902,3332.600098,3337.699951,changed
2025-06-02 05:00:00+00:00,2026-10-04T21:11:09Z,3337.600098,3350.000000,3313.699951,3347.800049,3337.600098,3350.000000,3337.600098,3347.800049,changed
2025-06-02 06:00:00+00:00,2026-10-04T21:11:09Z,3347.899902,3369.899902,3323.899902,3368.899902,3347.899902,3369.899902,3347.600098,3368.899902,changed
2025-06-02 07:00:00+00:00,2026-10-04T21:11:09Z,3369.000000,3384.000000,3345.300049,3377.199951,3369.000000,3384.000000,3367.699951,3377.199951,changed
2025-06-02 08:00:00+00:00,2026-10-04T21:11:09Z,3377.199951,3381.199951,3351.600098,3376.500000,3377.199951,3381.199951,3374.699951,3376.500000,changed
2025-06-02 09:00:00+00:00,2026-10-04T21:11:09Z,3376.600098,3376.899902,3345.699951,3372.699951,3376.600098,3376.899902,3369.000000,3372.699951,changed
2025-06-02 10:00:00+00:00,2026-10-04T21:11:09Z,3372.899902,3376.300049,3345.500000,3373.300049,3372.899902,3376.300049,3368.800049,3373.300049,changed
2025-06-02 11:00:00+00:00,2026-10-04T21:11:09Z,3373.300049,3385.600098,3351.500000,3381.199951,3373.300049,3385.600098,3370.399902,3381.199951,changed
2025-06-02 12:00:00+00:00,2026-10-04T21:11:09Z,3380.899902,3388.899902,3355.000000,3380.100098,3380.899902,3388.899902,3378.699951,3380.100098,changed
2025-06-02 13:00:00+00:00,2026-10-04T21:11:09Z,3380.100098,3401.300049,3349.600098,3395.800049,3380.100098,3401.300049,3374.500000,3395.800049,changed
2025-06-02 14:00:00+00:00,2026-10-04T21:11:09Z,3371.600098,3404.199951,3369.600098,3400.600098,3396.100098,3404.199951,3391.800049,3400.600098,changed
2025-06-02 15:00:00+00:00,2026-10-04T21:11:09Z,3400.500000,3403.500000,3366.899902,3399.100098,3400.500000,3403.500000,3393.000000,3399.100098,changed
2025-06-02 16:00:00+00:00,2026-10-04T21:11:09Z,3399.300049,3404.699951,3369.899902,3396.899902,3399.300049,3404.699951,3394.300049,3396.899902,changed
2025-06-02 17:00:00+00:00,2026-10-04T21:11:09Z,3396.899902,3400.899902,3369.899902,3399.199951,3396.899902,3400.899902,3396.199951,3399.199951,changed
2025-06-02 18:00:00+00:00,2026-10-04T21:11:09Z,3399.399902,3405.399902,3371.500000,3404.399902,3399.399902,3405.399902,3395.800049,3404.399902,changed
2025-06-02 19:00:00+00:00,2026-10-04T21:11:09Z,3404.300049,3407.300049,3377.199951,3406.300049,3404.300049,3407.300049,3403.000000,3406.300049,changed
2025-06-02 20:00:00+00:00,2026-10-04T21:11:09Z,3406.300049,3408.100098,3379.100098,3406.399902,3406.300049,3408.100098,3403.300049,3406.399902,changed
2025-06-02 22:00:00+00:00,2026-10-04T21:11:09Z,3406.500000,3416.600098,3385.100098,3414.800049,3406.500000,3416.600098,3406.500000,3414.800049,changed
2025-06-02 23:00:00+00:00,2026-10-04T21:11:09Z,3414.800049,3417.800049,3385.000000,3412.800049,3414.800049,3417.800049,3408.300049,3412.800049,changed
2025-06-03 01:00:00+00:00,2026-10-04T21:11:09Z,3401.199951,3401.300049,3364.100098,3397.300049,3401.199951,3401.300049,3387.800049,3397.300049,changed
2025-06-03 02:00:00+00:00,2026-10-04T21:11:09Z,3397.300049,3403.000000,3369.800049,3393.600098,3397.300049,3403.000000,3389.000000,3393.600098,changed
2025-06-03 03:00:00+00:00,2026-10-04T21:11:09Z,3393.199951,3394.100098,3361.500000,3387.100098,3393.199951,3394.100098,3384.199951,3387.100098,changed
2025-06-03 04:00:00+00:00,2026-10-04T21:11:09Z,3385.699951,3389.800049,3359.899902,3386.899902,3385.699951,3389.800049,3383.399902,3386.899902,changed
2025-06-03 05:00:00+00:00,2026-10-04T21:11:09Z,3387.100098,3392.800049,3364.100098,3389.800049,3387.100098,3392.800049,3381.100098,3389.800049,changed
2025-06-03 06:00:00+00:00,2026-10-04T21:11:09Z,3389.899902,3392.100098,3350.000000,3383.199951,3389.899902,3392.100098,3375.600098,3383.199951,changed
2025-06-03 07:00:00+00:00,2026-10-04T21:11:09Z,3382.699951,3385.500000,3355.600098,3384.600098,3382.699951,3385.500000,3376.699951,3384.600098,changed
2025-06-03 08:00:00+00:00,2026-10-04T21:11:09Z,3384.699951,3389.800049,3358.100098,3385.500000,3384.699951,3389.800049,3384.300049,3385.500000,changed
2025-06-03 09:00:00+00:00,2026-10-04T21:11:09Z,3385.500000,3387.000000,3355.300049,3381.199951,3385.500000,3387.000000,3379.899902,3381.199951,changed
2025-06-03 10:00:00+00:00,2026-10-04T21:11:09Z,3381.500000,3383.100098,3354.300049,3379.899902,3381.500000,3383.100098,3379.100098,3379.899902,changed
2025-06-03 11:00:00+00:00,2026-10-04T21:11:09Z,3380.100098,3384.800049,3352.699951,3383.300049,3380.100098,3384.800049,3377.699951,3383.300049,changed
2025-06-03 12:00:00+00:00,2026-10-04T21:11:09Z,3383.500000,3387.199951,3348.500000,3383.600098,3383.500000,3387.199951,3371.000000,3383.600098,changed
2025-06-03 13:00:00+00:00,2026-10-04T21:11:09Z,3383.699951,3387.000000,3339.199951,3370.399902,3383.699951,3387.000000,3364.500000,3370.399902,changed
2025-06-03 14:00:00+00:00,2026-10-04T21:11:09Z,3369.800049,3374.600098,3331.300049,3370.500000,3369.800049,3374.600098,3357.199951,3370.500000,changed
2025-06-03 15:00:00+00:00,2026-10-04T21:11:09Z,3370.399902,3375.500000,3342.800049,3374.000000,3370.399902,3375.500000,3368.000000,3374.000000,changed
2025-06-03 16:00:00+00:00,2026-10-04T21:11:09Z,3374.000000,3377.399902,3342.199951,3372.300049,3374.000000,3377.399902,3367.899902,3372.300049,changed
2025-06-03 17:00:00+00:00,2026-10-04T21:11:09Z,3372.300049,3378.699951,3346.300049,3377.600098,3372.300049,3378.699951,3371.000000,3377.600098,changed
2025-06-03 18:00:00+00:00,2026-10-04T21:11:09Z,3377.600098,3378.199951,3350.600098,3377.600098,3377.600098,3378.199951,3374.600098,3377.600098,changed
2025-06-03 20:00:00+00:00,2026-10-04T21:11:09Z,3376.399902,3379.300049,3350.000000,3376.899902,3376.399902,3379.300049,3376.199951,3376.899902,changed
2025-06-04 00:00:00+00:00,2026-10-04T21:11:09Z,3384.399902,3384.699951,3351.600098,3373.600098,3384.399902,3384.699951,3373.100098,3373.600098,changed
2025-06-04 01:00:00+00:00,2026-10-04T21:11:09Z,3373.600098,3396.699951,3367.100098,3395.199951,3373.600098,3396.699951,3369.699951,3395.199951,changed
2025-06-04 04:00:00+00:00,2026-10-04T21:11:09Z,3383.500000,3385.699951,3351.600098,3378.399902,3383.500000,3385.699951,3375.899902,3378.399902,changed
2025-06-04 05:00:00+00:00,2026-10-04T21:11:09Z,3378.399902,3380.300049,3352.500000,3374.699951,3378.399902,3380.300049,3372.000000,3374.699951,changed
2025-06-04 08:00:00+00:00,2026-10-04T21:11:09Z,3378.000000,3387.399902,3352.100098,3386.500000,3378.000000,3388.000000,3375.100098,3386.500000,changed
2025-06-04 09:00:00+00:00,2026-10-04T21:11:09Z,3386.500000,3389.000000,3360.699951,3387.100098,3386.500000,3389.000000,3383.300049,3387.100098,changed
2025-06-04 11:00:00+00:00,2026-10-04T21:11:09Z,3374.600098,3376.199951,3344.000000,3370.500000,3374.600098,3376.199951,3366.899902,3370.500000,changed
2025-06-04 12:00:00+00:00,2026-10-04T21:11:09Z,3370.500000,3385.399902,3351.800049,3383.000000,3370.500000,3385.399902,3368.199951,3383.000000,changed
2025-06-04 13:00:00+00:00,2026-10-04T21:11:09Z,3383.199951,3387.199951,3350.800049,3376.800049,3383.199951,3387.199951,3375.199951,3376.800049,changed
2025-06-04 14:00:00+00:00,2026-10-04T21:11:09Z,3376.899902,3409.699951,3361.899902,3401.500000,3376.899902,3409.699951,3375.100098,3401.500000,changed
2025-06-04 16:00:00+00:00,2026-10-04T21:11:09Z,3396.500000,3400.500000,3371.500000,3399.399902,3396.500000,3400.500000,3395.399902,3399.399902,changed
2025-06-04 19:00:00+00:00,2026-10-04T21:11:09Z,3400.800049,3400.899902,3396.000000,3397.300049,3400.800049,3400.899902,3396.300049,3397.300049,changed
2025-06-04 22:00:00+00:00,2026-10-04T21:11:09Z,3398.000000,3399.500000,3371.500000,3397.199951,3398.000000,3399.500000,3395.800049,3397.199951,changed
2025-06-05 06:00:00+00:00,2026-10-04T21:11:09Z,3387.500000,3393.600098,3366.199951,3389.500000,3387.500000,3393.600098,3386.800049,3389.300049,changed
2025-06-05 07:00:00+00:00,2026-10-04T21:11:09Z,3389.399902,3398.000000,3370.300049,3394.800049,3390.100098,3398.000000,3389.100098,3394.800049,changed
2025-06-05 09:00:00+00:00,2026-10-04T21:11:09Z,3398.699951,3415.300049,3375.100098,3413.500000,3398.699951,3415.300049,3397.500000,3413.500000,changed
2025-06-05 10:00:00+00:00,2026-10-04T21:11:09Z,3413.300049,3424.699951,3393.300049,3424.100098,3413.300049,3424.699951,3411.800049,3424.100098,changed
2025-06-05 11:00:00+00:00,2026-10-04T21:11:09Z,3424.000000,3427.699951,3415.899902,3416.600098,3424.000000,3427.699951,3416.300049,3416.600098,changed
2025-06-05 12:00:00+00:00,2026-10-04T21:11:09Z,3416.800049,3425.000000,3382.300049,3407.199951,3416.800049,3425.000000,3400.500000,3405.100098,changed
2025-06-05 13:00:00+00:00,2026-10-04T21:11:09Z,3407.300049,3412.600098,3381.500000,3401.899902,3405.699951,3412.600098,3394.800049,3401.899902,changed
2025-06-05 14:00:00+00:00,2026-10-04T21:11:09Z,3401.899902,3407.300049,3366.600098,3391.000000,3401.899902,3407.300049,3387.100098,3391.000000,changed
2025-06-05 15:00:00+00:00,2026-10-04T21:11:09Z,3390.899902,3396.399902,3344.000000,3368.100098,3390.899902,3396.399902,3362.300049,3368.100098,changed
2025-06-05 16:00:00+00:00,2026-10-04T21:11:09Z,3367.699951,3379.399902,3343.699951,3376.800049,3367.699951,3379.399902,3362.800049,3376.800049,changed
2025-06-05 17:00:00+00:00,2026-10-04T21:11:09Z,3377.100098,3377.800049,3349.199951,3376.899902,3377.100098,3377.800049,3371.699951,3376.899902,changed
2025-06-05 19:00:00+00:00,2026-10-04T21:11:09Z,3376.600098,3384.699951,3354.800049,3380.500000,3376.600098,3383.399902,3376.000000,3380.500000,changed
2025-06-05 20:00:00+00:00,2026-10-04T21:11:09Z,3380.399902,3381.500000,3352.199951,3376.100098,3380.399902,3381.500000,3375.800049,3376.100098,changed
2025-06-06 06:00:00+00:00,2026-10-04T21:11:09Z,3389.399902,3390.300049,3362.000000,3384.000000,3389.399902,3390.600098,3379.399902,3384.000000,changed
2025-06-06 07:00:00+00:00,2026-10-04T21:11:09Z,3384.000000,3385.300049,3359.000000,3382.699951,3384.000000,3385.300049,3375.300049,3382.699951,changed
2025-06-06 10:00:00+00:00,2026-10-04T21:11:09Z,3380.000000,3384.000000,3357.500000,3383.600098,3380.000000,3384.000000,3379.199951,3383.600098,changed
2025-06-06 12:00:00+00:00,2026-10-04T21:11:09Z,3381.500000,3385.199951,3345.100098,3376.199951,3381.500000,3387.300049,3365.600098,3376.199951,changed
2025-06-06 13:00:00+00:00,2026-10-04T21:11:09Z,3375.699951,3384.300049,3346.800049,3367.899902,3375.699951,3384.300049,3364.800049,3365.600098,changed
2025-06-06 14:00:00+00:00,2026-10-04T21:11:09Z,3367.000000,3367.800049,3315.699951,3348.800049,3365.399902,3367.800049,3338.500000,3348.800049,changed
2025-06-06 15:00:00+00:00,2026-10-04T21:11:09Z,3348.699951,3359.199951,3330.899902,3354.600098,3348.699951,3359.199951,3345.699951,3354.600098,changed
2025-06-06 16:00:00+00:00,2026-10-04T21:11:09Z,3354.500000,3355.199951,3323.000000,3344.899902,3354.500000,3355.199951,3342.899902,3344.899902,changed
2025-06-06 19:00:00+00:00,2026-10-04T21:11:09Z,3340.000000,3341.199951,3309.500000,3334.399902,3340.000000,3341.199951,3333.100098,3334.399902,changed
2025-06-06 20:00:00+00:00,2026-10-04T21:11:09Z,3334.300049,3334.800049,3306.000000,3331.000000,3334.300049,3334.800049,3328.800049,3331.000000,changed
2025-06-08 22:00:00+00:00,2026-10-04T21:11:09Z,3333.399902,3341.000000,3307.899902,3334.600098,3333.399902,3341.000000,3329.000000,3334.600098,changed
2025-06-09 00:00:00+00:00,2026-10-04T21:11:09Z,3338.500000,3339.000000,3301.000000,3325.300049,3338.500000,3339.000000,3317.500000,3325.300049,changed
2025-06-09 01:00:00+00:00,2026-10-04T21:11:09Z,3325.500000,3329.100098,3302.300049,3315.500000,3325.500000,3329.300049,3314.500000,3315.500000,changed
2025-06-09 02:00:00+00:00,2026-10-04T21:11:09Z,3315.899902,3327.500000,3290.000000,3325.300049,3315.899902,3327.500000,3313.100098,3325.300049,changed
2025-06-09 03:00:00+00:00,2026-10-04T21:11:09Z,3325.300049,3331.899902,3323.800049,3330.300049,3325.300049,3331.899902,3323.699951,3330.300049,changed
2025-06-09 04:00:00+00:00,2026-10-04T21:11:09Z,3330.699951,3333.399902,3308.899902,3331.800049,3330.699951,3333.399902,3329.000000,3331.800049,changed
2025-06-09 05:00:00+00:00,2026-10-04T21:11:09Z,3331.899902,3336.899902,3307.399902,3335.100098,3331.899902,3336.899902,3329.500000,3335.100098,changed
2025-06-09 06:00:00+00:00,2026-10-04T21:11:09Z,3335.000000,3345.800049,3333.000000,3345.199951,3335.000000,3345.800049,3332.699951,3345.199951,changed
2025-06-09 07:00:00+00:00,2026-10-04T21:11:09Z,3344.899902,3349.800049,3324.199951,3345.199951,3344.899902,3349.800049,3341.600098,3345.199951,changed
2025-06-09 08:00:00+00:00,2026-10-04T21:11:09Z,3345.300049,3346.699951,3322.699951,3340.500000,3345.300049,3346.699951,3340.500000,3340.500000,changed
2025-06-09 10:00:00+00:00,2026-10-04T21:11:09Z,3339.500000,3340.699951,3309.800049,3335.699951,3339.500000,3340.699951,3333.000000,3335.699951,changed
2025-06-09 12:00:00+00:00,2026-10-04T21:11:09Z,3338.600098,3343.399902,3318.800049,3341.399902,3338.600098,3343.399902,3333.699951,3341.399902,changed
2025-06-09 13:00:00+00:00,2026-10-04T21:11:09Z,3341.199951,3342.500000,3313.699951,3340.100098,3341.199951,3342.500000,3331.500000,3340.100098,changed
2025-06-09 14:00:00+00:00,2026-10-04T21:11:09Z,3339.899902,3347.899902,3317.500000,3341.699951,3339.899902,3347.899902,3336.899902,3341.699951,changed
2025-06-09 15:00:00+00:00,2026-10-04T21:11:09Z,3341.800049,3353.500000,3320.699951,3349.800049,3341.800049,3353.500000,3341.100098,3349.800049,changed
2025-06-09 18:00:00+00:00,2026-10-04T21:11:09Z,3354.000000,3357.699951,3330.600098,3354.000000,3354.000000,3357.699951,3353.399902,3354.000000,changed
2025-06-09 19:00:00+00:00,2026-10-04T21:11:09Z,3353.899902,3356.300049,3324.399902,3348.199951,3353.899902,3356.300049,3346.899902,3348.199951,changed
2025-06-09 22:00:00+00:00,2026-10-04T21:11:09Z,3346.300049,3348.300049,3341.600098,3343.699951,3346.300049,3354.899902,3341.600098,3344.100098,changed
2025-06-09 23:00:00+00:00,2026-10-04T21:11:09Z,3344.000000,3348.000000,3343.800049,3346.600098,3344.699951,3354.899902,3344.100098,3346.600098,changed
2025-06-10 01:00:00+00:00,2026-10-04T21:11:09Z,3336.199951,3339.699951,3302.000000,3326.199951,3336.199951,3339.699951,3322.600098,3326.199951,changed
2025-06-10 02:00:00+00:00,2026-10-04T21:11:09Z,3325.800049,3330.000000,3302.000000,3329.100098,3325.800049,3330.000000,3321.300049,3329.100098,changed
2025-06-10 05:00:00+00:00,2026-10-04T21:11:09Z,3326.800049,3339.399902,3307.100098,3337.899902,3326.800049,3339.399902,3326.100098,3337.899902,changed
2025-06-10 07:00:00+00:00,2026-10-04T21:11:09Z,3345.100098,3352.899902,3326.100098,3349.899902,3345.100098,3352.899902,3344.300049,3349.899902,changed
2025-06-10 08:00:00+00:00,2026-10-04T21:11:09Z,3350.600098,3355.800049,3329.699951,3350.000000,3350.600098,3355.800049,3346.399902,3350.000000,changed
2025-06-10 09:00:00+00:00,2026-10-04T21:11:09Z,3349.899902,3352.399902,3325.899902,3350.500000,3349.899902,3352.399902,3347.899902,3350.500000,changed
2025-06-10 11:00:00+00:00,2026-10-04T21:11:09Z,3356.199951,3363.600098,3337.000000,3354.399902,3356.199951,3363.600098,3352.899902,3354.399902,changed
2025-06-10 12:00:00+00:00,2026-10-04T21:11:09Z,3354.600098,3361.500000,3337.100098,3358.100098,3354.600098,3361.300049,3350.300049,3358.100098,changed
2025-06-10 13:00:00+00:00,2026-10-04T21:11:09Z,3358.199951,3370.399902,3344.300049,3364.600098,3358.199951,3370.399902,3356.500000,3364.600098,changed
2025-06-10 14:00:00+00:00,2026-10-04T21:11:09Z,3364.600098,3364.899902,3337.899902,3349.600098,3364.600098,3364.899902,3347.300049,3349.399902,changed
2025-06-10 15:00:00+00:00,2026-10-04T21:11:09Z,3346.800049,3350.399902,3324.000000,3347.699951,3346.699951,3350.399902,3344.100098,3347.699951,changed
2025-06-10 16:00:00+00:00,2026-10-04T21:11:09Z,3347.500000,3348.800049,3340.800049,3342.300049,3347.500000,3348.800049,3340.800049,3342.100098,changed
2025-06-10 17:00:00+00:00,2026-10-04T21:11:09Z,3342.300049,3347.000000,3341.100098,3345.800049,3342.500000,3346.399902,3341.100098,3345.800049,changed
2025-06-10 18:00:00+00:00,2026-10-04T21:11:09Z,3345.899902,3346.300049,3319.100098,3342.500000,3345.899902,3346.300049,3340.100098,3342.500000,changed
2025-06-10 19:00:00+00:00,2026-10-04T21:11:09Z,3342.600098,3355.600098,3331.000000,3349.899902,3342.600098,3355.600098,3342.199951,3349.899902,changed
2025-06-11 00:00:00+00:00,2026-10-04T21:11:09Z,3348.600098,3356.399902,3328.000000,3353.199951,3348.600098,3356.399902,3345.100098,3353.199951,changed
2025-06-11 01:00:00+00:00,2026-10-04T21:11:09Z,3353.300049,3358.600098,3335.399902,3349.500000,3353.300049,3358.600098,3348.600098,3349.500000,changed
2025-06-11 03:00:00+00:00,2026-10-04T21:11:09Z,3359.399902,3363.199951,3335.800049,3361.000000,3359.399902,3363.199951,3357.199951,3361.000000,changed
2025-06-11 04:00:00+00:00,2026-10-04T21:11:09Z,3360.699951,3364.399902,3358.399902,3363.399902,3360.699951,3364.399902,3358.399902,3363.100098,changed
2025-06-11 05:00:00+00:00,2026-10-04T21:11:09Z,3358.899902,3360.699951,3356.199951,3360.500000,3363.199951,3364.800049,3356.199951,3360.500000,changed
2025-06-11 09:00:00+00:00,2026-10-04T21:11:09Z,3365.500000,3365.699951,3335.100098,3354.699951,3365.500000,3365.699951,3352.699951,3354.699951,changed
2025-06-11 11:00:00+00:00,2026-10-04T21:11:09Z,3350.399902,3355.800049,3328.399902,3353.800049,3350.399902,3355.800049,3345.699951,3353.800049,changed
2025-06-11 12:00:00+00:00,2026-10-04T21:11:09Z,3353.800049,3382.300049,3335.600098,3357.300049,3353.800049,3382.300049,3347.800049,3357.300049,changed
2025-06-11 13:00:00+00:00,2026-10-04T21:11:09Z,3357.300049,3366.000000,3328.899902,3350.699951,3357.300049,3365.600098,3347.500000,3350.699951,changed
2025-06-11 14:00:00+00:00,2026-10-04T21:11:09Z,3350.500000,3361.399902,3332.899902,3358.800049,3350.500000,3361.399902,3349.199951,3358.800049,changed
2025-06-11 15:00:00+00:00,2026-10-04T21:11:09Z,3358.800049,3363.100098,3330.199951,3353.699951,3358.800049,3363.100098,3350.000000,3353.699951,changed
2025-06-11 17:00:00+00:00,2026-10-04T21:11:09Z,3351.000000,3352.100098,3323.300049,3344.500000,3351.000000,3352.100098,3339.399902,3344.500000,changed
2025-06-11 18:00:00+00:00,2026-10-04T21:11:09Z,3344.699951,3368.399902,3342.300049,3364.300049,3344.699951,3368.399902,3344.000000,3364.300049,changed
2025-06-11 19:00:00+00:00,2026-10-04T21:11:09Z,3364.500000,3370.199951,3341.600098,3367.899902,3364.500000,3370.199951,3362.699951,3367.899902,changed
2025-06-11 20:00:00+00:00,2026-10-04T21:11:09Z,3368.000000,3376.600098,3351.100098,3376.000000,3368.000000,3376.600098,3367.800049,3376.000000,changed
2025-06-11 22:00:00+00:00,2026-10-04T21:11:09Z,3377.500000,3390.300049,3363.000000,3389.399902,3377.500000,3390.300049,3376.300049,3389.399902,changed
2025-06-12 00:00:00+00:00,2026-10-04T21:11:09Z,3386.000000,3391.899902,3366.000000,3386.399902,3386.000000,3391.899902,3382.500000,3386.399902,changed
2025-06-12 01:00:00+00:00,2026-10-04T21:11:09Z,3386.399902,3397.100098,3366.600098,3391.600098,3386.399902,3397.100098,3382.699951,3391.600098,changed
2025-06-12 02:00:00+00:00,2026-10-04T21:11:09Z,3391.300049,3398.399902,3368.000000,3394.899902,3391.300049,3398.399902,3389.300049,3394.899902,changed
2025-06-12 03:00:00+00:00,2026-10-04T21:11:09Z,3394.899902,3396.899902,3371.500000,3393.899902,3394.899902,3396.899902,3391.500000,3393.899902,changed
2025-06-12 08:00:00+00:00,2026-10-04T21:11:09Z,3366.800049,3380.800049,3353.399902,3376.300049,3366.800049,3380.800049,3366.699951,3376.300049,changed
2025-06-12 09:00:00+00:00,2026-10-04T21:11:09Z,3376.199951,3388.199951,3359.399902,3385.500000,3376.199951,3388.199951,3375.000000,3385.500000,changed
2025-06-12 12:00:00+00:00,2026-10-04T21:11:09Z,3399.500000,3411.399902,3378.899902,3409.199951,3399.500000,3411.399902,3396.699951,3409.199951,changed
2025-06-12 13:00:00+00:00,2026-10-04T21:11:09Z,3409.000000,3419.800049,3386.500000,3412.800049,3409.000000,3419.800049,3399.899902,3412.800049,changed
2025-06-12 15:00:00+00:00,2026-10-04T21:11:09Z,3404.399902,3411.500000,3389.500000,3406.500000,3404.399902,3411.500000,3398.100098,3406.500000,changed
2025-06-12 16:00:00+00:00,2026-10-04T21:11:09Z,3406.600098,3412.399902,3385.600098,3404.399902,3406.600098,3412.399902,3401.699951,3404.399902,changed
2025-06-12 19:00:00+00:00,2026-10-04T21:11:09Z,3406.199951,3409.699951,3387.000000,3408.500000,3406.199951,3409.699951,3405.000000,3408.500000,changed
2025-06-12 20:00:00+00:00,2026-10-04T21:11:09Z,3408.399902,3409.399902,3385.300049,3406.399902,3408.399902,3409.399902,3405.500000,3406.399902,changed
2025-06-13 00:00:00+00:00,2026-10-04T21:11:09Z,3416.199951,3442.000000,3407.300049,3436.399902,3416.199951,3442.000000,3412.399902,3436.399902,changed
2025-06-13 01:00:00+00:00,2026-10-04T21:11:09Z,3436.199951,3455.300049,3432.899902,3449.000000,3436.199951,3455.300049,3435.100098,3449.000000,changed
2025-06-13 02:00:00+00:00,2026-10-04T21:11:09Z,3448.699951,3466.800049,3431.199951,3463.800049,3448.699951,3466.800049,3446.300049,3463.800049,changed
2025-06-13 05:00:00+00:00,2026-10-04T21:11:09Z,3447.199951,3450.800049,3421.600098,3447.199951,3447.199951,3450.800049,3439.000000,3447.199951,changed
2025-06-13 06:00:00+00:00,2026-10-04T21:11:09Z,3447.199951,3450.500000,3426.000000,3436.899902,3447.199951,3450.500000,3429.199951,3436.899902,changed
2025-06-13 07:00:00+00:00,2026-10-04T21:11:09Z,3437.000000,3439.699951,3415.000000,3435.500000,3437.000000,3439.699951,3428.300049,3435.500000,changed
2025-06-13 12:00:00+00:00,2026-10-04T21:11:09Z,3442.300049,3458.899902,3424.100098,3457.100098,3442.300049,3458.899902,3441.699951,3457.100098,changed
2025-06-13 13:00:00+00:00,2026-10-04T21:11:09Z,3457.000000,3468.000000,3440.300049,3457.600098,3457.000000,3468.000000,3454.300049,3457.600098,changed
2025-06-13 14:00:00+00:00,2026-10-04T21:11:09Z,3457.300049,3460.500000,3426.100098,3448.399902,3457.899902,3460.500000,3444.100098,3448.399902,changed
2025-06-13 15:00:00+00:00,2026-10-04T21:11:09Z,3448.399902,3450.899902,3425.199951,3446.300049,3448.399902,3450.899902,3440.199951,3446.300049,changed
2025-06-13 20:00:00+00:00,2026-10-04T21:11:09Z,3452.300049,3455.100098,3448.899902,3452.600098,3453.000000,3455.100098,3448.899902,3452.600098,changed
2025-06-16 17:00:00+00:00,2026-10-04T21:11:09Z,3418.500000,3419.399902,3410.300049,3412.199951,3418.800049,3419.399902,3410.300049,3412.199951,changed
2025-06-17 19:00:00+00:00,2026-10-04T21:11:09Z,3401.600098,3405.000000,3400.699951,3404.399902,3401.600098,3405.000000,3401.100098,3404.399902,changed
2025-06-17 22:00:00+00:00,2026-10-04T21:11:09Z,3409.000000,3414.600098,3407.000000,3407.300049,3409.000000,3414.600098,3406.899902,3407.699951,changed
2025-06-17 23:00:00+00:00,2026-10-04T21:11:09Z,3407.500000,3409.000000,3404.000000,3405.600098,3408.000000,3409.000000,3403.300049,3405.500000,changed
2025-06-18 00:00:00+00:00,2026-10-04T21:11:09Z,3405.000000,3407.199951,3401.199951,3404.000000,3405.399902,3407.199951,3401.199951,3404.000000,changed
2025-06-18 14:00:00+00:00,2026-10-04T21:11:09Z,3411.100098,3411.500000,3391.699951,3405.699951,3409.300049,3409.699951,3391.699951,3405.699951,changed
2025-06-18 15:00:00+00:00,2026-10-04T21:11:09Z,3405.399902,3411.399902,3399.500000,3411.000000,3407.199951,3411.399902,3399.500000,3411.000000,changed
2025-06-18 17:00:00+00:00,2026-10-04T21:11:09Z,3409.600098,3409.899902,3402.399902,3403.500000,3409.600098,3409.899902,3403.699951,3404.500000,changed
2025-06-18 18:00:00+00:00,2026-10-04T21:11:09Z,3403.500000,3414.199951,3396.000000,3397.100098,3411.699951,3414.199951,3396.000000,3397.100098,changed
2025-06-18 19:00:00+00:00,2026-10-04T21:11:09Z,3396.899902,3397.500000,3380.500000,3384.600098,3396.899902,3397.500000,3380.500000,3385.300049,changed
2025-06-18 20:00:00+00:00,2026-10-04T21:11:09Z,3384.399902,3387.600098,3380.100098,3386.399902,3384.199951,3387.600098,3380.100098,3387.300049,changed
2025-06-18 22:00:00+00:00,2026-10-04T21:11:09Z,3387.100098,3396.699951,3386.300049,3392.000000,3387.000000,3396.699951,3386.699951,3392.000000,changed
2025-06-19 09:00:00+00:00,2026-10-04T21:11:09Z,3385.800049,3391.000000,3380.899902,3387.300049,3385.800049,3391.000000,3379.800049,3387.300049,changed
2025-06-20 15:00:00+00:00,2026-10-04T21:11:09Z,3385.600098,3388.100098,3382.100098,3385.699951,3385.600098,3388.100098,3382.100098,3385.600098,changed
2025-06-20 17:00:00+00:00,2026-10-04T21:11:09Z,3387.600098,3387.899902,3382.300049,3383.199951,3387.600098,3387.899902,3382.899902,3383.199951,changed
2025-06-23 07:00:00+00:00,2026-10-04T21:11:09Z,3372.300049,3374.000000,3366.399902,3372.800049,3372.300049,3373.899902,3366.399902,3372.800049,changed
2025-06-23 11:00:00+00:00,2026-10-04T21:11:09Z,3383.699951,3397.899902,3383.699951,3396.100098,3383.699951,3397.899902,3383.699951,3395.699951,changed
2025-06-23 12:00:00+00:00,2026-10-04T21:11:09Z,3396.300049,3396.600098,3371.100098,3375.600098,3395.500000,3395.800049,3371.100098,3375.600098,changed
2025-06-23 13:00:00+00:00,2026-10-04T21:11:09Z,3375.500000,3403.600098,3374.899902,3396.500000,3378.500000,3403.600098,3377.500000,3396.500000,changed
2025-06-23 14:00:00+00:00,2026-10-04T21:11:09Z,3396.300049,3402.600098,3384.899902,3402.300049,3396.300049,3402.500000,3384.899902,3402.300049,changed
2025-06-23 15:00:00+00:00,2026-10-04T21:11:09Z,3402.600098,3405.899902,3400.500000,3403.300049,3403.800049,3405.899902,3400.600098,3403.300049,changed
2025-06-24 15:00:00+00:00,2026-10-04T21:11:09Z,3317.399902,3330.899902,3313.699951,3326.899902,3314.600098,3330.899902,3313.699951,3326.899902,changed
2025-06-25 15:00:00+00:00,2026-10-04T21:11:09Z,3336.699951,3340.899902,3335.199951,3339.199951,3336.699951,3340.899902,3335.800049,3339.199951,changed
2025-06-26 08:00:00+00:00,2026-10-04T21:11:09Z,3359.399902,3363.899902,3357.800049,3361.600098,3359.399902,3363.899902,3357.800049,3361.800049,changed
2025-06-26 09:00:00+00:00,2026-10-04T21:11:09Z,3361.600098,3362.300049,3352.399902,3353.899902,3361.800049,3362.300049,3351.899902,3353.800049,changed
2025-06-26 10:00:00+00:00,2026-10-04T21:11:09Z,3353.899902,3356.899902,3351.300049,3356.500000,3354.199951,3356.000000,3351.300049,3355.899902,changed
2025-06-26 11:00:00+00:00,2026-10-04T21:11:09Z,3356.600098,3357.500000,3344.899902,3346.399902,3356.600098,3357.199951,3344.899902,3346.399902,changed
2025-06-26 12:00:00+00:00,2026-10-04T21:11:09Z,3346.500000,3357.800049,3334.699951,3335.000000,3346.500000,3357.800049,3337.500000,3338.300049,changed
2025-06-26 13:00:00+00:00,2026-10-04T21:11:09Z,3335.199951,3341.800049,3322.500000,3332.800049,3334.199951,3341.800049,3322.500000,3337.899902,changed
2025-06-26 14:00:00+00:00,2026-10-04T21:11:09Z,3332.600098,3337.000000,3324.399902,3331.500000,3331.800049,3337.000000,3324.399902,3330.199951,changed
2025-06-27 18:00:00+00:00,2026-10-04T21:11:09Z,3289.800049,3290.699951,3282.199951,3288.000000,3289.800049,3290.699951,3282.399902,3288.000000,changed
2025-06-30 14:00:00+00:00,2026-10-04T21:11:09Z,3296.600098,3301.500000,3290.899902,3299.399902,3299.100098,3301.500000,3290.899902,3299.399902,changed
2025-06-01 22:00:00+00:00,2026-10-04T21:39:49Z,3323.000000,3338.699951,3319.399902,3336.399902,3323.000000,3338.699951,3296.899902,3336.399902,changed
2025-06-01 23:00:00+00:00,2026-10-04T21:39:49Z,3336.399902,3339.899902,3332.699951,3333.300049,3336.399902,3339.899902,3308.500000,3333.300049,changed
2025-06-02 00:00:00+00:00,2026-10-04T21:39:49Z,3333.199951,3338.699951,3326.199951,3334.500000,3333.199951,3338.699951,3305.300049,3334.500000,changed
2025-06-02 01:00:00+00:00,2026-10-04T21:39:49Z,3334.699951,3337.100098,3324.300049,3326.600098,3334.699951,3337.100098,3301.600098,3326.600098,changed
2025-06-02 02:00:00+00:00,2026-10-04T21:39:49Z,3326.600098,3335.399902,3326.399902,3330.500000,3326.600098,3335.399902,3306.600098,3330.500000,changed
2025-06-02 04:00:00+00:00,2026-10-04T21:39:49Z,3332.600098,3341.899902,3332.600098,3337.699951,3332.600098,3341.899902,3312.199951,3337.699951,changed
2025-06-02 05:00:00+00:00,2026-10-04T21:39:49Z,3337.600098,3350.000000,3337.600098,3347.800049,3337.600098,3350.000000,3313.699951,3347.800049,changed
2025-06-02 06:00:00+00:00,2026-10-04T21:39:49Z,3347.899902,3369.899902,3347.600098,3368.899902,3347.899902,3369.899902,3323.899902,3368.899902,changed
2025-06-02 07:00:00+00:00,2026-10-04T21:39:49Z,3369.000000,3384.000000,3367.699951,3377.199951,3369.000000,3384.000000,3345.300049,3377.199951,changed
2025-06-02 08:00:00+00:00,2026-10-04T21:39:49Z,3377.199951,3381.199951,3374.699951,3376.500000,3377.199951,3381.199951,3351.600098,3376.500000,changed
2025-06-02 09:00:00+00:00,2026-10-04T21:39:49Z,3376.600098,3376.899902,3369.000000,3372.699951,3376.600098,3376.899902,3345.699951,3372.699951,changed
2025-06-02 10:00:00+00:00,2026-10-04T21:39:49Z,3372.899902,3376.300049,3368.800049,3373.300049,3372.899902,3376.300049,3345.500000,3373.300049,changed
2025-06-02 11:00:00+00:00,2026-10-04T21:39:49Z,3373.300049,3385.600098,3370.399902,3381.199951,3373.300049,3385.600098,3351.500000,3381.199951,changed
2025-06-02 12:00:00+00:00,2026-10-04T21:39:49Z,3380.899902,3388.899902,3378.699951,3380.100098,3380.899902,3388.899902,3355.000000,3380.100098,changed
2025-06-02 13:00:00+00:00,2026-10-04T21:39:49Z,3380.100098,3401.300049,3374.500000,3395.800049,3380.100098,3401.300049,3349.600098,3395.800049,changed
2025-06-02 14:00:00+00:00,2026-10-04T21:39:49Z,3396.100098,3404.199951,3391.800049,3400.600098,3371.600098,3404.199951,3369.600098,3400.600098,changed
2025-06-02 15:00:00+00:00,2026-10-04T21:39:49Z,3400.500000,3403.500000,3393.000000,3399.100098,3400.500000,3403.500000,3366.899902,3399.100098,changed
2025-06-02 16:00:00+00:00,2026-10-04T21:39:49Z,3399.300049,3404.699951,3394.300049,3396.899902,3399.300049,3404.699951,3369.899902,3396.899902,changed
2025-06-02 17:00:00+00:00,2026-10-04T21:39:49Z,3396.899902,3400.899902,3396.199951,3399.199951,3396.899902,3400.899902,3369.899902,3399.199951,changed
2025-06-02 18:00:00+00:00,2026-10-04T21:39:49Z,3399.399902,3405.399902,3395.800049,3404.399902,3399.399902,3405.399902,3371.500000,3404.399902,changed
2025-06-02 19:00:00+00:00,2026-10-04T21:39:49Z,3404.300049,3407.300049,3403.000000,3406.300049,3404.300049,3407.300049,3377.199951,3406.300049,changed
2025-06-02 20:00:00+00:00,2026-10-04T21:39:49Z,3406.300049,3408.100098,3403.300049,3406.399902,3406.300049,3408.100098,3379.100098,3406.399902,changed
2025-06-02 22:00:00+00:00,2026-10-04T21:39:49Z,3406.500000,3416.600098,3406.500000,3414.800049,3406.500000,3416.600098,3385.100098,3414.800049,changed
2025-06-02 23:00:00+00:00,2026-10-04T21:39:49Z,3414.800049,3417.800049,3408.300049,3412.800049,3414.800049,3417.800049,3385.000000,3412.800049,changed
2025-06-03 01:00:00+00:00,2026-10-04T21:39:49Z,3401.199951,3401.300049,3387.800049,3397.300049,3401.199951,3401.300049,3364.100098,3397.300049,changed
2025-06-03 02:00:00+00:00,2026-10-04T21:39:49Z,3397.300049,3403.000000,3389.000000,3393.600098,3397.300049,3403.000000,3369.800049,3393.600098,changed
2025-06-03 03:00:00+00:00,2026-10-04T21:39:49Z,3393.199951,3394.100098,3384.199951,3387.100098,3393.199951,3394.100098,3361.500000,3387.100098,changed
2025-06-03 04:00:00+00:00,2026-10-04T21:39:49Z,3385.699951,3389.800049,3383.399902,3386.899902,3385.699951,3389.800049,3359.899902,3386.899902,changed
2025-06-03 05:00:00+00:00,2026-10-04T21:39:49Z,3387.100098,3392.800049,3381.100098,3389.800049,3387.100098,3392.800049,3364.100098,3389.800049,changed
2025-06-03 06:00:00+00:00,2026-10-04T21:39:49Z,3389.899902,3392.100098,3375.600098,3383.199951,3389.899902,3392.100098,3350.000000,3383.199951,changed
2025-06-03 07:00:00+00:00,2026-10-04T21:39:49Z,3382.699951,3385.500000,3376.699951,3384.600098,3382.699951,3385.500000,3355.600098,3384.600098,changed
2025-06-03 08:00:00+00:00,2026-10-04T21:39:49Z,3384.699951,3389.800049,3384.300049,3385.500000,3384.699951,3389.800049,3358.100098,3385.500000,changed
2025-06-03 09:00:00+00:00,2026-10-04T21:39:49Z,3385.500000,3387.000000,3379.899902,3381.199951,3385.500000,3387.000000,3355.300049,3381.199951,changed
2025-06-03 10:00:00+00:00,2026-10-04T21:39:49Z,3381.500000,3383.100098,3379.100098,3379.899902,3381.500000,3383.100098,3354.300049,3379.899902,changed
2025-06-03 11:00:00+00:00,2026-10-04T21:39:49Z,3380.100098,3384.800049,3377.699951,3383.300049,3380.100098,3384.800049,3352.699951,3383.300049,changed
2025-06-03 12:00:00+00:00,2026-10-04T21:39:49Z,3383.500000,3387.199951,3371.000000,3383.600098,3383.500000,3387.199951,3348.500000,3383.600098,changed
2025-06-03 13:00:00+00:00,2026-10-04T21:39:49Z,3383.699951,3387.000000,3364.500000,3370.399902,3383.699951,3387.000000,3339.199951,3370.399902,changed
2025-06-03 14:00:00+00:00,2026-10-04T21:39:49Z,3369.800049,3374.600098,3357.199951,3370.500000,3369.800049,3374.600098,3331.300049,3370.500000,changed
2025-06-03 15:00:00+00:00,2026-10-04T21:39:49Z,3370.399902,3375.500000,3368.000000,3374.000000,3370.399902,3375.500000,3342.800049,3374.000000,changed
2025-06-03 16:00:00+00:00,2026-10-04T21:39:49Z,3374.000000,3377.399902,3367.899902,3372.300049,3374.000000,3377.399902,3342.199951,3372.300049,changed
2025-06-03 17:00:00+00:00,2026-10-04T21:39:49Z,3372.300049,3378.699951,3371.000000,3377.600098,3372.300049,3378.699951,3346.300049,3377.600098,changed
2025-06-03 18:00:00+00:00,2026-10-04T21:39:49Z,3377.600098,3378.199951,3374.600098,3377.600098,3377.600098,3378.199951,3350.600098,3377.600098,changed
2025-06-03 20:00:00+00:00,2026-10-04T21:39:49Z,3376.399902,3379.300049,3376.199951,3376.899902,3376.399902,3379.300049,3350.000000,3376.899902,changed
2025-06-04 00:00:00+00:00,2026-10-04T21:39:49Z,3384.399902,3384.699951,3373.100098,3373.600098,3384.399902,3384.699951,3351.600098,3373.600098,changed
2025-06-04 01:00:00+00:00,2026-10-04T21:39:49Z,3373.600098,3396.699951,3369.699951,3395.199951,3373.600098,3396.699951,3367.100098,3395.199951,changed
2025-06-04 04:00:00+00:00,2026-10-04T21:39:49Z,3383.500000,3385.699951,3375.899902,3378.399902,3383.500000,3385.699951,3351.600098,3378.399902,changed
2025-06-04 05:00:00+00:00,2026-10-04T21:39:49Z,3378.399902,3380.300049,3372.000000,3374.699951,3378.399902,3380.300049,3352.500000,3374.699951,changed
2025-06-04 08:00:00+00:00,2026-10-04T21:39:49Z,3378.000000,3388.000000,3375.100098,3386.500000,3378.000000,3387.399902,3352.100098,3386.500000,changed
2025-06-04 09:00:00+00:00,2026-10-04T21:39:49Z,3386.500000,3389.000000,3383.300049,3387.100098,3386.500000,3389.000000,3360.699951,3387.100098,changed
2025-06-04 11:00:00+00:00,2026-10-04T21:39:49Z,3374.600098,3376.199951,3366.899902,3370.500000,3374.600098,3376.199951,3344.000000,3370.500000,changed
2025-06-04 12:00:00+00:00,2026-10-04T21:39:49Z,3370.500000,3385.399902,3368.199951,3383.000000,3370.500000,3385.399902,3351.800049,3383.000000,changed
2025-06-04 13:00:00+00:00,2026-10-04T21:39:49Z,3383.199951,3387.199951,3375.199951,3376.800049,3383.199951,3387.199951,3350.800049,3376.800049,changed
2025-06-04 14:00:00+00:00,2026-10-04T21:39:49Z,3376.899902,3409.699951,3375.100098,3401.500000,3376.899902,3409.699951,3361.899902,3401.500000,changed
2025-06-04 16:00:00+00:00,2026-10-04T21:39:49Z,3396.500000,3400.500000,3395.399902,3399.399902,3396.500000,3400.500000,3371.500000,3399.399902,changed
2025-06-04 19:00:00+00:00,2026-10-04T21:39:49Z,3400.800049,3400.899902,3396.300049,3397.300049,3400.800049,3400.899902,3396.000000,3397.300049,changed
2025-06-04 22:00:00+00:00,2026-10-04T21:39:49Z,3398.000000,3399.500000,3395.800049,3397.199951,3398.000000,3399.500000,3371.500000,3397.199951,changed
2025-06-05 06:00:00+00:00,2026-10-04T21:39:49Z,3387.500000,3393.600098,3386.800049,3389.300049,3387.500000,3393.600098,3366.199951,3389.500000,changed
2025-06-05 07:00:00+00:00,2026-10-04T21:39:49Z,3390.100098,3398.000000,3389.100098,3394.800049,3389.399902,3398.000000,3370.300049,3394.800049,changed
2025-06-05 09:00:00+00:00,2026-10-04T21:39:49Z,3398.699951,3415.300049,3397.500000,3413.500000,3398.699951,3415.300049,3375.100098,3413.500000,changed
2025-06-05 10:00:00+00:00,2026-10-04T21:39:49Z,3413.300049,3424.699951,3411.800049,3424.100098,3413.300049,3424.699951,3393.300049,3424.100098,changed
2025-06-05 11:00:00+00:00,2026-10-04T21:39:49Z,3424.000000,3427.699951,3416.300049,3416.600098,3424.000000,3427.699951,3415.899902,3416.600098,changed
2025-06-05 12:00:00+00:00,2026-10-04T21:39:49Z,3416.800049,3425.000000,3400.500000,3405.100098,3416.800049,3425.000000,3382.300049,3407.199951,changed
2025-06-05 13:00:00+00:00,2026-10-04T21:39:49Z,3405.699951,3412.600098,3394.800049,3401.899902,3407.300049,3412.600098,3381.500000,3401.899902,changed
2025-06-05 14:00:00+00:00,2026-10-04T21:39:49Z,3401.899902,3407.300049,3387.100098,3391.000000,3401.899902,3407.300049,3366.600098,3391.000000,changed
2025-06-05 15:00:00+00:00,2026-10-04T21:39:49Z,3390.899902,3396.399902,3362.300049,3368.100098,3390.899902,3396.399902,3344.000000,3368.100098,changed
2025-06-05 16:00:00+00:00,2026-10-04T21:39:49Z,3367.699951,3379.399902,3362.800049,3376.800049,3367.699951,3379.399902,3343.699951,3376.800049,changed
2025-06-05 17:00:00+00:00,2026-10-04T21:39:49Z,3377.100098,3377.800049,3371.699951,3376.899902,3377.100098,3377.800049,3349.199951,3376.899902,changed
2025-06-05 19:00:00+00:00,2026-10-04T21:39:49Z,3376.600098,3383.399902,3376.000000,3380.500000,3376.600098,3384.699951,3354.800049,3380.500000,changed
2025-06-05 20:00:00+00:00,2026-10-04T21:39:49Z,3380.399902,3381.500000,3375.800049,3376.100098,3380.399902,3381.500000,3352.199951,3376.100098,changed
2025-06-06 06:00:00+00:00,2026-10-04T21:39:49Z,3389.399902,3390.600098,3379.399902,3384.000000,3389.399902,3390.300049,3362.000000,3384.000000,changed
2025-06-06 07:00:00+00:00,2026-10-04T21:39:49Z,3384.000000,3385.300049,3375.300049,3382.699951,3384.000000,3385.300049,3359.000000,3382.699951,changed
2025-06-06 10:00:00+00:00,2026-10-04T21:39:49Z,3380.000000,3384.000000,3379.199951,3383.600098,3380.000000,3384.000000,3357.500000,3383.600098,changed
2025-06-06 12:00:00+00:00,2026-10-04T21:39:49Z,3381.500000,3387.300049,3365.600098,3376.199951,3381.500000,3385.199951,3345.100098,3376.199951,changed
2025-06-06 13:00:00+00:00,2026-10-04T21:39:49Z,3375.699951,3384.300049,3364.800049,3365.600098,3375.699951,3384.300049,3346.800049,3367.899902,changed
2025-06-06 14:00:00+00:00,2026-10-04T21:39:49Z,3365.399902,3367.800049,3338.500000,3348.800049,3367.000000,3367.800049,3315.699951,3348.800049,changed
2025-06-06 15:00:00+00:00,2026-10-04T21:39:49Z,3348.699951,3359.199951,3345.699951,3354.600098,3348.699951,3359.199951,3330.899902,3354.600098,changed
2025-06-06 16:00:00+00:00,2026-10-04T21:39:49Z,3354.500000,3355.199951,3342.899902,3344.899902,3354.500000,3355.199951,3323.000000,3344.899902,changed
2025-06-06 19:00:00+00:00,2026-10-04T21:39:49Z,3340.000000,3341.199951,3333.100098,3334.399902,3340.000000,3341.199951,3309.500000,3334.399902,changed
2025-06-06 20:00:00+00:00,2026-10-04T21:39:49Z,3334.300049,3334.800049,3328.800049,3331.000000,3334.300049,3334.800049,3306.000000,3331.000000,changed
2025-06-08 22:00:00+00:00,2026-10-04T21:39:49Z,3333.399902,3341.000000,3329.000000,3334.600098,3333.399902,3341.000000,3307.899902,3334.600098,changed
2025-06-09 00:00:00+00:00,2026-10-04T21:39:49Z,3338.500000,3339.000000,3317.500000,3325.300049,3338.500000,3339.000000,3301.000000,3325.300049,changed
2025-06-09 01:00:00+00:00,2026-10-04T21:39:49Z,3325.500000,3329.300049,3314.500000,3315.500000,3325.500000,3329.100098,3302.300049,3315.500000,changed
2025-06-09 02:00:00+00:00,2026-10-04T21:39:49Z,3315.899902,3327.500000,3313.100098,3325.300049,3315.899902,3327.500000,3290.000000,3325.300049,changed
2025-06-09 03:00:00+00:00,2026-10-04T21:39:49Z,3325.300049,3331.899902,3323.699951,3330.300049,3325.300049,3331.899902,3323.800049,3330.300049,changed
2025-06-09 04:00:00+00:00,2026-10-04T21:39:49Z,3330.699951,3333.399902,3329.000000,3331.800049,3330.699951,3333.399902,3308.899902,3331.800049,changed
2025-06-09 05:00:00+00:00,2026-10-04T21:39:49Z,3331.899902,3336.899902,3329.500000,3335.100098,3331.899902,3336.899902,3307.399902,3335.100098,changed
2025-06-09 06:00:00+00:00,2026-10-04T21:39:49Z,3335.000000,3345.800049,3332.699951,3345.199951,3335.000000,3345.800049,3333.000000,3345.199951,changed
2025-06-09 07:00:00+00:00,2026-10-04T21:39:49Z,3344.899902,3349.800049,3341.600098,3345.199951,3344.899902,3349.800049,3324.199951,3345.199951,changed
2025-06-09 08:00:00+00:00,2026-10-04T21:39:49Z,3345.300049,3346.699951,3340.500000,3340.500000,3345.300049,3346.699951,3322.699951,3340.500000,changed
2025-06-09 10:00:00+00:00,2026-10-04T21:39:49Z,3339.500000,3340.699951,3333.000000,3335.699951,3339.500000,3340.699951,3309.800049,3335.699951,changed
2025-06-09 12:00:00+00:00,2026-10-04T21:39:49Z,3338.600098,3343.399902,3333.699951,3341.399902,3338.600098,3343.399902,3318.800049,3341.399902,changed
2025-06-09 13:00:00+00:00,2026-10-04T21:39:49Z,3341.199951,3342.500000,3331.500000,3340.100098,3341.199951,3342.500000,3313.699951,3340.100098,changed
2025-06-09 14:00:00+00:00,2026-10-04T21:39:49Z,3339.899902,3347.899902,3336.899902,3341.699951,3339.899902,3347.899902,3317.500000,3341.699951,changed
2025-06-09 15:00:00+00:00,2026-10-04T21:39:49Z,3341.800049,3353.500000,3341.100098,3349.800049,3341.800049,3353.500000,3320.699951,3349.800049,changed
2025-06-09 18:00:00+00:00,2026-10-04T21:39:49Z,3354.000000,3357.699951,3353.399902,3354.000000,3354.000000,3357.699951,3330.600098,3354.000000,changed
2025-06-09 19:00:00+00:00,2026-10-04T21:39:49Z,3353.899902,3356.300049,3346.899902,3348.199951,3353.899902,3356.300049,3324.399902,3348.199951,changed
2025-06-09 22:00:00+00:00,2026-10-04T21:39:49Z,3346.300049,3354.899902,3341.600098,3344.100098,3346.300049,3348.300049,3341.600098,3343.699951,changed
2025-06-09 23:00:00+00:00,2026-10-04T21:39:49Z,3344.699951,3354.899902,3344.100098,3346.600098,3344.000000,3348.000000,3343.800049,3346.600098,changed
2025-06-10 01:00:00+00:00,2026-10-04T21:39:49Z,3336.199951,3339.699951,3322.600098,3326.199951,3336.199951,3339.699951,3302.000000,3326.199951,changed
2025-06-10 02:00:00+00:00,2026-10-04T21:39:49Z,3325.800049,3330.000000,3321.300049,3329.100098,3325.800049,3330.000000,3302.000000,3329.100098,changed
2025-06-10 05:00:00+00:00,2026-10-04T21:39:49Z,3326.800049,3339.399902,3326.100098,3337.899902,3326.800049,3339.399902,3307.100098,3337.899902,changed
2025-06-10 07:00:00+00:00,2026-10-04T21:39:49Z,3345.100098,3352.899902,3344.300049,3349.899902,3345.100098,3352.899902,3326.100098,3349.899902,changed
2025-06-10 08:00:00+00:00,2026-10-04T21:39:49Z,3350.600098,3355.800049,3346.399902,3350.000000,3350.600098,3355.800049,3329.699951,3350.000000,changed
2025-06-10 09:00:00+00:00,2026-10-04T21:39:49Z,3349.899902,3352.399902,3347.899902,3350.500000,3349.899902,3352.399902,3325.899902,3350.500000,changed
2025-06-10 11:00:00+00:00,2026-10-04T21:39:49Z,3356.199951,3363.600098,3352.899902,3354.399902,3356.199951,3363.600098,3337.000000,3354.399902,changed
2025-06-10 12:00:00+00:00,2026-10-04T21:39:49Z,3354.600098,3361.300049,3350.300049,3358.100098,3354.600098,3361.500000,3337.100098,3358.100098,changed
2025-06-10 13:00:00+00:00,2026-10-04T21:39:49Z,3358.199951,3370.399902,3356.500000,3364.600098,3358.199951,3370.399902,3344.300049,3364.600098,changed
2025-06-10 14:00:00+00:00,2026-10-04T21:39:49Z,3364.600098,3364.899902,3347.300049,3349.399902,3364.600098,3364.899902,3337.899902,3349.600098,changed
2025-06-10 15:00:00+00:00,2026-10-04T21:39:49Z,3346.699951,3350.399902,3344.100098,3347.699951,3346.800049,3350.399902,3324.000000,3347.699951,changed
2025-06-10 16:00:00+00:00,2026-10-04T21:39:49Z,3347.500000,3348.800049,3340.800049,3342.100098,3347.500000,3348.800049,3340.800049,3342.300049,changed
2025-06-10 17:00:00+00:00,2026-10-04T21:39:49Z,3342.500000,3346.399902,3341.100098,3345.800049,3342.300049,3347.000000,3341.100098,3345.800049,changed
2025-06-10 18:00:00+00:00,2026-10-04T21:39:49Z,3345.899902,3346.300049,3340.100098,3342.500000,3345.899902,3346.300049,3319.100098,3342.500000,changed
2025-06-10 19:00:00+00:00,2026-10-04T21:39:49Z,3342.600098,3355.600098,3342.199951,3349.899902,3342.600098,3355.600098,3331.000000,3349.899902,changed
2025-06-11 00:00:00+00:00,2026-10-04T21:39:49Z,3348.600098,3356.399902,3345.100098,3353.199951,3348.600098,3356.399902,3328.000000,3353.199951,changed
2025-06-11 01:00:00+00:00,2026-10-04T21:39:49Z,3353.300049,3358.600098,3348.600098,3349.500000,3353.300049,3358.600098,3335.399902,3349.500000,changed
2025-06-11 03:00:00+00:00,2026-10-04T21:39:49Z,3359.399902,3363.199951,3357.199951,3361.000000,3359.399902,3363.199951,3335.800049,3361.000000,changed
2025-06-11 04:00:00+00:00,2026-10-04T21:39:49Z,3360.699951,3364.399902,3358.399902,3363.100098,3360.699951,3364.399902,3358.399902,3363.399902,changed
2025-06-11 05:00:00+00:00,2026-10-04T21:39:49Z,3363.199951,3364.800049,3356.199951,3360.500000,3358.899902,3360.699951,3356.199951,3360.500000,changed
2025-06-11 09:00:00+00:00,2026-10-04T21:39:49Z,3365.500000,3365.699951,3352.699951,3354.699951,3365.500000,3365.699951,3335.100098,3354.699951,changed
2025-06-11 11:00:00+00:00,2026-10-04T21:39:49Z,3350.399902,3355.800049,3345.699951,3353.800049,3350.399902,3355.800049,3328.399902,3353.800049,changed
2025-06-11 12:00:00+00:00,2026-10-04T21:39:49Z,3353.800049,3382.300049,3347.800049,3357.300049,3353.800049,3382.300049,3335.600098,3357.300049,changed
2025-06-11 13:00:00+00:00,2026-10-04T21:39:49Z,3357.300049,3365.600098,3347.500000,3350.699951,3357.300049,3366.000000,3328.899902,3350.699951,changed
2025-06-11 14:00:00+00:00,2026-10-04T21:39:49Z,3350.500000,3361.399902,3349.199951,3358.800049,3350.500000,3361.399902,3332.899902,3358.800049,changed
2025-06-11 15:00:00+00:00,2026-10-04T21:39:49Z,3358.800049,3363.100098,3350.000000,3353.699951,3358.800049,3363.100098,3330.199951,3353.699951,changed
2025-06-11 17:00:00+00:00,2026-10-04T21:39:49Z,3351.000000,3352.100098,3339.399902,3344.500000,3351.000000,3352.100098,3323.300049,3344.500000,changed
2025-06-11 18:00:00+00:00,2026-10-04T21:39:49Z,3344.699951,3368.399902,3344.000000,3364.300049,3344.699951,3368.399902,3342.300049,3364.300049,changed
2025-06-11 19:00:00+00:00,2026-10-04T21:39:49Z,3364.500000,3370.199951,3362.699951,3367.899902,3364.500000,3370.199951,3341.600098,3367.899902,changed
2025-06-11 20:00:00+00:00,2026-10-04T21:39:49Z,3368.000000,3376.600098,3367.800049,3376.000000,3368.000000,3376.600098,3351.100098,3376.000000,changed
2025-06-11 22:00:00+00:00,2026-10-04T21:39:49Z,3377.500000,3390.300049,3376.300049,3389.399902,3377.500000,3390.300049,3363.000000,3389.399902,changed
2025-06-12 00:00:00+00:00,2026-10-04T21:39:49Z,3386.000000,3391.899902,3382.500000,3386.399902,3386.000000,3391.899902,3366.000000,3386.399902,changed
2025-06-12 01:00:00+00:00,2026-10-04T21:39:49Z,3386.399902,3397.100098,3382.699951,3391.600098,3386.399902,3397.100098,3366.600098,3391.600098,changed
2025-06-12 02:00:00+00:00,2026-10-04T21:39:49Z,3391.300049,3398.399902,3389.300049,3394.899902,3391.300049,3398.399902,3368.000000,3394.899902,changed
2025-06-12 03:00:00+00:00,2026-10-04T21:39:49Z,3394.899902,3396.899902,3391.500000,3393.899902,3394.899902,3396.899902,3371.500000,3393.899902,changed
2025-06-12 08:00:00+00:00,2026-10-04T21:39:49Z,3366.800049,3380.800049,3366.699951,3376.300049,3366.800049,3380.800049,3353.399902,3376.300049,changed
2025-06-12 09:00:00+00:00,2026-10-04T21:39:49Z,3376.199951,3388.199951,3375.000000,3385.500000,3376.199951,3388.199951,3359.399902,3385.500000,changed
2025-06-12 12:00:00+00:00,2026-10-04T21:39:49Z,3399.500000,3411.399902,3396.699951,3409.199951,3399.500000,3411.399902,3378.899902,3409.199951,changed
2025-06-12 13:00:00+00:00,2026-10-04T21:39:49Z,3409.000000,3419.800049,3399.899902,3412.800049,3409.000000,3419.800049,3386.500000,3412.800049,changed
2025-06-12 15:00:00+00:00,2026-10-04T21:39:49Z,3404.399902,3411.500000,3398.100098,3406.500000,3404.399902,3411.500000,3389.500000,3406.500000,changed
2025-06-12 16:00:00+00:00,2026-10-04T21:39:49Z,3406.600098,3412.399902,3401.699951,3404.399902,3406.600098,3412.399902,3385.600098,3404.399902,changed
2025-06-12 19:00:00+00:00,2026-10-04T21:39:49Z,3406.199951,3409.699951,3405.000000,3408.500000,3406.199951,3409.699951,3387.000000,3408.500000,changed
2025-06-12 20:00:00+00:00,2026-10-04T21:39:49Z,3408.399902,3409.399902,3405.500000,3406.399902,3408.399902,3409.399902,3385.300049,3406.399902,changed
2025-06-13 00:00:00+00:00,2026-10-04T21:39:49Z,3416.199951,3442.000000,3412.399902,3436.399902,3416.199951,3442.000000,3407.300049,3436.399902,changed
2025-06-13 01:00:00+00:00,2026-10-04T21:39:49Z,3436.199951,3455.300049,3435.100098,3449.000000,3436.199951,3455.300049,3432.899902,3449.000000,changed
2025-06-13 02:00:00+00:00,2026-10-04T21:39:49Z,3448.699951,3466.800049,3446.300049,3463.800049,3448.699951,3466.800049,3431.199951,3463.800049,changed
2025-06-13 05:00:00+00:00,2026-10-04T21:39:49Z,3447.199951,3450.800049,3439.000000,3447.199951,3447.199951,3450.800049,3421.600098,3447.199951,changed
2025-06-13 06:00:00+00:00,2026-10-04T21:39:49Z,3447.199951,3450.500000,3429.199951,3436.899902,3447.199951,3450.500000,3426.000000,3436.899902,changed
2025-06-13 07:00:00+00:00,2026-10-04T21:39:49Z,3437.000000,3439.699951,3428.300049,3435.500000,3437.000000,3439.699951,3415.000000,3435.500000,changed
2025-06-13 12:00:00+00:00,2026-10-04T21:39:49Z,3442.300049,3458.899902,3441.699951,3457.100098,3442.300049,3458.899902,3424.100098,3457.100098,changed
2025-06-13 13:00:00+00:00,2026-10-04T21:39:49Z,3457.000000,3468.000000,3454.300049,3457.600098,3457.000000,3468.000000,3440.300049,3457.600098,changed
2025-06-13 14:00:00+00:00,2026-10-04T21:39:49Z,3457.899902,3460.500000,3444.100098,3448.399902,3457.300049,3460.500000,3426.100098,3448.399902,changed
2025-06-13 15:00:00+00:00,2026-10-04T21:39:49Z,3448.399902,3450.899902,3440.199951,3446.300049,3448.399902,3450.899902,3425.199951,3446.300049,changed
2025-06-13 20:00:00+00:00,2026-10-04T21:39:49Z,3453.000000,3455.100098,3448.899902,3452.600098,3452.300049,3455.100098,3448.899902,3452.600098,changed
2025-06-16 17:00:00+00:00,2026-10-04T21:39:49Z,3418.800049,3419.399902,3410.300049,3412.199951,3418.500000,3419.399902,3410.300049,3412.199951,changed
2025-06-17 19:00:00+00:00,2026-10-04T21:39:49Z,3401.600098,3405.000000,3401.100098,3404.399902,3401.600098,3405.000000,3400.699951,3404.399902,changed
2025-06-17 22:00:00+00:00,2026-10-04T21:39:49Z,3409.000000,3414.600098,3406.899902,3407.699951,3409.000000,3414.600098,3407.000000,3407.300049,changed
2025-06-17 23:00:00+00:00,2026-10-04T21:39:49Z,3408.000000,3409.000000,3403.300049,3405.500000,3407.500000,3409.000000,3404.000000,3405.600098,changed
2025-06-18 00:00:00+00:00,2026-10-04T21:39:49Z,3405.399902,3407.199951,3401.199951,3404.000000,3405.000000,3407.199951,3401.199951,3404.000000,changed
2025-06-18 14:00:00+00:00,2026-10-04T21:39:49Z,3409.300049,3409.699951,3391.699951,3405.699951,3411.100098,3411.500000,3391.699951,3405.699951,changed
2025-06-18 15:00:00+00:00,2026-10-04T21:39:49Z,3407.199951,3411.399902,3399.500000,3411.000000,3405.399902,3411.399902,3399.500000,3411.000000,changed
2025-06-18 17:00:00+00:00,2026-10-04T21:39:49Z,3409.600098,3409.899902,3403.699951,3404.500000,3409.600098,3409.899902,3402.399902,3403.500000,changed
2025-06-18 18:00:00+00:00,2026-10-04T21:39:49Z,3411.699951,3414.199951,3396.000000,3397.100098,3403.500000,3414.199951,3396.000000,3397.100098,changed
2025-06-18 19:00:00+00:00,2026-10-04T21:39:49Z,3396.899902,3397.500000,3380.500000,3385.300049,3396.899902,3397.500000,3380.500000,3384.600098,changed
2025-06-18 20:00:00+00:00,2026-10-04T21:39:49Z,3384.199951,3387.600098,3380.100098,3387.300049,3384.399902,3387.600098,3380.100098,3386.399902,changed
2025-06-18 22:00:00+00:00,2026-10-04T21:39:49Z,3387.000000,3396.699951,3386.699951,3392.000000,3387.100098,3396.699951,3386.300049,3392.000000,changed
2025-06-19 09:00:00+00:00,2026-10-04T21:39:49Z,3385.800049,3391.000000,3379.800049,3387.300049,3385.800049,3391.000000,3380.899902,3387.300049,changed
2025-06-20 15:00:00+00:00,2026-10-04T21:39:49Z,3385.600098,3388.100098,3382.100098,3385.600098,3385.600098,3388.100098,3382.100098,3385.699951,changed
2025-06-20 17:00:00+00:00,2026-10-04T21:39:49Z,3387.600098,3387.899902,3382.899902,3383.199951,3387.600098,3387.899902,3382.300049,3383.199951,changed
2025-06-23 07:00:00+00:00,2026-10-04T21:39:49Z,3372.300049,3373.899902,3366.399902,3372.800049,3372.300049,3374.000000,3366.399902,3372.800049,changed
2025-06-23 11:00:00+00:00,2026-10-04T21:39:49Z,3383.699951,3397.899902,3383.699951,3395.699951,3383.699951,3397.899902,3383.699951,3396.100098,changed
2025-06-23 12:00:00+00:00,2026-10-04T21:39:49Z,3395.500000,3395.800049,3371.100098,3375.600098,3396.300049,3396.600098,3371.100098,3375.600098,changed
2025-06-23 13:00:00+00:00,2026-10-04T21:39:49Z,3378.500000,3403.600098,3377.500000,3396.500000,3375.500000,3403.600098,3374.899902,3396.500000,changed
2025-06-23 14:00:00+00:00,2026-10-04T21:39:49Z,3396.300049,3402.500000,3384.899902,3402.300049,3396.300049,3402.600098,3384.899902,3402.300049,changed
2025-06-23 15:00:00+00:00,2026-10-04T21:39:49Z,3403.800049,3405.899902,3400.600098,3403.300049,3402.600098,3405.899902,3400.500000,3403.300049,changed
2025-06-24 15:00:00+00:00,2026-10-04T21:39:49Z,3314.600098,3330.899902,3313.699951,3326.899902,3317.399902,3330.899902,3313.699951,3326.899902,changed
2025-06-25 15:00:00+00:00,2026-10-04T21:39:49Z,3336.699951,3340.899902,3335.800049,3339.199951,3336.699951,3340.899902,3335.199951,3339.199951,changed
2025-06-26 08:00:00+00:00,2026-10-04T21:39:49Z,3359.399902,3363.899902,3357.800049,3361.800049,3359.399902,3363.899902,3357.800049,3361.600098,changed
2025-06-26 09:00:00+00:00,2026-10-04T21:39:49Z,3361.800049,3362.300049,3351.899902,3353.800049,3361.600098,3362.300049,3352.399902,3353.899902,changed
2025-06-26 10:00:00+00:00,2026-10-04T21:39:49Z,3354.199951,3356.000000,3351.300049,3355.899902,3353.899902,3356.899902,3351.300049,3356.500000,changed
2025-06-26 11:00:00+00:00,2026-10-04T21:39:49Z,3356.600098,3357.199951,3344.899902,3346.399902,3356.600098,3357.500000,3344.899902,3346.399902,changed
2025-06-26 12:00:00+00:00,2026-10-04T21:39:49Z,3346.500000,3357.800049,3337.500000,3338.300049,3346.500000,3357.800049,3334.699951,3335.000000,changed
2025-06-26 13:00:00+00:00,2026-10-04T21:39:49Z,3334.199951,3341.800049,3322.500000,3337.899902,3335.199951,3341.800049,3322.500000,3332.800049,changed
2025-06-26 14:00:00+00:00,2026-10-04T21:39:49Z,3331.800049,3337.000000,3324.399902,3330.199951,3332.600098,3337.000000,3324.399902,3331.500000,changed
2025-06-27 18:00:00+00:00,2026-10-04T21:39:49Z,3289.800049,3290.699951,3282.399902,3288.000000,3289.800049,3290.699951,3282.199951,3288.000000,changed
2025-06-30 14:00:00+00:00,2026-10-04T21:39:49Z,3299.100098,3301.500000,3290.899902,3299.399902,3296.600098,3301.500000,3290.899902,3299.399902,changed
2025-06-01 22:00:00+00:00,2026-10-04T21:58:00Z,3323.000000,3338.699951,3296.899902,3336.399902,3323.000000,3338.699951,3319.399902,3336.399902,changed
2025-06-01 23:00:00+00:00,2026-10-04T21:58:00Z,3336.399902,3339.899902,3308.500000,3333.300049,3336.399902,3339.899902,3332.699951,3333.300049,changed
2025-06-02 00:00:00+00:00,2026-10-04T21:58:00Z,3333.199951,3338.699951,3305.300049,3334.500000,3333.199951,3338.699951,3326.199951,3334.500000,changed
2025-06-02 01:00:00+00:00,2026-10-04T21:58:00Z,3334.699951,3337.100098,3301.600098,3326.600098,3334.699951,3337.100098,3324.300049,3326.600098,changed
2025-06-02 02:00:00+00:00,2026-10-04T21:58:00Z,3326.600098,3335.399902,3306.600098,3330.500000,3326.600098,3335.399902,3326.399902,3330.500000,changed
2025-06-02 04:00:00+00:00,2026-10-04T21:58:00Z,3332.600098,3341.899902,3312.199951,3337.699951,3332.600098,3341.899902,3332.600098,3337.699951,changed
2025-06-02 05:00:00+00:00,2026-10-04T21:58:00Z,3337.600098,3350.000000,3313.699951,3347.800049,3337.600098,3350.000000,3337.600098,3347.800049,changed
2025-06-02 06:00:00+00:00,2026-10-04T21:58:00Z,3347.899902,3369.899902,3323.899902,3368.899902,3347.899902,3369.899902,3347.600098,3368.899902,changed
2025-06-02 07:00:00+00:00,2026-10-04T21:58:00Z,3369.000000,3384.000000,3345.300049,3377.199951,3369.000000,3384.000000,3367.699951,3377.199951,changed
2025-06-02 08:00:00+00:00,2026-10-04T21:58:00Z,3377.199951,3381.199951,3351.600098,3376.500000,3377.199951,3381.199951,3374.699951,3376.500000,changed
2025-06-02 09:00:00+00:00,2026-10-04T21:58:00Z,3376.600098,3376.899902,3345.699951,3372.699951,3376.600098,3376.899902,3369.000000,3372.699951,changed
2025-06-02 10:00:00+00:00,2026-10-04T21:58:00Z,3372.899902,3376.300049,3345.500000,3373.300049,3372.899902,3376.300049,3368.800049,3373.300049,changed
2025-06-02 11:00:00+00:00,2026-10-04T21:58:00Z,3373.300049,3385.600098,3351.500000,3381.199951,3373.300049,3385.600098,3370.399902,3381.199951,changed
2025-06-02 12:00:00+00:00,2026-10-04T21:58:00Z,3380.899902,3388.899902,3355.000000,3380.100098,3380.899902,3388.899902,3378.699951,3380.100098,changed
2025-06-02 13:00:00+00:00,2026-10-04T21:58:00Z,3380.100098,3401.300049,3349.600098,3395.800049,3380.100098,3401.300049,3374.500000,3395.800049,changed
2025-06-02 14:00:00+00:00,2026-10-04T21:58:00Z,3371.600098,3404.199951,3369.600098,3400.600098,3396.100098,3404.199951,3391.800049,3400.600098,changed
2025-06-02 15:00:00+00:00,2026-10-04T21:58:00Z,3400.500000,3403.500000,3366.899902,3399.100098,3400.500000,3403.500000,3393.000000,3399.100098,changed
2025-06-02 16:00:00+00:00,2026-10-04T21:58:00Z,3399.300049,3404.699951,3369.899902,3396.899902,3399.300049,3404.699951,3394.300049,3396.899902,changed
2025-06-02 17:00:00+00:00,2026-10-04T21:58:00Z,3396.899902,3400.899902,3369.899902,3399.199951,3396.899902,3400.899902,3396.199951,3399.199951,changed
2025-06-02 18:00:00+00:00,2026-10-04T21:58:00Z,3399.399902,3405.399902,3371.500000,3404.399902,3399.399902,3405.399902,3395.800049,3404.399902,changed
2025-06-02 19:00:00+00:00,2026-10-04T21:58:00Z,3404.300049,3407.300049,3377.199951,3406.300049,3404.300049,3407.300049,3403.000000,3406.300049,changed
2025-06-02 20:00:00+00:00,2026-10-04T21:58:00Z,3406.300049,3408.100098,3379.100098,3406.399902,3406.300049,3408.100098,3403.300049,3406.399902,changed
2025-06-02 22:00:00+00:00,2026-10-04T21:58:00Z,3406.500000,3416.600098,3385.100098,3414.800049,3406.500000,3416.600098,3406.500000,3414.800049,changed
2025-06-02 23:00:00+00:00,2026-10-04T21:58:00Z,3414.800049,3417.800049,3385.000000,3412.800049,3414.800049,3417.800049,3408.300049,3412.800049,changed
2025-06-03 01:00:00+00:00,2026-10-04T21:58:00Z,3401.199951,3401.300049,3364.100098,3397.300049,3401.199951,3401.300049,3387.800049,3397.300049,changed
2025-06-03 02:00:00+00:00,2026-10-04T21:58:00Z,3397.300049,3403.000000,3369.800049,3393.600098,3397.300049,3403.000000,3389.000000,3393.600098,changed
2025-06-03 03:00:00+00:00,2026-10-04T21:58:00Z,3393.199951,3394.100098,3361.500000,3387.100098,3393.199951,3394.100098,3384.199951,3387.100098,changed
2025-06-03 04:00:00+00:00,2026-10-04T21:58:00Z,3385.699951,3389.800049,3359.899902,3386.899902,3385.699951,3389.800049,3383.399902,3386.899902,changed
2025-06-03 05:00:00+00:00,2026-10-04T21:58:00Z,3387.100098,3392.800049,3364.100098,3389.800049,3387.100098,3392.800049,3381.100098,3389.800049,changed
2025-06-03 06:00:00+00:00,2026-10-04T21:58:00Z,3389.899902,3392.100098,3350.000000,3383.199951,3389.899902,3392.100098,3375.600098,3383.199951,changed
2025-06-03 07:00:00+00:00,2026-10-04T21:58:00Z,3382.699951,3385.500000,3355.600098,3384.600098,3382.699951,3385.500000,3376.699951,3384.600098,changed
2025-06-03 08:00:00+00:00,2026-10-04T21:58:00Z,3384.699951,3389.800049,3358.100098,3385.500000,3384.699951,3389.800049,3384.300049,3385.500000,changed
2025-06-03 09:00:00+00:00,2026-10-04T21:58:00Z,3385.500000,3387.000000,3355.300049,3381.199951,3385.500000,3387.000000,3379.899902,3381.199951,changed
2025-06-03 10:00:00+00:00,2026-10-04T21:58:00Z,3381.500000,3383.100098,3354.300049,3379.899902,3381.500000,3383.100098,3379.100098,3379.899902,changed
2025-06-03 11:00:00+00:00,2026-10-04T21:58:00Z,3380.100098,3384.800049,3352.699951,3383.300049,3380.100098,3384.800049,3377.699951,3383.300049,changed
2025-06-03 12:00:00+00:00,2026-10-04T21:58:00Z,3383.500000,3387.199951,3348.500000,3383.600098,3383.500000,3387.199951,3371.000000,3383.600098,changed
2025-06-03 13:00:00+00:00,2026-10-04T21:58:00Z,3383.699951,3387.000000,3339.199951,3370.399902,3383.699951,3387.000000,3364.500000,3370.399902,changed
2025-06-03 14:00:00+00:00,2026-10-04T21:58:00Z,3369.800049,3374.600098,3331.300049,3370.500000,3369.800049,3374.600098,3357.199951,3370.500000,changed
2025-06-03 15:00:00+00:00,2026-10-04T21:58:00Z,3370.399902,3375.500000,3342.800049,3374.000000,3370.399902,3375.500000,3368.000000,3374.000000,changed
2025-06-03 16:00:00+00:00,2026-10-04T21:58:00Z,3374.000000,3377.399902,3342.199951,3372.300049,3374.000000,3377.399902,3367.899902,3372.300049,changed
2025-06-03 17:00:00+00:00,2026-10-04T21:58:00Z,3372.300049,3378.699951,3346.300049,3377.600098,3372.300049,3378.699951,3371.000000,3377.600098,changed
2025-06-03 18:00:00+00:00,2026-10-04T21:58:00Z,3377.600098,3378.199951,3350.600098,3377.600098,3377.600098,3378.199951,3374.600098,3377.600098,changed
2025-06-03 20:00:00+00:00,2026-10-04T21:58:00Z,3376.399902,3379.300049,3350.000000,3376.899902,3376.399902,3379.300049,3376.199951,3376.899902,changed
2025-06-04 00:00:00+00:00,2026-10-04T21:58:00Z,3384.399902,3384.699951,3351.600098,3373.600098,3384.399902,3384.699951,3373.100098,3373.600098,changed
2025-06-04 01:00:00+00:00,2026-10-04T21:58:00Z,3373.600098,3396.699951,3367.100098,3395.199951,3373.600098,3396.699951,3369.699951,3395.199951,changed
2025-06-04 04:00:00+00:00,2026-10-04T21:58:00Z,3383.500000,3385.699951,3351.600098,3378.399902,3383.500000,3385.699951,3375.899902,3378.399902,changed
2025-06-04 05:00:00+00:00,2026-10-04T21:58:00Z,3378.399902,3380.300049,3352.500000,3374.699951,3378.399902,3380.300049,3372.000000,3374.699951,changed
2025-06-04 08:00:00+00:00,2026-10-04T21:58:00Z,3378.000000,3387.399902,3352.100098,3386.500000,3378.000000,3388.000000,3375.100098,3386.500000,changed
2025-06-04 09:00:00+00:00,2026-10-04T21:58:00Z,3386.500000,3389.000000,3360.699951,3387.100098,3386.500000,3389.000000,3383.300049,3387.100098,changed
2025-06-04 11:00:00+00:00,2026-10-04T21:58:00Z,3374.600098,3376.199951,3344.000000,3370.500000,3374.600098,3376.199951,3366.899902,3370.500000,changed
2025-06-04 12:00:00+00:00,2026-10-04T21:58:00Z,3370.500000,3385.399902,3351.800049,3383.000000,3370.500000,3385.399902,3368.199951,3383.000000,changed
2025-06-04 13:00:00+00:00,2026-10-04T21:58:00Z,3383.199951,3387.199951,3350.800049,3376.800049,3383.199951,3387.199951,3375.199951,3376.800049,changed
2025-06-04 14:00:00+00:00,2026-10-04T21:58:00Z,3376.899902,3409.699951,3361.899902,3401.500000,3376.899902,3409.699951,3375.100098,3401.500000,changed
2025-06-04 16:00:00+00:00,2026-10-04T21:58:00Z,3396.500000,3400.500000,3371.500000,3399.399902,3396.500000,3400.500000,3395.399902,3399.399902,changed
2025-06-04 19:00:00+00:00,2026-10-04T21:58:00Z,3400.800049,3400.899902,3396.000000,3397.300049,3400.800049,3400.899902,3396.300049,3397.300049,changed
2025-06-04 22:00:00+00:00,2026-10-04T21:58:00Z,3398.000000,3399.500000,3371.500000,3397.199951,3398.000000,3399.500000,3395.800049,3397.199951,changed
2025-06-05 06:00:00+00:00,2026-10-04T21:58:00Z,3387.500000,3393.600098,3366.199951,3389.500000,3387.500000,3393.600098,3386.800049,3389.300049,changed
2025-06-05 07:00:00+00:00,2026-10-04T21:58:00Z,3389.399902,3398.000000,3370.300049,3394.800049,3390.100098,3398.000000,3389.100098,3394.800049,changed
2025-06-05 09:00:00+00:00,2026-10-04T21:58:00Z,3398.699951,3415.300049,3375.100098,3413.500000,3398.699951,3415.300049,3397.500000,3413.500000,changed
2025-06-05 10:00:00+00:00,2026-10-04T21:58:00Z,3413.300049,3424.699951,3393.300049,3424.100098,3413.300049,3424.699951,3411.800049,3424.100098,changed
2025-06-05 11:00:00+00:00,2026-10-04T21:58:00Z,3424.000000,3427.699951,3415.899902,3416.600098,3424.000000,3427.699951,3416.300049,3416.600098,changed
2025-06-05 12:00:00+00:00,2026-10-04T21:58:00Z,3416.800049,3425.000000,3382.300049,3407.199951,3416.800049,3425.000000,3400.500000,3405.100098,changed
2025-06-05 13:00:00+00:00,2026-10-04T21:58:00Z,3407.300049,3412.600098,3381.500000,3401.899902,3405.699951,3412.600098,3394.800049,3401.899902,changed
2025-06-05 14:00:00+00:00,2026-10-04T21:58:00Z,3401.899902,3407.300049,3366.600098,3391.000000,3401.899902,3407.300049,3387.100098,3391.000000,changed
2025-06-05 15:00:00+00:00,2026-10-04T21:58:00Z,3390.899902,3396.399902,3344.000000,3368.100098,3390.899902,3396.399902,3362.300049,3368.100098,changed
2025-06-05 16:00:00+00:00,2026-10-04T21:58:00Z,3367.699951,3379.399902,3343.699951,3376.800049,3367.699951,3379.399902,3362.800049,3376.800049,changed
2025-06-05 17:00:00+00:00,2026-10-04T21:58:00Z,3377.100098,3377.800049,3349.199951,3376.899902,3377.100098,3377.800049,3371.699951,3376.899902,changed
2025-06-05 19:00:00+00:00,2026-10-04T21:58:00Z,3376.600098,3384.699951,3354.800049,3380.500000,3376.600098,3383.399902,3376.000000,3380.500000,changed
2025-06-05 20:00:00+00:00,2026-10-04T21:58:00Z,3380.399902,3381.500000,3352.199951,3376.100098,3380.399902,3381.500000,3375.800049,3376.100098,changed
2025-06-06 06:00:00+00:00,2026-10-04T21:58:00Z,3389.399902,3390.300049,3362.000000,3384.000000,3389.399902,3390.600098,3379.399902,3384.000000,changed
2025-06-06 07:00:00+00:00,2026-10-04T21:58:00Z,3384.000000,3385.300049,3359.000000,3382.699951,3384.000000,3385.300049,3375.300049,3382.699951,changed
2025-06-06 10:00:00+00:00,2026-10-04T21:58:00Z,3380.000000,3384.000000,3357.500000,3383.600098,3380.000000,3384.000000,3379.199951,3383.600098,changed
2025-06-06 12:00:00+00:00,2026-10-04T21:58:00Z,3381.500000,3385.199951,3345.100098,3376.199951,3381.500000,3387.300049,3365.600098,3376.199951,changed
2025-06-06 13:00:00+00:00,2026-10-04T21:58:00Z,3375.699951,3384.300049,3346.800049,3367.899902,3375.699951,3384.300049,3364.800049,3365.600098,changed
2025-06-06 14:00:00+00:00,2026-10-04T21:58:00Z,3367.000000,3367.800049,3315.699951,3348.800049,3365.399902,3367.800049,3338.500000,3348.800049,changed
2025-06-06 15:00:00+00:00,2026-10-04T21:58:00Z,3348.699951,3359.199951,3330.899902,3354.600098,3348.699951,3359.199951,3345.699951,3354.600098,changed
2025-06-06 16:00:00+00:00,2026-10-04T21:58:00Z,3354.500000,3355.199951,3323.000000,3344.899902,3354.500000,3355.199951,3342.899902,3344.899902,changed
2025-06-06 19:00:00+00:00,2026-10-04T21:58:00Z,3340.000000,3341.199951,3309.500000,3334.399902,3340.000000,3341.199951,3333.100098,3334.399902,changed
2025-06-06 20:00:00+00:00,2026-10-04T21:58:00Z,3334.300049,3334.800049,3306.000000,3331.000000,3334.300049,3334.800049,3328.800049,3331.000000,changed
2025-06-08 22:00:00+00:00,2026-10-04T21:58:00Z,3333.399902,3341.000000,3307.899902,3334.600098,3333.399902,3341.000000,3329.000000,3334.600098,changed
2025-06-09 00:00:00+00:00,2026-10-04T21:58:00Z,3338.500000,3339.000000,3301.000000,3325.300049,3338.500000,3339.000000,3317.500000,3325.300049,changed
2025-06-09 01:00:00+00:00,2026-10-04T21:58:00Z,3325.500000,3329.100098,3302.300049,3315.500000,3325.500000,3329.300049,3314.500000,3315.500000,changed
2025-06-09 02:00:00+00:00,2026-10-04T21:58:00Z,3315.899902,3327.500000,3290.000000,3325.300049,3315.899902,3327.500000,3313.100098,3325.300049,changed
2025-06-09 03:00:00+00:00,2026-10-04T21:58:00Z,3325.300049,3331.899902,3323.800049,3330.300049,3325.300049,3331.899902,3323.699951,3330.300049,changed
2025-06-09 04:00:00+00:00,2026-10-04T21:58:00Z,3330.699951,3333.399902,3308.899902,3331.800049,3330.699951,3333.399902,3329.000000,3331.800049,changed
2025-06-09 05:00:00+00:00,2026-10-04T21:58:00Z,3331.899902,3336.899902,3307.399902,3335.100098,3331.899902,3336.899902,3329.500000,3335.100098,changed
2025-06-09 06:00:00+00:00,2026-10-04T21:58:00Z,3335.000000,3345.800049,3333.000000,3345.199951,3335.000000,3345.800049,3332.699951,3345.199951,changed
2025-06-09 07:00:00+00:00,2026-10-04T21:58:00Z,3344.899902,3349.800049,3324.199951,3345.199951,3344.899902,3349.800049,3341.600098,3345.199951,changed
2025-06-09 08:00:00+00:00,2026-10-04T21:58:00Z,3345.300049,3346.699951,3322.699951,3340.500000,3345.300049,3346.699951,3340.500000,3340.500000,changed
2025-06-09 10:00:00+00:00,2026-10-04T21:58:00Z,3339.500000,3340.699951,3309.800049,3335.699951,3339.500000,3340.699951,3333.000000,3335.699951,changed
2025-06-09 12:00:00+00:00,2026-10-04T21:58:00Z,3338.600098,3343.399902,3318.800049,3341.399902,3338.600098,3343.399902,3333.699951,3341.399902,changed
2025-06-09 13:00:00+00:00,2026-10-04T21:58:00Z,3341.199951,3342.500000,3313.699951,3340.100098,3341.199951,3342.500000,3331.500000,3340.100098,changed
2025-06-09 14:00:00+00:00,2026-10-04T21:58:00Z,3339.899902,3347.899902,3317.500000,3341.699951,3339.899902,3347.899902,3336.899902,3341.699951,changed
2025-06-09 15:00:00+00:00,2026-10-04T21:58:00Z,3341.800049,3353.500000,3320.699951,3349.800049,3341.800049,3353.500000,3341.100098,3349.800049,changed
2025-06-09 18:00:00+00:00,2026-10-04T21:58:00Z,3354.000000,3357.699951,3330.600098,3354.000000,3354.000000,3357.699951,3353.399902,3354.000000,changed
2025-06-09 19:00:00+00:00,2026-10-04T21:58:00Z,3353.899902,3356.300049,3324.399902,3348.199951,3353.899902,3356.300049,3346.899902,3348.199951,changed
2025-06-09 22:00:00+00:00,2026-10-04T21:58:00Z,3346.300049,3348.300049,3341.600098,3343.699951,3346.300049,3354.899902,3341.600098,3344.100098,changed
2025-06-09 23:00:00+00:00,2026-10-04T21:58:00Z,3344.000000,3348.000000,3343.800049,3346.600098,3344.699951,3354.899902,3344.100098,3346.600098,changed
2025-06-10 01:00:00+00:00,2026-10-04T21:58:00Z,3336.199951,3339.699951,3302.000000,3326.199951,3336.199951,3339.699951,3322.600098,3326.199951,changed
2025-06-10 02:00:00+00:00,2026-10-04T21:58:00Z,3325.800049,3330.000000,3302.000000,3329.100098,3325.800049,3330.000000,3321.300049,3329.100098,changed
2025-06-10 05:00:00+00:00,2026-10-04T21:58:00Z,3326.800049,3339.399902,3307.100098,3337.899902,3326.800049,3339.399902,3326.100098,3337.899902,changed
2025-06-10 07:00:00+00:00,2026-10-04T21:58:00Z,3345.100098,3352.899902,3326.100098,3349.899902,3345.100098,3352.899902,3344.300049,3349.899902,changed
2025-06-10 08:00:00+00:00,2026-10-04T21:58:00Z,3350.600098,3355.800049,3329.699951,3350.000000,3350.600098,3355.800049,3346.399902,3350.000000,changed
2025-06-10 09:00:00+00:00,2026-10-04T21:58:00Z,3349.899902,3352.399902,3325.899902,3350.500000,3349.899902,3352.399902,3347.899902,3350.500000,changed
2025-06-10 11:00:00+00:00,2026-10-04T21:58:00Z,3356.199951,3363.600098,3337.000000,3354.399902,3356.199951,3363.600098,3352.899902,3354.399902,changed
2025-06-10 12:00:00+00:00,2026-10-04T21:58:00Z,3354.600098,3361.500000,3337.100098,3358.100098,3354.600098,3361.300049,3350.300049,3358.100098,changed
2025-06-10 13:00:00+00:00,2026-10-04T21:58:00Z,3358.199951,3370.399902,3344.300049,3364.600098,3358.199951,3370.399902,3356.500000,3364.600098,changed
2025-06-10 14:00:00+00:00,2026-10-04T21:58:00Z,3364.600098,3364.899902,3337.899902,3349.600098,3364.600098,3364.899902,3347.300049,3349.399902,changed
2025-06-10 15:00:00+00:00,2026-10-04T21:58:00Z,3346.800049,3350.399902,3324.000000,3347.699951,3346.699951,3350.399902,3344.100098,3347.699951,changed
2025-06-10 16:00:00+00:00,2026-10-04T21:58:00Z,3347.500000,3348.800049,3340.800049,3342.300049,3347.500000,3348.800049,3340.800049,3342.100098,changed
2025-06-10 17:00:00+00:00,2026-10-04T21:58:00Z,3342.300049,3347.000000,3341.100098,3345.800049,3342.500000,3346.399902,3341.100098,3345.800049,changed
2025-06-10 18:00:00+00:00,2026-10-04T21:58:00Z,3345.899902,3346.300049,3319.100098,3342.500000,3345.899902,3346.300049,3340.100098,3342.500000,changed
2025-06-10 19:00:00+00:00,2026-10-04T21:58:00Z,3342.600098,3355.600098,3331.000000,3349.899902,3342.600098,3355.600098,3342.199951,3349.899902,changed
2025-06-11 00:00:00+00:00,2026-10-04T21:58:00Z,3348.600098,3356.399902,3328.000000,3353.199951,3348.600098,3356.399902,3345.100098,3353.199951,changed
2025-06-11 01:00:00+00:00,2026-10-04T21:58:00Z,3353.300049,3358.600098,3335.399902,3349.500000,3353.300049,3358.600098,3348.600098,3349.500000,changed
2025-06-11 03:00:00+00:00,2026-10-04T21:58:00Z,3359.399902,3363.199951,3335.800049,3361.000000,3359.399902,3363.199951,3357.199951,3361.000000,changed
2025-06-11 04:00:00+00:00,2026-10-04T21:58:00Z,3360.699951,3364.399902,3358.399902,3363.399902,3360.699951,3364.399902,3358.399902,3363.100098,changed
2025-06-11 05:00:00+00:00,2026-10-04T21:58:00Z,3358.899902,3360.699951,3356.199951,3360.500000,3363.199951,3364.800049,3356.199951,3360.500000,changed
2025-06-11 09:00:00+00:00,2026-10-04T21:58:00Z,3365.500000,3365.699951,3335.100098,3354.699951,3365.500000,3365.699951,3352.699951,3354.699951,changed
2025-06-11 11:00:00+00:00,2026-10-04T21:58:00Z,3350.399902,3355.800049,3328.399902,3353.800049,3350.399902,3355.800049,3345.699951,3353.800049,changed
2025-06-11 12:00:00+00:00,2026-10-04T21:58:00Z,3353.800049,3382.300049,3335.600098,3357.300049,3353.800049,3382.300049,3347.800049,3357.300049,changed
2025-06-11 13:00:00+00:00,2026-10-04T21:58:00Z,3357.300049,3366.000000,3328.899902,3350.699951,3357.300049,3365.600098,3347.500000,3350.699951,changed
2025-06-11 14:00:00+00:00,2026-10-04T21:58:00Z,3350.500000,3361.399902,3332.899902,3358.800049,3350.500000,3361.399902,3349.199951,3358.800049,changed
2025-06-11 15:00:00+00:00,2026-10-04T21:58:00Z,3358.800049,3363.100098,3330.199951,3353.699951,3358.800049,3363.100098,3350.000000,3353.699951,changed
2025-06-11 17:00:00+00:00,2026-10-04T21:58:00Z,3351.000000,3352.100098,3323.300049,3344.500000,3351.000000,3352.100098,3339.399902,3344.500000,changed
2025-06-11 18:00:00+00:00,2026-10-04T21:58:00Z,3344.699951,3368.399902,3342.300049,3364.300049,3344.699951,3368.399902,3344.000000,3364.300049,changed
2025-06-11 19:00:00+00:00,2026-10-04T21:58:00Z,3364.500000,3370.199951,3341.600098,3367.899902,3364.500000,3370.199951,3362.699951,3367.899902,changed
2025-06-11 20:00:00+00:00,2026-10-04T21:58:00Z,3368.000000,3376.600098,3351.100098,3376.000000,3368.000000,3376.600098,3367.800049,3376.000000,changed
2025-06-11 22:00:00+00:00,2026-10-04T21:58:00Z,3377.500000,3390.300049,3363.000000,3389.399902,3377.500000,3390.300049,3376.300049,3389.399902,changed
2025-06-12 00:00:00+00:00,2026-10-04T21:58:00Z,3386.000000,3391.899902,3366.000000,3386.399902,3386.000000,3391.899902,3382.500000,3386.399902,changed
2025-06-12 01:00:00+00:00,2026-10-04T21:58:00Z,3386.399902,3397.100098,3366.600098,3391.600098,3386.399902,3397.100098,3382.699951,3391.600098,changed
2025-06-12 02:00:00+00:00,2026-10-04T21:58:00Z,3391.300049,3398.399902,3368.000000,3394.899902,3391.300049,3398.399902,3389.300049,3394.899902,changed
2025-06-12 03:00:00+00:00,2026-10-04T21:58:00Z,3394.899902,3396.899902,3371.500000,3393.899902,3394.899902,3396.899902,3391.500000,3393.899902,changed
2025-06-12 08:00:00+00:00,2026-10-04T21:58:00Z,3366.800049,3380.800049,3353.399902,3376.300049,3366.800049,3380.800049,3366.699951,3376.300049,changed
2025-06-12 09:00:00+00:00,2026-10-04T21:58:00Z,3376.199951,3388.199951,3359.399902,3385.500000,3376.199951,3388.199951,3375.000000,3385.500000,changed
2025-06-12 12:00:00+00:00,2026-10-04T21:58:00Z,3399.500000,3411.399902,3378.899902,3409.199951,3399.500000,3411.399902,3396.699951,3409.199951,changed
2025-06-12 13:00:00+00:00,2026-10-04T21:58:00Z,3409.000000,3419.800049,3386.500000,3412.800049,3409.000000,3419.800049,3399.899902,3412.800049,changed
2025-06-12 15:00:00+00:00,2026-10-04T21:58:00Z,3404.399902,3411.500000,3389.500000,3406.500000,3404.399902,3411.500000,3398.100098,3406.500000,changed
2025-06-12 16:00:00+00:00,2026-10-04T21:58:00Z,3406.600098,3412.399902,3385.600098,3404.399902,3406.600098,3412.399902,3401.699951,3404.399902,changed
2025-06-12 19:00:00+00:00,2026-10-04T21:58:00Z,3406.199951,3409.699951,3387.000000,3408.500000,3406.199951,3409.699951,3405.000000,3408.500000,changed
2025-06-12 20:00:00+00:00,2026-10-04T21:58:00Z,3408.399902,3409.399902,3385.300049,3406.399902,3408.399902,3409.399902,3405.500000,3406.399902,changed
2025-06-13 00:00:00+00:00,2026-10-04T21:58:00Z,3416.199951,3442.000000,3407.300049,3436.399902,3416.199951,3442.000000,3412.399902,3436.399902,changed
2025-06-13 01:00:00+00:00,2026-10-04T21:58:00Z,3436.199951,3455.300049,3432.899902,3449.000000,3436.199951,3455.300049,3435.100098,3449.000000,changed
2025-06-13 02:00:00+00:00,2026-10-04T21:58:00Z,3448.699951,3466.800049,3431.199951,3463.800049,3448.699951,3466.800049,3446.300049,3463.800049,changed
2025-06-13 05:00:00+00:00,2026-10-04T21:58:00Z,3447.199951,3450.800049,3421.600098,3447.199951,3447.199951,3450.800049,3439.000000,3447.199951,changed
2025-06-13 06:00:00+00:00,2026-10-04T21:58:00Z,3447.199951,3450.500000,3426.000000,3436.899902,3447.199951,3450.500000,3429.199951,3436.899902,changed
2025-06-13 07:00:00+00:00,2026-10-04T21:58:00Z,3437.000000,3439.699951,3415.000000,3435.500000,3437.000000,3439.699951,3428.300049,3435.500000,changed
2025-06-13 12:00:00+00:00,2026-10-04T21:58:00Z,3442.300049,3458.899902,3424.100098,3457.100098,3442.300049,3458.899902,3441.699951,3457.100098,changed
2025-06-13 13:00:00+00:00,2026-10-04T21:58:00Z,3457.000000,3468.000000,3440.300049,3457.600098,3457.000000,3468.000000,3454.300049,3457.600098,changed
2025-06-13 14:00:00+00:00,2026-10-04T21:58:00Z,3457.300049,3460.500000,3426.100098,3448.399902,3457.899902,3460.500000,3444.100098,3448.399902,changed
2025-06-13 15:00:00+00:00,2026-10-04T21:58:00Z,3448.399902,3450.899902,3425.199951,3446.300049,3448.399902,3450.899902,3440.199951,3446.300049,changed
2025-06-13 20:00:00+00:00,2026-10-04T21:58:00Z,3452.300049,3455.100098,3448.899902,3452.600098,3453.000000,3455.100098,3448.899902,3452.600098,changed
2025-06-16 17:00:00+00:00,2026-10-04T21:58:00Z,3418.500000,3419.399902,3410.300049,3412.199951,3418.800049,3419.399902,3410.300049,3412.199951,changed
2025-06-17 19:00:00+00:00,2026-10-04T21:58:00Z,3401.600098,3405.000000,3400.699951,3404.399902,3401.600098,3405.000000,3401.100098,3404.399902,changed
2025-06-17 22:00:00+00:00,2026-10-04T21:58:00Z,3409.000000,3414.600098,3407.000000,3407.300049,3409.000000,3414.600098,3406.899902,3407.699951,changed
2025-06-17 23:00:00+00:00,2026-10-04T21:58:00Z,3407.500000,3409.000000,3404.000000,3405.600098,3408.000000,3409.000000,3403.300049,3405.500000,changed
2025-06-18 00:00:00+00:00,2026-10-04T21:58:00Z,3405.000000,3407.199951,3401.199951,3404.000000,3405.399902,3407.199951,3401.199951,3404.000000,changed
2025-06-18 14:00:00+00:00,2026-10-04T21:58:00Z,3411.100098,3411.500000,3391.699951,3405.699951,3409.300049,3409.699951,3391.699951,3405.699951,changed
2025-06-18 15:00:00+00:00,2026-10-04T21:58:00Z,3405.399902,3411.399902,3399.500000,3411.000000,3407.199951,3411.399902,3399.500000,3411.000000,changed
2025-06-18 17:00:00+00:00,2026-10-04T21:58:00Z,3409.600098,3409.899902,3402.399902,3403.500000,3409.600098,3409.899902,3403.699951,3404.500000,changed
2025-06-18 18:00:00+00:00,2026-10-04T21:58:00Z,3403.500000,3414.199951,3396.000000,3397.100098,3411.699951,3414.199951,3396.000000,3397.100098,changed
2025-06-18 19:00:00+00:00,2026-10-04T21:58:00Z,3396.899902,3397.500000,3380.500000,3384.600098,3396.899902,3397.500000,3380.500000,3385.300049,changed
2025-06-18 20:00:00+00:00,2026-10-04T21:58:00Z,3384.399902,3387.600098,3380.100098,3386.399902,3384.199951,3387.600098,3380.100098,3387.300049,changed
2025-06-18 22:00:00+00:00,2026-10-04T21:58:00Z,3387.100098,3396.699951,3386.300049,3392.000000,3387.000000,3396.699951,3386.699951,3392.000000,changed
2025-06-19 09:00:00+00:00,2026-10-04T21:58:00Z,3385.800049,3391.000000,3380.899902,3387.300049,3385.800049,3391.000000,3379.800049,3387.300049,changed
2025-06-20 15:00:00+00:00,2026-10-04T21:58:00Z,3385.600098,3388.100098,3382.100098,3385.699951,3385.600098,3388.100098,3382.100098,3385.600098,changed
2025-06-20 17:00:00+00:00,2026-10-04T21:58:00Z,3387.600098,3387.899902,3382.300049,3383.199951,3387.600098,3387.899902,3382.899902,3383.199951,changed
2025-06-23 07:00:00+00:00,2026-10-04T21:58:00Z,3372.300049,3374.000000,3366.399902,3372.800049,3372.300049,3373.899902,3366.399902,3372.800049,changed
2025-06-23 11:00:00+00:00,2026-10-04T21:58:00Z,3383.699951,3397.899902,3383.699951,3396.100098,3383.699951,3397.899902,3383.699951,3395.699951,changed
2025-06-23 12:00:00+00:00,2026-10-04T21:58:00Z,3396.300049,3396.600098,3371.100098,3375.600098,3395.500000,3395.800049,3371.100098,3375.600098,changed
2025-06-23 13:00:00+00:00,2026-10-04T21:58:00Z,3375.500000,3403.600098,3374.899902,3396.500000,3378.500000,3403.600098,3377.500000,3396.500000,changed
2025-06-23 14:00:00+00:00,2026-10-04T21:58:00Z,3396.300049,3402.600098,3384.899902,3402.300049,3396.300049,3402.500000,3384.899902,3402.300049,changed
2025-06-23 15:00:00+00:00,2026-10-04T21:58:00Z,3402.600098,3405.899902,3400.500000,3403.300049,3403.800049,3405.899902,3400.600098,3403.300049,changed
2025-06-24 15:00:00+00:00,2026-10-04T21:58:00Z,3317.399902,3330.899902,3313.699951,3326.899902,3314.600098,3330.899902,3313.699951,3326.899902,changed
2025-06-25 15:00:00+00:00,2026-10-04T21:58:00Z,3336.699951,3340.899902,3335.199951,3339.199951,3336.699951,3340.899902,3335.800049,3339.199951,changed
2025-06-26 08:00:00+00:00,2026-10-04T21:58:00Z,3359.399902,3363.899902,3357.800049,3361.600098,3359.399902,3363.899902,3357.800049,3361.800049,changed
2025-06-26 09:00:00+00:00,2026-10-04T21:58:00Z,3361.600098,3362.300049,3352.399902,3353.899902,3361.800049,3362.300049,3351.899902,3353.800049,changed
2025-06-26 10:00:00+00:00,2026-10-04T21:58:00Z,3353.899902,3356.899902,3351.300049,3356.500000,3354.199951,3356.000000,3351.300049,3355.899902,changed
2025-06-26 11:00:00+00:00,2026-10-04T21:58:00Z,3356.600098,3357.500000,3344.899902,3346.399902,3356.600098,3357.199951,3344.899902,3346.399902,changed
2025-06-26 12:00:00+00:00,2026-10-04T21:58:00Z,3346.500000,3357.800049,3334.699951,3335.000000,3346.500000,3357.800049,3337.500000,3338.300049,changed
2025-06-26 13:00:00+00:00,2026-10-04T21:58:00Z,3335.199951,3341.800049,3322.500000,3332.800049,3334.199951,3341.800049,3322.500000,3337.899902,changed
2025-06-26 14:00:00+00:00,2026-10-04T21:58:00Z,3332.600098,3337.000000,3324.399902,3331.500000,3331.800049,3337.000000,3324.399902,3330.199951,changed
2025-06-27 18:00:00+00:00,2026-10-04T21:58:00Z,3289.800049,3290.699951,3282.199951,3288.000000,3289.800049,3290.699951,3282.399902,3288.000000,changed
2025-06-30 14:00:00+00:00,2026-10-04T21:58:00Z,3296.600098,3301.500000,3290.899902,3299.399902,3299.100098,3301.500000,3290.899902,3299.399902,changed
2025-06-01 22:00:00+00:00,2026-10-04T22:10:08Z,3323.000000,3338.699951,3319.399902,3336.399902,3323.000000,3338.699951,3296.899902,3336.399902,changed
2025-06-01 23:00:00+00:00,2026-10-04T22:10:08Z,3336.399902,3339.899902,3332.699951,3333.300049,3336.399902,3339.899902,3308.500000,3333.300049,changed
2025-06-02 00:00:00+00:00,2026-10-04T22:10:08Z,3333.199951,3338.699951,3326.199951,3334.500000,3333.199951,3338.699951,3305.300049,3334.500000,changed
2025-06-02 01:00:00+00:00,2026-10-04T22:10:08Z,3334.699951,3337.100098,3324.300049,3326.600098,3334.699951,3337.100098,3301.600098,3326.600098,changed
2025-06-02 02:00:00+00:00,2026-10-04T22:10:08Z,3326.600098,3335.399902,3326.399902,3330.500000,3326.600098,3335.399902,3306.600098,3330.500000,changed
2025-06-02 04:00:00+00:00,2026-10-04T22:10:08Z,3332.600098,3341.899902,3332.600098,3337.699951,3332.600098,3341.899902,3312.199951,3337.699951,changed
2025-06-02 05:00:00+00:00,2026-10-04T22:10:08Z,3337.600098,3350.000000,3337.600098,3347.800049,3337.600098,3350.000000,3313.699951,3347.800049,changed
2025-06-02 06:00:00+00:00,2026-10-04T22:10:08Z,3347.899902,3369.899902,3347.600098,3368.899902,3347.899902,3369.899902,3323.899902,3368.899902,changed
2025-06-02 07:00:00+00:00,2026-10-04T22:10:08Z,3369.000000,3384.000000,3367.699951,3377.199951,3369.000000,3384.000000,3345.300049,3377.199951,changed
2025-06-02 08:00:00+00:00,2026-10-04T22:10:08Z,3377.199951,3381.199951,3374.699951,3376.500000,3377.199951,3381.199951,3351.600098,3376.500000,changed
2025-06-02 09:00:00+00:00,2026-10-04T22:10:08Z,3376.600098,3376.899902,3369.000000,3372.699951,3376.600098,3376.899902,3345.699951,3372.699951,changed
2025-06-02 10:00:00+00:00,2026-10-04T22:10:08Z,3372.899902,3376.300049,3368.800049,3373.300049,3372.899902,3376.300049,3345.500000,3373.300049,changed
2025-06-02 11:00:00+00:00,2026-10-04T22:10:08Z,3373.300049,3385.600098,3370.399902,3381.199951,3373.300049,3385.600098,3351.500000,3381.199951,changed
2025-06-02 12:00:00+00:00,2026-10-04T22:10:08Z,3380.899902,3388.899902,3378.699951,3380.100098,3380.899902,3388.899902,3355.000000,3380.100098,changed
2025-06-02 13:00:00+00:00,2026-10-04T22:10:08Z,3380.100098,3401.300049,3374.500000,3395.800049,3380.100098,3401.300049,3349.600098,3395.800049,changed
2025-06-02 14:00:00+00:00,2026-10-04T22:10:08Z,3396.100098,3404.199951,3391.800049,3400.600098,3371.600098,3404.199951,3369.600098,3400.600098,changed
2025-06-02 15:00:00+00:00,2026-10-04T22:10:08Z,3400.500000,3403.500000,3393.000000,3399.100098,3400.500000,3403.500000,3366.899902,3399.100098,changed
2025-06-02 16:00:00+00:00,2026-10-04T22:10:08Z,3399.300049,3404.699951,3394.300049,3396.899902,3399.300049,3404.699951,3369.899902,3396.899902,changed
2025-06-02 17:00:00+00:00,2026-10-04T22:10:08Z,3396.899902,3400.899902,3396.199951,3399.199951,3396.899902,3400.899902,3369.899902,3399.199951,changed
2025-06-02 18:00:00+00:00,2026-10-04T22:10:08Z,3399.399902,3405.399902,3395.800049,3404.399902,3399.399902,3405.399902,3371.500000,3404.399902,changed
2025-06-02 19:00:00+00:00,2026-10-04T22:10:08Z,3404.300049,3407.300049,3403.000000,3406.300049,3404.300049,3407.300049,3377.199951,3406.300049,changed
2025-06-02 20:00:00+00:00,2026-10-04T22:10:08Z,3406.300049,3408.100098,3403.300049,3406.399902,3406.300049,3408.100098,3379.100098,3406.399902,changed
2025-06-02 22:00:00+00:00,2026-10-04T22:10:08Z,3406.500000,3416.600098,3406.500000,3414.800049,3406.500000,3416.600098,3385.100098,3414.800049,changed
2025-06-02 23:00:00+00:00,2026-10-04T22:10:08Z,3414.800049,3417.800049,3408.300049,3412.800049,3414.800049,3417.800049,3385.000000,3412.800049,changed
2025-06-03 01:00:00+00:00,2026-10-04T22:10:08Z,3401.199951,3401.300049,3387.800049,3397.300049,3401.199951,3401.300049,3364.100098,3397.300049,changed
2025-06-03 02:00:00+00:00,2026-10-04T22:10:08Z,3397.300049,3403.000000,3389.000000,3393.600098,3397.300049,3403.000000,3369.800049,3393.600098,changed
2025-06-03 03:00:00+00:00,2026-10-04T22:10:08Z,3393.199951,3394.100098,3384.199951,3387.100098,3393.199951,3394.100098,3361.500000,3387.100098,changed
2025-06-03 04:00:00+00:00,2026-10-04T22:10:08Z,3385.699951,3389.800049,3383.399902,3386.899902,3385.699951,3389.800049,3359.899902,3386.899902,changed
2025-06-03 05:00:00+00:00,2026-10-04T22:10:08Z,3387.100098,3392.800049,3381.100098,3389.800049,3387.100098,3392.800049,3364.100098,3389.800049,changed
2025-06-03 06:00:00+00:00,2026-10-04T22:10:08Z,3389.899902,3392.100098,3375.600098,3383.199951,3389.899902,3392.100098,3350.000000,3383.199951,changed
2025-06-03 07:00:00+00:00,2026-10-04T22:10:08Z,3382.699951,3385.500000,3376.699951,3384.600098,3382.699951,3385.500000,3355.600098,3384.600098,changed
2025-06-03 08:00:00+00:00,2026-10-04T22:10:08Z,3384.699951,3389.800049,3384.300049,3385.500000,3384.699951,3389.800049,3358.100098,3385.500000,changed
2025-06-03 09:00:00+00:00,2026-10-04T22:10:08Z,3385.500000,3387.000000,3379.899902,3381.199951,3385.500000,3387.000000,3355.300049,3381.199951,changed
2025-06-03 10:00:00+00:00,2026-10-04T22:10:08Z,3381.500000,3383.100098,3379.100098,3379.899902,3381.500000,3383.100098,3354.300049,3379.899902,changed
2025-06-03 11:00:00+00:00,2026-10-04T22:10:08Z,3380.100098,3384.800049,3377.699951,3383.300049,3380.100098,3384.800049,3352.699951,3383.300049,changed
2025-06-03 12:00:00+00:00,2026-10-04T22:10:08Z,3383.500000,3387.199951,3371.000000,3383.600098,3383.500000,3387.199951,3348.500000,3383.600098,changed
2025-06-03 13:00:00+00:00,2026-10-04T22:10:08Z,3383.699951,3387.000000,3364.500000,3370.399902,3383.699951,3387.000000,3339.199951,3370.399902,changed
2025-06-03 14:00:00+00:00,2026-10-04T22:10:08Z,3369.800049,3374.600098,3357.199951,3370.500000,3369.800049,3374.600098,3331.300049,3370.500000,changed
2025-06-03 15:00:00+00:00,2026-10-04T22:10:08Z,3370.399902,3375.500000,3368.000000,3374.000000,3370.399902,3375.500000,3342.800049,3374.000000,changed
2025-06-03 16:00:00+00:00,2026-10-04T22:10:08Z,3374.000000,3377.399902,3367.899902,3372.300049,3374.000000,3377.399902,3342.199951,3372.300049,changed
2025-06-03 17:00:00+00:00,2026-10-04T22:10:08Z,3372.300049,3378.699951,3371.000000,3377.600098,3372.300049,3378.699951,3346.300049,3377.600098,changed
2025-06-03 18:00:00+00:00,2026-10-04T22:10:08Z,3377.600098,3378.199951,3374.600098,3377.600098,3377.600098,3378.199951,3350.600098,3377.600098,changed
2025-06-03 20:00:00+00:00,2026-10-04T22:10:08Z,3376.399902,3379.300049,3376.199951,3376.899902,3376.399902,3379.300049,3350.000000,3376.899902,changed
2025-06-04 00:00:00+00:00,2026-10-04T22:10:08Z,3384.399902,3384.699951,3373.100098,3373.600098,3384.399902,3384.699951,3351.600098,3373.600098,changed
2025-06-04 01:00:00+00:00,2026-10-04T22:10:08Z,3373.600098,3396.699951,3369.699951,3395.199951,3373.600098,3396.699951,3367.100098,3395.199951,changed
2025-06-04 04:00:00+00:00,2026-10-04T22:10:08Z,3383.500000,3385.699951,3375.899902,3378.399902,3383.500000,3385.699951,3351.600098,3378.399902,changed
2025-06-04 05:00:00+00:00,2026-10-04T22:10:08Z,3378.399902,3380.300049,3372.000000,3374.699951,3378.399902,3380.300049,3352.500000,3374.699951,changed
2025-06-04 08:00:00+00:00,2026-10-04T22:10:08Z,3378.000000,3388.000000,3375.100098,3386.500000,3378.000000,3387.399902,3352.100098,3386.500000,changed
2025-06-04 09:00:00+00:00,2026-10-04T22:10:08Z,3386.500000,3389.000000,3383.300049,3387.100098,3386.500000,3389.000000,3360.699951,3387.100098,changed
2025-06-04 11:00:00+00:00,2026-10-04T22:10:08Z,3374.600098,3376.199951,3366.899902,3370.500000,3374.600098,3376.199951,3344.000000,3370.500000,changed
2025-06-04 12:00:00+00:00,2026-10-04T22:10:08Z,3370.500000,3385.399902,3368.199951,3383.000000,3370.500000,3385.399902,3351.800049,3383.000000,changed
2025-06-04 13:00:00+00:00,2026-10-04T22:10:08Z,3383.199951,3387.199951,3375.199951,3376.800049,3383.199951,3387.199951,3350.800049,3376.800049,changed
2025-06-04 14:00:00+00:00,2026-10-04T22:10:08Z,3376.899902,3409.699951,3375.100098,3401.500000,3376.899902,3409.699951,3361.899902,3401.500000,changed
2025-06-04 16:00:00+00:00,2026-10-04T22:10:08Z,3396.500000,3400.500000,3395.399902,3399.399902,3396.500000,3400.500000,3371.500000,3399.399902,changed
2025-06-04 19:00:00+00:00,2026-10-04T22:10:08Z,3400.800049,3400.899902,3396.300049,3397.300049,3400.800049,3400.899902,3396.000000,3397.300049,changed
2025-06-04 22:00:00+00:00,2026-10-04T22:10:08Z,3398.000000,3399.500000,3395.800049,3397.199951,3398.000000,3399.500000,3371.500000,3397.199951,changed
2025-06-05 06:00:00+00:00,2026-10-04T22:10:08Z,3387.500000,3393.600098,3386.800049,3389.300049,3387.500000,3393.600098,3366.199951,3389.500000,changed
2025-06-05 07:00:00+00:00,2026-10-04T22:10:08Z,3390.100098,3398.000000,3389.100098,3394.800049,3389.399902,3398.000000,3370.300049,3394.800049,changed
2025-06-05 09:00:00+00:00,2026-10-04T22:10:08Z,3398.699951,3415.300049,3397.500000,3413.500000,3398.699951,3415.300049,3375.100098,3413.500000,changed
2025-06-05 10:00:00+00:00,2026-10-04T22:10:08Z,3413.300049,3424.699951,3411.800049,3424.100098,3413.300049,3424.699951,3393.300049,3424.100098,changed
2025-06-05 11:00:00+00:00,2026-10-04T22:10:08Z,3424.000000,3427.699951,3416.300049,3416.600098,3424.000000,3427.699951,3415.899902,3416.600098,changed
2025-06-05 12:00:00+00:00,2026-10-04T22:10:08Z,3416.800049,3425.000000,3400.500000,3405.100098,3416.800049,3425.000000,3382.300049,3407.199951,changed
2025-06-05 13:00:00+00:00,2026-10-04T22:10:08Z,3405.699951,3412.600098,3394.800049,3401.899902,3407.300049,3412.600098,3381.500000,3401.899902,changed
2025-06-05 14:00:00+00:00,2026-10-04T22:10:08Z,3401.899902,3407.300049,3387.100098,3391.000000,3401.899902,3407.300049,3366.600098,3391.000000,changed
2025-06-05 15:00:00+00:00,2026-10-04T22:10:08Z,3390.899902,3396.399902,3362.300049,3368.100098,3390.899902,3396.399902,3344.000000,3368.100098,changed
2025-06-05 16:00:00+00:00,2026-10-04T22:10:08Z,3367.699951,3379.399902,3362.800049,3376.800049,3367.699951,3379.399902,3343.699951,3376.800049,changed
2025-06-05 17:00:00+00:00,2026-10-04T22:10:08Z,3377.100098,3377.800049,3371.699951,3376.899902,3377.100098,3377.800049,3349.199951,3376.899902,changed
2025-06-05 19:00:00+00:00,2026-10-04T22:10:08Z,3376.600098,3383.399902,3376.000000,3380.500000,3376.600098,3384.699951,3354.800049,3380.500000,changed
2025-06-05 20:00:00+00:00,2026-10-04T22:10:08Z,3380.399902,3381.500000,3375.800049,3376.100098,3380.399902,3381.500000,3352.199951,3376.100098,changed
2025-06-06 06:00:00+00:00,2026-10-04T22:10:08Z,3389.399902,3390.600098,3379.399902,3384.000000,3389.399902,3390.300049,3362.000000,3384.000000,changed
2025-06-06 07:00:00+00:00,2026-10-04T22:10:08Z,3384.000000,3385.300049,3375.300049,3382.699951,3384.000000,3385.300049,3359.000000,3382.699951,changed
2025-06-06 10:00:00+00:00,2026-10-04T22:10:08Z,3380.000000,3384.000000,3379.199951,3383.600098,3380.000000,3384.000000,3357.500000,3383.600098,changed
2025-06-06 12:00:00+00:00,2026-10-04T22:10:08Z,3381.500000,3387.300049,3365.600098,3376.199951,3381.500000,3385.199951,3345.100098,3376.199951,changed
2025-06-06 13:00:00+00:00,2026-10-04T22:10:08Z,3375.699951,3384.300049,3364.800049,3365.600098,3375.699951,3384.300049,3346.800049,3367.899902,changed
2025-06-06 14:00:00+00:00,2026-10-04T22:10:08Z,3365.399902,3367.800049,3338.500000,3348.800049,3367.000000,3367.800049,3315.699951,3348.800049,changed
2025-06-06 15:00:00+00:00,2026-10-04T22:10:08Z,3348.699951,3359.199951,3345.699951,3354.600098,3348.699951,3359.199951,3330.899902,3354.600098,changed
2025-06-06 16:00:00+00:00,2026-10-04T22:10:08Z,3354.500000,3355.199951,3342.899902,3344.899902,3354.500000,3355.199951,3323.000000,3344.899902,changed
2025-06-06 19:00:00+00:00,2026-10-04T22:10:08Z,3340.000000,3341.199951,3333.100098,3334.399902,3340.000000,3341.199951,3309.500000,3334.399902,changed
2025-06-06 20:00:00+00:00,2026-10-04T22:10:08Z,3334.300049,3334.800049,3328.800049,3331.000000,3334.300049,3334.800049,3306.000000,3331.000000,changed
2025-06-08 22:00:00+00:00,2026-10-04T22:10:08Z,3333.399902,3341.000000,3329.000000,3334.600098,3333.399902,3341.000000,3307.899902,3334.600098,changed
2025-06-09 00:00:00+00:00,2026-10-04T22:10:08Z,3338.500000,3339.000000,3317.500000,3325.300049,3338.500000,3339.000000,3301.000000,3325.300049,changed
2025-06-09 01:00:00+00:00,2026-10-04T22:10:08Z,3325.500000,3329.300049,3314.500000,3315.500000,3325.500000,3329.100098,3302.300049,3315.500000,changed
2025-06-09 02:00:00+00:00,2026-10-04T22:10:08Z,3315.899902,3327.500000,3313.100098,3325.300049,3315.899902,3327.500000,3290.000000,3325.300049,changed
2025-06-09 03:00:00+00:00,2026-10-04T22:10:08Z,3325.300049,3331.899902,3323.699951,3330.300049,3325.300049,3331.899902,3323.800049,3330.300049,changed
2025-06-09 04:00:00+00:00,2026-10-04T22:10:08Z,3330.699951,3333.399902,3329.000000,3331.800049,3330.699951,3333.399902,3308.899902,3331.800049,changed
2025-06-09 05:00:00+00:00,2026-10-04T22:10:08Z,3331.899902,3336.899902,3329.500000,3335.100098,3331.899902,3336.899902,3307.399902,3335.100098,changed
2025-06-09 06:00:00+00:00,2026-10-04T22:10:08Z,3335.000000,3345.800049,3332.699951,3345.199951,3335.000000,3345.800049,3333.000000,3345.199951,changed
2025-06-09 07:00:00+00:00,2026-10-04T22:10:08Z,3344.899902,3349.800049,3341.600098,3345.199951,3344.899902,3349.800049,3324.199951,3345.199951,changed
2025-06-09 08:00:00+00:00,2026-10-04T22:10:08Z,3345.300049,3346.699951,3340.500000,3340.500000,3345.300049,3346.699951,3322.699951,3340.500000,changed
2025-06-09 10:00:00+00:00,2026-10-04T22:10:08Z,3339.500000,3340.699951,3333.000000,3335.699951,3339.500000,3340.699951,3309.800049,3335.699951,changed
2025-06-09 12:00:00+00:00,2026-10-04T22:10:08Z,3338.600098,3343.399902,3333.699951,3341.399902,3338.600098,3343.399902,3318.800049,3341.399902,changed
2025-06-09 13:00:00+00:00,2026-10-04T22:10:08Z,3341.199951,3342.500000,3331.500000,3340.100098,3341.199951,3342.500000,3313.699951,3340.100098,changed
2025-06-09 14:00:00+00:00,2026-10-04T22:10:08Z,3339.899902,3347.899902,3336.899902,3341.699951,3339.899902,3347.899902,3317.500000,3341.699951,changed
2025-06-09 15:00:00+00:00,2026-10-04T22:10:08Z,3341.800049,3353.500000,3341.100098,3349.800049,3341.800049,3353.500000,3320.699951,3349.800049,changed
2025-06-09 18:00:00+00:00,2026-10-04T22:10:08Z,3354.000000,3357.699951,3353.399902,3354.000000,3354.000000,3357.699951,3330.600098,3354.000000,changed
2025-06-09 19:00:00+00:00,2026-10-04T22:10:08Z,3353.899902,3356.300049,3346.899902,3348.199951,3353.899902,3356.300049,3324.399902,3348.199951,changed
2025-06-09 22:00:00+00:00,2026-10-04T22:10:08Z,3346.300049,3354.899902,3341.600098,3344.100098,3346.300049,3348.300049,3341.600098,3343.699951,changed
2025-06-09 23:00:00+00:00,2026-10-04T22:10:08Z,3344.699951,3354.899902,3344.100098,3346.600098,3344.000000,3348.000000,3343.800049,3346.600098,changed
2025-06-10 01:00:00+00:00,2026-10-04T22:10:08Z,3336.199951,3339.699951,3322.600098,3326.199951,3336.199951,3339.699951,3302.000000,3326.199951,changed
2025-06-10 02:00:00+00:00,2026-10-04T22:10:08Z,3325.800049,3330.000000,3321.300049,3329.100098,3325.800049,3330.000000,3302.000000,3329.100098,changed
2025-06-10 05:00:00+00:00,2026-10-04T22:10:08Z,3326.800049,3339.399902,3326.100098,3337.899902,3326.800049,3339.399902,3307.100098,3337.899902,changed
2025-06-10 07:00:00+00:00,2026-10-04T22:10:08Z,3345.100098,3352.899902,3344.300049,3349.899902,3345.100098,3352.899902,3326.100098,3349.899902,changed
2025-06-10 08:00:00+00:00,2026-10-04T22:10:08Z,3350.600098,3355.800049,3346.399902,3350.000000,3350.600098,3355.800049,3329.699951,3350.000000,changed
2025-06-10 09:00:00+00:00,2026-10-04T22:10:08Z,3349.899902,3352.399902,3347.899902,3350.500000,3349.899902,3352.399902,3325.899902,3350.500000,changed
2025-06-10 11:00:00+00:00,2026-10-04T22:10:08Z,3356.199951,3363.600098,3352.899902,3354.399902,3356.199951,3363.600098,3337.000000,3354.399902,changed
2025-06-10 12:00:00+00:00,2026-10-04T22:10:08Z,3354.600098,3361.300049,3350.300049,3358.100098,3354.600098,3361.500000,3337.100098,3358.100098,changed
2025-06-10 13:00:00+00:00,2026-10-04T22:10:08Z,3358.199951,3370.399902,3356.500000,3364.600098,3358.199951,3370.399902,3344.300049,3364.600098,changed
2025-06-10 14:00:00+00:00,2026-10-04T22:10:08Z,3364.600098,3364.899902,3347.300049,3349.399902,3364.600098,3364.899902,3337.899902,3349.600098,changed
2025-06-10 15:00:00+00:00,2026-10-04T22:10:08Z,3346.699951,3350.399902,3344.100098,3347.699951,3346.800049,3350.399902,3324.000000,3347.699951,changed
2025-06-10 16:00:00+00:00,2026-10-04T22:10:08Z,3347.500000,3348.800049,3340.800049,3342.100098,3347.500000,3348.800049,3340.800049,3342.300049,changed
2025-06-10 17:00:00+00:00,2026-10-04T22:10:08Z,3342.500000,3346.399902,3341.100098,3345.800049,3342.300049,3347.000000,3341.100098,3345.800049,changed
2025-06-10 18:00:00+00:00,2026-10-04T22:10:08Z,3345.899902,3346.300049,3340.100098,3342.500000,3345.899902,3346.300049,3319.100098,3342.500000,changed
2025-06-10 19:00:00+00:00,2026-10-04T22:10:08Z,3342.600098,3355.600098,3342.199951,3349.899902,3342.600098,3355.600098,3331.000000,3349.899902,changed
2025-06-11 00:00:00+00:00,2026-10-04T22:10:08Z,3348.600098,3356.399902,3345.100098,3353.199951,3348.600098,3356.399902,3328.000000,3353.199951,changed
2025-06-11 01:00:00+00:00,2026-10-04T22:10:08Z,3353.300049,3358.600098,3348.600098,3349.500000,3353.300049,3358.600098,3335.399902,3349.500000,changed
2025-06-11 03:00:00+00:00,2026-10-04T22:10:08Z,3359.399902,3363.199951,3357.199951,3361.000000,3359.399902,3363.199951,3335.800049,3361.000000,changed
2025-06-11 04:00:00+00:00,2026-10-04T22:10:08Z,3360.699951,3364.399902,3358.399902,3363.100098,3360.699951,3364.399902,3358.399902,3363.399902,changed
2025-06-11 05:00:00+00:00,2026-10-04T22:10:08Z,3363.199951,3364.800049,3356.199951,3360.500000,3358.899902,3360.699951,3356.199951,3360.500000,changed
2025-06-11 09:00:00+00:00,2026-10-04T22:10:08Z,3365.500000,3365.699951,3352.699951,3354.699951,3365.500000,3365.699951,3335.100098,3354.699951,changed
2025-06-11 11:00:00+00:00,2026-10-04T22:10:08Z,3350.399902,3355.800049,3345.699951,3353.800049,3350.399902,3355.800049,3328.399902,3353.800049,changed
2025-06-11 12:00:00+00:00,2026-10-04T22:10:08Z,3353.800049,3382.300049,3347.800049,3357.300049,3353.800049,3382.300049,3335.600098,3357.300049,changed
2025-06-11 13:00:00+00:00,2026-10-04T22:10:08Z,3357.300049,3365.600098,3347.500000,3350.699951,3357.300049,3366.000000,3328.899902,3350.699951,changed
2025-06-11 14:00:00+00:00,2026-10-04T22:10:08Z,3350.500000,3361.399902,3349.199951,3358.800049,3350.500000,3361.399902,3332.899902,3358.800049,changed
2025-06-11 15:00:00+00:00,2026-10-04T22:10:08Z,3358.800049,3363.100098,3350.000000,3353.699951,3358.800049,3363.100098,3330.199951,3353.699951,changed
2025-06-11 17:00:00+00:00,2026-10-04T22:10:08Z,3351.000000,3352.100098,3339.399902,3344.500000,3351.000000,3352.100098,3323.300049,3344.500000,changed
2025-06-11 18:00:00+00:00,2026-10-04T22:10:08Z,3344.699951,3368.399902,3344.000000,3364.300049,3344.699951,3368.399902,3342.300049,3364.300049,changed
2025-06-11 19:00:00+00:00,2026-10-04T22:10:08Z,3364.500000,3370.199951,3362.699951,3367.899902,3364.500000,3370.199951,3341.600098,3367.899902,changed
2025-06-11 20:00:00+00:00,2026-10-04T22:10:08Z,3368.000000,3376.600098,3367.800049,3376.000000,3368.000000,3376.600098,3351.100098,3376.000000,changed
2025-06-11 22:00:00+00:00,2026-10-04T22:10:08Z,3377.500000,3390.300049,3376.300049,3389.399902,3377.500000,3390.300049,3363.000000,3389.399902,changed
2025-06-12 00:00:00+00:00,2026-10-04T22:10:08Z,3386.000000,3391.899902,3382.500000,3386.399902,3386.000000,3391.899902,3366.000000,3386.399902,changed
2025-06-12 01:00:00+00:00,2026-10-04T22:10:08Z,3386.399902,3397.100098,3382.699951,3391.600098,3386.399902,3397.100098,3366.600098,3391.600098,changed
2025-06-12 02:00:00+00:00,2026-10-04T22:10:08Z,3391.300049,3398.399902,3389.300049,3394.899902,3391.300049,3398.399902,3368.000000,3394.899902,changed
2025-06-12 03:00:00+00:00,2026-10-04T22:10:08Z,3394.899902,3396.899902,3391.500000,3393.899902,3394.899902,3396.899902,3371.500000,3393.899902,changed
2025-06-12 08:00:00+00:00,2026-10-04T22:10:08Z,3366.800049,3380.800049,3366.699951,3376.300049,3366.800049,3380.800049,3353.399902,3376.300049,changed
2025-06-12 09:00:00+00:00,2026-10-04T22:10:08Z,3376.199951,3388.199951,3375.000000,3385.500000,3376.199951,3388.199951,3359.399902,3385.500000,changed
2025-06-12 12:00:00+00:00,2026-10-04T22:10:08Z,3399.500000,3411.399902,3396.699951,3409.199951,3399.500000,3411.399902,3378.899902,3409.199951,changed
2025-06-12 13:00:00+00:00,2026-10-04T22:10:08Z,3409.000000,3419.800049,3399.899902,3412.800049,3409.000000,3419.800049,3386.500000,3412.800049,changed
2025-06-12 15:00:00+00:00,2026-10-04T22:10:08Z,3404.399902,3411.500000,3398.100098,3406.500000,3404.399902,3411.500000,3389.500000,3406.500000,changed
2025-06-12 16:00:00+00:00,2026-10-04T22:10:08Z,3406.600098,3412.399902,3401.699951,3404.399902,3406.600098,3412.399902,3385.600098,3404.399902,changed
2025-06-12 19:00:00+00:00,2026-10-04T22:10:08Z,3406.199951,3409.699951,3405.000000,3408.500000,3406.199951,3409.699951,3387.000000,3408.500000,changed
2025-06-12 20:00:00+00:00,2026-10-04T22:10:08Z,3408.399902,3409.399902,3405.500000,3406.399902,3408.399902,3409.399902,3385.300049,3406.399902,changed
2025-06-13 00:00:00+00:00,2026-10-04T22:10:08Z,3416.199951,3442.000000,3412.399902,3436.399902,3416.199951,3442.000000,3407.300049,3436.399902,changed
2025-06-13 01:00:00+00:00,2026-10-04T22:10:08Z,3436.199951,3455.300049,3435.100098,3449.000000,3436.199951,3455.300049,3432.899902,3449.000000,changed
2025-06-13 02:00:00+00:00,2026-10-04T22:10:08Z,3448.699951,3466.800049,3446.300049,3463.800049,3448.699951,3466.800049,3431.199951,3463.800049,changed
2025-06-13 05:00:00+00:00,2026-10-04T22:10:08Z,3447.199951,3450.800049,3439.000000,3447.199951,3447.199951,3450.800049,3421.600098,3447.199951,changed
2025-06-13 06:00:00+00:00,2026-10-04T22:10:08Z,3447.199951,3450.500000,3429.199951,3436.899902,3447.199951,3450.500000,3426.000000,3436.899902,changed
2025-06-13 07:00:00+00:00,2026-10-04T22:10:08Z,3437.000000,3439.699951,3428.300049,3435.500000,3437.000000,3439.699951,3415.000000,3435.500000,changed
2025-06-13 12:00:00+00:00,2026-10-04T22:10:08Z,3442.300049,3458.899902,3441.699951,3457.100098,3442.300049,3458.899902,3424.100098,3457.100098,changed
2025-06-13 13:00:00+00:00,2026-10-04T22:10:08Z,3457.000000,3468.000000,3454.300049,3457.600098,3457.000000,3468.000000,3440.300049,3457.600098,changed
2025-06-13 14:00:00+00:00,2026-10-04T22:10:08Z,3457.899902,3460.500000,3444.100098,3448.399902,3457.300049,3460.500000,3426.100098,3448.399902,changed
2025-06-13 15:00:00+00:00,2026-10-04T22:10:08Z,3448.399902,3450.899902,3440.199951,3446.300049,3448.399902,3450.899902,3425.199951,3446.300049,changed
2025-06-13 20:00:00+00:00,2026-10-04T22:10:08Z,3453.000000,3455.100098,3448.899902,3452.600098,3452.300049,3455.100098,3448.899902,3452.600098,changed
2025-06-16 17:00:00+00:00,2026-10-04T22:10:08Z,3418.800049,3419.399902,3410.300049,3412.199951,3418.500000,3419.399902,3410.300049,3412.199951,changed
2025-06-17 19:00:00+00:00,2026-10-04T22:10:08Z,3401.600098,3405.000000,3401.100098,3404.399902,3401.600098,3405.000000,3400.699951,3404.399902,changed
2025-06-17 22:00:00+00:00,2026-10-04T22:10:08Z,3409.000000,3414.600098,3406.899902,3407.699951,3409.000000,3414.600098,3407.000000,3407.300049,changed
2025-06-17 23:00:00+00:00,2026-10-04T22:10:08Z,3408.000000,3409.000000,3403.300049,3405.500000,3407.500000,3409.000000,3404.000000,3405.600098,changed
2025-06-18 00:00:00+00:00,2026-10-04T22:10:08Z,3405.399902,3407.199951,3401.199951,3404.000000,3405.000000,3407.199951,3401.199951,3404.000000,changed
2025-06-18 14:00:00+00:00,2026-10-04T22:10:08Z,3409.300049,3409.699951,3391.699951,3405.699951,3411.100098,3411.500000,3391.699951,3405.699951,changed
2025-06-18 15:00:00+00:00,2026-10-04T22:10:08Z,3407.199951,3411.399902,3399.500000,3411.000000,3405.399902,3411.399902,3399.500000,3411.000000,changed
2025-06-18 17:00:00+00:00,2026-10-04T22:10:08Z,3409.600098,3409.899902,3403.699951,3404.500000,3409.600098,3409.899902,3402.399902,3403.500000,changed
2025-06-18 18:00:00+00:00,2026-10-04T22:10:08Z,3411.699951,3414.199951,3396.000000,3397.100098,3403.500000,3414.199951,3396.000000,3397.100098,changed
2025-06-18 19:00:00+00:00,2026-10-04T22:10:08Z,3396.899902,3397.500000,3380.500000,3385.300049,3396.899902,3397.500000,3380.500000,3384.600098,changed
2025-06-18 20:00:00+00:00,2026-10-04T22:10:08Z,3384.199951,3387.600098,3380.100098,3387.300049,3384.399902,3387.600098,3380.100098,3386.399902,changed
2025-06-18 22:00:00+00:00,2026-10-04T22:10:08Z,3387.000000,3396.699951,3386.699951,3392.000000,3387.100098,3396.699951,3386.300049,3392.000000,changed
2025-06-19 09:00:00+00:00,2026-10-04T22:10:08Z,3385.800049,3391.000000,3379.800049,3387.300049,3385.800049,3391.000000,3380.899902,3387.300049,changed
2025-06-20 15:00:00+00:00,2026-10-04T22:10:08Z,3385.600098,3388.100098,3382.100098,3385.600098,3385.600098,3388.100098,3382.100098,3385.699951,changed
2025-06-20 17:00:00+00:00,2026-10-04T22:10:08Z,3387.600098,3387.899902,3382.899902,3383.199951,3387.600098,3387.899902,3382.300049,3383.199951,changed
2025-06-23 07:00:00+00:00,2026-10-04T22:10:08Z,3372.300049,3373.899902,3366.399902,3372.800049,3372.300049,3374.000000,3366.399902,3372.800049,changed
2025-06-23 11:00:00+00:00,2026-10-04T22:10:08Z,3383.699951,3397.899902,3383.699951,3395.699951,3383.699951,3397.899902,3383.699951,3396.100098,changed
2025-06-23 12:00:00+00:00,2026-10-04T22:10:08Z,3395.500000,3395.800049,3371.100098,3375.600098,3396.300049,3396.600098,3371.100098,3375.600098,changed
2025-06-23 13:00:00+00:00,2026-10-04T22:10:08Z,3378.500000,3403.600098,3377.500000,3396.500000,3375.500000,3403.600098,3374.899902,3396.500000,changed
2025-06-23 14:00:00+00:00,2026-10-04T22:10:08Z,3396.300049,3402.500000,3384.899902,3402.300049,3396.300049,3402.600098,3384.899902,3402.300049,changed
2025-06-23 15:00:00+00:00,2026-10-04T22:10:08Z,3403.800049,3405.899902,3400.600098,3403.300049,3402.600098,3405.899902,3400.500000,3403.300049,changed
2025-06-24 15:00:00+00:00,2026-10-04T22:10:08Z,3314.600098,3330.899902,3313.699951,3326.899902,3317.399902,3330.899902,3313.699951,3326.899902,changed
2025-06-25 15:00:00+00:00,2026-10-04T22:10:08Z,3336.699951,3340.899902,3335.800049,3339.199951,3336.699951,3340.899902,3335.199951,3339.199951,changed
2025-06-26 08:00:00+00:00,2026-10-04T22:10:08Z,3359.399902,3363.899902,3357.800049,3361.800049,3359.399902,3363.899902,3357.800049,3361.600098,changed
2025-06-26 09:00:00+00:00,2026-10-04T22:10:08Z,3361.800049,3362.300049,3351.899902,3353.800049,3361.600098,3362.300049,3352.399902,3353.899902,changed
2025-06-26 10:00:00+00:00,2026-10-04T22:10:08Z,3354.199951,3356.000000,3351.300049,3355.899902,3353.899902,3356.899902,3351.300049,3356.500000,changed
2025-06-26 11:00:00+00:00,2026-10-04T22:10:08Z,3356.600098,3357.199951,3344.899902,3346.399902,3356.600098,3357.500000,3344.899902,3346.399902,changed
2025-06-26 12:00:00+00:00,2026-10-04T22:10:08Z,3346.500000,3357.800049,3337.500000,3338.300049,3346.500000,3357.800049,3334.699951,3335.000000,changed
2025-06-26 13:00:00+00:00,2026-10-04T22:10:08Z,3334.199951,3341.800049,3322.500000,3337.899902,3335.199951,3341.800049,3322.500000,3332.800049,changed
2025-06-26 14:00:00+00:00,2026-10-04T22:10:08Z,3331.800049,3337.000000,3324.399902,3330.199951,3332.600098,3337.000000,3324.399902,3331.500000,changed
2025-06-27 18:00:00+00:00,2026-10-04T22:10:08Z,3289.800049,3290.699951,3282.399902,3288.000000,3289.800049,3290.699951,3282.199951,3288.000000,changed
2025-06-30 14:00:00+00:00,2026-10-04T22:10:08Z,3299.100098,3301.500000,3290.899902,3299.399902,3296.600098,3301.500000,3290.899902,3299.399902,changed
2025-06-01 22:00:00+00:00,2026-10-04T22:41:33Z,3323.000000,3338.699951,3296.899902,3336.399902,3323.000000,3338.699951,3319.399902,3336.399902,changed
2025-06-01 23:00:00+00:00,2026-10-04T22:41:33Z,3336.399902,3339.899902,3308.500000,3333.300049,3336.399902,3339.899902,3332.699951,3333.300049,changed
2025-06-02 00:00:00+00:00,2026-10-04T22:41:33Z,3333.199951,3338.699951,3305.300049,3334.500000,3333.199951,3338.699951,3326.199951,3334.500000,changed
2025-06-02 01:00:00+00:00,2026-10-04T22:41:33Z,3334.699951,3337.100098,3301.600098,3326.600098,3334.699951,3337.100098,3324.300049,3326.600098,changed
2025-06-02 02:00:00+00:00,2026-10-04T22:41:33Z,3326.600098,3335.399902,3306.600098,3330.500000,3326.600098,3335.399902,3326.399902,3330.500000,changed
2025-06-02 04:00:00+00:00,2026-10-04T22:41:33Z,3332.600098,3341.899902,3312.199951,3337.699951,3332.600098,3341.899902,3332.600098,3337.699951,changed
2025-06-02 05:00:00+00:00,2026-10-04T22:41:33Z,3337.600098,3350.000000,3313.699951,3347.800049,3337.600098,3350.000000,3337.600098,3347.800049,changed
2025-06-02 06:00:00+00:00,2026-10-04T22:41:33Z,3347.899902,3369.899902,3323.899902,3368.899902,3347.899902,3369.899902,3347.600098,3368.899902,changed
2025-06-02 07:00:00+00:00,2026-10-04T22:41:33Z,3369.000000,3384.000000,3345.300049,3377.199951,3369.000000,3384.000000,3367.699951,3377.199951,changed
2025-06-02 08:00:00+00:00,2026-10-04T22:41:33Z,3377.199951,3381.199951,3351.600098,3376.500000,3377.199951,3381.199951,3374.699951,3376.500000,changed
2025-06-02 09:00:00+00:00,2026-10-04T22:41:33Z,3376.600098,3376.899902,3345.699951,3372.699951,3376.600098,3376.899902,3369.000000,3372.699951,changed
2025-06-02 10:00:00+00:00,2026-10-04T22:41:33Z,3372.899902,3376.300049,3345.500000,3373.300049,3372.899902,3376.300049,3368.800049,3373.300049,changed
2025-06-02 11:00:00+00:00,2026-10-04T22:41:33Z,3373.300049,3385.600098,3351.500000,3381.199951,3373.300049,3385.600098,3370.399902,3381.199951,changed
2025-06-02 12:00:00+00:00,2026-10-04T22:41:33Z,3380.899902,3388.899902,3355.000000,3380.100098,3380.899902,3388.899902,3378.699951,3380.100098,changed
2025-06-02 13:00:00+00:00,2026-10-04T22:41:33Z,3380.100098,3401.300049,3349.600098,3395.800049,3380.100098,3401.300049,3374.500000,3395.800049,changed
2025-06-02 14:00:00+00:00,2026-10-04T22:41:33Z,3371.600098,3404.199951,3369.600098,3400.600098,3396.100098,3404.199951,3391.800049,3400.600098,changed
2025-06-02 15:00:00+00:00,2026-10-04T22:41:33Z,3400.500000,3403.500000,3366.899902,3399.100098,3400.500000,3403.500000,3393.000000,3399.100098,changed
2025-06-02 16:00:00+00:00,2026-10-04T22:41:33Z,3399.300049,3404.699951,3369.899902,3396.899902,3399.300049,3404.699951,3394.300049,3396.899902,changed
2025-06-02 17:00:00+00:00,2026-10-04T22:41:33Z,3396.899902,3400.899902,3369.899902,3399.199951,3396.899902,3400.899902,3396.199951,3399.199951,changed
2025-06-02 18:00:00+00:00,2026-10-04T22:41:33Z,3399.399902,3405.399902,3371.500000,3404.399902,3399.399902,3405.399902,3395.800049,3404.399902,changed
2025-06-02 19:00:00+00:00,2026-10-04T22:41:33Z,3404.300049,3407.300049,3377.199951,3406.300049,3404.300049,3407.300049,3403.000000,3406.300049,changed
2025-06-02 20:00:00+00:00,2026-10-04T22:41:33Z,3406.300049,3408.100098,3379.100098,3406.399902,3406.300049,3408.100098,3403.300049,3406.399902,changed
2025-06-02 22:00:00+00:00,2026-10-04T22:41:33Z,3406.500000,3416.600098,3385.100098,3414.800049,3406.500000,3416.600098,3406.500000,3414.800049,changed
2025-06-02 23:00:00+00:00,2026-10-04T22:41:33Z,3414.800049,3417.800049,3385.000000,3412.800049,3414.800049,3417.800049,3408.300049,3412.800049,changed
2025-06-03 01:00:00+00:00,2026-10-04T22:41:33Z,3401.199951,3401.300049,3364.100098,3397.300049,3401.199951,3401.300049,3387.800049,3397.300049,changed
2025-06-03 02:00:00+00:00,2026-10-04T22:41:33Z,3397.300049,3403.000000,3369.800049,3393.600098,3397.300049,3403.000000,3389.000000,3393.600098,changed
2025-06-03 03:00:00+00:00,2026-10-04T22:41:33Z,3393.199951,3394.100098,3361.500000,3387.100098,3393.199951,3394.100098,3384.199951,3387.100098,changed
2025-06-03 04:00:00+00:00,2026-10-04T22:41:33Z,3385.699951,3389.800049,3359.899902,3386.899902,3385.699951,3389.800049,3383.399902,3386.899902,changed
2025-06-03 05:00:00+00:00,2026-10-04T22:41:33Z,3387.100098,3392.800049,3364.100098,3389.800049,3387.100098,3392.800049,3381.100098,3389.800049,changed
2025-06-03 06:00:00+00:00,2026-10-04T22:41:33Z,3389.899902,3392.100098,3350.000000,3383.199951,3389.899902,3392.100098,3375.600098,3383.199951,changed
2025-06-03 07:00:00+00:00,2026-10-04T22:41:33Z,3382.699951,3385.500000,3355.600098,3384.600098,3382.699951,3385.500000,3376.699951,3384.600098,changed
2025-06-03 08:00:00+00:00,2026-10-04T22:41:33Z,3384.699951,3389.800049,3358.100098,3385.500000,3384.699951,3389.800049,3384.300049,3385.500000,changed
2025-06-03 09:00:00+00:00,2026-10-04T22:41:33Z,3385.500000,3387.000000,3355.300049,3381.199951,3385.500000,3387.000000,3379.899902,3381.199951,changed
2025-06-03 10:00:00+00:00,2026-10-04T22:41:33Z,3381.500000,3383.100098,3354.300049,3379.899902,3381.500000,3383.100098,3379.100098,3379.899902,changed
2025-06-03 11:00:00+00:00,2026-10-04T22:41:33Z,3380.100098,3384.800049,3352.699951,3383.300049,3380.100098,3384.800049,3377.699951,3383.300049,changed
2025-06-03 12:00:00+00:00,2026-10-04T22:41:33Z,3383.500000,3387.199951,3348.500000,3383.600098,3383.500000,3387.199951,3371.000000,3383.600098,changed
2025-06-03 13:00:00+00:00,2026-10-04T22:41:33Z,3383.699951,3387.000000,3339.199951,3370.399902,3383.699951,3387.000000,3364.500000,3370.399902,changed
2025-06-03 14:00:00+00:00,2026-10-04T22:41:33Z,3369.800049,3374.600098,3331.300049,3370.500000,3369.800049,3374.600098,3357.199951,3370.500000,changed
2025-06-03 15:00:00+00:00,2026-10-04T22:41:33Z,3370.399902,3375.500000,3342.800049,3374.000000,3370.399902,3375.500000,3368.000000,3374.000000,changed
2025-06-03 16:00:00+00:00,2026-10-04T22:41:33Z,3374.000000,3377.399902,3342.199951,3372.300049,3374.000000,3377.399902,3367.899902,3372.300049,changed
2025-06-03 17:00:00+00:00,2026-10-04T22:41:33Z,3372.300049,3378.699951,3346.300049,3377.600098,3372.300049,3378.699951,3371.000000,3377.600098,changed
2025-06-03 18:00:00+00:00,2026-10-04T22:41:33Z,3377.600098,3378.199951,3350.600098,3377.600098,3377.600098,3378.199951,3374.600098,3377.600098,changed
2025-06-03 20:00:00+00:00,2026-10-04T22:41:33Z,3376.399902,3379.300049,3350.000000,3376.899902,3376.399902,3379.300049,3376.199951,3376.899902,changed
2025-06-04 00:00:00+00:00,2026-10-04T22:41:33Z,3384.399902,3384.699951,3351.600098,3373.600098,3384.399902,3384.699951,3373.100098,3373.600098,changed
2025-06-04 01:00:00+00:00,2026-10-04T22:41:33Z,3373.600098,3396.699951,3367.100098,3395.199951,3373.600098,3396.699951,3369.699951,3395.199951,changed
2025-06-04 04:00:00+00:00,2026-10-04T22:41:33Z,3383.500000,3385.699951,3351.600098,3378.399902,3383.500000,3385.699951,3375.899902,3378.399902,changed
2025-06-04 05:00:00+00:00,2026-10-04T22:41:33Z,3378.399902,3380.300049,3352.500000,3374.699951,3378.399902,3380.300049,3372.000000,3374.699951,changed
2025-06-04 08:00:00+00:00,2026-10-04T22:41:33Z,3378.000000,3387.399902,3352.100098,3386.500000,3378.000000,3388.000000,3375.100098,3386.500000,changed
2025-06-04 09:00:00+00:00,2026-10-04T22:41:33Z,3386.500000,3389.000000,3360.699951,3387.100098,3386.500000,3389.000000,3383.300049,3387.100098,changed
2025-06-04 11:00:00+00:00,2026-10-04T22:41:33Z,3374.600098,3376.199951,3344.000000,3370.500000,3374.600098,3376.199951,3366.899902,3370.500000,changed
2025-06-04 12:00:00+00:00,2026-10-04T22:41:33Z,3370.500000,3385.399902,3351.800049,3383.000000,3370.500000,3385.399902,3368.199951,3383.000000,changed
2025-06-04 13:00:00+00:00,2026-10-04T22:41:33Z,3383.199951,3387.199951,3350.800049,3376.800049,3383.199951,3387.199951,3375.199951,3376.800049,changed
2025-06-04 14:00:00+00:00,2026-10-04T22:41:33Z,3376.899902,3409.699951,3361.899902,3401.500000,3376.899902,3409.699951,3375.100098,3401.500000,changed
2025-06-04 16:00:00+00:00,2026-10-04T22:41:33Z,3396.500000,3400.500000,3371.500000,3399.399902,3396.500000,3400.500000,3395.399902,3399.399902,changed
2025-06-04 19:00:00+00:00,2026-10-04T22:41:33Z,3400.800049,3400.899902,3396.000000,3397.300049,3400.800049,3400.899902,3396.300049,3397.300049,changed
2025-06-04 22:00:00+00:00,2026-10-04T22:41:33Z,3398.000000,3399.500000,3371.500000,3397.199951,3398.000000,3399.500000,3395.800049,3397.199951,changed
2025-06-05 06:00:00+00:00,2026-10-04T22:41:33Z,3387.500000,3393.600098,3366.199951,3389.500000,3387.500000,3393.600098,3386.800049,3389.300049,changed
2025-06-05 07:00:00+00:00,2026-10-04T22:41:33Z,3389.399902,3398.000000,3370.300049,3394.800049,3390.100098,3398.000000,3389.100098,3394.800049,changed
2025-06-05 09:00:00+00:00,2026-10-04T22:41:33Z,3398.699951,3415.300049,3375.100098,3413.500000,3398.699951,3415.300049,3397.500000,3413.500000,changed
2025-06-05 10:00:00+00:00,2026-10-04T22:41:33Z,3413.300049,3424.699951,3393.300049,3424.100098,3413.300049,3424.699951,3411.800049,3424.100098,changed
2025-06-05 11:00:00+00:00,2026-10-04T22:41:33Z,3424.000000,3427.699951,3415.899902,3416.600098,3424.000000,3427.699951,3416.300049,3416.600098,changed
2025-06-05 12:00:00+00:00,2026-10-04T22:41:33Z,3416.800049,3425.000000,3382.300049,3407.199951,3416.800049,3425.000000,3400.500000,3405.100098,changed
2025-06-05 13:00:00+00:00,2026-10-04T22:41:33Z,3407.300049,3412.600098,3381.500000,3401.899902,3405.699951,3412.600098,3394.800049,3401.899902,changed
2025-06-05 14:00:00+00:00,2026-10-04T22:41:33Z,3401.899902,3407.300049,3366.600098,3391.000000,3401.899902,3407.300049,3387.100098,3391.000000,changed
2025-06-05 15:00:00+00:00,2026-10-04T22:41:33Z,3390.899902,3396.399902,3344.000000,3368.100098,3390.899902,3396.399902,3362.300049,3368.100098,changed
2025-06-05 16:00:00+00:00,2026-10-04T22:41:33Z,3367.699951,3379.399902,3343.699951,3376.800049,3367.699951,3379.399902,3362.800049,3376.800049,changed
2025-06-05 17:00:00+00:00,2026-10-04T22:41:33Z,3377.100098,3377.800049,3349.199951,3376.899902,3377.100098,3377.800049,3371.699951,3376.899902,changed
2025-06-05 19:00:00+00:00,2026-10-04T22:41:33Z,3376.600098,3384.699951,3354.800049,3380.500000,3376.600098,3383.399902,3376.000000,3380.500000,changed
2025-06-05 20:00:00+00:00,2026-10-04T22:41:33Z,3380.399902,3381.500000,3352.199951,3376.100098,3380.399902,3381.500000,3375.800049,3376.100098,changed
2025-06-06 06:00:00+00:00,2026-10-04T22:41:33Z,3389.399902,3390.300049,3362.000000,3384.000000,3389.399902,3390.600098,3379.399902,3384.000000,changed
2025-06-06 07:00:00+00:00,2026-10-04T22:41:33Z,3384.000000,3385.300049,3359.000000,3382.699951,3384.000000,3385.300049,3375.300049,3382.699951,changed
2025-06-06 10:00:00+00:00,2026-10-04T22:41:33Z,3380.000000,3384.000000,3357.500000,3383.600098,3380.000000,3384.000000,3379.199951,3383.600098,changed
2025-06-06 12:00:00+00:00,2026-10-04T22:41:33Z,3381.500000,3385.199951,3345.100098,3376.199951,3381.500000,3387.300049,3365.600098,3376.199951,changed
2025-06-06 13:00:00+00:00,2026-10-04T22:41:33Z,3375.699951,3384.300049,3346.800049,3367.899902,3375.699951,3384.300049,3364.800049,3365.600098,changed
2025-06-06 14:00:00+00:00,2026-10-04T22:41:33Z,3367.000000,3367.800049,3315.699951,3348.800049,3365.399902,3367.800049,3338.500000,3348.800049,changed
2025-06-06 15:00:00+00:00,2026-10-04T22:41:33Z,3348.699951,3359.199951,3330.899902,3354.600098,3348.699951,3359.199951,3345.699951,3354.600098,changed
2025-06-06 16:00:00+00:00,2026-10-04T22:41:33Z,3354.500000,3355.199951,3323.000000,3344.899902,3354.500000,3355.199951,3342.899902,3344.899902,changed
2025-06-06 19:00:00+00:00,2026-10-04T22:41:33Z,3340.000000,3341.199951,3309.500000,3334.399902,3340.000000,3341.199951,3333.100098,3334.399902,changed
2025-06-06 20:00:00+00:00,2026-10-04T22:41:33Z,3334.300049,3334.800049,3306.000000,3331.000000,3334.300049,3334.800049,3328.800049,3331.000000,changed
2025-06-08 22:00:00+00:00,2026-10-04T22:41:33Z,3333.399902,3341.000000,3307.899902,3334.600098,3333.399902,3341.000000,3329.000000,3334.600098,changed
2025-06-09 00:00:00+00:00,2026-10-04T22:41:33Z,3338.500000,3339.000000,3301.000000,3325.300049,3338.500000,3339.000000,3317.500000,3325.300049,changed
2025-06-09 01:00:00+00:00,2026-10-04T22:41:33Z,3325.500000,3329.100098,3302.300049,3315.500000,3325.500000,3329.300049,3314.500000,3315.500000,changed
2025-06-09 02:00:00+00:00,2026-10-04T22:41:33Z,3315.899902,3327.500000,3290.000000,3325.300049,3315.899902,3327.500000,3313.100098,3325.300049,changed
2025-06-09 03:00:00+00:00,2026-10-04T22:41:33Z,3325.300049,3331.899902,3323.800049,3330.300049,3325.300049,3331.899902,3323.699951,3330.300049,changed
2025-06-09 04:00:00+00:00,2026-10-04T22:41:33Z,3330.699951,3333.399902,3308.899902,3331.800049,3330.699951,3333.399902,3329.000000,3331.800049,changed
2025-06-09 05:00:00+00:00,2026-10-04T22:41:33Z,3331.899902,3336.899902,3307.399902,3335.100098,3331.899902,3336.899902,3329.500000,3335.100098,changed
2025-06-09 06:00:00+00:00,2026-10-04T22:41:33Z,3335.000000,3345.800049,3333.000000,3345.199951,3335.000000,3345.800049,3332.699951,3345.199951,changed
2025-06-09 07:00:00+00:00,2026-10-04T22:41:33Z,3344.899902,3349.800049,3324.199951,3345.199951,3344.899902,3349.800049,3341.600098,3345.199951,changed
2025-06-09 08:00:00+00:00,2026-10-04T22:41:33Z,3345.300049,3346.699951,3322.699951,3340.500000,3345.300049,3346.699951,3340.500000,3340.500000,changed
2025-06-09 10:00:00+00:00,2026-10-04T22:41:33Z,3339.500000,3340.699951,3309.800049,3335.699951,3339.500000,3340.699951,3333.000000,3335.699951,changed
2025-06-09 12:00:00+00:00,2026-10-04T22:41:33Z,3338.600098,3343.399902,3318.800049,3341.399902,3338.600098,3343.399902,3333.699951,3341.399902,changed
2025-06-09 13:00:00+00:00,2026-10-04T22:41:33Z,3341.199951,3342.500000,3313.699951,3340.100098,3341.199951,3342.500000,3331.500000,3340.100098,changed
2025-06-09 14:00:00+00:00,2026-10-04T22:41:33Z,3339.899902,3347.899902,3317.500000,3341.699951,3339.899902,3347.899902,3336.899902,3341.699951,changed
2025-06-09 15:00:00+00:00,2026-10-04T22:41:33Z,3341.800049,3353.500000,3320.699951,3349.800049,3341.800049,3353.500000,3341.100098,3349.800049,changed
2025-06-09 18:00:00+00:00,2026-10-04T22:41:33Z,3354.000000,3357.699951,3330.600098,3354.000000,3354.000000,3357.699951,3353.399902,3354.000000,changed
2025-06-09 19:00:00+00:00,2026-10-04T22:41:33Z,3353.899902,3356.300049,3324.399902,3348.199951,3353.899902,3356.300049,3346.899902,3348.199951,changed
2025-06-09 22:00:00+00:00,2026-10-04T22:41:33Z,3346.300049,3348.300049,3341.600098,3343.699951,3346.300049,3354.899902,3341.600098,3344.100098,changed
2025-06-09 23:00:00+00:00,2026-10-04T22:41:33Z,3344.000000,3348.000000,3343.800049,3346.600098,3344.699951,3354.899902,3344.100098,3346.600098,changed
2025-06-10 01:00:00+00:00,2026-10-04T22:41:33Z,3336.199951,3339.699951,3302.000000,3326.199951,3336.199951,3339.699951,3322.600098,3326.199951,changed
2025-06-10 02:00:00+00:00,2026-10-04T22:41:33Z,3325.800049,3330.000000,3302.000000,3329.100098,3325.800049,3330.000000,3321.300049,3329.100098,changed
2025-06-10 05:00:00+00:00,2026-10-04T22:41:33Z,3326.800049,3339.399902,3307.100098,3337.899902,3326.800049,3339.399902,3326.100098,3337.899902,changed
2025-06-10 07:00:00+00:00,2026-10-04T22:41:33Z,3345.100098,3352.899902,3326.100098,3349.899902,3345.100098,3352.899902,3344.300049,3349.899902,changed
2025-06-10 08:00:00+00:00,2026-10-04T22:41:33Z,3350.600098,3355.800049,3329.699951,3350.000000,3350.600098,3355.800049,3346.399902,3350.000000,changed
2025-06-10 09:00:00+00:00,2026-10-04T22:41:33Z,3349.899902,3352.399902,3325.899902,3350.500000,3349.899902,3352.399902,3347.899902,3350.500000,changed
2025-06-10 11:00:00+00:00,2026-10-04T22:41:33Z,3356.199951,3363.600098,3337.000000,3354.399902,3356.199951,3363.600098,3352.899902,3354.399902,changed
2025-06-10 12:00:00+00:00,2026-10-04T22:41:33Z,3354.600098,3361.500000,3337.100098,3358.100098,3354.600098,3361.300049,3350.300049,3358.100098,changed
2025-06-10 13:00:00+00:00,2026-10-04T22:41:33Z,3358.199951,3370.399902,3344.300049,3364.600098,3358.199951,3370.399902,3356.500000,3364.600098,changed
2025-06-10 14:00:00+00:00,2026-10-04T22:41:33Z,3364.600098,3364.899902,3337.899902,3349.600098,3364.600098,3364.899902,3347.300049,3349.399902,changed
2025-06-10 15:00:00+00:00,2026-10-04T22:41:33Z,3346.800049,3350.399902,3324.000000,3347.699951,3346.699951,3350.399902,3344.100098,3347.699951,changed
2025-06-10 16:00:00+00:00,2026-10-04T22:41:33Z,3347.500000,3348.800049,3340.800049,3342.300049,3347.500000,3348.800049,3340.800049,3342.100098,changed
2025-06-10 17:00:00+00:00,2026-10-04T22:41:33Z,3342.300049,3347.000000,3341.100098,3345.800049,3342.500000,3346.399902,3341.100098,3345.800049,changed
2025-06-10 18:00:00+00:00,2026-10-04T22:41:33Z,3345.899902,3346.300049,3319.100098,3342.500000,3345.899902,3346.300049,3340.100098,3342.500000,changed
2025-06-10 19:00:00+00:00,2026-10-04T22:41:33Z,3342.600098,3355.600098,3331.000000,3349.899902,3342.600098,3355.600098,3342.199951,3349.899902,changed
2025-06-11 00:00:00+00:00,2026-10-04T22:41:33Z,3348.600098,3356.399902,3328.000000,3353.199951,3348.600098,3356.399902,3345.100098,3353.199951,changed
2025-06-11 01:00:00+00:00,2026-10-04T22:41:33Z,3353.300049,3358.600098,3335.399902,3349.500000,3353.300049,3358.600098,3348.600098,3349.500000,changed
2025-06-11 03:00:00+00:00,2026-10-04T22:41:33Z,3359.399902,3363.199951,3335.800049,3361.000000,3359.399902,3363.199951,3357.199951,3361.000000,changed
2025-06-11 04:00:00+00:00,2026-10-04T22:41:33Z,3360.699951,3364.399902,3358.399902,3363.399902,3360.699951,3364.399902,3358.399902,3363.100098,changed
2025-06-11 05:00:00+00:00,2026-10-04T22:41:33Z,3358.899902,3360.699951,3356.199951,3360.500000,3363.199951,3364.800049,3356.199951,3360.500000,changed
2025-06-11 09:00:00+00:00,2026-10-04T22:41:33Z,3365.500000,3365.699951,3335.100098,3354.699951,3365.500000,3365.699951,3352.699951,3354.699951,changed
2025-06-11 11:00:00+00:00,2026-10-04T22:41:33Z,3350.399902,3355.800049,3328.399902,3353.800049,3350.399902,3355.800049,3345.699951,3353.800049,changed
2025-06-11 12:00:00+00:00,2026-10-04T22:41:33Z,3353.800049,3382.300049,3335.600098,3357.300049,3353.800049,3382.300049,3347.800049,3357.300049,changed
2025-06-11 13:00:00+00:00,2026-10-04T22:41:33Z,3357.300049,3366.000000,3328.899902,3350.699951,3357.300049,3365.600098,3347.500000,3350.699951,changed
2025-06-11 14:00:00+00:00,2026-10-04T22:41:33Z,3350.500000,3361.399902,3332.899902,3358.800049,3350.500000,3361.399902,3349.199951,3358.800049,changed
2025-06-11 15:00:00+00:00,2026-10-04T22:41:33Z,3358.800049,3363.100098,3330.199951,3353.699951,3358.800049,3363.100098,3350.000000,3353.699951,changed
2025-06-11 17:00:00+00:00,2026-10-04T22:41:33Z,3351.000000,3352.100098,3323.300049,3344.500000,3351.000000,3352.100098,3339.399902,3344.500000,changed
2025-06-11 18:00:00+00:00,2026-10-04T22:41:33Z,3344.699951,3368.399902,3342.300049,3364.300049,3344.699951,3368.399902,3344.000000,3364.300049,changed
2025-06-11 19:00:00+00:00,2026-10-04T22:41:33Z,3364.500000,3370.199951,3341.600098,3367.899902,3364.500000,3370.199951,3362.699951,3367.899902,changed
2025-06-11 20:00:00+00:00,2026-10-04T22:41:33Z,3368.000000,3376.600098,3351.100098,3376.000000,3368.000000,3376.600098,3367.800049,3376.000000,changed
2025-06-11 22:00:00+00:00,2026-10-04T22:41:33Z,3377.500000,3390.300049,3363.000000,3389.399902,3377.500000,3390.300049,3376.300049,3389.399902,changed
2025-06-12 00:00:00+00:00,2026-10-04T22:41:33Z,3386.000000,3391.899902,3366.000000,3386.399902,3386.000000,3391.899902,3382.500000,3386.399902,changed
2025-06-12 01:00:00+00:00,2026-10-04T22:41:33Z,3386.399902,3397.100098,3366.600098,3391.600098,3386.399902,3397.100098,3382.699951,3391.600098,changed
2025-06-12 02:00:00+00:00,2026-10-04T22:41:33Z,3391.300049,3398.399902,3368.000000,3394.899902,3391.300049,3398.399902,3389.300049,3394.899902,changed
2025-06-12 03:00:00+00:00,2026-10-04T22:41:33Z,3394.899902,3396.899902,3371.500000,3393.899902,3394.899902,3396.899902,3391.500000,3393.899902,changed
2025-06-12 08:00:00+00:00,2026-10-04T22:41:33Z,3366.800049,3380.800049,3353.399902,3376.300049,3366.800049,3380.800049,3366.699951,3376.300049,changed
2025-06-12 09:00:00+00:00,2026-10-04T22:41:33Z,3376.199951,3388.199951,3359.399902,3385.500000,3376.199951,3388.199951,3375.000000,3385.500000,changed
2025-06-12 12:00:00+00:00,2026-10-04T22:41:33Z,3399.500000,3411.399902,3378.899902,3409.199951,3399.500000,3411.399902,3396.699951,3409.199951,changed
2025-06-12 13:00:00+00:00,2026-10-04T22:41:33Z,3409.000000,3419.800049,3386.500000,3412.800049,3409.000000,3419.800049,3399.899902,3412.800049,changed
2025-06-12 15:00:00+00:00,2026-10-04T22:41:33Z,3404.399902,3411.500000,3389.500000,3406.500000,3404.399902,3411.500000,3398.100098,3406.500000,changed
2025-06-12 16:00:00+00:00,2026-10-04T22:41:33Z,3406.600098,3412.399902,3385.600098,3404.399902,3406.600098,3412.399902,3401.699951,3404.399902,changed
2025-06-12 19:00:00+00:00,2026-10-04T22:41:33Z,3406.199951,3409.699951,3387.000000,3408.500000,3406.199951,3409.699951,3405.000000,3408.500000,changed
2025-06-12 20:00:00+00:00,2026-10-04T22:41:33Z,3408.399902,3409.399902,3385.300049,3406.399902,3408.399902,3409.399902,3405.500000,3406.399902,changed
2025-06-13 00:00:00+00:00,2026-10-04T22:41:33Z,3416.199951,3442.000000,3407.300049,3436.399902,3416.199951,3442.000000,3412.399902,3436.399902,changed
2025-06-13 01:00:00+00:00,2026-10-04T22:41:33Z,3436.199951,3455.300049,3432.899902,3449.000000,3436.199951,3455.300049,3435.100098,3449.000000,changed
2025-06-13 02:00:00+00:00,2026-10-04T22:41:33Z,3448.699951,3466.800049,3431.199951,3463.800049,3448.699951,3466.800049,3446.300049,3463.800049,changed
2025-06-13 05:00:00+00:00,2026-10-04T22:41:33Z,3447.199951,3450.800049,3421.600098,3447.199951,3447.199951,3450.800049,3439.000000,3447.199951,changed
2025-06-13 06:00:00+00:00,2026-10-04T22:41:33Z,3447.199951,3450.500000,3426.000000,3436.899902,3447.199951,3450.500000,3429.199951,3436.899902,changed
2025-06-13 07:00:00+00:00,2026-10-04T22:41:33Z,3437.000000,3439.699951,3415.000000,3435.500000,3437.000000,3439.699951,3428.300049,3435.500000,changed
2025-06-13 12:00:00+00:00,2026-10-04T22:41:33Z,3442.300049,3458.899902,3424.100098,3457.100098,3442.300049,3458.899902,3441.699951,3457.100098,changed
2025-06-13 13:00:00+00:00,2026-10-04T22:41:33Z,3457.000000,3468.000000,3440.300049,3457.600098,3457.000000,3468.000000,3454.300049,3457.600098,changed
2025-06-13 14:00:00+00:00,2026-10-04T22:41:33Z,3457.300049,3460.500000,3426.100098,3448.399902,3457.899902,3460.500000,3444.100098,3448.399902,changed
2025-06-13 15:00:00+00:00,2026-10-04T22:41:33Z,3448.399902,3450.899902,3425.199951,3446.300049,3448.399902,3450.899902,3440.199951,3446.300049,changed
2025-06-13 20:00:00+00:00,2026-10-04T22:41:33Z,3452.300049,3455.100098,3448.899902,3452.600098,3453.000000,3455.100098,3448.899902,3452.600098,changed
2025-06-16 17:00:00+00:00,2026-10-04T22:41:33Z,3418.500000,3419.399902,3410.300049,3412.199951,3418.800049,3419.399902,3410.300049,3412.199951,changed
2025-06-17 19:00:00+00:00,2026-10-04T22:41:33Z,3401.600098,3405.000000,3400.699951,3404.399902,3401.600098,3405.000000,3401.100098,3404.399902,changed
2025-06-17 22:00:00+00:00,2026-10-04T22:41:33Z,3409.000000,3414.600098,3407.000000,3407.300049,3409.000000,3414.600098,3406.899902,3407.699951,changed
2025-06-17 23:00:00+00:00,2026-10-04T22:41:33Z,3407.500000,3409.000000,3404.000000,3405.600098,3408.000000,3409.000000,3403.300049,3405.500000,changed
2025-06-18 00:00:00+00:00,2026-10-04T22:41:33Z,3405.000000,3407.199951,3401.199951,3404.000000,3405.399902,3407.199951,3401.199951,3404.000000,changed
2025-06-18 14:00:00+00:00,2026-10-04T22:41:33Z,3411.100098,3411.500000,3391.699951,3405.699951,3409.300049,3409.699951,3391.699951,3405.699951,changed
2025-06-18 15:00:00+00:00,2026-10-04T22:41:33Z,3405.399902,3411.399902,3399.500000,3411.000000,3407.199951,3411.399902,3399.500000,3411.000000,changed
2025-06-18 17:00:00+00:00,2026-10-04T22:41:33Z,3409.600098,3409.899902,3402.399902,3403.500000,3409.600098,3409.899902,3403.699951,3404.500000,changed
2025-06-18 18:00:00+00:00,2026-10-04T22:41:33Z,3403.500000,3414.199951,3396.000000,3397.100098,3411.699951,3414.199951,3396.000000,3397.100098,changed
2025-06-18 19:00:00+00:00,2026-10-04T22:41:33Z,3396.899902,3397.500000,3380.500000,3384.600098,3396.899902,3397.500000,3380.500000,3385.300049,changed
2025-06-18 20:00:00+00:00,2026-10-04T22:41:33Z,3384.399902,3387.600098,3380.100098,3386.399902,3384.199951,3387.600098,3380.100098,3387.300049,changed
2025-06-18 22:00:00+00:00,2026-10-04T22:41:33Z,3387.100098,3396.699951,3386.300049,3392.000000,3387.000000,3396.699951,3386.699951,3392.000000,changed
2025-06-19 09:00:00+00:00,2026-10-04T22:41:33Z,3385.800049,3391.000000,3380.899902,3387.300049,3385.800049,3391.000000,3379.800049,3387.300049,changed
2025-06-20 15:00:00+00:00,2026-10-04T22:41:33Z,3385.600098,3388.100098,3382.100098,3385.699951,3385.600098,3388.100098,3382.100098,3385.600098,changed
2025-06-20 17:00:00+00:00,2026-10-04T22:41:33Z,3387.600098,3387.899902,3382.300049,3383.199951,3387.600098,3387.899902,3382.899902,3383.199951,changed
2025-06-23 07:00:00+00:00,2026-10-04T22:41:33Z,3372.300049,3374.000000,3366.399902,3372.800049,3372.300049,3373.899902,3366.399902,3372.800049,changed
2025-06-23 11:00:00+00:00,2026-10-04T22:41:33Z,3383.699951,3397.899902,3383.699951,3396.100098,3383.699951,3397.899902,3383.699951,3395.699951,changed
2025-06-23 12:00:00+00:00,2026-10-04T22:41:33Z,3396.300049,3396.600098,3371.100098,3375.600098,3395.500000,3395.800049,3371.100098,3375.600098,changed
2025-06-23 13:00:00+00:00,2026-10-04T22:41:33Z,3375.500000,3403.600098,3374.899902,3396.500000,3378.500000,3403.600098,3377.500000,3396.500000,changed
2025-06-23 14:00:00+00:00,2026-10-04T22:41:33Z,3396.300049,3402.600098,3384.899902,3402.300049,3396.300049,3402.500000,3384.899902,3402.300049,changed
2025-06-23 15:00:00+00:00,2026-10-04T22:41:33Z,3402.600098,3405.899902,3400.500000,3403.300049,3403.800049,3405.899902,3400.600098,3403.300049,changed
2025-06-24 15:00:00+00:00,2026-10-04T22:41:33Z,3317.399902,3330.899902,3313.699951,3326.899902,3314.600098,3330.899902,3313.699951,3326.899902,changed
2025-06-25 15:00:00+00:00,2026-10-04T22:41:33Z,3336.699951,3340.899902,3335.199951,3339.199951,3336.699951,3340.899902,3335.800049,3339.199951,changed
2025-06-26 08:00:00+00:00,2026-10-04T22:41:33Z,3359.399902,3363.899902,3357.800049,3361.600098,3359.399902,3363.899902,3357.800049,3361.800049,changed
2025-06-26 09:00:00+00:00,2026-10-04T22:41:33Z,3361.600098,3362.300049,3352.399902,3353.899902,3361.800049,3362.300049,3351.899902,3353.800049,changed
2025-06-26 10:00:00+00:00,2026-10-04T22:41:33Z,3353.899902,3356.899902,3351.300049,3356.500000,3354.199951,3356.000000,3351.300049,3355.899902,changed
2025-06-26 11:00:00+00:00,2026-10-04T22:41:33Z,3356.600098,3357.500000,3344.899902,3346.399902,3356.600098,3357.199951,3344.899902,3346.399902,changed
2025-06-26 12:00:00+00:00,2026-10-04T22:41:33Z,3346.500000,3357.800049,3334.699951,3335.000000,3346.500000,3357.800049,3337.500000,3338.300049,changed
2025-06-26 13:00:00+00:00,2026-10-04T22:41:33Z,3335.199951,3341.800049,3322.500000,3332.800049,3334.199951,3341.800049,3322.500000,3337.899902,changed
2025-06-26 14:00:00+00:00,2026-10-04T22:41:33Z,3332.600098,3337.000000,3324.399902,3331.500000,3331.800049,3337.000000,3324.399902,3330.199951,changed
2025-06-27 18:00:00+00:00,2026-10-04T22:41:33Z,3289.800049,3290.699951,3282.199951,3288.000000,3289.800049,3290.699951,3282.399902,3288.000000,changed
2025-06-30 14:00:00+00:00,2026-10-04T22:41:33Z,3296.600098,3301.500000,3290.899902,3299.399902,3299.100098,3301.500000,3290.899902,3299.399902,changed
2025-06-01 22:00:00+00:00,2026-10-04T22:55:27Z,3323.000000,3338.699951,3319.399902,3336.399902,3323.000000,3338.699951,3296.899902,3336.399902,changed
2025-06-01 23:00:00+00:00,2026-10-04T22:55:27Z,3336.399902,3339.899902,3332.699951,3333.300049,3336.399902,3339.899902,3308.500000,3333.300049,changed
2025-06-02 00:00:00+00:00,2026-10-04T22:55:27Z,3333.199951,3338.699951,3326.199951,3334.500000,3333.199951,3338.699951,3305.300049,3334.500000,changed
2025-06-02 01:00:00+00:00,2026-10-04T22:55:27Z,3334.699951,3337.100098,3324.300049,3326.600098,3334.699951,3337.100098,3301.600098,3326.600098,changed
2025-06-02 02:00:00+00:00,2026-10-04T22:55:27Z,3326.600098,3335.399902,3326.399902,3330.500000,3326.600098,3335.399902,3306.600098,3330.500000,changed
2025-06-02 04:00:00+00:00,2026-10-04T22:55:27Z,3332.600098,3341.899902,3332.600098,3337.699951,3332.600098,3341.899902,3312.199951,3337.699951,changed
2025-06-02 05:00:00+00:00,2026-10-04T22:55:27Z,3337.600098,3350.000000,3337.600098,3347.800049,3337.600098,3350.000000,3313.699951,3347.800049,changed
2025-06-02 06:00:00+00:00,2026-10-04T22:55:27Z,3347.899902,3369.899902,3347.600098,3368.899902,3347.899902,3369.899902,3323.899902,3368.899902,changed
2025-06-02 07:00:00+00:00,2026-10-04T22:55:27Z,3369.000000,3384.000000,3367.699951,3377.199951,3369.000000,3384.000000,3345.300049,3377.199951,changed
2025-06-02 08:00:00+00:00,2026-10-04T22:55:27Z,3377.199951,3381.199951,3374.699951,3376.500000,3377.199951,3381.199951,3351.600098,3376.500000,changed
2025-06-02 09:00:00+00:00,2026-10-04T22:55:27Z,3376.600098,3376.899902,3369.000000,3372.699951,3376.600098,3376.899902,3345.699951,3372.699951,changed
2025-06-02 10:00:00+00:00,2026-10-04T22:55:27Z,3372.899902,3376.300049,3368.800049,3373.300049,3372.899902,3376.300049,3345.500000,3373.300049,changed
2025-06-02 11:00:00+00:00,2026-10-04T22:55:27Z,3373.300049,3385.600098,3370.399902,3381.199951,3373.300049,3385.600098,3351.500000,3381.199951,changed
2025-06-02 12:00:00+00:00,2026-10-04T22:55:27Z,3380.899902,3388.899902,3378.699951,3380.100098,3380.899902,3388.899902,3355.000000,3380.100098,changed
2025-06-02 13:00:00+00:00,2026-10-04T22:55:27Z,3380.100098,3401.300049,3374.500000,3395.800049,3380.100098,3401.300049,3349.600098,3395.800049,changed
2025-06-02 14:00:00+00:00,2026-10-04T22:55:27Z,3396.100098,3404.199951,3391.800049,3400.600098,3371.600098,3404.199951,3369.600098,3400.600098,changed
2025-06-02 15:00:00+00:00,2026-10-04T22:55:27Z,3400.500000,3403.500000,3393.000000,3399.100098,3400.500000,3403.500000,3366.899902,3399.100098,changed
2025-06-02 16:00:00+00:00,2026-10-04T22:55:27Z,3399.300049,3404.699951,3394.300049,3396.899902,3399.300049,3404.699951,3369.899902,3396.899902,changed
2025-06-02 17:00:00+00:00,2026-10-04T22:55:27Z,3396.899902,3400.899902,3396.199951,3399.199951,3396.899902,3400.899902,3369.899902,3399.199951,changed
2025-06-02 18:00:00+00:00,2026-10-04T22:55:27Z,3399.399902,3405.399902,3395.800049,3404.399902,3399.399902,3405.399902,3371.500000,3404.399902,changed
2025-06-02 19:00:00+00:00,2026-10-04T22:55:27Z,3404.300049,3407.300049,3403.000000,3406.300049,3404.300049,3407.300049,3377.199951,3406.300049,changed
2025-06-02 20:00:00+00:00,2026-10-04T22:55:27Z,3406.300049,3408.100098,3403.300049,3406.399902,3406.300049,3408.100098,3379.100098,3406.399902,changed
2025-06-02 22:00:00+00:00,2026-10-04T22:55:27Z,3406.500000,3416.600098,3406.500000,3414.800049,3406.500000,3416.600098,3385.100098,3414.800049,changed
2025-06-02 23:00:00+00:00,2026-10-04T22:55:27Z,3414.800049,3417.800049,3408.300049,3412.800049,3414.800049,3417.800049,3385.000000,3412.800049,changed
2025-06-03 01:00:00+00:00,2026-10-04T22:55:27Z,3401.199951,3401.300049,3387.800049,3397.300049,3401.199951,3401.300049,3364.100098,3397.300049,changed
2025-06-03 02:00:00+00:00,2026-10-04T22:55:27Z,3397.300049,3403.000000,3389.000000,3393.600098,3397.300049,3403.000000,3369.800049,3393.600098,changed
2025-06-03 03:00:00+00:00,2026-10-04T22:55:27Z,3393.199951,3394.100098,3384.199951,3387.100098,3393.199951,3394.100098,3361.500000,3387.100098,changed
2025-06-03 04:00:00+00:00,2026-10-04T22:55:27Z,3385.699951,3389.800049,3383.399902,3386.899902,3385.699951,3389.800049,3359.899902,3386.899902,changed
2025-06-03 05:00:00+00:00,2026-10-04T22:55:27Z,3387.100098,3392.800049,3381.100098,3389.800049,3387.100098,3392.800049,3364.100098,3389.800049,changed
2025-06-03 06:00:00+00:00,2026-10-04T22:55:27Z,3389.899902,3392.100098,3375.600098,3383.199951,3389.899902,3392.100098,3350.000000,3383.199951,changed
2025-06-03 07:00:00+00:00,2026-10-04T22:55:27Z,3382.699951,3385.500000,3376.699951,3384.600098,3382.699951,3385.500000,3355.600098,3384.600098,changed
2025-06-03 08:00:00+00:00,2026-10-04T22:55:27Z,3384.699951,3389.800049,3384.300049,3385.500000,3384.699951,3389.800049,3358.100098,3385.500000,changed
2025-06-03 09:00:00+00:00,2026-10-04T22:55:27Z,3385.500000,3387.000000,3379.899902,3381.199951,3385.500000,3387.000000,3355.300049,3381.199951,changed
2025-06-03 10:00:00+00:00,2026-10-04T22:55:27Z,3381.500000,3383.100098,3379.100098,3379.899902,3381.500000,3383.100098,3354.300049,3379.899902,changed
2025-06-03 11:00:00+00:00,2026-10-04T22:55:27Z,3380.100098,3384.800049,3377.699951,3383.300049,3380.100098,3384.800049,3352.699951,3383.300049,changed
2025-06-03 12:00:00+00:00,2026-10-04T22:55:27Z,3383.500000,3387.199951,3371.000000,3383.600098,3383.500000,3387.199951,3348.500000,3383.600098,changed
2025-06-03 13:00:00+00:00,2026-10-04T22:55:27Z,3383.699951,3387.000000,3364.500000,3370.399902,3383.699951,3387.000000,3339.199951,3370.399902,changed
2025-06-03 14:00:00+00:00,2026-10-04T22:55:27Z,3369.800049,3374.600098,3357.199951,3370.500000,3369.800049,3374.600098,3331.300049,3370.500000,changed
2025-06-03 15:00:00+00:00,2026-10-04T22:55:27Z,3370.399902,3375.500000,3368.000000,3374.000000,3370.399902,3375.500000,3342.800049,3374.000000,changed
2025-06-03 16:00:00+00:00,2026-10-04T22:55:27Z,3374.000000,3377.399902,3367.899902,3372.300049,3374.000000,3377.399902,3342.199951,3372.300049,changed
2025-06-03 17:00:00+00:00,2026-10-04T22:55:27Z,3372.300049,3378.699951,3371.000000,3377.600098,3372.300049,3378.699951,3346.300049,3377.600098,changed
2025-06-03 18:00:00+00:00,2026-10-04T22:55:27Z,3377.600098,3378.199951,3374.600098,3377.600098,3377.600098,3378.199951,3350.600098,3377.600098,changed
2025-06-03 20:00:00+00:00,2026-10-04T22:55:27Z,3376.399902,3379.300049,3376.199951,3376.899902,3376.399902,3379.300049,3350.000000,3376.899902,changed
2025-06-04 00:00:00+00:00,2026-10-04T22:55:27Z,3384.399902,3384.699951,3373.100098,3373.600098,3384.399902,3384.699951,3351.600098,3373.600098,changed
2025-06-04 01:00:00+00:00,2026-10-04T22:55:27Z,3373.600098,3396.699951,3369.699951,3395.199951,3373.600098,3396.699951,3367.100098,3395.199951,changed
2025-06-04 04:00:00+00:00,2026-10-04T22:55:27Z,3383.500000,3385.699951,3375.899902,3378.399902,3383.500000,3385.699951,3351.600098,3378.399902,changed
2025-06-04 05:00:00+00:00,2026-10-04T22:55:27Z,3378.399902,3380.300049,3372.000000,3374.699951,3378.399902,3380.300049,3352.500000,3374.699951,changed
2025-06-04 08:00:00+00:00,2026-10-04T22:55:27Z,3378.000000,3388.000000,3375.100098,3386.500000,3378.000000,3387.399902,3352.100098,3386.500000,changed
2025-06-04 09:00:00+00:00,2026-10-04T22:55:27Z,3386.500000,3389.000000,3383.300049,3387.100098,3386.500000,3389.000000,3360.699951,3387.100098,changed
2025-06-04 11:00:00+00:00,2026-10-04T22:55:27Z,3374.600098,3376.199951,3366.899902,3370.500000,3374.600098,3376.199951,3344.000000,3370.500000,changed
2025-06-04 12:00:00+00:00,2026-10-04T22:55:27Z,3370.500000,3385.399902,3368.199951,3383.000000,3370.500000,3385.399902,3351.800049,3383.000000,changed
2025-06-04 13:00:00+00:00,2026-10-04T22:55:27Z,3383.199951,3387.199951,3375.199951,3376.800049,3383.199951,3387.199951,3350.800049,3376.800049,changed
2025-06-04 14:00:00+00:00,2026-10-04T22:55:27Z,3376.899902,3409.699951,3375.100098,3401.500000,3376.899902,3409.699951,3361.899902,3401.500000,changed
2025-06-04 16:00:00+00:00,2026-10-04T22:55:27Z,3396.500000,3400.500000,3395.399902,3399.399902,3396.500000,3400.500000,3371.500000,3399.399902,changed
2025-06-04 19:00:00+00:00,2026-10-04T22:55:27Z,3400.800049,3400.899902,3396.300049,3397.300049,3400.800049,3400.899902,3396.000000,3397.300049,changed
2025-06-04 22:00:00+00:00,2026-10-04T22:55:27Z,3398.000000,3399.500000,3395.800049,3397.199951,3398.000000,3399.500000,3371.500000,3397.199951,changed
2025-06-05 06:00:00+00:00,2026-10-04T22:55:27Z,3387.500000,3393.600098,3386.800049,3389.300049,3387.500000,3393.600098,3366.199951,3389.500000,changed
2025-06-05 07:00:00+00:00,2026-10-04T22:55:27Z,3390.100098,3398.000000,3389.100098,3394.800049,3389.399902,3398.000000,3370.300049,3394.800049,changed
2025-06-05 09:00:00+00:00,2026-10-04T22:55:27Z,3398.699951,3415.300049,3397.500000,3413.500000,3398.699951,3415.300049,3375.100098,3413.500000,changed
2025-06-05 10:00:00+00:00,2026-10-04T22:55:27Z,3413.300049,3424.699951,3411.800049,3424.100098,3413.300049,3424.699951,3393.300049,3424.100098,changed
2025-06-05 11:00:00+00:00,2026-10-04T22:55:27Z,3424.000000,3427.699951,3416.300049,3416.600098,3424.000000,3427.699951,3415.899902,3416.600098,changed
2025-06-05 12:00:00+00:00,2026-10-04T22:55:27Z,3416.800049,3425.000000,3400.500000,3405.100098,3416.800049,3425.000000,3382.300049,3407.199951,changed
2025-06-05 13:00:00+00:00,2026-10-04T22:55:27Z,3405.699951,3412.600098,3394.800049,3401.899902,3407.300049,3412.600098,3381.500000,3401.899902,changed
2025-06-05 14:00:00+00:00,2026-10-04T22:55:27Z,3401.899902,3407.300049,3387.100098,3391.000000,3401.899902,3407.300049,3366.600098,3391.000000,changed
2025-06-05 15:00:00+00:00,2026-10-04T22:55:27Z,3390.899902,3396.399902,3362.300049,3368.100098,3390.899902,3396.399902,3344.000000,3368.100098,changed
2025-06-05 16:00:00+00:00,2026-10-04T22:55:27Z,3367.699951,3379.399902,3362.800049,3376.800049,3367.699951,3379.399902,3343.699951,3376.800049,changed
2025-06-05 17:00:00+00:00,2026-10-04T22:55:27Z,3377.100098,3377.800049,3371.699951,3376.899902,3377.100098,3377.800049,3349.199951,3376.899902,changed
2025-06-05 19:00:00+00:00,2026-10-04T22:55:27Z,3376.600098,3383.399902,3376.000000,3380.500000,3376.600098,3384.699951,3354.800049,3380.500000,changed
2025-06-05 20:00:00+00:00,2026-10-04T22:55:27Z,3380.399902,3381.500000,3375.800049,3376.100098,3380.399902,3381.500000,3352.199951,3376.100098,changed
2025-06-06 06:00:00+00:00,2026-10-04T22:55:27Z,3389.399902,3390.600098,3379.399902,3384.000000,3389.399902,3390.300049,3362.000000,3384.000000,changed
2025-06-06 07:00:00+00:00,2026-10-04T22:55:27Z,3384.000000,3385.300049,3375.300049,3382.699951,3384.000000,3385.300049,3359.000000,3382.699951,changed
2025-06-06 10:00:00+00:00,2026-10-04T22:55:27Z,3380.000000,3384.000000,3379.199951,3383.600098,3380.000000,3384.000000,3357.500000,3383.600098,changed
2025-06-06 12:00:00+00:00,2026-10-04T22:55:27Z,3381.500000,3387.300049,3365.600098,3376.199951,3381.500000,3385.199951,3345.100098,3376.199951,changed
2025-06-06 13:00:00+00:00,2026-10-04T22:55:27Z,3375.699951,3384.300049,3364.800049,3365.600098,3375.699951,3384.300049,3346.800049,3367.899902,changed
2025-06-06 14:00:00+00:00,2026-10-04T22:55:27Z,3365.399902,3367.800049,3338.500000,3348.800049,3367.000000,3367.800049,3315.699951,3348.800049,changed
2025-06-06 15:00:00+00:00,2026-10-04T22:55:27Z,3348.699951,3359.199951,3345.699951,3354.600098,3348.699951,3359.199951,3330.899902,3354.600098,changed
2025-06-06 16:00:00+00:00,2026-10-04T22:55:27Z,3354.500000,3355.199951,3342.899902,3344.899902,3354.500000,3355.199951,3323.000000,3344.899902,changed
2025-06-06 19:00:00+00:00,2026-10-04T22:55:27Z,3340.000000,3341.199951,3333.100098,3334.399902,3340.000000,3341.199951,3309.500000,3334.399902,changed
2025-06-06 20:00:00+00:00,2026-10-04T22:55:27Z,3334.300049,3334.800049,3328.800049,3331.000000,3334.300049,3334.800049,3306.000000,3331.000000,changed
2025-06-08 22:00:00+00:00,2026-10-04T22:55:27Z,3333.399902,3341.000000,3329.000000,3334.600098,3333.399902,3341.000000,3307.899902,3334.600098,changed
2025-06-09 00:00:00+00:00,2026-10-04T22:55:27Z,3338.500000,3339.000000,3317.500000,3325.300049,3338.500000,3339.000000,3301.000000,3325.300049,changed
2025-06-09 01:00:00+00:00,2026-10-04T22:55:27Z,3325.500000,3329.300049,3314.500000,3315.500000,3325.500000,3329.100098,3302.300049,3315.500000,changed
2025-06-09 02:00:00+00:00,2026-10-04T22:55:27Z,3315.899902,3327.500000,3313.100098,3325.300049,3315.899902,3327.500000,3290.000000,3325.300049,changed
2025-06-09 03:00:00+00:00,2026-10-04T22:55:27Z,3325.300049,3331.899902,3323.699951,3330.300049,3325.300049,3331.899902,3323.800049,3330.300049,changed
2025-06-09 04:00:00+00:00,2026-10-04T22:55:27Z,3330.699951,3333.399902,3329.000000,3331.800049,3330.699951,3333.399902,3308.899902,3331.800049,changed
2025-06-09 05:00:00+00:00,2026-10-04T22:55:27Z,3331.899902,3336.899902,3329.500000,3335.100098,3331.899902,3336.899902,3307.399902,3335.100098,changed
2025-06-09 06:00:00+00:00,2026-10-04T22:55:27Z,3335.000000,3345.800049,3332.699951,3345.199951,3335.000000,3345.800049,3333.000000,3345.199951,changed
2025-06-09 07:00:00+00:00,2026-10-04T22:55:27Z,3344.899902,3349.800049,3341.600098,3345.199951,3344.899902,3349.800049,3324.199951,3345.199951,changed
2025-06-09 08:00:00+00:00,2026-10-04T22:55:27Z,3345.300049,3346.699951,3340.500000,3340.500000,3345.300049,3346.699951,3322.699951,3340.500000,changed
2025-06-09 10:00:00+00:00,2026-10-04T22:55:27Z,3339.500000,3340.699951,3333.000000,3335.699951,3339.500000,3340.699951,3309.800049,3335.699951,changed
2025-06-09 12:00:00+00:00,2026-10-04T22:55:27Z,3338.600098,3343.399902,3333.699951,3341.399902,3338.600098,3343.399902,3318.800049,3341.399902,changed
2025-06-09 13:00:00+00:00,2026-10-04T22:55:27Z,3341.199951,3342.500000,3331.500000,3340.100098,3341.199951,3342.500000,3313.699951,3340.100098,changed
2025-06-09 14:00:00+00:00,2026-10-04T22:55:27Z,3339.899902,3347.899902,3336.899902,3341.699951,3339.899902,3347.899902,3317.500000,3341.699951,changed
2025-06-09 15:00:00+00:00,2026-10-04T22:55:27Z,3341.800049,3353.500000,3341.100098,3349.800049,3341.800049,3353.500000,3320.699951,3349.800049,changed
2025-06-09 18:00:00+00:00,2026-10-04T22:55:27Z,3354.000000,3357.699951,3353.399902,3354.000000,3354.000000,3357.699951,3330.600098,3354.000000,changed
2025-06-09 19:00:00+00:00,2026-10-04T22:55:27Z,3353.899902,3356.300049,3346.899902,3348.199951,3353.899902,3356.300049,3324.399902,3348.199951,changed
2025-06-09 22:00:00+00:00,2026-10-04T22:55:27Z,3346.300049,3354.899902,3341.600098,3344.100098,3346.300049,3348.300049,3341.600098,3343.699951,changed
2025-06-09 23:00:00+00:00,2026-10-04T22:55:27Z,3344.699951,3354.899902,3344.100098,3346.600098,3344.000000,3348.000000,3343.800049,3346.600098,changed
2025-06-10 01:00:00+00:00,2026-10-04T22:55:27Z,3336.199951,3339.699951,3322.600098,3326.199951,3336.199951,3339.699951,3302.000000,3326.199951,changed
2025-06-10 02:00:00+00:00,2026-10-04T22:55:27Z,3325.800049,3330.000000,3321.300049,3329.100098,3325.800049,3330.000000,3302.000000,3329.100098,changed
2025-06-10 05:00:00+00:00,2026-10-04T22:55:27Z,3326.800049,3339.399902,3326.100098,3337.899902,3326.800049,3339.399902,3307.100098,3337.899902,changed
2025-06-10 07:00:00+00:00,2026-10-04T22:55:27Z,3345.100098,3352.899902,3344.300049,3349.899902,3345.100098,3352.899902,3326.100098,3349.899902,changed
2025-06-10 08:00:00+00:00,2026-10-04T22:55:27Z,3350.600098,3355.800049,3346.399902,3350.000000,3350.600098,3355.800049,3329.699951,3350.000000,changed
2025-06-10 09:00:00+00:00,2026-10-04T22:55:27Z,3349.899902,3352.399902,3347.899902,3350.500000,3349.899902,3352.399902,3325.899902,3350.500000,changed
2025-06-10 11:00:00+00:00,2026-10-04T22:55:27Z,3356.199951,3363.600098,3352.899902,3354.399902,3356.199951,3363.600098,3337.000000,3354.399902,changed
2025-06-10 12:00:00+00:00,2026-10-04T22:55:27Z,3354.600098,3361.300049,3350.300049,3358.100098,3354.600098,3361.500000,3337.100098,3358.100098,changed
2025-06-10 13:00:00+00:00,2026-10-04T22:55:27Z,3358.199951,3370.399902,3356.500000,3364.600098,3358.199951,3370.399902,3344.300049,3364.600098,changed
2025-06-10 14:00:00+00:00,2026-10-04T22:55:27Z,3364.600098,3364.899902,3347.300049,3349.399902,3364.600098,3364.899902,3337.899902,3349.600098,changed
2025-06-10 15:00:00+00:00,2026-10-04T22:55:27Z,3346.699951,3350.399902,3344.100098,3347.699951,3346.800049,3350.399902,3324.000000,3347.699951,changed
2025-06-10 16:00:00+00:00,2026-10-04T22:55:27Z,3347.500000,3348.800049,3340.800049,3342.100098,3347.500000,3348.800049,3340.800049,3342.300049,changed
2025-06-10 17:00:00+00:00,2026-10-04T22:55:27Z,3342.500000,3346.399902,3341.100098,3345.800049,3342.300049,3347.000000,3341.100098,3345.800049,changed
2025-06-10 18:00:00+00:00,2026-10-04T22:55:27Z,3345.899902,3346.300049,3340.100098,3342.500000,3345.899902,3346.300049,3319.100098,3342.500000,changed
2025-06-10 19:00:00+00:00,2026-10-04T22:55:27Z,3342.600098,3355.600098,3342.199951,3349.899902,3342.600098,3355.600098,3331.000000,3349.899902,changed
2025-06-11 00:00:00+00:00,2026-10-04T22:55:27Z,3348.600098,3356.399902,3345.100098,3353.199951,3348.600098,3356.399902,3328.000000,3353.199951,changed
2025-06-11 01:00:00+00:00,2026-10-04T22:55:27Z,3353.300049,3358.600098,3348.600098,3349.500000,3353.300049,3358.600098,3335.399902,3349.500000,changed
2025-06-11 03:00:00+00:00,2026-10-04T22:55:27Z,3359.399902,3363.199951,3357.199951,3361.000000,3359.399902,3363.199951,3335.800049,3361.000000,changed
2025-06-11 04:00:00+00:00,2026-10-04T22:55:27Z,3360.699951,3364.399902,3358.399902,3363.100098,3360.699951,3364.399902,3358.399902,3363.399902,changed
2025-06-11 05:00:00+00:00,2026-10-04T22:55:27Z,3363.199951,3364.800049,3356.199951,3360.500000,3358.899902,3360.699951,3356.199951,3360.500000,changed
2025-06-11 09:00:00+00:00,2026-10-04T22:55:27Z,3365.500000,3365.699951,3352.699951,3354.699951,3365.500000,3365.699951,3335.100098,3354.699951,changed
2025-06-11 11:00:00+00:00,2026-10-04T22:55:27Z,3350.399902,3355.800049,3345.699951,3353.800049,3350.399902,3355.800049,3328.399902,3353.800049,changed
2025-06-11 12:00:00+00:00,2026-10-04T22:55:27Z,3353.800049,3382.300049,3347.800049,3357.300049,3353.800049,3382.300049,3335.600098,3357.300049,changed
2025-06-11 13:00:00+00:00,2026-10-04T22:55:27Z,3357.300049,3365.600098,3347.500000,3350.699951,3357.300049,3366.000000,3328.899902,3350.699951,changed
2025-06-11 14:00:00+00:00,2026-10-04T22:55:27Z,3350.500000,3361.399902,3349.199951,3358.800049,3350.500000,3361.399902,3332.899902,3358.800049,changed
2025-06-11 15:00:00+00:00,2026-10-04T22:55:27Z,3358.800049,3363.100098,3350.000000,3353.699951,3358.800049,3363.100098,3330.199951,3353.699951,changed
2025-06-11 17:00:00+00:00,2026-10-04T22:55:27Z,3351.000000,3352.100098,3339.399902,3344.500000,3351.000000,3352.100098,3323.300049,3344.500000,changed
2025-06-11 18:00:00+00:00,2026-10-04T22:55:27Z,3344.699951,3368.399902,3344.000000,3364.300049,3344.699951,3368.399902,3342.300049,3364.300049,changed
2025-06-11 19:00:00+00:00,2026-10-04T22:55:27Z,3364.500000,3370.199951,3362.699951,3367.899902,3364.500000,3370.199951,3341.600098,3367.899902,changed
2025-06-11 20:00:00+00:00,2026-10-04T22:55:27Z,3368.000000,3376.600098,3367.800049,3376.000000,3368.000000,3376.600098,3351.100098,3376.000000,changed
2025-06-11 22:00:00+00:00,2026-10-04T22:55:27Z,3377.500000,3390.300049,3376.300049,3389.399902,3377.500000,3390.300049,3363.000000,3389.399902,changed
2025-06-12 00:00:00+00:00,2026-10-04T22:55:27Z,3386.000000,3391.899902,3382.500000,3386.399902,3386.000000,3391.899902,3366.000000,3386.399902,changed
2025-06-12 01:00:00+00:00,2026-10-04T22:55:27Z,3386.399902,3397.100098,3382.699951,3391.600098,3386.399902,3397.100098,3366.600098,3391.600098,changed
2025-06-12 02:00:00+00:00,2026-10-04T22:55:27Z,3391.300049,3398.399902,3389.300049,3394.899902,3391.300049,3398.399902,3368.000000,3394.899902,changed
2025-06-12 03:00:00+00:00,2026-10-04T22:55:27Z,3394.899902,3396.899902,3391.500000,3393.899902,3394.899902,3396.899902,3371.500000,3393.899902,changed
2025-06-12 08:00:00+00:00,2026-10-04T22:55:27Z,3366.800049,3380.800049,3366.699951,3376.300049,3366.800049,3380.800049,3353.399902,3376.300049,changed
2025-06-12 09:00:00+00:00,2026-10-04T22:55:27Z,3376.199951,3388.199951,3375.000000,3385.500000,3376.199951,3388.199951,3359.399902,3385.500000,changed
2025-06-12 12:00:00+00:00,2026-10-04T22:55:27Z,3399.500000,3411.399902,3396.699951,3409.199951,3399.500000,3411.399902,3378.899902,3409.199951,changed
2025-06-12 13:00:00+00:00,2026-10-04T22:55:27Z,3409.000000,3419.800049,3399.899902,3412.800049,3409.000000,3419.800049,3386.500000,3412.800049,changed
2025-06-12 15:00:00+00:00,2026-10-04T22:55:27Z,3404.399902,3411.500000,3398.100098,3406.500000,3404.399902,3411.500000,3389.500000,3406.500000,changed
2025-06-12 16:00:00+00:00,2026-10-04T22:55:27Z,3406.600098,3412.399902,3401.699951,3404.399902,3406.600098,3412.399902,3385.600098,3404.399902,changed
2025-06-12 19:00:00+00:00,2026-10-04T22:55:27Z,3406.199951,3409.699951,3405.000000,3408.500000,3406.199951,3409.699951,3387.000000,3408.500000,changed
2025-06-12 20:00:00+00:00,2026-10-04T22:55:27Z,3408.399902,3409.399902,3405.500000,3406.399902,3408.399902,3409.399902,3385.300049,3406.399902,changed
2025-06-13 00:00:00+00:00,2026-10-04T22:55:27Z,3416.199951,3442.000000,3412.399902,3436.399902,3416.199951,3442.000000,3407.300049,3436.399902,changed
2025-06-13 01:00:00+00:00,2026-10-04T22:55:27Z,3436.199951,3455.300049,3435.100098,3449.000000,3436.199951,3455.300049,3432.899902,3449.000000,changed
2025-06-13 02:00:00+00:00,2026-10-04T22:55:27Z,3448.699951,3466.800049,3446.300049,3463.800049,3448.699951,3466.800049,3431.199951,3463.800049,changed
2025-06-13 05:00:00+00:00,2026-10-04T22:55:27Z,3447.199951,3450.800049,3439.000000,3447.199951,3447.199951,3450.800049,3421.600098,3447.199951,changed
2025-06-13 06:00:00+00:00,2026-10-04T22:55:27Z,3447.199951,3450.500000,3429.199951,3436.899902,3447.199951,3450.500000,3426.000000,3436.899902,changed
2025-06-13 07:00:00+00:00,2026-10-04T22:55:27Z,3437.000000,3439.699951,3428.300049,3435.500000,3437.000000,3439.699951,3415.000000,3435.500000,changed
2025-06-13 12:00:00+00:00,2026-10-04T22:55:27Z,3442.300049,3458.899902,3441.699951,3457.100098,3442.300049,3458.899902,3424.100098,3457.100098,changed
2025-06-13 13:00:00+00:00,2026-10-04T22:55:27Z,3457.000000,3468.000000,3454.300049,3457.600098,3457.000000,3468.000000,3440.300049,3457.600098,changed
2025-06-13 14:00:00+00:00,2026-10-04T22:55:27Z,3457.899902,3460.500000,3444.100098,3448.399902,3457.300049,3460.500000,3426.100098,3448.399902,changed
2025-06-13 15:00:00+00:00,2026-10-04T22:55:27Z,3448.399902,3450.899902,3440.199951,3446.300049,3448.399902,3450.899902,3425.199951,3446.300049,changed
2025-06-13 20:00:00+00:00,2026-10-04T22:55:27Z,3453.000000,3455.100098,3448.899902,3452.600098,3452.300049,3455.100098,3448.899902,3452.600098,changed
2025-06-16 17:00:00+00:00,2026-10-04T22:55:27Z,3418.800049,3419.399902,3410.300049,3412.199951,3418.500000,3419.399902,3410.300049,3412.199951,changed
2025-06-17 19:00:00+00:00,2026-10-04T22:55:27Z,3401.600098,3405.000000,3401.100098,3404.399902,3401.600098,3405.000000,3400.699951,3404.399902,changed
2025-06-17 22:00:00+00:00,2026-10-04T22:55:27Z,3409.000000,3414.600098,3406.899902,3407.699951,3409.000000,3414.600098,3407.000000,3407.300049,changed
2025-06-17 23:00:00+00:00,2026-10-04T22:55:27Z,3408.000000,3409.000000,3403.300049,3405.500000,3407.500000,3409.000000,3404.000000,3405.600098,changed
2025-06-18 00:00:00+00:00,2026-10-04T22:55:27Z,3405.399902,3407.199951,3401.199951,3404.000000,3405.000000,3407.199951,3401.199951,3404.000000,changed
2025-06-18 14:00:00+00:00,2026-10-04T22:55:27Z,3409.300049,3409.699951,3391.699951,3405.699951,3411.100098,3411.500000,3391.699951,3405.699951,changed
2025-06-18 15:00:00+00:00,2026-10-04T22:55:27Z,3407.199951,3411.399902,3399.500000,3411.000000,3405.399902,3411.399902,3399.500000,3411.000000,changed
2025-06-18 17:00:00+00:00,2026-10-04T22:55:27Z,3409.600098,3409.899902,3403.699951,3404.500000,3409.600098,3409.899902,3402.399902,3403.500000,changed
2025-06-18 18:00:00+00:00,2026-10-04T22:55:27Z,3411.699951,3414.199951,3396.000000,3397.100098,3403.500000,3414.199951,3396.000000,3397.100098,changed
2025-06-18 19:00:00+00:00,2026-10-04T22:55:27Z,3396.899902,3397.500000,3380.500000,3385.300049,3396.899902,3397.500000,3380.500000,3384.600098,changed
2025-06-18 20:00:00+00:00,2026-10-04T22:55:27Z,3384.199951,3387.600098,3380.100098,3387.300049,3384.399902,3387.600098,3380.100098,3386.399902,changed
2025-06-18 22:00:00+00:00,2026-10-04T22:55:27Z,3387.000000,3396.699951,3386.699951,3392.000000,3387.100098,3396.699951,3386.300049,3392.000000,changed
2025-06-19 09:00:00+00:00,2026-10-04T22:55:27Z,3385.800049,3391.000000,3379.800049,3387.300049,3385.800049,3391.000000,3380.899902,3387.300049,changed
2025-06-20 15:00:00+00:00,2026-10-04T22:55:27Z,3385.600098,3388.100098,3382.100098,3385.600098,3385.600098,3388.100098,3382.100098,3385.699951,changed
2025-06-20 17:00:00+00:00,2026-10-04T22:55:27Z,3387.600098,3387.899902,3382.899902,3383.199951,3387.600098,3387.899902,3382.300049,3383.199951,changed
2025-06-23 07:00:00+00:00,2026-10-04T22:55:27Z,3372.300049,3373.899902,3366.399902,3372.800049,3372.300049,3374.000000,3366.399902,3372.800049,changed
2025-06-23 11:00:00+00:00,2026-10-04T22:55:27Z,3383.699951,3397.899902,3383.699951,3395.699951,3383.699951,3397.899902,3383.699951,3396.100098,changed
2025-06-23 12:00:00+00:00,2026-10-04T22:55:27Z,3395.500000,3395.800049,3371.100098,3375.600098,3396.300049,3396.600098,3371.100098,3375.600098,changed
2025-06-23 13:00:00+00:00,2026-10-04T22:55:27Z,3378.500000,3403.600098,3377.500000,3396.500000,3375.500000,3403.600098,3374.899902,3396.500000,changed
2025-06-23 14:00:00+00:00,2026-10-04T22:55:27Z,3396.300049,3402.500000,3384.899902,3402.300049,3396.300049,3402.600098,3384.899902,3402.300049,changed
2025-06-23 15:00:00+00:00,2026-10-04T22:55:27Z,3403.800049,3405.899902,3400.600098,3403.300049,3402.600098,3405.899902,3400.500000,3403.300049,changed
2025-06-24 15:00:00+00:00,2026-10-04T22:55:27Z,3314.600098,3330.899902,3313.699951,3326.899902,3317.399902,3330.899902,3313.699951,3326.899902,changed
2025-06-25 15:00:00+00:00,2026-10-04T22:55:27Z,3336.699951,3340.899902,3335.800049,3339.199951,3336.699951,3340.899902,3335.199951,3339.199951,changed
2025-06-26 08:00:00+00:00,2026-10-04T22:55:27Z,3359.399902,3363.899902,3357.800049,3361.800049,3359.399902,3363.899902,3357.800049,3361.600098,changed
2025-06-26 09:00:00+00:00,2026-10-04T22:55:27Z,3361.800049,3362.300049,3351.899902,3353.800049,3361.600098,3362.300049,3352.399902,3353.899902,changed
2025-06-26 10:00:00+00:00,2026-10-04T22:55:27Z,3354.199951,3356.000000,3351.300049,3355.899902,3353.899902,3356.899902,3351.300049,3356.500000,changed
2025-06-26 11:00:00+00:00,2026-10-04T22:55:27Z,3356.600098,3357.199951,3344.899902,3346.399902,3356.600098,3357.500000,3344.899902,3346.399902,changed
2025-06-26 12:00:00+00:00,2026-10-04T22:55:27Z,3346.500000,3357.800049,3337.500000,3338.300049,3346.500000,3357.800049,3334.699951,3335.000000,changed
2025-06-26 13:00:00+00:00,2026-10-04T22:55:27Z,3334.199951,3341.800049,3322.500000,3337.899902,3335.199951,3341.800049,3322.500000,3332.800049,changed
2025-06-26 14:00:00+00:00,2026-10-04T22:55:27Z,3331.800049,3337.000000,3324.399902,3330.199951,3332.600098,3337.000000,3324.399902,3331.500000,changed
2025-06-27 18:00:00+00:00,2026-10-04T22:55:27Z,3289.800049,3290.699951,3282.399902,3288.000000,3289.800049,3290.699951,3282.199951,3288.000000,changed
2025-06-30 14:00:00+00:00,2026-10-04T22:55:27Z,3299.100098,3301.500000,3290.899902,3299.399902,3296.600098,3301.500000,3290.899902,3299.399902,changed
2025-06-01 22:00:00+00:00,2026-10-04T23:41:37Z,3323.000000,3338.699951,3296.899902,3336.399902,3323.000000,3338.699951,3319.399902,3336.399902,changed
2025-06-01 23:00:00+00:00,2026-10-04T23:41:37Z,3336.399902,3339.899902,3308.500000,3333.300049,3336.399902,3339.899902,3332.699951,3333.300049,changed
2025-06-02 00:00:00+00:00,2026-10-04T23:41:37Z,3333.199951,3338.699951,3305.300049,3334.500000,3333.199951,3338.699951,3326.199951,3334.500000,changed
2025-06-02 01:00:00+00:00,2026-10-04T23:41:37Z,3334.699951,3337.100098,3301.600098,3326.600098,3334.699951,3337.100098,3324.300049,3326.600098,changed
2025-06-02 02:00:00+00:00,2026-10-04T23:41:37Z,3326.600098,3335.399902,3306.600098,3330.500000,3326.600098,3335.399902,3326.399902,3330.500000,changed
2025-06-02 04:00:00+00:00,2026-10-04T23:41:37Z,3332.600098,3341.899902,3312.199951,3337.699951,3332.600098,3341.899902,3332.600098,3337.699951,changed
2025-06-02 05:00:00+00:00,2026-10-04T23:41:37Z,3337.600098,3350.000000,3313.699951,3347.800049,3337.600098,3350.000000,3337.600098,3347.800049,changed
2025-06-02 06:00:00+00:00,2026-10-04T23:41:37Z,3347.899902,3369.899902,3323.899902,3368.899902,3347.899902,3369.899902,3347.600098,3368.899902,changed
2025-06-02 07:00:00+00:00,2026-10-04T23:41:37Z,3369.000000,3384.000000,3345.300049,3377.199951,3369.000000,3384.000000,3367.699951,3377.199951,changed
2025-06-02 08:00:00+00:00,2026-10-04T23:41:37Z,3377.199951,3381.199951,3351.600098,3376.500000,3377.199951,3381.199951,3374.699951,3376.500000,changed
2025-06-02 09:00:00+00:00,2026-10-04T23:41:37Z,3376.600098,3376.899902,3345.699951,3372.699951,3376.600098,3376.899902,3369.000000,3372.699951,changed
2025-06-02 10:00:00+00:00,2026-10-04T23:41:37Z,3372.899902,3376.300049,3345.500000,3373.300049,3372.899902,3376.300049,3368.800049,3373.300049,changed
2025-06-02 11:00:00+00:00,2026-10-04T23:41:37Z,3373.300049,3385.600098,3351.500000,3381.199951,3373.300049,3385.600098,3370.399902,3381.199951,changed
2025-06-02 12:00:00+00:00,2026-10-04T23:41:37Z,3380.899902,3388.899902,3355.000000,3380.100098,3380.899902,3388.899902,3378.699951,3380.100098,changed
2025-06-02 13:00:00+00:00,2026-10-04T23:41:37Z,3380.100098,3401.300049,3349.600098,3395.800049,3380.100098,3401.300049,3374.500000,3395.800049,changed
2025-06-02 14:00:00+00:00,2026-10-04T23:41:37Z,3371.600098,3404.199951,3369.600098,3400.600098,3396.100098,3404.199951,3391.800049,3400.600098,changed
2025-06-02 15:00:00+00:00,2026-10-04T23:41:37Z,3400.500000,3403.500000,3366.899902,3399.100098,3400.500000,3403.500000,3393.000000,3399.100098,changed
2025-06-02 16:00:00+00:00,2026-10-04T23:41:37Z,3399.300049,3404.699951,3369.899902,3396.899902,3399.300049,3404.699951,3394.300049,3396.899902,changed
2025-06-02 17:00:00+00:00,2026-10-04T23:41:37Z,3396.899902,3400.899902,3369.899902,3399.199951,3396.899902,3400.899902,3396.199951,3399.199951,changed
2025-06-02 18:00:00+00:00,2026-10-04T23:41:37Z,3399.399902,3405.399902,3371.500000,3404.399902,3399.399902,3405.399902,3395.800049,3404.399902,changed
2025-06-02 19:00:00+00:00,2026-10-04T23:41:37Z,3404.300049,3407.300049,3377.199951,3406.300049,3404.300049,3407.300049,3403.000000,3406.300049,changed
2025-06-02 20:00:00+00:00,2026-10-04T23:41:37Z,3406.300049,3408.100098,3379.100098,3406.399902,3406.300049,3408.100098,3403.300049,3406.399902,changed
2025-06-02 22:00:00+00:00,2026-10-04T23:41:37Z,3406.500000,3416.600098,3385.100098,3414.800049,3406.500000,3416.600098,3406.500000,3414.800049,changed
2025-06-02 23:00:00+00:00,2026-10-04T23:41:37Z,3414.800049,3417.800049,3385.000000,3412.800049,3414.800049,3417.800049,3408.300049,3412.800049,changed
2025-06-03 01:00:00+00:00,2026-10-04T23:41:37Z,3401.199951,3401.300049,3364.100098,3397.300049,3401.199951,3401.300049,3387.800049,3397.300049,changed
2025-06-03 02:00:00+00:00,2026-10-04T23:41:37Z,3397.300049,3403.000000,3369.800049,3393.600098,3397.300049,3403.000000,3389.000000,3393.600098,changed
2025-06-03 03:00:00+00:00,2026-10-04T23:41:37Z,3393.199951,3394.100098,3361.500000,3387.100098,3393.199951,3394.100098,3384.199951,3387.100098,changed
2025-06-03 04:00:00+00:00,2026-10-04T23:41:37Z,3385.699951,3389.800049,3359.899902,3386.899902,3385.699951,3389.800049,3383.399902,3386.899902,changed
2025-06-03 05:00:00+00:00,2026-10-04T23:41:37Z,3387.100098,3392.800049,3364.100098,3389.800049,3387.100098,3392.800049,3381.100098,3389.800049,changed
2025-06-03 06:00:00+00:00,2026-10-04T23:41:37Z,3389.899902,3392.100098,3350.000000,3383.199951,3389.899902,3392.100098,3375.600098,3383.199951,changed
2025-06-03 07:00:00+00:00,2026-10-04T23:41:37Z,3382.699951,3385.500000,3355.600098,3384.600098,3382.699951,3385.500000,3376.699951,3384.600098,changed
2025-06-03 08:00:00+00:00,2026-10-04T23:41:37Z,3384.699951,3389.800049,3358.100098,3385.500000,3384.699951,3389.800049,3384.300049,3385.500000,changed
2025-06-03 09:00:00+00:00,2026-10-04T23:41:37Z,3385.500000,3387.000000,3355.300049,3381.199951,3385.500000,3387.000000,3379.899902,3381.199951,changed
2025-06-03 10:00:00+00:00,2026-10-04T23:41:37Z,3381.500000,3383.100098,3354.300049,3379.899902,3381.500000,3383.100098,3379.100098,3379.899902,changed
2025-06-03 11:00:00+00:00,2026-10-04T23:41:37Z,3380.100098,3384.800049,3352.699951,3383.300049,3380.100098,3384.800049,3377.699951,3383.300049,changed
2025-06-03 12:00:00+00:00,2026-10-04T23:41:37Z,3383.500000,3387.199951,3348.500000,3383.600098,3383.500000,3387.199951,3371.000000,3383.600098,changed
2025-06-03 13:00:00+00:00,2026-10-04T23:41:37Z,3383.699951,3387.000000,3339.199951,3370.399902,3383.699951,3387.000000,3364.500000,3370.399902,changed
2025-06-03 14:00:00+00:00,2026-10-04T23:41:37Z,3369.800049,3374.600098,3331.300049,3370.500000,3369.800049,3374.600098,3357.199951,3370.500000,changed
2025-06-03 15:00:00+00:00,2026-10-04T23:41:37Z,3370.399902,3375.500000,3342.800049,3374.000000,3370.399902,3375.500000,3368.000000,3374.000000,changed
2025-06-03 16:00:00+00:00,2026-10-04T23:41:37Z,3374.000000,3377.399902,3342.199951,3372.300049,3374.000000,3377.399902,3367.899902,3372.300049,changed
2025-06-03 17:00:00+00:00,2026-10-04T23:41:37Z,3372.300049,3378.699951,3346.300049,3377.600098,3372.300049,3378.699951,3371.000000,3377.600098,changed
2025-06-03 18:00:00+00:00,2026-10-04T23:41:37Z,3377.600098,3378.199951,3350.600098,3377.600098,3377.600098,3378.199951,3374.600098,3377.600098,changed
2025-06-03 20:00:00+00:00,2026-10-04T23:41:37Z,3376.399902,3379.300049,3350.000000,3376.899902,3376.399902,3379.300049,3376.199951,3376.899902,changed
2025-06-04 00:00:00+00:00,2026-10-04T23:41:37Z,3384.399902,3384.699951,3351.600098,3373.600098,3384.399902,3384.699951,3373.100098,3373.600098,changed
2025-06-04 01:00:00+00:00,2026-10-04T23:41:37Z,3373.600098,3396.699951,3367.100098,3395.199951,3373.600098,3396.699951,3369.699951,3395.199951,changed
2025-06-04 04:00:00+00:00,2026-10-04T23:41:37Z,3383.500000,3385.699951,3351.600098,3378.399902,3383.500000,3385.699951,3375.899902,3378.399902,changed
2025-06-04 05:00:00+00:00,2026-10-04T23:41:37Z,3378.399902,3380.300049,3352.500000,3374.699951,3378.399902,3380.300049,3372.000000,3374.699951,changed
2025-06-04 08:00:00+00:00,2026-10-04T23:41:37Z,3378.000000,3387.399902,3352.100098,3386.500000,3378.000000,3388.000000,3375.100098,3386.500000,changed
2025-06-04 09:00:00+00:00,2026-10-04T23:41:37Z,3386.500000,3389.000000,3360.699951,3387.100098,3386.500000,3389.000000,3383.300049,3387.100098,changed
2025-06-04 11:00:00+00:00,2026-10-04T23:41:37Z,3374.600098,3376.199951,3344.000000,3370.500000,3374.600098,3376.199951,3366.899902,3370.500000,changed
2025-06-04 12:00:00+00:00,2026-10-04T23:41:37Z,3370.500000,3385.399902,3351.800049,3383.000000,3370.500000,3385.399902,3368.199951,3383.000000,changed
2025-06-04 13:00:00+00:00,2026-10-04T23:41:37Z,3383.199951,3387.199951,3350.800049,3376.800049,3383.199951,3387.199951,3375.199951,3376.800049,changed
2025-06-04 14:00:00+00:00,2026-10-04T23:41:37Z,3376.899902,3409.699951,3361.899902,3401.500000,3376.899902,3409.699951,3375.100098,3401.500000,changed
2025-06-04 16:00:00+00:00,2026-10-04T23:41:37Z,3396.500000,3400.500000,3371.500000,3399.399902,3396.500000,3400.500000,3395.399902,3399.399902,changed
2025-06-04 19:00:00+00:00,2026-10-04T23:41:37Z,3400.800049,3400.899902,3396.000000,3397.300049,3400.800049,3400.899902,3396.300049,3397.300049,changed
2025-06-04 22:00:00+00:00,2026-10-04T23:41:37Z,3398.000000,3399.500000,3371.500000,3397.199951,3398.000000,3399.500000,3395.800049,3397.199951,changed
2025-06-05 06:00:00+00:00,2026-10-04T23:41:37Z,3387.500000,3393.600098,3366.199951,3389.500000,3387.500000,3393.600098,3386.800049,3389.300049,changed
2025-06-05 07:00:00+00:00,2026-10-04T23:41:37Z,3389.399902,3398.000000,3370.300049,3394.800049,3390.100098,3398.000000,3389.100098,3394.800049,changed
2025-06-05 09:00:00+00:00,2026-10-04T23:41:37Z,3398.699951,3415.300049,3375.100098,3413.500000,3398.699951,3415.300049,3397.500000,3413.500000,changed
2025-06-05 10:00:00+00:00,2026-10-04T23:41:37Z,3413.300049,3424.699951,3393.300049,3424.100098,3413.300049,3424.699951,3411.800049,3424.100098,changed
2025-06-05 11:00:00+00:00,2026-10-04T23:41:37Z,3424.000000,3427.699951,3415.899902,3416.600098,3424.000000,3427.699951,3416.300049,3416.600098,changed
2025-06-05 12:00:00+00:00,2026-10-04T23:41:37Z,3416.800049,3425.000000,3382.300049,3407.199951,3416.800049,3425.000000,3400.500000,3405.100098,changed
2025-06-05 13:00:00+00:00,2026-10-04T23:41:37Z,3407.300049,3412.600098,3381.500000,3401.899902,3405.699951,3412.600098,3394.800049,3401.899902,changed
2025-06-05 14:00:00+00:00,2026-10-04T23:41:37Z,3401.899902,3407.300049,3366.600098,3391.000000,3401.899902,3407.300049,3387.100098,3391.000000,changed
2025-06-05 15:00:00+00:00,2026-10-04T23:41:37Z,3390.899902,3396.399902,3344.000000,3368.100098,3390.899902,3396.399902,3362.300049,3368.100098,changed
2025-06-05 16:00:00+00:00,2026-10-04T23:41:37Z,3367.699951,3379.399902,3343.699951,3376.800049,3367.699951,3379.399902,3362.800049,3376.800049,changed
2025-06-05 17:00:00+00:00,2026-10-04T23:41:37Z,3377.100098,3377.800049,3349.199951,3376.899902,3377.100098,3377.800049,3371.699951,3376.899902,changed
2025-06-05 19:00:00+00:00,2026-10-04T23:41:37Z,3376.600098,3384.699951,3354.800049,3380.500000,3376.600098,3383.399902,3376.000000,3380.500000,changed
2025-06-05 20:00:00+00:00,2026-10-04T23:41:37Z,3380.399902,3381.500000,3352.199951,3376.100098,3380.399902,3381.500000,3375.800049,3376.100098,changed
2025-06-06 06:00:00+00:00,2026-10-04T23:41:37Z,3389.399902,3390.300049,3362.000000,3384.000000,3389.399902,3390.600098,3379.399902,3384.000000,changed
2025-06-06 07:00:00+00:00,2026-10-04T23:41:37Z,3384.000000,3385.300049,3359.000000,3382.699951,3384.000000,3385.300049,3375.300049,3382.699951,changed
2025-06-06 10:00:00+00:00,2026-10-04T23:41:37Z,3380.000000,3384.000000,3357.500000,3383.600098,3380.000000,3384.000000,3379.199951,3383.600098,changed
2025-06-06 12:00:00+00:00,2026-10-04T23:41:37Z,3381.500000,3385.199951,3345.100098,3376.199951,3381.500000,3387.300049,3365.600098,3376.199951,changed
2025-06-06 13:00:00+00:00,2026-10-04T23:41:37Z,3375.699951,3384.300049,3346.800049,3367.899902,3375.699951,3384.300049,3364.800049,3365.600098,changed
2025-06-06 14:00:00+00:00,2026-10-04T23:41:37Z,3367.000000,3367.800049,3315.699951,3348.800049,3365.399902,3367.800049,3338.500000,3348.800049,changed
2025-06-06 15:00:00+00:00,2026-10-04T23:41:37Z,3348.699951,3359.199951,3330.899902,3354.600098,3348.699951,3359.199951,3345.699951,3354.600098,changed
2025-06-06 16:00:00+00:00,2026-10-04T23:41:37Z,3354.500000,3355.199951,3323.000000,3344.899902,3354.500000,3355.199951,3342.899902,3344.899902,changed
2025-06-06 19:00:00+00:00,2026-10-04T23:41:37Z,3340.000000,3341.199951,3309.500000,3334.399902,3340.000000,3341.199951,3333.100098,3334.399902,changed
2025-06-06 20:00:00+00:00,2026-10-04T23:41:37Z,3334.300049,3334.800049,3306.000000,3331.000000,3334.300049,3334.800049,3328.800049,3331.000000,changed
2025-06-08 22:00:00+00:00,2026-10-04T23:41:37Z,3333.399902,3341.000000,3307.899902,3334.600098,3333.399902,3341.000000,3329.000000,3334.600098,changed
2025-06-09 00:00:00+00:00,2026-10-04T23:41:37Z,3338.500000,3339.000000,3301.000000,3325.300049,3338.500000,3339.000000,3317.500000,3325.300049,changed
2025-06-09 01:00:00+00:00,2026-10-04T23:41:37Z,3325.500000,3329.100098,3302.300049,3315.500000,3325.500000,3329.300049,3314.500000,3315.500000,changed
2025-06-09 02:00:00+00:00,2026-10-04T23:41:37Z,3315.899902,3327.500000,3290.000000,3325.300049,3315.899902,3327.500000,3313.100098,3325.300049,changed
2025-06-09 03:00:00+00:00,2026-10-04T23:41:37Z,3325.300049,3331.899902,3323.800049,3330.300049,3325.300049,3331.899902,3323.699951,3330.300049,changed
2025-06-09 04:00:00+00:00,2026-10-04T23:41:37Z,3330.699951,3333.399902,3308.899902,3331.800049,3330.699951,3333.399902,3329.000000,3331.800049,changed
2025-06-09 05:00:00+00:00,2026-10-04T23:41:37Z,3331.899902,3336.899902,3307.399902,3335.100098,3331.899902,3336.899902,3329.500000,3335.100098,changed
2025-06-09 06:00:00+00:00,2026-10-04T23:41:37Z,3335.000000,3345.800049,3333.000000,3345.199951,3335.000000,3345.800049,3332.699951,3345.199951,changed
2025-06-09 07:00:00+00:00,2026-10-04T23:41:37Z,3344.899902,3349.800049,3324.199951,3345.199951,3344.899902,3349.800049,3341.600098,3345.199951,changed
2025-06-09 08:00:00+00:00,2026-10-04T23:41:37Z,3345.300049,3346.699951,3322.699951,3340.500000,3345.300049,3346.699951,3340.500000,3340.500000,changed
2025-06-09 10:00:00+00:00,2026-10-04T23:41:37Z,3339.500000,3340.699951,3309.800049,3335.699951,3339.500000,3340.699951,3333.000000,3335.699951,changed
2025-06-09 12:00:00+00:00,2026-10-04T23:41:37Z,3338.600098,3343.399902,3318.800049,3341.399902,3338.600098,3343.399902,3333.699951,3341.399902,changed
2025-06-09 13:00:00+00:00,2026-10-04T23:41:37Z,3341.199951,3342.500000,3313.699951,3340.100098,3341.199951,3342.500000,3331.500000,3340.100098,changed
2025-06-09 14:00:00+00:00,2026-10-04T23:41:37Z,3339.899902,3347.899902,3317.500000,3341.699951,3339.899902,3347.899902,3336.899902,3341.699951,changed
2025-06-09 15:00:00+00:00,2026-10-04T23:41:37Z,3341.800049,3353.500000,3320.699951,3349.800049,3341.800049,3353.500000,3341.100098,3349.800049,changed
2025-06-09 18:00:00+00:00,2026-10-04T23:41:37Z,3354.000000,3357.699951,3330.600098,3354.000000,3354.000000,3357.699951,3353.399902,3354.000000,changed
2025-06-09 19:00:00+00:00,2026-10-04T23:41:37Z,3353.899902,3356.300049,3324.399902,3348.199951,3353.899902,3356.300049,3346.899902,3348.199951,changed
2025-06-09 22:00:00+00:00,2026-10-04T23:41:37Z,3346.300049,3348.300049,3341.600098,3343.699951,3346.300049,3354.899902,3341.600098,3344.100098,changed
2025-06-09 23:00:00+00:00,2026-10-04T23:41:37Z,3344.000000,3348.000000,3343.800049,3346.600098,3344.699951,3354.899902,3344.100098,3346.600098,changed
2025-06-10 01:00:00+00:00,2026-10-04T23:41:37Z,3336.199951,3339.699951,3302.000000,3326.199951,3336.199951,3339.699951,3322.600098,3326.199951,changed
2025-06-10 02:00:00+00:00,2026-10-04T23:41:37Z,3325.800049,3330.000000,3302.000000,3329.100098,3325.800049,3330.000000,3321.300049,3329.100098,changed
2025-06-10 05:00:00+00:00,2026-10-04T23:41:37Z,3326.800049,3339.399902,3307.100098,3337.899902,3326.800049,3339.399902,3326.100098,3337.899902,changed
2025-06-10 07:00:00+00:00,2026-10-04T23:41:37Z,3345.100098,3352.899902,3326.100098,3349.899902,3345.100098,3352.899902,3344.300049,3349.899902,changed
2025-06-10 08:00:00+00:00,2026-10-04T23:41:37Z,3350.600098,3355.800049,3329.699951,3350.000000,3350.600098,3355.800049,3346.399902,3350.000000,changed
2025-06-10 09:00:00+00:00,2026-10-04T23:41:37Z,3349.899902,3352.399902,3325.899902,3350.500000,3349.899902,3352.399902,3347.899902,3350.500000,changed
2025-06-10 11:00:00+00:00,2026-10-04T23:41:37Z,3356.199951,3363.600098,3337.000000,3354.399902,3356.199951,3363.600098,3352.899902,3354.399902,changed
2025-06-10 12:00:00+00:00,2026-10-04T23:41:37Z,3354.600098,3361.500000,3337.100098,3358.100098,3354.600098,3361.300049,3350.300049,3358.100098,changed
2025-06-10 13:00:00+00:00,2026-10-04T23:41:37Z,3358.199951,3370.399902,3344.300049,3364.600098,3358.199951,3370.399902,3356.500000,3364.600098,changed
2025-06-10 14:00:00+00:00,2026-10-04T23:41:37Z,3364.600098,3364.899902,3337.899902,3349.600098,3364.600098,3364.899902,3347.300049,3349.399902,changed
2025-06-10 15:00:00+00:00,2026-10-04T23:41:37Z,3346.800049,3350.399902,3324.000000,3347.699951,3346.699951,3350.399902,3344.100098,3347.699951,changed
2025-06-10 16:00:00+00:00,2026-10-04T23:41:37Z,3347.500000,3348.800049,3340.800049,3342.300049,3347.500000,3348.800049,3340.800049,3342.100098,changed
2025-06-10 17:00:00+00:00,2026-10-04T23:41:37Z,3342.300049,3347.000000,3341.100098,3345.800049,3342.500000,3346.399902,3341.100098,3345.800049,changed
2025-06-10 18:00:00+00:00,2026-10-04T23:41:37Z,3345.899902,3346.300049,3319.100098,3342.500000,3345.899902,3346.300049,3340.100098,3342.500000,changed
2025-06-10 19:00:00+00:00,2026-10-04T23:41:37Z,3342.600098,3355.600098,3331.000000,3349.899902,3342.600098,3355.600098,3342.199951,3349.899902,changed
2025-06-11 00:00:00+00:00,2026-10-04T23:41:37Z,3348.600098,3356.399902,3328.000000,3353.199951,3348.600098,3356.399902,3345.100098,3353.199951,changed
2025-06-11 01:00:00+00:00,2026-10-04T23:41:37Z,3353.300049,3358.600098,3335.399902,3349.500000,3353.300049,3358.600098,3348.600098,3349.500000,changed
2025-06-11 03:00:00+00:00,2026-10-04T23:41:37Z,3359.399902,3363.199951,3335.800049,3361.000000,3359.399902,3363.199951,3357.199951,3361.000000,changed
2025-06-11 04:00:00+00:00,2026-10-04T23:41:37Z,3360.699951,3364.399902,3358.399902,3363.399902,3360.699951,3364.399902,3358.399902,3363.100098,changed
2025-06-11 05:00:00+00:00,2026-10-04T23:41:37Z,3358.899902,3360.699951,3356.199951,3360.500000,3363.199951,3364.800049,3356.199951,3360.500000,changed
2025-06-11 09:00:00+00:00,2026-10-04T23:41:37Z,3365.500000,3365.699951,3335.100098,3354.699951,3365.500000,3365.699951,3352.699951,3354.699951,changed
2025-06-11 11:00:00+00:00,2026-10-04T23:41:37Z,3350.399902,3355.800049,3328.399902,3353.800049,3350.399902,3355.800049,3345.699951,3353.800049,changed
2025-06-11 12:00:00+00:00,2026-10-04T23:41:37Z,3353.800049,3382.300049,3335.600098,3357.300049,3353.800049,3382.300049,3347.800049,3357.300049,changed
2025-06-11 13:00:00+00:00,2026-10-04T23:41:37Z,3357.300049,3366.000000,3328.899902,3350.699951,3357.300049,3365.600098,3347.500000,3350.699951,changed
2025-06-11 14:00:00+00:00,2026-10-04T23:41:37Z,3350.500000,3361.399902,3332.899902,3358.800049,3350.500000,3361.399902,3349.199951,3358.800049,changed
2025-06-11 15:00:00+00:00,2026-10-04T23:41:37Z,3358.800049,3363.100098,3330.199951,3353.699951,3358.800049,3363.100098,3350.000000,3353.699951,changed
2025-06-11 17:00:00+00:00,2026-10-04T23:41:37Z,3351.000000,3352.100098,3323.300049,3344.500000,3351.000000,3352.100098,3339.399902,3344.500000,changed
2025-06-11 18:00:00+00:00,2026-10-04T23:41:37Z,3344.699951,3368.399902,3342.300049,3364.300049,3344.699951,3368.399902,3344.000000,3364.300049,changed
2025-06-11 19:00:00+00:00,2026-10-04T23:41:37Z,3364.500000,3370.199951,3341.600098,3367.899902,3364.500000,3370.199951,3362.699951,3367.899902,changed
2025-06-11 20:00:00+00:00,2026-10-04T23:41:37Z,3368.000000,3376.600098,3351.100098,3376.000000,3368.000000,3376.600098,3367.800049,3376.000000,changed
2025-06-11 22:00:00+00:00,2026-10-04T23:41:37Z,3377.500000,3390.300049,3363.000000,3389.399902,3377.500000,3390.300049,3376.300049,3389.399902,changed
2025-06-12 00:00:00+00:00,2026-10-04T23:41:37Z,3386.000000,3391.899902,3366.000000,3386.399902,3386.000000,3391.899902,3382.500000,3386.399902,changed
2025-06-12 01:00:00+00:00,2026-10-04T23:41:37Z,3386.399902,3397.100098,3366.600098,3391.600098,3386.399902,3397.100098,3382.699951,3391.600098,changed
2025-06-12 02:00:00+00:00,2026-10-04T23:41:37Z,3391.300049,3398.399902,3368.000000,3394.899902,3391.300049,3398.399902,3389.300049,3394.899902,changed
2025-06-12 03:00:00+00:00,2026-10-04T23:41:37Z,3394.899902,3396.899902,3371.500000,3393.899902,3394.899902,3396.899902,3391.500000,3393.899902,changed
2025-06-12 08:00:00+00:00,2026-10-04T23:41:37Z,3366.800049,3380.800049,3353.399902,3376.300049,3366.800049,3380.800049,3366.699951,3376.300049,changed
2025-06-12 09:00:00+00:00,2026-10-04T23:41:37Z,3376.199951,3388.199951,3359.399902,3385.500000,3376.199951,3388.199951,3375.000000,3385.500000,changed
2025-06-12 12:00:00+00:00,2026-10-04T23:41:37Z,3399.500000,3411.399902,3378.899902,3409.199951,3399.500000,3411.399902,3396.699951,3409.199951,changed
2025-06-12 13:00:00+00:00,2026-10-04T23:41:37Z,3409.000000,3419.800049,3386.500000,3412.800049,3409.000000,3419.800049,3399.899902,3412.800049,changed
2025-06-12 15:00:00+00:00,2026-10-04T23:41:37Z,3404.399902,3411.500000,3389.500000,3406.500000,3404.399902,3411.500000,3398.100098,3406.500000,changed
2025-06-12 16:00:00+00:00,2026-10-04T23:41:37Z,3406.600098,3412.399902,3385.600098,3404.399902,3406.600098,3412.399902,3401.699951,3404.399902,changed
2025-06-12 19:00:00+00:00,2026-10-04T23:41:37Z,3406.199951,3409.699951,3387.000000,3408.500000,3406.199951,3409.699951,3405.000000,3408.500000,changed
2025-06-12 20:00:00+00:00,2026-10-04T23:41:37Z,3408.399902,3409.399902,3385.300049,3406.399902,3408.399902,3409.399902,3405.500000,3406.399902,changed
2025-06-13 00:00:00+00:00,2026-10-04T23:41:37Z,3416.199951,3442.000000,3407.300049,3436.399902,3416.199951,3442.000000,3412.399902,3436.399902,changed
2025-06-13 01:00:00+00:00,2026-10-04T23:41:37Z,3436.199951,3455.300049,3432.899902,3449.000000,3436.199951,3455.300049,3435.100098,3449.000000,changed
2025-06-13 02:00:00+00:00,2026-10-04T23:41:37Z,3448.699951,3466.800049,3431.199951,3463.800049,3448.699951,3466.800049,3446.300049,3463.800049,changed
2025-06-13 05:00:00+00:00,2026-10-04T23:41:37Z,3447.199951,3450.800049,3421.600098,3447.199951,3447.199951,3450.800049,3439.000000,3447.199951,changed
2025-06-13 06:00:00+00:00,2026-10-04T23:41:37Z,3447.199951,3450.500000,3426.000000,3436.899902,3447.199951,3450.500000,3429.199951,3436.899902,changed
2025-06-13 07:00:00+00:00,2026-10-04T23:41:37Z,3437.000000,3439.699951,3415.000000,3435.500000,3437.000000,3439.699951,3428.300049,3435.500000,changed
2025-06-13 12:00:00+00:00,2026-10-04T23:41:37Z,3442.300049,3458.899902,3424.100098,3457.100098,3442.300049,3458.899902,3441.699951,3457.100098,changed
2025-06-13 13:00:00+00:00,2026-10-04T23:41:37Z,3457.000000,3468.000000,3440.300049,3457.600098,3457.000000,3468.000000,3454.300049,3457.600098,changed
2025-06-13 14:00:00+00:00,2026-10-04T23:41:37Z,3457.300049,3460.500000,3426.100098,3448.399902,3457.899902,3460.500000,3444.100098,3448.399902,changed
2025-06-13 15:00:00+00:00,2026-10-04T23:41:37Z,3448.399902,3450.899902,3425.199951,3446.300049,3448.399902,3450.899902,3440.199951,3446.300049,changed
2025-06-13 20:00:00+00:00,2026-10-04T23:41:37Z,3452.300049,3455.100098,3448.899902,3452.600098,3453.000000,3455.100098,3448.899902,3452.600098,changed
2025-06-16 17:00:00+00:00,2026-10-04T23:41:37Z,3418.500000,3419.399902,3410.300049,3412.199951,3418.800049,3419.399902,3410.300049,3412.199951,changed
2025-06-17 19:00:00+00:00,2026-10-04T23:41:37Z,3401.600098,3405.000000,3400.699951,3404.399902,3401.600098,3405.000000,3401.100098,3404.399902,changed
2025-06-17 22:00:00+00:00,2026-10-04T23:41:37Z,3409.000000,3414.600098,3407.000000,3407.300049,3409.000000,3414.600098,3406.899902,3407.699951,changed
2025-06-17 23:00:00+00:00,2026-10-04T23:41:37Z,3407.500000,3409.000000,3404.000000,3405.600098,3408.000000,3409.000000,3403.300049,3405.500000,changed
2025-06-18 00:00:00+00:00,2026-10-04T23:41:37Z,3405.000000,3407.199951,3401.199951,3404.000000,3405.399902,3407.199951,3401.199951,3404.000000,changed
2025-06-18 14:00:00+00:00,2026-10-04T23:41:37Z,3411.100098,3411.500000,3391.699951,3405.699951,3409.300049,3409.699951,3391.699951,3405.699951,changed
2025-06-18 15:00:00+00:00,2026-10-04T23:41:37Z,3405.399902,3411.399902,3399.500000,3411.000000,3407.199951,3411.399902,3399.500000,3411.000000,changed
2025-06-18 17:00:00+00:00,2026-10-04T23:41:37Z,3409.600098,3409.899902,3402.399902,3403.500000,3409.600098,3409.899902,3403.699951,3404.500000,changed
2025-06-18 18:00:00+00:00,2026-10-04T23:41:37Z,3403.500000,3414.199951,3396.000000,3397.100098,3411.699951,3414.199951,3396.000000,3397.100098,changed
2025-06-18 19:00:00+00:00,2026-10-04T23:41:37Z,3396.899902,3397.500000,3380.500000,3384.600098,3396.899902,3397.500000,3380.500000,3385.300049,changed
2025-06-18 20:00:00+00:00,2026-10-04T23:41:37Z,3384.399902,3387.600098,3380.100098,3386.399902,3384.199951,3387.600098,3380.100098,3387.300049,changed
2025-06-18 22:00:00+00:00,2026-10-04T23:41:37Z,3387.100098,3396.699951,3386.300049,3392.000000,3387.000000,3396.699951,3386.699951,3392.000000,changed
2025-06-19 09:00:00+00:00,2026-10-04T23:41:37Z,3385.800049,3391.000000,3380.899902,3387.300049,3385.800049,3391.000000,3379.800049,3387.300049,changed
2025-06-20 15:00:00+00:00,2026-10-04T23:41:37Z,3385.600098,3388.100098,3382.100098,3385.699951,3385.600098,3388.100098,3382.100098,3385.600098,changed
2025-06-20 17:00:00+00:00,2026-10-04T23:41:37Z,3387.600098,3387.899902,3382.300049,3383.199951,3387.600098,3387.899902,3382.899902,3383.199951,changed
2025-06-23 07:00:00+00:00,2026-10-04T23:41:37Z,3372.300049,3374.000000,3366.399902,3372.800049,3372.300049,3373.899902,3366.399902,3372.800049,changed
2025-06-23 11:00:00+00:00,2026-10-04T23:41:37Z,3383.699951,3397.899902,3383.699951,3396.100098,3383.699951,3397.899902,3383.699951,3395.699951,changed
2025-06-23 12:00:00+00:00,2026-10-04T23:41:37Z,3396.300049,3396.600098,3371.100098,3375.600098,3395.500000,3395.800049,3371.100098,3375.600098,changed
2025-06-23 13:00:00+00:00,2026-10-04T23:41:37Z,3375.500000,3403.600098,3374.899902,3396.500000,3378.500000,3403.600098,3377.500000,3396.500000,changed
2025-06-23 14:00:00+00:00,2026-10-04T23:41:37Z,3396.300049,3402.600098,3384.899902,3402.300049,3396.300049,3402.500000,3384.899902,3402.300049,changed
2025-06-23 15:00:00+00:00,2026-10-04T23:41:37Z,3402.600098,3405.899902,3400.500000,3403.300049,3403.800049,3405.899902,3400.600098,3403.300049,changed
2025-06-24 15:00:00+00:00,2026-10-04T23:41:37Z,3317.399902,3330.899902,3313.699951,3326.899902,3314.600098,3330.899902,3313.699951,3326.899902,changed
2025-06-25 15:00:00+00:00,2026-10-04T23:41:37Z,3336.699951,3340.899902,3335.199951,3339.199951,3336.699951,3340.899902,3335.800049,3339.199951,changed
2025-06-26 08:00:00+00:00,2026-10-04T23:41:37Z,3359.399902,3363.899902,3357.800049,3361.600098,3359.399902,3363.899902,3357.800049,3361.800049,changed
2025-06-26 09:00:00+00:00,2026-10-04T23:41:37Z,3361.600098,3362.300049,3352.399902,3353.899902,3361.800049,3362.300049,3351.899902,3353.800049,changed
2025-06-26 10:00:00+00:00,2026-10-04T23:41:37Z,3353.899902,3356.899902,3351.300049,3356.500000,3354.199951,3356.000000,3351.300049,3355.899902,changed
2025-06-26 11:00:00+00:00,2026-10-04T23:41:37Z,3356.600098,3357.500000,3344.899902,3346.399902,3356.600098,3357.199951,3344.899902,3346.399902,changed
2025-06-26 12:00:00+00:00,2026-10-04T23:41:37Z,3346.500000,3357.800049,3334.699951,3335.000000,3346.500000,3357.800049,3337.500000,3338.300049,changed
2025-06-26 13:00:00+00:00,2026-10-04T23:41:37Z,3335.199951,3341.800049,3322.500000,3332.800049,3334.199951,3341.800049,3322.500000,3337.899902,changed
2025-06-26 14:00:00+00:00,2026-10-04T23:41:37Z,3332.600098,3337.000000,3324.399902,3331.500000,3331.800049,3337.000000,3324.399902,3330.199951,changed
2025-06-27 18:00:00+00:00,2026-10-04T23:41:37Z,3289.800049,3290.699951,3282.199951,3288.000000,3289.800049,3290.699951,3282.399902,3288.000000,changed
2025-06-30 14:00:00+00:00,2026-10-04T23:41:37Z,3296.600098,3301.500000,3290.899902,3299.399902,3299.100098,3301.500000,3290.899902,3299.399902,changed
2025-06-01 22:00:00+00:00,2026-10-05T00:39:31Z,3323.000000,3338.699951,3319.399902,3336.399902,3323.000000,3338.699951,3296.899902,3336.399902,changed
2025-06-01 23:00:00+00:00,2026-10-05T00:39:31Z,3336.399902,3339.899902,3332.699951,3333.300049,3336.399902,3339.899902,3308.500000,3333.300049,changed
2025-06-02 00:00:00+00:00,2026-10-05T00:39:31Z,3333.199951,3338.699951,3326.199951,3334.500000,3333.199951,3338.699951,3305.300049,3334.500000,changed
2025-06-02 01:00:00+00:00,2026-10-05T00:39:31Z,3334.699951,3337.100098,3324.300049,3326.600098,3334.699951,3337.100098,3301.600098,3326.600098,changed
2025-06-02 02:00:00+00:00,2026-10-05T00:39:31Z,3326.600098,3335.399902,3326.399902,3330.500000,3326.600098,3335.399902,3306.600098,3330.500000,changed
2025-06-02 04:00:00+00:00,2026-10-05T00:39:31Z,3332.600098,3341.899902,3332.600098,3337.699951,3332.600098,3341.899902,3312.199951,3337.699951,changed
2025-06-02 05:00:00+00:00,2026-10-05T00:39:31Z,3337.600098,3350.000000,3337.600098,3347.800049,3337.600098,3350.000000,3313.699951,3347.800049,changed
2025-06-02 06:00:00+00:00,2026-10-05T00:39:31Z,3347.899902,3369.899902,3347.600098,3368.899902,3347.899902,3369.899902,3323.899902,3368.899902,changed
2025-06-02 07:00:00+00:00,2026-10-05T00:39:31Z,3369.000000,3384.000000,3367.699951,3377.199951,3369.000000,3384.000000,3345.300049,3377.199951,changed
2025-06-02 08:00:00+00:00,2026-10-05T00:39:31Z,3377.199951,3381.199951,3374.699951,3376.500000,3377.199951,3381.199951,3351.600098,3376.500000,changed
2025-06-02 09:00:00+00:00,2026-10-05T00:39:31Z,3376.600098,3376.899902,3369.000000,3372.699951,3376.600098,3376.899902,3345.699951,3372.699951,changed
2025-06-02 10:00:00+00:00,2026-10-05T00:39:31Z,3372.899902,3376.300049,3368.800049,3373.300049,3372.899902,3376.300049,3345.500000,3373.300049,changed
2025-06-02 11:00:00+00:00,2026-10-05T00:39:31Z,3373.300049,3385.600098,3370.399902,3381.199951,3373.300049,3385.600098,3351.500000,3381.199951,changed
2025-06-02 12:00:00+00:00,2026-10-05T00:39:31Z,3380.899902,3388.899902,3378.699951,3380.100098,3380.899902,3388.899902,3355.000000,3380.100098,changed
2025-06-02 13:00:00+00:00,2026-10-05T00:39:31Z,3380.100098,3401.300049,3374.500000,3395.800049,3380.100098,3401.300049,3349.600098,3395.800049,changed
2025-06-02 14:00:00+00:00,2026-10-05T00:39:31Z,3396.100098,3404.199951,3391.800049,3400.600098,3371.600098,3404.199951,3369.600098,3400.600098,changed
2025-06-02 15:00:00+00:00,2026-10-05T00:39:31Z,3400.500000,3403.500000,3393.000000,3399.100098,3400.500000,3403.500000,3366.899902,3399.100098,changed
2025-06-02 16:00:00+00:00,2026-10-05T00:39:31Z,3399.300049,3404.699951,3394.300049,3396.899902,3399.300049,3404.699951,3369.899902,3396.899902,changed
2025-06-02 17:00:00+00:00,2026-10-05T00:39:31Z,3396.899902,3400.899902,3396.199951,3399.199951,3396.899902,3400.899902,3369.899902,3399.199951,changed
2025-06-02 18:00:00+00:00,2026-10-05T00:39:31Z,3399.399902,3405.399902,3395.800049,3404.399902,3399.399902,3405.399902,3371.500000,3404.399902,changed
2025-06-02 19:00:00+00:00,2026-10-05T00:39:31Z,3404.300049,3407.300049,3403.000000,3406.300049,3404.300049,3407.300049,3377.199951,3406.300049,changed
2025-06-02 20:00:00+00:00,2026-10-05T00:39:31Z,3406.300049,3408.100098,3403.300049,3406.399902,3406.300049,3408.100098,3379.100098,3406.399902,changed
2025-06-02 22:00:00+00:00,2026-10-05T00:39:31Z,3406.500000,3416.600098,3406.500000,3414.800049,3406.500000,3416.600098,3385.100098,3414.800049,changed
2025-06-02 23:00:00+00:00,2026-10-05T00:39:31Z,3414.800049,3417.800049,3408.300049,3412.800049,3414.800049,3417.800049,3385.000000,3412.800049,changed
2025-06-03 01:00:00+00:00,2026-10-05T00:39:31Z,3401.199951,3401.300049,3387.800049,3397.300049,3401.199951,3401.300049,3364.100098,3397.300049,changed
2025-06-03 02:00:00+00:00,2026-10-05T00:39:31Z,3397.300049,3403.000000,3389.000000,3393.600098,3397.300049,3403.000000,3369.800049,3393.600098,changed
2025-06-03 03:00:00+00:00,2026-10-05T00:39:31Z,3393.199951,3394.100098,3384.199951,3387.100098,3393.199951,3394.100098,3361.500000,3387.100098,changed
2025-06-03 04:00:00+00:00,2026-10-05T00:39:31Z,3385.699951,3389.800049,3383.399902,3386.899902,3385.699951,3389.800049,3359.899902,3386.899902,changed
2025-06-03 05:00:00+00:00,2026-10-05T00:39:31Z,3387.100098,3392.800049,3381.100098,3389.800049,3387.100098,3392.800049,3364.100098,3389.800049,changed
2025-06-03 06:00:00+00:00,2026-10-05T00:39:31Z,3389.899902,3392.100098,3375.600098,3383.199951,3389.899902,3392.100098,3350.000000,3383.199951,changed
2025-06-03 07:00:00+00:00,2026-10-05T00:39:31Z,3382.699951,3385.500000,3376.699951,3384.600098,3382.699951,3385.500000,3355.600098,3384.600098,changed
2025-06-03 08:00:00+00:00,2026-10-05T00:39:31Z,3384.699951,3389.800049,3384.300049,3385.500000,3384.699951,3389.800049,3358.100098,3385.500000,changed
2025-06-03 09:00:00+00:00,2026-10-05T00:39:31Z,3385.500000,3387.000000,3379.899902,3381.199951,3385.500000,3387.000000,3355.300049,3381.199951,changed
2025-06-03 10:00:00+00:00,2026-10-05T00:39:31Z,3381.500000,3383.100098,3379.100098,3379.899902,3381.500000,3383.100098,3354.300049,3379.899902,changed
2025-06-03 11:00:00+00:00,2026-10-05T00:39:31Z,3380.100098,3384.800049,3377.699951,3383.300049,3380.100098,3384.800049,3352.699951,3383.300049,changed
2025-06-03 12:00:00+00:00,2026-10-05T00:39:31Z,3383.500000,3387.199951,3371.000000,3383.600098,3383.500000,3387.199951,3348.500000,3383.600098,changed
2025-06-03 13:00:00+00:00,2026-10-05T00:39:31Z,3383.699951,3387.000000,3364.500000,3370.399902,3383.699951,3387.000000,3339.199951,3370.399902,changed
2025-06-03 14:00:00+00:00,2026-10-05T00:39:31Z,3369.800049,3374.600098,3357.199951,3370.500000,3369.800049,3374.600098,3331.300049,3370.500000,changed
2025-06-03 15:00:00+00:00,2026-10-05T00:39:31Z,3370.399902,3375.500000,3368.000000,3374.000000,3370.399902,3375.500000,3342.800049,3374.000000,changed
2025-06-03 16:00:00+00:00,2026-10-05T00:39:31Z,3374.000000,3377.399902,3367.899902,3372.300049,3374.000000,3377.399902,3342.199951,3372.300049,changed
2025-06-03 17:00:00+00:00,2026-10-05T00:39:31Z,3372.300049,3378.699951,3371.000000,3377.600098,3372.300049,3378.699951,3346.300049,3377.600098,changed
2025-06-03 18:00:00+00:00,2026-10-05T00:39:31Z,3377.600098,3378.199951,3374.600098,3377.600098,3377.600098,3378.199951,3350.600098,3377.600098,changed
2025-06-03 20:00:00+00:00,2026-10-05T00:39:31Z,3376.399902,3379.300049,3376.199951,3376.899902,3376.399902,3379.300049,3350.000000,3376.899902,changed
2025-06-04 00:00:00+00:00,2026-10-05T00:39:31Z,3384.399902,3384.699951,3373.100098,3373.600098,3384.399902,3384.699951,3351.600098,3373.600098,changed
2025-06-04 01:00:00+00:00,2026-10-05T00:39:31Z,3373.600098,3396.699951,3369.699951,3395.199951,3373.600098,3396.699951,3367.100098,3395.199951,changed
2025-06-04 04:00:00+00:00,2026-10-05T00:39:31Z,3383.500000,3385.699951,3375.899902,3378.399902,3383.500000,3385.699951,3351.600098,3378.399902,changed
2025-06-04 05:00:00+00:00,2026-10-05T00:39:31Z,3378.399902,3380.300049,3372.000000,3374.699951,3378.399902,3380.300049,3352.500000,3374.699951,changed
2025-06-04 08:00:00+00:00,2026-10-05T00:39:31Z,3378.000000,3388.000000,3375.100098,3386.500000,3378.000000,3387.399902,3352.100098,3386.500000,changed
2025-06-04 09:00:00+00:00,2026-10-05T00:39:31Z,3386.500000,3389.000000,3383.300049,3387.100098,3386.500000,3389.000000,3360.699951,3387.100098,changed
2025-06-04 11:00:00+00:00,2026-10-05T00:39:31Z,3374.600098,3376.199951,3366.899902,3370.500000,3374.600098,3376.199951,3344.000000,3370.500000,changed
2025-06-04 12:00:00+00:00,2026-10-05T00:39:31Z,3370.500000,3385.399902,3368.199951,3383.000000,3370.500000,3385.399902,3351.800049,3383.000000,changed
2025-06-04 13:00:00+00:00,2026-10-05T00:39:31Z,3383.199951,3387.199951,3375.199951,3376.800049,3383.199951,3387.199951,3350.800049,3376.800049,changed
2025-06-04 14:00:00+00:00,2026-10-05T00:39:31Z,3376.899902,3409.699951,3375.100098,3401.500000,3376.899902,3409.699951,3361.899902,3401.500000,changed
2025-06-04 16:00:00+00:00,2026-10-05T00:39:31Z,3396.500000,3400.500000,3395.399902,3399.399902,3396.500000,3400.500000,3371.500000,3399.399902,changed
2025-06-04 19:00:00+00:00,2026-10-05T00:39:31Z,3400.800049,3400.899902,3396.300049,3397.300049,3400.800049,3400.899902,3396.000000,3397.300049,changed
2025-06-04 22:00:00+00:00,2026-10-05T00:39:31Z,3398.000000,3399.500000,3395.800049,3397.199951,3398.000000,3399.500000,3371.500000,3397.199951,changed
2025-06-05 06:00:00+00:00,2026-10-05T00:39:31Z,3387.500000,3393.600098,3386.800049,3389.300049,3387.500000,3393.600098,3366.199951,3389.500000,changed
2025-06-05 07:00:00+00:00,2026-10-05T00:39:31Z,3390.100098,3398.000000,3389.100098,3394.800049,3389.399902,3398.000000,3370.300049,3394.800049,changed
2025-06-05 09:00:00+00:00,2026-10-05T00:39:31Z,3398.699951,3415.300049,3397.500000,3413.500000,3398.699951,3415.300049,3375.100098,3413.500000,changed
2025-06-05 10:00:00+00:00,2026-10-05T00:39:31Z,3413.300049,3424.699951,3411.800049,3424.100098,3413.300049,3424.699951,3393.300049,3424.100098,changed
2025-06-05 11:00:00+00:00,2026-10-05T00:39:31Z,3424.000000,3427.699951,3416.300049,3416.600098,3424.000000,3427.699951,3415.899902,3416.600098,changed
2025-06-05 12:00:00+00:00,2026-10-05T00:39:31Z,3416.800049,3425.000000,3400.500000,3405.100098,3416.800049,3425.000000,3382.300049,3407.199951,changed
2025-06-05 13:00:00+00:00,2026-10-05T00:39:31Z,3405.699951,3412.600098,3394.800049,3401.899902,3407.300049,3412.600098,3381.500000,3401.899902,changed
2025-06-05 14:00:00+00:00,2026-10-05T00:39:31Z,3401.899902,3407.300049,3387.100098,3391.000000,3401.899902,3407.300049,3366.600098,3391.000000,changed
2025-06-05 15:00:00+00:00,2026-10-05T00:39:31Z,3390.899902,3396.399902,3362.300049,3368.100098,3390.899902,3396.399902,3344.000000,3368.100098,changed
2025-06-05 16:00:00+00:00,2026-10-05T00:39:31Z,3367.699951,3379.399902,3362.800049,3376.800049,3367.699951,3379.399902,3343.699951,3376.800049,changed
2025-06-05 17:00:00+00:00,2026-10-05T00:39:31Z,3377.100098,3377.800049,3371.699951,3376.899902,3377.100098,3377.800049,3349.199951,3376.899902,changed
2025-06-05 19:00:00+00:00,2026-10-05T00:39:31Z,3376.600098,3383.399902,3376.000000,3380.500000,3376.600098,3384.699951,3354.800049,3380.500000,changed
2025-06-05 20:00:00+00:00,2026-10-05T00:39:31Z,3380.399902,3381.500000,3375.800049,3376.100098,3380.399902,3381.500000,3352.199951,3376.100098,changed
2025-06-06 06:00:00+00:00,2026-10-05T00:39:31Z,3389.399902,3390.600098,3379.399902,3384.000000,3389.399902,3390.300049,3362.000000,3384.000000,changed
2025-06-06 07:00:00+00:00,2026-10-05T00:39:31Z,3384.000000,3385.300049,3375.300049,3382.699951,3384.000000,3385.300049,3359.000000,3382.699951,changed
2025-06-06 10:00:00+00:00,2026-10-05T00:39:31Z,3380.000000,3384.000000,3379.199951,3383.600098,3380.000000,3384.000000,3357.500000,3383.600098,changed
2025-06-06 12:00:00+00:00,2026-10-05T00:39:31Z,3381.500000,3387.300049,3365.600098,3376.199951,3381.500000,3385.199951,3345.100098,3376.199951,changed
2025-06-06 13:00:00+00:00,2026-10-05T00:39:31Z,3375.699951,3384.300049,3364.800049,3365.600098,3375.699951,3384.300049,3346.800049,3367.899902,changed
2025-06-06 14:00:00+00:00,2026-10-05T00:39:31Z,3365.399902,3367.800049,3338.500000,3348.800049,3367.000000,3367.800049,3315.699951,3348.800049,changed
2025-06-06 15:00:00+00:00,2026-10-05T00:39:31Z,3348.699951,3359.199951,3345.699951,3354.600098,3348.699951,3359.199951,3330.899902,3354.600098,changed
2025-06-06 16:00:00+00:00,2026-10-05T00:39:31Z,3354.500000,3355.199951,3342.899902,3344.899902,3354.500000,3355.199951,3323.000000,3344.899902,changed
2025-06-06 19:00:00+00:00,2026-10-05T00:39:31Z,3340.000000,3341.199951,3333.100098,3334.399902,3340.000000,3341.199951,3309.500000,3334.399902,changed
2025-06-06 20:00:00+00:00,2026-10-05T00:39:31Z,3334.300049,3334.800049,3328.800049,3331.000000,3334.300049,3334.800049,3306.000000,3331.000000,changed
2025-06-08 22:00:00+00:00,2026-10-05T00:39:31Z,3333.399902,3341.000000,3329.000000,3334.600098,3333.399902,3341.000000,3307.899902,3334.600098,changed
2025-06-09 00:00:00+00:00,2026-10-05T00:39:31Z,3338.500000,3339.000000,3317.500000,3325.300049,3338.500000,3339.000000,3301.000000,3325.300049,changed
2025-06-09 01:00:00+00:00,2026-10-05T00:39:31Z,3325.500000,3329.300049,3314.500000,3315.500000,3325.500000,3329.100098,3302.300049,3315.500000,changed
2025-06-09 02:00:00+00:00,2026-10-05T00:39:31Z,3315.899902,3327.500000,3313.100098,3325.300049,3315.899902,3327.500000,3290.000000,3325.300049,changed
2025-06-09 03:00:00+00:00,2026-10-05T00:39:31Z,3325.300049,3331.899902,3323.699951,3330.300049,3325.300049,3331.899902,3323.800049,3330.300049,changed
2025-06-09 04:00:00+00:00,2026-10-05T00:39:31Z,3330.699951,3333.399902,3329.000000,3331.800049,3330.699951,3333.399902,3308.899902,3331.800049,changed
2025-06-09 05:00:00+00:00,2026-10-05T00:39:31Z,3331.899902,3336.899902,3329.500000,3335.100098,3331.899902,3336.899902,3307.399902,3335.100098,changed
2025-06-09 06:00:00+00:00,2026-10-05T00:39:31Z,3335.000000,3345.800049,3332.699951,3345.199951,3335.000000,3345.800049,3333.000000,3345.199951,changed
2025-06-09 07:00:00+00:00,2026-10-05T00:39:31Z,3344.899902,3349.800049,3341.600098,3345.199951,3344.899902,3349.800049,3324.199951,3345.199951,changed
2025-06-09 08:00:00+00:00,2026-10-05T00:39:31Z,3345.300049,3346.699951,3340.500000,3340.500000,3345.300049,3346.699951,3322.699951,3340.500000,changed
2025-06-09 10:00:00+00:00,2026-10-05T00:39:31Z,3339.500000,3340.699951,3333.000000,3335.699951,3339.500000,3340.699951,3309.800049,3335.699951,changed
2025-06-09 12:00:00+00:00,2026-10-05T00:39:31Z,3338.600098,3343.399902,3333.699951,3341.399902,3338.600098,3343.399902,3318.800049,3341.399902,changed
2025-06-09 13:00:00+00:00,2026-10-05T00:39:31Z,3341.199951,3342.500000,3331.500000,3340.100098,3341.199951,3342.500000,3313.699951,3340.100098,changed
2025-06-09 14:00:00+00:00,2026-10-05T00:39:31Z,3339.899902,3347.899902,3336.899902,3341.699951,3339.899902,3347.899902,3317.500000,3341.699951,changed
2025-06-09 15:00:00+00:00,2026-10-05T00:39:31Z,3341.800049,3353.500000,3341.100098,3349.800049,3341.800049,3353.500000,3320.699951,3349.800049,changed
2025-06-09 18:00:00+00:00,2026-10-05T00:39:31Z,3354.000000,3357.699951,3353.399902,3354.000000,3354.000000,3357.699951,3330.600098,3354.000000,changed
2025-06-09 19:00:00+00:00,2026-10-05T00:39:31Z,3353.899902,3356.300049,3346.899902,3348.199951,3353.899902,3356.300049,3324.399902,3348.199951,changed
2025-06-09 22:00:00+00:00,2026-10-05T00:39:31Z,3346.300049,3354.899902,3341.600098,3344.100098,3346.300049,3348.300049,3341.600098,3343.699951,changed
2025-06-09 23:00:00+00:00,2026-10-05T00:39:31Z,3344.699951,3354.899902,3344.100098,3346.600098,3344.000000,3348.000000,3343.800049,3346.600098,changed
2025-06-10 01:00:00+00:00,2026-10-05T00:39:31Z,3336.199951,3339.699951,3322.600098,3326.199951,3336.199951,3339.699951,3302.000000,3326.199951,changed
2025-06-10 02:00:00+00:00,2026-10-05T00:39:31Z,3325.800049,3330.000000,3321.300049,3329.100098,3325.800049,3330.000000,3302.000000,3329.100098,changed
2025-06-10 05:00:00+00:00,2026-10-05T00:39:31Z,3326.800049,3339.399902,3326.100098,3337.899902,3326.800049,3339.399902,3307.100098,3337.899902,changed
2025-06-10 07:00:00+00:00,2026-10-05T00:39:31Z,3345.100098,3352.899902,3344.300049,3349.899902,3345.100098,3352.899902,3326.100098,3349.899902,changed
2025-06-10 08:00:00+00:00,2026-10-05T00:39:31Z,3350.600098,3355.800049,3346.399902,3350.000000,3350.600098,3355.800049,3329.699951,3350.000000,changed
2025-06-10 09:00:00+00:00,2026-10-05T00:39:31Z,3349.899902,3352.399902,3347.899902,3350.500000,3349.899902,3352.399902,3325.899902,3350.500000,changed
2025-06-10 11:00:00+00:00,2026-10-05T00:39:31Z,3356.199951,3363.600098,3352.899902,3354.399902,3356.199951,3363.600098,3337.000000,3354.399902,changed
2025-06-10 12:00:00+00:00,2026-10-05T00:39:31Z,3354.600098,3361.300049,3350.300049,3358.100098,3354.600098,3361.500000,3337.100098,3358.100098,changed
2025-06-10 13:00:00+00:00,2026-10-05T00:39:31Z,3358.199951,3370.399902,3356.500000,3364.600098,3358.199951,3370.399902,3344.300049,3364.600098,changed
2025-06-10 14:00:00+00:00,2026-10-05T00:39:31Z,3364.600098,3364.899902,3347.300049,3349.399902,3364.600098,3364.899902,3337.899902,3349.600098,changed
2025-06-10 15:00:00+00:00,2026-10-05T00:39:31Z,3346.699951,3350.399902,3344.100098,3347.699951,3346.800049,3350.399902,3324.000000,3347.699951,changed
2025-06-10 16:00:00+00:00,2026-10-05T00:39:31Z,3347.500000,3348.800049,3340.800049,3342.100098,3347.500000,3348.800049,3340.800049,3342.300049,changed
2025-06-10 17:00:00+00:00,2026-10-05T00:39:31Z,3342.500000,3346.399902,3341.100098,3345.800049,3342.300049,3347.000000,3341.100098,3345.800049,changed
2025-06-10 18:00:00+00:00,2026-10-05T00:39:31Z,3345.899902,3346.300049,3340.100098,3342.500000,3345.899902,3346.300049,3319.100098,3342.500000,changed
2025-06-10 19:00:00+00:00,2026-10-05T00:39:31Z,3342.600098,3355.600098,3342.199951,3349.899902,3342.600098,3355.600098,3331.000000,3349.899902,changed
2025-06-11 00:00:00+00:00,2026-10-05T00:39:31Z,3348.600098,3356.399902,3345.100098,3353.199951,3348.600098,3356.399902,3328.000000,3353.199951,changed
2025-06-11 01:00:00+00:00,2026-10-05T00:39:31Z,3353.300049,3358.600098,3348.600098,3349.500000,3353.300049,3358.600098,3335.399902,3349.500000,changed
2025-06-11 03:00:00+00:00,2026-10-05T00:39:31Z,3359.399902,3363.199951,3357.199951,3361.000000,3359.399902,3363.199951,3335.800049,3361.000000,changed
2025-06-11 04:00:00+00:00,2026-10-05T00:39:31Z,3360.699951,3364.399902,3358.399902,3363.100098,3360.699951,3364.399902,3358.399902,3363.399902,changed
2025-06-11 05:00:00+00:00,2026-10-05T00:39:31Z,3363.199951,3364.800049,3356.199951,3360.500000,3358.899902,3360.699951,3356.199951,3360.500000,changed
2025-06-11 09:00:00+00:00,2026-10-05T00:39:31Z,3365.500000,3365.699951,3352.699951,3354.699951,3365.500000,3365.699951,3335.100098,3354.699951,changed
2025-06-11 11:00:00+00:00,2026-10-05T00:39:31Z,3350.399902,3355.800049,3345.699951,3353.800049,3350.399902,3355.800049,3328.399902,3353.800049,changed
2025-06-11 12:00:00+00:00,2026-10-05T00:39:31Z,3353.800049,3382.300049,3347.800049,3357.300049,3353.800049,3382.300049,3335.600098,3357.300049,changed
2025-06-11 13:00:00+00:00,2026-10-05T00:39:31Z,3357.300049,3365.600098,3347.500000,3350.699951,3357.300049,3366.000000,3328.899902,3350.699951,changed
2025-06-11 14:00:00+00:00,2026-10-05T00:39:31Z,3350.500000,3361.399902,3349.199951,3358.800049,3350.500000,3361.399902,3332.899902,3358.800049,changed
2025-06-11 15:00:00+00:00,2026-10-05T00:39:31Z,3358.800049,3363.100098,3350.000000,3353.699951,3358.800049,3363.100098,3330.199951,3353.699951,changed
2025-06-11 17:00:00+00:00,2026-10-05T00:39:31Z,3351.000000,3352.100098,3339.399902,3344.500000,3351.000000,3352.100098,3323.300049,3344.500000,changed
2025-06-11 18:00:00+00:00,2026-10-05T00:39:31Z,3344.699951,3368.399902,3344.000000,3364.300049,3344.699951,3368.399902,3342.300049,3364.300049,changed
2025-06-11 19:00:00+00:00,2026-10-05T00:39:31Z,3364.500000,3370.199951,3362.699951,3367.899902,3364.500000,3370.199951,3341.600098,3367.899902,changed
2025-06-11 20:00:00+00:00,2026-10-05T00:39:31Z,3368.000000,3376.600098,3367.800049,3376.000000,3368.000000,3376.600098,3351.100098,3376.000000,changed
2025-06-11 22:00:00+00:00,2026-10-05T00:39:31Z,3377.500000,3390.300049,3376.300049,3389.399902,3377.500000,3390.300049,3363.000000,3389.399902,changed
2025-06-12 00:00:00+00:00,2026-10-05T00:39:31Z,3386.000000,3391.899902,3382.500000,3386.399902,3386.000000,3391.899902,3366.000000,3386.399902,changed
2025-06-12 01:00:00+00:00,2026-10-05T00:39:31Z,3386.399902,3397.100098,3382.699951,3391.600098,3386.399902,3397.100098,3366.600098,3391.600098,changed
2025-06-12 02:00:00+00:00,2026-10-05T00:39:31Z,3391.300049,3398.399902,3389.300049,3394.899902,3391.300049,3398.399902,3368.000000,3394.899902,changed
2025-06-12 03:00:00+00:00,2026-10-05T00:39:31Z,3394.899902,3396.899902,3391.500000,3393.899902,3394.899902,3396.899902,3371.500000,3393.899902,changed
2025-06-12 08:00:00+00:00,2026-10-05T00:39:31Z,3366.800049,3380.800049,3366.699951,3376.300049,3366.800049,3380.800049,3353.399902,3376.300049,changed
2025-06-12 09:00:00+00:00,2026-10-05T00:39:31Z,3376.199951,3388.199951,3375.000000,3385.500000,3376.199951,3388.199951,3359.399902,3385.500000,changed
2025-06-12 12:00:00+00:00,2026-10-05T00:39:31Z,3399.500000,3411.399902,3396.699951,3409.199951,3399.500000,3411.399902,3378.899902,3409.199951,changed
2025-06-12 13:00:00+00:00,2026-10-05T00:39:31Z,3409.000000,3419.800049,3399.899902,3412.800049,3409.000000,3419.800049,3386.500000,3412.800049,changed
2025-06-12 15:00:00+00:00,2026-10-05T00:39:31Z,3404.399902,3411.500000,3398.100098,3406.500000,3404.399902,3411.500000,3389.500000,3406.500000,changed
2025-06-12 16:00:00+00:00,2026-10-05T00:39:31Z,3406.600098,3412.399902,3401.699951,3404.399902,3406.600098,3412.399902,3385.600098,3404.399902,changed
2025-06-12 19:00:00+00:00,2026-10-05T00:39:31Z,3406.199951,3409.699951,3405.000000,3408.500000,3406.199951,3409.699951,3387.000000,3408.500000,changed
2025-06-12 20:00:00+00:00,2026-10-05T00:39:31Z,3408.399902,3409.399902,3405.500000,3406.399902,3408.399902,3409.399902,3385.300049,3406.399902,changed
2025-06-13 00:00:00+00:00,2026-10-05T00:39:31Z,3416.199951,3442.000000,3412.399902,3436.399902,3416.199951,3442.000000,3407.300049,3436.399902,changed
2025-06-13 01:00:00+00:00,2026-10-05T00:39:31Z,3436.199951,3455.300049,3435.100098,3449.000000,3436.199951,3455.300049,3432.899902,3449.000000,changed
2025-06-13 02:00:00+00:00,2026-10-05T00:39:31Z,3448.699951,3466.800049,3446.300049,3463.800049,3448.699951,3466.800049,3431.199951,3463.800049,changed
2025-06-13 05:00:00+00:00,2026-10-05T00:39:31Z,3447.199951,3450.800049,3439.000000,3447.199951,3447.199951,3450.800049,3421.600098,3447.199951,changed
2025-06-13 06:00:00+00:00,2026-10-05T00:39:31Z,3447.199951,3450.500000,3429.199951,3436.899902,3447.199951,3450.500000,3426.000000,3436.899902,changed
2025-06-13 07:00:00+00:00,2026-10-05T00:39:31Z,3437.000000,3439.699951,3428.300049,3435.500000,3437.000000,3439.699951,3415.000000,3435.500000,changed
2025-06-13 12:00:00+00:00,2026-10-05T00:39:31Z,3442.300049,3458.899902,3441.699951,3457.100098,3442.300049,3458.899902,3424.100098,3457.100098,changed
2025-06-13 13:00:00+00:00,2026-10-05T00:39:31Z,3457.000000,3468.000000,3454.300049,3457.600098,3457.000000,3468.000000,3440.300049,3457.600098,changed
2025-06-13 14:00:00+00:00,2026-10-05T00:39:31Z,3457.899902,3460.500000,3444.100098,3448.399902,3457.300049,3460.500000,3426.100098,3448.399902,changed
2025-06-13 15:00:00+00:00,2026-10-05T00:39:31Z,3448.399902,3450.899902,3440.199951,3446.300049,3448.399902,3450.899902,3425.199951,3446.300049,changed
2025-06-13 20:00:00+00:00,2026-10-05T00:39:31Z,3453.000000,3455.100098,3448.899902,3452.600098,3452.300049,3455.100098,3448.899902,3452.600098,changed
2025-06-16 17:00:00+00:00,2026-10-05T00:39:31Z,3418.800049,3419.399902,3410.300049,3412.199951,3418.500000,3419.399902,3410.300049,3412.199951,changed
2025-06-17 19:00:00+00:00,2026-10-05T00:39:31Z,3401.600098,3405.000000,3401.100098,3404.399902,3401.600098,3405.000000,3400.699951,3404.399902,changed
2025-06-17 22:00:00+00:00,2026-10-05T00:39:31Z,3409.000000,3414.600098,3406.899902,3407.699951,3409.000000,3414.600098,3407.000000,3407.300049,changed
2025-06-17 23:00:00+00:00,2026-10-05T00:39:31Z,3408.000000,3409.000000,3403.300049,3405.500000,3407.500000,3409.000000,3404.000000,3405.600098,changed
2025-06-18 00:00:00+00:00,2026-10-05T00:39:31Z,3405.399902,3407.199951,3401.199951,3404.000000,3405.000000,3407.199951,3401.199951,3404.000000,changed
2025-06-18 14:00:00+00:00,2026-10-05T00:39:31Z,3409.300049,3409.699951,3391.699951,3405.699951,3411.100098,3411.500000,3391.699951,3405.699951,changed
2025-06-18 15:00:00+00:00,2026-10-05T00:39:31Z,3407.199951,3411.399902,3399.500000,3411.000000,3405.399902,3411.399902,3399.500000,3411.000000,changed
2025-06-18 17:00:00+00:00,2026-10-05T00:39:31Z,3409.600098,3409.899902,3403.699951,3404.500000,3409.600098,3409.899902,3402.399902,3403.500000,changed
2025-06-18 18:00:00+00:00,2026-10-05T00:39:31Z,3411.699951,3414.199951,3396.000000,3397.100098,3403.500000,3414.199951,3396.000000,3397.100098,changed
2025-06-18 19:00:00+00:00,2026-10-05T00:39:31Z,3396.899902,3397.500000,3380.500000,3385.300049,3396.899902,3397.500000,3380.500000,3384.600098,changed
2025-06-18 20:00:00+00:00,2026-10-05T00:39:31Z,3384.199951,3387.600098,3380.100098,3387.300049,3384.399902,3387.600098,3380.100098,3386.399902,changed
2025-06-18 22:00:00+00:00,2026-10-05T00:39:31Z,3387.000000,3396.699951,3386.699951,3392.000000,3387.100098,3396.699951,3386.300049,3392.000000,changed
2025-06-19 09:00:00+00:00,2026-10-05T00:39:31Z,3385.800049,3391.000000,3379.800049,3387.300049,3385.800049,3391.000000,3380.899902,3387.300049,changed
2025-06-20 15:00:00+00:00,2026-10-05T00:39:31Z,3385.600098,3388.100098,3382.100098,3385.600098,3385.600098,3388.100098,3382.100098,3385.699951,changed
2025-06-20 17:00:00+00:00,2026-10-05T00:39:31Z,3387.600098,3387.899902,3382.899902,3383.199951,3387.600098,3387.899902,3382.300049,3383.199951,changed
2025-06-23 07:00:00+00:00,2026-10-05T00:39:31Z,3372.300049,3373.899902,3366.399902,3372.800049,3372.300049,3374.000000,3366.399902,3372.800049,changed
2025-06-23 11:00:00+00:00,2026-10-05T00:39:31Z,3383.699951,3397.899902,3383.699951,3395.699951,3383.699951,3397.899902,3383.699951,3396.100098,changed
2025-06-23 12:00:00+00:00,2026-10-05T00:39:31Z,3395.500000,3395.800049,3371.100098,3375.600098,3396.300049,3396.600098,3371.100098,3375.600098,changed
2025-06-23 13:00:00+00:00,2026-10-05T00:39:31Z,3378.500000,3403.600098,3377.500000,3396.500000,3375.500000,3403.600098,3374.899902,3396.500000,changed
2025-06-23 14:00:00+00:00,2026-10-05T00:39:31Z,3396.300049,3402.500000,3384.899902,3402.300049,3396.300049,3402.600098,3384.899902,3402.300049,changed
2025-06-23 15:00:00+00:00,2026-10-05T00:39:31Z,3403.800049,3405.899902,3400.600098,3403.300049,3402.600098,3405.899902,3400.500000,3403.300049,changed
2025-06-24 15:00:00+00:00,2026-10-05T00:39:31Z,3314.600098,3330.899902,3313.699951,3326.899902,3317.399902,3330.899902,3313.699951,3326.899902,changed
2025-06-25 15:00:00+00:00,2026-10-05T00:39:31Z,3336.699951,3340.899902,3335.800049,3339.199951,3336.699951,3340.899902,3335.199951,3339.199951,changed
2025-06-26 08:00:00+00:00,2026-10-05T00:39:31Z,3359.399902,3363.899902,3357.800049,3361.800049,3359.399902,3363.899902,3357.800049,3361.600098,changed
2025-06-26 09:00:00+00:00,2026-10-05T00:39:31Z,3361.800049,3362.300049,3351.899902,3353.800049,3361.600098,3362.300049,3352.399902,3353.899902,changed
2025-06-26 10:00:00+00:00,2026-10-05T00:39:31Z,3354.199951,3356.000000,3351.300049,3355.899902,3353.899902,3356.899902,3351.300049,3356.500000,changed
2025-06-26 11:00:00+00:00,2026-10-05T00:39:31Z,3356.600098,3357.199951,3344.899902,3346.399902,3356.600098,3357.500000,3344.899902,3346.399902,changed
2025-06-26 12:00:00+00:00,2026-10-05T00:39:31Z,3346.500000,3357.800049,3337.500000,3338.300049,3346.500000,3357.800049,3334.699951,3335.000000,changed
2025-06-26 13:00:00+00:00,2026-10-05T00:39:31Z,3334.199951,3341.800049,3322.500000,3337.899902,3335.199951,3341.800049,3322.500000,3332.800049,changed
2025-06-26 14:00:00+00:00,2026-10-05T00:39:31Z,3331.800049,3337.000000,3324.399902,3330.199951,3332.600098,3337.000000,3324.399902,3331.500000,changed
2025-06-27 18:00:00+00:00,2026-10-05T00:39:31Z,3289.800049,3290.699951,3282.399902,3288.000000,3289.800049,3290.699951,3282.199951,3288.000000,changed
2025-06-30 14:00:00+00:00,2026-10-05T00:39:31Z,3299.100098,3301.500000,3290.899902,3299.399902,3296.600098,3301.500000,3290.899902,3299.399902,changed
2025-06-01 22:00:00+00:00,2026-10-05T02:45:26Z,3323.000000,3338.699951,3296.899902,3336.399902,3323.000000,3338.699951,3319.399902,3336.399902,changed
2025-06-01 23:00:00+00:00,2026-10-05T02:45:26Z,3336.399902,3339.899902,3308.500000,3333.300049,3336.399902,3339.899902,3332.699951,3333.300049,changed
2025-06-02 00:00:00+00:00,2026-10-05T02:45:26Z,3333.199951,3338.699951,3305.300049,3334.500000,3333.199951,3338.699951,3326.199951,3334.500000,changed
2025-06-02 01:00:00+00:00,2026-10-05T02:45:26Z,3334.699951,3337.100098,3301.600098,3326.600098,3334.699951,3337.100098,3324.300049,3326.600098,changed
2025-06-02 02:00:00+00:00,2026-10-05T02:45:26Z,3326.600098,3335.399902,3306.600098,3330.500000,3326.600098,3335.399902,3326.399902,3330.500000,changed
2025-06-02 04:00:00+00:00,2026-10-05T02:45:26Z,3332.600098,3341.899902,3312.199951,3337.699951,3332.600098,3341.899902,3332.600098,3337.699951,changed
2025-06-02 05:00:00+00:00,2026-10-05T02:45:26Z,3337.600098,3350.000000,3313.699951,3347.800049,3337.600098,3350.000000,3337.600098,3347.800049,changed
2025-06-02 06:00:00+00:00,2026-10-05T02:45:26Z,3347.899902,3369.899902,3323.899902,3368.899902,3347.899902,3369.899902,3347.600098,3368.899902,changed
2025-06-02 07:00:00+00:00,2026-10-05T02:45:26Z,3369.000000,3384.000000,3345.300049,3377.199951,3369.000000,3384.000000,3367.699951,3377.199951,changed
2025-06-02 08:00:00+00:00,2026-10-05T02:45:26Z,3377.199951,3381.199951,3351.600098,3376.500000,3377.199951,3381.199951,3374.699951,3376.500000,changed
2025-06-02 09:00:00+00:00,2026-10-05T02:45:26Z,3376.600098,3376.899902,3345.699951,3372.699951,3376.600098,3376.899902,3369.000000,3372.699951,changed
2025-06-02 10:00:00+00:00,2026-10-05T02:45:26Z,3372.899902,3376.300049,3345.500000,3373.300049,3372.899902,3376.300049,3368.800049,3373.300049,changed
2025-06-02 11:00:00+00:00,2026-10-05T02:45:26Z,3373.300049,3385.600098,3351.500000,3381.199951,3373.300049,3385.600098,3370.399902,3381.199951,changed
2025-06-02 12:00:00+00:00,2026-10-05T02:45:26Z,3380.899902,3388.899902,3355.000000,3380.100098,3380.899902,3388.899902,3378.699951,3380.100098,changed
2025-06-02 13:00:00+00:00,2026-10-05T02:45:26Z,3380.100098,3401.300049,3349.600098,3395.800049,3380.100098,3401.300049,3374.500000,3395.800049,changed
2025-06-02 14:00:00+00:00,2026-10-05T02:45:26Z,3371.600098,3404.199951,3369.600098,3400.600098,3396.100098,3404.199951,3391.800049,3400.600098,changed
2025-06-02 15:00:00+00:00,2026-10-05T02:45:26Z,3400.500000,3403.500000,3366.899902,3399.100098,3400.500000,3403.500000,3393.000000,3399.100098,changed
2025-06-02 16:00:00+00:00,2026-10-05T02:45:26Z,3399.300049,3404.699951,3369.899902,3396.899902,3399.300049,3404.699951,3394.300049,3396.899902,changed
2025-06-02 17:00:00+00:00,2026-10-05T02:45:26Z,3396.899902,3400.899902,3369.899902,3399.199951,3396.899902,3400.899902,3396.199951,3399.199951,changed
2025-06-02 18:00:00+00:00,2026-10-05T02:45:26Z,3399.399902,3405.399902,3371.500000,3404.399902,3399.399902,3405.399902,3395.800049,3404.399902,changed
2025-06-02 19:00:00+00:00,2026-10-05T02:45:26Z,3404.300049,3407.300049,3377.199951,3406.300049,3404.300049,3407.300049,3403.000000,3406.300049,changed
2025-06-02 20:00:00+00:00,2026-10-05T02:45:26Z,3406.300049,3408.100098,3379.100098,3406.399902,3406.300049,3408.100098,3403.300049,3406.399902,changed
2025-06-02 22:00:00+00:00,2026-10-05T02:45:26Z,3406.500000,3416.600098,3385.100098,3414.800049,3406.500000,3416.600098,3406.500000,3414.800049,changed
2025-06-02 23:00:00+00:00,2026-10-05T02:45:26Z,3414.800049,3417.800049,3385.000000,3412.800049,3414.800049,3417.800049,3408.300049,3412.800049,changed
2025-06-03 01:00:00+00:00,2026-10-05T02:45:26Z,3401.199951,3401.300049,3364.100098,3397.300049,3401.199951,3401.300049,3387.800049,3397.300049,changed
2025-06-03 02:00:00+00:00,2026-10-05T02:45:26Z,3397.300049,3403.000000,3369.800049,3393.600098,3397.300049,3403.000000,3389.000000,3393.600098,changed
2025-06-03 03:00:00+00:00,2026-10-05T02:45:26Z,3393.199951,3394.100098,3361.500000,3387.100098,3393.199951,3394.100098,3384.199951,3387.100098,changed
2025-06-03 04:00:00+00:00,2026-10-05T02:45:26Z,3385.699951,3389.800049,3359.899902,3386.899902,3385.699951,3389.800049,3383.399902,3386.899902,changed
2025-06-03 05:00:00+00:00,2026-10-05T02:45:26Z,3387.100098,3392.800049,3364.100098,3389.800049,3387.100098,3392.800049,3381.100098,3389.800049,changed
2025-06-03 06:00:00+00:00,2026-10-05T02:45:26Z,3389.899902,3392.100098,3350.000000,3383.199951,3389.899902,3392.100098,3375.600098,3383.199951,changed
2025-06-03 07:00:00+00:00,2026-10-05T02:45:26Z,3382.699951,3385.500000,3355.600098,3384.600098,3382.699951,3385.500000,3376.699951,3384.600098,changed
2025-06-03 08:00:00+00:00,2026-10-05T02:45:26Z,3384.699951,3389.800049,3358.100098,3385.500000,3384.699951,3389.800049,3384.300049,3385.500000,changed
2025-06-03 09:00:00+00:00,2026-10-05T02:45:26Z,3385.500000,3387.000000,3355.300049,3381.199951,3385.500000,3387.000000,3379.899902,3381.199951,changed
2025-06-03 10:00:00+00:00,2026-10-05T02:45:26Z,3381.500000,3383.100098,3354.300049,3379.899902,3381.500000,3383.100098,3379.100098,3379.899902,changed
2025-06-03 11:00:00+00:00,2026-10-05T02:45:26Z,3380.100098,3384.800049,3352.699951,3383.300049,3380.100098,3384.800049,3377.699951,3383.300049,changed
2025-06-03 12:00:00+00:00,2026-10-05T02:45:26Z,3383.500000,3387.199951,3348.500000,3383.600098,3383.500000,3387.199951,3371.000000,3383.600098,changed
2025-06-03 13:00:00+00:00,2026-10-05T02:45:26Z,3383.699951,3387.000000,3339.199951,3370.399902,3383.699951,3387.000000,3364.500000,3370.399902,changed
2025-06-03 14:00:00+00:00,2026-10-05T02:45:26Z,3369.800049,3374.600098,3331.300049,3370.500000,3369.800049,3374.600098,3357.199951,3370.500000,changed
2025-06-03 15:00:00+00:00,2026-10-05T02:45:26Z,3370.399902,3375.500000,3342.800049,3374.000000,3370.399902,3375.500000,3368.000000,3374.000000,changed
2025-06-03 16:00:00+00:00,2026-10-05T02:45:26Z,3374.000000,3377.399902,3342.199951,3372.300049,3374.000000,3377.399902,3367.899902,3372.300049,changed
2025-06-03 17:00:00+00:00,2026-10-05T02:45:26Z,3372.300049,3378.699951,3346.300049,3377.600098,3372.300049,3378.699951,3371.000000,3377.600098,changed
2025-06-03 18:00:00+00:00,2026-10-05T02:45:26Z,3377.600098,3378.199951,3350.600098,3377.600098,3377.600098,3378.199951,3374.600098,3377.600098,changed
2025-06-03 20:00:00+00:00,2026-10-05T02:45:26Z,3376.399902,3379.300049,3350.000000,3376.899902,3376.399902,3379.300049,3376.199951,3376.899902,changed
2025-06-04 00:00:00+00:00,2026-10-05T02:45:26Z,3384.399902,3384.699951,3351.600098,3373.600098,3384.399902,3384.699951,3373.100098,3373.600098,changed
2025-06-04 01:00:00+00:00,2026-10-05T02:45:26Z,3373.600098,3396.699951,3367.100098,3395.199951,3373.600098,3396.699951,3369.699951,3395.199951,changed
2025-06-04 04:00:00+00:00,2026-10-05T02:45:26Z,3383.500000,3385.699951,3351.600098,3378.399902,3383.500000,3385.699951,3375.899902,3378.399902,changed
2025-06-04 05:00:00+00:00,2026-10-05T02:45:26Z,3378.399902,3380.300049,3352.500000,3374.699951,3378.399902,3380.300049,3372.000000,3374.699951,changed
2025-06-04 08:00:00+00:00,2026-10-05T02:45:26Z,3378.000000,3387.399902,3352.100098,3386.500000,3378.000000,3388.000000,3375.100098,3386.500000,changed
2025-06-04 09:00:00+00:00,2026-10-05T02:45:26Z,3386.500000,3389.000000,3360.699951,3387.100098,3386.500000,3389.000000,3383.300049,3387.100098,changed
2025-06-04 11:00:00+00:00,2026-10-05T02:45:26Z,3374.600098,3376.199951,3344.000000,3370.500000,3374.600098,3376.199951,3366.899902,3370.500000,changed
2025-06-04 12:00:00+00:00,2026-10-05T02:45:26Z,3370.500000,3385.399902,3351.800049,3383.000000,3370.500000,3385.399902,3368.199951,3383.000000,changed
2025-06-04 13:00:00+00:00,2026-10-05T02:45:26Z,3383.199951,3387.199951,3350.800049,3376.800049,3383.199951,3387.199951,3375.199951,3376.800049,changed
2025-06-04 14:00:00+00:00,2026-10-05T02:45:26Z,3376.899902,3409.699951,3361.899902,3401.500000,3376.899902,3409.699951,3375.100098,3401.500000,changed
2025-06-04 16:00:00+00:00,2026-10-05T02:45:26Z,3396.500000,3400.500000,3371.500000,3399.399902,3396.500000,3400.500000,3395.399902,3399.399902,changed
2025-06-04 19:00:00+00:00,2026-10-05T02:45:26Z,3400.800049,3400.899902,3396.000000,3397.300049,3400.800049,3400.899902,3396.300049,3397.300049,changed
2025-06-04 22:00:00+00:00,2026-10-05T02:45:26Z,3398.000000,3399.500000,3371.500000,3397.199951,3398.000000,3399.500000,3395.800049,3397.199951,changed
2025-06-05 06:00:00+00:00,2026-10-05T02:45:26Z,3387.500000,3393.600098,3366.199951,3389.500000,3387.500000,3393.600098,3386.800049,3389.300049,changed
2025-06-05 07:00:00+00:00,2026-10-05T02:45:26Z,3389.399902,3398.000000,3370.300049,3394.800049,3390.100098,3398.000000,3389.100098,3394.800049,changed
2025-06-05 09:00:00+00:00,2026-10-05T02:45:26Z,3398.699951,3415.300049,3375.100098,3413.500000,3398.699951,3415.300049,3397.500000,3413.500000,changed
2025-06-05 10:00:00+00:00,2026-10-05T02:45:26Z,3413.300049,3424.699951,3393.300049,3424.100098,3413.300049,3424.699951,3411.800049,3424.100098,changed
2025-06-05 11:00:00+00:00,2026-10-05T02:45:26Z,3424.000000,3427.699951,3415.899902,3416.600098,3424.000000,3427.699951,3416.300049,3416.600098,changed
2025-06-05 12:00:00+00:00,2026-10-05T02:45:26Z,3416.800049,3425.000000,3382.300049,3407.199951,3416.800049,3425.000000,3400.500000,3405.100098,changed
2025-06-05 13:00:00+00:00,2026-10-05T02:45:26Z,3407.300049,3412.600098,3381.500000,3401.899902,3405.699951,3412.600098,3394.800049,3401.899902,changed
2025-06-05 14:00:00+00:00,2026-10-05T02:45:26Z,3401.899902,3407.300049,3366.600098,3391.000000,3401.899902,3407.300049,3387.100098,3391.000000,changed
2025-06-05 15:00:00+00:00,2026-10-05T02:45:26Z,3390.899902,3396.399902,3344.000000,3368.100098,3390.899902,3396.399902,3362.300049,3368.100098,changed
2025-06-05 16:00:00+00:00,2026-10-05T02:45:26Z,3367.699951,3379.399902,3343.699951,3376.800049,3367.699951,3379.399902,3362.800049,3376.800049,changed
2025-06-05 17:00:00+00:00,2026-10-05T02:45:26Z,3377.100098,3377.800049,3349.199951,3376.899902,3377.100098,3377.800049,3371.699951,3376.899902,changed
2025-06-05 19:00:00+00:00,2026-10-05T02:45:26Z,3376.600098,3384.699951,3354.800049,3380.500000,3376.600098,3383.399902,3376.000000,3380.500000,changed
2025-06-05 20:00:00+00:00,2026-10-05T02:45:26Z,3380.399902,3381.500000,3352.199951,3376.100098,3380.399902,3381.500000,3375.800049,3376.100098,changed
2025-06-06 06:00:00+00:00,2026-10-05T02:45:26Z,3389.399902,3390.300049,3362.000000,3384.000000,3389.399902,3390.600098,3379.399902,3384.000000,changed
2025-06-06 07:00:00+00:00,2026-10-05T02:45:26Z,3384.000000,3385.300049,3359.000000,3382.699951,3384.000000,3385.300049,3375.300049,3382.699951,changed
2025-06-06 10:00:00+00:00,2026-10-05T02:45:26Z,3380.000000,3384.000000,3357.500000,3383.600098,3380.000000,3384.000000,3379.199951,3383.600098,changed
2025-06-06 12:00:00+00:00,2026-10-05T02:45:26Z,3381.500000,3385.199951,3345.100098,3376.199951,3381.500000,3387.300049,3365.600098,3376.199951,changed
2025-06-06 13:00:00+00:00,2026-10-05T02:45:26Z,3375.699951,3384.300049,3346.800049,3367.899902,3375.699951,3384.300049,3364.800049,3365.600098,changed
2025-06-06 14:00:00+00:00,2026-10-05T02:45:26Z,3367.000000,3367.800049,3315.699951,3348.800049,3365.399902,3367.800049,3338.500000,3348.800049,changed
2025-06-06 15:00:00+00:00,2026-10-05T02:45:26Z,3348.699951,3359.199951,3330.899902,3354.600098,3348.699951,3359.199951,3345.699951,3354.600098,changed
2025-06-06 16:00:00+00:00,2026-10-05T02:45:26Z,3354.500000,3355.199951,3323.000000,3344.899902,3354.500000,3355.199951,3342.899902,3344.899902,changed
2025-06-06 19:00:00+00:00,2026-10-05T02:45:26Z,3340.000000,3341.199951,3309.500000,3334.399902,3340.000000,3341.199951,3333.100098,3334.399902,changed
2025-06-06 20:00:00+00:00,2026-10-05T02:45:26Z,3334.300049,3334.800049,3306.000000,3331.000000,3334.300049,3334.800049,3328.800049,3331.000000,changed
2025-06-08 22:00:00+00:00,2026-10-05T02:45:26Z,3333.399902,3341.000000,3307.899902,3334.600098,3333.399902,3341.000000,3329.000000,3334.600098,changed
2025-06-09 00:00:00+00:00,2026-10-05T02:45:26Z,3338.500000,3339.000000,3301.000000,3325.300049,3338.500000,3339.000000,3317.500000,3325.300049,changed
2025-06-09 01:00:00+00:00,2026-10-05T02:45:26Z,3325.500000,3329.100098,3302.300049,3315.500000,3325.500000,3329.300049,3314.500000,3315.500000,changed
2025-06-09 02:00:00+00:00,2026-10-05T02:45:26Z,3315.899902,3327.500000,3290.000000,3325.300049,3315.899902,3327.500000,3313.100098,3325.300049,changed
2025-06-09 03:00:00+00:00,2026-10-05T02:45:26Z,3325.300049,3331.899902,3323.800049,3330.300049,3325.300049,3331.899902,3323.699951,3330.300049,changed
2025-06-09 04:00:00+00:00,2026-10-05T02:45:26Z,3330.699951,3333.399902,3308.899902,3331.800049,3330.699951,3333.399902,3329.000000,3331.800049,changed
2025-06-09 05:00:00+00:00,2026-10-05T02:45:26Z,3331.899902,3336.899902,3307.399902,3335.100098,3331.899902,3336.899902,3329.500000,3335.100098,changed
2025-06-09 06:00:00+00:00,2026-10-05T02:45:26Z,3335.000000,3345.800049,3333.000000,3345.199951,3335.000000,3345.800049,3332.699951,3345.199951,changed
2025-06-09 07:00:00+00:00,2026-10-05T02:45:26Z,3344.899902,3349.800049,3324.199951,3345.199951,3344.899902,3349.800049,3341.600098,3345.199951,changed
2025-06-09 08:00:00+00:00,2026-10-05T02:45:26Z,3345.300049,3346.699951,3322.699951,3340.500000,3345.300049,3346.699951,3340.500000,3340.500000,changed
2025-06-09 10:00:00+00:00,2026-10-05T02:45:26Z,3339.500000,3340.699951,3309.800049,3335.699951,3339.500000,3340.699951,3333.000000,3335.699951,changed
2025-06-09 12:00:00+00:00,2026-10-05T02:45:26Z,3338.600098,3343.399902,3318.800049,3341.399902,3338.600098,3343.399902,3333.699951,3341.399902,changed
2025-06-09 13:00:00+00:00,2026-10-05T02:45:26Z,3341.199951,3342.500000,3313.699951,3340.100098,3341.199951,3342.500000,3331.500000,3340.100098,changed
2025-06-09 14:00:00+00:00,2026-10-05T02:45:26Z,3339.899902,3347.899902,3317.500000,3341.699951,3339.899902,3347.899902,3336.899902,3341.699951,changed
2025-06-09 15:00:00+00:00,2026-10-05T02:45:26Z,3341.800049,3353.500000,3320.699951,3349.800049,3341.800049,3353.500000,3341.100098,3349.800049,changed
2025-06-09 18:00:00+00:00,2026-10-05T02:45:26Z,3354.000000,3357.699951,3330.600098,3354.000000,3354.000000,3357.699951,3353.399902,3354.000000,changed
2025-06-09 19:00:00+00:00,2026-10-05T02:45:26Z,3353.899902,3356.300049,3324.399902,3348.199951,3353.899902,3356.300049,3346.899902,3348.199951,changed
2025-06-09 22:00:00+00:00,2026-10-05T02:45:26Z,3346.300049,3348.300049,3341.600098,3343.699951,3346.300049,3354.899902,3341.600098,3344.100098,changed
2025-06-09 23:00:00+00:00,2026-10-05T02:45:26Z,3344.000000,3348.000000,3343.800049,3346.600098,3344.699951,3354.899902,3344.100098,3346.600098,changed
2025-06-10 01:00:00+00:00,2026-10-05T02:45:26Z,3336.199951,3339.699951,3302.000000,3326.199951,3336.199951,3339.699951,3322.600098,3326.199951,changed
2025-06-10 02:00:00+00:00,2026-10-05T02:45:26Z,3325.800049,3330.000000,3302.000000,3329.100098,3325.800049,3330.000000,3321.300049,3329.100098,changed
2025-06-10 05:00:00+00:00,2026-10-05T02:45:26Z,3326.800049,3339.399902,3307.100098,3337.899902,3326.800049,3339.399902,3326.100098,3337.899902,changed
2025-06-10 07:00:00+00:00,2026-10-05T02:45:26Z,3345.100098,3352.899902,3326.100098,3349.899902,3345.100098,3352.899902,3344.300049,3349.899902,changed
2025-06-10 08:00:00+00:00,2026-10-05T02:45:26Z,3350.600098,3355.800049,3329.699951,3350.000000,3350.600098,3355.800049,3346.399902,3350.000000,changed
2025-06-10 09:00:00+00:00,2026-10-05T02:45:26Z,3349.899902,3352.399902,3325.899902,3350.500000,3349.899902,3352.399902,3347.899902,3350.500000,changed
2025-06-10 11:00:00+00:00,2026-10-05T02:45:26Z,3356.199951,3363.600098,3337.000000,3354.399902,3356.199951,3363.600098,3352.899902,3354.399902,changed
2025-06-10 12:00:00+00:00,2026-10-05T02:45:26Z,3354.600098,3361.500000,3337.100098,3358.100098,3354.600098,3361.300049,3350.300049,3358.100098,changed
2025-06-10 13:00:00+00:00,2026-10-05T02:45:26Z,3358.199951,3370.399902,3344.300049,3364.600098,3358.199951,3370.399902,3356.500000,3364.600098,changed
2025-06-10 14:00:00+00:00,2026-10-05T02:45:26Z,3364.600098,3364.899902,3337.899902,3349.600098,3364.600098,3364.899902,3347.300049,3349.399902,changed
2025-06-10 15:00:00+00:00,2026-10-05T02:45:26Z,3346.800049,3350.399902,3324.000000,3347.699951,3346.699951,3350.399902,3344.100098,3347.699951,changed
2025-06-10 16:00:00+00:00,2026-10-05T02:45:26Z,3347.500000,3348.800049,3340.800049,3342.300049,3347.500000,3348.800049,3340.800049,3342.100098,changed
2025-06-10 17:00:00+00:00,2026-10-05T02:45:26Z,3342.300049,3347.000000,3341.100098,3345.800049,3342.500000,3346.399902,3341.100098,3345.800049,changed
2025-06-10 18:00:00+00:00,2026-10-05T02:45:26Z,3345.899902,3346.300049,3319.100098,3342.500000,3345.899902,3346.300049,3340.100098,3342.500000,changed
2025-06-10 19:00:00+00:00,2026-10-05T02:45:26Z,3342.600098,3355.600098,3331.000000,3349.899902,3342.600098,3355.600098,3342.199951,3349.899902,changed
2025-06-11 00:00:00+00:00,2026-10-05T02:45:26Z,3348.600098,3356.399902,3328.000000,3353.199951,3348.600098,3356.399902,3345.100098,3353.199951,changed
2025-06-11 01:00:00+00:00,2026-10-05T02:45:26Z,3353.300049,3358.600098,3335.399902,3349.500000,3353.300049,3358.600098,3348.600098,3349.500000,changed
2025-06-11 03:00:00+00:00,2026-10-05T02:45:26Z,3359.399902,3363.199951,3335.800049,3361.000000,3359.399902,3363.199951,3357.199951,3361.000000,changed
2025-06-11 04:00:00+00:00,2026-10-05T02:45:26Z,3360.699951,3364.399902,3358.399902,3363.399902,3360.699951,3364.399902,3358.399902,3363.100098,changed
2025-06-11 05:00:00+00:00,2026-10-05T02:45:26Z,3358.899902,3360.699951,3356.199951,3360.500000,3363.199951,3364.800049,3356.199951,3360.500000,changed
2025-06-11 09:00:00+00:00,2026-10-05T02:45:26Z,3365.500000,3365.699951,3335.100098,3354.699951,3365.500000,3365.699951,3352.699951,3354.699951,changed
2025-06-11 11:00:00+00:00,2026-10-05T02:45:26Z,3350.399902,3355.800049,3328.399902,3353.800049,3350.399902,3355.800049,3345.699951,3353.800049,changed
2025-06-11 12:00:00+00:00,2026-10-05T02:45:26Z,3353.800049,3382.300049,3335.600098,3357.300049,3353.800049,3382.300049,3347.800049,3357.300049,changed
2025-06-11 13:00:00+00:00,2026-10-05T02:45:26Z,3357.300049,3366.000000,3328.899902,3350.699951,3357.300049,3365.600098,3347.500000,3350.699951,changed
2025-06-11 14:00:00+00:00,2026-10-05T02:45:26Z,3350.500000,3361.399902,3332.899902,3358.800049,3350.500000,3361.399902,3349.199951,3358.800049,changed
2025-06-11 15:00:00+00:00,2026-10-05T02:45:26Z,3358.800049,3363.100098,3330.199951,3353.699951,3358.800049,3363.100098,3350.000000,3353.699951,changed
2025-06-11 17:00:00+00:00,2026-10-05T02:45:26Z,3351.000000,3352.100098,3323.300049,3344.500000,3351.000000,3352.100098,3339.399902,3344.500000,changed
2025-06-11 18:00:00+00:00,2026-10-05T02:45:26Z,3344.699951,3368.399902,3342.300049,3364.300049,3344.699951,3368.399902,3344.000000,3364.300049,changed
2025-06-11 19:00:00+00:00,2026-10-05T02:45:26Z,3364.500000,3370.199951,3341.600098,3367.899902,3364.500000,3370.199951,3362.699951,3367.899902,changed
2025-06-11 20:00:00+00:00,2026-10-05T02:45:26Z,3368.000000,3376.600098,3351.100098,3376.000000,3368.000000,3376.600098,3367.800049,3376.000000,changed
2025-06-11 22:00:00+00:00,2026-10-05T02:45:26Z,3377.500000,3390.300049,3363.000000,3389.399902,3377.500000,3390.300049,3376.300049,3389.399902,changed
2025-06-12 00:00:00+00:00,2026-10-05T02:45:26Z,3386.000000,3391.899902,3366.000000,3386.399902,3386.000000,3391.899902,3382.500000,3386.399902,changed
2025-06-12 01:00:00+00:00,2026-10-05T02:45:26Z,3386.399902,3397.100098,3366.600098,3391.600098,3386.399902,3397.100098,3382.699951,3391.600098,changed
2025-06-12 02:00:00+00:00,2026-10-05T02:45:26Z,3391.300049,3398.399902,3368.000000,3394.899902,3391.300049,3398.399902,3389.300049,3394.899902,changed
2025-06-12 03:00:00+00:00,2026-10-05T02:45:26Z,3394.899902,3396.899902,3371.500000,3393.899902,3394.899902,3396.899902,3391.500000,3393.899902,changed
2025-06-12 08:00:00+00:00,2026-10-05T02:45:26Z,3366.800049,3380.800049,3353.399902,3376.300049,3366.800049,3380.800049,3366.699951,3376.300049,changed
2025-06-12 09:00:00+00:00,2026-10-05T02:45:26Z,3376.199951,3388.199951,3359.399902,3385.500000,3376.199951,3388.199951,3375.000000,3385.500000,changed
2025-06-12 12:00:00+00:00,2026-10-05T02:45:26Z,3399.500000,3411.399902,3378.899902,3409.199951,3399.500000,3411.399902,3396.699951,3409.199951,changed
2025-06-12 13:00:00+00:00,2026-10-05T02:45:26Z,3409.000000,3419.800049,3386.500000,3412.800049,3409.000000,3419.800049,3399.899902,3412.800049,changed
2025-06-12 15:00:00+00:00,2026-10-05T02:45:26Z,3404.399902,3411.500000,3389.500000,3406.500000,3404.399902,3411.500000,3398.100098,3406.500000,changed
2025-06-12 16:00:00+00:00,2026-10-05T02:45:26Z,3406.600098,3412.399902,3385.600098,3404.399902,3406.600098,3412.399902,3401.699951,3404.399902,changed
2025-06-12 19:00:00+00:00,2026-10-05T02:45:26Z,3406.199951,3409.699951,3387.000000,3408.500000,3406.199951,3409.699951,3405.000000,3408.500000,changed
2025-06-12 20:00:00+00:00,2026-10-05T02:45:26Z,3408.399902,3409.399902,3385.300049,3406.399902,3408.399902,3409.399902,3405.500000,3406.399902,changed
2025-06-13 00:00:00+00:00,2026-10-05T02:45:26Z,3416.199951,3442.000000,3407.300049,3436.399902,3416.199951,3442.000000,3412.399902,3436.399902,changed
2025-06-13 01:00:00+00:00,2026-10-05T02:45:26Z,3436.199951,3455.300049,3432.899902,3449.000000,3436.199951,3455.300049,3435.100098,3449.000000,changed
2025-06-13 02:00:00+00:00,2026-10-05T02:45:26Z,3448.699951,3466.800049,3431.199951,3463.800049,3448.699951,3466.800049,3446.300049,3463.800049,changed
2025-06-13 05:00:00+00:00,2026-10-05T02:45:26Z,3447.199951,3450.800049,3421.600098,3447.199951,3447.199951,3450.800049,3439.000000,3447.199951,changed
2025-06-13 06:00:00+00:00,2026-10-05T02:45:26Z,3447.199951,3450.500000,3426.000000,3436.899902,3447.199951,3450.500000,3429.199951,3436.899902,changed
2025-06-13 07:00:00+00:00,2026-10-05T02:45:26Z,3437.000000,3439.699951,3415.000000,3435.500000,3437.000000,3439.699951,3428.300049,3435.500000,changed
2025-06-13 12:00:00+00:00,2026-10-05T02:45:26Z,3442.300049,3458.899902,3424.100098,3457.100098,3442.300049,3458.899902,3441.699951,3457.100098,changed
2025-06-13 13:00:00+00:00,2026-10-05T02:45:26Z,3457.000000,3468.000000,3440.300049,3457.600098,3457.000000,3468.000000,3454.300049,3457.600098,changed
2025-06-13 14:00:00+00:00,2026-10-05T02:45:26Z,3457.300049,3460.500000,3426.100098,3448.399902,3457.899902,3460.500000,3444.100098,3448.399902,changed
2025-06-13 15:00:00+00:00,2026-10-05T02:45:26Z,3448.399902,3450.899902,3425.199951,3446.300049,3448.399902,3450.899902,3440.199951,3446.300049,changed
2025-06-13 20:00:00+00:00,2026-10-05T02:45:26Z,3452.300049,3455.100098,3448.899902,3452.600098,3453.000000,3455.100098,3448.899902,3452.600098,changed
2025-06-16 17:00:00+00:00,2026-10-05T02:45:26Z,3418.500000,3419.399902,3410.300049,3412.199951,3418.800049,3419.399902,3410.300049,3412.199951,changed
2025-06-17 19:00:00+00:00,2026-10-05T02:45:26Z,3401.600098,3405.000000,3400.699951,3404.399902,3401.600098,3405.000000,3401.100098,3404.399902,changed
2025-06-17 22:00:00+00:00,2026-10-05T02:45:26Z,3409.000000,3414.600098,3407.000000,3407.300049,3409.000000,3414.600098,3406.899902,3407.699951,changed
2025-06-17 23:00:00+00:00,2026-10-05T02:45:26Z,3407.500000,3409.000000,3404.000000,3405.600098,3408.000000,3409.000000,3403.300049,3405.500000,changed
2025-06-18 00:00:00+00:00,2026-10-05T02:45:26Z,3405.000000,3407.199951,3401.199951,3404.000000,3405.399902,3407.199951,3401.199951,3404.000000,changed
2025-06-18 14:00:00+00:00,2026-10-05T02:45:26Z,3411.100098,3411.500000,3391.699951,3405.699951,3409.300049,3409.699951,3391.699951,3405.699951,changed
2025-06-18 15:00:00+00:00,2026-10-05T02:45:26Z,3405.399902,3411.399902,3399.500000,3411.000000,3407.199951,3411.399902,3399.500000,3411.000000,changed
2025-06-18 17:00:00+00:00,2026-10-05T02:45:26Z,3409.600098,3409.899902,3402.399902,3403.500000,3409.600098,3409.899902,3403.699951,3404.500000,changed
2025-06-18 18:00:00+00:00,2026-10-05T02:45:26Z,3403.500000,3414.199951,3396.000000,3397.100098,3411.699951,3414.199951,3396.000000,3397.100098,changed
2025-06-18 19:00:00+00:00,2026-10-05T02:45:26Z,3396.899902,3397.500000,3380.500000,3384.600098,3396.899902,3397.500000,3380.500000,3385.300049,changed
2025-06-18 20:00:00+00:00,2026-10-05T02:45:26Z,3384.399902,3387.600098,3380.100098,3386.399902,3384.199951,3387.600098,3380.100098,3387.300049,changed
2025-06-18 22:00:00+00:00,2026-10-05T02:45:26Z,3387.100098,3396.699951,3386.300049,3392.000000,3387.000000,3396.699951,3386.699951,3392.000000,changed
2025-06-19 09:00:00+00:00,2026-10-05T02:45:26Z,3385.800049,3391.000000,3380.899902,3387.300049,3385.800049,3391.000000,3379.800049,3387.300049,changed
2025-06-20 15:00:00+00:00,2026-10-05T02:45:26Z,3385.600098,3388.100098,3382.100098,3385.699951,3385.600098,3388.100098,3382.100098,3385.600098,changed
2025-06-20 17:00:00+00:00,2026-10-05T02:45:26Z,3387.600098,3387.899902,3382.300049,3383.199951,3387.600098,3387.899902,3382.899902,3383.199951,changed
2025-06-23 07:00:00+00:00,2026-10-05T02:45:26Z,3372.300049,3374.000000,3366.399902,3372.800049,3372.300049,3373.899902,3366.399902,3372.800049,changed
2025-06-23 11:00:00+00:00,2026-10-05T02:45:26Z,3383.699951,3397.899902,3383.699951,3396.100098,3383.699951,3397.899902,3383.699951,3395.699951,changed
2025-06-23 12:00:00+00:00,2026-10-05T02:45:26Z,3396.300049,3396.600098,3371.100098,3375.600098,3395.500000,3395.800049,3371.100098,3375.600098,changed
2025-06-23 13:00:00+00:00,2026-10-05T02:45:26Z,3375.500000,3403.600098,3374.899902,3396.500000,3378.500000,3403.600098,3377.500000,3396.500000,changed
2025-06-23 14:00:00+00:00,2026-10-05T02:45:26Z,3396.300049,3402.600098,3384.899902,3402.300049,3396.300049,3402.500000,3384.899902,3402.300049,changed
2025-06-23 15:00:00+00:00,2026-10-05T02:45:26Z,3402.600098,3405.899902,3400.500000,3403.300049,3403.800049,3405.899902,3400.600098,3403.300049,changed
2025-06-24 15:00:00+00:00,2026-10-05T02:45:26Z,3317.399902,3330.899902,3313.699951,3326.899902,3314.600098,3330.899902,3313.699951,3326.899902,changed
2025-06-25 15:00:00+00:00,2026-10-05T02:45:26Z,3336.699951,3340.899902,3335.199951,3339.199951,3336.699951,3340.899902,3335.800049,3339.199951,changed
2025-06-26 08:00:00+00:00,2026-10-05T02:45:26Z,3359.399902,3363.899902,3357.800049,3361.600098,3359.399902,3363.899902,3357.800049,3361.800049,changed
2025-06-26 09:00:00+00:00,2026-10-05T02:45:26Z,3361.600098,3362.300049,3352.399902,3353.899902,3361.800049,3362.300049,3351.899902,3353.800049,changed
2025-06-26 10:00:00+00:00,2026-10-05T02:45:26Z,3353.899902,3356.899902,3351.300049,3356.500000,3354.199951,3356.000000,3351.300049,3355.899902,changed
2025-06-26 11:00:00+00:00,2026-10-05T02:45:26Z,3356.600098,3357.500000,3344.899902,3346.399902,3356.600098,3357.199951,3344.899902,3346.399902,changed
2025-06-26 12:00:00+00:00,2026-10-05T02:45:26Z,3346.500000,3357.800049,3334.699951,3335.000000,3346.500000,3357.800049,3337.500000,3338.300049,changed
2025-06-26 13:00:00+00:00,2026-10-05T02:45:26Z,3335.199951,3341.800049,3322.500000,3332.800049,3334.199951,3341.800049,3322.500000,3337.899902,changed
2025-06-26 14:00:00+00:00,2026-10-05T02:45:26Z,3332.600098,3337.000000,3324.399902,3331.500000,3331.800049,3337.000000,3324.399902,3330.199951,changed
2025-06-27 18:00:00+00:00,2026-10-05T02:45:26Z,3289.800049,3290.699951,3282.199951,3288.000000,3289.800049,3290.699951,3282.399902,3288.000000,changed
2025-06-30 14:00:00+00:00,2026-10-05T02:45:26Z,3296.600098,3301.500000,3290.899902,3299.399902,3299.100098,3301.500000,3290.899902,3299.399902,changed
2025-06-01 22:00:00+00:00,2026-10-05T02:58:33Z,3323.000000,3338.699951,3319.399902,3336.399902,3323.000000,3338.699951,3296.899902,3336.399902,changed
2025-06-01 23:00:00+00:00,2026-10-05T02:58:33Z,3336.399902,3339.899902,3332.699951,3333.300049,3336.399902,3339.899902,3308.500000,3333.300049,changed
2025-06-02 00:00:00+00:00,2026-10-05T02:58:33Z,3333.199951,3338.699951,3326.199951,3334.500000,3333.199951,3338.699951,3305.300049,3334.500000,changed
2025-06-02 01:00:00+00:00,2026-10-05T02:58:33Z,3334.699951,3337.100098,3324.300049,3326.600098,3334.699951,3337.100098,3301.600098,3326.600098,changed
2025-06-02 02:00:00+00:00,2026-10-05T02:58:33Z,3326.600098,3335.399902,3326.399902,3330.500000,3326.600098,3335.399902,3306.600098,3330.500000,changed
2025-06-02 04:00:00+00:00,2026-10-05T02:58:33Z,3332.600098,3341.899902,3332.600098,3337.699951,3332.600098,3341.899902,3312.199951,3337.699951,changed
2025-06-02 05:00:00+00:00,2026-10-05T02:58:33Z,3337.600098,3350.000000,3337.600098,3347.800049,3337.600098,3350.000000,3313.699951,3347.800049,changed
2025-06-02 06:00:00+00:00,2026-10-05T02:58:33Z,3347.899902,3369.899902,3347.600098,3368.899902,3347.899902,3369.899902,3323.899902,3368.899902,changed
2025-06-02 07:00:00+00:00,2026-10-05T02:58:33Z,3369.000000,3384.000000,3367.699951,3377.199951,3369.000000,3384.000000,3345.300049,3377.199951,changed
2025-06-02 08:00:00+00:00,2026-10-05T02:58:33Z,3377.199951,3381.199951,3374.699951,3376.500000,3377.199951,3381.199951,3351.600098,3376.500000,changed
2025-06-02 09:00:00+00:00,2026-10-05T02:58:33Z,3376.600098,3376.899902,3369.000000,3372.699951,3376.600098,3376.899902,3345.699951,3372.699951,changed
2025-06-02 10:00:00+00:00,2026-10-05T02:58:33Z,3372.899902,3376.300049,3368.800049,3373.300049,3372.899902,3376.300049,3345.500000,3373.300049,changed
2025-06-02 11:00:00+00:00,2026-10-05T02:58:33Z,3373.300049,3385.600098,3370.399902,3381.199951,3373.300049,3385.600098,3351.500000,3381.199951,changed
2025-06-02 12:00:00+00:00,2026-10-05T02:58:33Z,3380.899902,3388.899902,3378.699951,3380.100098,3380.899902,3388.899902,3355.000000,3380.100098,changed
2025-06-02 13:00:00+00:00,2026-10-05T02:58:33Z,3380.100098,3401.300049,3374.500000,3395.800049,3380.100098,3401.300049,3349.600098,3395.800049,changed
2025-06-02 14:00:00+00:00,2026-10-05T02:58:33Z,3396.100098,3404.199951,3391.800049,3400.600098,3371.600098,3404.199951,3369.600098,3400.600098,changed
2025-06-02 15:00:00+00:00,2026-10-05T02:58:33Z,3400.500000,3403.500000,3393.000000,3399.100098,3400.500000,3403.500000,3366.899902,3399.100098,changed
2025-06-02 16:00:00+00:00,2026-10-05T02:58:33Z,3399.300049,3404.699951,3394.300049,3396.899902,3399.300049,3404.699951,3369.899902,3396.899902,changed
2025-06-02 17:00:00+00:00,2026-10-05T02:58:33Z,3396.899902,3400.899902,3396.199951,3399.199951,3396.899902,3400.899902,3369.899902,3399.199951,changed
2025-06-02 18:00:00+00:00,2026-10-05T02:58:33Z,3399.399902,3405.399902,3395.800049,3404.399902,3399.399902,3405.399902,3371.500000,3404.399902,changed
2025-06-02 19:00:00+00:00,2026-10-05T02:58:33Z,3404.300049,3407.300049,3403.000000,3406.300049,3404.300049,3407.300049,3377.199951,3406.300049,changed
2025-06-02 20:00:00+00:00,2026-10-05T02:58:33Z,3406.300049,3408.100098,3403.300049,3406.399902,3406.300049,3408.100098,3379.100098,3406.399902,changed
2025-06-02 22:00:00+00:00,2026-10-05T02:58:33Z,3406.500000,3416.600098,3406.500000,3414.800049,3406.500000,3416.600098,3385.100098,3414.800049,changed
2025-06-02 23:00:00+00:00,2026-10-05T02:58:33Z,3414.800049,3417.800049,3408.300049,3412.800049,3414.800049,3417.800049,3385.000000,3412.800049,changed
2025-06-03 01:00:00+00:00,2026-10-05T02:58:33Z,3401.199951,3401.300049,3387.800049,3397.300049,3401.199951,3401.300049,3364.100098,3397.300049,changed
2025-06-03 02:00:00+00:00,2026-10-05T02:58:33Z,3397.300049,3403.000000,3389.000000,3393.600098,3397.300049,3403.000000,3369.800049,3393.600098,changed
2025-06-03 03:00:00+00:00,2026-10-05T02:58:33Z,3393.199951,3394.100098,3384.199951,3387.100098,3393.199951,3394.100098,3361.500000,3387.100098,changed
2025-06-03 04:00:00+00:00,2026-10-05T02:58:33Z,3385.699951,3389.800049,3383.399902,3386.899902,3385.699951,3389.800049,3359.899902,3386.899902,changed
2025-06-03 05:00:00+00:00,2026-10-05T02:58:33Z,3387.100098,3392.800049,3381.100098,3389.800049,3387.100098,3392.800049,3364.100098,3389.800049,changed
2025-06-03 06:00:00+00:00,2026-10-05T02:58:33Z,3389.899902,3392.100098,3375.600098,3383.199951,3389.899902,3392.100098,3350.000000,3383.199951,changed
2025-06-03 07:00:00+00:00,2026-10-05T02:58:33Z,3382.699951,3385.500000,3376.699951,3384.600098,3382.699951,3385.500000,3355.600098,3384.600098,changed
2025-06-03 08:00:00+00:00,2026-10-05T02:58:33Z,3384.699951,3389.800049,3384.300049,3385.500000,3384.699951,3389.800049,3358.100098,3385.500000,changed
2025-06-03 09:00:00+00:00,2026-10-05T02:58:33Z,3385.500000,3387.000000,3379.899902,3381.199951,3385.500000,3387.000000,3355.300049,3381.199951,changed
2025-06-03 10:00:00+00:00,2026-10-05T02:58:33Z,3381.500000,3383.100098,3379.100098,3379.899902,3381.500000,3383.100098,3354.300049,3379.899902,changed
2025-06-03 11:00:00+00:00,2026-10-05T02:58:33Z,3380.100098,3384.800049,3377.699951,3383.300049,3380.100098,3384.800049,3352.699951,3383.300049,changed
2025-06-03 12:00:00+00:00,2026-10-05T02:58:33Z,3383.500000,3387.199951,3371.000000,3383.600098,3383.500000,3387.199951,3348.500000,3383.600098,changed
2025-06-03 13:00:00+00:00,2026-10-05T02:58:33Z,3383.699951,3387.000000,3364.500000,3370.399902,3383.699951,3387.000000,3339.199951,3370.399902,changed
2025-06-03 14:00:00+00:00,2026-10-05T02:58:33Z,3369.800049,3374.600098,3357.199951,3370.500000,3369.800049,3374.600098,3331.300049,3370.500000,changed
2025-06-03 15:00:00+00:00,2026-10-05T02:58:33Z,3370.399902,3375.500000,3368.000000,3374.000000,3370.399902,3375.500000,3342.800049,3374.000000,changed
2025-06-03 16:00:00+00:00,2026-10-05T02:58:33Z,3374.000000,3377.399902,3367.899902,3372.300049,3374.000000,3377.399902,3342.199951,3372.300049,changed
2025-06-03 17:00:00+00:00,2026-10-05T02:58:33Z,3372.300049,3378.699951,3371.000000,3377.600098,3372.300049,3378.699951,3346.300049,3377.600098,changed
2025-06-03 18:00:00+00:00,2026-10-05T02:58:33Z,3377.600098,3378.199951,3374.600098,3377.600098,3377.600098,3378.199951,3350.600098,3377.600098,changed
2025-06-03 20:00:00+00:00,2026-10-05T02:58:33Z,3376.399902,3379.300049,3376.199951,3376.899902,3376.399902,3379.300049,3350.000000,3376.899902,changed
2025-06-04 00:00:00+00:00,2026-10-05T02:58:33Z,3384.399902,3384.699951,3373.100098,3373.600098,3384.399902,3384.699951,3351.600098,3373.600098,changed
2025-06-04 01:00:00+00:00,2026-10-05T02:58:33Z,3373.600098,3396.699951,3369.699951,3395.199951,3373.600098,3396.699951,3367.100098,3395.199951,changed
2025-06-04 04:00:00+00:00,2026-10-05T02:58:33Z,3383.500000,3385.699951,3375.899902,3378.399902,3383.500000,3385.699951,3351.600098,3378.399902,changed
2025-06-04 05:00:00+00:00,2026-10-05T02:58:33Z,3378.399902,3380.300049,3372.000000,3374.699951,3378.399902,3380.300049,3352.500000,3374.699951,changed
2025-06-04 08:00:00+00:00,2026-10-05T02:58:33Z,3378.000000,3388.000000,3375.100098,3386.500000,3378.000000,3387.399902,3352.100098,3386.500000,changed
2025-06-04 09:00:00+00:00,2026-10-05T02:58:33Z,3386.500000,3389.000000,3383.300049,3387.100098,3386.500000,3389.000000,3360.699951,3387.100098,changed
2025-06-04 11:00:00+00:00,2026-10-05T02:58:33Z,3374.600098,3376.199951,3366.899902,3370.500000,3374.600098,3376.199951,3344.000000,3370.500000,changed
2025-06-04 12:00:00+00:00,2026-10-05T02:58:33Z,3370.500000,3385.399902,3368.199951,3383.000000,3370.500000,3385.399902,3351.800049,3383.000000,changed
2025-06-04 13:00:00+00:00,2026-10-05T02:58:33Z,3383.199951,3387.199951,3375.199951,3376.800049,3383.199951,3387.199951,3350.800049,3376.800049,changed
2025-06-04 14:00:00+00:00,2026-10-05T02:58:33Z,3376.899902,3409.699951,3375.100098,3401.500000,3376.899902,3409.699951,3361.899902,3401.500000,changed
2025-06-04 16:00:00+00:00,2026-10-05T02:58:33Z,3396.500000,3400.500000,3395.399902,3399.399902,3396.500000,3400.500000,3371.500000,3399.399902,changed
2025-06-04 19:00:00+00:00,2026-10-05T02:58:33Z,3400.800049,3400.899902,3396.300049,3397.300049,3400.800049,3400.899902,3396.000000,3397.300049,changed
2025-06-04 22:00:00+00:00,2026-10-05T02:58:33Z,3398.000000,3399.500000,3395.800049,3397.199951,3398.000000,3399.500000,3371.500000,3397.199951,changed
2025-06-05 06:00:00+00:00,2026-10-05T02:58:33Z,3387.500000,3393.600098,3386.800049,3389.300049,3387.500000,3393.600098,3366.199951,3389.500000,changed
2025-06-05 07:00:00+00:00,2026-10-05T02:58:33Z,3390.100098,3398.000000,3389.100098,3394.800049,3389.399902,3398.000000,3370.300049,3394.800049,changed
2025-06-05 09:00:00+00:00,2026-10-05T02:58:33Z,3398.699951,3415.300049,3397.500000,3413.500000,3398.699951,3415.300049,3375.100098,3413.500000,changed
2025-06-05 10:00:00+00:00,2026-10-05T02:58:33Z,3413.300049,3424.699951,3411.800049,3424.100098,3413.300049,3424.699951,3393.300049,3424.100098,changed
2025-06-05 11:00:00+00:00,2026-10-05T02:58:33Z,3424.000000,3427.699951,3416.300049,3416.600098,3424.000000,3427.699951,3415.899902,3416.600098,changed
2025-06-05 12:00:00+00:00,2026-10-05T02:58:33Z,3416.800049,3425.000000,3400.500000,3405.100098,3416.800049,3425.000000,3382.300049,3407.199951,changed
2025-06-05 13:00:00+00:00,2026-10-05T02:58:33Z,3405.699951,3412.600098,3394.800049,3401.899902,3407.300049,3412.600098,3381.500000,3401.899902,changed
2025-06-05 14:00:00+00:00,2026-10-05T02:58:33Z,3401.899902,3407.300049,3387.100098,3391.000000,3401.899902,3407.300049,3366.600098,3391.000000,changed
2025-06-05 15:00:00+00:00,2026-10-05T02:58:33Z,3390.899902,3396.399902,3362.300049,3368.100098,3390.899902,3396.399902,3344.000000,3368.100098,changed
2025-06-05 16:00:00+00:00,2026-10-05T02:58:33Z,3367.699951,3379.399902,3362.800049,3376.800049,3367.699951,3379.399902,3343.699951,3376.800049,changed
2025-06-05 17:00:00+00:00,2026-10-05T02:58:33Z,3377.100098,3377.800049,3371.699951,3376.899902,3377.100098,3377.800049,3349.199951,3376.899902,changed
2025-06-05 19:00:00+00:00,2026-10-05T02:58:33Z,3376.600098,3383.399902,3376.000000,3380.500000,3376.600098,3384.699951,3354.800049,3380.500000,changed
2025-06-05 20:00:00+00:00,2026-10-05T02:58:33Z,3380.399902,3381.500000,3375.800049,3376.100098,3380.399902,3381.500000,3352.199951,3376.100098,changed
2025-06-06 06:00:00+00:00,2026-10-05T02:58:33Z,3389.399902,3390.600098,3379.399902,3384.000000,3389.399902,3390.300049,3362.000000,3384.000000,changed
2025-06-06 07:00:00+00:00,2026-10-05T02:58:33Z,3384.000000,3385.300049,3375.300049,3382.699951,3384.000000,3385.300049,3359.000000,3382.699951,changed
2025-06-06 10:00:00+00:00,2026-10-05T02:58:33Z,3380.000000,3384.000000,3379.199951,3383.600098,3380.000000,3384.000000,3357.500000,3383.600098,changed
2025-06-06 12:00:00+00:00,2026-10-05T02:58:33Z,3381.500000,3387.300049,3365.600098,3376.199951,3381.500000,3385.199951,3345.100098,3376.199951,changed
2025-06-06 13:00:00+00:00,2026-10-05T02:58:33Z,3375.699951,3384.300049,3364.800049,3365.600098,3375.699951,3384.300049,3346.800049,3367.899902,changed
2025-06-06 14:00:00+00:00,2026-10-05T02:58:33Z,3365.399902,3367.800049,3338.500000,3348.800049,3367.000000,3367.800049,3315.699951,3348.800049,changed
2025-06-06 15:00:00+00:00,2026-10-05T02:58:33Z,3348.699951,3359.199951,3345.699951,3354.600098,3348.699951,3359.199951,3330.899902,3354.600098,changed
2025-06-06 16:00:00+00:00,2026-10-05T02:58:33Z,3354.500000,3355.199951,3342.899902,3344.899902,3354.500000,3355.199951,3323.000000,3344.899902,changed
2025-06-06 19:00:00+00:00,2026-10-05T02:58:33Z,3340.000000,3341.199951,3333.100098,3334.399902,3340.000000,3341.199951,3309.500000,3334.399902,changed
2025-06-06 20:00:00+00:00,2026-10-05T02:58:33Z,3334.300049,3334.800049,3328.800049,3331.000000,3334.300049,3334.800049,3306.000000,3331.000000,changed
2025-06-08 22:00:00+00:00,2026-10-05T02:58:33Z,3333.399902,3341.000000,3329.000000,3334.600098,3333.399902,3341.000000,3307.899902,3334.600098,changed
2025-06-09 00:00:00+00:00,2026-10-05T02:58:33Z,3338.500000,3339.000000,3317.500000,3325.300049,3338.500000,3339.000000,3301.000000,3325.300049,changed
2025-06-09 01:00:00+00:00,2026-10-05T02:58:33Z,3325.500000,3329.300049,3314.500000,3315.500000,3325.500000,3329.100098,3302.300049,3315.500000,changed
2025-06-09 02:00:00+00:00,2026-10-05T02:58:33Z,3315.899902,3327.500000,3313.100098,3325.300049,3315.899902,3327.500000,3290.000000,3325.300049,changed
2025-06-09 03:00:00+00:00,2026-10-05T02:58:33Z,3325.300049,3331.899902,3323.699951,3330.300049,3325.300049,3331.899902,3323.800049,3330.300049,changed
2025-06-09 04:00:00+00:00,2026-10-05T02:58:33Z,3330.699951,3333.399902,3329.000000,3331.800049,3330.699951,3333.399902,3308.899902,3331.800049,changed
2025-06-09 05:00:00+00:00,2026-10-05T02:58:33Z,3331.899902,3336.899902,3329.500000,3335.100098,3331.899902,3336.899902,3307.399902,3335.100098,changed
2025-06-09 06:00:00+00:00,2026-10-05T02:58:33Z,3335.000000,3345.800049,3332.699951,3345.199951,3335.000000,3345.800049,3333.000000,3345.199951,changed
2025-06-09 07:00:00+00:00,2026-10-05T02:58:33Z,3344.899902,3349.800049,3341.600098,3345.199951,3344.899902,3349.800049,3324.199951,3345.199951,changed
2025-06-09 08:00:00+00:00,2026-10-05T02:58:33Z,3345.300049,3346.699951,3340.500000,3340.500000,3345.300049,3346.699951,3322.699951,3340.500000,changed
2025-06-09 10:00:00+00:00,2026-10-05T02:58:33Z,3339.500000,3340.699951,3333.000000,3335.699951,3339.500000,3340.699951,3309.800049,3335.699951,changed
2025-06-09 12:00:00+00:00,2026-10-05T02:58:33Z,3338.600098,3343.399902,3333.699951,3341.399902,3338.600098,3343.399902,3318.800049,3341.399902,changed
2025-06-09 13:00:00+00:00,2026-10-05T02:58:33Z,3341.199951,3342.500000,3331.500000,3340.100098,3341.199951,3342.500000,3313.699951,3340.100098,changed
2025-06-09 14:00:00+00:00,2026-10-05T02:58:33Z,3339.899902,3347.899902,3336.899902,3341.699951,3339.899902,3347.899902,3317.500000,3341.699951,changed
2025-06-09 15:00:00+00:00,2026-10-05T02:58:33Z,3341.800049,3353.500000,3341.100098,3349.800049,3341.800049,3353.500000,3320.699951,3349.800049,changed
2025-06-09 18:00:00+00:00,2026-10-05T02:58:33Z,3354.000000,3357.699951,3353.399902,3354.000000,3354.000000,3357.699951,3330.600098,3354.000000,changed
2025-06-09 19:00:00+00:00,2026-10-05T02:58:33Z,3353.899902,3356.300049,3346.899902,3348.199951,3353.899902,3356.300049,3324.399902,3348.199951,changed
2025-06-09 22:00:00+00:00,2026-10-05T02:58:33Z,3346.300049,3354.899902,3341.600098,3344.100098,3346.300049,3348.300049,3341.600098,3343.699951,changed
2025-06-09 23:00:00+00:00,2026-10-05T02:58:33Z,3344.699951,3354.899902,3344.100098,3346.600098,3344.000000,3348.000000,3343.800049,3346.600098,changed
2025-06-10 01:00:00+00:00,2026-10-05T02:58:33Z,3336.199951,3339.699951,3322.600098,3326.199951,3336.199951,3339.699951,3302.000000,3326.199951,changed
2025-06-10 02:00:00+00:00,2026-10-05T02:58:33Z,3325.800049,3330.000000,3321.300049,3329.100098,3325.800049,3330.000000,3302.000000,3329.100098,changed
2025-06-10 05:00:00+00:00,2026-10-05T02:58:33Z,3326.800049,3339.399902,3326.100098,3337.899902,3326.800049,3339.399902,3307.100098,3337.899902,changed
2025-06-10 07:00:00+00:00,2026-10-05T02:58:33Z,3345.100098,3352.899902,3344.300049,3349.899902,3345.100098,3352.899902,3326.100098,3349.899902,changed
2025-06-10 08:00:00+00:00,2026-10-05T02:58:33Z,3350.600098,3355.800049,3346.399902,3350.000000,3350.600098,3355.800049,3329.699951,3350.000000,changed
2025-06-10 09:00:00+00:00,2026-10-05T02:58:33Z,3349.899902,3352.399902,3347.899902,3350.500000,3349.899902,3352.399902,3325.899902,3350.500000,changed
2025-06-10 11:00:00+00:00,2026-10-05T02:58:33Z,3356.199951,3363.600098,3352.899902,3354.399902,3356.199951,3363.600098,3337.000000,3354.399902,changed
2025-06-10 12:00:00+00:00,2026-10-05T02:58:33Z,3354.600098,3361.300049,3350.300049,3358.100098,3354.600098,3361.500000,3337.100098,3358.100098,changed
2025-06-10 13:00:00+00:00,2026-10-05T02:58:33Z,3358.199951,3370.399902,3356.500000,3364.600098,3358.199951,3370.399902,3344.300049,3364.600098,changed
2025-06-10 14:00:00+00:00,2026-10-05T02:58:33Z,3364.600098,3364.899902,3347.300049,3349.399902,3364.600098,3364.899902,3337.899902,3349.600098,changed
2025-06-10 15:00:00+00:00,2026-10-05T02:58:33Z,3346.699951,3350.399902,3344.100098,3347.699951,3346.800049,3350.399902,3324.000000,3347.699951,changed
2025-06-10 16:00:00+00:00,2026-10-05T02:58:33Z,3347.500000,3348.800049,3340.800049,3342.100098,3347.500000,3348.800049,3340.800049,3342.300049,changed
2025-06-10 17:00:00+00:00,2026-10-05T02:58:33Z,3342.500000,3346.399902,3341.100098,3345.800049,3342.300049,3347.000000,3341.100098,3345.800049,changed
2025-06-10 18:00:00+00:00,2026-10-05T02:58:33Z,3345.899902,3346.300049,3340.100098,3342.500000,3345.899902,3346.300049,3319.100098,3342.500000,changed
2025-06-10 19:00:00+00:00,2026-10-05T02:58:33Z,3342.600098,3355.600098,3342.199951,3349.899902,3342.600098,3355.600098,3331.000000,3349.899902,changed
2025-06-11 00:00:00+00:00,2026-10-05T02:58:33Z,3348.600098,3356.399902,3345.100098,3353.199951,3348.600098,3356.399902,3328.000000,3353.199951,changed
2025-06-11 01:00:00+00:00,2026-10-05T02:58:33Z,3353.300049,3358.600098,3348.600098,3349.500000,3353.300049,3358.600098,3335.399902,3349.500000,changed
2025-06-11 03:00:00+00:00,2026-10-05T02:58:33Z,3359.399902,3363.199951,3357.199951,3361.000000,3359.399902,3363.199951,3335.800049,3361.000000,changed
2025-06-11 04:00:00+00:00,2026-10-05T02:58:33Z,3360.699951,3364.399902,3358.399902,3363.100098,3360.699951,3364.399902,3358.399902,3363.399902,changed
2025-06-11 05:00:00+00:00,2026-10-05T02:58:33Z,3363.199951,3364.800049,3356.199951,3360.500000,3358.899902,3360.699951,3356.199951,3360.500000,changed
2025-06-11 09:00:00+00:00,2026-10-05T02:58:33Z,3365.500000,3365.699951,3352.699951,3354.699951,3365.500000,3365.699951,3335.100098,3354.699951,changed
2025-06-11 11:00:00+00:00,2026-10-05T02:58:33Z,3350.399902,3355.800049,3345.699951,3353.800049,3350.399902,3355.800049,3328.399902,3353.800049,changed
2025-06-11 12:00:00+00:00,2026-10-05T02:58:33Z,3353.800049,3382.300049,3347.800049,3357.300049,3353.800049,3382.300049,3335.600098,3357.300049,changed
2025-06-11 13:00:00+00:00,2026-10-05T02:58:33Z,3357.300049,3365.600098,3347.500000,3350.699951,3357.300049,3366.000000,3328.899902,3350.699951,changed
2025-06-11 14:00:00+00:00,2026-10-05T02:58:33Z,3350.500000,3361.399902,3349.199951,3358.800049,3350.500000,3361.399902,3332.899902,3358.800049,changed
2025-06-11 15:00:00+00:00,2026-10-05T02:58:33Z,3358.800049,3363.100098,3350.000000,3353.699951,3358.800049,3363.100098,3330.199951,3353.699951,changed
2025-06-11 17:00:00+00:00,2026-10-05T02:58:33Z,3351.000000,3352.100098,3339.399902,3344.500000,3351.000000,3352.100098,3323.300049,3344.500000,changed
2025-06-11 18:00:00+00:00,2026-10-05T02:58:33Z,3344.699951,3368.399902,3344.000000,3364.300049,3344.699951,3368.399902,3342.300049,3364.300049,changed
2025-06-11 19:00:00+00:00,2026-10-05T02:58:33Z,3364.500000,3370.199951,3362.699951,3367.899902,3364.500000,3370.199951,3341.600098,3367.899902,changed
2025-06-11 20:00:00+00:00,2026-10-05T02:58:33Z,3368.000000,3376.600098,3367.800049,3376.000000,3368.000000,3376.600098,3351.100098,3376.000000,changed
2025-06-11 22:00:00+00:00,2026-10-05T02:58:33Z,3377.500000,3390.300049,3376.300049,3389.399902,3377.500000,3390.300049,3363.000000,3389.399902,changed
2025-06-12 00:00:00+00:00,2026-10-05T02:58:33Z,3386.000000,3391.899902,3382.500000,3386.399902,3386.000000,3391.899902,3366.000000,3386.399902,changed
2025-06-12 01:00:00+00:00,2026-10-05T02:58:33Z,3386.399902,3397.100098,3382.699951,3391.600098,3386.399902,3397.100098,3366.600098,3391.600098,changed
2025-06-12 02:00:00+00:00,2026-10-05T02:58:33Z,3391.300049,3398.399902,3389.300049,3394.899902,3391.300049,3398.399902,3368.000000,3394.899902,changed
2025-06-12 03:00:00+00:00,2026-10-05T02:58:33Z,3394.899902,3396.899902,3391.500000,3393.899902,3394.899902,3396.899902,3371.500000,3393.899902,changed
2025-06-12 08:00:00+00:00,2026-10-05T02:58:33Z,3366.800049,3380.800049,3366.699951,3376.300049,3366.800049,3380.800049,3353.399902,3376.300049,changed
2025-06-12 09:00:00+00:00,2026-10-05T02:58:33Z,3376.199951,3388.199951,3375.000000,3385.500000,3376.199951,3388.199951,3359.399902,3385.500000,changed
2025-06-12 12:00:00+00:00,2026-10-05T02:58:33Z,3399.500000,3411.399902,3396.699951,3409.199951,3399.500000,3411.399902,3378.899902,3409.199951,changed
2025-06-12 13:00:00+00:00,2026-10-05T02:58:33Z,3409.000000,3419.800049,3399.899902,3412.800049,3409.000000,3419.800049,3386.500000,3412.800049,changed
2025-06-12 15:00:00+00:00,2026-10-05T02:58:33Z,3404.399902,3411.500000,3398.100098,3406.500000,3404.399902,3411.500000,3389.500000,3406.500000,changed
2025-06-12 16:00:00+00:00,2026-10-05T02:58:33Z,3406.600098,3412.399902,3401.699951,3404.399902,3406.600098,3412.399902,3385.600098,3404.399902,changed
2025-06-12 19:00:00+00:00,2026-10-05T02:58:33Z,3406.199951,3409.699951,3405.000000,3408.500000,3406.199951,3409.699951,3387.000000,3408.500000,changed
2025-06-12 20:00:00+00:00,2026-10-05T02:58:33Z,3408.399902,3409.399902,3405.500000,3406.399902,3408.399902,3409.399902,3385.300049,3406.399902,changed
2025-06-13 00:00:00+00:00,2026-10-05T02:58:33Z,3416.199951,3442.000000,3412.399902,3436.399902,3416.199951,3442.000000,3407.300049,3436.399902,changed
2025-06-13 01:00:00+00:00,2026-10-05T02:58:33Z,3436.199951,3455.300049,3435.100098,3449.000000,3436.199951,3455.300049,3432.899902,3449.000000,changed
2025-06-13 02:00:00+00:00,2026-10-05T02:58:33Z,3448.699951,3466.800049,3446.300049,3463.800049,3448.699951,3466.800049,3431.199951,3463.800049,changed
2025-06-13 05:00:00+00:00,2026-10-05T02:58:33Z,3447.199951,3450.800049,3439.000000,3447.199951,3447.199951,3450.800049,3421.600098,3447.199951,changed
2025-06-13 06:00:00+00:00,2026-10-05T02:58:33Z,3447.199951,3450.500000,3429.199951,3436.899902,3447.199951,3450.500000,3426.000000,3436.899902,changed
2025-06-13 07:00:00+00:00,2026-10-05T02:58:33Z,3437.000000,3439.699951,3428.300049,3435.500000,3437.000000,3439.699951,3415.000000,3435.500000,changed
2025-06-13 12:00:00+00:00,2026-10-05T02:58:33Z,3442.300049,3458.899902,3441.699951,3457.100098,3442.300049,3458.899902,3424.100098,3457.100098,changed
2025-06-13 13:00:00+00:00,2026-10-05T02:58:33Z,3457.000000,3468.000000,3454.300049,3457.600098,3457.000000,3468.000000,3440.300049,3457.600098,changed
2025-06-13 14:00:00+00:00,2026-10-05T02:58:33Z,3457.899902,3460.500000,3444.100098,3448.399902,3457.300049,3460.500000,3426.100098,3448.399902,changed
2025-06-13 15:00:00+00:00,2026-10-05T02:58:33Z,3448.399902,3450.899902,3440.199951,3446.300049,3448.399902,3450.899902,3425.199951,3446.300049,changed
2025-06-13 20:00:00+00:00,2026-10-05T02:58:33Z,3453.000000,3455.100098,3448.899902,3452.600098,3452.300049,3455.100098,3448.899902,3452.600098,changed
2025-06-16 17:00:00+00:00,2026-10-05T02:58:33Z,3418.800049,3419.399902,3410.300049,3412.199951,3418.500000,3419.399902,3410.300049,3412.199951,changed
2025-06-17 19:00:00+00:00,2026-10-05T02:58:33Z,3401.600098,3405.000000,3401.100098,3404.399902,3401.600098,3405.000000,3400.699951,3404.399902,changed
2025-06-17 22:00:00+00:00,2026-10-05T02:58:33Z,3409.000000,3414.600098,3406.899902,3407.699951,3409.000000,3414.600098,3407.000000,3407.300049,changed
2025-06-17 23:00:00+00:00,2026-10-05T02:58:33Z,3408.000000,3409.000000,3403.300049,3405.500000,3407.500000,3409.000000,3404.000000,3405.600098,changed
2025-06-18 00:00:00+00:00,2026-10-05T02:58:33Z,3405.399902,3407.199951,3401.199951,3404.000000,3405.000000,3407.199951,3401.199951,3404.000000,changed
2025-06-18 14:00:00+00:00,2026-10-05T02:58:33Z,3409.300049,3409.699951,3391.699951,3405.699951,3411.100098,3411.500000,3391.699951,3405.699951,changed
2025-06-18 15:00:00+00:00,2026-10-05T02:58:33Z,3407.199951,3411.399902,3399.500000,3411.000000,3405.399902,3411.399902,3399.500000,3411.000000,changed
2025-06-18 17:00:00+00:00,2026-10-05T02:58:33Z,3409.600098,3409.899902,3403.699951,3404.500000,3409.600098,3409.899902,3402.399902,3403.500000,changed
2025-06-18 18:00:00+00:00,2026-10-05T02:58:33Z,3411.699951,3414.199951,3396.000000,3397.100098,3403.500000,3414.199951,3396.000000,3397.100098,changed
2025-06-18 19:00:00+00:00,2026-10-05T02:58:33Z,3396.899902,3397.500000,3380.500000,3385.300049,3396.899902,3397.500000,3380.500000,3384.600098,changed
2025-06-18 20:00:00+00:00,2026-10-05T02:58:33Z,3384.199951,3387.600098,3380.100098,3387.300049,3384.399902,3387.600098,3380.100098,3386.399902,changed
2025-06-18 22:00:00+00:00,2026-10-05T02:58:33Z,3387.000000,3396.699951,3386.699951,3392.000000,3387.100098,3396.699951,3386.300049,3392.000000,changed
2025-06-19 09:00:00+00:00,2026-10-05T02:58:33Z,3385.800049,3391.000000,3379.800049,3387.300049,3385.800049,3391.000000,3380.899902,3387.300049,changed
2025-06-20 15:00:00+00:00,2026-10-05T02:58:33Z,3385.600098,3388.100098,3382.100098,3385.600098,3385.600098,3388.100098,3382.100098,3385.699951,changed
2025-06-20 17:00:00+00:00,2026-10-05T02:58:33Z,3387.600098,3387.899902,3382.899902,3383.199951,3387.600098,3387.899902,3382.300049,3383.199951,changed
2025-06-23 07:00:00+00:00,2026-10-05T02:58:33Z,3372.300049,3373.899902,3366.399902,3372.800049,3372.300049,3374.000000,3366.399902,3372.800049,changed
2025-06-23 11:00:00+00:00,2026-10-05T02:58:33Z,3383.699951,3397.899902,3383.699951,3395.699951,3383.699951,3397.899902,3383.699951,3396.100098,changed
2025-06-23 12:00:00+00:00,2026-10-05T02:58:33Z,3395.500000,3395.800049,3371.100098,3375.600098,3396.300049,3396.600098,3371.100098,3375.600098,changed
2025-06-23 13:00:00+00:00,2026-10-05T02:58:33Z,3378.500000,3403.600098,3377.500000,3396.500000,3375.500000,3403.600098,3374.899902,3396.500000,changed
2025-06-23 14:00:00+00:00,2026-10-05T02:58:33Z,3396.300049,3402.500000,3384.899902,3402.300049,3396.300049,3402.600098,3384.899902,3402.300049,changed
2025-06-23 15:00:00+00:00,2026-10-05T02:58:33Z,3403.800049,3405.899902,3400.600098,3403.300049,3402.600098,3405.899902,3400.500000,3403.300049,changed
2025-06-24 15:00:00+00:00,2026-10-05T02:58:33Z,3314.600098,3330.899902,3313.699951,3326.899902,3317.399902,3330.899902,3313.699951,3326.899902,changed
2025-06-25 15:00:00+00:00,2026-10-05T02:58:33Z,3336.699951,3340.899902,3335.800049,3339.199951,3336.699951,3340.899902,3335.199951,3339.199951,changed
2025-06-26 08:00:00+00:00,2026-10-05T02:58:33Z,3359.399902,3363.899902,3357.800049,3361.800049,3359.399902,3363.899902,3357.800049,3361.600098,changed
2025-06-26 09:00:00+00:00,2026-10-05T02:58:33Z,3361.800049,3362.300049,3351.899902,3353.800049,3361.600098,3362.300049,3352.399902,3353.899902,changed
2025-06-26 10:00:00+00:00,2026-10-05T02:58:33Z,3354.199951,3356.000000,3351.300049,3355.899902,3353.899902,3356.899902,3351.300049,3356.500000,changed
2025-06-26 11:00:00+00:00,2026-10-05T02:58:33Z,3356.600098,3357.199951,3344.899902,3346.399902,3356.600098,3357.500000,3344.899902,3346.399902,changed
2025-06-26 12:00:00+00:00,2026-10-05T02:58:33Z,3346.500000,3357.800049,3337.500000,3338.300049,3346.500000,3357.800049,3334.699951,3335.000000,changed
2025-06-26 13:00:00+00:00,2026-10-05T02:58:33Z,3334.199951,3341.800049,3322.500000,3337.899902,3335.199951,3341.800049,3322.500000,3332.800049,changed
2025-06-26 14:00:00+00:00,2026-10-05T02:58:33Z,3331.800049,3337.000000,3324.399902,3330.199951,3332.600098,3337.000000,3324.399902,3331.500000,changed
2025-06-27 18:00:00+00:00,2026-10-05T02:58:33Z,3289.800049,3290.699951,3282.399902,3288.000000,3289.800049,3290.699951,3282.199951,3288.000000,changed
2025-06-30 14:00:00+00:00,2026-10-05T02:58:33Z,3299.100098,3301.500000,3290.899902,3299.399902,3296.600098,3301.500000,3290.899902,3299.399902,changed
