bar_open,run_utc,old_open,old_high,old_low,old_close,new_open,new_high,new_low,new_close,kind
2026-06-01 00:00:00+00:00,2026-10-08T19:19:36Z,4570.500000,4577.299805,4565.500000,4571.399902,4570.500000,4577.299805,4565.500000,4571.100098,changed
2026-06-01 01:00:00+00:00,2026-10-08T19:19:36Z,4571.200195,4572.100098,4554.399902,4556.200195,4571.600098,4572.100098,4554.399902,4556.200195,changed
2026-06-01 03:00:00+00:00,2026-10-08T19:19:36Z,4551.700195,4556.299805,4540.299805,4546.000000,4553.200195,4556.299805,4540.299805,4546.000000,changed
2026-06-01 04:00:00+00:00,2026-10-08T19:19:36Z,4546.899902,4550.100098,4537.600098,4544.700195,4546.899902,4550.100098,4537.600098,4544.899902,changed
2026-06-01 05:00:00+00:00,2026-10-08T19:19:36Z,4544.799805,4555.399902,4542.700195,4548.200195,4544.399902,4555.399902,4542.700195,4547.899902,changed
2026-06-01 06:00:00+00:00,2026-10-08T19:19:36Z,4548.100098,4548.600098,4529.100098,4531.700195,4548.200195,4548.600098,4529.100098,4531.700195,changed
2026-06-01 07:00:00+00:00,2026-10-08T19:19:36Z,4531.600098,4540.200195,4522.100098,4532.700195,4531.600098,4540.200195,4522.100098,4532.799805,changed
2026-06-01 08:00:00+00:00,2026-10-08T19:19:36Z,4533.000000,4534.500000,4519.600098,4527.399902,4533.899902,4534.500000,4519.600098,4527.399902,changed
2026-06-01 10:00:00+00:00,2026-10-08T19:19:36Z,4525.899902,4540.899902,4525.899902,4534.100098,4526.100098,4540.899902,4525.899902,4534.100098,changed
2026-06-01 11:00:00+00:00,2026-10-08T19:19:36Z,4534.200195,4542.799805,4529.700195,4536.000000,4534.000000,4542.799805,4529.700195,4536.100098,changed
2026-06-01 12:00:00+00:00,2026-10-08T19:19:36Z,4535.799805,4540.399902,4527.600098,4532.000000,4535.399902,4540.399902,4527.600098,4531.799805,changed
2026-06-01 13:00:00+00:00,2026-10-08T19:19:36Z,4532.299805,4533.799805,4476.200195,4480.100098,4533.200195,4533.799805,4476.200195,4480.100098,changed
2026-06-01 14:00:00+00:00,2026-10-08T19:19:36Z,4479.100098,4494.899902,4476.000000,4488.500000,4476.299805,4494.899902,4476.000000,4488.500000,changed
2026-06-01 15:00:00+00:00,2026-10-08T19:19:36Z,4489.000000,4510.500000,4485.000000,4504.100098,4489.000000,4510.500000,4485.000000,4504.200195,changed
2026-06-01 17:00:00+00:00,2026-10-08T19:19:36Z,4510.899902,4525.600098,4501.399902,4517.500000,4511.200195,4525.600098,4501.399902,4517.500000,changed
2026-06-01 19:00:00+00:00,2026-10-08T19:19:36Z,4516.500000,4518.200195,4509.100098,4511.100098,4516.899902,4518.200195,4509.200195,4511.000000,changed
2026-06-01 22:00:00+00:00,2026-10-08T19:19:36Z,4515.799805,4517.899902,4509.500000,4515.299805,4517.899902,4517.899902,4509.500000,4515.299805,changed
2026-06-02 01:00:00+00:00,2026-10-08T19:19:36Z,4510.700195,4522.000000,4492.299805,4503.600098,4510.700195,4522.000000,4492.299805,4503.700195,changed
2026-06-02 04:00:00+00:00,2026-10-08T19:19:36Z,4529.299805,4548.600098,4528.000000,4547.700195,4529.600098,4548.600098,4528.000000,4547.700195,changed
2026-06-02 07:00:00+00:00,2026-10-08T19:19:36Z,4565.799805,4571.299805,4558.000000,4565.200195,4565.799805,4571.299805,4558.000000,4565.299805,changed
2026-06-02 11:00:00+00:00,2026-10-08T19:19:36Z,4563.000000,4564.200195,4555.200195,4557.299805,4562.899902,4564.200195,4555.200195,4557.000000,changed
2026-06-02 12:00:00+00:00,2026-10-08T19:19:36Z,4557.500000,4563.799805,4542.799805,4544.000000,4557.299805,4563.799805,4542.799805,4543.799805,changed
2026-06-02 13:00:00+00:00,2026-10-08T19:19:36Z,4544.299805,4554.399902,4532.100098,4532.100098,4544.000000,4554.399902,4532.100098,4532.100098,changed
2026-06-02 14:00:00+00:00,2026-10-08T19:19:36Z,4532.000000,4536.799805,4519.399902,4533.700195,4531.600098,4536.799805,4519.399902,4533.700195,changed
2026-06-02 16:00:00+00:00,2026-10-08T19:19:36Z,4531.700195,4532.799805,4515.600098,4521.299805,4531.799805,4532.799805,4515.600098,4521.299805,changed
2026-06-02 18:00:00+00:00,2026-10-08T19:19:36Z,4514.299805,4520.200195,4508.000000,4516.899902,4514.600098,4520.200195,4508.000000,4516.899902,changed
2026-06-02 20:00:00+00:00,2026-10-08T19:19:36Z,4517.799805,4521.000000,4516.100098,4519.200195,4517.399902,4521.000000,4516.100098,4519.200195,changed
2026-06-03 00:00:00+00:00,2026-10-08T19:19:36Z,4502.600098,4525.100098,4502.600098,4514.399902,4503.700195,4525.100098,4502.600098,4514.399902,changed
2026-06-03 03:00:00+00:00,2026-10-08T19:19:36Z,4510.100098,4515.500000,4510.100098,4512.000000,4510.200195,4515.500000,4510.100098,4512.000000,changed
2026-06-03 06:00:00+00:00,2026-10-08T19:19:36Z,4485.399902,4499.299805,4483.700195,4491.700195,4485.299805,4499.299805,4483.700195,4491.700195,changed
2026-06-03 07:00:00+00:00,2026-10-08T19:19:36Z,4491.399902,4500.500000,4481.100098,4481.600098,4491.200195,4500.500000,4481.100098,4481.600098,changed
2026-06-03 08:00:00+00:00,2026-10-08T19:19:36Z,4481.799805,4487.799805,4468.200195,4472.299805,4481.000000,4487.799805,4468.200195,4472.299805,changed
2026-06-03 10:00:00+00:00,2026-10-08T19:19:36Z,4471.700195,4496.000000,4469.500000,4487.700195,4471.000000,4496.000000,4469.500000,4487.700195,changed
2026-06-03 12:00:00+00:00,2026-10-08T19:19:36Z,4490.899902,4495.600098,4476.299805,4488.600098,4490.799805,4495.600098,4476.299805,4488.600098,changed
2026-06-03 19:00:00+00:00,2026-10-08T19:19:36Z,4469.799805,4480.000000,4469.500000,4472.000000,4469.899902,4480.000000,4469.500000,4471.899902,changed
2026-06-03 20:00:00+00:00,2026-10-08T19:19:36Z,4471.899902,4473.600098,4458.600098,4462.700195,4472.100098,4473.600098,4458.600098,4462.700195,changed
2026-06-03 22:00:00+00:00,2026-10-08T19:19:36Z,4462.600098,4479.200195,4450.100098,4475.299805,4463.700195,4479.200195,4450.100098,4475.000000,changed
2026-06-04 00:00:00+00:00,2026-10-08T19:19:36Z,4484.000000,4491.799805,4470.600098,4475.600098,4483.700195,4491.799805,4470.600098,4475.600098,changed
2026-06-04 02:00:00+00:00,2026-10-08T19:19:36Z,4492.100098,4504.200195,4482.500000,4502.000000,4492.100098,4504.200195,4482.500000,4501.399902,changed
2026-06-04 03:00:00+00:00,2026-10-08T19:19:36Z,4501.700195,4504.200195,4485.100098,4490.600098,4501.500000,4504.200195,4485.100098,4490.600098,changed
2026-06-04 06:00:00+00:00,2026-10-08T19:19:36Z,4495.799805,4504.299805,4489.799805,4494.700195,4496.100098,4504.299805,4489.799805,4494.700195,changed
2026-06-04 09:00:00+00:00,2026-10-08T19:19:36Z,4489.899902,4503.299805,4487.700195,4498.200195,4489.399902,4503.299805,4487.700195,4498.200195,changed
2026-06-04 11:00:00+00:00,2026-10-08T19:19:36Z,4501.600098,4542.399902,4496.399902,4539.200195,4502.000000,4542.399902,4496.399902,4539.200195,changed
2026-06-04 12:00:00+00:00,2026-10-08T19:19:36Z,4539.100098,4541.899902,4518.799805,4531.600098,4539.000000,4541.899902,4518.799805,4531.600098,changed
2026-06-04 14:00:00+00:00,2026-10-08T19:19:36Z,4523.399902,4528.000000,4483.799805,4493.100098,4524.299805,4528.000000,4483.799805,4493.100098,changed
2026-06-04 17:00:00+00:00,2026-10-08T19:19:36Z,4510.500000,4510.500000,4502.000000,4506.000000,4510.200195,4510.500000,4502.000000,4506.000000,changed
2026-06-04 19:00:00+00:00,2026-10-08T19:19:36Z,4506.100098,4511.299805,4503.899902,4508.899902,4506.100098,4511.299805,4503.899902,4508.700195,changed
2026-06-04 20:00:00+00:00,2026-10-08T19:19:36Z,4508.500000,4509.299805,4502.299805,4502.399902,4509.000000,4509.299805,4502.299805,4502.399902,changed
2026-06-05 00:00:00+00:00,2026-10-08T19:19:36Z,4488.200195,4493.899902,4477.500000,4485.799805,4487.799805,4493.899902,4477.500000,4486.000000,changed
2026-06-05 01:00:00+00:00,2026-10-08T19:19:36Z,4485.799805,4497.000000,4470.700195,4473.299805,4485.799805,4497.000000,4470.700195,4473.700195,changed
2026-06-05 02:00:00+00:00,2026-10-08T19:19:36Z,4473.399902,4481.600098,4464.500000,4467.100098,4473.200195,4481.600098,4464.500000,4467.100098,changed
2026-06-05 04:00:00+00:00,2026-10-08T19:19:36Z,4468.700195,4472.899902,4463.799805,4471.000000,4469.000000,4472.899902,4463.799805,4471.000000,changed
2026-06-05 05:00:00+00:00,2026-10-08T19:19:36Z,4471.000000,4476.100098,4464.899902,4465.899902,4470.899902,4476.100098,4464.899902,4465.899902,changed
2026-06-05 06:00:00+00:00,2026-10-08T19:19:36Z,4466.399902,4483.200195,4454.799805,4479.700195,4466.500000,4483.200195,4454.799805,4479.700195,changed
2026-06-05 07:00:00+00:00,2026-10-08T19:19:36Z,4479.899902,4494.200195,4478.700195,4487.700195,4479.899902,4494.200195,4478.700195,4488.000000,changed
2026-06-05 08:00:00+00:00,2026-10-08T19:19:36Z,4487.299805,4495.399902,4485.500000,4489.799805,4487.000000,4495.399902,4485.500000,4489.799805,changed
2026-06-05 10:00:00+00:00,2026-10-08T19:19:36Z,4491.600098,4495.000000,4488.700195,4493.700195,4491.399902,4495.000000,4488.700195,4493.799805,changed
2026-06-05 11:00:00+00:00,2026-10-08T19:19:36Z,4493.200195,4502.200195,4484.799805,4497.000000,4493.100098,4502.200195,4484.799805,4497.000000,changed
2026-06-05 12:00:00+00:00,2026-10-08T19:19:36Z,4497.399902,4502.799805,4430.100098,4432.100098,4497.399902,4502.799805,4430.100098,4431.899902,changed
2026-06-05 13:00:00+00:00,2026-10-08T19:19:36Z,4432.000000,4446.600098,4390.000000,4390.500000,4432.200195,4446.600098,4390.000000,4390.500000,changed
2026-06-05 15:00:00+00:00,2026-10-08T19:19:36Z,4394.600098,4397.299805,4358.799805,4360.399902,4394.200195,4397.299805,4358.799805,4360.399902,changed
2026-06-05 16:00:00+00:00,2026-10-08T19:19:36Z,4360.299805,4370.299805,4347.500000,4369.100098,4360.200195,4370.299805,4347.500000,4369.100098,changed
2026-06-05 18:00:00+00:00,2026-10-08T19:19:36Z,4366.799805,4366.799805,4339.799805,4346.700195,4366.500000,4366.799805,4339.799805,4346.700195,changed
2026-06-05 19:00:00+00:00,2026-10-08T19:19:36Z,4347.399902,4349.500000,4338.299805,4343.500000,4347.000000,4349.500000,4338.299805,4343.500000,changed
2026-06-08 00:00:00+00:00,2026-10-08T19:19:36Z,4367.000000,4377.500000,4363.100098,4366.000000,4366.200195,4377.500000,4363.100098,4366.000000,changed
2026-06-08 01:00:00+00:00,2026-10-08T19:19:36Z,4365.600098,4369.500000,4323.600098,4349.600098,4367.899902,4369.500000,4323.600098,4349.600098,changed
2026-06-08 05:00:00+00:00,2026-10-08T19:19:36Z,4337.100098,4340.100098,4293.000000,4317.500000,4337.000000,4340.100098,4293.000000,4317.500000,changed
2026-06-08 06:00:00+00:00,2026-10-08T19:19:36Z,4316.799805,4336.500000,4316.799805,4325.299805,4316.799805,4336.500000,4316.799805,4325.399902,changed
2026-06-08 07:00:00+00:00,2026-10-08T19:19:36Z,4325.100098,4342.000000,4319.299805,4319.899902,4324.899902,4342.000000,4319.299805,4319.799805,changed
2026-06-08 08:00:00+00:00,2026-10-08T19:19:36Z,4319.299805,4322.399902,4309.600098,4313.100098,4320.200195,4322.399902,4309.600098,4313.100098,changed
2026-06-08 10:00:00+00:00,2026-10-08T19:19:36Z,4319.000000,4330.299805,4310.600098,4326.399902,4319.399902,4330.299805,4310.600098,4326.399902,changed
2026-06-08 11:00:00+00:00,2026-10-08T19:19:36Z,4326.200195,4358.500000,4321.299805,4356.299805,4326.600098,4358.500000,4321.299805,4356.299805,changed
2026-06-08 12:00:00+00:00,2026-10-08T19:19:36Z,4355.700195,4364.799805,4344.799805,4358.000000,4355.899902,4364.799805,4344.799805,4358.000000,changed
2026-06-08 13:00:00+00:00,2026-10-08T19:19:36Z,4358.100098,4371.500000,4345.700195,4351.799805,4358.500000,4371.500000,4345.700195,4351.700195,changed
2026-06-08 14:00:00+00:00,2026-10-08T19:19:36Z,4351.299805,4356.299805,4339.000000,4355.799805,4351.600098,4356.299805,4339.000000,4355.799805,changed
2026-06-08 15:00:00+00:00,2026-10-08T19:19:36Z,4356.299805,4370.000000,4346.899902,4366.100098,4356.799805,4370.000000,4346.899902,4366.100098,changed
2026-06-08 16:00:00+00:00,2026-10-08T19:19:36Z,4365.899902,4371.000000,4362.200195,4365.000000,4366.100098,4371.000000,4362.200195,4365.000000,changed
2026-06-08 18:00:00+00:00,2026-10-08T19:19:36Z,4363.299805,4370.200195,4357.100098,4358.799805,4363.299805,4370.200195,4357.100098,4359.000000,changed
2026-06-08 22:00:00+00:00,2026-10-08T19:19:36Z,4354.700195,4363.399902,4345.799805,4351.500000,4358.600098,4363.399902,4345.799805,4351.500000,changed
2026-06-09 01:00:00+00:00,2026-10-08T19:19:36Z,4344.000000,4362.899902,4342.500000,4360.799805,4342.500000,4362.899902,4342.500000,4360.799805,changed
2026-06-09 05:00:00+00:00,2026-10-08T19:19:36Z,4356.899902,4375.700195,4354.799805,4367.899902,4356.899902,4375.700195,4354.799805,4368.000000,changed
2026-06-09 06:00:00+00:00,2026-10-08T19:19:36Z,4368.100098,4373.200195,4354.100098,4354.399902,4367.799805,4373.200195,4354.100098,4354.399902,changed
2026-06-09 07:00:00+00:00,2026-10-08T19:19:36Z,4354.399902,4358.899902,4346.000000,4350.200195,4354.799805,4358.899902,4346.000000,4350.100098,changed
2026-06-09 10:00:00+00:00,2026-10-08T19:19:36Z,4356.000000,4365.200195,4349.100098,4363.299805,4356.100098,4365.200195,4349.100098,4363.299805,changed
2026-06-09 12:00:00+00:00,2026-10-08T19:19:36Z,4364.399902,4369.000000,4359.000000,4365.399902,4364.399902,4369.000000,4359.000000,4365.899902,changed
2026-06-09 13:00:00+00:00,2026-10-08T19:19:36Z,4366.100098,4388.600098,4349.100098,4353.200195,4365.899902,4388.600098,4349.100098,4353.399902,changed
2026-06-09 14:00:00+00:00,2026-10-08T19:19:36Z,4352.899902,4360.299805,4302.100098,4325.000000,4352.899902,4360.299805,4302.100098,4324.899902,changed
2026-06-09 19:00:00+00:00,2026-10-08T19:19:36Z,4294.600098,4296.100098,4274.000000,4282.700195,4294.600098,4296.100098,4274.000000,4282.799805,changed
2026-06-09 20:00:00+00:00,2026-10-08T19:19:36Z,4282.799805,4286.100098,4280.000000,4284.799805,4282.500000,4286.100098,4280.000000,4284.799805,changed
2026-06-09 22:00:00+00:00,2026-10-08T19:19:36Z,4276.100098,4281.100098,4255.399902,4260.399902,4276.200195,4281.100098,4255.399902,4260.399902,changed
2026-06-10 04:00:00+00:00,2026-10-08T19:19:36Z,4208.899902,4211.200195,4194.200195,4198.000000,4209.200195,4211.200195,4194.200195,4198.000000,changed
2026-06-10 06:00:00+00:00,2026-10-08T19:19:36Z,4228.600098,4245.500000,4225.100098,4227.100098,4228.799805,4245.500000,4225.100098,4227.100098,changed
2026-06-10 10:00:00+00:00,2026-10-08T19:19:36Z,4191.600098,4201.500000,4178.500000,4197.500000,4191.200195,4201.500000,4178.500000,4197.500000,changed
2026-06-10 11:00:00+00:00,2026-10-08T19:19:36Z,4197.500000,4198.600098,4168.200195,4170.200195,4197.799805,4198.600098,4168.200195,4170.200195,changed
2026-06-10 12:00:00+00:00,2026-10-08T19:19:36Z,4169.899902,4197.299805,4152.000000,4169.600098,4169.700195,4197.299805,4152.000000,4169.600098,changed
2026-06-10 15:00:00+00:00,2026-10-08T19:19:36Z,4147.700195,4159.700195,4129.600098,4151.899902,4147.500000,4159.700195,4129.600098,4152.000000,changed
2026-06-10 16:00:00+00:00,2026-10-08T19:19:36Z,4152.700195,4158.799805,4138.700195,4144.600098,4152.399902,4158.799805,4138.700195,4144.399902,changed
2026-06-10 17:00:00+00:00,2026-10-08T19:19:36Z,4144.500000,4157.600098,4123.500000,4134.899902,4144.700195,4157.600098,4123.500000,4134.899902,changed
2026-06-10 18:00:00+00:00,2026-10-08T19:19:36Z,4135.299805,4144.000000,4120.200195,4125.000000,4135.899902,4144.000000,4120.200195,4125.000000,changed
2026-06-10 20:00:00+00:00,2026-10-08T19:19:36Z,4106.000000,4106.399902,4090.100098,4094.100098,4105.899902,4106.399902,4090.100098,4094.100098,changed
2026-06-10 23:00:00+00:00,2026-10-08T19:19:36Z,4069.199951,4087.199951,4046.199951,4069.699951,4069.199951,4087.199951,4046.199951,4069.600098,changed
2026-06-11 00:00:00+00:00,2026-10-08T19:19:36Z,4070.899902,4100.000000,4058.000000,4097.500000,4070.800049,4100.000000,4058.000000,4097.500000,changed
2026-06-11 02:00:00+00:00,2026-10-08T19:19:36Z,4122.799805,4122.899902,4073.399902,4089.300049,4122.299805,4122.899902,4073.399902,4089.300049,changed
2026-06-11 04:00:00+00:00,2026-10-08T19:19:36Z,4094.399902,4107.399902,4091.199951,4103.799805,4094.899902,4107.399902,4091.199951,4103.799805,changed
2026-06-11 06:00:00+00:00,2026-10-08T19:19:36Z,4115.000000,4118.500000,4097.000000,4115.700195,4115.000000,4118.500000,4097.000000,4115.100098,changed
2026-06-11 07:00:00+00:00,2026-10-08T19:19:36Z,4115.600098,4131.500000,4112.000000,4125.799805,4115.899902,4131.500000,4112.000000,4125.799805,changed
2026-06-11 08:00:00+00:00,2026-10-08T19:19:36Z,4125.700195,4133.600098,4105.600098,4105.600098,4124.899902,4133.600098,4105.600098,4105.600098,changed
2026-06-11 09:00:00+00:00,2026-10-08T19:19:36Z,4105.000000,4117.500000,4098.100098,4112.399902,4105.100098,4117.500000,4098.100098,4112.399902,changed
2026-06-11 12:00:00+00:00,2026-10-08T19:19:36Z,4100.899902,4107.799805,4078.000000,4102.500000,4101.000000,4107.799805,4078.000000,4102.500000,changed
2026-06-11 13:00:00+00:00,2026-10-08T19:19:36Z,4102.700195,4114.299805,4088.000000,4104.299805,4103.000000,4114.299805,4088.000000,4104.299805,changed
2026-06-11 14:00:00+00:00,2026-10-08T19:19:36Z,4104.000000,4106.600098,4072.800049,4094.399902,4104.600098,4106.600098,4072.800049,4094.399902,changed
2026-06-11 15:00:00+00:00,2026-10-08T19:19:36Z,4094.199951,4116.799805,4090.899902,4110.000000,4094.199951,4116.799805,4090.899902,4110.200195,changed
2026-06-11 16:00:00+00:00,2026-10-08T19:19:36Z,4110.200195,4129.000000,4098.899902,4101.200195,4110.000000,4129.000000,4098.899902,4101.200195,changed
2026-06-11 17:00:00+00:00,2026-10-08T19:19:36Z,4101.500000,4191.799805,4092.899902,4173.200195,4101.500000,4191.799805,4092.899902,4172.799805,changed
2026-06-11 20:00:00+00:00,2026-10-08T19:19:36Z,4230.200195,4240.000000,4229.200195,4233.799805,4230.500000,4240.000000,4229.200195,4233.799805,changed
2026-06-11 23:00:00+00:00,2026-10-08T19:19:36Z,4264.500000,4267.200195,4234.600098,4240.600098,4264.700195,4267.200195,4234.600098,4240.600098,changed
2026-06-12 01:00:00+00:00,2026-10-08T19:19:36Z,4229.700195,4232.399902,4192.899902,4208.200195,4229.799805,4232.399902,4192.899902,4208.200195,changed
2026-06-12 02:00:00+00:00,2026-10-08T19:19:36Z,4208.200195,4221.899902,4204.200195,4213.500000,4208.000000,4221.899902,4204.200195,4213.500000,changed
2026-06-12 04:00:00+00:00,2026-10-08T19:19:36Z,4219.000000,4222.600098,4211.100098,4211.899902,4219.000000,4222.600098,4211.100098,4212.000000,changed
2026-06-12 08:00:00+00:00,2026-10-08T19:19:36Z,4215.899902,4247.700195,4213.200195,4241.200195,4215.399902,4247.700195,4213.200195,4241.200195,changed
2026-06-12 10:00:00+00:00,2026-10-08T19:19:36Z,4242.899902,4246.700195,4223.600098,4231.899902,4243.100098,4246.700195,4223.600098,4231.899902,changed
2026-06-12 13:00:00+00:00,2026-10-08T19:19:36Z,4212.100098,4231.200195,4203.000000,4206.700195,4211.000000,4231.200195,4203.000000,4206.700195,changed
2026-06-12 14:00:00+00:00,2026-10-08T19:19:36Z,4207.399902,4229.500000,4197.500000,4224.899902,4207.200195,4229.500000,4197.500000,4224.899902,changed
2026-06-12 15:00:00+00:00,2026-10-08T19:19:36Z,4224.899902,4256.799805,4221.000000,4232.399902,4224.799805,4256.799805,4221.000000,4232.399902,changed
2026-06-12 17:00:00+00:00,2026-10-08T19:19:36Z,4236.500000,4247.100098,4234.000000,4241.799805,4237.000000,4247.100098,4234.000000,4241.799805,changed
2026-06-12 18:00:00+00:00,2026-10-08T19:19:36Z,4242.200195,4256.200195,4234.899902,4236.200195,4241.899902,4256.200195,4234.899902,4236.500000,changed
2026-06-12 19:00:00+00:00,2026-10-08T19:19:36Z,4236.200195,4240.799805,4223.200195,4231.899902,4236.200195,4240.799805,4223.200195,4231.700195,changed
2026-06-12 20:00:00+00:00,2026-10-08T19:19:36Z,4231.600098,4240.600098,4230.700195,4238.799805,4232.100098,4240.600098,4230.700195,4238.799805,changed
2026-06-14 22:00:00+00:00,2026-10-08T19:19:36Z,4325.600098,4327.000000,4300.000000,4305.799805,4326.000000,4327.000000,4300.000000,4305.799805,changed
2026-06-14 23:00:00+00:00,2026-10-08T19:19:36Z,4305.600098,4315.399902,4301.299805,4314.299805,4306.100098,4315.399902,4301.299805,4314.299805,changed
2026-06-15 06:00:00+00:00,2026-10-08T19:19:36Z,4331.500000,4334.399902,4321.600098,4329.100098,4331.600098,4334.399902,4321.600098,4329.100098,changed
2026-06-15 07:00:00+00:00,2026-10-08T19:19:36Z,4329.200195,4346.000000,4326.100098,4344.299805,4329.799805,4346.000000,4326.100098,4344.299805,changed
2026-06-15 08:00:00+00:00,2026-10-08T19:19:36Z,4344.100098,4366.100098,4342.700195,4355.399902,4344.200195,4366.100098,4342.700195,4355.399902,changed
2026-06-15 12:00:00+00:00,2026-10-08T19:19:36Z,4356.600098,4370.799805,4345.299805,4370.500000,4356.600098,4370.799805,4345.299805,4370.299805,changed
2026-06-15 13:00:00+00:00,2026-10-08T19:19:36Z,4370.399902,4390.799805,4362.799805,4376.799805,4370.399902,4390.799805,4362.799805,4376.399902,changed
2026-06-15 14:00:00+00:00,2026-10-08T19:19:36Z,4376.700195,4391.500000,4375.500000,4378.500000,4376.200195,4391.500000,4375.500000,4378.600098,changed
2026-06-15 15:00:00+00:00,2026-10-08T19:19:36Z,4378.299805,4382.799805,4370.600098,4377.600098,4378.100098,4382.799805,4370.600098,4377.600098,changed
2026-06-15 17:00:00+00:00,2026-10-08T19:19:36Z,4360.500000,4360.500000,4341.700195,4346.000000,4360.500000,4360.500000,4341.700195,4346.100098,changed
2026-06-15 18:00:00+00:00,2026-10-08T19:19:36Z,4346.200195,4349.700195,4339.100098,4347.299805,4346.000000,4349.700195,4339.100098,4347.299805,changed
2026-06-15 19:00:00+00:00,2026-10-08T19:19:36Z,4347.500000,4348.299805,4338.200195,4342.399902,4347.500000,4348.299805,4338.200195,4342.200195,changed
2026-06-15 20:00:00+00:00,2026-10-08T19:19:36Z,4342.600098,4343.899902,4328.500000,4331.000000,4342.700195,4343.899902,4328.500000,4331.000000,changed
2026-06-15 22:00:00+00:00,2026-10-08T19:19:36Z,4331.299805,4337.299805,4326.700195,4333.100098,4331.399902,4337.299805,4326.700195,4333.100098,changed
2026-06-16 00:00:00+00:00,2026-10-08T19:19:36Z,4336.600098,4341.600098,4327.399902,4340.299805,4337.000000,4341.600098,4327.399902,4340.299805,changed
2026-06-16 01:00:00+00:00,2026-10-08T19:19:36Z,4340.299805,4346.799805,4332.799805,4334.000000,4339.799805,4346.799805,4332.799805,4334.000000,changed
2026-06-16 08:00:00+00:00,2026-10-08T19:19:36Z,4356.399902,4369.500000,4354.200195,4368.299805,4356.799805,4369.500000,4354.200195,4368.299805,changed
2026-06-16 13:00:00+00:00,2026-10-08T19:19:36Z,4375.899902,4376.500000,4352.600098,4352.700195,4375.899902,4376.500000,4352.600098,4352.600098,changed
2026-06-16 14:00:00+00:00,2026-10-08T19:19:36Z,4352.500000,4360.000000,4333.700195,4344.399902,4353.100098,4360.000000,4333.700195,4344.399902,changed
2026-06-16 15:00:00+00:00,2026-10-08T19:19:36Z,4344.399902,4364.500000,4341.399902,4355.700195,4345.200195,4364.500000,4341.399902,4355.700195,changed
2026-06-16 16:00:00+00:00,2026-10-08T19:19:36Z,4355.600098,4368.100098,4355.399902,4361.799805,4356.000000,4368.100098,4355.399902,4361.799805,changed
2026-06-16 19:00:00+00:00,2026-10-08T19:19:36Z,4359.600098,4364.299805,4352.399902,4355.600098,4359.500000,4364.299805,4352.399902,4355.600098,changed
2026-06-16 22:00:00+00:00,2026-10-08T19:19:36Z,4352.600098,4355.899902,4348.700195,4355.000000,4352.700195,4355.899902,4348.700195,4355.000000,changed
2026-06-17 00:00:00+00:00,2026-10-08T19:19:36Z,4350.899902,4361.899902,4348.200195,4356.899902,4351.399902,4361.899902,4348.200195,4356.899902,changed
2026-06-17 05:00:00+00:00,2026-10-08T19:19:36Z,4346.200195,4353.799805,4340.399902,4346.100098,4346.200195,4353.799805,4340.399902,4346.500000,changed
2026-06-17 06:00:00+00:00,2026-10-08T19:19:36Z,4346.500000,4351.200195,4340.100098,4351.200195,4346.600098,4351.200195,4340.100098,4351.200195,changed
2026-06-17 07:00:00+00:00,2026-10-08T19:19:36Z,4351.100098,4352.500000,4344.100098,4344.700195,4350.700195,4352.500000,4344.100098,4344.700195,changed
2026-06-17 08:00:00+00:00,2026-10-08T19:19:36Z,4344.799805,4347.500000,4335.600098,4344.200195,4344.500000,4347.500000,4335.600098,4344.200195,changed
2026-06-17 11:00:00+00:00,2026-10-08T19:19:36Z,4351.299805,4351.500000,4340.000000,4342.600098,4351.500000,4351.500000,4340.000000,4342.600098,changed
2026-06-17 12:00:00+00:00,2026-10-08T19:19:36Z,4342.799805,4355.200195,4338.700195,4353.299805,4342.899902,4355.200195,4338.700195,4353.299805,changed
2026-06-17 14:00:00+00:00,2026-10-08T19:19:36Z,4359.600098,4384.200195,4349.899902,4364.100098,4359.500000,4384.200195,4349.899902,4364.100098,changed
2026-06-17 15:00:00+00:00,2026-10-08T19:19:36Z,4363.799805,4385.500000,4363.600098,4383.600098,4364.000000,4385.500000,4363.600098,4383.299805,changed
2026-06-17 16:00:00+00:00,2026-10-08T19:19:36Z,4383.299805,4386.700195,4375.200195,4379.799805,4383.899902,4386.700195,4375.200195,4379.799805,changed
2026-06-17 17:00:00+00:00,2026-10-08T19:19:36Z,4379.600098,4403.600098,4375.700195,4401.100098,4379.600098,4403.600098,4375.700195,4400.700195,changed
2026-06-17 18:00:00+00:00,2026-10-08T19:19:36Z,4399.600098,4399.600098,4288.299805,4305.200195,4398.899902,4399.600098,4288.299805,4304.600098,changed
2026-06-17 19:00:00+00:00,2026-10-08T19:19:36Z,4305.000000,4315.000000,4237.399902,4254.299805,4304.000000,4315.000000,4237.399902,4254.299805,changed
2026-06-17 23:00:00+00:00,2026-10-08T19:19:36Z,4285.700195,4303.000000,4283.200195,4297.200195,4285.500000,4303.000000,4283.200195,4297.200195,changed
2026-06-18 00:00:00+00:00,2026-10-08T19:19:36Z,4297.600098,4335.000000,4296.200195,4328.000000,4297.899902,4335.000000,4296.200195,4328.000000,changed
2026-06-18 01:00:00+00:00,2026-10-08T19:19:36Z,4328.799805,4348.899902,4326.299805,4337.700195,4329.500000,4348.899902,4326.299805,4337.700195,changed
2026-06-18 05:00:00+00:00,2026-10-08T19:19:36Z,4335.799805,4345.200195,4321.500000,4328.000000,4335.600098,4345.200195,4321.500000,4328.000000,changed
2026-06-18 07:00:00+00:00,2026-10-08T19:19:36Z,4326.399902,4329.700195,4307.100098,4308.399902,4326.600098,4329.700195,4307.100098,4308.399902,changed
2026-06-18 08:00:00+00:00,2026-10-08T19:19:36Z,4308.600098,4312.600098,4284.600098,4285.899902,4308.200195,4312.600098,4284.600098,4285.899902,changed
2026-06-18 10:00:00+00:00,2026-10-08T19:19:36Z,4287.600098,4291.899902,4273.200195,4273.899902,4287.799805,4291.899902,4273.200195,4273.899902,changed
2026-06-18 11:00:00+00:00,2026-10-08T19:19:36Z,4274.200195,4274.200195,4257.899902,4260.600098,4273.899902,4274.200195,4257.899902,4260.600098,changed
2026-06-18 14:00:00+00:00,2026-10-08T19:19:36Z,4275.299805,4277.299805,4255.000000,4271.700195,4275.399902,4277.299805,4255.000000,4271.700195,changed
2026-06-18 16:00:00+00:00,2026-10-08T19:19:36Z,4245.799805,4252.500000,4233.000000,4238.700195,4245.700195,4252.500000,4233.000000,4238.700195,changed
2026-06-18 18:00:00+00:00,2026-10-08T19:19:36Z,4249.200195,4252.100098,4237.399902,4237.700195,4249.200195,4252.100098,4237.399902,4237.500000,changed
2026-06-18 20:00:00+00:00,2026-10-08T19:19:36Z,4236.200195,4238.700195,4226.600098,4227.899902,4236.399902,4238.700195,4226.600098,4227.899902,changed
2026-06-18 22:00:00+00:00,2026-10-08T19:19:36Z,4231.200195,4231.399902,4221.299805,4225.899902,4228.500000,4231.399902,4221.299805,4225.899902,changed
2026-06-19 00:00:00+00:00,2026-10-08T19:19:36Z,4206.899902,4216.899902,4202.200195,4209.000000,4207.200195,4216.899902,4202.200195,4209.000000,changed
2026-06-19 03:00:00+00:00,2026-10-08T19:19:36Z,4194.000000,4194.700195,4162.700195,4167.500000,4194.700195,4194.700195,4162.700195,4167.500000,changed
2026-06-21 22:00:00+00:00,2026-10-08T19:19:36Z,4163.899902,4176.000000,4151.399902,4172.799805,4159.000000,4176.000000,4151.399902,4172.799805,changed
2026-06-22 02:00:00+00:00,2026-10-08T19:19:36Z,4208.200195,4217.899902,4172.899902,4205.700195,4208.100098,4217.899902,4172.899902,4205.700195,changed
2026-06-22 03:00:00+00:00,2026-10-08T19:19:36Z,4206.299805,4207.399902,4172.899902,4189.600098,4206.500000,4207.399902,4172.899902,4189.600098,changed
2026-06-22 07:00:00+00:00,2026-10-08T19:19:36Z,4216.000000,4219.700195,4172.899902,4208.500000,4216.299805,4219.700195,4172.899902,4208.500000,changed
2026-06-22 08:00:00+00:00,2026-10-08T19:19:36Z,4208.299805,4215.899902,4172.899902,4215.700195,4208.299805,4215.899902,4172.899902,4215.299805,changed
2026-06-22 12:00:00+00:00,2026-10-08T19:19:36Z,4225.899902,4229.899902,4172.899902,4211.399902,4225.700195,4229.899902,4172.899902,4211.399902,changed
2026-06-22 17:00:00+00:00,2026-10-08T19:19:36Z,4208.500000,4210.100098,4172.899902,4201.399902,4208.399902,4210.100098,4172.899902,4201.299805,changed
2026-06-22 18:00:00+00:00,2026-10-08T19:19:36Z,4201.600098,4211.299805,4172.899902,4209.100098,4201.700195,4211.299805,4172.899902,4209.100098,changed
2026-06-22 19:00:00+00:00,2026-10-08T19:19:36Z,4209.500000,4211.600098,4172.899902,4209.399902,4209.500000,4211.600098,4172.899902,4209.299805,changed
2026-06-22 20:00:00+00:00,2026-10-08T19:19:36Z,4209.399902,4212.299805,4172.899902,4172.899902,4209.899902,4212.299805,4172.899902,4172.899902,changed
2026-06-22 23:00:00+00:00,2026-10-08T19:19:36Z,4207.500000,4213.600098,4204.600098,4205.500000,4207.799805,4213.600098,4204.600098,4205.700195,changed
2026-06-23 00:00:00+00:00,2026-10-08T19:19:36Z,4205.000000,4212.700195,4196.000000,4210.700195,4204.899902,4212.700195,4196.000000,4210.700195,changed
2026-06-23 02:00:00+00:00,2026-10-08T19:19:36Z,4179.399902,4181.299805,4164.299805,4164.899902,4179.299805,4181.299805,4164.299805,4164.899902,changed
2026-06-23 04:00:00+00:00,2026-10-08T19:19:36Z,4161.799805,4164.799805,4132.200195,4135.600098,4161.299805,4164.799805,4132.200195,4136.000000,changed
2026-06-23 05:00:00+00:00,2026-10-08T19:19:36Z,4136.000000,4155.000000,4133.100098,4138.899902,4136.200195,4155.000000,4133.100098,4138.899902,changed
2026-06-23 06:00:00+00:00,2026-10-08T19:19:36Z,4139.600098,4144.899902,4127.899902,4132.399902,4139.299805,4144.899902,4127.899902,4132.399902,changed
2026-06-23 07:00:00+00:00,2026-10-08T19:19:36Z,4131.899902,4142.700195,4114.000000,4116.000000,4131.200195,4142.700195,4114.000000,4115.700195,changed
2026-06-23 10:00:00+00:00,2026-10-08T19:19:36Z,4140.000000,4151.100098,4137.399902,4137.700195,4139.899902,4151.100098,4137.399902,4137.700195,changed
2026-06-23 11:00:00+00:00,2026-10-08T19:19:36Z,4137.600098,4150.000000,4135.200195,4141.100098,4138.000000,4150.000000,4135.200195,4141.100098,changed
2026-06-23 13:00:00+00:00,2026-10-08T19:19:36Z,4131.100098,4158.500000,4122.799805,4154.100098,4131.200195,4158.500000,4122.799805,4154.399902,changed
2026-06-23 15:00:00+00:00,2026-10-08T19:19:36Z,4148.000000,4159.399902,4140.600098,4156.700195,4147.700195,4159.399902,4140.600098,4156.700195,changed
2026-06-23 16:00:00+00:00,2026-10-08T19:19:36Z,4156.799805,4161.799805,4149.299805,4151.899902,4157.399902,4161.799805,4149.299805,4152.000000,changed
2026-06-23 18:00:00+00:00,2026-10-08T19:19:36Z,4146.000000,4148.799805,4130.799805,4135.600098,4146.399902,4148.799805,4130.799805,4135.600098,changed
2026-06-23 19:00:00+00:00,2026-10-08T19:19:36Z,4135.799805,4144.399902,4129.100098,4129.600098,4136.000000,4144.399902,4129.100098,4129.500000,changed
2026-06-23 22:00:00+00:00,2026-10-08T19:19:36Z,4130.000000,4132.399902,4113.899902,4121.200195,4129.799805,4132.399902,4113.899902,4121.200195,changed
2026-06-24 04:00:00+00:00,2026-10-08T19:19:36Z,4080.100098,4083.699951,4071.600098,4080.600098,4080.100098,4083.699951,4071.600098,4080.899902,changed
2026-06-24 06:00:00+00:00,2026-10-08T19:19:36Z,4093.100098,4114.700195,4093.100098,4103.899902,4093.899902,4114.700195,4093.100098,4103.899902,changed
2026-06-24 08:00:00+00:00,2026-10-08T19:19:36Z,4091.600098,4104.799805,4090.000000,4093.300049,4091.600098,4104.799805,4090.000000,4093.000000,changed
2026-06-24 09:00:00+00:00,2026-10-08T19:19:36Z,4093.300049,4095.800049,4081.600098,4081.800049,4093.699951,4095.800049,4081.600098,4081.800049,changed
2026-06-24 11:00:00+00:00,2026-10-08T19:19:36Z,4072.100098,4075.600098,4053.899902,4063.199951,4072.399902,4075.600098,4053.899902,4063.100098,changed
2026-06-24 12:00:00+00:00,2026-10-08T19:19:36Z,4063.399902,4065.199951,4003.300049,4004.000000,4063.199951,4065.199951,4003.300049,4003.500000,changed
2026-06-24 13:00:00+00:00,2026-10-08T19:19:36Z,4004.100098,4059.000000,3980.300049,4054.899902,4004.199951,4059.000000,3980.300049,4054.899902,changed
2026-06-24 14:00:00+00:00,2026-10-08T19:19:36Z,4054.899902,4058.199951,4020.000000,4025.000000,4055.000000,4058.199951,4020.000000,4025.000000,changed
2026-06-24 15:00:00+00:00,2026-10-08T19:19:36Z,4025.399902,4033.899902,4014.300049,4019.500000,4026.000000,4033.899902,4014.300049,4019.500000,changed
2026-06-24 18:00:00+00:00,2026-10-08T19:19:36Z,3989.899902,4011.699951,3975.699951,3998.100098,3990.300049,4011.699951,3975.699951,3998.100098,changed
2026-06-24 19:00:00+00:00,2026-10-08T19:19:36Z,3998.699951,4008.199951,3990.399902,4004.899902,3998.699951,4008.199951,3990.399902,4005.100098,changed
2026-06-24 20:00:00+00:00,2026-10-08T19:19:36Z,4005.500000,4020.000000,4001.600098,4016.399902,4005.100098,4020.000000,4001.600098,4016.399902,changed
2026-06-25 02:00:00+00:00,2026-10-08T19:19:36Z,3992.899902,4006.600098,3976.300049,3998.699951,3993.100098,4006.600098,3976.300049,3998.699951,changed
2026-06-25 05:00:00+00:00,2026-10-08T19:19:36Z,4012.000000,4015.699951,3996.199951,4001.600098,4012.000000,4015.699951,3996.199951,4002.100098,changed
2026-06-25 06:00:00+00:00,2026-10-08T19:19:36Z,4001.500000,4004.600098,3988.899902,3992.699951,4001.600098,4004.600098,3988.899902,3992.199951,changed
2026-06-25 11:00:00+00:00,2026-10-08T19:19:36Z,4000.000000,4003.199951,3988.600098,3995.300049,4000.000000,4003.199951,3988.600098,3994.800049,changed
2026-06-25 12:00:00+00:00,2026-10-08T19:19:36Z,3995.399902,4035.100098,3993.500000,4028.199951,3995.600098,4035.100098,3993.500000,4028.500000,changed
2026-06-25 13:00:00+00:00,2026-10-08T19:19:36Z,4028.199951,4049.899902,4016.600098,4017.500000,4027.800049,4049.899902,4016.600098,4017.500000,changed
2026-06-25 15:00:00+00:00,2026-10-08T19:19:36Z,4027.800049,4058.699951,4020.399902,4057.500000,4027.800049,4058.699951,4020.399902,4056.899902,changed
2026-06-25 16:00:00+00:00,2026-10-08T19:19:36Z,4057.199951,4060.000000,4039.100098,4044.000000,4057.699951,4060.000000,4039.100098,4044.000000,changed
2026-06-25 17:00:00+00:00,2026-10-08T19:19:36Z,4044.399902,4052.300049,4042.300049,4050.199951,4044.300049,4052.300049,4042.300049,4050.199951,changed
2026-06-25 19:00:00+00:00,2026-10-08T19:19:36Z,4051.000000,4059.699951,4036.800049,4041.600098,4051.000000,4059.699951,4036.800049,4041.399902,changed
2026-06-25 20:00:00+00:00,2026-10-08T19:19:36Z,4042.100098,4049.800049,4039.399902,4041.600098,4041.199951,4049.800049,4039.399902,4041.600098,changed
2026-06-25 22:00:00+00:00,2026-10-08T19:19:36Z,4044.399902,4051.600098,4034.500000,4041.399902,4046.000000,4051.600098,4034.500000,4041.399902,changed
2026-06-25 23:00:00+00:00,2026-10-08T19:19:36Z,4041.300049,4045.699951,4027.500000,4030.199951,4042.199951,4045.699951,4027.500000,4030.199951,changed
2026-06-26 00:00:00+00:00,2026-10-08T19:19:36Z,4029.899902,4039.600098,4026.300049,4035.100098,4029.899902,4039.600098,4026.300049,4035.399902,changed
2026-06-26 01:00:00+00:00,2026-10-08T19:19:36Z,4035.600098,4044.800049,4029.300049,4035.899902,4035.399902,4044.800049,4029.300049,4035.899902,changed
2026-06-26 02:00:00+00:00,2026-10-08T19:19:36Z,4036.199951,4038.300049,3998.100098,4006.000000,4036.100098,4038.300049,3998.100098,4005.800049,changed
2026-06-26 03:00:00+00:00,2026-10-08T19:19:36Z,4005.899902,4022.000000,4001.800049,4018.600098,4006.199951,4022.000000,4001.800049,4018.600098,changed
2026-06-26 07:00:00+00:00,2026-10-08T19:19:36Z,4047.800049,4055.500000,4042.500000,4046.399902,4046.899902,4055.500000,4042.500000,4046.399902,changed
2026-06-26 10:00:00+00:00,2026-10-08T19:19:36Z,4062.300049,4070.800049,4057.500000,4069.800049,4063.300049,4070.800049,4057.500000,4069.800049,changed
2026-06-26 11:00:00+00:00,2026-10-08T19:19:36Z,4070.000000,4071.500000,4057.600098,4061.000000,4069.899902,4071.500000,4057.600098,4061.000000,changed
2026-06-26 13:00:00+00:00,2026-10-08T19:19:36Z,4074.100098,4093.100098,4057.699951,4088.699951,4074.699951,4093.100098,4057.699951,4089.300049,changed
2026-06-26 14:00:00+00:00,2026-10-08T19:19:36Z,4088.600098,4108.700195,4083.000000,4095.699951,4089.000000,4108.700195,4083.000000,4095.800049,changed
2026-06-26 17:00:00+00:00,2026-10-08T19:19:36Z,4100.200195,4103.399902,4088.699951,4089.600098,4100.200195,4103.399902,4088.699951,4089.800049,changed
2026-06-26 18:00:00+00:00,2026-10-08T19:19:36Z,4089.899902,4094.000000,4081.899902,4082.199951,4090.000000,4094.000000,4081.899902,4082.199951,changed
2026-06-26 19:00:00+00:00,2026-10-08T19:19:36Z,4082.000000,4089.000000,4079.000000,4086.199951,4082.000000,4089.000000,4079.000000,4086.100098,changed
2026-06-26 20:00:00+00:00,2026-10-08T19:19:36Z,4086.399902,4104.399902,4079.000000,4096.299805,4086.000000,4104.399902,4079.000000,4096.299805,changed
2026-06-29 01:00:00+00:00,2026-10-08T19:19:36Z,4083.699951,4088.600098,4068.000000,4075.800049,4083.100098,4088.600098,4068.000000,4075.800049,changed
2026-06-29 05:00:00+00:00,2026-10-08T19:19:36Z,4065.500000,4071.699951,4053.800049,4069.000000,4065.600098,4071.699951,4053.800049,4069.000000,changed
2026-06-29 06:00:00+00:00,2026-10-08T19:19:36Z,4068.600098,4079.600098,4068.100098,4077.000000,4069.300049,4079.600098,4068.100098,4077.000000,changed
2026-06-29 12:00:00+00:00,2026-10-08T19:19:36Z,4053.500000,4067.000000,4051.800049,4057.800049,4053.500000,4067.000000,4051.800049,4057.399902,changed
2026-06-29 13:00:00+00:00,2026-10-08T19:19:36Z,4057.800049,4066.199951,4042.199951,4046.399902,4058.300049,4066.199951,4042.199951,4046.100098,changed
2026-06-29 15:00:00+00:00,2026-10-08T19:19:36Z,4039.899902,4045.000000,4030.500000,4041.500000,4040.199951,4045.000000,4030.500000,4041.500000,changed
2026-06-29 20:00:00+00:00,2026-10-08T19:19:36Z,4030.600098,4032.500000,4027.199951,4030.500000,4030.399902,4032.500000,4027.199951,4030.500000,changed
2026-06-29 22:00:00+00:00,2026-10-08T19:19:36Z,4032.500000,4036.500000,4023.500000,4028.399902,4031.199951,4036.500000,4023.500000,4028.399902,changed
2026-06-30 01:00:00+00:00,2026-10-08T19:19:36Z,4000.500000,4000.800049,3955.399902,3982.699951,4000.000000,4000.800049,3955.399902,3982.699951,changed
2026-06-30 03:00:00+00:00,2026-10-08T19:19:36Z,3976.100098,3984.199951,3973.100098,3983.800049,3976.500000,3984.199951,3973.100098,3983.800049,changed
2026-06-30 06:00:00+00:00,2026-10-08T19:19:36Z,3991.500000,4047.800049,3991.500000,4043.500000,3992.500000,4047.800049,3991.500000,4043.500000,changed
2026-06-30 10:00:00+00:00,2026-10-08T19:19:36Z,4038.100098,4045.500000,4035.500000,4043.899902,4038.500000,4045.500000,4035.500000,4043.899902,changed
2026-06-30 18:00:00+00:00,2026-10-08T19:19:36Z,4045.899902,4048.699951,4042.800049,4043.600098,4045.899902,4048.699951,4042.800049,4043.500000,changed
2026-06-30 19:00:00+00:00,2026-10-08T19:19:36Z,4043.000000,4044.199951,4029.100098,4030.199951,4043.000000,4044.199951,4029.100098,4030.300049,changed
2026-06-30 20:00:00+00:00,2026-10-08T19:19:36Z,4030.199951,4036.000000,4020.600098,4021.800049,4029.899902,4036.000000,4020.600098,4021.800049,changed
2026-06-01 00:00:00+00:00,2026-10-08T19:34:45Z,4570.500000,4577.299805,4565.500000,4571.100098,4570.500000,4577.299805,4565.500000,4571.399902,changed
2026-06-01 01:00:00+00:00,2026-10-08T19:34:45Z,4571.600098,4572.100098,4554.399902,4556.200195,4571.200195,4572.100098,4554.399902,4556.200195,changed
2026-06-01 03:00:00+00:00,2026-10-08T19:34:45Z,4553.200195,4556.299805,4540.299805,4546.000000,4551.700195,4556.299805,4540.299805,4546.000000,changed
2026-06-01 04:00:00+00:00,2026-10-08T19:34:45Z,4546.899902,4550.100098,4537.600098,4544.899902,4546.899902,4550.100098,4537.600098,4544.700195,changed
2026-06-01 05:00:00+00:00,2026-10-08T19:34:45Z,4544.399902,4555.399902,4542.700195,4547.899902,4544.799805,4555.399902,4542.700195,4548.200195,changed
2026-06-01 06:00:00+00:00,2026-10-08T19:34:45Z,4548.200195,4548.600098,4529.100098,4531.700195,4548.100098,4548.600098,4529.100098,4531.700195,changed
2026-06-01 07:00:00+00:00,2026-10-08T19:34:45Z,4531.600098,4540.200195,4522.100098,4532.799805,4531.600098,4540.200195,4522.100098,4532.700195,changed
2026-06-01 08:00:00+00:00,2026-10-08T19:34:45Z,4533.899902,4534.500000,4519.600098,4527.399902,4533.000000,4534.500000,4519.600098,4527.399902,changed
2026-06-01 10:00:00+00:00,2026-10-08T19:34:45Z,4526.100098,4540.899902,4525.899902,4534.100098,4525.899902,4540.899902,4525.899902,4534.100098,changed
2026-06-01 11:00:00+00:00,2026-10-08T19:34:45Z,4534.000000,4542.799805,4529.700195,4536.100098,4534.200195,4542.799805,4529.700195,4536.000000,changed
2026-06-01 12:00:00+00:00,2026-10-08T19:34:45Z,4535.399902,4540.399902,4527.600098,4531.799805,4535.799805,4540.399902,4527.600098,4532.000000,changed
2026-06-01 13:00:00+00:00,2026-10-08T19:34:45Z,4533.200195,4533.799805,4476.200195,4480.100098,4532.299805,4533.799805,4476.200195,4480.100098,changed
2026-06-01 14:00:00+00:00,2026-10-08T19:34:45Z,4476.299805,4494.899902,4476.000000,4488.500000,4479.100098,4494.899902,4476.000000,4488.500000,changed
2026-06-01 15:00:00+00:00,2026-10-08T19:34:45Z,4489.000000,4510.500000,4485.000000,4504.200195,4489.000000,4510.500000,4485.000000,4504.100098,changed
2026-06-01 17:00:00+00:00,2026-10-08T19:34:45Z,4511.200195,4525.600098,4501.399902,4517.500000,4510.899902,4525.600098,4501.399902,4517.500000,changed
2026-06-01 19:00:00+00:00,2026-10-08T19:34:45Z,4516.899902,4518.200195,4509.200195,4511.000000,4516.500000,4518.200195,4509.100098,4511.100098,changed
2026-06-01 22:00:00+00:00,2026-10-08T19:34:45Z,4517.899902,4517.899902,4509.500000,4515.299805,4515.799805,4517.899902,4509.500000,4515.299805,changed
2026-06-02 01:00:00+00:00,2026-10-08T19:34:45Z,4510.700195,4522.000000,4492.299805,4503.700195,4510.700195,4522.000000,4492.299805,4503.600098,changed
2026-06-02 04:00:00+00:00,2026-10-08T19:34:45Z,4529.600098,4548.600098,4528.000000,4547.700195,4529.299805,4548.600098,4528.000000,4547.700195,changed
2026-06-02 07:00:00+00:00,2026-10-08T19:34:45Z,4565.799805,4571.299805,4558.000000,4565.299805,4565.799805,4571.299805,4558.000000,4565.200195,changed
2026-06-02 11:00:00+00:00,2026-10-08T19:34:45Z,4562.899902,4564.200195,4555.200195,4557.000000,4563.000000,4564.200195,4555.200195,4557.299805,changed
2026-06-02 12:00:00+00:00,2026-10-08T19:34:45Z,4557.299805,4563.799805,4542.799805,4543.799805,4557.500000,4563.799805,4542.799805,4544.000000,changed
2026-06-02 13:00:00+00:00,2026-10-08T19:34:45Z,4544.000000,4554.399902,4532.100098,4532.100098,4544.299805,4554.399902,4532.100098,4532.100098,changed
2026-06-02 14:00:00+00:00,2026-10-08T19:34:45Z,4531.600098,4536.799805,4519.399902,4533.700195,4532.000000,4536.799805,4519.399902,4533.700195,changed
2026-06-02 16:00:00+00:00,2026-10-08T19:34:45Z,4531.799805,4532.799805,4515.600098,4521.299805,4531.700195,4532.799805,4515.600098,4521.299805,changed
2026-06-02 18:00:00+00:00,2026-10-08T19:34:45Z,4514.600098,4520.200195,4508.000000,4516.899902,4514.299805,4520.200195,4508.000000,4516.899902,changed
2026-06-02 20:00:00+00:00,2026-10-08T19:34:45Z,4517.399902,4521.000000,4516.100098,4519.200195,4517.799805,4521.000000,4516.100098,4519.200195,changed
2026-06-03 00:00:00+00:00,2026-10-08T19:34:45Z,4503.700195,4525.100098,4502.600098,4514.399902,4502.600098,4525.100098,4502.600098,4514.399902,changed
2026-06-03 03:00:00+00:00,2026-10-08T19:34:45Z,4510.200195,4515.500000,4510.100098,4512.000000,4510.100098,4515.500000,4510.100098,4512.000000,changed
2026-06-03 06:00:00+00:00,2026-10-08T19:34:45Z,4485.299805,4499.299805,4483.700195,4491.700195,4485.399902,4499.299805,4483.700195,4491.700195,changed
2026-06-03 07:00:00+00:00,2026-10-08T19:34:45Z,4491.200195,4500.500000,4481.100098,4481.600098,4491.399902,4500.500000,4481.100098,4481.600098,changed
2026-06-03 08:00:00+00:00,2026-10-08T19:34:45Z,4481.000000,4487.799805,4468.200195,4472.299805,4481.799805,4487.799805,4468.200195,4472.299805,changed
2026-06-03 10:00:00+00:00,2026-10-08T19:34:45Z,4471.000000,4496.000000,4469.500000,4487.700195,4471.700195,4496.000000,4469.500000,4487.700195,changed
2026-06-03 12:00:00+00:00,2026-10-08T19:34:45Z,4490.799805,4495.600098,4476.299805,4488.600098,4490.899902,4495.600098,4476.299805,4488.600098,changed
2026-06-03 19:00:00+00:00,2026-10-08T19:34:45Z,4469.899902,4480.000000,4469.500000,4471.899902,4469.799805,4480.000000,4469.500000,4472.000000,changed
2026-06-03 20:00:00+00:00,2026-10-08T19:34:45Z,4472.100098,4473.600098,4458.600098,4462.700195,4471.899902,4473.600098,4458.600098,4462.700195,changed
2026-06-03 22:00:00+00:00,2026-10-08T19:34:45Z,4463.700195,4479.200195,4450.100098,4475.000000,4462.600098,4479.200195,4450.100098,4475.299805,changed
2026-06-04 00:00:00+00:00,2026-10-08T19:34:45Z,4483.700195,4491.799805,4470.600098,4475.600098,4484.000000,4491.799805,4470.600098,4475.600098,changed
2026-06-04 02:00:00+00:00,2026-10-08T19:34:45Z,4492.100098,4504.200195,4482.500000,4501.399902,4492.100098,4504.200195,4482.500000,4502.000000,changed
2026-06-04 03:00:00+00:00,2026-10-08T19:34:45Z,4501.500000,4504.200195,4485.100098,4490.600098,4501.700195,4504.200195,4485.100098,4490.600098,changed
2026-06-04 06:00:00+00:00,2026-10-08T19:34:45Z,4496.100098,4504.299805,4489.799805,4494.700195,4495.799805,4504.299805,4489.799805,4494.700195,changed
2026-06-04 09:00:00+00:00,2026-10-08T19:34:45Z,4489.399902,4503.299805,4487.700195,4498.200195,4489.899902,4503.299805,4487.700195,4498.200195,changed
2026-06-04 11:00:00+00:00,2026-10-08T19:34:45Z,4502.000000,4542.399902,4496.399902,4539.200195,4501.600098,4542.399902,4496.399902,4539.200195,changed
2026-06-04 12:00:00+00:00,2026-10-08T19:34:45Z,4539.000000,4541.899902,4518.799805,4531.600098,4539.100098,4541.899902,4518.799805,4531.600098,changed
2026-06-04 14:00:00+00:00,2026-10-08T19:34:45Z,4524.299805,4528.000000,4483.799805,4493.100098,4523.399902,4528.000000,4483.799805,4493.100098,changed
2026-06-04 17:00:00+00:00,2026-10-08T19:34:45Z,4510.200195,4510.500000,4502.000000,4506.000000,4510.500000,4510.500000,4502.000000,4506.000000,changed
2026-06-04 19:00:00+00:00,2026-10-08T19:34:45Z,4506.100098,4511.299805,4503.899902,4508.700195,4506.100098,4511.299805,4503.899902,4508.899902,changed
2026-06-04 20:00:00+00:00,2026-10-08T19:34:45Z,4509.000000,4509.299805,4502.299805,4502.399902,4508.500000,4509.299805,4502.299805,4502.399902,changed
2026-06-05 00:00:00+00:00,2026-10-08T19:34:45Z,4487.799805,4493.899902,4477.500000,4486.000000,4488.200195,4493.899902,4477.500000,4485.799805,changed
2026-06-05 01:00:00+00:00,2026-10-08T19:34:45Z,4485.799805,4497.000000,4470.700195,4473.700195,4485.799805,4497.000000,4470.700195,4473.299805,changed
2026-06-05 02:00:00+00:00,2026-10-08T19:34:45Z,4473.200195,4481.600098,4464.500000,4467.100098,4473.399902,4481.600098,4464.500000,4467.100098,changed
2026-06-05 04:00:00+00:00,2026-10-08T19:34:45Z,4469.000000,4472.899902,4463.799805,4471.000000,4468.700195,4472.899902,4463.799805,4471.000000,changed
2026-06-05 05:00:00+00:00,2026-10-08T19:34:45Z,4470.899902,4476.100098,4464.899902,4465.899902,4471.000000,4476.100098,4464.899902,4465.899902,changed
2026-06-05 06:00:00+00:00,2026-10-08T19:34:45Z,4466.500000,4483.200195,4454.799805,4479.700195,4466.399902,4483.200195,4454.799805,4479.700195,changed
2026-06-05 07:00:00+00:00,2026-10-08T19:34:45Z,4479.899902,4494.200195,4478.700195,4488.000000,4479.899902,4494.200195,4478.700195,4487.700195,changed
2026-06-05 08:00:00+00:00,2026-10-08T19:34:45Z,4487.000000,4495.399902,4485.500000,4489.799805,4487.299805,4495.399902,4485.500000,4489.799805,changed
2026-06-05 10:00:00+00:00,2026-10-08T19:34:45Z,4491.399902,4495.000000,4488.700195,4493.799805,4491.600098,4495.000000,4488.700195,4493.700195,changed
2026-06-05 11:00:00+00:00,2026-10-08T19:34:45Z,4493.100098,4502.200195,4484.799805,4497.000000,4493.200195,4502.200195,4484.799805,4497.000000,changed
2026-06-05 12:00:00+00:00,2026-10-08T19:34:45Z,4497.399902,4502.799805,4430.100098,4431.899902,4497.399902,4502.799805,4430.100098,4432.100098,changed
2026-06-05 13:00:00+00:00,2026-10-08T19:34:45Z,4432.200195,4446.600098,4390.000000,4390.500000,4432.000000,4446.600098,4390.000000,4390.500000,changed
2026-06-05 15:00:00+00:00,2026-10-08T19:34:45Z,4394.200195,4397.299805,4358.799805,4360.399902,4394.600098,4397.299805,4358.799805,4360.399902,changed
2026-06-05 16:00:00+00:00,2026-10-08T19:34:45Z,4360.200195,4370.299805,4347.500000,4369.100098,4360.299805,4370.299805,4347.500000,4369.100098,changed
2026-06-05 18:00:00+00:00,2026-10-08T19:34:45Z,4366.500000,4366.799805,4339.799805,4346.700195,4366.799805,4366.799805,4339.799805,4346.700195,changed
2026-06-05 19:00:00+00:00,2026-10-08T19:34:45Z,4347.000000,4349.500000,4338.299805,4343.500000,4347.399902,4349.500000,4338.299805,4343.500000,changed
2026-06-08 00:00:00+00:00,2026-10-08T19:34:45Z,4366.200195,4377.500000,4363.100098,4366.000000,4367.000000,4377.500000,4363.100098,4366.000000,changed
2026-06-08 01:00:00+00:00,2026-10-08T19:34:45Z,4367.899902,4369.500000,4323.600098,4349.600098,4365.600098,4369.500000,4323.600098,4349.600098,changed
2026-06-08 05:00:00+00:00,2026-10-08T19:34:45Z,4337.000000,4340.100098,4293.000000,4317.500000,4337.100098,4340.100098,4293.000000,4317.500000,changed
2026-06-08 06:00:00+00:00,2026-10-08T19:34:45Z,4316.799805,4336.500000,4316.799805,4325.399902,4316.799805,4336.500000,4316.799805,4325.299805,changed
2026-06-08 07:00:00+00:00,2026-10-08T19:34:45Z,4324.899902,4342.000000,4319.299805,4319.799805,4325.100098,4342.000000,4319.299805,4319.899902,changed
2026-06-08 08:00:00+00:00,2026-10-08T19:34:45Z,4320.200195,4322.399902,4309.600098,4313.100098,4319.299805,4322.399902,4309.600098,4313.100098,changed
2026-06-08 10:00:00+00:00,2026-10-08T19:34:45Z,4319.399902,4330.299805,4310.600098,4326.399902,4319.000000,4330.299805,4310.600098,4326.399902,changed
2026-06-08 11:00:00+00:00,2026-10-08T19:34:45Z,4326.600098,4358.500000,4321.299805,4356.299805,4326.200195,4358.500000,4321.299805,4356.299805,changed
2026-06-08 12:00:00+00:00,2026-10-08T19:34:45Z,4355.899902,4364.799805,4344.799805,4358.000000,4355.700195,4364.799805,4344.799805,4358.000000,changed
2026-06-08 13:00:00+00:00,2026-10-08T19:34:45Z,4358.500000,4371.500000,4345.700195,4351.700195,4358.100098,4371.500000,4345.700195,4351.799805,changed
2026-06-08 14:00:00+00:00,2026-10-08T19:34:45Z,4351.600098,4356.299805,4339.000000,4355.799805,4351.299805,4356.299805,4339.000000,4355.799805,changed
2026-06-08 15:00:00+00:00,2026-10-08T19:34:45Z,4356.799805,4370.000000,4346.899902,4366.100098,4356.299805,4370.000000,4346.899902,4366.100098,changed
2026-06-08 16:00:00+00:00,2026-10-08T19:34:45Z,4366.100098,4371.000000,4362.200195,4365.000000,4365.899902,4371.000000,4362.200195,4365.000000,changed
2026-06-08 18:00:00+00:00,2026-10-08T19:34:45Z,4363.299805,4370.200195,4357.100098,4359.000000,4363.299805,4370.200195,4357.100098,4358.799805,changed
2026-06-08 22:00:00+00:00,2026-10-08T19:34:45Z,4358.600098,4363.399902,4345.799805,4351.500000,4354.700195,4363.399902,4345.799805,4351.500000,changed
2026-06-09 01:00:00+00:00,2026-10-08T19:34:45Z,4342.500000,4362.899902,4342.500000,4360.799805,4344.000000,4362.899902,4342.500000,4360.799805,changed
2026-06-09 05:00:00+00:00,2026-10-08T19:34:45Z,4356.899902,4375.700195,4354.799805,4368.000000,4356.899902,4375.700195,4354.799805,4367.899902,changed
2026-06-09 06:00:00+00:00,2026-10-08T19:34:45Z,4367.799805,4373.200195,4354.100098,4354.399902,4368.100098,4373.200195,4354.100098,4354.399902,changed
2026-06-09 07:00:00+00:00,2026-10-08T19:34:45Z,4354.799805,4358.899902,4346.000000,4350.100098,4354.399902,4358.899902,4346.000000,4350.200195,changed
2026-06-09 10:00:00+00:00,2026-10-08T19:34:45Z,4356.100098,4365.200195,4349.100098,4363.299805,4356.000000,4365.200195,4349.100098,4363.299805,changed
2026-06-09 12:00:00+00:00,2026-10-08T19:34:45Z,4364.399902,4369.000000,4359.000000,4365.899902,4364.399902,4369.000000,4359.000000,4365.399902,changed
2026-06-09 13:00:00+00:00,2026-10-08T19:34:45Z,4365.899902,4388.600098,4349.100098,4353.399902,4366.100098,4388.600098,4349.100098,4353.200195,changed
2026-06-09 14:00:00+00:00,2026-10-08T19:34:45Z,4352.899902,4360.299805,4302.100098,4324.899902,4352.899902,4360.299805,4302.100098,4325.000000,changed
2026-06-09 19:00:00+00:00,2026-10-08T19:34:45Z,4294.600098,4296.100098,4274.000000,4282.799805,4294.600098,4296.100098,4274.000000,4282.700195,changed
2026-06-09 20:00:00+00:00,2026-10-08T19:34:45Z,4282.500000,4286.100098,4280.000000,4284.799805,4282.799805,4286.100098,4280.000000,4284.799805,changed
2026-06-09 22:00:00+00:00,2026-10-08T19:34:45Z,4276.200195,4281.100098,4255.399902,4260.399902,4276.100098,4281.100098,4255.399902,4260.399902,changed
2026-06-10 04:00:00+00:00,2026-10-08T19:34:45Z,4209.200195,4211.200195,4194.200195,4198.000000,4208.899902,4211.200195,4194.200195,4198.000000,changed
2026-06-10 06:00:00+00:00,2026-10-08T19:34:45Z,4228.799805,4245.500000,4225.100098,4227.100098,4228.600098,4245.500000,4225.100098,4227.100098,changed
2026-06-10 10:00:00+00:00,2026-10-08T19:34:45Z,4191.200195,4201.500000,4178.500000,4197.500000,4191.600098,4201.500000,4178.500000,4197.500000,changed
2026-06-10 11:00:00+00:00,2026-10-08T19:34:45Z,4197.799805,4198.600098,4168.200195,4170.200195,4197.500000,4198.600098,4168.200195,4170.200195,changed
2026-06-10 12:00:00+00:00,2026-10-08T19:34:45Z,4169.700195,4197.299805,4152.000000,4169.600098,4169.899902,4197.299805,4152.000000,4169.600098,changed
2026-06-10 15:00:00+00:00,2026-10-08T19:34:45Z,4147.500000,4159.700195,4129.600098,4152.000000,4147.700195,4159.700195,4129.600098,4151.899902,changed
2026-06-10 16:00:00+00:00,2026-10-08T19:34:45Z,4152.399902,4158.799805,4138.700195,4144.399902,4152.700195,4158.799805,4138.700195,4144.600098,changed
2026-06-10 17:00:00+00:00,2026-10-08T19:34:45Z,4144.700195,4157.600098,4123.500000,4134.899902,4144.500000,4157.600098,4123.500000,4134.899902,changed
2026-06-10 18:00:00+00:00,2026-10-08T19:34:45Z,4135.899902,4144.000000,4120.200195,4125.000000,4135.299805,4144.000000,4120.200195,4125.000000,changed
2026-06-10 20:00:00+00:00,2026-10-08T19:34:45Z,4105.899902,4106.399902,4090.100098,4094.100098,4106.000000,4106.399902,4090.100098,4094.100098,changed
2026-06-10 23:00:00+00:00,2026-10-08T19:34:45Z,4069.199951,4087.199951,4046.199951,4069.600098,4069.199951,4087.199951,4046.199951,4069.699951,changed
2026-06-11 00:00:00+00:00,2026-10-08T19:34:45Z,4070.800049,4100.000000,4058.000000,4097.500000,4070.899902,4100.000000,4058.000000,4097.500000,changed
2026-06-11 02:00:00+00:00,2026-10-08T19:34:45Z,4122.299805,4122.899902,4073.399902,4089.300049,4122.799805,4122.899902,4073.399902,4089.300049,changed
2026-06-11 04:00:00+00:00,2026-10-08T19:34:45Z,4094.899902,4107.399902,4091.199951,4103.799805,4094.399902,4107.399902,4091.199951,4103.799805,changed
2026-06-11 06:00:00+00:00,2026-10-08T19:34:45Z,4115.000000,4118.500000,4097.000000,4115.100098,4115.000000,4118.500000,4097.000000,4115.700195,changed
2026-06-11 07:00:00+00:00,2026-10-08T19:34:45Z,4115.899902,4131.500000,4112.000000,4125.799805,4115.600098,4131.500000,4112.000000,4125.799805,changed
2026-06-11 08:00:00+00:00,2026-10-08T19:34:45Z,4124.899902,4133.600098,4105.600098,4105.600098,4125.700195,4133.600098,4105.600098,4105.600098,changed
2026-06-11 09:00:00+00:00,2026-10-08T19:34:45Z,4105.100098,4117.500000,4098.100098,4112.399902,4105.000000,4117.500000,4098.100098,4112.399902,changed
2026-06-11 12:00:00+00:00,2026-10-08T19:34:45Z,4101.000000,4107.799805,4078.000000,4102.500000,4100.899902,4107.799805,4078.000000,4102.500000,changed
2026-06-11 13:00:00+00:00,2026-10-08T19:34:45Z,4103.000000,4114.299805,4088.000000,4104.299805,4102.700195,4114.299805,4088.000000,4104.299805,changed
2026-06-11 14:00:00+00:00,2026-10-08T19:34:45Z,4104.600098,4106.600098,4072.800049,4094.399902,4104.000000,4106.600098,4072.800049,4094.399902,changed
2026-06-11 15:00:00+00:00,2026-10-08T19:34:45Z,4094.199951,4116.799805,4090.899902,4110.200195,4094.199951,4116.799805,4090.899902,4110.000000,changed
2026-06-11 16:00:00+00:00,2026-10-08T19:34:45Z,4110.000000,4129.000000,4098.899902,4101.200195,4110.200195,4129.000000,4098.899902,4101.200195,changed
2026-06-11 17:00:00+00:00,2026-10-08T19:34:45Z,4101.500000,4191.799805,4092.899902,4172.799805,4101.500000,4191.799805,4092.899902,4173.200195,changed
2026-06-11 20:00:00+00:00,2026-10-08T19:34:45Z,4230.500000,4240.000000,4229.200195,4233.799805,4230.200195,4240.000000,4229.200195,4233.799805,changed
2026-06-11 23:00:00+00:00,2026-10-08T19:34:45Z,4264.700195,4267.200195,4234.600098,4240.600098,4264.500000,4267.200195,4234.600098,4240.600098,changed
2026-06-12 01:00:00+00:00,2026-10-08T19:34:45Z,4229.799805,4232.399902,4192.899902,4208.200195,4229.700195,4232.399902,4192.899902,4208.200195,changed
2026-06-12 02:00:00+00:00,2026-10-08T19:34:45Z,4208.000000,4221.899902,4204.200195,4213.500000,4208.200195,4221.899902,4204.200195,4213.500000,changed
2026-06-12 04:00:00+00:00,2026-10-08T19:34:45Z,4219.000000,4222.600098,4211.100098,4212.000000,4219.000000,4222.600098,4211.100098,4211.899902,changed
2026-06-12 08:00:00+00:00,2026-10-08T19:34:45Z,4215.399902,4247.700195,4213.200195,4241.200195,4215.899902,4247.700195,4213.200195,4241.200195,changed
2026-06-12 10:00:00+00:00,2026-10-08T19:34:45Z,4243.100098,4246.700195,4223.600098,4231.899902,4242.899902,4246.700195,4223.600098,4231.899902,changed
2026-06-12 13:00:00+00:00,2026-10-08T19:34:45Z,4211.000000,4231.200195,4203.000000,4206.700195,4212.100098,4231.200195,4203.000000,4206.700195,changed
2026-06-12 14:00:00+00:00,2026-10-08T19:34:45Z,4207.200195,4229.500000,4197.500000,4224.899902,4207.399902,4229.500000,4197.500000,4224.899902,changed
2026-06-12 15:00:00+00:00,2026-10-08T19:34:45Z,4224.799805,4256.799805,4221.000000,4232.399902,4224.899902,4256.799805,4221.000000,4232.399902,changed
2026-06-12 17:00:00+00:00,2026-10-08T19:34:45Z,4237.000000,4247.100098,4234.000000,4241.799805,4236.500000,4247.100098,4234.000000,4241.799805,changed
2026-06-12 18:00:00+00:00,2026-10-08T19:34:45Z,4241.899902,4256.200195,4234.899902,4236.500000,4242.200195,4256.200195,4234.899902,4236.200195,changed
2026-06-12 19:00:00+00:00,2026-10-08T19:34:45Z,4236.200195,4240.799805,4223.200195,4231.700195,4236.200195,4240.799805,4223.200195,4231.899902,changed
2026-06-12 20:00:00+00:00,2026-10-08T19:34:45Z,4232.100098,4240.600098,4230.700195,4238.799805,4231.600098,4240.600098,4230.700195,4238.799805,changed
2026-06-14 22:00:00+00:00,2026-10-08T19:34:45Z,4326.000000,4327.000000,4300.000000,4305.799805,4325.600098,4327.000000,4300.000000,4305.799805,changed
2026-06-14 23:00:00+00:00,2026-10-08T19:34:45Z,4306.100098,4315.399902,4301.299805,4314.299805,4305.600098,4315.399902,4301.299805,4314.299805,changed
2026-06-15 06:00:00+00:00,2026-10-08T19:34:45Z,4331.600098,4334.399902,4321.600098,4329.100098,4331.500000,4334.399902,4321.600098,4329.100098,changed
2026-06-15 07:00:00+00:00,2026-10-08T19:34:45Z,4329.799805,4346.000000,4326.100098,4344.299805,4329.200195,4346.000000,4326.100098,4344.299805,changed
2026-06-15 08:00:00+00:00,2026-10-08T19:34:45Z,4344.200195,4366.100098,4342.700195,4355.399902,4344.100098,4366.100098,4342.700195,4355.399902,changed
2026-06-15 12:00:00+00:00,2026-10-08T19:34:45Z,4356.600098,4370.799805,4345.299805,4370.299805,4356.600098,4370.799805,4345.299805,4370.500000,changed
2026-06-15 13:00:00+00:00,2026-10-08T19:34:45Z,4370.399902,4390.799805,4362.799805,4376.399902,4370.399902,4390.799805,4362.799805,4376.799805,changed
2026-06-15 14:00:00+00:00,2026-10-08T19:34:45Z,4376.200195,4391.500000,4375.500000,4378.600098,4376.700195,4391.500000,4375.500000,4378.500000,changed
2026-06-15 15:00:00+00:00,2026-10-08T19:34:45Z,4378.100098,4382.799805,4370.600098,4377.600098,4378.299805,4382.799805,4370.600098,4377.600098,changed
2026-06-15 17:00:00+00:00,2026-10-08T19:34:45Z,4360.500000,4360.500000,4341.700195,4346.100098,4360.500000,4360.500000,4341.700195,4346.000000,changed
2026-06-15 18:00:00+00:00,2026-10-08T19:34:45Z,4346.000000,4349.700195,4339.100098,4347.299805,4346.200195,4349.700195,4339.100098,4347.299805,changed
2026-06-15 19:00:00+00:00,2026-10-08T19:34:45Z,4347.500000,4348.299805,4338.200195,4342.200195,4347.500000,4348.299805,4338.200195,4342.399902,changed
2026-06-15 20:00:00+00:00,2026-10-08T19:34:45Z,4342.700195,4343.899902,4328.500000,4331.000000,4342.600098,4343.899902,4328.500000,4331.000000,changed
2026-06-15 22:00:00+00:00,2026-10-08T19:34:45Z,4331.399902,4337.299805,4326.700195,4333.100098,4331.299805,4337.299805,4326.700195,4333.100098,changed
2026-06-16 00:00:00+00:00,2026-10-08T19:34:45Z,4337.000000,4341.600098,4327.399902,4340.299805,4336.600098,4341.600098,4327.399902,4340.299805,changed
2026-06-16 01:00:00+00:00,2026-10-08T19:34:45Z,4339.799805,4346.799805,4332.799805,4334.000000,4340.299805,4346.799805,4332.799805,4334.000000,changed
2026-06-16 08:00:00+00:00,2026-10-08T19:34:45Z,4356.799805,4369.500000,4354.200195,4368.299805,4356.399902,4369.500000,4354.200195,4368.299805,changed
2026-06-16 13:00:00+00:00,2026-10-08T19:34:45Z,4375.899902,4376.500000,4352.600098,4352.600098,4375.899902,4376.500000,4352.600098,4352.700195,changed
2026-06-16 14:00:00+00:00,2026-10-08T19:34:45Z,4353.100098,4360.000000,4333.700195,4344.399902,4352.500000,4360.000000,4333.700195,4344.399902,changed
2026-06-16 15:00:00+00:00,2026-10-08T19:34:45Z,4345.200195,4364.500000,4341.399902,4355.700195,4344.399902,4364.500000,4341.399902,4355.700195,changed
2026-06-16 16:00:00+00:00,2026-10-08T19:34:45Z,4356.000000,4368.100098,4355.399902,4361.799805,4355.600098,4368.100098,4355.399902,4361.799805,changed
2026-06-16 19:00:00+00:00,2026-10-08T19:34:45Z,4359.500000,4364.299805,4352.399902,4355.600098,4359.600098,4364.299805,4352.399902,4355.600098,changed
2026-06-16 22:00:00+00:00,2026-10-08T19:34:45Z,4352.700195,4355.899902,4348.700195,4355.000000,4352.600098,4355.899902,4348.700195,4355.000000,changed
2026-06-17 00:00:00+00:00,2026-10-08T19:34:45Z,4351.399902,4361.899902,4348.200195,4356.899902,4350.899902,4361.899902,4348.200195,4356.899902,changed
2026-06-17 05:00:00+00:00,2026-10-08T19:34:45Z,4346.200195,4353.799805,4340.399902,4346.500000,4346.200195,4353.799805,4340.399902,4346.100098,changed
2026-06-17 06:00:00+00:00,2026-10-08T19:34:45Z,4346.600098,4351.200195,4340.100098,4351.200195,4346.500000,4351.200195,4340.100098,4351.200195,changed
2026-06-17 07:00:00+00:00,2026-10-08T19:34:45Z,4350.700195,4352.500000,4344.100098,4344.700195,4351.100098,4352.500000,4344.100098,4344.700195,changed
2026-06-17 08:00:00+00:00,2026-10-08T19:34:45Z,4344.500000,4347.500000,4335.600098,4344.200195,4344.799805,4347.500000,4335.600098,4344.200195,changed
2026-06-17 11:00:00+00:00,2026-10-08T19:34:45Z,4351.500000,4351.500000,4340.000000,4342.600098,4351.299805,4351.500000,4340.000000,4342.600098,changed
2026-06-17 12:00:00+00:00,2026-10-08T19:34:45Z,4342.899902,4355.200195,4338.700195,4353.299805,4342.799805,4355.200195,4338.700195,4353.299805,changed
2026-06-17 14:00:00+00:00,2026-10-08T19:34:45Z,4359.500000,4384.200195,4349.899902,4364.100098,4359.600098,4384.200195,4349.899902,4364.100098,changed
2026-06-17 15:00:00+00:00,2026-10-08T19:34:45Z,4364.000000,4385.500000,4363.600098,4383.299805,4363.799805,4385.500000,4363.600098,4383.600098,changed
2026-06-17 16:00:00+00:00,2026-10-08T19:34:45Z,4383.899902,4386.700195,4375.200195,4379.799805,4383.299805,4386.700195,4375.200195,4379.799805,changed
2026-06-17 17:00:00+00:00,2026-10-08T19:34:45Z,4379.600098,4403.600098,4375.700195,4400.700195,4379.600098,4403.600098,4375.700195,4401.100098,changed
2026-06-17 18:00:00+00:00,2026-10-08T19:34:45Z,4398.899902,4399.600098,4288.299805,4304.600098,4399.600098,4399.600098,4288.299805,4305.200195,changed
2026-06-17 19:00:00+00:00,2026-10-08T19:34:45Z,4304.000000,4315.000000,4237.399902,4254.299805,4305.000000,4315.000000,4237.399902,4254.299805,changed
2026-06-17 23:00:00+00:00,2026-10-08T19:34:45Z,4285.500000,4303.000000,4283.200195,4297.200195,4285.700195,4303.000000,4283.200195,4297.200195,changed
2026-06-18 00:00:00+00:00,2026-10-08T19:34:45Z,4297.899902,4335.000000,4296.200195,4328.000000,4297.600098,4335.000000,4296.200195,4328.000000,changed
2026-06-18 01:00:00+00:00,2026-10-08T19:34:45Z,4329.500000,4348.899902,4326.299805,4337.700195,4328.799805,4348.899902,4326.299805,4337.700195,changed
2026-06-18 05:00:00+00:00,2026-10-08T19:34:45Z,4335.600098,4345.200195,4321.500000,4328.000000,4335.799805,4345.200195,4321.500000,4328.000000,changed
2026-06-18 07:00:00+00:00,2026-10-08T19:34:45Z,4326.600098,4329.700195,4307.100098,4308.399902,4326.399902,4329.700195,4307.100098,4308.399902,changed
2026-06-18 08:00:00+00:00,2026-10-08T19:34:45Z,4308.200195,4312.600098,4284.600098,4285.899902,4308.600098,4312.600098,4284.600098,4285.899902,changed
2026-06-18 10:00:00+00:00,2026-10-08T19:34:45Z,4287.799805,4291.899902,4273.200195,4273.899902,4287.600098,4291.899902,4273.200195,4273.899902,changed
2026-06-18 11:00:00+00:00,2026-10-08T19:34:45Z,4273.899902,4274.200195,4257.899902,4260.600098,4274.200195,4274.200195,4257.899902,4260.600098,changed
2026-06-18 14:00:00+00:00,2026-10-08T19:34:45Z,4275.399902,4277.299805,4255.000000,4271.700195,4275.299805,4277.299805,4255.000000,4271.700195,changed
2026-06-18 16:00:00+00:00,2026-10-08T19:34:45Z,4245.700195,4252.500000,4233.000000,4238.700195,4245.799805,4252.500000,4233.000000,4238.700195,changed
2026-06-18 18:00:00+00:00,2026-10-08T19:34:45Z,4249.200195,4252.100098,4237.399902,4237.500000,4249.200195,4252.100098,4237.399902,4237.700195,changed
2026-06-18 20:00:00+00:00,2026-10-08T19:34:45Z,4236.399902,4238.700195,4226.600098,4227.899902,4236.200195,4238.700195,4226.600098,4227.899902,changed
2026-06-18 22:00:00+00:00,2026-10-08T19:34:45Z,4228.500000,4231.399902,4221.299805,4225.899902,4231.200195,4231.399902,4221.299805,4225.899902,changed
2026-06-19 00:00:00+00:00,2026-10-08T19:34:45Z,4207.200195,4216.899902,4202.200195,4209.000000,4206.899902,4216.899902,4202.200195,4209.000000,changed
2026-06-19 03:00:00+00:00,2026-10-08T19:34:45Z,4194.700195,4194.700195,4162.700195,4167.500000,4194.000000,4194.700195,4162.700195,4167.500000,changed
2026-06-21 22:00:00+00:00,2026-10-08T19:34:45Z,4159.000000,4176.000000,4151.399902,4172.799805,4163.899902,4176.000000,4151.399902,4172.799805,changed
2026-06-22 02:00:00+00:00,2026-10-08T19:34:45Z,4208.100098,4217.899902,4172.899902,4205.700195,4208.200195,4217.899902,4172.899902,4205.700195,changed
2026-06-22 03:00:00+00:00,2026-10-08T19:34:45Z,4206.500000,4207.399902,4172.899902,4189.600098,4206.299805,4207.399902,4172.899902,4189.600098,changed
2026-06-22 07:00:00+00:00,2026-10-08T19:34:45Z,4216.299805,4219.700195,4172.899902,4208.500000,4216.000000,4219.700195,4172.899902,4208.500000,changed
2026-06-22 08:00:00+00:00,2026-10-08T19:34:45Z,4208.299805,4215.899902,4172.899902,4215.299805,4208.299805,4215.899902,4172.899902,4215.700195,changed
2026-06-22 12:00:00+00:00,2026-10-08T19:34:45Z,4225.700195,4229.899902,4172.899902,4211.399902,4225.899902,4229.899902,4172.899902,4211.399902,changed
2026-06-22 17:00:00+00:00,2026-10-08T19:34:45Z,4208.399902,4210.100098,4172.899902,4201.299805,4208.500000,4210.100098,4172.899902,4201.399902,changed
2026-06-22 18:00:00+00:00,2026-10-08T19:34:45Z,4201.700195,4211.299805,4172.899902,4209.100098,4201.600098,4211.299805,4172.899902,4209.100098,changed
2026-06-22 19:00:00+00:00,2026-10-08T19:34:45Z,4209.500000,4211.600098,4172.899902,4209.299805,4209.500000,4211.600098,4172.899902,4209.399902,changed
2026-06-22 20:00:00+00:00,2026-10-08T19:34:45Z,4209.899902,4212.299805,4172.899902,4172.899902,4209.399902,4212.299805,4172.899902,4172.899902,changed
2026-06-22 23:00:00+00:00,2026-10-08T19:34:45Z,4207.799805,4213.600098,4204.600098,4205.700195,4207.500000,4213.600098,4204.600098,4205.500000,changed
2026-06-23 00:00:00+00:00,2026-10-08T19:34:45Z,4204.899902,4212.700195,4196.000000,4210.700195,4205.000000,4212.700195,4196.000000,4210.700195,changed
2026-06-23 02:00:00+00:00,2026-10-08T19:34:45Z,4179.299805,4181.299805,4164.299805,4164.899902,4179.399902,4181.299805,4164.299805,4164.899902,changed
2026-06-23 04:00:00+00:00,2026-10-08T19:34:45Z,4161.299805,4164.799805,4132.200195,4136.000000,4161.799805,4164.799805,4132.200195,4135.600098,changed
2026-06-23 05:00:00+00:00,2026-10-08T19:34:45Z,4136.200195,4155.000000,4133.100098,4138.899902,4136.000000,4155.000000,4133.100098,4138.899902,changed
2026-06-23 06:00:00+00:00,2026-10-08T19:34:45Z,4139.299805,4144.899902,4127.899902,4132.399902,4139.600098,4144.899902,4127.899902,4132.399902,changed
2026-06-23 07:00:00+00:00,2026-10-08T19:34:45Z,4131.200195,4142.700195,4114.000000,4115.700195,4131.899902,4142.700195,4114.000000,4116.000000,changed
2026-06-23 10:00:00+00:00,2026-10-08T19:34:45Z,4139.899902,4151.100098,4137.399902,4137.700195,4140.000000,4151.100098,4137.399902,4137.700195,changed
2026-06-23 11:00:00+00:00,2026-10-08T19:34:45Z,4138.000000,4150.000000,4135.200195,4141.100098,4137.600098,4150.000000,4135.200195,4141.100098,changed
2026-06-23 13:00:00+00:00,2026-10-08T19:34:45Z,4131.200195,4158.500000,4122.799805,4154.399902,4131.100098,4158.500000,4122.799805,4154.100098,changed
2026-06-23 15:00:00+00:00,2026-10-08T19:34:45Z,4147.700195,4159.399902,4140.600098,4156.700195,4148.000000,4159.399902,4140.600098,4156.700195,changed
2026-06-23 16:00:00+00:00,2026-10-08T19:34:45Z,4157.399902,4161.799805,4149.299805,4152.000000,4156.799805,4161.799805,4149.299805,4151.899902,changed
2026-06-23 18:00:00+00:00,2026-10-08T19:34:45Z,4146.399902,4148.799805,4130.799805,4135.600098,4146.000000,4148.799805,4130.799805,4135.600098,changed
2026-06-23 19:00:00+00:00,2026-10-08T19:34:45Z,4136.000000,4144.399902,4129.100098,4129.500000,4135.799805,4144.399902,4129.100098,4129.600098,changed
2026-06-23 22:00:00+00:00,2026-10-08T19:34:45Z,4129.799805,4132.399902,4113.899902,4121.200195,4130.000000,4132.399902,4113.899902,4121.200195,changed
2026-06-24 04:00:00+00:00,2026-10-08T19:34:45Z,4080.100098,4083.699951,4071.600098,4080.899902,4080.100098,4083.699951,4071.600098,4080.600098,changed
2026-06-24 06:00:00+00:00,2026-10-08T19:34:45Z,4093.899902,4114.700195,4093.100098,4103.899902,4093.100098,4114.700195,4093.100098,4103.899902,changed
2026-06-24 08:00:00+00:00,2026-10-08T19:34:45Z,4091.600098,4104.799805,4090.000000,4093.000000,4091.600098,4104.799805,4090.000000,4093.300049,changed
2026-06-24 09:00:00+00:00,2026-10-08T19:34:45Z,4093.699951,4095.800049,4081.600098,4081.800049,4093.300049,4095.800049,4081.600098,4081.800049,changed
2026-06-24 11:00:00+00:00,2026-10-08T19:34:45Z,4072.399902,4075.600098,4053.899902,4063.100098,4072.100098,4075.600098,4053.899902,4063.199951,changed
2026-06-24 12:00:00+00:00,2026-10-08T19:34:45Z,4063.199951,4065.199951,4003.300049,4003.500000,4063.399902,4065.199951,4003.300049,4004.000000,changed
2026-06-24 13:00:00+00:00,2026-10-08T19:34:45Z,4004.199951,4059.000000,3980.300049,4054.899902,4004.100098,4059.000000,3980.300049,4054.899902,changed
2026-06-24 14:00:00+00:00,2026-10-08T19:34:45Z,4055.000000,4058.199951,4020.000000,4025.000000,4054.899902,4058.199951,4020.000000,4025.000000,changed
2026-06-24 15:00:00+00:00,2026-10-08T19:34:45Z,4026.000000,4033.899902,4014.300049,4019.500000,4025.399902,4033.899902,4014.300049,4019.500000,changed
2026-06-24 18:00:00+00:00,2026-10-08T19:34:45Z,3990.300049,4011.699951,3975.699951,3998.100098,3989.899902,4011.699951,3975.699951,3998.100098,changed
2026-06-24 19:00:00+00:00,2026-10-08T19:34:45Z,3998.699951,4008.199951,3990.399902,4005.100098,3998.699951,4008.199951,3990.399902,4004.899902,changed
2026-06-24 20:00:00+00:00,2026-10-08T19:34:45Z,4005.100098,4020.000000,4001.600098,4016.399902,4005.500000,4020.000000,4001.600098,4016.399902,changed
2026-06-25 02:00:00+00:00,2026-10-08T19:34:45Z,3993.100098,4006.600098,3976.300049,3998.699951,3992.899902,4006.600098,3976.300049,3998.699951,changed
2026-06-25 05:00:00+00:00,2026-10-08T19:34:45Z,4012.000000,4015.699951,3996.199951,4002.100098,4012.000000,4015.699951,3996.199951,4001.600098,changed
2026-06-25 06:00:00+00:00,2026-10-08T19:34:45Z,4001.600098,4004.600098,3988.899902,3992.199951,4001.500000,4004.600098,3988.899902,3992.699951,changed
2026-06-25 11:00:00+00:00,2026-10-08T19:34:45Z,4000.000000,4003.199951,3988.600098,3994.800049,4000.000000,4003.199951,3988.600098,3995.300049,changed
2026-06-25 12:00:00+00:00,2026-10-08T19:34:45Z,3995.600098,4035.100098,3993.500000,4028.500000,3995.399902,4035.100098,3993.500000,4028.199951,changed
2026-06-25 13:00:00+00:00,2026-10-08T19:34:45Z,4027.800049,4049.899902,4016.600098,4017.500000,4028.199951,4049.899902,4016.600098,4017.500000,changed
2026-06-25 15:00:00+00:00,2026-10-08T19:34:45Z,4027.800049,4058.699951,4020.399902,4056.899902,4027.800049,4058.699951,4020.399902,4057.500000,changed
2026-06-25 16:00:00+00:00,2026-10-08T19:34:45Z,4057.699951,4060.000000,4039.100098,4044.000000,4057.199951,4060.000000,4039.100098,4044.000000,changed
2026-06-25 17:00:00+00:00,2026-10-08T19:34:45Z,4044.300049,4052.300049,4042.300049,4050.199951,4044.399902,4052.300049,4042.300049,4050.199951,changed
2026-06-25 19:00:00+00:00,2026-10-08T19:34:45Z,4051.000000,4059.699951,4036.800049,4041.399902,4051.000000,4059.699951,4036.800049,4041.600098,changed
2026-06-25 20:00:00+00:00,2026-10-08T19:34:45Z,4041.199951,4049.800049,4039.399902,4041.600098,4042.100098,4049.800049,4039.399902,4041.600098,changed
2026-06-25 22:00:00+00:00,2026-10-08T19:34:45Z,4046.000000,4051.600098,4034.500000,4041.399902,4044.399902,4051.600098,4034.500000,4041.399902,changed
2026-06-25 23:00:00+00:00,2026-10-08T19:34:45Z,4042.199951,4045.699951,4027.500000,4030.199951,4041.300049,4045.699951,4027.500000,4030.199951,changed
2026-06-26 00:00:00+00:00,2026-10-08T19:34:45Z,4029.899902,4039.600098,4026.300049,4035.399902,4029.899902,4039.600098,4026.300049,4035.100098,changed
2026-06-26 01:00:00+00:00,2026-10-08T19:34:45Z,4035.399902,4044.800049,4029.300049,4035.899902,4035.600098,4044.800049,4029.300049,4035.899902,changed
2026-06-26 02:00:00+00:00,2026-10-08T19:34:45Z,4036.100098,4038.300049,3998.100098,4005.800049,4036.199951,4038.300049,3998.100098,4006.000000,changed
2026-06-26 03:00:00+00:00,2026-10-08T19:34:45Z,4006.199951,4022.000000,4001.800049,4018.600098,4005.899902,4022.000000,4001.800049,4018.600098,changed
2026-06-26 07:00:00+00:00,2026-10-08T19:34:45Z,4046.899902,4055.500000,4042.500000,4046.399902,4047.800049,4055.500000,4042.500000,4046.399902,changed
2026-06-26 10:00:00+00:00,2026-10-08T19:34:45Z,4063.300049,4070.800049,4057.500000,4069.800049,4062.300049,4070.800049,4057.500000,4069.800049,changed
2026-06-26 11:00:00+00:00,2026-10-08T19:34:45Z,4069.899902,4071.500000,4057.600098,4061.000000,4070.000000,4071.500000,4057.600098,4061.000000,changed
2026-06-26 13:00:00+00:00,2026-10-08T19:34:45Z,4074.699951,4093.100098,4057.699951,4089.300049,4074.100098,4093.100098,4057.699951,4088.699951,changed
2026-06-26 14:00:00+00:00,2026-10-08T19:34:45Z,4089.000000,4108.700195,4083.000000,4095.800049,4088.600098,4108.700195,4083.000000,4095.699951,changed
2026-06-26 17:00:00+00:00,2026-10-08T19:34:45Z,4100.200195,4103.399902,4088.699951,4089.800049,4100.200195,4103.399902,4088.699951,4089.600098,changed
2026-06-26 18:00:00+00:00,2026-10-08T19:34:45Z,4090.000000,4094.000000,4081.899902,4082.199951,4089.899902,4094.000000,4081.899902,4082.199951,changed
2026-06-26 19:00:00+00:00,2026-10-08T19:34:45Z,4082.000000,4089.000000,4079.000000,4086.100098,4082.000000,4089.000000,4079.000000,4086.199951,changed
2026-06-26 20:00:00+00:00,2026-10-08T19:34:45Z,4086.000000,4104.399902,4079.000000,4096.299805,4086.399902,4104.399902,4079.000000,4096.299805,changed
2026-06-29 01:00:00+00:00,2026-10-08T19:34:45Z,4083.100098,4088.600098,4068.000000,4075.800049,4083.699951,4088.600098,4068.000000,4075.800049,changed
2026-06-29 05:00:00+00:00,2026-10-08T19:34:45Z,4065.600098,4071.699951,4053.800049,4069.000000,4065.500000,4071.699951,4053.800049,4069.000000,changed
2026-06-29 06:00:00+00:00,2026-10-08T19:34:45Z,4069.300049,4079.600098,4068.100098,4077.000000,4068.600098,4079.600098,4068.100098,4077.000000,changed
2026-06-29 12:00:00+00:00,2026-10-08T19:34:45Z,4053.500000,4067.000000,4051.800049,4057.399902,4053.500000,4067.000000,4051.800049,4057.800049,changed
2026-06-29 13:00:00+00:00,2026-10-08T19:34:45Z,4058.300049,4066.199951,4042.199951,4046.100098,4057.800049,4066.199951,4042.199951,4046.399902,changed
2026-06-29 15:00:00+00:00,2026-10-08T19:34:45Z,4040.199951,4045.000000,4030.500000,4041.500000,4039.899902,4045.000000,4030.500000,4041.500000,changed
2026-06-29 20:00:00+00:00,2026-10-08T19:34:45Z,4030.399902,4032.500000,4027.199951,4030.500000,4030.600098,4032.500000,4027.199951,4030.500000,changed
2026-06-29 22:00:00+00:00,2026-10-08T19:34:45Z,4031.199951,4036.500000,4023.500000,4028.399902,4032.500000,4036.500000,4023.500000,4028.399902,changed
2026-06-30 01:00:00+00:00,2026-10-08T19:34:45Z,4000.000000,4000.800049,3955.399902,3982.699951,4000.500000,4000.800049,3955.399902,3982.699951,changed
2026-06-30 03:00:00+00:00,2026-10-08T19:34:45Z,3976.500000,3984.199951,3973.100098,3983.800049,3976.100098,3984.199951,3973.100098,3983.800049,changed
2026-06-30 06:00:00+00:00,2026-10-08T19:34:45Z,3992.500000,4047.800049,3991.500000,4043.500000,3991.500000,4047.800049,3991.500000,4043.500000,changed
2026-06-30 10:00:00+00:00,2026-10-08T19:34:45Z,4038.500000,4045.500000,4035.500000,4043.899902,4038.100098,4045.500000,4035.500000,4043.899902,changed
2026-06-30 18:00:00+00:00,2026-10-08T19:34:45Z,4045.899902,4048.699951,4042.800049,4043.500000,4045.899902,4048.699951,4042.800049,4043.600098,changed
2026-06-30 19:00:00+00:00,2026-10-08T19:34:45Z,4043.000000,4044.199951,4029.100098,4030.300049,4043.000000,4044.199951,4029.100098,4030.199951,changed
2026-06-30 20:00:00+00:00,2026-10-08T19:34:45Z,4029.899902,4036.000000,4020.600098,4021.800049,4030.199951,4036.000000,4020.600098,4021.800049,changed
2026-06-01 00:00:00+00:00,2026-10-09T06:19:38Z,4570.500000,4577.299805,4565.500000,4571.399902,4570.500000,4577.299805,4565.500000,4571.100098,changed
2026-06-01 01:00:00+00:00,2026-10-09T06:19:38Z,4571.200195,4572.100098,4554.399902,4556.200195,4571.600098,4572.100098,4554.399902,4556.200195,changed
2026-06-01 03:00:00+00:00,2026-10-09T06:19:38Z,4551.700195,4556.299805,4540.299805,4546.000000,4553.200195,4556.299805,4540.299805,4546.000000,changed
2026-06-01 04:00:00+00:00,2026-10-09T06:19:38Z,4546.899902,4550.100098,4537.600098,4544.700195,4546.899902,4550.100098,4537.600098,4544.899902,changed
2026-06-01 05:00:00+00:00,2026-10-09T06:19:38Z,4544.799805,4555.399902,4542.700195,4548.200195,4544.399902,4555.399902,4542.700195,4547.899902,changed
2026-06-01 06:00:00+00:00,2026-10-09T06:19:38Z,4548.100098,4548.600098,4529.100098,4531.700195,4548.200195,4548.600098,4529.100098,4531.700195,changed
2026-06-01 07:00:00+00:00,2026-10-09T06:19:38Z,4531.600098,4540.200195,4522.100098,4532.700195,4531.600098,4540.200195,4522.100098,4532.799805,changed
2026-06-01 08:00:00+00:00,2026-10-09T06:19:38Z,4533.000000,4534.500000,4519.600098,4527.399902,4533.899902,4534.500000,4519.600098,4527.399902,changed
2026-06-01 10:00:00+00:00,2026-10-09T06:19:38Z,4525.899902,4540.899902,4525.899902,4534.100098,4526.100098,4540.899902,4525.899902,4534.100098,changed
2026-06-01 11:00:00+00:00,2026-10-09T06:19:38Z,4534.200195,4542.799805,4529.700195,4536.000000,4534.000000,4542.799805,4529.700195,4536.100098,changed
2026-06-01 12:00:00+00:00,2026-10-09T06:19:38Z,4535.799805,4540.399902,4527.600098,4532.000000,4535.399902,4540.399902,4527.600098,4531.799805,changed
2026-06-01 13:00:00+00:00,2026-10-09T06:19:38Z,4532.299805,4533.799805,4476.200195,4480.100098,4533.200195,4533.799805,4476.200195,4480.100098,changed
2026-06-01 14:00:00+00:00,2026-10-09T06:19:38Z,4479.100098,4494.899902,4476.000000,4488.500000,4476.299805,4494.899902,4476.000000,4488.500000,changed
2026-06-01 15:00:00+00:00,2026-10-09T06:19:38Z,4489.000000,4510.500000,4485.000000,4504.100098,4489.000000,4510.500000,4485.000000,4504.200195,changed
2026-06-01 17:00:00+00:00,2026-10-09T06:19:38Z,4510.899902,4525.600098,4501.399902,4517.500000,4511.200195,4525.600098,4501.399902,4517.500000,changed
2026-06-01 19:00:00+00:00,2026-10-09T06:19:38Z,4516.500000,4518.200195,4509.100098,4511.100098,4516.899902,4518.200195,4509.200195,4511.000000,changed
2026-06-01 22:00:00+00:00,2026-10-09T06:19:38Z,4515.799805,4517.899902,4509.500000,4515.299805,4517.899902,4517.899902,4509.500000,4515.299805,changed
2026-06-02 01:00:00+00:00,2026-10-09T06:19:38Z,4510.700195,4522.000000,4492.299805,4503.600098,4510.700195,4522.000000,4492.299805,4503.700195,changed
2026-06-02 04:00:00+00:00,2026-10-09T06:19:38Z,4529.299805,4548.600098,4528.000000,4547.700195,4529.600098,4548.600098,4528.000000,4547.700195,changed
2026-06-02 07:00:00+00:00,2026-10-09T06:19:38Z,4565.799805,4571.299805,4558.000000,4565.200195,4565.799805,4571.299805,4558.000000,4565.299805,changed
2026-06-02 11:00:00+00:00,2026-10-09T06:19:38Z,4563.000000,4564.200195,4555.200195,4557.299805,4562.899902,4564.200195,4555.200195,4557.000000,changed
2026-06-02 12:00:00+00:00,2026-10-09T06:19:38Z,4557.500000,4563.799805,4542.799805,4544.000000,4557.299805,4563.799805,4542.799805,4543.799805,changed
2026-06-02 13:00:00+00:00,2026-10-09T06:19:38Z,4544.299805,4554.399902,4532.100098,4532.100098,4544.000000,4554.399902,4532.100098,4532.100098,changed
2026-06-02 14:00:00+00:00,2026-10-09T06:19:38Z,4532.000000,4536.799805,4519.399902,4533.700195,4531.600098,4536.799805,4519.399902,4533.700195,changed
2026-06-02 16:00:00+00:00,2026-10-09T06:19:38Z,4531.700195,4532.799805,4515.600098,4521.299805,4531.799805,4532.799805,4515.600098,4521.299805,changed
2026-06-02 18:00:00+00:00,2026-10-09T06:19:38Z,4514.299805,4520.200195,4508.000000,4516.899902,4514.600098,4520.200195,4508.000000,4516.899902,changed
2026-06-02 20:00:00+00:00,2026-10-09T06:19:38Z,4517.799805,4521.000000,4516.100098,4519.200195,4517.399902,4521.000000,4516.100098,4519.200195,changed
2026-06-03 00:00:00+00:00,2026-10-09T06:19:38Z,4502.600098,4525.100098,4502.600098,4514.399902,4503.700195,4525.100098,4502.600098,4514.399902,changed
2026-06-03 03:00:00+00:00,2026-10-09T06:19:38Z,4510.100098,4515.500000,4510.100098,4512.000000,4510.200195,4515.500000,4510.100098,4512.000000,changed
2026-06-03 06:00:00+00:00,2026-10-09T06:19:38Z,4485.399902,4499.299805,4483.700195,4491.700195,4485.299805,4499.299805,4483.700195,4491.700195,changed
2026-06-03 07:00:00+00:00,2026-10-09T06:19:38Z,4491.399902,4500.500000,4481.100098,4481.600098,4491.200195,4500.500000,4481.100098,4481.600098,changed
2026-06-03 08:00:00+00:00,2026-10-09T06:19:38Z,4481.799805,4487.799805,4468.200195,4472.299805,4481.000000,4487.799805,4468.200195,4472.299805,changed
2026-06-03 10:00:00+00:00,2026-10-09T06:19:38Z,4471.700195,4496.000000,4469.500000,4487.700195,4471.000000,4496.000000,4469.500000,4487.700195,changed
2026-06-03 12:00:00+00:00,2026-10-09T06:19:38Z,4490.899902,4495.600098,4476.299805,4488.600098,4490.799805,4495.600098,4476.299805,4488.600098,changed
2026-06-03 19:00:00+00:00,2026-10-09T06:19:38Z,4469.799805,4480.000000,4469.500000,4472.000000,4469.899902,4480.000000,4469.500000,4471.899902,changed
2026-06-03 20:00:00+00:00,2026-10-09T06:19:38Z,4471.899902,4473.600098,4458.600098,4462.700195,4472.100098,4473.600098,4458.600098,4462.700195,changed
2026-06-03 22:00:00+00:00,2026-10-09T06:19:38Z,4462.600098,4479.200195,4450.100098,4475.299805,4463.700195,4479.200195,4450.100098,4475.000000,changed
2026-06-04 00:00:00+00:00,2026-10-09T06:19:38Z,4484.000000,4491.799805,4470.600098,4475.600098,4483.700195,4491.799805,4470.600098,4475.600098,changed
2026-06-04 02:00:00+00:00,2026-10-09T06:19:38Z,4492.100098,4504.200195,4482.500000,4502.000000,4492.100098,4504.200195,4482.500000,4501.399902,changed
2026-06-04 03:00:00+00:00,2026-10-09T06:19:38Z,4501.700195,4504.200195,4485.100098,4490.600098,4501.500000,4504.200195,4485.100098,4490.600098,changed
2026-06-04 06:00:00+00:00,2026-10-09T06:19:38Z,4495.799805,4504.299805,4489.799805,4494.700195,4496.100098,4504.299805,4489.799805,4494.700195,changed
2026-06-04 09:00:00+00:00,2026-10-09T06:19:38Z,4489.899902,4503.299805,4487.700195,4498.200195,4489.399902,4503.299805,4487.700195,4498.200195,changed
2026-06-04 11:00:00+00:00,2026-10-09T06:19:38Z,4501.600098,4542.399902,4496.399902,4539.200195,4502.000000,4542.399902,4496.399902,4539.200195,changed
2026-06-04 12:00:00+00:00,2026-10-09T06:19:38Z,4539.100098,4541.899902,4518.799805,4531.600098,4539.000000,4541.899902,4518.799805,4531.600098,changed
2026-06-04 14:00:00+00:00,2026-10-09T06:19:38Z,4523.399902,4528.000000,4483.799805,4493.100098,4524.299805,4528.000000,4483.799805,4493.100098,changed
2026-06-04 17:00:00+00:00,2026-10-09T06:19:38Z,4510.500000,4510.500000,4502.000000,4506.000000,4510.200195,4510.500000,4502.000000,4506.000000,changed
2026-06-04 19:00:00+00:00,2026-10-09T06:19:38Z,4506.100098,4511.299805,4503.899902,4508.899902,4506.100098,4511.299805,4503.899902,4508.700195,changed
2026-06-04 20:00:00+00:00,2026-10-09T06:19:38Z,4508.500000,4509.299805,4502.299805,4502.399902,4509.000000,4509.299805,4502.299805,4502.399902,changed
2026-06-05 00:00:00+00:00,2026-10-09T06:19:38Z,4488.200195,4493.899902,4477.500000,4485.799805,4487.799805,4493.899902,4477.500000,4486.000000,changed
2026-06-05 01:00:00+00:00,2026-10-09T06:19:38Z,4485.799805,4497.000000,4470.700195,4473.299805,4485.799805,4497.000000,4470.700195,4473.700195,changed
2026-06-05 02:00:00+00:00,2026-10-09T06:19:38Z,4473.399902,4481.600098,4464.500000,4467.100098,4473.200195,4481.600098,4464.500000,4467.100098,changed
2026-06-05 04:00:00+00:00,2026-10-09T06:19:38Z,4468.700195,4472.899902,4463.799805,4471.000000,4469.000000,4472.899902,4463.799805,4471.000000,changed
2026-06-05 05:00:00+00:00,2026-10-09T06:19:38Z,4471.000000,4476.100098,4464.899902,4465.899902,4470.899902,4476.100098,4464.899902,4465.899902,changed
2026-06-05 06:00:00+00:00,2026-10-09T06:19:38Z,4466.399902,4483.200195,4454.799805,4479.700195,4466.500000,4483.200195,4454.799805,4479.700195,changed
2026-06-05 07:00:00+00:00,2026-10-09T06:19:38Z,4479.899902,4494.200195,4478.700195,4487.700195,4479.899902,4494.200195,4478.700195,4488.000000,changed
2026-06-05 08:00:00+00:00,2026-10-09T06:19:38Z,4487.299805,4495.399902,4485.500000,4489.799805,4487.000000,4495.399902,4485.500000,4489.799805,changed
2026-06-05 10:00:00+00:00,2026-10-09T06:19:38Z,4491.600098,4495.000000,4488.700195,4493.700195,4491.399902,4495.000000,4488.700195,4493.799805,changed
2026-06-05 11:00:00+00:00,2026-10-09T06:19:38Z,4493.200195,4502.200195,4484.799805,4497.000000,4493.100098,4502.200195,4484.799805,4497.000000,changed
2026-06-05 12:00:00+00:00,2026-10-09T06:19:38Z,4497.399902,4502.799805,4430.100098,4432.100098,4497.399902,4502.799805,4430.100098,4431.899902,changed
2026-06-05 13:00:00+00:00,2026-10-09T06:19:38Z,4432.000000,4446.600098,4390.000000,4390.500000,4432.200195,4446.600098,4390.000000,4390.500000,changed
2026-06-05 15:00:00+00:00,2026-10-09T06:19:38Z,4394.600098,4397.299805,4358.799805,4360.399902,4394.200195,4397.299805,4358.799805,4360.399902,changed
2026-06-05 16:00:00+00:00,2026-10-09T06:19:38Z,4360.299805,4370.299805,4347.500000,4369.100098,4360.200195,4370.299805,4347.500000,4369.100098,changed
2026-06-05 18:00:00+00:00,2026-10-09T06:19:38Z,4366.799805,4366.799805,4339.799805,4346.700195,4366.500000,4366.799805,4339.799805,4346.700195,changed
2026-06-05 19:00:00+00:00,2026-10-09T06:19:38Z,4347.399902,4349.500000,4338.299805,4343.500000,4347.000000,4349.500000,4338.299805,4343.500000,changed
2026-06-08 00:00:00+00:00,2026-10-09T06:19:38Z,4367.000000,4377.500000,4363.100098,4366.000000,4366.200195,4377.500000,4363.100098,4366.000000,changed
2026-06-08 01:00:00+00:00,2026-10-09T06:19:38Z,4365.600098,4369.500000,4323.600098,4349.600098,4367.899902,4369.500000,4323.600098,4349.600098,changed
2026-06-08 05:00:00+00:00,2026-10-09T06:19:38Z,4337.100098,4340.100098,4293.000000,4317.500000,4337.000000,4340.100098,4293.000000,4317.500000,changed
2026-06-08 06:00:00+00:00,2026-10-09T06:19:38Z,4316.799805,4336.500000,4316.799805,4325.299805,4316.799805,4336.500000,4316.799805,4325.399902,changed
2026-06-08 07:00:00+00:00,2026-10-09T06:19:38Z,4325.100098,4342.000000,4319.299805,4319.899902,4324.899902,4342.000000,4319.299805,4319.799805,changed
2026-06-08 08:00:00+00:00,2026-10-09T06:19:38Z,4319.299805,4322.399902,4309.600098,4313.100098,4320.200195,4322.399902,4309.600098,4313.100098,changed
2026-06-08 10:00:00+00:00,2026-10-09T06:19:38Z,4319.000000,4330.299805,4310.600098,4326.399902,4319.399902,4330.299805,4310.600098,4326.399902,changed
2026-06-08 11:00:00+00:00,2026-10-09T06:19:38Z,4326.200195,4358.500000,4321.299805,4356.299805,4326.600098,4358.500000,4321.299805,4356.299805,changed
2026-06-08 12:00:00+00:00,2026-10-09T06:19:38Z,4355.700195,4364.799805,4344.799805,4358.000000,4355.899902,4364.799805,4344.799805,4358.000000,changed
2026-06-08 13:00:00+00:00,2026-10-09T06:19:38Z,4358.100098,4371.500000,4345.700195,4351.799805,4358.500000,4371.500000,4345.700195,4351.700195,changed
2026-06-08 14:00:00+00:00,2026-10-09T06:19:38Z,4351.299805,4356.299805,4339.000000,4355.799805,4351.600098,4356.299805,4339.000000,4355.799805,changed
2026-06-08 15:00:00+00:00,2026-10-09T06:19:38Z,4356.299805,4370.000000,4346.899902,4366.100098,4356.799805,4370.000000,4346.899902,4366.100098,changed
2026-06-08 16:00:00+00:00,2026-10-09T06:19:38Z,4365.899902,4371.000000,4362.200195,4365.000000,4366.100098,4371.000000,4362.200195,4365.000000,changed
2026-06-08 18:00:00+00:00,2026-10-09T06:19:38Z,4363.299805,4370.200195,4357.100098,4358.799805,4363.299805,4370.200195,4357.100098,4359.000000,changed
2026-06-08 22:00:00+00:00,2026-10-09T06:19:38Z,4354.700195,4363.399902,4345.799805,4351.500000,4358.600098,4363.399902,4345.799805,4351.500000,changed
2026-06-09 01:00:00+00:00,2026-10-09T06:19:38Z,4344.000000,4362.899902,4342.500000,4360.799805,4342.500000,4362.899902,4342.500000,4360.799805,changed
2026-06-09 05:00:00+00:00,2026-10-09T06:19:38Z,4356.899902,4375.700195,4354.799805,4367.899902,4356.899902,4375.700195,4354.799805,4368.000000,changed
2026-06-09 06:00:00+00:00,2026-10-09T06:19:38Z,4368.100098,4373.200195,4354.100098,4354.399902,4367.799805,4373.200195,4354.100098,4354.399902,changed
2026-06-09 07:00:00+00:00,2026-10-09T06:19:38Z,4354.399902,4358.899902,4346.000000,4350.200195,4354.799805,4358.899902,4346.000000,4350.100098,changed
2026-06-09 10:00:00+00:00,2026-10-09T06:19:38Z,4356.000000,4365.200195,4349.100098,4363.299805,4356.100098,4365.200195,4349.100098,4363.299805,changed
2026-06-09 12:00:00+00:00,2026-10-09T06:19:38Z,4364.399902,4369.000000,4359.000000,4365.399902,4364.399902,4369.000000,4359.000000,4365.899902,changed
2026-06-09 13:00:00+00:00,2026-10-09T06:19:38Z,4366.100098,4388.600098,4349.100098,4353.200195,4365.899902,4388.600098,4349.100098,4353.399902,changed
2026-06-09 14:00:00+00:00,2026-10-09T06:19:38Z,4352.899902,4360.299805,4302.100098,4325.000000,4352.899902,4360.299805,4302.100098,4324.899902,changed
2026-06-09 19:00:00+00:00,2026-10-09T06:19:38Z,4294.600098,4296.100098,4274.000000,4282.700195,4294.600098,4296.100098,4274.000000,4282.799805,changed
2026-06-09 20:00:00+00:00,2026-10-09T06:19:38Z,4282.799805,4286.100098,4280.000000,4284.799805,4282.500000,4286.100098,4280.000000,4284.799805,changed
2026-06-09 22:00:00+00:00,2026-10-09T06:19:38Z,4276.100098,4281.100098,4255.399902,4260.399902,4276.200195,4281.100098,4255.399902,4260.399902,changed
2026-06-10 04:00:00+00:00,2026-10-09T06:19:38Z,4208.899902,4211.200195,4194.200195,4198.000000,4209.200195,4211.200195,4194.200195,4198.000000,changed
2026-06-10 06:00:00+00:00,2026-10-09T06:19:38Z,4228.600098,4245.500000,4225.100098,4227.100098,4228.799805,4245.500000,4225.100098,4227.100098,changed
2026-06-10 10:00:00+00:00,2026-10-09T06:19:38Z,4191.600098,4201.500000,4178.500000,4197.500000,4191.200195,4201.500000,4178.500000,4197.500000,changed
2026-06-10 11:00:00+00:00,2026-10-09T06:19:38Z,4197.500000,4198.600098,4168.200195,4170.200195,4197.799805,4198.600098,4168.200195,4170.200195,changed
2026-06-10 12:00:00+00:00,2026-10-09T06:19:38Z,4169.899902,4197.299805,4152.000000,4169.600098,4169.700195,4197.299805,4152.000000,4169.600098,changed
2026-06-10 15:00:00+00:00,2026-10-09T06:19:38Z,4147.700195,4159.700195,4129.600098,4151.899902,4147.500000,4159.700195,4129.600098,4152.000000,changed
2026-06-10 16:00:00+00:00,2026-10-09T06:19:38Z,4152.700195,4158.799805,4138.700195,4144.600098,4152.399902,4158.799805,4138.700195,4144.399902,changed
2026-06-10 17:00:00+00:00,2026-10-09T06:19:38Z,4144.500000,4157.600098,4123.500000,4134.899902,4144.700195,4157.600098,4123.500000,4134.899902,changed
2026-06-10 18:00:00+00:00,2026-10-09T06:19:38Z,4135.299805,4144.000000,4120.200195,4125.000000,4135.899902,4144.000000,4120.200195,4125.000000,changed
2026-06-10 20:00:00+00:00,2026-10-09T06:19:38Z,4106.000000,4106.399902,4090.100098,4094.100098,4105.899902,4106.399902,4090.100098,4094.100098,changed
2026-06-10 23:00:00+00:00,2026-10-09T06:19:38Z,4069.199951,4087.199951,4046.199951,4069.699951,4069.199951,4087.199951,4046.199951,4069.600098,changed
2026-06-11 00:00:00+00:00,2026-10-09T06:19:38Z,4070.899902,4100.000000,4058.000000,4097.500000,4070.800049,4100.000000,4058.000000,4097.500000,changed
2026-06-11 02:00:00+00:00,2026-10-09T06:19:38Z,4122.799805,4122.899902,4073.399902,4089.300049,4122.299805,4122.899902,4073.399902,4089.300049,changed
2026-06-11 04:00:00+00:00,2026-10-09T06:19:38Z,4094.399902,4107.399902,4091.199951,4103.799805,4094.899902,4107.399902,4091.199951,4103.799805,changed
2026-06-11 06:00:00+00:00,2026-10-09T06:19:38Z,4115.000000,4118.500000,4097.000000,4115.700195,4115.000000,4118.500000,4097.000000,4115.100098,changed
2026-06-11 07:00:00+00:00,2026-10-09T06:19:38Z,4115.600098,4131.500000,4112.000000,4125.799805,4115.899902,4131.500000,4112.000000,4125.799805,changed
2026-06-11 08:00:00+00:00,2026-10-09T06:19:38Z,4125.700195,4133.600098,4105.600098,4105.600098,4124.899902,4133.600098,4105.600098,4105.600098,changed
2026-06-11 09:00:00+00:00,2026-10-09T06:19:38Z,4105.000000,4117.500000,4098.100098,4112.399902,4105.100098,4117.500000,4098.100098,4112.399902,changed
2026-06-11 12:00:00+00:00,2026-10-09T06:19:38Z,4100.899902,4107.799805,4078.000000,4102.500000,4101.000000,4107.799805,4078.000000,4102.500000,changed
2026-06-11 13:00:00+00:00,2026-10-09T06:19:38Z,4102.700195,4114.299805,4088.000000,4104.299805,4103.000000,4114.299805,4088.000000,4104.299805,changed
2026-06-11 14:00:00+00:00,2026-10-09T06:19:38Z,4104.000000,4106.600098,4072.800049,4094.399902,4104.600098,4106.600098,4072.800049,4094.399902,changed
2026-06-11 15:00:00+00:00,2026-10-09T06:19:38Z,4094.199951,4116.799805,4090.899902,4110.000000,4094.199951,4116.799805,4090.899902,4110.200195,changed
2026-06-11 16:00:00+00:00,2026-10-09T06:19:38Z,4110.200195,4129.000000,4098.899902,4101.200195,4110.000000,4129.000000,4098.899902,4101.200195,changed
2026-06-11 17:00:00+00:00,2026-10-09T06:19:38Z,4101.500000,4191.799805,4092.899902,4173.200195,4101.500000,4191.799805,4092.899902,4172.799805,changed
2026-06-11 20:00:00+00:00,2026-10-09T06:19:38Z,4230.200195,4240.000000,4229.200195,4233.799805,4230.500000,4240.000000,4229.200195,4233.799805,changed
2026-06-11 23:00:00+00:00,2026-10-09T06:19:38Z,4264.500000,4267.200195,4234.600098,4240.600098,4264.700195,4267.200195,4234.600098,4240.600098,changed
2026-06-12 01:00:00+00:00,2026-10-09T06:19:38Z,4229.700195,4232.399902,4192.899902,4208.200195,4229.799805,4232.399902,4192.899902,4208.200195,changed
2026-06-12 02:00:00+00:00,2026-10-09T06:19:38Z,4208.200195,4221.899902,4204.200195,4213.500000,4208.000000,4221.899902,4204.200195,4213.500000,changed
2026-06-12 04:00:00+00:00,2026-10-09T06:19:38Z,4219.000000,4222.600098,4211.100098,4211.899902,4219.000000,4222.600098,4211.100098,4212.000000,changed
2026-06-12 08:00:00+00:00,2026-10-09T06:19:38Z,4215.899902,4247.700195,4213.200195,4241.200195,4215.399902,4247.700195,4213.200195,4241.200195,changed
2026-06-12 10:00:00+00:00,2026-10-09T06:19:38Z,4242.899902,4246.700195,4223.600098,4231.899902,4243.100098,4246.700195,4223.600098,4231.899902,changed
2026-06-12 13:00:00+00:00,2026-10-09T06:19:38Z,4212.100098,4231.200195,4203.000000,4206.700195,4211.000000,4231.200195,4203.000000,4206.700195,changed
2026-06-12 14:00:00+00:00,2026-10-09T06:19:38Z,4207.399902,4229.500000,4197.500000,4224.899902,4207.200195,4229.500000,4197.500000,4224.899902,changed
2026-06-12 15:00:00+00:00,2026-10-09T06:19:38Z,4224.899902,4256.799805,4221.000000,4232.399902,4224.799805,4256.799805,4221.000000,4232.399902,changed
2026-06-12 17:00:00+00:00,2026-10-09T06:19:38Z,4236.500000,4247.100098,4234.000000,4241.799805,4237.000000,4247.100098,4234.000000,4241.799805,changed
2026-06-12 18:00:00+00:00,2026-10-09T06:19:38Z,4242.200195,4256.200195,4234.899902,4236.200195,4241.899902,4256.200195,4234.899902,4236.500000,changed
2026-06-12 19:00:00+00:00,2026-10-09T06:19:38Z,4236.200195,4240.799805,4223.200195,4231.899902,4236.200195,4240.799805,4223.200195,4231.700195,changed
2026-06-12 20:00:00+00:00,2026-10-09T06:19:38Z,4231.600098,4240.600098,4230.700195,4238.799805,4232.100098,4240.600098,4230.700195,4238.799805,changed
2026-06-14 22:00:00+00:00,2026-10-09T06:19:38Z,4325.600098,4327.000000,4300.000000,4305.799805,4326.000000,4327.000000,4300.000000,4305.799805,changed
2026-06-14 23:00:00+00:00,2026-10-09T06:19:38Z,4305.600098,4315.399902,4301.299805,4314.299805,4306.100098,4315.399902,4301.299805,4314.299805,changed
2026-06-15 06:00:00+00:00,2026-10-09T06:19:38Z,4331.500000,4334.399902,4321.600098,4329.100098,4331.600098,4334.399902,4321.600098,4329.100098,changed
2026-06-15 07:00:00+00:00,2026-10-09T06:19:38Z,4329.200195,4346.000000,4326.100098,4344.299805,4329.799805,4346.000000,4326.100098,4344.299805,changed
2026-06-15 08:00:00+00:00,2026-10-09T06:19:38Z,4344.100098,4366.100098,4342.700195,4355.399902,4344.200195,4366.100098,4342.700195,4355.399902,changed
2026-06-15 12:00:00+00:00,2026-10-09T06:19:38Z,4356.600098,4370.799805,4345.299805,4370.500000,4356.600098,4370.799805,4345.299805,4370.299805,changed
2026-06-15 13:00:00+00:00,2026-10-09T06:19:38Z,4370.399902,4390.799805,4362.799805,4376.799805,4370.399902,4390.799805,4362.799805,4376.399902,changed
2026-06-15 14:00:00+00:00,2026-10-09T06:19:38Z,4376.700195,4391.500000,4375.500000,4378.500000,4376.200195,4391.500000,4375.500000,4378.600098,changed
2026-06-15 15:00:00+00:00,2026-10-09T06:19:38Z,4378.299805,4382.799805,4370.600098,4377.600098,4378.100098,4382.799805,4370.600098,4377.600098,changed
2026-06-15 17:00:00+00:00,2026-10-09T06:19:38Z,4360.500000,4360.500000,4341.700195,4346.000000,4360.500000,4360.500000,4341.700195,4346.100098,changed
2026-06-15 18:00:00+00:00,2026-10-09T06:19:38Z,4346.200195,4349.700195,4339.100098,4347.299805,4346.000000,4349.700195,4339.100098,4347.299805,changed
2026-06-15 19:00:00+00:00,2026-10-09T06:19:38Z,4347.500000,4348.299805,4338.200195,4342.399902,4347.500000,4348.299805,4338.200195,4342.200195,changed
2026-06-15 20:00:00+00:00,2026-10-09T06:19:38Z,4342.600098,4343.899902,4328.500000,4331.000000,4342.700195,4343.899902,4328.500000,4331.000000,changed
2026-06-15 22:00:00+00:00,2026-10-09T06:19:38Z,4331.299805,4337.299805,4326.700195,4333.100098,4331.399902,4337.299805,4326.700195,4333.100098,changed
2026-06-16 00:00:00+00:00,2026-10-09T06:19:38Z,4336.600098,4341.600098,4327.399902,4340.299805,4337.000000,4341.600098,4327.399902,4340.299805,changed
2026-06-16 01:00:00+00:00,2026-10-09T06:19:38Z,4340.299805,4346.799805,4332.799805,4334.000000,4339.799805,4346.799805,4332.799805,4334.000000,changed
2026-06-16 08:00:00+00:00,2026-10-09T06:19:38Z,4356.399902,4369.500000,4354.200195,4368.299805,4356.799805,4369.500000,4354.200195,4368.299805,changed
2026-06-16 13:00:00+00:00,2026-10-09T06:19:38Z,4375.899902,4376.500000,4352.600098,4352.700195,4375.899902,4376.500000,4352.600098,4352.600098,changed
2026-06-16 14:00:00+00:00,2026-10-09T06:19:38Z,4352.500000,4360.000000,4333.700195,4344.399902,4353.100098,4360.000000,4333.700195,4344.399902,changed
2026-06-16 15:00:00+00:00,2026-10-09T06:19:38Z,4344.399902,4364.500000,4341.399902,4355.700195,4345.200195,4364.500000,4341.399902,4355.700195,changed
2026-06-16 16:00:00+00:00,2026-10-09T06:19:38Z,4355.600098,4368.100098,4355.399902,4361.799805,4356.000000,4368.100098,4355.399902,4361.799805,changed
2026-06-16 19:00:00+00:00,2026-10-09T06:19:38Z,4359.600098,4364.299805,4352.399902,4355.600098,4359.500000,4364.299805,4352.399902,4355.600098,changed
2026-06-16 22:00:00+00:00,2026-10-09T06:19:38Z,4352.600098,4355.899902,4348.700195,4355.000000,4352.700195,4355.899902,4348.700195,4355.000000,changed
2026-06-17 00:00:00+00:00,2026-10-09T06:19:38Z,4350.899902,4361.899902,4348.200195,4356.899902,4351.399902,4361.899902,4348.200195,4356.899902,changed
2026-06-17 05:00:00+00:00,2026-10-09T06:19:38Z,4346.200195,4353.799805,4340.399902,4346.100098,4346.200195,4353.799805,4340.399902,4346.500000,changed
2026-06-17 06:00:00+00:00,2026-10-09T06:19:38Z,4346.500000,4351.200195,4340.100098,4351.200195,4346.600098,4351.200195,4340.100098,4351.200195,changed
2026-06-17 07:00:00+00:00,2026-10-09T06:19:38Z,4351.100098,4352.500000,4344.100098,4344.700195,4350.700195,4352.500000,4344.100098,4344.700195,changed
2026-06-17 08:00:00+00:00,2026-10-09T06:19:38Z,4344.799805,4347.500000,4335.600098,4344.200195,4344.500000,4347.500000,4335.600098,4344.200195,changed
2026-06-17 11:00:00+00:00,2026-10-09T06:19:38Z,4351.299805,4351.500000,4340.000000,4342.600098,4351.500000,4351.500000,4340.000000,4342.600098,changed
2026-06-17 12:00:00+00:00,2026-10-09T06:19:38Z,4342.799805,4355.200195,4338.700195,4353.299805,4342.899902,4355.200195,4338.700195,4353.299805,changed
2026-06-17 14:00:00+00:00,2026-10-09T06:19:38Z,4359.600098,4384.200195,4349.899902,4364.100098,4359.500000,4384.200195,4349.899902,4364.100098,changed
2026-06-17 15:00:00+00:00,2026-10-09T06:19:38Z,4363.799805,4385.500000,4363.600098,4383.600098,4364.000000,4385.500000,4363.600098,4383.299805,changed
2026-06-17 16:00:00+00:00,2026-10-09T06:19:38Z,4383.299805,4386.700195,4375.200195,4379.799805,4383.899902,4386.700195,4375.200195,4379.799805,changed
2026-06-17 17:00:00+00:00,2026-10-09T06:19:38Z,4379.600098,4403.600098,4375.700195,4401.100098,4379.600098,4403.600098,4375.700195,4400.700195,changed
2026-06-17 18:00:00+00:00,2026-10-09T06:19:38Z,4399.600098,4399.600098,4288.299805,4305.200195,4398.899902,4399.600098,4288.299805,4304.600098,changed
2026-06-17 19:00:00+00:00,2026-10-09T06:19:38Z,4305.000000,4315.000000,4237.399902,4254.299805,4304.000000,4315.000000,4237.399902,4254.299805,changed
2026-06-17 23:00:00+00:00,2026-10-09T06:19:38Z,4285.700195,4303.000000,4283.200195,4297.200195,4285.500000,4303.000000,4283.200195,4297.200195,changed
2026-06-18 00:00:00+00:00,2026-10-09T06:19:38Z,4297.600098,4335.000000,4296.200195,4328.000000,4297.899902,4335.000000,4296.200195,4328.000000,changed
2026-06-18 01:00:00+00:00,2026-10-09T06:19:38Z,4328.799805,4348.899902,4326.299805,4337.700195,4329.500000,4348.899902,4326.299805,4337.700195,changed
2026-06-18 05:00:00+00:00,2026-10-09T06:19:38Z,4335.799805,4345.200195,4321.500000,4328.000000,4335.600098,4345.200195,4321.500000,4328.000000,changed
2026-06-18 07:00:00+00:00,2026-10-09T06:19:38Z,4326.399902,4329.700195,4307.100098,4308.399902,4326.600098,4329.700195,4307.100098,4308.399902,changed
2026-06-18 08:00:00+00:00,2026-10-09T06:19:38Z,4308.600098,4312.600098,4284.600098,4285.899902,4308.200195,4312.600098,4284.600098,4285.899902,changed
2026-06-18 10:00:00+00:00,2026-10-09T06:19:38Z,4287.600098,4291.899902,4273.200195,4273.899902,4287.799805,4291.899902,4273.200195,4273.899902,changed
2026-06-18 11:00:00+00:00,2026-10-09T06:19:38Z,4274.200195,4274.200195,4257.899902,4260.600098,4273.899902,4274.200195,4257.899902,4260.600098,changed
2026-06-18 14:00:00+00:00,2026-10-09T06:19:38Z,4275.299805,4277.299805,4255.000000,4271.700195,4275.399902,4277.299805,4255.000000,4271.700195,changed
2026-06-18 16:00:00+00:00,2026-10-09T06:19:38Z,4245.799805,4252.500000,4233.000000,4238.700195,4245.700195,4252.500000,4233.000000,4238.700195,changed
2026-06-18 18:00:00+00:00,2026-10-09T06:19:38Z,4249.200195,4252.100098,4237.399902,4237.700195,4249.200195,4252.100098,4237.399902,4237.500000,changed
2026-06-18 20:00:00+00:00,2026-10-09T06:19:38Z,4236.200195,4238.700195,4226.600098,4227.899902,4236.399902,4238.700195,4226.600098,4227.899902,changed
2026-06-18 22:00:00+00:00,2026-10-09T06:19:38Z,4231.200195,4231.399902,4221.299805,4225.899902,4228.500000,4231.399902,4221.299805,4225.899902,changed
2026-06-19 00:00:00+00:00,2026-10-09T06:19:38Z,4206.899902,4216.899902,4202.200195,4209.000000,4207.200195,4216.899902,4202.200195,4209.000000,changed
2026-06-19 03:00:00+00:00,2026-10-09T06:19:38Z,4194.000000,4194.700195,4162.700195,4167.500000,4194.700195,4194.700195,4162.700195,4167.500000,changed
2026-06-21 22:00:00+00:00,2026-10-09T06:19:38Z,4163.899902,4176.000000,4151.399902,4172.799805,4159.000000,4176.000000,4151.399902,4172.799805,changed
2026-06-22 02:00:00+00:00,2026-10-09T06:19:38Z,4208.200195,4217.899902,4172.899902,4205.700195,4208.100098,4217.899902,4172.899902,4205.700195,changed
2026-06-22 03:00:00+00:00,2026-10-09T06:19:38Z,4206.299805,4207.399902,4172.899902,4189.600098,4206.500000,4207.399902,4172.899902,4189.600098,changed
2026-06-22 07:00:00+00:00,2026-10-09T06:19:38Z,4216.000000,4219.700195,4172.899902,4208.500000,4216.299805,4219.700195,4172.899902,4208.500000,changed
2026-06-22 08:00:00+00:00,2026-10-09T06:19:38Z,4208.299805,4215.899902,4172.899902,4215.700195,4208.299805,4215.899902,4172.899902,4215.299805,changed
2026-06-22 12:00:00+00:00,2026-10-09T06:19:38Z,4225.899902,4229.899902,4172.899902,4211.399902,4225.700195,4229.899902,4172.899902,4211.399902,changed
2026-06-22 17:00:00+00:00,2026-10-09T06:19:38Z,4208.500000,4210.100098,4172.899902,4201.399902,4208.399902,4210.100098,4172.899902,4201.299805,changed
2026-06-22 18:00:00+00:00,2026-10-09T06:19:38Z,4201.600098,4211.299805,4172.899902,4209.100098,4201.700195,4211.299805,4172.899902,4209.100098,changed
2026-06-22 19:00:00+00:00,2026-10-09T06:19:38Z,4209.500000,4211.600098,4172.899902,4209.399902,4209.500000,4211.600098,4172.899902,4209.299805,changed
2026-06-22 20:00:00+00:00,2026-10-09T06:19:38Z,4209.399902,4212.299805,4172.899902,4172.899902,4209.899902,4212.299805,4172.899902,4172.899902,changed
2026-06-22 23:00:00+00:00,2026-10-09T06:19:38Z,4207.500000,4213.600098,4204.600098,4205.500000,4207.799805,4213.600098,4204.600098,4205.700195,changed
2026-06-23 00:00:00+00:00,2026-10-09T06:19:38Z,4205.000000,4212.700195,4196.000000,4210.700195,4204.899902,4212.700195,4196.000000,4210.700195,changed
2026-06-23 02:00:00+00:00,2026-10-09T06:19:38Z,4179.399902,4181.299805,4164.299805,4164.899902,4179.299805,4181.299805,4164.299805,4164.899902,changed
2026-06-23 04:00:00+00:00,2026-10-09T06:19:38Z,4161.799805,4164.799805,4132.200195,4135.600098,4161.299805,4164.799805,4132.200195,4136.000000,changed
2026-06-23 05:00:00+00:00,2026-10-09T06:19:38Z,4136.000000,4155.000000,4133.100098,4138.899902,4136.200195,4155.000000,4133.100098,4138.899902,changed
2026-06-23 06:00:00+00:00,2026-10-09T06:19:38Z,4139.600098,4144.899902,4127.899902,4132.399902,4139.299805,4144.899902,4127.899902,4132.399902,changed
2026-06-23 07:00:00+00:00,2026-10-09T06:19:38Z,4131.899902,4142.700195,4114.000000,4116.000000,4131.200195,4142.700195,4114.000000,4115.700195,changed
2026-06-23 10:00:00+00:00,2026-10-09T06:19:38Z,4140.000000,4151.100098,4137.399902,4137.700195,4139.899902,4151.100098,4137.399902,4137.700195,changed
2026-06-23 11:00:00+00:00,2026-10-09T06:19:38Z,4137.600098,4150.000000,4135.200195,4141.100098,4138.000000,4150.000000,4135.200195,4141.100098,changed
2026-06-23 13:00:00+00:00,2026-10-09T06:19:38Z,4131.100098,4158.500000,4122.799805,4154.100098,4131.200195,4158.500000,4122.799805,4154.399902,changed
2026-06-23 15:00:00+00:00,2026-10-09T06:19:38Z,4148.000000,4159.399902,4140.600098,4156.700195,4147.700195,4159.399902,4140.600098,4156.700195,changed
2026-06-23 16:00:00+00:00,2026-10-09T06:19:38Z,4156.799805,4161.799805,4149.299805,4151.899902,4157.399902,4161.799805,4149.299805,4152.000000,changed
2026-06-23 18:00:00+00:00,2026-10-09T06:19:38Z,4146.000000,4148.799805,4130.799805,4135.600098,4146.399902,4148.799805,4130.799805,4135.600098,changed
2026-06-23 19:00:00+00:00,2026-10-09T06:19:38Z,4135.799805,4144.399902,4129.100098,4129.600098,4136.000000,4144.399902,4129.100098,4129.500000,changed
2026-06-23 22:00:00+00:00,2026-10-09T06:19:38Z,4130.000000,4132.399902,4113.899902,4121.200195,4129.799805,4132.399902,4113.899902,4121.200195,changed
2026-06-24 04:00:00+00:00,2026-10-09T06:19:38Z,4080.100098,4083.699951,4071.600098,4080.600098,4080.100098,4083.699951,4071.600098,4080.899902,changed
2026-06-24 06:00:00+00:00,2026-10-09T06:19:38Z,4093.100098,4114.700195,4093.100098,4103.899902,4093.899902,4114.700195,4093.100098,4103.899902,changed
2026-06-24 08:00:00+00:00,2026-10-09T06:19:38Z,4091.600098,4104.799805,4090.000000,4093.300049,4091.600098,4104.799805,4090.000000,4093.000000,changed
2026-06-24 09:00:00+00:00,2026-10-09T06:19:38Z,4093.300049,4095.800049,4081.600098,4081.800049,4093.699951,4095.800049,4081.600098,4081.800049,changed
2026-06-24 11:00:00+00:00,2026-10-09T06:19:38Z,4072.100098,4075.600098,4053.899902,4063.199951,4072.399902,4075.600098,4053.899902,4063.100098,changed
2026-06-24 12:00:00+00:00,2026-10-09T06:19:38Z,4063.399902,4065.199951,4003.300049,4004.000000,4063.199951,4065.199951,4003.300049,4003.500000,changed
2026-06-24 13:00:00+00:00,2026-10-09T06:19:38Z,4004.100098,4059.000000,3980.300049,4054.899902,4004.199951,4059.000000,3980.300049,4054.899902,changed
2026-06-24 14:00:00+00:00,2026-10-09T06:19:38Z,4054.899902,4058.199951,4020.000000,4025.000000,4055.000000,4058.199951,4020.000000,4025.000000,changed
2026-06-24 15:00:00+00:00,2026-10-09T06:19:38Z,4025.399902,4033.899902,4014.300049,4019.500000,4026.000000,4033.899902,4014.300049,4019.500000,changed
2026-06-24 18:00:00+00:00,2026-10-09T06:19:38Z,3989.899902,4011.699951,3975.699951,3998.100098,3990.300049,4011.699951,3975.699951,3998.100098,changed
2026-06-24 19:00:00+00:00,2026-10-09T06:19:38Z,3998.699951,4008.199951,3990.399902,4004.899902,3998.699951,4008.199951,3990.399902,4005.100098,changed
2026-06-24 20:00:00+00:00,2026-10-09T06:19:38Z,4005.500000,4020.000000,4001.600098,4016.399902,4005.100098,4020.000000,4001.600098,4016.399902,changed
2026-06-25 02:00:00+00:00,2026-10-09T06:19:38Z,3992.899902,4006.600098,3976.300049,3998.699951,3993.100098,4006.600098,3976.300049,3998.699951,changed
2026-06-25 05:00:00+00:00,2026-10-09T06:19:38Z,4012.000000,4015.699951,3996.199951,4001.600098,4012.000000,4015.699951,3996.199951,4002.100098,changed
2026-06-25 06:00:00+00:00,2026-10-09T06:19:38Z,4001.500000,4004.600098,3988.899902,3992.699951,4001.600098,4004.600098,3988.899902,3992.199951,changed
2026-06-25 11:00:00+00:00,2026-10-09T06:19:38Z,4000.000000,4003.199951,3988.600098,3995.300049,4000.000000,4003.199951,3988.600098,3994.800049,changed
2026-06-25 12:00:00+00:00,2026-10-09T06:19:38Z,3995.399902,4035.100098,3993.500000,4028.199951,3995.600098,4035.100098,3993.500000,4028.500000,changed
2026-06-25 13:00:00+00:00,2026-10-09T06:19:38Z,4028.199951,4049.899902,4016.600098,4017.500000,4027.800049,4049.899902,4016.600098,4017.500000,changed
2026-06-25 15:00:00+00:00,2026-10-09T06:19:38Z,4027.800049,4058.699951,4020.399902,4057.500000,4027.800049,4058.699951,4020.399902,4056.899902,changed
2026-06-25 16:00:00+00:00,2026-10-09T06:19:38Z,4057.199951,4060.000000,4039.100098,4044.000000,4057.699951,4060.000000,4039.100098,4044.000000,changed
2026-06-25 17:00:00+00:00,2026-10-09T06:19:38Z,4044.399902,4052.300049,4042.300049,4050.199951,4044.300049,4052.300049,4042.300049,4050.199951,changed
2026-06-25 19:00:00+00:00,2026-10-09T06:19:38Z,4051.000000,4059.699951,4036.800049,4041.600098,4051.000000,4059.699951,4036.800049,4041.399902,changed
2026-06-25 20:00:00+00:00,2026-10-09T06:19:38Z,4042.100098,4049.800049,4039.399902,4041.600098,4041.199951,4049.800049,4039.399902,4041.600098,changed
2026-06-25 22:00:00+00:00,2026-10-09T06:19:38Z,4044.399902,4051.600098,4034.500000,4041.399902,4046.000000,4051.600098,4034.500000,4041.399902,changed
2026-06-25 23:00:00+00:00,2026-10-09T06:19:38Z,4041.300049,4045.699951,4027.500000,4030.199951,4042.199951,4045.699951,4027.500000,4030.199951,changed
2026-06-26 00:00:00+00:00,2026-10-09T06:19:38Z,4029.899902,4039.600098,4026.300049,4035.100098,4029.899902,4039.600098,4026.300049,4035.399902,changed
2026-06-26 01:00:00+00:00,2026-10-09T06:19:38Z,4035.600098,4044.800049,4029.300049,4035.899902,4035.399902,4044.800049,4029.300049,4035.899902,changed
2026-06-26 02:00:00+00:00,2026-10-09T06:19:38Z,4036.199951,4038.300049,3998.100098,4006.000000,4036.100098,4038.300049,3998.100098,4005.800049,changed
2026-06-26 03:00:00+00:00,2026-10-09T06:19:38Z,4005.899902,4022.000000,4001.800049,4018.600098,4006.199951,4022.000000,4001.800049,4018.600098,changed
2026-06-26 07:00:00+00:00,2026-10-09T06:19:38Z,4047.800049,4055.500000,4042.500000,4046.399902,4046.899902,4055.500000,4042.500000,4046.399902,changed
2026-06-26 10:00:00+00:00,2026-10-09T06:19:38Z,4062.300049,4070.800049,4057.500000,4069.800049,4063.300049,4070.800049,4057.500000,4069.800049,changed
2026-06-26 11:00:00+00:00,2026-10-09T06:19:38Z,4070.000000,4071.500000,4057.600098,4061.000000,4069.899902,4071.500000,4057.600098,4061.000000,changed
2026-06-26 13:00:00+00:00,2026-10-09T06:19:38Z,4074.100098,4093.100098,4057.699951,4088.699951,4074.699951,4093.100098,4057.699951,4089.300049,changed
2026-06-26 14:00:00+00:00,2026-10-09T06:19:38Z,4088.600098,4108.700195,4083.000000,4095.699951,4089.000000,4108.700195,4083.000000,4095.800049,changed
2026-06-26 17:00:00+00:00,2026-10-09T06:19:38Z,4100.200195,4103.399902,4088.699951,4089.600098,4100.200195,4103.399902,4088.699951,4089.800049,changed
2026-06-26 18:00:00+00:00,2026-10-09T06:19:38Z,4089.899902,4094.000000,4081.899902,4082.199951,4090.000000,4094.000000,4081.899902,4082.199951,changed
2026-06-26 19:00:00+00:00,2026-10-09T06:19:38Z,4082.000000,4089.000000,4079.000000,4086.199951,4082.000000,4089.000000,4079.000000,4086.100098,changed
2026-06-26 20:00:00+00:00,2026-10-09T06:19:38Z,4086.399902,4104.399902,4079.000000,4096.299805,4086.000000,4104.399902,4079.000000,4096.299805,changed
2026-06-29 01:00:00+00:00,2026-10-09T06:19:38Z,4083.699951,4088.600098,4068.000000,4075.800049,4083.100098,4088.600098,4068.000000,4075.800049,changed
2026-06-29 05:00:00+00:00,2026-10-09T06:19:38Z,4065.500000,4071.699951,4053.800049,4069.000000,4065.600098,4071.699951,4053.800049,4069.000000,changed
2026-06-29 06:00:00+00:00,2026-10-09T06:19:38Z,4068.600098,4079.600098,4068.100098,4077.000000,4069.300049,4079.600098,4068.100098,4077.000000,changed
2026-06-29 12:00:00+00:00,2026-10-09T06:19:38Z,4053.500000,4067.000000,4051.800049,4057.800049,4053.500000,4067.000000,4051.800049,4057.399902,changed
2026-06-29 13:00:00+00:00,2026-10-09T06:19:38Z,4057.800049,4066.199951,4042.199951,4046.399902,4058.300049,4066.199951,4042.199951,4046.100098,changed
2026-06-29 15:00:00+00:00,2026-10-09T06:19:38Z,4039.899902,4045.000000,4030.500000,4041.500000,4040.199951,4045.000000,4030.500000,4041.500000,changed
2026-06-29 20:00:00+00:00,2026-10-09T06:19:38Z,4030.600098,4032.500000,4027.199951,4030.500000,4030.399902,4032.500000,4027.199951,4030.500000,changed
2026-06-29 22:00:00+00:00,2026-10-09T06:19:38Z,4032.500000,4036.500000,4023.500000,4028.399902,4031.199951,4036.500000,4023.500000,4028.399902,changed
2026-06-30 01:00:00+00:00,2026-10-09T06:19:38Z,4000.500000,4000.800049,3955.399902,3982.699951,4000.000000,4000.800049,3955.399902,3982.699951,changed
2026-06-30 03:00:00+00:00,2026-10-09T06:19:38Z,3976.100098,3984.199951,3973.100098,3983.800049,3976.500000,3984.199951,3973.100098,3983.800049,changed
2026-06-30 06:00:00+00:00,2026-10-09T06:19:38Z,3991.500000,4047.800049,3991.500000,4043.500000,3992.500000,4047.800049,3991.500000,4043.500000,changed
2026-06-30 10:00:00+00:00,2026-10-09T06:19:38Z,4038.100098,4045.500000,4035.500000,4043.899902,4038.500000,4045.500000,4035.500000,4043.899902,changed
2026-06-30 18:00:00+00:00,2026-10-09T06:19:38Z,4045.899902,4048.699951,4042.800049,4043.600098,4045.899902,4048.699951,4042.800049,4043.500000,changed
2026-06-30 19:00:00+00:00,2026-10-09T06:19:38Z,4043.000000,4044.199951,4029.100098,4030.199951,4043.000000,4044.199951,4029.100098,4030.300049,changed
2026-06-30 20:00:00+00:00,2026-10-09T06:19:38Z,4030.199951,4036.000000,4020.600098,4021.800049,4029.899902,4036.000000,4020.600098,4021.800049,changed
