,open,high,low,close,volume
2026-07-06 23:00:00+00:00,1.144951,1.145082,1.144820,1.144951,0.000000
2026-07-06 23:15:00+00:00,1.144951,1.145082,1.144689,1.144689,0.000000
2026-07-06 23:30:00+00:00,1.144689,1.144820,1.144689,1.144820,0.000000
2026-07-06 23:45:00+00:00,1.144820,1.144820,1.144427,1.144427,0.000000
2026-07-07 00:00:00+00:00,1.144427,1.144558,1.144427,1.144427,0.000000
2026-07-07 00:15:00+00:00,1.144427,1.144427,1.144165,1.144165,0.000000
2026-07-07 00:30:00+00:00,1.144296,1.144427,1.144165,1.144296,0.000000
2026-07-07 00:45:00+00:00,1.144296,1.144427,1.144296,1.144296,0.000000
2026-07-07 01:00:00+00:00,1.144296,1.144296,1.144165,1.144296,0.000000
2026-07-07 01:15:00+00:00,1.144296,1.144296,1.144034,1.144165,0.000000
2026-07-07 01:30:00+00:00,1.144558,1.144820,1.144296,1.144296,0.000000
2026-07-07 01:45:00+00:00,1.144296,1.144951,1.144296,1.144689,0.000000
2026-07-07 02:00:00+00:00,1.144820,1.144951,1.144558,1.144558,0.000000
2026-07-07 02:15:00+00:00,1.144558,1.144689,1.144558,1.144558,0.000000
2026-07-07 02:30:00+00:00,1.144427,1.144689,1.144427,1.144427,0.000000
2026-07-07 02:45:00+00:00,1.144427,1.144558,1.144296,1.144296,0.000000
2026-07-07 03:00:00+00:00,1.144296,1.144558,1.144296,1.144427,0.000000
2026-07-07 03:15:00+00:00,1.144427,1.144558,1.144296,1.144296,0.000000
2026-07-07 03:30:00+00:00,1.144296,1.144427,1.144034,1.144165,0.000000
2026-07-07 03:45:00+00:00,1.144034,1.144165,1.143903,1.144034,0.000000
2026-07-07 04:00:00+00:00,1.144034,1.144165,1.144034,1.144165,0.000000
2026-07-07 04:15:00+00:00,1.144165,1.144165,1.144034,1.144034,0.000000
2026-07-07 04:30:00+00:00,1.144034,1.144165,1.144034,1.144165,0.000000
2026-07-07 04:45:00+00:00,1.144034,1.144165,1.143903,1.143903,0.000000
2026-07-07 05:00:00+00:00,1.144034,1.144034,1.143772,1.143772,0.000000
2026-07-07 05:15:00+00:00,1.143772,1.143772,1.143380,1.143380,0.000000
2026-07-07 05:30:00+00:00,1.143380,1.143641,1.143249,1.143249,0.000000
2026-07-07 05:45:00+00:00,1.143249,1.143511,1.143249,1.143511,0.000000
2026-07-07 06:00:00+00:00,1.143641,1.143641,1.142857,1.142988,0.000000
2026-07-07 06:15:00+00:00,1.143380,1.143380,1.142988,1.143118,0.000000
2026-07-07 06:30:00+00:00,1.143249,1.143380,1.143249,1.143249,0.000000
2026-07-07 06:45:00+00:00,1.143249,1.143511,1.143118,1.143118,0.000000
2026-07-07 07:00:00+00:00,1.143249,1.143249,1.142988,1.143118,0.000000
2026-07-07 07:15:00+00:00,1.143118,1.143511,1.142988,1.142988,0.000000
2026-07-07 07:30:00+00:00,1.142988,1.143249,1.142988,1.143249,0.000000
2026-07-07 07:45:00+00:00,1.142988,1.143118,1.142857,1.142988,0.000000
2026-07-07 08:00:00+00:00,1.142988,1.143511,1.142857,1.143511,0.000000
2026-07-07 08:15:00+00:00,1.143380,1.143641,1.143249,1.143641,0.000000
2026-07-07 08:30:00+00:00,1.143641,1.143903,1.143511,1.143511,0.000000
2026-07-07 08:45:00+00:00,1.143380,1.143511,1.142988,1.143118,0.000000
2026-07-07 09:00:00+00:00,1.143118,1.143118,1.142988,1.142988,0.000000
2026-07-07 09:15:00+00:00,1.143118,1.143118,1.142988,1.143118,0.000000
2026-07-07 09:30:00+00:00,1.142988,1.143249,1.142988,1.143118,0.000000
2026-07-07 09:45:00+00:00,1.143249,1.143249,1.142857,1.142857,0.000000
2026-07-07 10:00:00+00:00,1.142727,1.143249,1.142727,1.143249,0.000000
2026-07-07 10:15:00+00:00,1.143249,1.143380,1.143249,1.143380,0.000000
2026-07-07 10:30:00+00:00,1.143249,1.143511,1.143249,1.143380,0.000000
2026-07-07 10:45:00+00:00,1.143380,1.143641,1.143249,1.143641,0.000000
2026-07-07 11:00:00+00:00,1.143641,1.143772,1.143511,1.143772,0.000000
2026-07-07 11:15:00+00:00,1.143641,1.144165,1.143641,1.144034,0.000000
2026-07-07 11:30:00+00:00,1.143903,1.144034,1.143641,1.143641,0.000000
2026-07-07 11:45:00+00:00,1.143641,1.143772,1.142988,1.143641,0.000000
2026-07-07 12:00:00+00:00,1.143511,1.143772,1.143511,1.143641,0.000000
2026-07-07 12:15:00+00:00,1.143772,1.144558,1.143641,1.144558,0.000000
2026-07-07 12:30:00+00:00,1.144558,1.144558,1.143903,1.143903,0.000000
2026-07-07 12:45:00+00:00,1.144034,1.144034,1.143772,1.143903,0.000000
2026-07-07 13:00:00+00:00,1.143903,1.143903,1.143380,1.143772,0.000000
2026-07-07 13:15:00+00:00,1.143772,1.143903,1.143641,1.143772,0.000000
2026-07-07 13:30:00+00:00,1.143903,1.144427,1.143903,1.144427,0.000000
2026-07-07 13:45:00+00:00,1.144296,1.144427,1.143772,1.143772,0.000000
2026-07-07 14:00:00+00:00,1.144034,1.144034,1.142857,1.142988,0.000000
2026-07-07 14:15:00+00:00,1.142988,1.143380,1.142988,1.143249,0.000000
2026-07-07 14:30:00+00:00,1.143249,1.143511,1.143118,1.143511,0.000000
2026-07-07 14:45:00+00:00,1.143641,1.144034,1.143511,1.143772,0.000000
2026-07-07 15:00:00+00:00,1.143641,1.143772,1.143249,1.143249,0.000000
2026-07-07 15:15:00+00:00,1.143249,1.143249,1.142988,1.143118,0.000000
2026-07-07 15:30:00+00:00,1.143118,1.143118,1.142988,1.142988,0.000000
2026-07-07 15:45:00+00:00,1.142988,1.142988,1.142596,1.142596,0.000000
2026-07-07 16:00:00+00:00,1.142727,1.142857,1.142465,1.142727,0.000000
2026-07-07 16:15:00+00:00,1.142596,1.142596,1.142074,1.142204,0.000000
2026-07-07 16:30:00+00:00,1.142204,1.142335,1.142204,1.142335,0.000000
2026-07-07 16:45:00+00:00,1.142335,1.142596,1.142335,1.142596,0.000000
2026-07-07 17:00:00+00:00,1.142727,1.142857,1.142596,1.142596,0.000000
2026-07-07 17:15:00+00:00,1.142596,1.142857,1.142596,1.142727,0.000000
2026-07-07 17:30:00+00:00,1.142727,1.142988,1.142727,1.142988,0.000000
2026-07-07 17:45:00+00:00,1.142988,1.143249,1.142988,1.143118,0.000000
2026-07-07 18:00:00+00:00,1.143118,1.143118,1.142857,1.142988,0.000000
2026-07-07 18:15:00+00:00,1.142988,1.143249,1.142988,1.143118,0.000000
2026-07-07 18:30:00+00:00,1.143118,1.143249,1.142988,1.143118,0.000000
2026-07-07 18:45:00+00:00,1.143249,1.143249,1.142204,1.142204,0.000000
2026-07-07 19:00:00+00:00,1.142074,1.142074,1.141553,1.141553,0.000000
2026-07-07 19:15:00+00:00,1.141422,1.141683,1.141162,1.141683,0.000000
2026-07-07 19:30:00+00:00,1.141683,1.141944,1.141683,1.141944,0.000000
2026-07-07 19:45:00+00:00,1.141813,1.141944,1.141813,1.141944,0.000000
2026-07-07 20:00:00+00:00,1.141813,1.142074,1.141683,1.141683,0.000000
2026-07-07 20:15:00+00:00,1.141683,1.141813,1.141683,1.141683,0.000000
2026-07-07 20:30:00+00:00,1.141683,1.141683,1.141422,1.141553,0.000000
2026-07-07 20:45:00+00:00,1.141553,1.141553,1.141422,1.141553,0.000000
2026-07-07 21:00:00+00:00,1.142727,1.142727,1.141292,1.141292,0.000000
2026-07-07 21:15:00+00:00,1.141422,1.141422,1.140901,1.140901,0.000000
2026-07-07 21:30:00+00:00,1.141032,1.141032,1.140381,1.141032,0.000000
2026-07-07 21:45:00+00:00,1.141032,1.141162,1.140771,1.141162,0.000000
2026-07-07 22:00:00+00:00,1.141162,1.141162,1.140901,1.140901,0.000000
2026-07-07 22:15:00+00:00,1.140901,1.141032,1.140771,1.140771,0.000000
2026-07-07 22:30:00+00:00,1.140901,1.140901,1.140641,1.140771,0.000000
2026-07-07 22:45:00+00:00,1.140771,1.141032,1.140771,1.141032,0.000000
2026-07-07 23:00:00+00:00,1.141032,1.141162,1.140771,1.140771,0.000000
2026-07-07 23:15:00+00:00,1.140771,1.140901,1.140771,1.140771,0.000000
2026-07-07 23:30:00+00:00,1.140771,1.141032,1.140771,1.140771,0.000000
2026-07-07 23:45:00+00:00,1.140771,1.140771,1.140381,1.140511,0.000000
2026-07-08 00:00:00+00:00,1.140381,1.140901,1.140381,1.140901,0.000000
2026-07-08 00:15:00+00:00,1.140901,1.141162,1.140641,1.141032,0.000000
2026-07-08 00:30:00+00:00,1.141032,1.141553,1.141032,1.141422,0.000000
2026-07-08 00:45:00+00:00,1.141292,1.141422,1.141032,1.141162,0.000000
2026-07-08 01:00:00+00:00,1.141162,1.141292,1.141032,1.141032,0.000000
2026-07-08 01:15:00+00:00,1.141032,1.141032,1.140771,1.140771,0.000000
2026-07-08 01:30:00+00:00,1.140771,1.140771,1.140251,1.140251,0.000000
2026-07-08 01:45:00+00:00,1.140511,1.140901,1.140381,1.140901,0.000000
2026-07-08 02:00:00+00:00,1.140901,1.141032,1.140771,1.140901,0.000000
2026-07-08 02:15:00+00:00,1.141162,1.141553,1.141162,1.141422,0.000000
2026-07-08 02:30:00+00:00,1.141422,1.141553,1.141292,1.141553,0.000000
2026-07-08 02:45:00+00:00,1.141553,1.141553,1.141422,1.141553,0.000000
2026-07-08 03:00:00+00:00,1.141553,1.141813,1.141553,1.141813,0.000000
2026-07-08 03:15:00+00:00,1.141944,1.141944,1.141813,1.141813,0.000000
2026-07-08 03:30:00+00:00,1.141813,1.141813,1.141683,1.141683,0.000000
2026-07-08 03:45:00+00:00,1.141813,1.141813,1.141683,1.141683,0.000000
2026-07-08 04:00:00+00:00,1.141683,1.141683,1.141553,1.141553,0.000000
2026-07-08 04:15:00+00:00,1.141553,1.141683,1.141422,1.141683,0.000000
2026-07-08 04:30:00+00:00,1.141683,1.141944,1.141683,1.141813,0.000000
2026-07-08 04:45:00+00:00,1.141813,1.141813,1.141683,1.141813,0.000000
2026-07-08 05:00:00+00:00,1.141813,1.142204,1.141813,1.141944,0.000000
2026-07-08 05:15:00+00:00,1.141944,1.141944,1.141553,1.141683,0.000000
2026-07-08 05:30:00+00:00,1.141813,1.142335,1.141813,1.142335,0.000000
2026-07-08 05:45:00+00:00,1.142335,1.142335,1.142074,1.142335,0.000000
2026-07-08 06:00:00+00:00,1.142465,1.142596,1.142204,1.142204,0.000000
2026-07-08 06:15:00+00:00,1.142335,1.142596,1.142335,1.142596,0.000000
2026-07-08 06:30:00+00:00,1.142596,1.142727,1.142335,1.142465,0.000000
2026-07-08 06:45:00+00:00,1.142465,1.142465,1.142204,1.142465,0.000000
2026-07-08 07:00:00+00:00,1.142596,1.142596,1.142204,1.142335,0.000000
2026-07-08 07:15:00+00:00,1.142204,1.143118,1.142074,1.142988,0.000000
2026-07-08 07:30:00+00:00,1.143249,1.143380,1.142988,1.143249,0.000000
2026-07-08 07:45:00+00:00,1.143249,1.143249,1.142988,1.142988,0.000000
2026-07-08 08:00:00+00:00,1.142857,1.143118,1.142727,1.142727,0.000000
2026-07-08 08:15:00+00:00,1.142857,1.142857,1.140901,1.141683,0.000000
2026-07-08 08:30:00+00:00,1.141813,1.141944,1.140901,1.141162,0.000000
2026-07-08 08:45:00+00:00,1.141683,1.142204,1.141422,1.141422,0.000000
2026-07-08 09:00:00+00:00,1.141162,1.141292,1.140121,1.140121,0.000000
2026-07-08 09:15:00+00:00,1.140121,1.141032,1.140121,1.140771,0.000000
2026-07-08 09:30:00+00:00,1.140901,1.141292,1.140901,1.141292,0.000000
2026-07-08 09:45:00+00:00,1.141292,1.141422,1.140771,1.140901,0.000000
2026-07-08 10:00:00+00:00,1.140901,1.141032,1.140511,1.140641,0.000000
2026-07-08 10:15:00+00:00,1.140511,1.141683,1.140511,1.141422,0.000000
2026-07-08 10:30:00+00:00,1.141422,1.141683,1.141422,1.141683,0.000000
2026-07-08 10:45:00+00:00,1.141553,1.141683,1.141162,1.141162,0.000000
2026-07-08 11:00:00+00:00,1.141162,1.141162,1.140901,1.141032,0.000000
2026-07-08 11:15:00+00:00,1.141162,1.141292,1.140901,1.140901,0.000000
2026-07-08 11:30:00+00:00,1.140901,1.140901,1.139731,1.140771,0.000000
2026-07-08 11:45:00+00:00,1.140641,1.140641,1.139991,1.139991,0.000000
2026-07-08 12:00:00+00:00,1.140251,1.140771,1.140121,1.140511,0.000000
2026-07-08 12:15:00+00:00,1.140641,1.140901,1.140641,1.140771,0.000000
2026-07-08 12:30:00+00:00,1.140901,1.140901,1.140641,1.140901,0.000000
2026-07-08 12:45:00+00:00,1.140901,1.141032,1.139991,1.139991,0.000000
2026-07-08 13:00:00+00:00,1.140121,1.140641,1.140121,1.140511,0.000000
2026-07-08 13:15:00+00:00,1.140251,1.140771,1.140121,1.140771,0.000000
2026-07-08 13:30:00+00:00,1.140771,1.141422,1.140771,1.141422,0.000000
2026-07-08 13:45:00+00:00,1.141422,1.141683,1.141162,1.141162,0.000000
2026-07-08 14:00:00+00:00,1.141292,1.141553,1.141032,1.141162,0.000000
2026-07-08 14:15:00+00:00,1.141032,1.141422,1.141032,1.141292,0.000000
2026-07-08 14:30:00+00:00,1.141032,1.141162,1.140771,1.140901,0.000000
2026-07-08 14:45:00+00:00,1.140901,1.141032,1.140901,1.141032,0.000000
2026-07-08 15:00:00+00:00,1.140901,1.141422,1.140641,1.140641,0.000000
2026-07-08 15:15:00+00:00,1.140381,1.140511,1.140251,1.140381,0.000000
2026-07-08 15:30:00+00:00,1.140121,1.140251,1.139471,1.139601,0.000000
2026-07-08 15:45:00+00:00,1.139601,1.139991,1.139601,1.139861,0.000000
2026-07-08 16:00:00+00:00,1.139861,1.140251,1.139861,1.140251,0.000000
2026-07-08 16:15:00+00:00,1.139991,1.140641,1.139991,1.140511,0.000000
2026-07-08 16:30:00+00:00,1.140511,1.141422,1.140511,1.141422,0.000000
2026-07-08 16:45:00+00:00,1.141422,1.141813,1.141422,1.141683,0.000000
2026-07-08 17:00:00+00:00,1.141813,1.142596,1.141813,1.142596,0.000000
2026-07-08 17:15:00+00:00,1.142596,1.142857,1.142465,1.142857,0.000000
2026-07-08 17:30:00+00:00,1.142988,1.142988,1.142465,1.142465,0.000000
2026-07-08 17:45:00+00:00,1.142465,1.142596,1.142204,1.142204,0.000000
2026-07-08 18:00:00+00:00,1.142204,1.143118,1.142204,1.143118,0.000000
2026-07-08 18:15:00+00:00,1.142988,1.143118,1.142988,1.142988,0.000000
2026-07-08 18:30:00+00:00,1.142857,1.143118,1.142727,1.143118,0.000000
2026-07-08 18:45:00+00:00,1.143118,1.143118,1.142857,1.142988,0.000000
2026-07-08 19:00:00+00:00,1.143118,1.143249,1.142988,1.143118,0.000000
2026-07-08 19:15:00+00:00,1.143249,1.143249,1.143118,1.143118,0.000000
2026-07-08 19:30:00+00:00,1.143249,1.143249,1.143118,1.143118,0.000000
2026-07-08 19:45:00+00:00,1.142988,1.143249,1.142596,1.143118,0.000000
2026-07-08 20:00:00+00:00,1.142988,1.143118,1.142857,1.142857,0.000000
2026-07-08 20:15:00+00:00,1.142857,1.142857,1.142335,1.142465,0.000000
2026-07-08 20:30:00+00:00,1.142335,1.142335,1.141813,1.141944,0.000000
2026-07-08 20:45:00+00:00,1.141944,1.142074,1.141944,1.142074,0.000000
2026-07-08 21:00:00+00:00,1.142074,1.142596,1.141813,1.142465,0.000000
2026-07-08 21:15:00+00:00,1.142335,1.142727,1.142074,1.142727,0.000000
2026-07-08 21:30:00+00:00,1.142335,1.142596,1.141944,1.142074,0.000000
2026-07-08 21:45:00+00:00,1.142074,1.142335,1.141944,1.142204,0.000000
2026-07-08 22:00:00+00:00,1.142074,1.142074,1.141944,1.142074,0.000000
2026-07-08 22:15:00+00:00,1.142074,1.142074,1.142074,1.142074,0.000000
2026-07-08 22:30:00+00:00,1.142074,1.142204,1.142074,1.142204,0.000000
2026-07-08 22:45:00+00:00,1.142204,1.142204,1.142074,1.142204,0.000000
2026-07-08 23:00:00+00:00,1.142204,1.142335,1.142074,1.142074,0.000000
2026-07-08 23:15:00+00:00,1.142074,1.142204,1.142074,1.142204,0.000000
2026-07-08 23:30:00+00:00,1.142204,1.142335,1.142204,1.142335,0.000000
2026-07-08 23:45:00+00:00,1.142465,1.142465,1.142335,1.142465,0.000000
2026-07-09 00:00:00+00:00,1.142465,1.143249,1.142465,1.143118,0.000000
2026-07-09 00:15:00+00:00,1.143118,1.143118,1.142857,1.142988,0.000000
2026-07-09 00:30:00+00:00,1.143249,1.143249,1.142988,1.142988,0.000000
2026-07-09 00:45:00+00:00,1.142988,1.142988,1.142727,1.142857,0.000000
2026-07-09 01:00:00+00:00,1.142857,1.142988,1.142596,1.142596,0.000000
2026-07-09 01:15:00+00:00,1.142727,1.142727,1.142465,1.142465,0.000000
2026-07-09 01:30:00+00:00,1.142465,1.142857,1.142335,1.142727,0.000000
2026-07-09 01:45:00+00:00,1.142596,1.142857,1.142465,1.142857,0.000000
2026-07-09 02:00:00+00:00,1.142857,1.143118,1.142857,1.142988,0.000000
2026-07-09 02:15:00+00:00,1.143118,1.143118,1.142988,1.142988,0.000000
2026-07-09 02:30:00+00:00,1.142988,1.142988,1.142727,1.142857,0.000000
2026-07-09 02:45:00+00:00,1.142988,1.142988,1.142727,1.142727,0.000000
2026-07-09 03:00:00+00:00,1.142727,1.142857,1.142727,1.142857,0.000000
2026-07-09 03:15:00+00:00,1.142727,1.142988,1.142596,1.142857,0.000000
2026-07-09 03:30:00+00:00,1.143118,1.143380,1.143118,1.143118,0.000000
2026-07-09 03:45:00+00:00,1.143118,1.143118,1.142988,1.142988,0.000000
2026-07-09 04:00:00+00:00,1.142988,1.143118,1.142857,1.142988,0.000000
2026-07-09 04:15:00+00:00,1.142988,1.143118,1.142727,1.142857,0.000000
2026-07-09 04:30:00+00:00,1.142857,1.142988,1.142857,1.142857,0.000000
2026-07-09 04:45:00+00:00,1.142857,1.142988,1.142857,1.142988,0.000000
2026-07-09 05:00:00+00:00,1.142988,1.143511,1.142988,1.143511,0.000000
2026-07-09 05:15:00+00:00,1.143511,1.143511,1.143249,1.143511,0.000000
2026-07-09 05:30:00+00:00,1.143511,1.143641,1.143380,1.143380,0.000000
2026-07-09 05:45:00+00:00,1.143511,1.143641,1.143380,1.143380,0.000000
2026-07-09 06:00:00+00:00,1.143772,1.144034,1.143772,1.143772,0.000000
2026-07-09 06:15:00+00:00,1.143772,1.145082,1.143772,1.144951,0.000000
2026-07-09 06:30:00+00:00,1.144820,1.145082,1.144558,1.144689,0.000000
2026-07-09 06:45:00+00:00,1.144820,1.144820,1.144427,1.144427,0.000000
2026-07-09 07:00:00+00:00,1.144558,1.144558,1.143903,1.144034,0.000000
2026-07-09 07:15:00+00:00,1.144034,1.144296,1.143903,1.144165,0.000000
2026-07-09 07:30:00+00:00,1.144165,1.144165,1.143772,1.143772,0.000000
2026-07-09 07:45:00+00:00,1.143903,1.143903,1.143641,1.143772,0.000000
2026-07-09 08:00:00+00:00,1.143903,1.144165,1.143772,1.143772,0.000000
2026-07-09 08:15:00+00:00,1.143903,1.144034,1.143772,1.144034,0.000000
2026-07-09 08:30:00+00:00,1.144034,1.144034,1.143511,1.143511,0.000000
2026-07-09 08:45:00+00:00,1.143511,1.143511,1.142857,1.142988,0.000000
2026-07-09 09:00:00+00:00,1.142988,1.143118,1.142727,1.142988,0.000000
2026-07-09 09:15:00+00:00,1.142988,1.143118,1.142857,1.143118,0.000000
2026-07-09 09:30:00+00:00,1.142988,1.143118,1.142857,1.142857,0.000000
2026-07-09 09:45:00+00:00,1.142988,1.143511,1.142988,1.143380,0.000000
2026-07-09 10:00:00+00:00,1.143380,1.143380,1.143118,1.143249,0.000000
2026-07-09 10:15:00+00:00,1.143249,1.143249,1.142988,1.143118,0.000000
2026-07-09 10:30:00+00:00,1.142988,1.143511,1.142988,1.143118,0.000000
2026-07-09 10:45:00+00:00,1.143118,1.143118,1.142465,1.142596,0.000000
2026-07-09 11:00:00+00:00,1.142596,1.142857,1.142596,1.142857,0.000000
2026-07-09 11:15:00+00:00,1.142857,1.142988,1.142727,1.142727,0.000000
2026-07-09 11:30:00+00:00,1.142727,1.142988,1.142727,1.142988,0.000000
2026-07-09 11:45:00+00:00,1.142988,1.143249,1.142857,1.143249,0.000000
2026-07-09 12:00:00+00:00,1.143380,1.143903,1.143249,1.143641,0.000000
2026-07-09 12:15:00+00:00,1.143772,1.143772,1.143511,1.143511,0.000000
2026-07-09 12:30:00+00:00,1.143641,1.143903,1.142988,1.142988,0.000000
2026-07-09 12:45:00+00:00,1.143118,1.143118,1.142727,1.142727,0.000000
2026-07-09 13:00:00+00:00,1.142857,1.143380,1.142857,1.143249,0.000000
2026-07-09 13:15:00+00:00,1.143511,1.143903,1.143380,1.143772,0.000000
2026-07-09 13:30:00+00:00,1.143772,1.143903,1.143511,1.143772,0.000000
2026-07-09 13:45:00+00:00,1.143903,1.144165,1.143772,1.144165,0.000000
2026-07-09 14:00:00+00:00,1.144296,1.144820,1.144296,1.144427,0.000000
2026-07-09 14:15:00+00:00,1.144296,1.144427,1.144034,1.144296,0.000000
2026-07-09 14:30:00+00:00,1.144296,1.144427,1.143903,1.143903,0.000000
2026-07-09 14:45:00+00:00,1.143903,1.143903,1.143511,1.143641,0.000000
2026-07-09 15:00:00+00:00,1.143641,1.143903,1.143380,1.143511,0.000000
2026-07-09 15:15:00+00:00,1.143511,1.143772,1.143249,1.143641,0.000000
2026-07-09 15:30:00+00:00,1.143772,1.144034,1.143511,1.144034,0.000000
2026-07-09 15:45:00+00:00,1.143903,1.144296,1.143903,1.144165,0.000000
2026-07-09 16:00:00+00:00,1.144296,1.144296,1.144165,1.144296,0.000000
2026-07-09 16:15:00+00:00,1.144427,1.144427,1.143903,1.144034,0.000000
2026-07-09 16:30:00+00:00,1.143903,1.144296,1.143903,1.144296,0.000000
2026-07-09 16:45:00+00:00,1.144296,1.144427,1.144034,1.144034,0.000000
2026-07-09 17:00:00+00:00,1.144034,1.144165,1.143903,1.144034,0.000000
2026-07-09 17:15:00+00:00,1.143903,1.144427,1.143903,1.144296,0.000000
2026-07-09 17:30:00+00:00,1.144296,1.144296,1.143903,1.144034,0.000000
2026-07-09 17:45:00+00:00,1.144034,1.144165,1.144034,1.144034,0.000000
2026-07-09 18:00:00+00:00,1.144165,1.144165,1.143772,1.143772,0.000000
2026-07-09 18:15:00+00:00,1.143903,1.143903,1.143511,1.143511,0.000000
2026-07-09 18:30:00+00:00,1.143511,1.143641,1.143511,1.143641,0.000000
2026-07-09 18:45:00+00:00,1.143641,1.143772,1.143511,1.143641,0.000000
2026-07-09 19:00:00+00:00,1.143772,1.143772,1.143380,1.143511,0.000000
2026-07-09 19:15:00+00:00,1.143511,1.143511,1.143249,1.143249,0.000000
2026-07-09 19:30:00+00:00,1.143249,1.143249,1.142988,1.142988,0.000000
2026-07-09 19:45:00+00:00,1.142988,1.143118,1.142988,1.143118,0.000000
2026-07-09 20:00:00+00:00,1.143118,1.143249,1.143118,1.143249,0.000000
2026-07-09 20:15:00+00:00,1.143249,1.143380,1.143249,1.143249,0.000000
2026-07-09 20:30:00+00:00,1.143249,1.143380,1.143249,1.143380,0.000000
2026-07-09 20:45:00+00:00,1.143249,1.143249,1.143118,1.143249,0.000000
2026-07-09 21:00:00+00:00,1.143772,1.143772,1.142857,1.142988,0.000000
2026-07-09 21:15:00+00:00,1.143249,1.143380,1.142465,1.142465,0.000000
2026-07-09 21:30:00+00:00,1.142596,1.143772,1.142596,1.143249,0.000000
2026-07-09 21:45:00+00:00,1.143118,1.143641,1.143118,1.143511,0.000000
2026-07-09 22:00:00+00:00,1.143380,1.143641,1.143249,1.143511,0.000000
2026-07-09 22:15:00+00:00,1.143641,1.143641,1.143641,1.143641,0.000000
2026-07-09 22:30:00+00:00,1.143641,1.143641,1.143641,1.143641,0.000000
2026-07-09 22:45:00+00:00,1.143641,1.143641,1.143641,1.143641,0.000000
2026-07-09 23:00:00+00:00,1.143641,1.143772,1.143641,1.143641,0.000000
2026-07-09 23:15:00+00:00,1.143641,1.143641,1.143511,1.143511,0.000000
2026-07-09 23:30:00+00:00,1.143511,1.143641,1.143511,1.143641,0.000000
2026-07-09 23:45:00+00:00,1.143772,1.143772,1.143511,1.143641,0.000000
2026-07-10 00:00:00+00:00,1.143641,1.143772,1.143511,1.143511,0.000000
2026-07-10 00:15:00+00:00,1.143641,1.143641,1.143380,1.143380,0.000000
2026-07-10 00:30:00+00:00,1.143380,1.143772,1.143380,1.143772,0.000000
2026-07-10 00:45:00+00:00,1.144034,1.144558,1.143903,1.144427,0.000000
2026-07-10 01:00:00+00:00,1.144296,1.144689,1.144165,1.144689,0.000000
2026-07-10 01:15:00+00:00,1.144820,1.145082,1.144558,1.144558,0.000000
2026-07-10 01:30:00+00:00,1.144558,1.144820,1.144558,1.144689,0.000000
2026-07-10 01:45:00+00:00,1.144689,1.145213,1.144558,1.145213,0.000000
2026-07-10 02:00:00+00:00,1.145082,1.145869,1.145082,1.145869,0.000000
2026-07-10 02:15:00+00:00,1.146132,1.146263,1.146000,1.146132,0.000000
2026-07-10 02:30:00+00:00,1.146132,1.146132,1.145869,1.146132,0.000000
2026-07-10 02:45:00+00:00,1.146263,1.146395,1.146132,1.146132,0.000000
2026-07-10 03:00:00+00:00,1.146263,1.146263,1.145869,1.145869,0.000000
2026-07-10 03:15:00+00:00,1.145869,1.146000,1.145738,1.145869,0.000000
2026-07-10 03:30:00+00:00,1.146000,1.146000,1.145738,1.145738,0.000000
2026-07-10 03:45:00+00:00,1.145738,1.145738,1.145213,1.145344,0.000000
2026-07-10 04:00:00+00:00,1.145213,1.145213,1.145082,1.145213,0.000000
2026-07-10 04:15:00+00:00,1.145213,1.145213,1.144820,1.144951,0.000000
2026-07-10 04:30:00+00:00,1.144951,1.144951,1.144558,1.144558,0.000000
2026-07-10 04:45:00+00:00,1.144558,1.144558,1.144427,1.144558,0.000000
2026-07-10 05:00:00+00:00,1.144558,1.144689,1.144427,1.144427,0.000000
2026-07-10 05:15:00+00:00,1.144427,1.144427,1.144034,1.144165,0.000000
2026-07-10 05:30:00+00:00,1.144034,1.144165,1.143903,1.144034,0.000000
2026-07-10 05:45:00+00:00,1.144165,1.144427,1.144165,1.144296,0.000000
2026-07-10 06:00:00+00:00,1.144296,1.144689,1.144296,1.144689,0.000000
2026-07-10 06:15:00+00:00,1.144689,1.145082,1.144558,1.144558,0.000000
2026-07-10 06:30:00+00:00,1.144558,1.144951,1.144427,1.144427,0.000000
2026-07-10 06:45:00+00:00,1.144296,1.144558,1.144296,1.144558,0.000000
2026-07-10 07:00:00+00:00,1.144427,1.144558,1.144165,1.144296,0.000000
2026-07-10 07:15:00+00:00,1.144034,1.144558,1.144034,1.144296,0.000000
2026-07-10 07:30:00+00:00,1.144427,1.144427,1.144165,1.144427,0.000000
2026-07-10 07:45:00+00:00,1.144296,1.144427,1.144034,1.144034,0.000000
2026-07-10 08:00:00+00:00,1.144034,1.144558,1.144034,1.144034,0.000000
2026-07-10 08:15:00+00:00,1.144034,1.144034,1.143511,1.143772,0.000000
2026-07-10 08:30:00+00:00,1.143903,1.143903,1.143511,1.143772,0.000000
2026-07-10 08:45:00+00:00,1.143772,1.143772,1.143380,1.143380,0.000000
2026-07-10 09:00:00+00:00,1.143380,1.143641,1.143380,1.143641,0.000000
2026-07-10 09:15:00+00:00,1.143641,1.143641,1.143380,1.143641,0.000000
2026-07-10 09:30:00+00:00,1.143511,1.143641,1.143249,1.143249,0.000000
2026-07-10 09:45:00+00:00,1.143380,1.143380,1.142988,1.143118,0.000000
2026-07-10 10:00:00+00:00,1.143118,1.143249,1.142988,1.143249,0.000000
2026-07-10 10:15:00+00:00,1.143249,1.143641,1.143249,1.143641,0.000000
2026-07-10 10:30:00+00:00,1.143641,1.143641,1.143380,1.143511,0.000000
2026-07-10 10:45:00+00:00,1.143511,1.143903,1.143380,1.143641,0.000000
2026-07-10 11:00:00+00:00,1.143641,1.143772,1.143380,1.143511,0.000000
2026-07-10 11:15:00+00:00,1.143380,1.143511,1.143118,1.143249,0.000000
2026-07-10 11:30:00+00:00,1.143249,1.143380,1.142988,1.143249,0.000000
2026-07-10 11:45:00+00:00,1.143249,1.143511,1.143249,1.143511,0.000000
2026-07-10 12:00:00+00:00,1.143511,1.144034,1.142988,1.144034,0.000000
2026-07-10 12:15:00+00:00,1.143772,1.143772,1.143249,1.143249,0.000000
2026-07-10 12:30:00+00:00,1.143380,1.143380,1.142857,1.142988,0.000000
2026-07-10 12:45:00+00:00,1.142988,1.143249,1.142727,1.143249,0.000000
2026-07-10 13:00:00+00:00,1.143249,1.143249,1.142335,1.142465,0.000000
2026-07-10 13:15:00+00:00,1.142465,1.142596,1.142335,1.142465,0.000000
2026-07-10 13:30:00+00:00,1.142465,1.142988,1.142335,1.142988,0.000000
2026-07-10 13:45:00+00:00,1.142857,1.142857,1.142335,1.142335,0.000000
2026-07-10 14:00:00+00:00,1.142204,1.142596,1.142074,1.142596,0.000000
2026-07-10 14:15:00+00:00,1.142596,1.142988,1.142465,1.142857,0.000000
2026-07-10 14:30:00+00:00,1.142988,1.143118,1.141813,1.142596,0.000000
2026-07-10 14:45:00+00:00,1.142335,1.142596,1.142204,1.142596,0.000000
2026-07-10 15:00:00+00:00,1.142596,1.143118,1.142596,1.143118,0.000000
2026-07-10 15:15:00+00:00,1.143118,1.143772,1.143118,1.143511,0.000000
2026-07-10 15:30:00+00:00,1.143641,1.143772,1.143511,1.143641,0.000000
2026-07-10 15:45:00+00:00,1.143641,1.144165,1.143511,1.144165,0.000000
2026-07-10 16:00:00+00:00,1.144034,1.144296,1.144034,1.144296,0.000000
2026-07-10 16:15:00+00:00,1.144296,1.144427,1.144034,1.144296,0.000000
2026-07-10 16:30:00+00:00,1.144165,1.144296,1.143903,1.143903,0.000000
2026-07-10 16:45:00+00:00,1.143772,1.143903,1.143380,1.143380,0.000000
2026-07-10 17:00:00+00:00,1.143380,1.143380,1.142988,1.143118,0.000000
2026-07-10 17:15:00+00:00,1.143118,1.143118,1.142596,1.142727,0.000000
2026-07-10 17:30:00+00:00,1.142857,1.142857,1.142335,1.142465,0.000000
2026-07-10 17:45:00+00:00,1.142465,1.142596,1.142074,1.142074,0.000000
2026-07-10 18:00:00+00:00,1.142074,1.142074,1.141944,1.141944,0.000000
2026-07-10 18:15:00+00:00,1.142074,1.142074,1.141813,1.141813,0.000000
2026-07-10 18:30:00+00:00,1.141683,1.141813,1.141553,1.141553,0.000000
2026-07-10 18:45:00+00:00,1.141683,1.141944,1.141683,1.141944,0.000000
2026-07-10 19:00:00+00:00,1.141944,1.141944,1.141813,1.141944,0.000000
2026-07-10 19:15:00+00:00,1.141813,1.141944,1.141813,1.141944,0.000000
2026-07-10 19:30:00+00:00,1.141944,1.141944,1.141813,1.141813,0.000000
2026-07-10 19:45:00+00:00,1.141813,1.141944,1.141683,1.141944,0.000000
2026-07-10 20:00:00+00:00,1.141944,1.142204,1.141813,1.141944,0.000000
2026-07-10 20:15:00+00:00,1.141944,1.142074,1.141683,1.141683,0.000000
2026-07-10 20:30:00+00:00,1.141683,1.141683,1.141553,1.141683,0.000000
2026-07-10 20:45:00+00:00,1.141683,1.141813,1.141683,1.141683,0.000000
2026-07-10 21:00:00+00:00,1.141944,1.141944,1.141944,1.141944,0.000000
2026-07-10 21:15:00+00:00,1.141944,1.141944,1.141944,1.141944,0.000000
2026-07-12 23:00:00+00:00,1.139731,1.139861,1.139731,1.139861,0.000000
2026-07-12 23:15:00+00:00,1.139991,1.140251,1.139991,1.140121,0.000000
2026-07-12 23:30:00+00:00,1.140121,1.140251,1.139991,1.140251,0.000000
2026-07-12 23:45:00+00:00,1.140251,1.140641,1.140251,1.140641,0.000000
2026-07-13 00:00:00+00:00,1.140771,1.140771,1.140381,1.140381,0.000000
2026-07-13 00:15:00+00:00,1.140381,1.140641,1.140121,1.140511,0.000000
2026-07-13 00:30:00+00:00,1.140511,1.140641,1.139861,1.139861,0.000000
2026-07-13 00:45:00+00:00,1.139991,1.140121,1.139861,1.139861,0.000000
2026-07-13 01:00:00+00:00,1.139861,1.139861,1.139341,1.139471,0.000000
2026-07-13 01:15:00+00:00,1.139471,1.139601,1.138952,1.139082,0.000000
2026-07-13 01:30:00+00:00,1.139212,1.139861,1.139212,1.139861,0.000000
2026-07-13 01:45:00+00:00,1.139861,1.139991,1.139731,1.139991,0.000000
2026-07-13 02:00:00+00:00,1.140121,1.140121,1.139731,1.139861,0.000000
2026-07-13 02:15:00+00:00,1.139731,1.139991,1.139731,1.139731,0.000000
2026-07-13 02:30:00+00:00,1.139861,1.140251,1.139861,1.140251,0.000000
2026-07-13 02:45:00+00:00,1.140251,1.140251,1.139861,1.139861,0.000000
2026-07-13 03:00:00+00:00,1.139861,1.139861,1.139471,1.139471,0.000000
2026-07-13 03:15:00+00:00,1.139601,1.139861,1.139601,1.139731,0.000000
2026-07-13 03:30:00+00:00,1.139861,1.139991,1.139861,1.139991,0.000000
2026-07-13 03:45:00+00:00,1.139991,1.140121,1.139861,1.140121,0.000000
2026-07-13 04:00:00+00:00,1.140251,1.140251,1.139991,1.140121,0.000000
2026-07-13 04:15:00+00:00,1.140251,1.140251,1.140121,1.140251,0.000000
2026-07-13 04:30:00+00:00,1.140511,1.140641,1.140381,1.140381,0.000000
2026-07-13 04:45:00+00:00,1.140381,1.140771,1.140381,1.140771,0.000000
2026-07-13 05:00:00+00:00,1.140771,1.141162,1.140771,1.141162,0.000000
2026-07-13 05:15:00+00:00,1.141162,1.141162,1.140511,1.140511,0.000000
2026-07-13 05:30:00+00:00,1.140511,1.140641,1.140381,1.140511,0.000000
2026-07-13 05:45:00+00:00,1.140381,1.140771,1.140121,1.140121,0.000000
2026-07-13 06:00:00+00:00,1.140251,1.140251,1.139991,1.139991,0.000000
2026-07-13 06:15:00+00:00,1.139991,1.140511,1.139991,1.140511,0.000000
2026-07-13 06:30:00+00:00,1.140641,1.141032,1.140641,1.140901,0.000000
2026-07-13 06:45:00+00:00,1.140771,1.141032,1.140381,1.140381,0.000000
2026-07-13 07:00:00+00:00,1.140511,1.141292,1.140511,1.141032,0.000000
2026-07-13 07:15:00+00:00,1.141162,1.141162,1.141032,1.141162,0.000000
2026-07-13 07:30:00+00:00,1.141162,1.142465,1.141032,1.142074,0.000000
2026-07-13 07:45:00+00:00,1.141944,1.142857,1.141944,1.142727,0.000000
2026-07-13 08:00:00+00:00,1.142727,1.144558,1.142727,1.144296,0.000000
2026-07-13 08:15:00+00:00,1.144427,1.144951,1.144165,1.144165,0.000000
2026-07-13 08:30:00+00:00,1.144165,1.144427,1.143903,1.144296,0.000000
2026-07-13 08:45:00+00:00,1.144296,1.144296,1.143903,1.143903,0.000000
2026-07-13 09:00:00+00:00,1.143903,1.144034,1.143511,1.143511,0.000000
2026-07-13 09:15:00+00:00,1.143511,1.143641,1.143249,1.143511,0.000000
2026-07-13 09:30:00+00:00,1.143511,1.143641,1.143118,1.143249,0.000000
2026-07-13 09:45:00+00:00,1.143249,1.143380,1.143118,1.143380,0.000000
2026-07-13 10:00:00+00:00,1.143511,1.143772,1.143380,1.143511,0.000000
2026-07-13 10:15:00+00:00,1.143511,1.143511,1.143249,1.143249,0.000000
2026-07-13 10:30:00+00:00,1.143249,1.143380,1.142988,1.143380,0.000000
2026-07-13 10:45:00+00:00,1.143249,1.143903,1.143249,1.143903,0.000000
2026-07-13 11:00:00+00:00,1.143903,1.144034,1.143249,1.143249,0.000000
2026-07-13 11:15:00+00:00,1.143380,1.143380,1.142857,1.143249,0.000000
2026-07-13 11:30:00+00:00,1.143249,1.143380,1.143118,1.143249,0.000000
2026-07-13 11:45:00+00:00,1.143249,1.143380,1.143118,1.143118,0.000000
2026-07-13 12:00:00+00:00,1.143118,1.143249,1.142465,1.142596,0.000000
2026-07-13 12:15:00+00:00,1.142596,1.142857,1.142465,1.142727,0.000000
2026-07-13 12:30:00+00:00,1.142727,1.143249,1.142727,1.142988,0.000000
2026-07-13 12:45:00+00:00,1.142857,1.143249,1.142727,1.143249,0.000000
2026-07-13 13:00:00+00:00,1.143511,1.143511,1.142988,1.142988,0.000000
2026-07-13 13:15:00+00:00,1.142988,1.142988,1.142727,1.142857,0.000000
2026-07-13 13:30:00+00:00,1.142727,1.143118,1.142335,1.142465,0.000000
2026-07-13 13:45:00+00:00,1.142335,1.142465,1.141813,1.141813,0.000000
2026-07-13 14:00:00+00:00,1.141813,1.141813,1.141422,1.141683,0.000000
2026-07-13 14:15:00+00:00,1.141683,1.141683,1.140641,1.141032,0.000000
2026-07-13 14:30:00+00:00,1.141162,1.141162,1.140251,1.140511,0.000000
2026-07-13 14:45:00+00:00,1.140641,1.140901,1.140121,1.140641,0.000000
2026-07-13 15:00:00+00:00,1.140901,1.140901,1.140121,1.140121,0.000000
2026-07-13 15:15:00+00:00,1.140121,1.140511,1.139991,1.140251,0.000000
2026-07-13 15:30:00+00:00,1.140251,1.140381,1.139991,1.140251,0.000000
2026-07-13 15:45:00+00:00,1.140381,1.140641,1.140121,1.140641,0.000000
2026-07-13 16:00:00+00:00,1.140511,1.140511,1.140381,1.140381,0.000000
2026-07-13 16:15:00+00:00,1.140511,1.140511,1.139601,1.139601,0.000000
2026-07-13 16:30:00+00:00,1.139341,1.139341,1.138693,1.139212,0.000000
2026-07-13 16:45:00+00:00,1.139341,1.139341,1.138822,1.139082,0.000000
2026-07-13 17:00:00+00:00,1.139212,1.139341,1.138952,1.139082,0.000000
2026-07-13 17:15:00+00:00,1.139082,1.139212,1.138952,1.139082,0.000000
2026-07-13 17:30:00+00:00,1.139082,1.139212,1.138952,1.139212,0.000000
2026-07-13 17:45:00+00:00,1.139212,1.139341,1.138952,1.138952,0.000000
2026-07-13 18:00:00+00:00,1.138952,1.139212,1.138822,1.139082,0.000000
2026-07-13 18:15:00+00:00,1.138952,1.139082,1.138952,1.138952,0.000000
2026-07-13 18:30:00+00:00,1.138952,1.139212,1.138952,1.139082,0.000000
2026-07-13 18:45:00+00:00,1.139082,1.139082,1.138952,1.138952,0.000000
2026-07-13 19:00:00+00:00,1.139082,1.139082,1.138563,1.138563,0.000000
2026-07-13 19:15:00+00:00,1.138563,1.138693,1.138563,1.138693,0.000000
2026-07-13 19:30:00+00:00,1.138693,1.138822,1.138563,1.138693,0.000000
2026-07-13 19:45:00+00:00,1.138693,1.138693,1.138563,1.138563,0.000000
2026-07-13 20:00:00+00:00,1.138693,1.138822,1.138304,1.138304,0.000000
2026-07-13 20:15:00+00:00,1.138304,1.138304,1.138174,1.138174,0.000000
2026-07-13 20:30:00+00:00,1.138304,1.138304,1.138174,1.138304,0.000000
2026-07-13 20:45:00+00:00,1.138304,1.138433,1.138174,1.138433,0.000000
2026-07-13 21:00:00+00:00,1.139341,1.139341,1.138174,1.138563,0.000000
2026-07-13 21:15:00+00:00,1.138563,1.139082,1.138563,1.138563,0.000000
2026-07-13 21:30:00+00:00,1.138693,1.139082,1.138563,1.138563,0.000000
2026-07-13 21:45:00+00:00,1.138693,1.138952,1.138433,1.138433,0.000000
2026-07-13 22:00:00+00:00,1.138563,1.138693,1.138433,1.138563,0.000000
2026-07-13 22:15:00+00:00,1.138693,1.138693,1.138693,1.138693,0.000000
2026-07-13 22:30:00+00:00,1.138693,1.138822,1.138693,1.138822,0.000000
2026-07-13 22:45:00+00:00,1.138822,1.138822,1.138433,1.138433,0.000000
2026-07-13 23:00:00+00:00,1.138433,1.138563,1.138433,1.138563,0.000000
2026-07-13 23:15:00+00:00,1.138433,1.138563,1.138304,1.138433,0.000000
2026-07-13 23:30:00+00:00,1.138433,1.138693,1.138433,1.138563,0.000000
2026-07-13 23:45:00+00:00,1.138693,1.138693,1.138563,1.138563,0.000000
2026-07-14 00:00:00+00:00,1.138693,1.138822,1.138563,1.138822,0.000000
2026-07-14 00:15:00+00:00,1.138822,1.138822,1.138174,1.138304,0.000000
2026-07-14 00:30:00+00:00,1.138304,1.138822,1.138304,1.138822,0.000000
2026-07-14 00:45:00+00:00,1.138952,1.139212,1.138952,1.138952,0.000000
2026-07-14 01:00:00+00:00,1.138822,1.139082,1.138822,1.138952,0.000000
2026-07-14 01:15:00+00:00,1.139082,1.139212,1.138822,1.138822,0.000000
2026-07-14 01:30:00+00:00,1.138822,1.139082,1.138822,1.139082,0.000000
2026-07-14 01:45:00+00:00,1.139082,1.139341,1.138952,1.139212,0.000000
2026-07-14 02:00:00+00:00,1.139212,1.139341,1.139212,1.139341,0.000000
2026-07-14 02:15:00+00:00,1.139341,1.139731,1.139341,1.139731,0.000000
2026-07-14 02:30:00+00:00,1.139731,1.139731,1.139601,1.139601,0.000000
2026-07-14 02:45:00+00:00,1.139601,1.139601,1.139471,1.139471,0.000000
2026-07-14 03:00:00+00:00,1.139471,1.139601,1.139212,1.139471,0.000000
2026-07-14 03:15:00+00:00,1.139471,1.139601,1.139212,1.139601,0.000000
2026-07-14 03:30:00+00:00,1.139601,1.139861,1.139601,1.139731,0.000000
2026-07-14 03:45:00+00:00,1.139731,1.139861,1.139731,1.139731,0.000000
2026-07-14 04:00:00+00:00,1.139731,1.139731,1.139471,1.139601,0.000000
2026-07-14 04:15:00+00:00,1.139601,1.139731,1.139601,1.139731,0.000000
2026-07-14 04:30:00+00:00,1.139601,1.139731,1.139471,1.139471,0.000000
2026-07-14 04:45:00+00:00,1.139601,1.139601,1.139082,1.139341,0.000000
2026-07-14 05:00:00+00:00,1.139471,1.139601,1.139471,1.139601,0.000000
2026-07-14 05:15:00+00:00,1.139601,1.139731,1.139601,1.139731,0.000000
2026-07-14 05:30:00+00:00,1.139731,1.139861,1.139601,1.139731,0.000000
2026-07-14 05:45:00+00:00,1.139731,1.139731,1.139471,1.139471,0.000000
2026-07-14 06:00:00+00:00,1.139471,1.139471,1.139212,1.139212,0.000000
2026-07-14 06:15:00+00:00,1.139212,1.139212,1.138952,1.138952,0.000000
2026-07-14 06:30:00+00:00,1.139082,1.139731,1.139082,1.139212,0.000000
2026-07-14 06:45:00+00:00,1.139082,1.139082,1.138822,1.138952,0.000000
2026-07-14 07:00:00+00:00,1.138822,1.139212,1.138822,1.139082,0.000000
2026-07-14 07:15:00+00:00,1.138952,1.139731,1.138952,1.139731,0.000000
2026-07-14 07:30:00+00:00,1.139601,1.139601,1.139341,1.139341,0.000000
2026-07-14 07:45:00+00:00,1.139601,1.139991,1.139601,1.139861,0.000000
2026-07-14 08:00:00+00:00,1.139861,1.140121,1.139731,1.140121,0.000000
2026-07-14 08:15:00+00:00,1.139991,1.140251,1.139991,1.140251,0.000000
2026-07-14 08:30:00+00:00,1.140381,1.140901,1.140121,1.140901,0.000000
2026-07-14 08:45:00+00:00,1.140901,1.140901,1.140381,1.140381,0.000000
2026-07-14 09:00:00+00:00,1.140251,1.140771,1.140251,1.140641,0.000000
2026-07-14 09:15:00+00:00,1.140641,1.140641,1.140121,1.140251,0.000000
2026-07-14 09:30:00+00:00,1.140121,1.140121,1.139861,1.139861,0.000000
2026-07-14 09:45:00+00:00,1.139861,1.140641,1.139861,1.140381,0.000000
2026-07-14 10:00:00+00:00,1.140381,1.140511,1.140121,1.140121,0.000000
2026-07-14 10:15:00+00:00,1.140121,1.140251,1.139731,1.139861,0.000000
2026-07-14 10:30:00+00:00,1.139861,1.139991,1.139731,1.139731,0.000000
2026-07-14 10:45:00+00:00,1.139861,1.139861,1.139471,1.139471,0.000000
2026-07-14 11:00:00+00:00,1.139471,1.140121,1.139341,1.139601,0.000000
2026-07-14 11:15:00+00:00,1.139731,1.139991,1.139601,1.139861,0.000000
2026-07-14 11:30:00+00:00,1.139991,1.140771,1.139861,1.140771,0.000000
2026-07-14 11:45:00+00:00,1.140511,1.141162,1.140511,1.141032,0.000000
2026-07-14 12:00:00+00:00,1.140901,1.141032,1.140771,1.140901,0.000000
2026-07-14 12:15:00+00:00,1.140901,1.141813,1.140771,1.141813,0.000000
2026-07-14 12:30:00+00:00,1.144951,1.146263,1.144296,1.146132,0.000000
2026-07-14 12:45:00+00:00,1.146000,1.146132,1.144689,1.144689,0.000000
2026-07-14 13:00:00+00:00,1.144820,1.145738,1.144820,1.144820,0.000000
2026-07-14 13:15:00+00:00,1.144820,1.145475,1.144820,1.145344,0.000000
2026-07-14 13:30:00+00:00,1.145344,1.145607,1.145082,1.145607,0.000000
2026-07-14 13:45:00+00:00,1.145607,1.145738,1.145213,1.145607,0.000000
2026-07-14 14:00:00+00:00,1.145344,1.146132,1.145344,1.145869,0.000000
2026-07-14 14:15:00+00:00,1.145869,1.145869,1.144820,1.144951,0.000000
2026-07-14 14:30:00+00:00,1.144689,1.145344,1.144558,1.144951,0.000000
2026-07-14 14:45:00+00:00,1.145213,1.145344,1.144427,1.144820,0.000000
2026-07-14 15:00:00+00:00,1.144820,1.145475,1.144689,1.145213,0.000000
2026-07-14 15:15:00+00:00,1.145213,1.145213,1.144427,1.144427,0.000000
2026-07-14 15:30:00+00:00,1.144427,1.144558,1.143641,1.143641,0.000000
2026-07-14 15:45:00+00:00,1.143641,1.143903,1.142988,1.142988,0.000000
2026-07-14 16:00:00+00:00,1.143118,1.143118,1.142857,1.143118,0.000000
2026-07-14 16:15:00+00:00,1.143118,1.143380,1.142988,1.143249,0.000000
2026-07-14 16:30:00+00:00,1.143380,1.143772,1.143380,1.143641,0.000000
2026-07-14 16:45:00+00:00,1.143511,1.143641,1.143380,1.143641,0.000000
2026-07-14 17:00:00+00:00,1.143511,1.143641,1.142857,1.142857,0.000000
2026-07-14 17:15:00+00:00,1.142596,1.142988,1.142335,1.142857,0.000000
2026-07-14 17:30:00+00:00,1.142857,1.142988,1.142727,1.142857,0.000000
2026-07-14 17:45:00+00:00,1.142988,1.143118,1.142596,1.142596,0.000000
2026-07-14 18:00:00+00:00,1.142727,1.142857,1.142596,1.142727,0.000000
2026-07-14 18:15:00+00:00,1.142727,1.142857,1.142465,1.142465,0.000000
2026-07-14 18:30:00+00:00,1.142465,1.142596,1.142074,1.142074,0.000000
2026-07-14 18:45:00+00:00,1.142204,1.142596,1.142204,1.142596,0.000000
2026-07-14 19:00:00+00:00,1.142727,1.142857,1.142596,1.142857,0.000000
2026-07-14 19:15:00+00:00,1.142857,1.142857,1.142727,1.142857,0.000000
2026-07-14 19:30:00+00:00,1.142727,1.142727,1.142596,1.142596,0.000000
2026-07-14 19:45:00+00:00,1.142596,1.142727,1.142465,1.142465,0.000000
2026-07-14 20:00:00+00:00,1.142335,1.142596,1.142204,1.142465,0.000000
2026-07-14 20:15:00+00:00,1.142335,1.142465,1.142335,1.142335,0.000000
2026-07-14 20:30:00+00:00,1.142204,1.142465,1.142204,1.142335,0.000000
2026-07-14 20:45:00+00:00,1.142335,1.142465,1.142335,1.142335,0.000000
2026-07-14 21:00:00+00:00,1.142465,1.143118,1.142465,1.142857,0.000000
2026-07-14 21:15:00+00:00,1.142857,1.142988,1.142335,1.142857,0.000000
2026-07-14 21:30:00+00:00,1.142727,1.142857,1.142465,1.142596,0.000000
2026-07-14 21:45:00+00:00,1.142335,1.142727,1.142204,1.142596,0.000000
2026-07-14 22:00:00+00:00,1.142465,1.142465,1.142074,1.142204,0.000000
2026-07-14 22:15:00+00:00,1.142204,1.142335,1.142204,1.142335,0.000000
2026-07-14 22:30:00+00:00,1.142335,1.142465,1.142335,1.142465,0.000000
2026-07-14 22:45:00+00:00,1.142465,1.142465,1.142204,1.142465,0.000000
2026-07-14 23:00:00+00:00,1.142335,1.142596,1.142335,1.142465,0.000000
2026-07-14 23:15:00+00:00,1.142465,1.142596,1.142465,1.142596,0.000000
2026-07-14 23:30:00+00:00,1.142596,1.142727,1.142465,1.142727,0.000000
2026-07-14 23:45:00+00:00,1.142727,1.142857,1.142727,1.142727,0.000000
2026-07-15 00:00:00+00:00,1.142727,1.142988,1.142727,1.142857,0.000000
2026-07-15 00:15:00+00:00,1.142988,1.143249,1.142857,1.143249,0.000000
2026-07-15 00:30:00+00:00,1.143380,1.143380,1.142988,1.142988,0.000000
2026-07-15 00:45:00+00:00,1.142988,1.143772,1.142988,1.143772,0.000000
2026-07-15 01:00:00+00:00,1.143772,1.143903,1.143511,1.143903,0.000000
2026-07-15 01:15:00+00:00,1.143903,1.144034,1.143903,1.143903,0.000000
2026-07-15 01:30:00+00:00,1.143903,1.144034,1.143641,1.143641,0.000000
2026-07-15 01:45:00+00:00,1.143772,1.143903,1.143641,1.143903,0.000000
2026-07-15 02:00:00+00:00,1.143903,1.144296,1.143772,1.144034,0.000000
2026-07-15 02:15:00+00:00,1.143903,1.143903,1.143641,1.143772,0.000000
2026-07-15 02:30:00+00:00,1.143903,1.144427,1.143903,1.144427,0.000000
2026-07-15 02:45:00+00:00,1.144427,1.144427,1.144296,1.144427,0.000000
2026-07-15 03:00:00+00:00,1.144296,1.144558,1.144165,1.144165,0.000000
2026-07-15 03:15:00+00:00,1.144034,1.144034,1.143772,1.143772,0.000000
2026-07-15 03:30:00+00:00,1.143772,1.144034,1.143772,1.143772,0.000000
2026-07-15 03:45:00+00:00,1.143772,1.144165,1.143772,1.144165,0.000000
2026-07-15 04:00:00+00:00,1.144165,1.144165,1.144034,1.144034,0.000000
2026-07-15 04:15:00+00:00,1.144034,1.144296,1.144034,1.144296,0.000000
2026-07-15 04:30:00+00:00,1.144165,1.144427,1.144034,1.144165,0.000000
2026-07-15 04:45:00+00:00,1.144165,1.144296,1.144034,1.144034,0.000000
2026-07-15 05:00:00+00:00,1.144034,1.144034,1.143903,1.144034,0.000000
2026-07-15 05:15:00+00:00,1.144034,1.144165,1.144034,1.144034,0.000000
2026-07-15 05:30:00+00:00,1.144034,1.144427,1.144034,1.144427,0.000000
2026-07-15 05:45:00+00:00,1.144427,1.144689,1.144427,1.144427,0.000000
2026-07-15 06:00:00+00:00,1.144427,1.144558,1.144296,1.144296,0.000000
2026-07-15 06:15:00+00:00,1.144296,1.144689,1.144296,1.144558,0.000000
2026-07-15 06:30:00+00:00,1.144558,1.144558,1.144165,1.144165,0.000000
2026-07-15 06:45:00+00:00,1.144165,1.144165,1.143249,1.143249,0.000000
2026-07-15 07:00:00+00:00,1.143249,1.143511,1.142988,1.143380,0.000000
2026-07-15 07:15:00+00:00,1.143380,1.143380,1.142335,1.142335,0.000000
2026-07-15 07:30:00+00:00,1.142596,1.142727,1.142596,1.142596,0.000000
2026-07-15 07:45:00+00:00,1.142596,1.142857,1.142596,1.142596,0.000000
2026-07-15 08:00:00+00:00,1.142727,1.143118,1.142596,1.142596,0.000000
2026-07-15 08:15:00+00:00,1.142596,1.142857,1.142596,1.142727,0.000000
2026-07-15 08:30:00+00:00,1.142857,1.142988,1.142727,1.142727,0.000000
2026-07-15 08:45:00+00:00,1.142857,1.142857,1.142465,1.142727,0.000000
2026-07-15 09:00:00+00:00,1.142727,1.142857,1.142465,1.142857,0.000000
2026-07-15 09:15:00+00:00,1.142727,1.142857,1.142596,1.142596,0.000000
2026-07-15 09:30:00+00:00,1.142596,1.142596,1.142204,1.142465,0.000000
2026-07-15 09:45:00+00:00,1.142465,1.142465,1.142074,1.142074,0.000000
2026-07-15 10:00:00+00:00,1.142074,1.142204,1.141683,1.141813,0.000000
2026-07-15 10:15:00+00:00,1.141813,1.142074,1.141553,1.141683,0.000000
2026-07-15 10:30:00+00:00,1.141683,1.141813,1.141422,1.141422,0.000000
2026-07-15 10:45:00+00:00,1.141553,1.141813,1.141553,1.141553,0.000000
2026-07-15 11:00:00+00:00,1.141944,1.142204,1.141944,1.142074,0.000000
2026-07-15 11:15:00+00:00,1.142074,1.142074,1.141944,1.141944,0.000000
2026-07-15 11:30:00+00:00,1.141944,1.142204,1.141944,1.141944,0.000000
2026-07-15 11:45:00+00:00,1.141813,1.141813,1.141422,1.141683,0.000000
2026-07-15 12:00:00+00:00,1.141683,1.141813,1.141032,1.141162,0.000000
2026-07-15 12:15:00+00:00,1.141292,1.141683,1.141162,1.141553,0.000000
2026-07-15 12:30:00+00:00,1.142074,1.142857,1.142074,1.142857,0.000000
2026-07-15 12:45:00+00:00,1.142857,1.143249,1.142857,1.143249,0.000000
2026-07-15 13:00:00+00:00,1.143118,1.143641,1.143118,1.143118,0.000000
2026-07-15 13:15:00+00:00,1.143118,1.143511,1.142727,1.142857,0.000000
2026-07-15 13:30:00+00:00,1.142727,1.143118,1.142727,1.142988,0.000000
2026-07-15 13:45:00+00:00,1.142988,1.143772,1.142988,1.143641,0.000000
2026-07-15 14:00:00+00:00,1.143511,1.143772,1.143380,1.143511,0.000000
2026-07-15 14:15:00+00:00,1.143641,1.143903,1.143380,1.143511,0.000000
2026-07-15 14:30:00+00:00,1.143641,1.144034,1.143641,1.144034,0.000000
2026-07-15 14:45:00+00:00,1.144296,1.144427,1.143772,1.143903,0.000000
2026-07-15 15:00:00+00:00,1.144034,1.144427,1.144034,1.144165,0.000000
2026-07-15 15:15:00+00:00,1.143903,1.144296,1.143772,1.144165,0.000000
2026-07-15 15:30:00+00:00,1.144296,1.144296,1.143511,1.143772,0.000000
2026-07-15 15:45:00+00:00,1.143772,1.144034,1.143511,1.143903,0.000000
2026-07-15 16:00:00+00:00,1.143903,1.143903,1.143380,1.143772,0.000000
2026-07-15 16:15:00+00:00,1.143772,1.144296,1.143772,1.144296,0.000000
2026-07-15 16:30:00+00:00,1.144165,1.144165,1.143772,1.143772,0.000000
2026-07-15 16:45:00+00:00,1.143903,1.144558,1.143772,1.144558,0.000000
2026-07-15 17:00:00+00:00,1.144558,1.145344,1.144558,1.145213,0.000000
2026-07-15 17:15:00+00:00,1.145213,1.145869,1.145213,1.145869,0.000000
2026-07-15 17:30:00+00:00,1.146000,1.147315,1.146000,1.147315,0.000000
2026-07-15 17:45:00+00:00,1.147184,1.147710,1.147184,1.147710,0.000000
2026-07-15 18:00:00+00:00,1.147710,1.147974,1.147579,1.147579,0.000000
2026-07-15 18:15:00+00:00,1.147579,1.148106,1.147579,1.148106,0.000000
2026-07-15 18:30:00+00:00,1.148237,1.148369,1.147842,1.147842,0.000000
2026-07-15 18:45:00+00:00,1.147579,1.147710,1.147184,1.147184,0.000000
2026-07-15 19:00:00+00:00,1.146920,1.147710,1.146920,1.147710,0.000000
2026-07-15 19:15:00+00:00,1.147710,1.147710,1.147447,1.147710,0.000000
2026-07-15 19:30:00+00:00,1.147579,1.147579,1.146657,1.146657,0.000000
2026-07-15 19:45:00+00:00,1.146657,1.146789,1.146526,1.146789,0.000000
2026-07-15 20:00:00+00:00,1.146789,1.146789,1.146395,1.146395,0.000000
2026-07-15 20:15:00+00:00,1.146526,1.146657,1.146526,1.146657,0.000000
2026-07-15 20:30:00+00:00,1.146789,1.146789,1.146526,1.146526,0.000000
2026-07-15 20:45:00+00:00,1.146657,1.146789,1.146657,1.146657,0.000000
2026-07-15 21:00:00+00:00,1.146789,1.147315,1.146395,1.146920,0.000000
2026-07-15 21:15:00+00:00,1.146920,1.147052,1.146657,1.146920,0.000000
2026-07-15 21:30:00+00:00,1.146920,1.147052,1.146657,1.146789,0.000000
2026-07-15 21:45:00+00:00,1.146920,1.147184,1.146657,1.146789,0.000000
2026-07-15 22:00:00+00:00,1.146920,1.147052,1.146920,1.147052,0.000000
2026-07-15 22:15:00+00:00,1.147052,1.147052,1.146920,1.147052,0.000000
2026-07-15 22:30:00+00:00,1.147052,1.147184,1.147052,1.147052,0.000000
2026-07-15 22:45:00+00:00,1.147052,1.147052,1.146920,1.146920,0.000000
2026-07-15 23:00:00+00:00,1.147184,1.147184,1.147052,1.147184,0.000000
2026-07-15 23:15:00+00:00,1.147184,1.147315,1.147184,1.147315,0.000000
2026-07-15 23:30:00+00:00,1.147315,1.147315,1.147184,1.147315,0.000000
2026-07-15 23:45:00+00:00,1.147447,1.147447,1.147315,1.147315,0.000000
2026-07-16 00:00:00+00:00,1.147315,1.147710,1.147315,1.147710,0.000000
2026-07-16 00:15:00+00:00,1.147710,1.147710,1.147315,1.147579,0.000000
2026-07-16 00:30:00+00:00,1.147447,1.147579,1.147184,1.147315,0.000000
2026-07-16 00:45:00+00:00,1.147315,1.147710,1.147052,1.147710,0.000000
2026-07-16 01:00:00+00:00,1.147710,1.147710,1.147447,1.147579,0.000000
2026-07-16 01:15:00+00:00,1.147579,1.147579,1.147184,1.147447,0.000000
2026-07-16 01:30:00+00:00,1.147315,1.147315,1.146920,1.147052,0.000000
2026-07-16 01:45:00+00:00,1.147052,1.147052,1.146789,1.146920,0.000000
2026-07-16 02:00:00+00:00,1.146920,1.146920,1.146395,1.146395,0.000000
2026-07-16 02:15:00+00:00,1.146395,1.146789,1.146395,1.146657,0.000000
2026-07-16 02:30:00+00:00,1.146789,1.146789,1.146526,1.146657,0.000000
2026-07-16 02:45:00+00:00,1.146657,1.146789,1.146526,1.146789,0.000000
2026-07-16 03:00:00+00:00,1.146789,1.147052,1.146657,1.146789,0.000000
2026-07-16 03:15:00+00:00,1.146920,1.147184,1.146920,1.147184,0.000000
2026-07-16 03:30:00+00:00,1.147184,1.147184,1.147052,1.147052,0.000000
2026-07-16 03:45:00+00:00,1.147052,1.147052,1.146920,1.146920,0.000000
2026-07-16 04:00:00+00:00,1.146920,1.146920,1.146789,1.146789,0.000000
2026-07-16 04:15:00+00:00,1.146789,1.146789,1.146657,1.146657,0.000000
2026-07-16 04:30:00+00:00,1.146657,1.147052,1.146657,1.146920,0.000000
2026-07-16 04:45:00+00:00,1.146920,1.146920,1.146920,1.146920,0.000000
2026-07-16 05:00:00+00:00,1.146920,1.147052,1.146920,1.147052,0.000000
2026-07-16 05:15:00+00:00,1.147052,1.147184,1.147052,1.147052,0.000000
2026-07-16 05:30:00+00:00,1.147052,1.147184,1.147052,1.147052,0.000000
2026-07-16 05:45:00+00:00,1.147052,1.147052,1.146657,1.146657,0.000000
2026-07-16 06:00:00+00:00,1.146789,1.147184,1.146789,1.147184,0.000000
2026-07-16 06:15:00+00:00,1.147184,1.147184,1.146920,1.147184,0.000000
2026-07-16 06:30:00+00:00,1.147184,1.147184,1.146920,1.146920,0.000000
2026-07-16 06:45:00+00:00,1.147052,1.147447,1.146920,1.147184,0.000000
2026-07-16 07:00:00+00:00,1.147184,1.147184,1.147052,1.147184,0.000000
2026-07-16 07:15:00+00:00,1.147184,1.147579,1.147184,1.147184,0.000000
2026-07-16 07:30:00+00:00,1.147315,1.147579,1.147184,1.147447,0.000000
2026-07-16 07:45:00+00:00,1.147447,1.147974,1.147184,1.147315,0.000000
2026-07-16 08:00:00+00:00,1.147184,1.147447,1.146789,1.146789,0.000000
2026-07-16 08:15:00+00:00,1.146789,1.147052,1.146657,1.146789,0.000000
2026-07-16 08:30:00+00:00,1.146920,1.147184,1.146920,1.147184,0.000000
2026-07-16 08:45:00+00:00,1.147052,1.147052,1.146657,1.146920,0.000000
2026-07-16 09:00:00+00:00,1.146920,1.146920,1.146657,1.146789,0.000000
2026-07-16 09:15:00+00:00,1.146920,1.147052,1.146657,1.146657,0.000000
2026-07-16 09:30:00+00:00,1.146657,1.146789,1.146395,1.146657,0.000000
2026-07-16 09:45:00+00:00,1.146789,1.147052,1.146789,1.146920,0.000000
2026-07-16 10:00:00+00:00,1.146920,1.146920,1.146789,1.146920,0.000000
2026-07-16 10:15:00+00:00,1.146920,1.147184,1.146920,1.146920,0.000000
2026-07-16 10:30:00+00:00,1.146920,1.146920,1.146657,1.146789,0.000000
2026-07-16 10:45:00+00:00,1.146789,1.146920,1.146395,1.146395,0.000000
2026-07-16 11:00:00+00:00,1.146263,1.146526,1.146263,1.146395,0.000000
2026-07-16 11:15:00+00:00,1.146395,1.146657,1.146132,1.146263,0.000000
2026-07-16 11:30:00+00:00,1.146395,1.146920,1.146395,1.146920,0.000000
2026-07-16 11:45:00+00:00,1.146789,1.147184,1.146526,1.147184,0.000000
2026-07-16 12:00:00+00:00,1.147184,1.147315,1.146789,1.146789,0.000000
2026-07-16 12:15:00+00:00,1.146789,1.146789,1.146526,1.146657,0.000000
2026-07-16 12:30:00+00:00,1.146657,1.146789,1.145738,1.145738,0.000000
2026-07-16 12:45:00+00:00,1.145607,1.145869,1.145082,1.145082,0.000000
2026-07-16 13:00:00+00:00,1.145082,1.145607,1.144951,1.145607,0.000000
2026-07-16 13:15:00+00:00,1.145607,1.146132,1.145344,1.146132,0.000000
2026-07-16 13:30:00+00:00,1.146263,1.146263,1.145869,1.145869,0.000000
2026-07-16 13:45:00+00:00,1.145607,1.145869,1.145475,1.145475,0.000000
2026-07-16 14:00:00+00:00,1.145344,1.145738,1.144951,1.145082,0.000000
2026-07-16 14:15:00+00:00,1.145082,1.145475,1.145082,1.145344,0.000000
2026-07-16 14:30:00+00:00,1.145344,1.145475,1.144689,1.144689,0.000000
2026-07-16 14:45:00+00:00,1.144951,1.144951,1.144296,1.144689,0.000000
2026-07-16 15:00:00+00:00,1.144558,1.144558,1.144034,1.144427,0.000000
2026-07-16 15:15:00+00:00,1.144558,1.144558,1.144427,1.144427,0.000000
2026-07-16 15:30:00+00:00,1.144296,1.144951,1.144296,1.144951,0.000000
2026-07-16 15:45:00+00:00,1.145082,1.145213,1.144951,1.144951,0.000000
2026-07-16 16:00:00+00:00,1.145082,1.145082,1.144427,1.144558,0.000000
2026-07-16 16:15:00+00:00,1.144558,1.144689,1.143903,1.143903,0.000000
2026-07-16 16:30:00+00:00,1.144034,1.144165,1.143772,1.143903,0.000000
2026-07-16 16:45:00+00:00,1.144034,1.144034,1.143772,1.143772,0.000000
2026-07-16 17:00:00+00:00,1.143772,1.143772,1.143511,1.143511,0.000000
2026-07-16 17:15:00+00:00,1.143511,1.143772,1.143511,1.143772,0.000000
2026-07-16 17:30:00+00:00,1.143772,1.143903,1.143511,1.143772,0.000000
2026-07-16 17:45:00+00:00,1.143772,1.144165,1.143772,1.144034,0.000000
2026-07-16 18:00:00+00:00,1.144034,1.144165,1.143772,1.144165,0.000000
2026-07-16 18:15:00+00:00,1.144034,1.144165,1.144034,1.144034,0.000000
2026-07-16 18:30:00+00:00,1.144034,1.144034,1.143903,1.144034,0.000000
2026-07-16 18:45:00+00:00,1.144034,1.144165,1.144034,1.144165,0.000000
2026-07-16 19:00:00+00:00,1.144165,1.144296,1.144165,1.144165,0.000000
2026-07-16 19:15:00+00:00,1.144165,1.144165,1.143772,1.143903,0.000000
2026-07-16 19:30:00+00:00,1.143772,1.144165,1.143772,1.144165,0.000000
2026-07-16 19:45:00+00:00,1.144034,1.144427,1.144034,1.144427,0.000000
2026-07-16 20:00:00+00:00,1.144296,1.144558,1.144296,1.144296,0.000000
2026-07-16 20:15:00+00:00,1.144427,1.144427,1.144165,1.144296,0.000000
2026-07-16 20:30:00+00:00,1.144296,1.144689,1.144296,1.144689,0.000000
2026-07-16 20:45:00+00:00,1.144558,1.144820,1.144558,1.144820,0.000000
2026-07-16 21:00:00+00:00,1.144427,1.144820,1.144296,1.144558,0.000000
2026-07-16 21:15:00+00:00,1.144558,1.144558,1.144296,1.144296,0.000000
2026-07-16 21:30:00+00:00,1.144558,1.144689,1.144296,1.144296,0.000000
2026-07-16 21:45:00+00:00,1.144558,1.144689,1.144427,1.144558,0.000000
2026-07-16 22:00:00+00:00,1.144558,1.144820,1.144558,1.144820,0.000000
2026-07-16 22:15:00+00:00,1.144820,1.144820,1.144689,1.144689,0.000000
2026-07-16 22:30:00+00:00,1.144689,1.144689,1.144689,1.144689,0.000000
2026-07-16 22:45:00+00:00,1.144689,1.144689,1.144558,1.144689,0.000000
2026-07-16 23:00:00+00:00,1.144689,1.144689,1.144558,1.144689,0.000000
2026-07-16 23:15:00+00:00,1.144820,1.144820,1.144689,1.144820,0.000000
2026-07-16 23:30:00+00:00,1.144820,1.144951,1.144820,1.144951,0.000000
2026-07-16 23:45:00+00:00,1.144820,1.144820,1.144689,1.144820,0.000000
2026-07-17 00:00:00+00:00,1.144820,1.144951,1.144689,1.144820,0.000000
2026-07-17 00:15:00+00:00,1.144820,1.144951,1.144558,1.144558,0.000000
2026-07-17 00:30:00+00:00,1.144558,1.144689,1.144427,1.144558,0.000000
2026-07-17 00:45:00+00:00,1.144558,1.144951,1.144558,1.144951,0.000000
2026-07-17 01:00:00+00:00,1.144951,1.145082,1.144689,1.144820,0.000000
2026-07-17 01:15:00+00:00,1.144820,1.144951,1.144820,1.144820,0.000000
2026-07-17 01:30:00+00:00,1.144689,1.144689,1.144558,1.144689,0.000000
2026-07-17 01:45:00+00:00,1.144689,1.144689,1.144165,1.144165,0.000000
2026-07-17 02:00:00+00:00,1.144296,1.144427,1.144296,1.144427,0.000000
2026-07-17 02:15:00+00:00,1.144427,1.144427,1.144296,1.144296,0.000000
2026-07-17 02:30:00+00:00,1.144296,1.144296,1.144034,1.144165,0.000000
2026-07-17 02:45:00+00:00,1.144165,1.144165,1.144034,1.144034,0.000000
2026-07-17 03:00:00+00:00,1.144034,1.144296,1.144034,1.144165,0.000000
2026-07-17 03:15:00+00:00,1.144165,1.144296,1.144165,1.144165,0.000000
2026-07-17 03:30:00+00:00,1.144296,1.144296,1.143903,1.144034,0.000000
2026-07-17 03:45:00+00:00,1.143903,1.144296,1.143903,1.144296,0.000000
2026-07-17 04:00:00+00:00,1.144296,1.144296,1.144165,1.144165,0.000000
2026-07-17 04:15:00+00:00,1.144165,1.144165,1.144034,1.144034,0.000000
2026-07-17 04:30:00+00:00,1.144034,1.144165,1.143903,1.144034,0.000000
2026-07-17 04:45:00+00:00,1.144034,1.144034,1.143903,1.143903,0.000000
2026-07-17 05:00:00+00:00,1.143903,1.144034,1.143903,1.144034,0.000000
2026-07-17 05:15:00+00:00,1.144034,1.144034,1.143903,1.144034,0.000000
2026-07-17 05:30:00+00:00,1.144034,1.144689,1.144034,1.144558,0.000000
2026-07-17 05:45:00+00:00,1.144427,1.144558,1.144296,1.144296,0.000000
2026-07-17 06:00:00+00:00,1.144296,1.144820,1.144296,1.144820,0.000000
2026-07-17 06:15:00+00:00,1.144951,1.145344,1.144951,1.145213,0.000000
2026-07-17 06:30:00+00:00,1.145213,1.145344,1.145213,1.145344,0.000000
2026-07-17 06:45:00+00:00,1.145213,1.145475,1.145213,1.145344,0.000000
2026-07-17 07:00:00+00:00,1.145344,1.145607,1.145082,1.145082,0.000000
2026-07-17 07:15:00+00:00,1.145213,1.145213,1.144689,1.144951,0.000000
2026-07-17 07:30:00+00:00,1.145082,1.145213,1.144820,1.144951,0.000000
2026-07-17 07:45:00+00:00,1.145082,1.145213,1.144951,1.144951,0.000000
2026-07-17 08:00:00+00:00,1.144820,1.145082,1.144558,1.144558,0.000000
2026-07-17 08:15:00+00:00,1.144296,1.144296,1.144034,1.144296,0.000000
2026-07-17 08:30:00+00:00,1.144296,1.144689,1.144296,1.144558,0.000000
2026-07-17 08:45:00+00:00,1.144558,1.144689,1.144296,1.144558,0.000000
2026-07-17 09:00:00+00:00,1.144427,1.144558,1.144034,1.144034,0.000000
2026-07-17 09:15:00+00:00,1.144427,1.144558,1.144296,1.144558,0.000000
2026-07-17 09:30:00+00:00,1.144558,1.144558,1.144034,1.144034,0.000000
2026-07-17 09:45:00+00:00,1.144165,1.144427,1.144034,1.144296,0.000000
2026-07-17 10:00:00+00:00,1.144296,1.144296,1.143903,1.144296,0.000000
2026-07-17 10:15:00+00:00,1.144296,1.144296,1.143511,1.143511,0.000000
2026-07-17 10:30:00+00:00,1.143641,1.143641,1.143380,1.143511,0.000000
2026-07-17 10:45:00+00:00,1.143641,1.143641,1.142988,1.142988,0.000000
2026-07-17 11:00:00+00:00,1.142988,1.143249,1.142857,1.143249,0.000000
2026-07-17 11:15:00+00:00,1.143249,1.143380,1.143118,1.143380,0.000000
2026-07-17 11:30:00+00:00,1.143380,1.143903,1.143380,1.143641,0.000000
2026-07-17 11:45:00+00:00,1.143641,1.143772,1.143249,1.143380,0.000000
2026-07-17 12:00:00+00:00,1.143380,1.143903,1.143380,1.143511,0.000000
2026-07-17 12:15:00+00:00,1.143641,1.143772,1.143511,1.143772,0.000000
2026-07-17 12:30:00+00:00,1.143641,1.143641,1.142988,1.142988,0.000000
2026-07-17 12:45:00+00:00,1.142988,1.143249,1.142988,1.143118,0.000000
2026-07-17 13:00:00+00:00,1.143249,1.143511,1.142988,1.143380,0.000000
2026-07-17 13:15:00+00:00,1.143249,1.143249,1.142857,1.142988,0.000000
2026-07-17 13:30:00+00:00,1.142857,1.143511,1.142857,1.143380,0.000000
2026-07-17 13:45:00+00:00,1.143511,1.144034,1.143511,1.143903,0.000000
2026-07-17 14:00:00+00:00,1.143903,1.144034,1.143641,1.143903,0.000000
2026-07-17 14:15:00+00:00,1.144034,1.144427,1.143903,1.143903,0.000000
2026-07-17 14:30:00+00:00,1.143903,1.144558,1.143903,1.144558,0.000000
2026-07-17 14:45:00+00:00,1.144427,1.144689,1.144165,1.144296,0.000000
2026-07-17 15:00:00+00:00,1.144296,1.144558,1.144165,1.144165,0.000000
2026-07-17 15:15:00+00:00,1.144296,1.144689,1.144296,1.144558,0.000000
2026-07-17 15:30:00+00:00,1.144427,1.144558,1.144165,1.144165,0.000000
2026-07-17 15:45:00+00:00,1.144034,1.144427,1.144034,1.144296,0.000000
2026-07-17 16:00:00+00:00,1.144296,1.144296,1.143772,1.144296,0.000000
2026-07-17 16:15:00+00:00,1.144296,1.144427,1.144165,1.144427,0.000000
2026-07-17 16:30:00+00:00,1.144427,1.144427,1.144296,1.144296,0.000000
2026-07-17 16:45:00+00:00,1.144296,1.144296,1.144034,1.144165,0.000000
2026-07-17 17:00:00+00:00,1.144165,1.144165,1.143772,1.143772,0.000000
2026-07-17 17:15:00+00:00,1.143772,1.143903,1.143641,1.143903,0.000000
2026-07-17 17:30:00+00:00,1.143903,1.143903,1.143772,1.143772,0.000000
2026-07-17 17:45:00+00:00,1.143772,1.143772,1.143772,1.143772,0.000000
2026-07-17 18:00:00+00:00,1.143772,1.143903,1.143772,1.143772,0.000000
2026-07-17 18:15:00+00:00,1.143903,1.144034,1.143772,1.144034,0.000000
2026-07-17 18:30:00+00:00,1.144034,1.144034,1.143903,1.143903,0.000000
2026-07-17 18:45:00+00:00,1.143903,1.144034,1.143903,1.144034,0.000000
2026-07-17 19:00:00+00:00,1.143903,1.144034,1.143903,1.143903,0.000000
2026-07-17 19:15:00+00:00,1.143903,1.144034,1.143772,1.144034,0.000000
2026-07-17 19:30:00+00:00,1.143903,1.144165,1.143772,1.144165,0.000000
2026-07-17 19:45:00+00:00,1.144165,1.144427,1.144165,1.144427,0.000000
2026-07-17 20:00:00+00:00,1.144427,1.144558,1.144296,1.144296,0.000000
2026-07-17 20:15:00+00:00,1.144296,1.144296,1.143903,1.144034,0.000000
2026-07-17 20:30:00+00:00,1.144165,1.144165,1.144034,1.144034,0.000000
2026-07-17 20:45:00+00:00,1.144034,1.144165,1.144034,1.144034,0.000000
2026-07-17 21:00:00+00:00,1.144296,1.144558,1.144296,1.144558,0.000000
2026-07-17 21:15:00+00:00,1.144558,1.144558,1.144558,1.144558,0.000000
2026-07-19 23:00:00+00:00,1.142988,1.142988,1.142857,1.142857,0.000000
2026-07-19 23:15:00+00:00,1.142857,1.142857,1.142727,1.142857,0.000000
2026-07-19 23:30:00+00:00,1.142857,1.142988,1.142857,1.142988,0.000000
2026-07-19 23:45:00+00:00,1.142988,1.143118,1.142857,1.142988,0.000000
2026-07-20 00:00:00+00:00,1.142988,1.143380,1.142988,1.143249,0.000000
2026-07-20 00:15:00+00:00,1.143380,1.143641,1.143380,1.143511,0.000000
2026-07-20 00:30:00+00:00,1.143511,1.143511,1.143380,1.143511,0.000000
2026-07-20 00:45:00+00:00,1.143511,1.143641,1.143511,1.143641,0.000000
2026-07-20 01:00:00+00:00,1.143772,1.143903,1.143511,1.143511,0.000000
2026-07-20 01:15:00+00:00,1.143511,1.143772,1.143511,1.143772,0.000000
2026-07-20 01:30:00+00:00,1.143903,1.143903,1.143511,1.143511,0.000000
2026-07-20 01:45:00+00:00,1.143641,1.143903,1.143641,1.143903,0.000000
2026-07-20 02:00:00+00:00,1.143903,1.144165,1.143903,1.144034,0.000000
2026-07-20 02:15:00+00:00,1.143903,1.144165,1.143903,1.144165,0.000000
2026-07-20 02:30:00+00:00,1.144165,1.144558,1.144165,1.144558,0.000000
2026-07-20 02:45:00+00:00,1.144427,1.144558,1.144296,1.144427,0.000000
2026-07-20 03:00:00+00:00,1.144427,1.144427,1.144296,1.144427,0.000000
2026-07-20 03:15:00+00:00,1.144427,1.144427,1.144427,1.144427,0.000000
2026-07-20 03:30:00+00:00,1.144427,1.144558,1.144427,1.144558,0.000000
2026-07-20 03:45:00+00:00,1.144558,1.144558,1.144558,1.144558,0.000000
2026-07-20 04:00:00+00:00,1.144558,1.144558,1.144427,1.144558,0.000000
2026-07-20 04:15:00+00:00,1.144558,1.144820,1.144558,1.144820,0.000000
2026-07-20 04:30:00+00:00,1.144689,1.144820,1.144689,1.144820,0.000000
2026-07-20 04:45:00+00:00,1.144820,1.144820,1.144689,1.144820,0.000000
2026-07-20 05:00:00+00:00,1.144820,1.144820,1.144558,1.144689,0.000000
2026-07-20 05:15:00+00:00,1.144689,1.144689,1.144558,1.144558,0.000000
2026-07-20 05:30:00+00:00,1.144558,1.144558,1.144427,1.144427,0.000000
2026-07-20 05:45:00+00:00,1.144427,1.144558,1.144296,1.144427,0.000000
2026-07-20 06:00:00+00:00,1.144427,1.144558,1.143903,1.144034,0.000000
2026-07-20 06:15:00+00:00,1.144034,1.144296,1.143903,1.144034,0.000000
2026-07-20 06:30:00+00:00,1.144034,1.144165,1.143772,1.143903,0.000000
2026-07-20 06:45:00+00:00,1.144034,1.144296,1.143772,1.143772,0.000000
2026-07-20 07:00:00+00:00,1.143772,1.144296,1.143772,1.143772,0.000000
2026-07-20 07:15:00+00:00,1.143772,1.144427,1.143772,1.144427,0.000000
2026-07-20 07:30:00+00:00,1.144951,1.145213,1.144689,1.145082,0.000000
2026-07-20 07:45:00+00:00,1.145082,1.145082,1.144558,1.144689,0.000000
2026-07-20 08:00:00+00:00,1.144820,1.144820,1.144558,1.144558,0.000000
2026-07-20 08:15:00+00:00,1.144558,1.144558,1.144165,1.144165,0.000000
2026-07-20 08:30:00+00:00,1.144165,1.144689,1.144165,1.144558,0.000000
2026-07-20 08:45:00+00:00,1.144427,1.144427,1.144165,1.144296,0.000000
2026-07-20 09:00:00+00:00,1.144296,1.144296,1.143641,1.143772,0.000000
2026-07-20 09:15:00+00:00,1.143772,1.143772,1.143380,1.143380,0.000000
2026-07-20 09:30:00+00:00,1.143380,1.143511,1.143249,1.143511,0.000000
2026-07-20 09:45:00+00:00,1.143380,1.143380,1.143118,1.143380,0.000000
2026-07-20 10:00:00+00:00,1.143380,1.143641,1.143249,1.143511,0.000000
2026-07-20 10:15:00+00:00,1.143511,1.143641,1.143511,1.143641,0.000000
2026-07-20 10:30:00+00:00,1.143511,1.143903,1.143511,1.143772,0.000000
2026-07-20 10:45:00+00:00,1.143772,1.143772,1.143511,1.143511,0.000000
2026-07-20 11:00:00+00:00,1.143511,1.143641,1.143249,1.143380,0.000000
2026-07-20 11:15:00+00:00,1.143380,1.143641,1.143380,1.143641,0.000000
2026-07-20 11:30:00+00:00,1.144034,1.144296,1.143903,1.143903,0.000000
2026-07-20 11:45:00+00:00,1.143772,1.143772,1.143249,1.143249,0.000000
2026-07-20 12:00:00+00:00,1.143118,1.143249,1.142465,1.142465,0.000000
2026-07-20 12:15:00+00:00,1.142465,1.142465,1.142074,1.142204,0.000000
2026-07-20 12:30:00+00:00,1.142204,1.142596,1.142204,1.142335,0.000000
2026-07-20 12:45:00+00:00,1.142465,1.142988,1.142465,1.142727,0.000000
2026-07-20 13:00:00+00:00,1.142727,1.142727,1.142204,1.142335,0.000000
2026-07-20 13:15:00+00:00,1.142204,1.142335,1.142074,1.142335,0.000000
2026-07-20 13:30:00+00:00,1.142204,1.142335,1.141813,1.141813,0.000000
2026-07-20 13:45:00+00:00,1.141813,1.142074,1.141813,1.142074,0.000000
2026-07-20 14:00:00+00:00,1.141944,1.141944,1.141553,1.141683,0.000000
2026-07-20 14:15:00+00:00,1.141813,1.142074,1.141683,1.141944,0.000000
2026-07-20 14:30:00+00:00,1.141944,1.141944,1.141032,1.141032,0.000000
2026-07-20 14:45:00+00:00,1.140901,1.141422,1.140641,1.141032,0.000000
2026-07-20 15:00:00+00:00,1.141032,1.141292,1.141032,1.141162,0.000000
2026-07-20 15:15:00+00:00,1.141032,1.141292,1.140901,1.141162,0.000000
2026-07-20 15:30:00+00:00,1.141292,1.141422,1.141032,1.141032,0.000000
2026-07-20 15:45:00+00:00,1.141162,1.141553,1.141162,1.141553,0.000000
2026-07-20 16:00:00+00:00,1.141422,1.141944,1.141422,1.141944,0.000000
2026-07-20 16:15:00+00:00,1.141944,1.141944,1.141683,1.141813,0.000000
2026-07-20 16:30:00+00:00,1.141813,1.141813,1.141422,1.141422,0.000000
2026-07-20 16:45:00+00:00,1.141422,1.141422,1.141292,1.141422,0.000000
2026-07-20 17:00:00+00:00,1.141553,1.141813,1.141422,1.141422,0.000000
2026-07-20 17:15:00+00:00,1.141553,1.141813,1.141553,1.141813,0.000000
2026-07-20 17:30:00+00:00,1.141683,1.141813,1.141683,1.141683,0.000000
2026-07-20 17:45:00+00:00,1.141683,1.141813,1.141683,1.141683,0.000000
2026-07-20 18:00:00+00:00,1.141683,1.141944,1.141683,1.141944,0.000000
2026-07-20 18:15:00+00:00,1.141944,1.142204,1.141944,1.142074,0.000000
2026-07-20 18:30:00+00:00,1.142074,1.142074,1.141813,1.141813,0.000000
2026-07-20 18:45:00+00:00,1.141683,1.141813,1.141683,1.141813,0.000000
2026-07-20 19:00:00+00:00,1.141944,1.141944,1.141813,1.141813,0.000000
2026-07-20 19:15:00+00:00,1.141813,1.141813,1.141683,1.141813,0.000000
2026-07-20 19:30:00+00:00,1.142074,1.142074,1.141944,1.141944,0.000000
2026-07-20 19:45:00+00:00,1.141944,1.142074,1.141813,1.141944,0.000000
2026-07-20 20:00:00+00:00,1.141944,1.141944,1.141683,1.141813,0.000000
2026-07-20 20:15:00+00:00,1.141683,1.141813,1.141553,1.141813,0.000000
2026-07-20 20:30:00+00:00,1.141813,1.141813,1.141683,1.141683,0.000000
2026-07-20 20:45:00+00:00,1.141683,1.141813,1.141683,1.141683,0.000000
2026-07-20 21:00:00+00:00,1.141944,1.142335,1.141553,1.141944,0.000000
2026-07-20 21:15:00+00:00,1.141683,1.141944,1.141553,1.141683,0.000000
2026-07-20 21:30:00+00:00,1.141683,1.141683,1.141292,1.141553,0.000000
2026-07-20 21:45:00+00:00,1.141553,1.141683,1.141422,1.141683,0.000000
2026-07-20 22:00:00+00:00,1.141422,1.141553,1.141292,1.141553,0.000000
2026-07-20 22:15:00+00:00,1.141553,1.141553,1.141553,1.141553,0.000000
2026-07-20 22:30:00+00:00,1.141553,1.141553,1.141422,1.141553,0.000000
2026-07-20 22:45:00+00:00,1.141553,1.141683,1.141553,1.141683,0.000000
2026-07-20 23:00:00+00:00,1.141683,1.141683,1.141553,1.141683,0.000000
2026-07-20 23:15:00+00:00,1.141683,1.141683,1.141553,1.141683,0.000000
2026-07-20 23:30:00+00:00,1.141683,1.141683,1.141683,1.141683,0.000000
2026-07-20 23:45:00+00:00,1.141683,1.141813,1.141683,1.141813,0.000000
2026-07-21 00:00:00+00:00,1.141944,1.142074,1.141813,1.141944,0.000000
2026-07-21 00:15:00+00:00,1.141944,1.141944,1.141553,1.141553,0.000000
2026-07-21 00:30:00+00:00,1.141553,1.141683,1.141553,1.141683,0.000000
2026-07-21 00:45:00+00:00,1.141813,1.141944,1.141683,1.141683,0.000000
2026-07-21 01:00:00+00:00,1.141553,1.141813,1.141553,1.141683,0.000000
2026-07-21 01:15:00+00:00,1.141683,1.141813,1.141683,1.141813,0.000000
2026-07-21 01:30:00+00:00,1.141944,1.141944,1.141683,1.141944,0.000000
2026-07-21 01:45:00+00:00,1.141813,1.141944,1.141813,1.141813,0.000000
2026-07-21 02:00:00+00:00,1.141813,1.141944,1.141813,1.141813,0.000000
2026-07-21 02:15:00+00:00,1.141813,1.141944,1.141683,1.141683,0.000000
2026-07-21 02:30:00+00:00,1.141683,1.141813,1.141683,1.141683,0.000000
2026-07-21 02:45:00+00:00,1.141553,1.141683,1.141422,1.141422,0.000000
2026-07-21 03:00:00+00:00,1.141553,1.141553,1.141292,1.141292,0.000000
2026-07-21 03:15:00+00:00,1.141292,1.141422,1.141292,1.141422,0.000000
2026-07-21 03:30:00+00:00,1.141422,1.141683,1.141422,1.141683,0.000000
2026-07-21 03:45:00+00:00,1.141683,1.141813,1.141553,1.141553,0.000000
2026-07-21 04:00:00+00:00,1.141553,1.141813,1.141553,1.141813,0.000000
2026-07-21 04:15:00+00:00,1.141813,1.141944,1.141813,1.141813,0.000000
2026-07-21 04:30:00+00:00,1.141813,1.141944,1.141813,1.141944,0.000000
2026-07-21 04:45:00+00:00,1.141944,1.142074,1.141944,1.142074,0.000000
2026-07-21 05:00:00+00:00,1.142074,1.142204,1.141944,1.141944,0.000000
2026-07-21 05:15:00+00:00,1.141944,1.142074,1.141944,1.142074,0.000000
2026-07-21 05:30:00+00:00,1.142074,1.142465,1.142074,1.142465,0.000000
2026-07-21 05:45:00+00:00,1.142335,1.142335,1.142074,1.142074,0.000000
2026-07-21 06:00:00+00:00,1.142204,1.142335,1.142074,1.142335,0.000000
2026-07-21 06:15:00+00:00,1.142204,1.142465,1.142204,1.142335,0.000000
2026-07-21 06:30:00+00:00,1.142335,1.142596,1.142335,1.142596,0.000000
2026-07-21 06:45:00+00:00,1.142596,1.142596,1.142335,1.142596,0.000000
2026-07-21 07:00:00+00:00,1.142596,1.142988,1.142596,1.142596,0.000000
2026-07-21 07:15:00+00:00,1.142596,1.142988,1.142596,1.142857,0.000000
2026-07-21 07:30:00+00:00,1.142727,1.142857,1.142596,1.142596,0.000000
2026-07-21 07:45:00+00:00,1.142596,1.142596,1.142465,1.142596,0.000000
2026-07-21 08:00:00+00:00,1.142596,1.142727,1.142596,1.142727,0.000000
2026-07-21 08:15:00+00:00,1.142596,1.142857,1.142596,1.142596,0.000000
2026-07-21 08:30:00+00:00,1.142465,1.142596,1.142335,1.142596,0.000000
2026-07-21 08:45:00+00:00,1.142727,1.142727,1.142465,1.142465,0.000000
2026-07-21 09:00:00+00:00,1.142465,1.142596,1.142465,1.142596,0.000000
2026-07-21 09:15:00+00:00,1.142596,1.142857,1.142465,1.142465,0.000000
2026-07-21 09:30:00+00:00,1.142465,1.143118,1.142465,1.142727,0.000000
2026-07-21 09:45:00+00:00,1.142596,1.142857,1.142596,1.142596,0.000000
2026-07-21 10:00:00+00:00,1.142596,1.143118,1.142596,1.142727,0.000000
2026-07-21 10:15:00+00:00,1.142857,1.142988,1.142727,1.142988,0.000000
2026-07-21 10:30:00+00:00,1.142988,1.143118,1.142727,1.142857,0.000000
2026-07-21 10:45:00+00:00,1.142727,1.142727,1.142335,1.142465,0.000000
2026-07-21 11:00:00+00:00,1.142465,1.142465,1.142074,1.142335,0.000000
2026-07-21 11:15:00+00:00,1.142204,1.142465,1.142204,1.142335,0.000000
2026-07-21 11:30:00+00:00,1.142465,1.142596,1.142335,1.142596,0.000000
2026-07-21 11:45:00+00:00,1.142596,1.142596,1.142074,1.142204,0.000000
2026-07-21 12:00:00+00:00,1.142335,1.142335,1.141944,1.142074,0.000000
2026-07-21 12:15:00+00:00,1.141944,1.142074,1.141944,1.141944,0.000000
2026-07-21 12:30:00+00:00,1.142074,1.142204,1.141813,1.141813,0.000000
2026-07-21 12:45:00+00:00,1.141944,1.142204,1.141813,1.142074,0.000000
2026-07-21 13:00:00+00:00,1.141944,1.142074,1.141813,1.142074,0.000000
2026-07-21 13:15:00+00:00,1.141944,1.141944,1.141292,1.141292,0.000000
2026-07-21 13:30:00+00:00,1.141422,1.141683,1.140901,1.140901,0.000000
2026-07-21 13:45:00+00:00,1.140901,1.141553,1.140901,1.141553,0.000000
2026-07-21 14:00:00+00:00,1.141553,1.142204,1.141553,1.142204,0.000000
2026-07-21 14:15:00+00:00,1.142074,1.142074,1.141422,1.141422,0.000000
2026-07-21 14:30:00+00:00,1.141162,1.141292,1.140771,1.141162,0.000000
2026-07-21 14:45:00+00:00,1.141032,1.141032,1.140641,1.140901,0.000000
2026-07-21 15:00:00+00:00,1.140901,1.140901,1.140641,1.140771,0.000000
2026-07-21 15:15:00+00:00,1.140901,1.141422,1.140901,1.141292,0.000000
2026-07-21 15:30:00+00:00,1.141292,1.141422,1.141032,1.141032,0.000000
2026-07-21 15:45:00+00:00,1.140901,1.141032,1.140771,1.141032,0.000000
2026-07-21 16:00:00+00:00,1.141032,1.141292,1.141032,1.141162,0.000000
2026-07-21 16:15:00+00:00,1.141162,1.141162,1.141032,1.141162,0.000000
2026-07-21 16:30:00+00:00,1.141032,1.141422,1.141032,1.141422,0.000000
2026-07-21 16:45:00+00:00,1.141292,1.141292,1.141162,1.141162,0.000000
2026-07-21 17:00:00+00:00,1.141162,1.141292,1.141032,1.141292,0.000000
2026-07-21 17:15:00+00:00,1.141162,1.141292,1.141162,1.141292,0.000000
2026-07-21 17:30:00+00:00,1.141292,1.141292,1.141032,1.141032,0.000000
2026-07-21 17:45:00+00:00,1.141032,1.141162,1.141032,1.141032,0.000000
2026-07-21 18:00:00+00:00,1.140901,1.140901,1.140511,1.140511,0.000000
2026-07-21 18:15:00+00:00,1.140511,1.140641,1.140251,1.140511,0.000000
2026-07-21 18:30:00+00:00,1.140641,1.140641,1.140251,1.140511,0.000000
2026-07-21 18:45:00+00:00,1.140511,1.140641,1.140381,1.140641,0.000000
2026-07-21 19:00:00+00:00,1.140771,1.140771,1.140381,1.140381,0.000000
2026-07-21 19:15:00+00:00,1.140511,1.140771,1.140511,1.140641,0.000000
2026-07-21 19:30:00+00:00,1.140641,1.140641,1.140381,1.140511,0.000000
2026-07-21 19:45:00+00:00,1.140511,1.140641,1.140381,1.140381,0.000000
2026-07-21 20:00:00+00:00,1.140511,1.140641,1.140381,1.140511,0.000000
2026-07-21 20:15:00+00:00,1.140381,1.140381,1.140251,1.140381,0.000000
2026-07-21 20:30:00+00:00,1.140381,1.140381,1.140381,1.140381,0.000000
2026-07-21 20:45:00+00:00,1.140511,1.140511,1.140121,1.140121,0.000000
2026-07-21 21:00:00+00:00,1.139991,1.140251,1.139861,1.140251,0.000000
2026-07-21 21:15:00+00:00,1.140121,1.140381,1.140121,1.140251,0.000000
2026-07-21 21:30:00+00:00,1.140381,1.140641,1.140251,1.140511,0.000000
2026-07-21 21:45:00+00:00,1.140511,1.140641,1.140251,1.140641,0.000000
2026-07-21 22:00:00+00:00,1.140381,1.140381,1.140251,1.140251,0.000000
2026-07-21 22:15:00+00:00,1.140251,1.140381,1.140251,1.140381,0.000000
2026-07-21 22:30:00+00:00,1.140381,1.140381,1.140251,1.140381,0.000000
2026-07-21 22:45:00+00:00,1.140381,1.140381,1.140251,1.140251,0.000000
2026-07-21 23:00:00+00:00,1.140251,1.140251,1.140121,1.140251,0.000000
2026-07-21 23:15:00+00:00,1.140251,1.140251,1.140251,1.140251,0.000000
2026-07-21 23:30:00+00:00,1.140251,1.140381,1.140251,1.140381,0.000000
2026-07-21 23:45:00+00:00,1.140381,1.140511,1.140381,1.140511,0.000000
2026-07-22 00:00:00+00:00,1.140381,1.140641,1.140381,1.140641,0.000000
2026-07-22 00:15:00+00:00,1.140641,1.141032,1.140641,1.141032,0.000000
2026-07-22 00:30:00+00:00,1.141032,1.141032,1.140511,1.140511,0.000000
2026-07-22 00:45:00+00:00,1.140641,1.140771,1.140511,1.140771,0.000000
2026-07-22 01:00:00+00:00,1.140771,1.141032,1.140641,1.140901,0.000000
2026-07-22 01:15:00+00:00,1.140901,1.140901,1.140641,1.140641,0.000000
2026-07-22 01:30:00+00:00,1.140641,1.140641,1.140121,1.140381,0.000000
2026-07-22 01:45:00+00:00,1.140511,1.140641,1.140511,1.140641,0.000000
2026-07-22 02:00:00+00:00,1.140641,1.140771,1.140511,1.140771,0.000000
2026-07-22 02:15:00+00:00,1.140771,1.141292,1.140771,1.141162,0.000000
2026-07-22 02:30:00+00:00,1.141032,1.141162,1.140901,1.141032,0.000000
2026-07-22 02:45:00+00:00,1.141032,1.141032,1.140901,1.140901,0.000000
2026-07-22 03:00:00+00:00,1.140901,1.141032,1.140771,1.140901,0.000000
2026-07-22 03:15:00+00:00,1.140901,1.141162,1.140901,1.141032,0.000000
2026-07-22 03:30:00+00:00,1.141162,1.141162,1.140901,1.140901,0.000000
2026-07-22 03:45:00+00:00,1.141032,1.141032,1.140901,1.141032,0.000000
2026-07-22 04:00:00+00:00,1.141032,1.141032,1.140901,1.140901,0.000000
2026-07-22 04:15:00+00:00,1.141032,1.141032,1.140901,1.141032,0.000000
2026-07-22 04:30:00+00:00,1.141032,1.141162,1.141032,1.141162,0.000000
2026-07-22 04:45:00+00:00,1.141162,1.141162,1.141032,1.141162,0.000000
2026-07-22 05:00:00+00:00,1.141162,1.141292,1.141162,1.141162,0.000000
2026-07-22 05:15:00+00:00,1.141162,1.141292,1.141032,1.141162,0.000000
2026-07-22 05:30:00+00:00,1.141032,1.141032,1.140901,1.141032,0.000000
2026-07-22 05:45:00+00:00,1.141032,1.141292,1.140901,1.141292,0.000000
2026-07-22 06:00:00+00:00,1.141292,1.141683,1.141292,1.141553,0.000000
2026-07-22 06:15:00+00:00,1.141422,1.141553,1.141032,1.141032,0.000000
2026-07-22 06:30:00+00:00,1.141032,1.141422,1.141032,1.141422,0.000000
2026-07-22 06:45:00+00:00,1.141422,1.141553,1.141292,1.141422,0.000000
2026-07-22 07:00:00+00:00,1.141422,1.141553,1.141292,1.141422,0.000000
2026-07-22 07:15:00+00:00,1.141553,1.141813,1.141422,1.141553,0.000000
2026-07-22 07:30:00+00:00,1.142074,1.142074,1.141032,1.141032,0.000000
2026-07-22 07:45:00+00:00,1.140901,1.141422,1.140771,1.141292,0.000000
2026-07-22 08:00:00+00:00,1.141292,1.141292,1.140901,1.140901,0.000000
2026-07-22 08:15:00+00:00,1.140771,1.141162,1.140771,1.141162,0.000000
2026-07-22 08:30:00+00:00,1.141292,1.141553,1.141292,1.141553,0.000000
2026-07-22 08:45:00+00:00,1.141422,1.141422,1.141162,1.141292,0.000000
2026-07-22 09:00:00+00:00,1.141422,1.141553,1.141292,1.141292,0.000000
2026-07-22 09:15:00+00:00,1.141292,1.141292,1.141162,1.141162,0.000000
2026-07-22 09:30:00+00:00,1.141292,1.141553,1.141162,1.141292,0.000000
2026-07-22 09:45:00+00:00,1.141292,1.141292,1.140771,1.140771,0.000000
2026-07-22 10:00:00+00:00,1.140771,1.140901,1.140381,1.140641,0.000000
2026-07-22 10:15:00+00:00,1.140641,1.141032,1.140511,1.140901,0.000000
2026-07-22 10:30:00+00:00,1.140771,1.140901,1.140771,1.140771,0.000000
2026-07-22 10:45:00+00:00,1.140771,1.141032,1.140641,1.140641,0.000000
2026-07-22 11:00:00+00:00,1.140771,1.140771,1.140641,1.140771,0.000000
2026-07-22 11:15:00+00:00,1.140901,1.140901,1.140641,1.140771,0.000000
2026-07-22 11:30:00+00:00,1.140771,1.141032,1.140771,1.140771,0.000000
2026-07-22 11:45:00+00:00,1.140771,1.141032,1.140771,1.140901,0.000000
2026-07-22 12:00:00+00:00,1.141032,1.141292,1.141032,1.141292,0.000000
2026-07-22 12:15:00+00:00,1.141422,1.141422,1.141292,1.141292,0.000000
2026-07-22 12:30:00+00:00,1.141553,1.141683,1.141422,1.141422,0.000000
2026-07-22 12:45:00+00:00,1.141422,1.141422,1.141032,1.141292,0.000000
2026-07-22 13:00:00+00:00,1.141162,1.141553,1.141162,1.141292,0.000000
2026-07-22 13:15:00+00:00,1.141292,1.141944,1.141292,1.141813,0.000000
2026-07-22 13:30:00+00:00,1.141944,1.142335,1.141944,1.142204,0.000000
2026-07-22 13:45:00+00:00,1.142074,1.142074,1.141683,1.141683,0.000000
2026-07-22 14:00:00+00:00,1.141813,1.142074,1.141422,1.142074,0.000000
2026-07-22 14:15:00+00:00,1.141944,1.142074,1.141422,1.141422,0.000000
2026-07-22 14:30:00+00:00,1.141422,1.141553,1.141292,1.141553,0.000000
2026-07-22 14:45:00+00:00,1.141422,1.141683,1.141162,1.141292,0.000000
2026-07-22 15:00:00+00:00,1.141162,1.141422,1.141162,1.141422,0.000000
2026-07-22 15:15:00+00:00,1.141292,1.141683,1.141162,1.141683,0.000000
2026-07-22 15:30:00+00:00,1.141683,1.141683,1.141162,1.141292,0.000000
2026-07-22 15:45:00+00:00,1.141292,1.141683,1.141292,1.141683,0.000000
2026-07-22 16:00:00+00:00,1.141683,1.141683,1.141032,1.141032,0.000000
2026-07-22 16:15:00+00:00,1.141162,1.141422,1.141032,1.141422,0.000000
2026-07-22 16:30:00+00:00,1.141422,1.141553,1.141162,1.141162,0.000000
2026-07-22 16:45:00+00:00,1.141162,1.141292,1.141162,1.141292,0.000000
2026-07-22 17:00:00+00:00,1.141292,1.141553,1.141292,1.141422,0.000000
2026-07-22 17:15:00+00:00,1.141422,1.141553,1.141422,1.141422,0.000000
2026-07-22 17:30:00+00:00,1.141422,1.141422,1.141162,1.141292,0.000000
2026-07-22 17:45:00+00:00,1.141292,1.141422,1.141292,1.141292,0.000000
2026-07-22 18:00:00+00:00,1.141422,1.141422,1.141162,1.141162,0.000000
2026-07-22 18:15:00+00:00,1.141162,1.141422,1.141162,1.141292,0.000000
2026-07-22 18:30:00+00:00,1.141292,1.141422,1.141292,1.141292,0.000000
2026-07-22 18:45:00+00:00,1.141292,1.141422,1.141292,1.141422,0.000000
2026-07-22 19:00:00+00:00,1.141422,1.141553,1.141292,1.141292,0.000000
2026-07-22 19:15:00+00:00,1.141292,1.141553,1.141292,1.141422,0.000000
2026-07-22 19:30:00+00:00,1.141422,1.141422,1.141292,1.141422,0.000000
2026-07-22 19:45:00+00:00,1.141553,1.141553,1.141292,1.141422,0.000000
2026-07-22 20:00:00+00:00,1.141422,1.141553,1.141422,1.141553,0.000000
2026-07-22 20:15:00+00:00,1.141553,1.141553,1.141422,1.141553,0.000000
2026-07-22 20:30:00+00:00,1.141553,1.141553,1.141422,1.141553,0.000000
2026-07-22 20:45:00+00:00,1.141553,1.141553,1.141422,1.141422,0.000000
2026-07-22 21:00:00+00:00,1.140901,1.141553,1.140901,1.141162,0.000000
2026-07-22 21:15:00+00:00,1.141553,1.141553,1.141032,1.141162,0.000000
2026-07-22 21:30:00+00:00,1.141162,1.141292,1.140901,1.141292,0.000000
2026-07-22 21:45:00+00:00,1.141032,1.141422,1.140901,1.140901,0.000000
2026-07-22 22:00:00+00:00,1.141292,1.141292,1.141032,1.141032,0.000000
2026-07-22 22:15:00+00:00,1.141162,1.141162,1.141032,1.141032,0.000000
2026-07-22 22:30:00+00:00,1.141032,1.141162,1.140901,1.141032,0.000000
2026-07-22 22:45:00+00:00,1.141032,1.141162,1.140901,1.141032,0.000000
2026-07-22 23:00:00+00:00,1.141162,1.141292,1.141162,1.141292,0.000000
2026-07-22 23:15:00+00:00,1.141292,1.141422,1.141292,1.141292,0.000000
2026-07-22 23:30:00+00:00,1.141292,1.141422,1.141292,1.141422,0.000000
2026-07-22 23:45:00+00:00,1.141422,1.141553,1.141292,1.141422,0.000000
2026-07-23 00:00:00+00:00,1.141553,1.141683,1.141422,1.141422,0.000000
2026-07-23 00:15:00+00:00,1.141422,1.141683,1.141422,1.141553,0.000000
2026-07-23 00:30:00+00:00,1.141553,1.141683,1.141553,1.141683,0.000000
2026-07-23 00:45:00+00:00,1.141683,1.142074,1.141553,1.142074,0.000000
2026-07-23 01:00:00+00:00,1.142074,1.142335,1.142074,1.142074,0.000000
2026-07-23 01:15:00+00:00,1.142204,1.142204,1.142074,1.142074,0.000000
2026-07-23 01:30:00+00:00,1.142204,1.142335,1.142074,1.142204,0.000000
2026-07-23 01:45:00+00:00,1.142074,1.142074,1.141944,1.141944,0.000000
2026-07-23 02:00:00+00:00,1.141944,1.142204,1.141944,1.142204,0.000000
2026-07-23 02:15:00+00:00,1.142204,1.142335,1.142204,1.142335,0.000000
2026-07-23 02:30:00+00:00,1.142465,1.142988,1.142465,1.142857,0.000000
2026-07-23 02:45:00+00:00,1.142857,1.143118,1.142857,1.143118,0.000000
2026-07-23 03:00:00+00:00,1.143249,1.143249,1.142857,1.142857,0.000000
2026-07-23 03:15:00+00:00,1.142727,1.143249,1.142727,1.143249,0.000000
2026-07-23 03:30:00+00:00,1.143118,1.143380,1.143118,1.143380,0.000000
2026-07-23 03:45:00+00:00,1.143249,1.143380,1.143249,1.143249,0.000000
2026-07-23 04:00:00+00:00,1.143118,1.143903,1.143118,1.143641,0.000000
2026-07-23 04:15:00+00:00,1.143772,1.143772,1.143380,1.143772,0.000000
2026-07-23 04:30:00+00:00,1.143772,1.143903,1.143511,1.143641,0.000000
2026-07-23 04:45:00+00:00,1.143511,1.143772,1.143380,1.143641,0.000000
2026-07-23 05:00:00+00:00,1.143641,1.143772,1.143641,1.143641,0.000000
2026-07-23 05:15:00+00:00,1.143511,1.143511,1.143249,1.143380,0.000000
2026-07-23 05:30:00+00:00,1.143380,1.143380,1.143249,1.143249,0.000000
2026-07-23 05:45:00+00:00,1.143380,1.143511,1.143249,1.143380,0.000000
2026-07-23 06:00:00+00:00,1.143380,1.143641,1.143249,1.143511,0.000000
2026-07-23 06:15:00+00:00,1.143511,1.143511,1.143118,1.143118,0.000000
2026-07-23 06:30:00+00:00,1.143118,1.143118,1.142727,1.142988,0.000000
2026-07-23 06:45:00+00:00,1.142988,1.143118,1.142727,1.142857,0.000000
2026-07-23 07:00:00+00:00,1.142727,1.142857,1.142596,1.142857,0.000000
2026-07-23 07:15:00+00:00,1.142988,1.142988,1.142727,1.142857,0.000000
2026-07-23 07:30:00+00:00,1.142857,1.142988,1.142596,1.142596,0.000000
2026-07-23 07:45:00+00:00,1.142596,1.142857,1.142465,1.142727,0.000000
2026-07-23 08:00:00+00:00,1.142857,1.142857,1.142335,1.142335,0.000000
2026-07-23 08:15:00+00:00,1.142204,1.142204,1.141944,1.142074,0.000000
2026-07-23 08:30:00+00:00,1.141944,1.141944,1.141162,1.141162,0.000000
2026-07-23 08:45:00+00:00,1.141292,1.141553,1.141162,1.141422,0.000000
2026-07-23 09:00:00+00:00,1.141292,1.141813,1.141292,1.141553,0.000000
2026-07-23 09:15:00+00:00,1.141422,1.141553,1.141292,1.141292,0.000000
2026-07-23 09:30:00+00:00,1.141422,1.141683,1.141422,1.141683,0.000000
2026-07-23 09:45:00+00:00,1.141813,1.141813,1.141553,1.141553,0.000000
2026-07-23 10:00:00+00:00,1.141683,1.141683,1.141292,1.141292,0.000000
2026-07-23 10:15:00+00:00,1.141422,1.141422,1.141032,1.141162,0.000000
2026-07-23 10:30:00+00:00,1.141292,1.141292,1.141032,1.141032,0.000000
2026-07-23 10:45:00+00:00,1.141032,1.141162,1.140771,1.140771,0.000000
2026-07-23 11:00:00+00:00,1.140641,1.140901,1.140641,1.140901,0.000000
2026-07-23 11:15:00+00:00,1.140901,1.140901,1.140121,1.140121,0.000000
2026-07-23 11:30:00+00:00,1.140121,1.140121,1.138822,1.138952,0.000000
2026-07-23 11:45:00+00:00,1.139082,1.139861,1.139082,1.139861,0.000000
2026-07-23 12:00:00+00:00,1.139731,1.139731,1.139341,1.139731,0.000000
2026-07-23 12:15:00+00:00,1.139471,1.139471,1.138433,1.138952,0.000000
2026-07-23 12:30:00+00:00,1.138693,1.138822,1.138174,1.138304,0.000000
2026-07-23 12:45:00+00:00,1.138174,1.138822,1.138045,1.138822,0.000000
2026-07-23 13:00:00+00:00,1.138952,1.138952,1.137268,1.137268,0.000000
2026-07-23 13:15:00+00:00,1.137268,1.138174,1.137268,1.138174,0.000000
2026-07-23 13:30:00+00:00,1.138174,1.138822,1.138045,1.138433,0.000000
2026-07-23 13:45:00+00:00,1.138174,1.138174,1.137786,1.137786,0.000000
2026-07-23 14:00:00+00:00,1.137786,1.137786,1.137139,1.137527,0.000000
2026-07-23 14:15:00+00:00,1.137398,1.137527,1.136751,1.137268,0.000000
2026-07-23 14:30:00+00:00,1.137398,1.137656,1.137139,1.137139,0.000000
2026-07-23 14:45:00+00:00,1.137010,1.137398,1.136880,1.137398,0.000000
2026-07-23 15:00:00+00:00,1.137398,1.137786,1.137398,1.137656,0.000000
2026-07-23 15:15:00+00:00,1.137656,1.137786,1.137268,1.137656,0.000000
2026-07-23 15:30:00+00:00,1.137398,1.137786,1.137010,1.137656,0.000000
2026-07-23 15:45:00+00:00,1.137656,1.137786,1.137398,1.137527,0.000000
2026-07-23 16:00:00+00:00,1.137656,1.138045,1.137656,1.138045,0.000000
2026-07-23 16:15:00+00:00,1.137915,1.138045,1.137786,1.138045,0.000000
2026-07-23 16:30:00+00:00,1.138174,1.138304,1.137915,1.138174,0.000000
2026-07-23 16:45:00+00:00,1.138174,1.138304,1.138045,1.138304,0.000000
2026-07-23 17:00:00+00:00,1.138304,1.138433,1.138045,1.138045,0.000000
2026-07-23 17:15:00+00:00,1.137915,1.138174,1.137915,1.137915,0.000000
2026-07-23 17:30:00+00:00,1.137915,1.137915,1.137656,1.137656,0.000000
2026-07-23 17:45:00+00:00,1.137656,1.137786,1.137527,1.137527,0.000000
2026-07-23 18:00:00+00:00,1.137527,1.137786,1.137398,1.137786,0.000000
2026-07-23 18:15:00+00:00,1.137656,1.137786,1.137656,1.137786,0.000000
2026-07-23 18:30:00+00:00,1.137786,1.137915,1.137656,1.137786,0.000000
2026-07-23 18:45:00+00:00,1.137786,1.137915,1.137786,1.137786,0.000000
2026-07-23 19:00:00+00:00,1.138174,1.138174,1.137786,1.137786,0.000000
2026-07-23 19:15:00+00:00,1.137786,1.137915,1.137786,1.137915,0.000000
2026-07-23 19:30:00+00:00,1.138174,1.138174,1.137915,1.137915,0.000000
2026-07-23 19:45:00+00:00,1.137915,1.138174,1.137786,1.138045,0.000000
2026-07-23 20:00:00+00:00,1.138174,1.138304,1.138174,1.138174,0.000000
2026-07-23 20:15:00+00:00,1.138174,1.138174,1.138045,1.138174,0.000000
2026-07-23 20:30:00+00:00,1.138304,1.138304,1.138045,1.138174,0.000000
2026-07-23 20:45:00+00:00,1.138174,1.138174,1.138045,1.138045,0.000000
2026-07-23 21:00:00+00:00,1.137527,1.138433,1.137527,1.137527,0.000000
2026-07-23 21:15:00+00:00,1.137786,1.138174,1.137786,1.138045,0.000000
2026-07-23 21:30:00+00:00,1.138304,1.138304,1.137915,1.138045,0.000000
2026-07-23 21:45:00+00:00,1.138174,1.138304,1.137915,1.138174,0.000000
2026-07-23 22:00:00+00:00,1.137915,1.138174,1.137915,1.138174,0.000000
2026-07-23 22:15:00+00:00,1.138174,1.138304,1.138045,1.138045,0.000000
2026-07-23 22:30:00+00:00,1.138045,1.138174,1.138045,1.138174,0.000000
2026-07-23 22:45:00+00:00,1.138174,1.138304,1.138174,1.138304,0.000000
2026-07-23 23:00:00+00:00,1.138304,1.138304,1.138174,1.138174,0.000000
2026-07-23 23:15:00+00:00,1.138174,1.138304,1.138174,1.138304,0.000000
2026-07-23 23:30:00+00:00,1.138174,1.138304,1.138045,1.138045,0.000000
2026-07-23 23:45:00+00:00,1.138174,1.138174,1.137915,1.138045,0.000000
2026-07-24 00:00:00+00:00,1.137915,1.138304,1.137915,1.138304,0.000000
2026-07-24 00:15:00+00:00,1.138174,1.138304,1.138174,1.138304,0.000000
2026-07-24 00:30:00+00:00,1.138174,1.138304,1.138045,1.138045,0.000000
2026-07-24 00:45:00+00:00,1.138045,1.138693,1.138045,1.138693,0.000000
2026-07-24 01:00:00+00:00,1.138822,1.138952,1.138563,1.138693,0.000000
2026-07-24 01:15:00+00:00,1.138693,1.138952,1.138563,1.138563,0.000000
2026-07-24 01:30:00+00:00,1.138563,1.138952,1.138563,1.138952,0.000000
2026-07-24 01:45:00+00:00,1.138952,1.139082,1.138693,1.138693,0.000000
2026-07-24 02:00:00+00:00,1.138822,1.138822,1.138693,1.138693,0.000000
2026-07-24 02:15:00+00:00,1.138822,1.138952,1.138693,1.138693,0.000000
2026-07-24 02:30:00+00:00,1.138822,1.139082,1.138822,1.138822,0.000000
2026-07-24 02:45:00+00:00,1.138822,1.138822,1.138563,1.138563,0.000000
2026-07-24 03:00:00+00:00,1.138433,1.138433,1.138174,1.138174,0.000000
2026-07-24 03:15:00+00:00,1.138174,1.138304,1.138174,1.138174,0.000000
2026-07-24 03:30:00+00:00,1.138304,1.138563,1.138304,1.138563,0.000000
2026-07-24 03:45:00+00:00,1.138563,1.138563,1.138433,1.138563,0.000000
2026-07-24 04:00:00+00:00,1.138563,1.138693,1.138563,1.138693,0.000000
2026-07-24 04:15:00+00:00,1.138693,1.138693,1.138433,1.138433,0.000000
2026-07-24 04:30:00+00:00,1.138433,1.138433,1.138174,1.138174,0.000000
2026-07-24 04:45:00+00:00,1.138174,1.138174,1.138045,1.138174,0.000000
2026-07-24 05:00:00+00:00,1.138304,1.138433,1.138174,1.138304,0.000000
2026-07-24 05:15:00+00:00,1.138304,1.138563,1.138304,1.138563,0.000000
2026-07-24 05:30:00+00:00,1.138563,1.138693,1.138433,1.138433,0.000000
2026-07-24 05:45:00+00:00,1.138433,1.138433,1.138045,1.138045,0.000000
2026-07-24 06:00:00+00:00,1.138174,1.138304,1.138045,1.138304,0.000000
2026-07-24 06:15:00+00:00,1.138304,1.138952,1.138304,1.138822,0.000000
2026-07-24 06:30:00+00:00,1.138822,1.138952,1.138693,1.138693,0.000000
2026-07-24 06:45:00+00:00,1.138822,1.138952,1.138693,1.138952,0.000000
2026-07-24 07:00:00+00:00,1.139082,1.139861,1.138952,1.139861,0.000000
2026-07-24 07:15:00+00:00,1.139731,1.140121,1.139341,1.140121,0.000000
2026-07-24 07:30:00+00:00,1.140251,1.140381,1.139341,1.139601,0.000000
2026-07-24 07:45:00+00:00,1.139471,1.139601,1.139341,1.139341,0.000000
2026-07-24 08:00:00+00:00,1.139341,1.139341,1.138952,1.139082,0.000000
2026-07-24 08:15:00+00:00,1.139082,1.139082,1.138693,1.139082,0.000000
2026-07-24 08:30:00+00:00,1.138952,1.139082,1.138822,1.138952,0.000000
2026-07-24 08:45:00+00:00,1.138822,1.138822,1.138433,1.138693,0.000000
2026-07-24 09:00:00+00:00,1.138563,1.138952,1.138563,1.138822,0.000000
2026-07-24 09:15:00+00:00,1.138822,1.139082,1.138693,1.139082,0.000000
2026-07-24 09:30:00+00:00,1.138952,1.139082,1.138693,1.138952,0.000000
2026-07-24 09:45:00+00:00,1.138822,1.139082,1.138822,1.139082,0.000000
2026-07-24 10:00:00+00:00,1.139212,1.139341,1.139082,1.139212,0.000000
2026-07-24 10:15:00+00:00,1.139082,1.139601,1.139082,1.139471,0.000000
2026-07-24 10:30:00+00:00,1.139341,1.139471,1.139082,1.139082,0.000000
2026-07-24 10:45:00+00:00,1.138952,1.139082,1.138563,1.138693,0.000000
2026-07-24 11:00:00+00:00,1.138563,1.138952,1.138563,1.138952,0.000000
2026-07-24 11:15:00+00:00,1.139082,1.139082,1.138693,1.138693,0.000000
2026-07-24 11:30:00+00:00,1.138563,1.138563,1.138174,1.138304,0.000000
2026-07-24 11:45:00+00:00,1.138433,1.138433,1.137527,1.137786,0.000000
2026-07-24 12:00:00+00:00,1.137915,1.138174,1.137527,1.138045,0.000000
2026-07-24 12:15:00+00:00,1.138045,1.138045,1.137656,1.137786,0.000000
2026-07-24 12:30:00+00:00,1.137786,1.137915,1.137139,1.137139,0.000000
2026-07-24 12:45:00+00:00,1.137268,1.137527,1.137139,1.137268,0.000000
2026-07-24 13:00:00+00:00,1.137398,1.137527,1.136880,1.137398,0.000000
2026-07-24 13:15:00+00:00,1.137268,1.137656,1.137268,1.137398,0.000000
2026-07-24 13:30:00+00:00,1.137398,1.137656,1.137139,1.137527,0.000000
2026-07-24 13:45:00+00:00,1.137527,1.137915,1.137268,1.137915,0.000000
2026-07-24 14:00:00+00:00,1.138045,1.138304,1.137398,1.137527,0.000000
2026-07-24 14:15:00+00:00,1.137656,1.138045,1.137527,1.137915,0.000000
2026-07-24 14:30:00+00:00,1.137915,1.138174,1.137915,1.137915,0.000000
2026-07-24 14:45:00+00:00,1.137915,1.138304,1.137915,1.138304,0.000000
2026-07-24 15:00:00+00:00,1.138045,1.139212,1.138045,1.138952,0.000000
2026-07-24 15:15:00+00:00,1.139212,1.139341,1.138822,1.138822,0.000000
2026-07-24 15:30:00+00:00,1.138693,1.139212,1.138693,1.138822,0.000000
2026-07-24 15:45:00+00:00,1.138952,1.138952,1.138693,1.138693,0.000000
2026-07-24 16:00:00+00:00,1.138693,1.138952,1.138563,1.138952,0.000000
2026-07-24 16:15:00+00:00,1.138822,1.138952,1.138563,1.138693,0.000000
2026-07-24 16:30:00+00:00,1.138563,1.138693,1.138304,1.138433,0.000000
2026-07-24 16:45:00+00:00,1.138304,1.138304,1.138174,1.138174,0.000000
2026-07-24 17:00:00+00:00,1.138045,1.138045,1.137398,1.137527,0.000000
2026-07-24 17:15:00+00:00,1.137527,1.137527,1.137139,1.137527,0.000000
2026-07-24 17:30:00+00:00,1.137527,1.137527,1.137139,1.137268,0.000000
2026-07-24 17:45:00+00:00,1.137268,1.137268,1.137139,1.137268,0.000000
2026-07-24 18:00:00+00:00,1.137268,1.137398,1.137139,1.137268,0.000000
2026-07-24 18:15:00+00:00,1.137398,1.137398,1.137139,1.137268,0.000000
2026-07-24 18:30:00+00:00,1.137268,1.137268,1.137010,1.137268,0.000000
2026-07-24 18:45:00+00:00,1.137139,1.137398,1.137139,1.137268,0.000000
2026-07-24 19:00:00+00:00,1.137398,1.137398,1.137268,1.137398,0.000000
2026-07-24 19:15:00+00:00,1.137398,1.137398,1.137139,1.137139,0.000000
2026-07-24 19:30:00+00:00,1.137139,1.137527,1.137139,1.137527,0.000000
2026-07-24 19:45:00+00:00,1.137398,1.137527,1.137268,1.137398,0.000000
2026-07-24 20:00:00+00:00,1.137398,1.137398,1.137268,1.137268,0.000000
2026-07-24 20:15:00+00:00,1.137268,1.137268,1.137139,1.137139,0.000000
2026-07-24 20:30:00+00:00,1.137139,1.137268,1.137010,1.137268,0.000000
2026-07-24 20:45:00+00:00,1.137268,1.137656,1.137139,1.137398,0.000000
2026-07-24 21:00:00+00:00,1.137527,1.137527,1.137527,1.137527,0.000000
2026-07-24 21:15:00+00:00,1.137527,1.137527,1.137527,1.137527,0.000000
2026-07-26 23:00:00+00:00,1.139341,1.139471,1.139212,1.139212,0.000000
2026-07-26 23:15:00+00:00,1.139212,1.139341,1.139212,1.139212,0.000000
2026-07-26 23:30:00+00:00,1.139212,1.139601,1.139212,1.139601,0.000000
2026-07-26 23:45:00+00:00,1.139601,1.139861,1.139471,1.139861,0.000000
2026-07-27 00:00:00+00:00,1.139991,1.140511,1.139991,1.140511,0.000000
2026-07-27 00:15:00+00:00,1.140511,1.141292,1.140511,1.141162,0.000000
2026-07-27 00:30:00+00:00,1.141422,1.141553,1.140771,1.140771,0.000000
2026-07-27 00:45:00+00:00,1.140771,1.140901,1.140381,1.140511,0.000000
2026-07-27 01:00:00+00:00,1.140641,1.141032,1.140641,1.140901,0.000000
2026-07-27 01:15:00+00:00,1.140901,1.141032,1.140901,1.140901,0.000000
2026-07-27 01:30:00+00:00,1.141032,1.141162,1.140641,1.141032,0.000000
2026-07-27 01:45:00+00:00,1.141162,1.141683,1.141162,1.141683,0.000000
2026-07-27 02:00:00+00:00,1.141683,1.141683,1.141292,1.141292,0.000000
2026-07-27 02:15:00+00:00,1.141422,1.141422,1.141162,1.141422,0.000000
2026-07-27 02:30:00+00:00,1.141162,1.141422,1.141162,1.141162,0.000000
2026-07-27 02:45:00+00:00,1.141162,1.141162,1.140901,1.140901,0.000000
2026-07-27 03:00:00+00:00,1.141032,1.141032,1.140641,1.140641,0.000000
2026-07-27 03:15:00+00:00,1.140641,1.140771,1.140641,1.140771,0.000000
2026-07-27 03:30:00+00:00,1.140641,1.140641,1.140511,1.140641,0.000000
2026-07-27 03:45:00+00:00,1.140641,1.140771,1.140641,1.140641,0.000000
2026-07-27 04:00:00+00:00,1.140641,1.140771,1.140641,1.140641,0.000000
2026-07-27 04:15:00+00:00,1.140771,1.140901,1.140641,1.140641,0.000000
2026-07-27 04:30:00+00:00,1.140641,1.140771,1.140641,1.140641,0.000000
2026-07-27 04:45:00+00:00,1.140641,1.140771,1.140511,1.140771,0.000000
2026-07-27 05:00:00+00:00,1.140511,1.140901,1.140511,1.140901,0.000000
2026-07-27 05:15:00+00:00,1.141032,1.141032,1.140771,1.140901,0.000000
2026-07-27 05:30:00+00:00,1.140901,1.140901,1.140771,1.140771,0.000000
2026-07-27 05:45:00+00:00,1.140771,1.141032,1.140641,1.140901,0.000000
2026-07-27 06:00:00+00:00,1.141032,1.141683,1.141032,1.141422,0.000000
2026-07-27 06:15:00+00:00,1.141553,1.141683,1.141162,1.141553,0.000000
2026-07-27 06:30:00+00:00,1.141553,1.142074,1.141292,1.141813,0.000000
2026-07-27 06:45:00+00:00,1.141813,1.141813,1.141162,1.141292,0.000000
2026-07-27 07:00:00+00:00,1.141162,1.141292,1.140771,1.141162,0.000000
2026-07-27 07:15:00+00:00,1.141162,1.141162,1.140901,1.141162,0.000000
2026-07-27 07:30:00+00:00,1.140901,1.141032,1.140511,1.140641,0.000000
2026-07-27 07:45:00+00:00,1.140641,1.140641,1.140251,1.140251,0.000000
2026-07-27 08:00:00+00:00,1.140121,1.140251,1.139991,1.139991,0.000000
2026-07-27 08:15:00+00:00,1.139861,1.139991,1.139861,1.139991,0.000000
2026-07-27 08:30:00+00:00,1.139861,1.140381,1.139861,1.140251,0.000000
2026-07-27 08:45:00+00:00,1.140251,1.140641,1.139991,1.140641,0.000000
2026-07-27 09:00:00+00:00,1.140511,1.140641,1.140121,1.140121,0.000000
2026-07-27 09:15:00+00:00,1.140121,1.140251,1.139991,1.139991,0.000000
2026-07-27 09:30:00+00:00,1.139861,1.140251,1.139861,1.139991,0.000000
2026-07-27 09:45:00+00:00,1.139991,1.140121,1.139991,1.139991,0.000000
2026-07-27 10:00:00+00:00,1.139861,1.140381,1.139731,1.139861,0.000000
2026-07-27 10:15:00+00:00,1.139991,1.140251,1.139991,1.140121,0.000000
2026-07-27 10:30:00+00:00,1.140121,1.140511,1.139991,1.140381,0.000000
2026-07-27 10:45:00+00:00,1.140381,1.140381,1.139731,1.139731,0.000000
2026-07-27 11:00:00+00:00,1.139861,1.139861,1.139471,1.139601,0.000000
2026-07-27 11:15:00+00:00,1.139471,1.139731,1.139471,1.139601,0.000000
2026-07-27 11:30:00+00:00,1.139601,1.139861,1.139601,1.139601,0.000000
2026-07-27 11:45:00+00:00,1.139471,1.139471,1.138822,1.138952,0.000000
2026-07-27 12:00:00+00:00,1.139082,1.139341,1.138822,1.138822,0.000000
2026-07-27 12:15:00+00:00,1.138822,1.138952,1.138693,1.138693,0.000000
2026-07-27 12:30:00+00:00,1.138693,1.138693,1.138045,1.138304,0.000000
2026-07-27 12:45:00+00:00,1.138304,1.138822,1.138304,1.138822,0.000000
2026-07-27 13:00:00+00:00,1.138563,1.138952,1.138304,1.138822,0.000000
2026-07-27 13:15:00+00:00,1.138693,1.138693,1.138045,1.138045,0.000000
2026-07-27 13:30:00+00:00,1.138433,1.138693,1.138304,1.138304,0.000000
2026-07-27 13:45:00+00:00,1.138304,1.138304,1.137656,1.137656,0.000000
2026-07-27 14:00:00+00:00,1.137398,1.137915,1.137398,1.137915,0.000000
2026-07-27 14:15:00+00:00,1.137915,1.137915,1.137527,1.137527,0.000000
2026-07-27 14:30:00+00:00,1.137398,1.137656,1.137398,1.137398,0.000000
2026-07-27 14:45:00+00:00,1.137527,1.137786,1.137268,1.137398,0.000000
2026-07-27 15:00:00+00:00,1.137527,1.137656,1.137268,1.137398,0.000000
2026-07-27 15:15:00+00:00,1.137398,1.137915,1.137398,1.137915,0.000000
2026-07-27 15:30:00+00:00,1.137915,1.137915,1.137786,1.137915,0.000000
2026-07-27 15:45:00+00:00,1.137786,1.138045,1.137786,1.137915,0.000000
2026-07-27 16:00:00+00:00,1.137786,1.138045,1.137786,1.137915,0.000000
2026-07-27 16:15:00+00:00,1.137915,1.138693,1.137915,1.138563,0.000000
2026-07-27 16:30:00+00:00,1.138563,1.138822,1.138563,1.138563,0.000000
2026-07-27 16:45:00+00:00,1.138563,1.138563,1.138304,1.138304,0.000000
2026-07-27 17:00:00+00:00,1.138174,1.138304,1.137656,1.137786,0.000000
2026-07-27 17:15:00+00:00,1.137656,1.137656,1.137268,1.137398,0.000000
2026-07-27 17:30:00+00:00,1.137268,1.137656,1.137268,1.137268,0.000000
2026-07-27 17:45:00+00:00,1.137268,1.137656,1.137139,1.137656,0.000000
2026-07-27 18:00:00+00:00,1.137527,1.137656,1.137527,1.137656,0.000000
2026-07-27 18:15:00+00:00,1.137656,1.137656,1.137268,1.137268,0.000000
2026-07-27 18:30:00+00:00,1.137398,1.137398,1.137139,1.137398,0.000000
2026-07-27 18:45:00+00:00,1.137268,1.137268,1.137139,1.137139,0.000000
2026-07-27 19:00:00+00:00,1.137268,1.137268,1.137010,1.137010,0.000000
2026-07-27 19:15:00+00:00,1.137139,1.137398,1.137139,1.137398,0.000000
2026-07-27 19:30:00+00:00,1.137527,1.137656,1.137398,1.137527,0.000000
2026-07-27 19:45:00+00:00,1.137527,1.137527,1.137398,1.137398,0.000000
2026-07-27 20:00:00+00:00,1.137268,1.137527,1.137268,1.137527,0.000000
2026-07-27 20:15:00+00:00,1.137527,1.137527,1.137398,1.137398,0.000000
2026-07-27 20:30:00+00:00,1.137398,1.137398,1.137139,1.137139,0.000000
2026-07-27 20:45:00+00:00,1.137010,1.137139,1.137010,1.137139,0.000000
2026-07-27 21:00:00+00:00,1.136493,1.138174,1.136493,1.138174,0.000000
2026-07-27 21:15:00+00:00,1.137915,1.138174,1.137915,1.138045,0.000000
2026-07-27 21:30:00+00:00,1.138433,1.138433,1.137398,1.137786,0.000000
2026-07-27 21:45:00+00:00,1.137915,1.137915,1.137268,1.137527,0.000000
2026-07-27 22:00:00+00:00,1.137268,1.137527,1.137268,1.137268,0.000000
2026-07-27 22:15:00+00:00,1.137268,1.137398,1.137268,1.137268,0.000000
2026-07-27 22:30:00+00:00,1.137268,1.137398,1.137268,1.137268,0.000000
2026-07-27 22:45:00+00:00,1.137268,1.137268,1.137268,1.137268,0.000000
2026-07-27 23:00:00+00:00,1.137268,1.137398,1.137268,1.137268,0.000000
2026-07-27 23:15:00+00:00,1.137398,1.137398,1.137268,1.137398,0.000000
2026-07-27 23:30:00+00:00,1.137398,1.137398,1.137268,1.137268,0.000000
2026-07-27 23:45:00+00:00,1.137268,1.137268,1.137139,1.137268,0.000000
2026-07-28 00:00:00+00:00,1.137139,1.137268,1.137010,1.137139,0.000000
2026-07-28 00:15:00+00:00,1.137139,1.137656,1.137139,1.137527,0.000000
2026-07-28 00:30:00+00:00,1.137527,1.137656,1.137527,1.137527,0.000000
2026-07-28 00:45:00+00:00,1.137527,1.137786,1.137398,1.137786,0.000000
2026-07-28 01:00:00+00:00,1.137786,1.138045,1.137786,1.137786,0.000000
2026-07-28 01:15:00+00:00,1.137786,1.137915,1.137786,1.137915,0.000000
2026-07-28 01:30:00+00:00,1.137915,1.137915,1.137656,1.137656,0.000000
2026-07-28 01:45:00+00:00,1.137656,1.137656,1.137398,1.137656,0.000000
2026-07-28 02:00:00+00:00,1.137656,1.137786,1.137527,1.137656,0.000000
2026-07-28 02:15:00+00:00,1.137786,1.137786,1.137527,1.137527,0.000000
2026-07-28 02:30:00+00:00,1.137527,1.137656,1.137527,1.137656,0.000000
2026-07-28 02:45:00+00:00,1.137656,1.138174,1.137656,1.138045,0.000000
2026-07-28 03:00:00+00:00,1.138045,1.138045,1.137915,1.137915,0.000000
2026-07-28 03:15:00+00:00,1.137915,1.138174,1.137915,1.138045,0.000000
2026-07-28 03:30:00+00:00,1.138174,1.138304,1.137915,1.137915,0.000000
2026-07-28 03:45:00+00:00,1.137915,1.137915,1.137656,1.137786,0.000000
2026-07-28 04:00:00+00:00,1.137656,1.137656,1.137398,1.137398,0.000000
2026-07-28 04:15:00+00:00,1.137398,1.137527,1.137268,1.137398,0.000000
2026-07-28 04:30:00+00:00,1.137656,1.137656,1.137398,1.137398,0.000000
2026-07-28 04:45:00+00:00,1.137398,1.137527,1.137139,1.137268,0.000000
2026-07-28 05:00:00+00:00,1.137139,1.137139,1.136622,1.136622,0.000000
2026-07-28 05:15:00+00:00,1.136622,1.136751,1.136493,1.136751,0.000000
2026-07-28 05:30:00+00:00,1.136880,1.136880,1.136622,1.136880,0.000000
2026-07-28 05:45:00+00:00,1.136880,1.137010,1.136751,1.137010,0.000000
2026-07-28 06:00:00+00:00,1.137010,1.137139,1.136880,1.137010,0.000000
2026-07-28 06:15:00+00:00,1.137139,1.137398,1.137010,1.137398,0.000000
2026-07-28 06:30:00+00:00,1.137398,1.137527,1.137268,1.137398,0.000000
2026-07-28 06:45:00+00:00,1.137268,1.137398,1.137139,1.137139,0.000000
2026-07-28 07:00:00+00:00,1.137139,1.137656,1.137010,1.137527,0.000000
2026-07-28 07:15:00+00:00,1.137656,1.137656,1.137268,1.137268,0.000000
2026-07-28 07:30:00+00:00,1.137398,1.137527,1.137139,1.137139,0.000000
2026-07-28 07:45:00+00:00,1.137139,1.137139,1.136751,1.136880,0.000000
2026-07-28 08:00:00+00:00,1.136880,1.137398,1.136880,1.137139,0.000000
2026-07-28 08:15:00+00:00,1.137139,1.137527,1.137139,1.137268,0.000000
2026-07-28 08:30:00+00:00,1.137398,1.137398,1.137139,1.137398,0.000000
2026-07-28 08:45:00+00:00,1.137398,1.137527,1.137398,1.137527,0.000000
2026-07-28 09:00:00+00:00,1.137656,1.137656,1.137010,1.137010,0.000000
2026-07-28 09:15:00+00:00,1.137010,1.137139,1.136880,1.137010,0.000000
2026-07-28 09:30:00+00:00,1.136880,1.136880,1.136622,1.136622,0.000000
2026-07-28 09:45:00+00:00,1.136364,1.136493,1.135976,1.135976,0.000000
2026-07-28 10:00:00+00:00,1.135976,1.135976,1.135718,1.135976,0.000000
2026-07-28 10:15:00+00:00,1.135847,1.136105,1.135847,1.135976,0.000000
2026-07-28 10:30:00+00:00,1.135976,1.136364,1.135976,1.136105,0.000000
2026-07-28 10:45:00+00:00,1.136105,1.136622,1.136105,1.136364,0.000000
2026-07-28 11:00:00+00:00,1.136493,1.136493,1.136105,1.136235,0.000000
2026-07-28 11:15:00+00:00,1.136364,1.136880,1.136364,1.136880,0.000000
2026-07-28 11:30:00+00:00,1.136880,1.136880,1.136751,1.136751,0.000000
2026-07-28 11:45:00+00:00,1.136751,1.137139,1.136493,1.137010,0.000000
2026-07-28 12:00:00+00:00,1.136880,1.136880,1.136493,1.136880,0.000000
2026-07-28 12:15:00+00:00,1.136880,1.136880,1.136622,1.136622,0.000000
2026-07-28 12:30:00+00:00,1.136622,1.136880,1.136493,1.136880,0.000000
2026-07-28 12:45:00+00:00,1.136880,1.137139,1.136880,1.137010,0.000000
2026-07-28 13:00:00+00:00,1.136880,1.137268,1.136880,1.137010,0.000000
2026-07-28 13:15:00+00:00,1.137010,1.137398,1.137010,1.137139,0.000000
2026-07-28 13:30:00+00:00,1.137268,1.137398,1.137139,1.137268,0.000000
2026-07-28 13:45:00+00:00,1.137139,1.137656,1.137139,1.137398,0.000000
2026-07-28 14:00:00+00:00,1.137527,1.137786,1.137527,1.137656,0.000000
2026-07-28 14:15:00+00:00,1.137656,1.138045,1.137527,1.138045,0.000000
2026-07-28 14:30:00+00:00,1.138174,1.138304,1.138045,1.138304,0.000000
2026-07-28 14:45:00+00:00,1.138174,1.138952,1.138045,1.138952,0.000000
2026-07-28 15:00:00+00:00,1.138952,1.139731,1.138822,1.139731,0.000000
2026-07-28 15:15:00+00:00,1.139861,1.140121,1.139601,1.139991,0.000000
2026-07-28 15:30:00+00:00,1.139991,1.140381,1.139861,1.140381,0.000000
2026-07-28 15:45:00+00:00,1.140511,1.140511,1.139991,1.140381,0.000000
2026-07-28 16:00:00+00:00,1.140381,1.140641,1.140251,1.140641,0.000000
2026-07-28 16:15:00+00:00,1.140511,1.140771,1.140511,1.140771,0.000000
2026-07-28 16:30:00+00:00,1.140771,1.140771,1.140381,1.140381,0.000000
2026-07-28 16:45:00+00:00,1.140381,1.140381,1.139991,1.139991,0.000000
2026-07-28 17:00:00+00:00,1.139861,1.139991,1.139731,1.139731,0.000000
2026-07-28 17:15:00+00:00,1.139861,1.139991,1.139601,1.139601,0.000000
2026-07-28 17:30:00+00:00,1.139601,1.139731,1.139471,1.139471,0.000000
2026-07-28 17:45:00+00:00,1.139471,1.139471,1.139212,1.139341,0.000000
2026-07-28 18:00:00+00:00,1.139212,1.139341,1.139082,1.139212,0.000000
2026-07-28 18:15:00+00:00,1.139341,1.139471,1.139082,1.139082,0.000000
2026-07-28 18:30:00+00:00,1.139212,1.139212,1.139082,1.139212,0.000000
2026-07-28 18:45:00+00:00,1.139082,1.139082,1.138952,1.138952,0.000000
2026-07-28 19:00:00+00:00,1.138952,1.139341,1.138952,1.139082,0.000000
2026-07-28 19:15:00+00:00,1.139082,1.139341,1.139082,1.139212,0.000000
2026-07-28 19:30:00+00:00,1.139212,1.139471,1.139212,1.139341,0.000000
2026-07-28 19:45:00+00:00,1.139341,1.139471,1.139082,1.139082,0.000000
2026-07-28 20:00:00+00:00,1.139082,1.139212,1.139082,1.139212,0.000000
2026-07-28 20:15:00+00:00,1.139212,1.139212,1.138952,1.138952,0.000000
2026-07-28 20:30:00+00:00,1.138952,1.139082,1.138822,1.139082,0.000000
2026-07-28 20:45:00+00:00,1.139082,1.139082,1.138952,1.138952,0.000000
2026-07-28 21:00:00+00:00,1.138563,1.139861,1.138304,1.139341,0.000000
2026-07-28 21:15:00+00:00,1.139471,1.139601,1.139212,1.139471,0.000000
2026-07-28 21:30:00+00:00,1.139341,1.139601,1.139341,1.139471,0.000000
2026-07-28 21:45:00+00:00,1.139601,1.139601,1.139212,1.139471,0.000000
2026-07-28 22:00:00+00:00,1.139212,1.139471,1.139212,1.139212,0.000000
2026-07-28 22:15:00+00:00,1.139212,1.139212,1.138822,1.138822,0.000000
2026-07-28 22:30:00+00:00,1.138822,1.138952,1.138822,1.138822,0.000000
2026-07-28 22:45:00+00:00,1.138822,1.138822,1.138822,1.138822,0.000000
2026-07-28 23:00:00+00:00,1.138822,1.138822,1.138563,1.138693,0.000000
2026-07-28 23:15:00+00:00,1.138693,1.138822,1.138693,1.138822,0.000000
2026-07-28 23:30:00+00:00,1.138822,1.138822,1.138822,1.138822,0.000000
2026-07-28 23:45:00+00:00,1.138822,1.138952,1.138693,1.138952,0.000000
2026-07-29 00:00:00+00:00,1.138822,1.138952,1.138563,1.138693,0.000000
2026-07-29 00:15:00+00:00,1.138693,1.139341,1.138693,1.139212,0.000000
2026-07-29 00:30:00+00:00,1.139212,1.139341,1.139212,1.139212,0.000000
2026-07-29 00:45:00+00:00,1.139212,1.139341,1.139082,1.139341,0.000000
2026-07-29 01:00:00+00:00,1.139471,1.139471,1.139212,1.139212,0.000000
2026-07-29 01:15:00+00:00,1.139212,1.139601,1.139212,1.139471,0.000000
2026-07-29 01:30:00+00:00,1.139082,1.139341,1.138952,1.138952,0.000000
2026-07-29 01:45:00+00:00,1.138952,1.139471,1.138952,1.139471,0.000000
2026-07-29 02:00:00+00:00,1.139471,1.139731,1.139341,1.139731,0.000000
2026-07-29 02:15:00+00:00,1.139731,1.139861,1.139601,1.139731,0.000000
2026-07-29 02:30:00+00:00,1.139731,1.139861,1.139731,1.139861,0.000000
2026-07-29 02:45:00+00:00,1.139731,1.139861,1.139601,1.139731,0.000000
2026-07-29 03:00:00+00:00,1.139731,1.139991,1.139731,1.139861,0.000000
2026-07-29 03:15:00+00:00,1.139861,1.140251,1.139861,1.140251,0.000000
2026-07-29 03:30:00+00:00,1.140251,1.140381,1.140251,1.140251,0.000000
2026-07-29 03:45:00+00:00,1.140251,1.140381,1.139991,1.139991,0.000000
2026-07-29 04:00:00+00:00,1.139991,1.140251,1.139991,1.140251,0.000000
2026-07-29 04:15:00+00:00,1.140251,1.140511,1.140251,1.140251,0.000000
2026-07-29 04:30:00+00:00,1.140251,1.140641,1.140251,1.140641,0.000000
2026-07-29 04:45:00+00:00,1.140641,1.140641,1.140251,1.140511,0.000000
2026-07-29 05:00:00+00:00,1.140511,1.140641,1.140381,1.140511,0.000000
2026-07-29 05:15:00+00:00,1.140511,1.140511,1.140251,1.140251,0.000000
2026-07-29 05:30:00+00:00,1.140251,1.140251,1.140121,1.140251,0.000000
2026-07-29 05:45:00+00:00,1.140251,1.140511,1.140121,1.140121,0.000000
2026-07-29 06:00:00+00:00,1.140251,1.140381,1.139861,1.139991,0.000000
2026-07-29 06:15:00+00:00,1.140121,1.140121,1.139731,1.139731,0.000000
2026-07-29 06:30:00+00:00,1.139601,1.139731,1.139601,1.139731,0.000000
2026-07-29 06:45:00+00:00,1.139731,1.139731,1.139341,1.139471,0.000000
2026-07-29 07:00:00+00:00,1.139471,1.139991,1.139471,1.139731,0.000000
2026-07-29 07:15:00+00:00,1.139731,1.140121,1.139731,1.139991,0.000000
2026-07-29 07:30:00+00:00,1.139991,1.140381,1.139991,1.140121,0.000000
2026-07-29 07:45:00+00:00,1.140121,1.140381,1.140121,1.140121,0.000000
2026-07-29 08:00:00+00:00,1.140121,1.140251,1.139861,1.139861,0.000000
2026-07-29 08:15:00+00:00,1.139991,1.139991,1.139731,1.139861,0.000000
2026-07-29 08:30:00+00:00,1.139861,1.140121,1.139601,1.140121,0.000000
2026-07-29 08:45:00+00:00,1.140121,1.140381,1.139861,1.139991,0.000000
2026-07-29 09:00:00+00:00,1.139861,1.139991,1.139861,1.139861,0.000000
2026-07-29 09:15:00+00:00,1.139861,1.139991,1.139731,1.139861,0.000000
2026-07-29 09:30:00+00:00,1.139861,1.139991,1.139601,1.139731,0.000000
2026-07-29 09:45:00+00:00,1.139861,1.139861,1.139601,1.139601,0.000000
2026-07-29 10:00:00+00:00,1.139471,1.139601,1.139341,1.139471,0.000000
2026-07-29 10:15:00+00:00,1.139471,1.139471,1.139082,1.139212,0.000000
2026-07-29 10:30:00+00:00,1.139471,1.139471,1.139082,1.139082,0.000000
2026-07-29 10:45:00+00:00,1.139082,1.139082,1.138693,1.138822,0.000000
2026-07-29 11:00:00+00:00,1.138952,1.139082,1.138952,1.139082,0.000000
2026-07-29 11:15:00+00:00,1.139082,1.139212,1.138822,1.139082,0.000000
2026-07-29 11:30:00+00:00,1.139082,1.139082,1.138563,1.138563,0.000000
2026-07-29 11:45:00+00:00,1.138563,1.138822,1.138433,1.138433,0.000000
2026-07-29 12:00:00+00:00,1.138563,1.138563,1.138304,1.138304,0.000000
2026-07-29 12:15:00+00:00,1.138174,1.138304,1.137915,1.138045,0.000000
2026-07-29 12:30:00+00:00,1.137915,1.138304,1.137915,1.138304,0.000000
2026-07-29 12:45:00+00:00,1.138174,1.138304,1.138045,1.138045,0.000000
2026-07-29 13:00:00+00:00,1.138304,1.138304,1.138045,1.138304,0.000000
2026-07-29 13:15:00+00:00,1.138304,1.138952,1.138304,1.138952,0.000000
2026-07-29 13:30:00+00:00,1.138822,1.138952,1.138693,1.138952,0.000000
2026-07-29 13:45:00+00:00,1.139082,1.139471,1.139082,1.139341,0.000000
2026-07-29 14:00:00+00:00,1.139601,1.139601,1.139212,1.139212,0.000000
2026-07-29 14:15:00+00:00,1.139212,1.139731,1.139082,1.139731,0.000000
2026-07-29 14:30:00+00:00,1.139861,1.139991,1.139471,1.139471,0.000000
2026-07-29 14:45:00+00:00,1.139471,1.139471,1.138433,1.138433,0.000000
2026-07-29 15:00:00+00:00,1.138433,1.138822,1.138304,1.138822,0.000000
2026-07-29 15:15:00+00:00,1.138822,1.138822,1.138174,1.138433,0.000000
2026-07-29 15:30:00+00:00,1.138304,1.138433,1.138174,1.138433,0.000000
2026-07-29 15:45:00+00:00,1.138433,1.138693,1.138433,1.138563,0.000000
2026-07-29 16:00:00+00:00,1.138563,1.138563,1.138174,1.138304,0.000000
2026-07-29 16:15:00+00:00,1.138045,1.138563,1.138045,1.138563,0.000000
2026-07-29 16:30:00+00:00,1.138563,1.138563,1.138304,1.138563,0.000000
2026-07-29 16:45:00+00:00,1.138563,1.138822,1.138563,1.138822,0.000000
2026-07-29 17:00:00+00:00,1.138822,1.139341,1.138822,1.139341,0.000000
2026-07-29 17:15:00+00:00,1.139212,1.139601,1.139212,1.139341,0.000000
2026-07-29 17:30:00+00:00,1.139341,1.139861,1.139341,1.139861,0.000000
2026-07-29 17:45:00+00:00,1.139991,1.140251,1.139861,1.139991,0.000000
2026-07-29 18:00:00+00:00,1.141813,1.142988,1.141813,1.142857,0.000000
2026-07-29 18:15:00+00:00,1.143249,1.143249,1.142074,1.142335,0.000000
2026-07-29 18:30:00+00:00,1.142857,1.143641,1.141162,1.143641,0.000000
2026-07-29 18:45:00+00:00,1.143903,1.145475,1.143903,1.145344,0.000000
2026-07-29 19:00:00+00:00,1.145607,1.145738,1.144689,1.145344,0.000000
2026-07-29 19:15:00+00:00,1.145607,1.146920,1.145475,1.145607,0.000000
2026-07-29 19:30:00+00:00,1.145475,1.146132,1.144951,1.146132,0.000000
2026-07-29 19:45:00+00:00,1.145869,1.146000,1.145213,1.145213,0.000000
2026-07-29 20:00:00+00:00,1.145082,1.145475,1.145082,1.145475,0.000000
2026-07-29 20:15:00+00:00,1.145344,1.145869,1.145344,1.145869,0.000000
2026-07-29 20:30:00+00:00,1.145869,1.146920,1.145869,1.146920,0.000000
2026-07-29 20:45:00+00:00,1.146789,1.147315,1.146789,1.147052,0.000000
2026-07-29 21:00:00+00:00,1.147579,1.149293,1.145344,1.146526,0.000000
2026-07-29 21:15:00+00:00,1.146395,1.146920,1.146395,1.146789,0.000000
2026-07-29 21:30:00+00:00,1.146789,1.146920,1.146526,1.146920,0.000000
2026-07-29 21:45:00+00:00,1.146789,1.146789,1.146395,1.146526,0.000000
2026-07-29 22:00:00+00:00,1.146920,1.147184,1.146920,1.147184,0.000000
2026-07-29 22:15:00+00:00,1.147184,1.147315,1.147052,1.147052,0.000000
2026-07-29 22:30:00+00:00,1.147184,1.147315,1.147184,1.147315,0.000000
2026-07-29 22:45:00+00:00,1.147315,1.147447,1.147315,1.147447,0.000000
2026-07-29 23:00:00+00:00,1.147579,1.147842,1.147315,1.147315,0.000000
2026-07-29 23:15:00+00:00,1.147315,1.147447,1.147052,1.147052,0.000000
2026-07-29 23:30:00+00:00,1.147052,1.147052,1.146920,1.146920,0.000000
2026-07-29 23:45:00+00:00,1.146789,1.147315,1.146789,1.147052,0.000000
2026-07-30 00:00:00+00:00,1.147052,1.147184,1.146789,1.147052,0.000000
2026-07-30 00:15:00+00:00,1.147052,1.147052,1.146000,1.146132,0.000000
2026-07-30 00:30:00+00:00,1.146132,1.146132,1.146000,1.146000,0.000000
2026-07-30 00:45:00+00:00,1.146000,1.146132,1.146000,1.146132,0.000000
2026-07-30 01:00:00+00:00,1.146132,1.146395,1.146132,1.146263,0.000000
2026-07-30 01:15:00+00:00,1.146263,1.146263,1.145738,1.145869,0.000000
2026-07-30 01:30:00+00:00,1.145869,1.146132,1.145869,1.146000,0.000000
2026-07-30 01:45:00+00:00,1.146000,1.146132,1.145607,1.145607,0.000000
2026-07-30 02:00:00+00:00,1.145869,1.145869,1.145607,1.145607,0.000000
2026-07-30 02:15:00+00:00,1.145607,1.145607,1.145475,1.145607,0.000000
2026-07-30 02:30:00+00:00,1.145607,1.145869,1.145607,1.145738,0.000000
2026-07-30 02:45:00+00:00,1.145738,1.145869,1.145607,1.145607,0.000000
2026-07-30 03:00:00+00:00,1.145607,1.145738,1.145475,1.145475,0.000000
2026-07-30 03:15:00+00:00,1.145475,1.145475,1.145213,1.145344,0.000000
2026-07-30 03:30:00+00:00,1.145344,1.145607,1.145344,1.145607,0.000000
2026-07-30 03:45:00+00:00,1.145475,1.145475,1.145344,1.145344,0.000000
2026-07-30 04:00:00+00:00,1.145213,1.145607,1.145213,1.145607,0.000000
2026-07-30 04:15:00+00:00,1.145607,1.145738,1.145607,1.145607,0.000000
2026-07-30 04:30:00+00:00,1.145607,1.145738,1.145607,1.145607,0.000000
2026-07-30 04:45:00+00:00,1.145607,1.145607,1.145344,1.145344,0.000000
2026-07-30 05:00:00+00:00,1.145344,1.145869,1.145344,1.145869,0.000000
2026-07-30 05:15:00+00:00,1.145869,1.146000,1.145738,1.145869,0.000000
2026-07-30 05:30:00+00:00,1.145869,1.145869,1.145475,1.145475,0.000000
2026-07-30 05:45:00+00:00,1.145607,1.145738,1.145213,1.145344,0.000000
2026-07-30 06:00:00+00:00,1.145475,1.145475,1.144689,1.144689,0.000000
2026-07-30 06:15:00+00:00,1.144951,1.144951,1.144689,1.144820,0.000000
2026-07-30 06:30:00+00:00,1.144820,1.145082,1.144689,1.145082,0.000000
2026-07-30 06:45:00+00:00,1.144951,1.145344,1.144951,1.145082,0.000000
2026-07-30 07:00:00+00:00,1.145082,1.145475,1.144558,1.144558,0.000000
2026-07-30 07:15:00+00:00,1.144558,1.144689,1.144034,1.144034,0.000000
2026-07-30 07:30:00+00:00,1.143903,1.144165,1.143903,1.144165,0.000000
2026-07-30 07:45:00+00:00,1.144034,1.144165,1.144034,1.144165,0.000000
2026-07-30 08:00:00+00:00,1.144427,1.145082,1.144296,1.145082,0.000000
2026-07-30 08:15:00+00:00,1.145082,1.145738,1.145082,1.145738,0.000000
2026-07-30 08:30:00+00:00,1.145738,1.145738,1.144951,1.145344,0.000000
2026-07-30 08:45:00+00:00,1.145475,1.145738,1.145082,1.145213,0.000000
2026-07-30 09:00:00+00:00,1.145344,1.146132,1.145344,1.146132,0.000000
2026-07-30 09:15:00+00:00,1.146132,1.146657,1.146132,1.146657,0.000000
2026-07-30 09:30:00+00:00,1.146395,1.146657,1.146395,1.146526,0.000000
2026-07-30 09:45:00+00:00,1.146526,1.147052,1.146526,1.146789,0.000000
2026-07-30 10:00:00+00:00,1.146789,1.147315,1.146526,1.147315,0.000000
2026-07-30 10:15:00+00:00,1.147579,1.147974,1.147315,1.147579,0.000000
2026-07-30 10:30:00+00:00,1.147579,1.148501,1.147579,1.148501,0.000000
2026-07-30 10:45:00+00:00,1.148501,1.148633,1.147710,1.147710,0.000000
2026-07-30 11:00:00+00:00,1.147842,1.147974,1.147579,1.147579,0.000000
2026-07-30 11:15:00+00:00,1.147579,1.147579,1.147052,1.147052,0.000000
2026-07-30 11:30:00+00:00,1.147052,1.147052,1.146920,1.146920,0.000000
2026-07-30 11:45:00+00:00,1.146920,1.147842,1.146920,1.147842,0.000000
2026-07-30 12:00:00+00:00,1.147974,1.148369,1.147974,1.148369,0.000000
2026-07-30 12:15:00+00:00,1.148237,1.148237,1.147842,1.148106,0.000000
2026-07-30 12:30:00+00:00,1.148633,1.148633,1.147579,1.148501,0.000000
2026-07-30 12:45:00+00:00,1.148501,1.148501,1.147447,1.147710,0.000000
2026-07-30 13:00:00+00:00,1.147710,1.147842,1.147315,1.147710,0.000000
2026-07-30 13:15:00+00:00,1.147447,1.148369,1.147447,1.148369,0.000000
2026-07-30 13:30:00+00:00,1.148369,1.150483,1.148369,1.150483,0.000000
2026-07-30 13:45:00+00:00,1.150616,1.152605,1.150351,1.152605,0.000000
2026-07-30 14:00:00+00:00,1.152605,1.153802,1.152206,1.152871,0.000000
2026-07-30 14:15:00+00:00,1.153270,1.153536,1.152339,1.152339,0.000000
2026-07-30 14:30:00+00:00,1.152472,1.152472,1.151410,1.151410,0.000000
2026-07-30 14:45:00+00:00,1.151808,1.151808,1.150748,1.150748,0.000000
2026-07-30 15:00:00+00:00,1.150483,1.150880,1.150351,1.150616,0.000000
2026-07-30 15:15:00+00:00,1.151145,1.151808,1.151145,1.151808,0.000000
2026-07-30 15:30:00+00:00,1.151941,1.152605,1.151808,1.152472,0.000000
2026-07-30 15:45:00+00:00,1.152605,1.152738,1.152472,1.152472,0.000000
2026-07-30 16:00:00+00:00,1.152738,1.153136,1.152738,1.152738,0.000000
2026-07-30 16:15:00+00:00,1.152738,1.153270,1.152738,1.153270,0.000000
2026-07-30 16:30:00+00:00,1.153403,1.153403,1.152871,1.152871,0.000000
2026-07-30 16:45:00+00:00,1.152871,1.153136,1.152738,1.153136,0.000000
2026-07-30 17:00:00+00:00,1.153270,1.153270,1.152472,1.152472,0.000000
2026-07-30 17:15:00+00:00,1.152339,1.152339,1.152206,1.152339,0.000000
2026-07-30 17:30:00+00:00,1.152206,1.153136,1.151941,1.153136,0.000000
2026-07-30 17:45:00+00:00,1.153270,1.153270,1.153004,1.153136,0.000000
2026-07-30 18:00:00+00:00,1.153536,1.153802,1.153270,1.153802,0.000000
2026-07-30 18:15:00+00:00,1.153802,1.153802,1.153136,1.153270,0.000000
2026-07-30 18:30:00+00:00,1.153403,1.153669,1.153270,1.153403,0.000000
2026-07-30 18:45:00+00:00,1.153536,1.153802,1.153536,1.153802,0.000000
2026-07-30 19:00:00+00:00,1.153935,1.153935,1.153136,1.153403,0.000000
2026-07-30 19:15:00+00:00,1.153136,1.153669,1.153136,1.153536,0.000000
2026-07-30 19:30:00+00:00,1.153536,1.153536,1.153403,1.153403,0.000000
2026-07-30 19:45:00+00:00,1.153536,1.153536,1.153270,1.153536,0.000000
2026-07-30 20:00:00+00:00,1.153403,1.153536,1.153270,1.153403,0.000000
2026-07-30 20:15:00+00:00,1.153403,1.153403,1.153136,1.153136,0.000000
2026-07-30 20:30:00+00:00,1.153004,1.153270,1.153004,1.153004,0.000000
2026-07-30 20:45:00+00:00,1.153004,1.153270,1.153004,1.153136,0.000000
2026-07-30 21:00:00+00:00,1.153136,1.153270,1.152871,1.152871,0.000000
2026-07-30 21:15:00+00:00,1.152871,1.153004,1.152738,1.152738,0.000000
2026-07-30 21:30:00+00:00,1.152738,1.153004,1.152738,1.153004,0.000000
2026-07-30 21:45:00+00:00,1.152738,1.153004,1.152738,1.152871,0.000000
2026-07-30 22:00:00+00:00,1.153004,1.153270,1.152871,1.153004,0.000000
2026-07-30 22:15:00+00:00,1.153004,1.153136,1.152871,1.153004,0.000000
2026-07-30 22:30:00+00:00,1.153004,1.153403,1.153004,1.153270,0.000000
2026-07-30 22:45:00+00:00,1.153270,1.153403,1.153136,1.153136,0.000000
2026-07-30 23:00:00+00:00,1.153270,1.153403,1.152871,1.152871,0.000000
2026-07-30 23:15:00+00:00,1.152871,1.153004,1.152738,1.152871,0.000000
2026-07-30 23:30:00+00:00,1.152738,1.152871,1.152605,1.152738,0.000000
2026-07-30 23:45:00+00:00,1.152871,1.152871,1.152605,1.152605,0.000000
2026-07-31 00:00:00+00:00,1.152738,1.152738,1.152339,1.152605,0.000000
2026-07-31 00:15:00+00:00,1.152605,1.153004,1.152605,1.152605,0.000000
2026-07-31 00:30:00+00:00,1.152605,1.152605,1.151941,1.151941,0.000000
2026-07-31 00:45:00+00:00,1.152074,1.152339,1.151941,1.152206,0.000000
2026-07-31 01:00:00+00:00,1.152206,1.152339,1.151941,1.151941,0.000000
2026-07-31 01:15:00+00:00,1.151941,1.152206,1.151941,1.152074,0.000000
2026-07-31 01:30:00+00:00,1.151941,1.152339,1.151808,1.151808,0.000000
2026-07-31 01:45:00+00:00,1.151808,1.151808,1.151410,1.151410,0.000000
2026-07-31 02:00:00+00:00,1.151410,1.151941,1.151410,1.151941,0.000000
2026-07-31 02:15:00+00:00,1.151808,1.151808,1.151676,1.151676,0.000000
2026-07-31 02:30:00+00:00,1.151676,1.151808,1.151543,1.151543,0.000000
2026-07-31 02:45:00+00:00,1.151543,1.151543,1.151410,1.151543,0.000000
2026-07-31 03:00:00+00:00,1.151543,1.151543,1.151278,1.151410,0.000000
2026-07-31 03:15:00+00:00,1.151410,1.151410,1.151145,1.151278,0.000000
2026-07-31 03:30:00+00:00,1.151278,1.151278,1.151013,1.151013,0.000000
2026-07-31 03:45:00+00:00,1.151145,1.151676,1.151145,1.151676,0.000000
2026-07-31 04:00:00+00:00,1.151676,1.151676,1.151543,1.151543,0.000000
2026-07-31 04:15:00+00:00,1.151543,1.151676,1.151543,1.151543,0.000000
2026-07-31 04:30:00+00:00,1.151410,1.151410,1.150880,1.151013,0.000000
2026-07-31 04:45:00+00:00,1.150880,1.151145,1.150880,1.151145,0.000000
2026-07-31 05:00:00+00:00,1.151145,1.151278,1.151013,1.151013,0.000000
2026-07-31 05:15:00+00:00,1.150880,1.151013,1.150880,1.151013,0.000000
2026-07-31 05:30:00+00:00,1.150880,1.151278,1.150880,1.151013,0.000000
2026-07-31 05:45:00+00:00,1.151013,1.151013,1.150880,1.151013,0.000000
2026-07-31 06:00:00+00:00,1.150880,1.151941,1.150880,1.151808,0.000000
2026-07-31 06:15:00+00:00,1.151808,1.152472,1.151808,1.152472,0.000000
2026-07-31 06:30:00+00:00,1.152074,1.152206,1.151410,1.151543,0.000000
2026-07-31 06:45:00+00:00,1.151941,1.152472,1.151941,1.152074,0.000000
2026-07-31 07:00:00+00:00,1.152074,1.152074,1.151808,1.152074,0.000000
2026-07-31 07:15:00+00:00,1.151941,1.151941,1.151676,1.151941,0.000000
2026-07-31 07:30:00+00:00,1.151676,1.152206,1.151543,1.152206,0.000000
2026-07-31 07:45:00+00:00,1.152206,1.152738,1.151676,1.151676,0.000000
2026-07-31 08:00:00+00:00,1.151808,1.151941,1.151145,1.151410,0.000000
2026-07-31 08:15:00+00:00,1.151410,1.151543,1.151278,1.151278,0.000000
2026-07-31 08:30:00+00:00,1.151145,1.151278,1.150880,1.151145,0.000000
2026-07-31 08:45:00+00:00,1.151278,1.152871,1.151278,1.152871,0.000000
2026-07-31 09:00:00+00:00,1.152738,1.152738,1.151941,1.151941,0.000000
2026-07-31 09:15:00+00:00,1.151808,1.152074,1.151278,1.151278,0.000000
2026-07-31 09:30:00+00:00,1.151278,1.151410,1.150880,1.150880,0.000000
2026-07-31 09:45:00+00:00,1.150748,1.151278,1.150748,1.150880,0.000000
2026-07-31 10:00:00+00:00,1.150748,1.151145,1.150748,1.151145,0.000000
2026-07-31 10:15:00+00:00,1.151013,1.151013,1.150616,1.150616,0.000000
2026-07-31 10:30:00+00:00,1.150616,1.150748,1.150483,1.150748,0.000000
2026-07-31 10:45:00+00:00,1.150616,1.150748,1.150483,1.150483,0.000000
2026-07-31 11:00:00+00:00,1.150483,1.150483,1.150218,1.150218,0.000000
2026-07-31 11:15:00+00:00,1.150218,1.150218,1.149557,1.149690,0.000000
2026-07-31 11:30:00+00:00,1.149557,1.149557,1.149293,1.149425,0.000000
2026-07-31 11:45:00+00:00,1.149425,1.149425,1.148897,1.148897,0.000000
2026-07-31 12:00:00+00:00,1.148765,1.149029,1.148633,1.149029,0.000000
2026-07-31 12:15:00+00:00,1.149029,1.149161,1.148765,1.148765,0.000000
2026-07-31 12:30:00+00:00,1.148633,1.149029,1.148633,1.148897,0.000000
2026-07-31 12:45:00+00:00,1.148897,1.149425,1.148765,1.149293,0.000000
2026-07-31 13:00:00+00:00,1.149161,1.149425,1.149161,1.149161,0.000000
2026-07-31 13:15:00+00:00,1.149161,1.150616,1.149029,1.150351,0.000000
2026-07-31 13:30:00+00:00,1.150351,1.150351,1.146132,1.147315,0.000000
2026-07-31 13:45:00+00:00,1.147184,1.147710,1.146920,1.147052,0.000000
2026-07-31 14:00:00+00:00,1.147052,1.147710,1.146657,1.147710,0.000000
2026-07-31 14:15:00+00:00,1.147710,1.148237,1.147579,1.148106,0.000000
2026-07-31 14:30:00+00:00,1.148369,1.149293,1.148369,1.149293,0.000000
2026-07-31 14:45:00+00:00,1.149557,1.150880,1.149557,1.150880,0.000000
2026-07-31 15:00:00+00:00,1.151013,1.151013,1.150086,1.150616,0.000000
2026-07-31 15:15:00+00:00,1.150748,1.151145,1.150351,1.150616,0.000000
2026-07-31 15:30:00+00:00,1.150748,1.151278,1.150483,1.151278,0.000000
2026-07-31 15:45:00+00:00,1.151145,1.152206,1.151145,1.152206,0.000000
2026-07-31 16:00:00+00:00,1.152074,1.152206,1.151676,1.152206,0.000000
2026-07-31 16:15:00+00:00,1.151941,1.152074,1.151676,1.151676,0.000000
2026-07-31 16:30:00+00:00,1.151676,1.152074,1.151676,1.151676,0.000000
2026-07-31 16:45:00+00:00,1.151808,1.152074,1.151808,1.152074,0.000000
2026-07-31 17:00:00+00:00,1.152206,1.152605,1.152074,1.152605,0.000000
2026-07-31 17:15:00+00:00,1.152605,1.153004,1.152339,1.153004,0.000000
2026-07-31 17:30:00+00:00,1.153136,1.153802,1.153136,1.153802,0.000000
2026-07-31 17:45:00+00:00,1.153802,1.154068,1.153136,1.153802,0.000000
2026-07-31 18:00:00+00:00,1.153669,1.153802,1.153403,1.153403,0.000000
2026-07-31 18:15:00+00:00,1.153136,1.153403,1.153136,1.153270,0.000000
2026-07-31 18:30:00+00:00,1.153270,1.153403,1.153004,1.153136,0.000000
2026-07-31 18:45:00+00:00,1.153004,1.153403,1.152871,1.153403,0.000000
2026-07-31 19:00:00+00:00,1.153536,1.153669,1.153536,1.153536,0.000000
2026-07-31 19:15:00+00:00,1.153536,1.153536,1.153403,1.153536,0.000000
2026-07-31 19:30:00+00:00,1.153403,1.153536,1.153004,1.153536,0.000000
2026-07-31 19:45:00+00:00,1.153669,1.153935,1.153403,1.153403,0.000000
2026-07-31 20:00:00+00:00,1.153403,1.153403,1.152871,1.153136,0.000000
2026-07-31 20:15:00+00:00,1.153403,1.154201,1.153403,1.153935,0.000000
2026-07-31 20:30:00+00:00,1.153935,1.154335,1.153802,1.154335,0.000000
2026-07-31 20:45:00+00:00,1.154468,1.155001,1.153270,1.153270,0.000000
2026-07-31 21:00:00+00:00,1.152738,1.152738,1.152738,1.152738,0.000000
2026-07-31 21:15:00+00:00,1.152738,1.152738,1.152738,1.152738,0.000000
