bar_open,run_utc,old_open,old_high,old_low,old_close,new_open,new_high,new_low,new_close,kind
2026-10-02 20:45:00+00:00,2026-10-03T10:38:11Z,4167.000000,4172.100098,4164.899902,4172.100098,4167.000000,4172.100098,4162.299805,4162.299805,changed
2026-10-01 00:13:30+00:00,2026-10-03T10:38:11Z,4182.500000,4182.500000,4182.500000,4182.500000,,,,,removed
2026-10-01 01:06:18+00:00,2026-10-03T10:38:11Z,4182.700195,4182.700195,4182.700195,4182.700195,,,,,removed
2026-10-01 01:35:04+00:00,2026-10-03T10:38:11Z,4192.500000,4192.500000,4192.500000,4192.500000,,,,,removed
2026-10-01 01:50:26+00:00,2026-10-03T10:38:11Z,4193.000000,4193.000000,4193.000000,4193.000000,,,,,removed
2026-10-01 02:11:04+00:00,2026-10-03T10:38:11Z,4182.799805,4182.799805,4182.799805,4182.799805,,,,,removed
2026-10-01 02:35:38+00:00,2026-10-03T10:38:11Z,4184.700195,4184.700195,4184.700195,4184.700195,,,,,removed
2026-10-01 02:50:21+00:00,2026-10-03T10:38:11Z,4185.700195,4185.700195,4185.700195,4185.700195,,,,,removed
2026-10-01 03:13:33+00:00,2026-10-03T10:38:11Z,4195.600098,4195.600098,4195.600098,4195.600098,,,,,removed
2026-10-01 03:36:44+00:00,2026-10-03T10:38:11Z,4193.200195,4193.200195,4193.200195,4193.200195,,,,,removed
2026-10-01 04:06:21+00:00,2026-10-03T10:38:11Z,4204.399902,4204.399902,4204.399902,4204.399902,,,,,removed
2026-10-01 04:27:35+00:00,2026-10-03T10:38:11Z,4201.899902,4201.899902,4201.899902,4201.899902,,,,,removed
2026-10-01 04:49:09+00:00,2026-10-03T10:38:11Z,4207.100098,4207.100098,4207.100098,4207.100098,,,,,removed
2026-10-01 05:10:52+00:00,2026-10-03T10:38:11Z,4212.399902,4212.399902,4212.399902,4212.399902,,,,,removed
2026-10-01 05:36:16+00:00,2026-10-03T10:38:11Z,4220.500000,4220.500000,4220.500000,4220.500000,,,,,removed
2026-10-01 05:52:30+00:00,2026-10-03T10:38:11Z,4216.200195,4216.200195,4216.200195,4216.200195,,,,,removed
2026-10-01 06:29:31+00:00,2026-10-03T10:38:11Z,4219.899902,4219.899902,4219.899902,4219.899902,,,,,removed
2026-10-01 06:51:53+00:00,2026-10-03T10:38:11Z,4213.100098,4213.100098,4213.100098,4213.100098,,,,,removed
2026-10-01 07:24:25+00:00,2026-10-03T10:38:11Z,4191.899902,4191.899902,4191.899902,4191.899902,,,,,removed
2026-10-01 07:48:51+00:00,2026-10-03T10:38:11Z,4192.500000,4192.500000,4192.500000,4192.500000,,,,,removed
2026-10-01 08:13:04+00:00,2026-10-03T10:38:11Z,4189.100098,4189.100098,4189.100098,4189.100098,,,,,removed
2026-10-01 08:37:41+00:00,2026-10-03T10:38:11Z,4186.399902,4186.399902,4186.399902,4186.399902,,,,,removed
2026-10-01 09:07:39+00:00,2026-10-03T10:38:11Z,4188.000000,4188.000000,4188.000000,4188.000000,,,,,removed
2026-10-01 09:37:10+00:00,2026-10-03T10:38:11Z,4190.600098,4190.600098,4190.600098,4190.600098,,,,,removed
2026-10-01 10:07:12+00:00,2026-10-03T10:38:11Z,4183.100098,4183.100098,4183.100098,4183.100098,,,,,removed
2026-10-01 10:36:44+00:00,2026-10-03T10:38:11Z,4201.899902,4201.899902,4201.899902,4201.899902,,,,,removed
2026-10-01 10:51:38+00:00,2026-10-03T10:38:11Z,4205.200195,4205.200195,4205.200195,4205.200195,,,,,removed
2026-10-01 11:13:12+00:00,2026-10-03T10:38:11Z,4199.899902,4199.899902,4199.899902,4199.899902,,,,,removed
2026-10-01 11:51:53+00:00,2026-10-03T10:38:11Z,4212.399902,4212.399902,4212.399902,4212.399902,,,,,removed
2026-10-01 12:29:15+00:00,2026-10-03T10:38:11Z,4207.600098,4207.600098,4207.600098,4207.600098,,,,,removed
2026-10-01 12:52:33+00:00,2026-10-03T10:38:11Z,4213.399902,4213.399902,4213.399902,4213.399902,,,,,removed
2026-10-01 13:25:35+00:00,2026-10-03T10:38:11Z,4200.799805,4200.799805,4200.799805,4200.799805,,,,,removed
2026-10-01 13:50:10+00:00,2026-10-03T10:38:11Z,4192.000000,4192.000000,4192.000000,4192.000000,,,,,removed
2026-10-01 14:14:55+00:00,2026-10-03T10:38:11Z,4182.799805,4182.799805,4182.799805,4182.799805,,,,,removed
2026-10-01 14:38:11+00:00,2026-10-03T10:38:11Z,4198.500000,4198.500000,4198.500000,4198.500000,,,,,removed
2026-10-01 15:06:26+00:00,2026-10-03T10:38:11Z,4182.200195,4182.200195,4182.200195,4182.200195,,,,,removed
2026-10-01 15:27:50+00:00,2026-10-03T10:38:11Z,4197.600098,4197.600098,4197.600098,4197.600098,,,,,removed
2026-10-01 15:49:26+00:00,2026-10-03T10:38:11Z,4198.000000,4198.000000,4198.000000,4198.000000,,,,,removed
2026-10-01 16:11:12+00:00,2026-10-03T10:38:11Z,4202.500000,4202.500000,4202.500000,4202.500000,,,,,removed
2026-10-01 16:35:22+00:00,2026-10-03T10:38:11Z,4199.500000,4199.500000,4199.500000,4199.500000,,,,,removed
2026-10-01 16:51:39+00:00,2026-10-03T10:38:11Z,4191.600098,4191.600098,4191.600098,4191.600098,,,,,removed
2026-10-01 17:22:10+00:00,2026-10-03T10:38:11Z,4206.899902,4206.899902,4206.899902,4206.899902,,,,,removed
2026-10-01 17:48:53+00:00,2026-10-03T10:38:11Z,4208.600098,4208.600098,4208.600098,4208.600098,,,,,removed
2026-10-01 18:14:27+00:00,2026-10-03T10:38:11Z,4202.100098,4202.100098,4202.100098,4202.100098,,,,,removed
2026-10-01 18:39:17+00:00,2026-10-03T10:38:11Z,4208.399902,4208.399902,4208.399902,4208.399902,,,,,removed
2026-10-01 19:05:46+00:00,2026-10-03T10:38:11Z,4206.600098,4206.600098,4206.600098,4206.600098,,,,,removed
2026-10-01 19:25:35+00:00,2026-10-03T10:38:11Z,4207.600098,4207.600098,4207.600098,4207.600098,,,,,removed
2026-10-01 19:46:23+00:00,2026-10-03T10:38:11Z,4207.000000,4207.000000,4207.000000,4207.000000,,,,,removed
2026-10-01 20:05:59+00:00,2026-10-03T10:38:11Z,4207.299805,4207.299805,4207.299805,4207.299805,,,,,removed
2026-10-01 20:27:47+00:00,2026-10-03T10:38:11Z,4205.500000,4205.500000,4205.500000,4205.500000,,,,,removed
2026-10-01 20:47:30+00:00,2026-10-03T10:38:11Z,4205.600098,4205.600098,4205.600098,4205.600098,,,,,removed
2026-10-01 20:59:59+00:00,2026-10-03T10:38:11Z,4207.799805,4207.799805,4207.799805,4207.799805,,,,,removed
2026-10-01 22:09:43+00:00,2026-10-03T10:38:11Z,4204.200195,4204.200195,4204.200195,4204.200195,,,,,removed
2026-10-01 22:34:40+00:00,2026-10-03T10:38:11Z,4204.799805,4204.799805,4204.799805,4204.799805,,,,,removed
2026-10-01 22:48:49+00:00,2026-10-03T10:38:11Z,4205.700195,4205.700195,4205.700195,4205.700195,,,,,removed
2026-10-01 23:06:34+00:00,2026-10-03T10:38:11Z,4207.600098,4207.600098,4207.600098,4207.600098,,,,,removed
2026-10-01 23:33:27+00:00,2026-10-03T10:38:11Z,4211.000000,4211.000000,4211.000000,4211.000000,,,,,removed
2026-10-01 23:46:33+00:00,2026-10-03T10:38:11Z,4208.600098,4208.600098,4208.600098,4208.600098,,,,,removed
2026-10-02 00:12:09+00:00,2026-10-03T10:38:11Z,4203.700195,4203.700195,4203.700195,4203.700195,,,,,removed
2026-10-02 00:40:02+00:00,2026-10-03T10:38:11Z,4190.299805,4190.299805,4190.299805,4190.299805,,,,,removed
2026-10-02 01:05:50+00:00,2026-10-03T10:38:11Z,4178.200195,4178.200195,4178.200195,4178.200195,,,,,removed
2026-10-02 01:25:03+00:00,2026-10-03T10:38:11Z,4176.000000,4176.000000,4176.000000,4176.000000,,,,,removed
2026-10-02 01:47:54+00:00,2026-10-03T10:38:11Z,4176.299805,4176.299805,4176.299805,4176.299805,,,,,removed
2026-10-02 02:08:20+00:00,2026-10-03T10:38:11Z,4183.100098,4183.100098,4183.100098,4183.100098,,,,,removed
2026-10-02 02:34:38+00:00,2026-10-03T10:38:11Z,4186.200195,4186.200195,4186.200195,4186.200195,,,,,removed
2026-10-02 02:49:51+00:00,2026-10-03T10:38:11Z,4190.500000,4190.500000,4190.500000,4190.500000,,,,,removed
2026-10-02 03:11:06+00:00,2026-10-03T10:38:11Z,4198.799805,4198.799805,4198.799805,4198.799805,,,,,removed
2026-10-02 03:36:23+00:00,2026-10-03T10:38:11Z,4203.799805,4203.799805,4203.799805,4203.799805,,,,,removed
2026-10-02 04:05:42+00:00,2026-10-03T10:38:11Z,4212.000000,4212.000000,4212.000000,4212.000000,,,,,removed
2026-10-02 04:27:03+00:00,2026-10-03T10:38:11Z,4216.500000,4216.500000,4216.500000,4216.500000,,,,,removed
2026-10-02 04:48:14+00:00,2026-10-03T10:38:11Z,4212.500000,4212.500000,4212.500000,4212.500000,,,,,removed
2026-10-02 05:08:50+00:00,2026-10-03T10:38:11Z,4217.399902,4217.399902,4217.399902,4217.399902,,,,,removed
2026-10-02 05:35:37+00:00,2026-10-03T10:38:11Z,4218.899902,4218.899902,4218.899902,4218.899902,,,,,removed
2026-10-02 05:50:07+00:00,2026-10-03T10:38:11Z,4213.399902,4213.399902,4213.399902,4213.399902,,,,,removed
2026-10-02 06:16:58+00:00,2026-10-03T10:38:11Z,4219.000000,4219.000000,4219.000000,4219.000000,,,,,removed
2026-10-02 06:41:48+00:00,2026-10-03T10:38:11Z,4211.899902,4211.899902,4211.899902,4211.899902,,,,,removed
2026-10-02 07:06:53+00:00,2026-10-03T10:38:11Z,4210.600098,4210.600098,4210.600098,4210.600098,,,,,removed
2026-10-02 07:36:01+00:00,2026-10-03T10:38:11Z,4216.100098,4216.100098,4216.100098,4216.100098,,,,,removed
2026-10-02 07:51:31+00:00,2026-10-03T10:38:11Z,4213.700195,4213.700195,4213.700195,4213.700195,,,,,removed
2026-10-02 08:15:55+00:00,2026-10-03T10:38:11Z,4217.299805,4217.299805,4217.299805,4217.299805,,,,,removed
2026-10-02 08:35:39+00:00,2026-10-03T10:38:11Z,4213.299805,4213.299805,4213.299805,4213.299805,,,,,removed
2026-10-02 08:50:58+00:00,2026-10-03T10:38:11Z,4212.899902,4212.899902,4212.899902,4212.899902,,,,,removed
2026-10-02 09:13:36+00:00,2026-10-03T10:38:11Z,4218.000000,4218.000000,4218.000000,4218.000000,,,,,removed
2026-10-02 09:36:33+00:00,2026-10-03T10:38:11Z,4214.100098,4214.100098,4214.100098,4214.100098,,,,,removed
2026-10-02 09:50:45+00:00,2026-10-03T10:38:11Z,4213.500000,4213.500000,4213.500000,4213.500000,,,,,removed
2026-10-02 10:12:30+00:00,2026-10-03T10:38:11Z,4205.200195,4205.200195,4205.200195,4205.200195,,,,,removed
2026-10-02 10:50:24+00:00,2026-10-03T10:38:11Z,4209.799805,4209.799805,4209.799805,4209.799805,,,,,removed
2026-10-02 11:11:07+00:00,2026-10-03T10:38:11Z,4217.899902,4217.899902,4217.899902,4217.899902,,,,,removed
2026-10-02 11:36:11+00:00,2026-10-03T10:38:11Z,4210.899902,4210.899902,4210.899902,4210.899902,,,,,removed
2026-10-02 11:50:45+00:00,2026-10-03T10:38:11Z,4208.100098,4208.100098,4208.100098,4208.100098,,,,,removed
2026-10-02 12:16:40+00:00,2026-10-03T10:38:11Z,4207.799805,4207.799805,4207.799805,4207.799805,,,,,removed
2026-10-02 12:41:29+00:00,2026-10-03T10:38:11Z,4240.399902,4240.399902,4240.399902,4240.399902,,,,,removed
2026-10-02 13:07:03+00:00,2026-10-03T10:38:11Z,4239.899902,4239.899902,4239.899902,4239.899902,,,,,removed
2026-10-02 13:37:43+00:00,2026-10-03T10:38:11Z,4227.299805,4227.299805,4227.299805,4227.299805,,,,,removed
2026-10-02 14:07:15+00:00,2026-10-03T10:38:11Z,4215.299805,4215.299805,4215.299805,4215.299805,,,,,removed
2026-10-02 14:38:32+00:00,2026-10-03T10:38:11Z,4202.799805,4202.799805,4202.799805,4202.799805,,,,,removed
2026-10-02 15:07:14+00:00,2026-10-03T10:38:11Z,4175.100098,4175.100098,4175.100098,4175.100098,,,,,removed
2026-10-02 15:38:19+00:00,2026-10-03T10:38:11Z,4171.700195,4171.700195,4171.700195,4171.700195,,,,,removed
2026-10-02 16:05:46+00:00,2026-10-03T10:38:11Z,4158.500000,4158.500000,4158.500000,4158.500000,,,,,removed
2026-10-02 16:27:20+00:00,2026-10-03T10:38:11Z,4164.100098,4164.100098,4164.100098,4164.100098,,,,,removed
2026-10-02 16:48:13+00:00,2026-10-03T10:38:11Z,4167.100098,4167.100098,4167.100098,4167.100098,,,,,removed
2026-10-02 17:10:11+00:00,2026-10-03T10:38:11Z,4168.399902,4168.399902,4168.399902,4168.399902,,,,,removed
2026-10-02 17:34:58+00:00,2026-10-03T10:38:11Z,4167.899902,4167.899902,4167.899902,4167.899902,,,,,removed
2026-10-02 17:49:55+00:00,2026-10-03T10:38:11Z,4167.200195,4167.200195,4167.200195,4167.200195,,,,,removed
2026-10-02 18:15:09+00:00,2026-10-03T10:38:11Z,4168.299805,4168.299805,4168.299805,4168.299805,,,,,removed
2026-10-02 18:38:30+00:00,2026-10-03T10:38:11Z,4169.600098,4169.600098,4169.600098,4169.600098,,,,,removed
2026-10-02 19:05:37+00:00,2026-10-03T10:38:11Z,4175.100098,4175.100098,4175.100098,4175.100098,,,,,removed
2026-10-02 19:25:56+00:00,2026-10-03T10:38:11Z,4177.899902,4177.899902,4177.899902,4177.899902,,,,,removed
2026-10-02 19:47:56+00:00,2026-10-03T10:38:11Z,4171.000000,4171.000000,4171.000000,4171.000000,,,,,removed
2026-10-02 20:06:58+00:00,2026-10-03T10:38:11Z,4172.299805,4172.299805,4172.299805,4172.299805,,,,,removed
2026-10-02 20:35:27+00:00,2026-10-03T10:38:11Z,4170.399902,4170.399902,4170.399902,4170.399902,,,,,removed
2026-10-02 20:50:41+00:00,2026-10-03T10:38:11Z,4166.200195,4166.200195,4166.200195,4166.200195,,,,,removed
2026-10-02 20:59:58+00:00,2026-10-03T10:38:11Z,4172.100098,4172.100098,4172.100098,4172.100098,,,,,removed
2026-10-04 22:45:00+00:00,2026-10-04T23:26:25Z,4171.399902,4176.600098,4171.399902,4175.899902,4171.399902,4176.600098,4171.399902,4176.000000,changed
2026-10-04 23:30:00+00:00,2026-10-05T00:12:28Z,4174.100098,4174.100098,4172.000000,4172.799805,4174.100098,4174.100098,4172.000000,4172.600098,changed
2026-10-05 00:15:00+00:00,2026-10-05T01:02:57Z,4177.299805,4186.399902,4176.000000,4182.799805,4177.299805,4186.399902,4176.000000,4183.700195,changed
2026-10-05 00:45:00+00:00,2026-10-05T01:18:01Z,4181.200195,4184.600098,4180.600098,4183.299805,4181.200195,4185.299805,4180.600098,4185.000000,changed
2026-10-05 01:00:00+00:00,2026-10-05T01:33:05Z,4184.899902,4190.000000,4181.799805,4189.799805,4184.899902,4190.000000,4181.799805,4186.200195,changed
2026-10-05 01:15:00+00:00,2026-10-05T01:47:40Z,4186.000000,4187.700195,4181.500000,4182.100098,4186.000000,4187.700195,4180.600098,4184.399902,changed
2026-10-05 01:30:00+00:00,2026-10-05T01:58:56Z,4184.299805,4185.399902,4180.799805,4182.399902,4184.299805,4185.399902,4180.200195,4180.500000,changed
2026-10-05 01:45:00+00:00,2026-10-05T02:29:58Z,4180.700195,4189.799805,4180.000000,4188.899902,4180.700195,4189.799805,4180.000000,4188.100098,changed
2026-10-05 02:30:00+00:00,2026-10-05T02:58:33Z,4186.899902,4187.100098,4182.200195,4182.200195,4186.899902,4187.100098,4180.200195,4181.200195,changed
2026-10-05 03:15:00+00:00,2026-10-05T03:49:21Z,4165.700195,4169.899902,4164.200195,4169.500000,4165.700195,4171.799805,4164.200195,4170.899902,changed
2026-10-05 00:30:00+00:00,2026-10-05T04:12:32Z,4183.799805,4184.100098,4179.600098,4181.299805,4183.799805,4184.100098,4180.100098,4181.899902,changed
2026-10-05 00:00:00+00:00,2026-10-05T04:32:12Z,4170.799805,4181.399902,4170.799805,4177.000000,4170.799805,4178.700195,4170.799805,4178.600098,changed
2026-10-05 00:00:00+00:00,2026-10-05T05:08:34Z,4170.799805,4178.700195,4170.799805,4178.600098,4170.799805,4181.399902,4170.799805,4177.000000,changed
2026-10-05 04:15:00+00:00,2026-10-05T05:08:34Z,4162.600098,4163.399902,4158.200195,4159.299805,4162.600098,4163.399902,4152.299805,4153.899902,changed
2026-10-05 04:45:00+00:00,2026-10-05T05:33:13Z,4161.000000,4162.500000,4157.600098,4159.200195,4161.000000,4162.500000,4157.600098,4158.799805,changed
2026-10-05 05:15:00+00:00,2026-10-05T05:51:27Z,4166.299805,4168.100098,4164.200195,4166.799805,4166.299805,4168.100098,4163.399902,4165.000000,changed
2026-10-05 00:30:00+00:00,2026-10-05T06:15:22Z,4183.799805,4184.100098,4180.100098,4181.899902,4183.799805,4184.100098,4179.600098,4181.299805,changed
2026-10-05 03:30:00+00:00,2026-10-05T06:15:22Z,4171.000000,4174.000000,4169.899902,4171.399902,4171.000000,4174.000000,4169.500000,4171.299805,changed
2026-10-05 05:30:00+00:00,2026-10-05T06:15:22Z,4164.600098,4165.799805,4160.799805,4164.200195,4164.600098,4168.600098,4160.799805,4168.200195,changed
2026-10-05 06:00:00+00:00,2026-10-05T06:42:29Z,4162.100098,4172.399902,4161.700195,4169.700195,4162.100098,4181.500000,4161.700195,4179.399902,changed
2026-10-05 06:45:00+00:00,2026-10-05T07:33:41Z,4180.700195,4180.899902,4176.100098,4178.500000,4180.700195,4183.899902,4176.100098,4183.700195,changed
2026-10-05 07:15:00+00:00,2026-10-05T07:51:17Z,4184.399902,4185.200195,4180.100098,4180.500000,4184.399902,4185.200195,4179.000000,4181.100098,changed
2026-10-05 07:30:00+00:00,2026-10-05T08:12:43Z,4181.700195,4184.600098,4179.700195,4184.600098,4181.700195,4187.700195,4179.700195,4187.600098,changed
2026-10-05 08:15:00+00:00,2026-10-05T08:52:24Z,4196.799805,4198.899902,4194.200195,4196.200195,4196.799805,4198.899902,4194.100098,4194.399902,changed
2026-10-05 08:30:00+00:00,2026-10-05T09:12:40Z,4194.600098,4196.200195,4190.399902,4192.100098,4194.600098,4196.200195,4190.000000,4191.000000,changed
2026-10-05 09:15:00+00:00,2026-10-05T09:58:39Z,4195.500000,4198.700195,4194.000000,4196.500000,4195.500000,4198.700195,4194.000000,4194.500000,changed
2026-10-05 10:15:00+00:00,2026-10-05T10:48:40Z,4187.399902,4187.399902,4184.399902,4186.000000,4187.399902,4188.100098,4184.399902,4186.500000,changed
2026-10-05 10:30:00+00:00,2026-10-05T11:01:46Z,4186.399902,4187.899902,4186.299805,4186.500000,4186.399902,4187.899902,4185.600098,4185.600098,changed
2026-10-05 10:45:00+00:00,2026-10-05T11:14:49Z,4185.700195,4188.000000,4185.299805,4188.000000,4185.700195,4194.000000,4185.299805,4190.500000,changed
2026-10-05 11:15:00+00:00,2026-10-05T11:48:47Z,4189.399902,4191.799805,4188.500000,4189.100098,4189.399902,4195.600098,4187.899902,4195.600098,changed
2026-10-05 11:30:00+00:00,2026-10-05T12:01:46Z,4195.799805,4197.100098,4186.899902,4188.200195,4195.799805,4197.100098,4182.700195,4182.799805,changed
2026-10-05 11:45:00+00:00,2026-10-05T12:19:05Z,4182.700195,4183.200195,4179.799805,4180.500000,4182.700195,4184.899902,4179.100098,4184.100098,changed
2026-10-05 12:00:00+00:00,2026-10-05T12:43:13Z,4184.399902,4187.299805,4181.899902,4186.399902,4184.399902,4187.299805,4181.899902,4185.200195,changed
2026-10-05 12:45:00+00:00,2026-10-05T13:26:20Z,4189.000000,4190.899902,4182.799805,4184.899902,4189.000000,4190.899902,4182.600098,4184.600098,changed
2026-10-05 13:30:00+00:00,2026-10-05T14:02:45Z,4180.799805,4182.000000,4173.200195,4173.200195,4180.799805,4182.000000,4165.000000,4165.899902,changed
2026-10-05 13:45:00+00:00,2026-10-05T14:21:32Z,4165.899902,4171.399902,4159.100098,4169.600098,4165.899902,4172.799805,4159.100098,4163.399902,changed
2026-10-05 14:00:00+00:00,2026-10-05T14:46:26Z,4163.000000,4175.100098,4162.899902,4169.399902,4163.000000,4175.100098,4162.899902,4170.299805,changed
2026-10-05 14:30:00+00:00,2026-10-05T15:01:31Z,4165.200195,4165.500000,4160.000000,4162.899902,4165.200195,4170.399902,4160.000000,4168.700195,changed
2026-10-05 14:45:00+00:00,2026-10-05T15:18:18Z,4168.600098,4171.100098,4165.000000,4170.399902,4168.600098,4176.600098,4165.000000,4175.000000,changed
2026-10-05 15:00:00+00:00,2026-10-05T15:37:51Z,4175.200195,4176.500000,4169.000000,4169.700195,4175.200195,4176.500000,4165.899902,4166.299805,changed
2026-10-05 15:15:00+00:00,2026-10-05T15:58:06Z,4166.100098,4166.700195,4150.399902,4165.000000,4166.100098,4168.899902,4150.399902,4167.200195,changed
2026-10-05 16:15:00+00:00,2026-10-05T16:49:15Z,4157.399902,4158.100098,4154.600098,4156.799805,4157.399902,4158.100098,4153.600098,4155.200195,changed
2026-10-05 16:30:00+00:00,2026-10-05T17:09:59Z,4155.299805,4157.799805,4155.000000,4156.899902,4155.299805,4159.299805,4155.000000,4158.899902,changed
2026-10-05 17:15:00+00:00,2026-10-05T17:44:39Z,4155.899902,4157.799805,4153.500000,4154.899902,4155.899902,4158.700195,4153.500000,4157.399902,changed
2026-10-05 18:15:00+00:00,2026-10-05T21:35:18Z,4163.700195,4164.600098,4161.100098,4161.200195,4163.700195,4166.100098,4160.899902,4164.500000,changed
2026-10-05 22:45:00+00:00,2026-10-05T23:26:22Z,4171.100098,4171.100098,4167.700195,4168.100098,4171.100098,4171.100098,4167.600098,4167.899902,changed
2026-10-05 23:15:00+00:00,2026-10-05T23:53:14Z,4165.399902,4167.899902,4164.700195,4167.500000,4165.399902,4167.899902,4164.700195,4167.299805,changed
2026-10-05 23:30:00+00:00,2026-10-06T00:12:29Z,4167.000000,4167.700195,4164.299805,4164.399902,4167.000000,4167.700195,4163.600098,4164.200195,changed
2026-10-06 00:45:00+00:00,2026-10-06T01:14:04Z,4165.500000,4173.799805,4165.500000,4173.700195,4165.500000,4178.799805,4165.500000,4178.399902,changed
2026-10-06 01:30:00+00:00,2026-10-06T02:09:43Z,4163.399902,4165.399902,4158.000000,4159.799805,4163.399902,4165.399902,4158.000000,4160.299805,changed
2026-10-06 02:45:00+00:00,2026-10-06T03:29:43Z,4148.700195,4166.200195,4148.000000,4157.600098,4148.700195,4166.200195,4148.000000,4157.399902,changed
2026-10-06 02:00:00+00:00,2026-10-06T04:10:16Z,4157.000000,4158.000000,4154.700195,4157.500000,4157.000000,4158.000000,4155.600098,4155.600098,changed
2026-10-06 04:15:00+00:00,2026-10-06T04:45:55Z,4152.799805,4154.000000,4152.600098,4154.000000,4152.799805,4155.399902,4152.600098,4154.200195,changed
2026-10-06 04:30:00+00:00,2026-10-06T04:58:42Z,4154.200195,4155.000000,4151.799805,4153.500000,4154.200195,4155.000000,4147.399902,4148.299805,changed
2026-10-06 01:30:00+00:00,2026-10-06T05:29:54Z,4163.399902,4165.399902,4158.000000,4160.299805,4163.399902,4165.399902,4161.100098,4163.600098,changed
2026-10-06 01:30:00+00:00,2026-10-06T06:11:46Z,4163.399902,4165.399902,4161.100098,4163.600098,4163.399902,4165.399902,4158.000000,4160.299805,changed
2026-10-06 06:15:00+00:00,2026-10-06T07:01:34Z,4149.799805,4158.500000,4149.799805,4158.200195,4149.799805,4161.899902,4149.799805,4161.100098,changed
2026-10-06 06:45:00+00:00,2026-10-06T07:14:58Z,4157.700195,4162.100098,4157.600098,4160.600098,4157.700195,4162.100098,4157.100098,4158.899902,changed
2026-10-06 02:00:00+00:00,2026-10-06T07:33:10Z,4157.000000,4158.000000,4155.600098,4155.600098,4157.000000,4158.000000,4154.700195,4157.500000,changed
2026-10-06 03:45:00+00:00,2026-10-06T07:33:10Z,4158.600098,4159.500000,4157.600098,4158.399902,4158.600098,4159.500000,4151.399902,4154.500000,changed
2026-10-06 07:15:00+00:00,2026-10-06T07:48:07Z,4165.799805,4170.600098,4164.399902,4165.000000,4165.799805,4170.600098,4161.500000,4162.000000,changed
2026-10-06 07:30:00+00:00,2026-10-06T08:00:44Z,4162.000000,4167.200195,4160.000000,4164.100098,4162.000000,4167.200195,4160.000000,4165.799805,changed
2026-10-06 07:45:00+00:00,2026-10-06T08:14:56Z,4165.500000,4169.200195,4165.200195,4167.100098,4165.500000,4169.200195,4164.500000,4167.500000,changed
2026-10-06 08:15:00+00:00,2026-10-06T08:49:24Z,4167.100098,4173.100098,4167.100098,4173.000000,4167.100098,4175.000000,4167.100098,4173.500000,changed
2026-10-06 08:30:00+00:00,2026-10-06T09:01:12Z,4173.399902,4178.299805,4172.600098,4176.500000,4173.399902,4181.200195,4172.600098,4180.000000,changed
2026-10-06 08:45:00+00:00,2026-10-06T09:14:44Z,4180.100098,4181.600098,4177.600098,4180.500000,4180.100098,4182.899902,4177.600098,4182.799805,changed
2026-10-06 09:30:00+00:00,2026-10-06T10:00:18Z,4183.899902,4185.899902,4182.000000,4182.500000,4183.899902,4185.899902,4181.200195,4181.399902,changed
2026-10-06 09:45:00+00:00,2026-10-06T10:11:42Z,4181.500000,4181.799805,4180.200195,4181.299805,4181.500000,4182.200195,4178.500000,4180.200195,changed
2026-10-06 10:15:00+00:00,2026-10-06T10:46:05Z,4179.200195,4179.700195,4176.200195,4179.299805,4179.200195,4182.500000,4176.200195,4181.799805,changed
2026-10-06 10:30:00+00:00,2026-10-06T10:59:13Z,4182.000000,4186.399902,4181.799805,4185.500000,4182.000000,4188.700195,4181.799805,4187.899902,changed
2026-10-06 11:15:00+00:00,2026-10-06T11:43:51Z,4188.399902,4193.000000,4188.299805,4191.899902,4188.399902,4194.000000,4188.299805,4192.799805,changed
2026-10-06 12:15:00+00:00,2026-10-06T13:00:54Z,4206.899902,4207.500000,4201.600098,4206.700195,4206.899902,4207.500000,4201.600098,4203.799805,changed
2026-10-06 12:45:00+00:00,2026-10-06T13:13:45Z,4200.000000,4201.000000,4193.500000,4197.299805,4200.000000,4202.299805,4193.500000,4197.899902,changed
2026-10-06 13:15:00+00:00,2026-10-06T13:47:48Z,4200.000000,4200.200195,4190.899902,4194.500000,4200.000000,4200.200195,4188.700195,4189.200195,changed
2026-10-06 13:30:00+00:00,2026-10-06T14:02:02Z,4189.299805,4192.899902,4188.500000,4190.399902,4189.299805,4192.899902,4183.200195,4185.700195,changed
2026-10-06 13:45:00+00:00,2026-10-06T14:18:52Z,4186.000000,4186.000000,4182.100098,4184.100098,4186.000000,4186.000000,4179.299805,4180.000000,changed
2026-10-06 14:00:00+00:00,2026-10-06T14:36:00Z,4180.100098,4185.799805,4179.100098,4181.200195,4180.100098,4185.799805,4179.100098,4182.299805,changed
2026-10-06 14:15:00+00:00,2026-10-06T14:59:00Z,4181.899902,4182.700195,4171.700195,4173.799805,4181.899902,4182.700195,4171.299805,4173.600098,changed
2026-10-06 15:15:00+00:00,2026-10-06T15:45:28Z,4190.600098,4192.700195,4188.899902,4191.500000,4190.600098,4192.700195,4188.899902,4191.200195,changed
2026-10-06 15:30:00+00:00,2026-10-06T15:59:00Z,4191.299805,4196.600098,4189.100098,4196.100098,4191.299805,4197.000000,4189.100098,4196.899902,changed
2026-10-06 16:15:00+00:00,2026-10-06T16:50:04Z,4190.600098,4192.500000,4189.399902,4190.700195,4190.600098,4192.700195,4187.899902,4188.100098,changed
2026-10-06 16:30:00+00:00,2026-10-06T17:10:48Z,4188.200195,4189.500000,4186.600098,4188.100098,4188.200195,4189.500000,4186.399902,4188.200195,changed
2026-10-06 17:15:00+00:00,2026-10-06T17:43:02Z,4189.899902,4191.600098,4188.299805,4188.500000,4189.899902,4191.600098,4185.200195,4188.299805,changed
2026-10-06 18:15:00+00:00,2026-10-06T18:51:36Z,4197.000000,4200.600098,4196.799805,4197.600098,4197.000000,4200.600098,4195.399902,4196.899902,changed
2026-10-06 18:30:00+00:00,2026-10-06T19:09:38Z,4196.899902,4197.299805,4194.399902,4196.000000,4196.899902,4198.200195,4194.399902,4197.899902,changed
2026-10-06 18:45:00+00:00,2026-10-06T19:29:23Z,4197.899902,4204.700195,4196.799805,4204.200195,4197.899902,4204.700195,4196.799805,4203.799805,changed
2026-10-06 19:45:00+00:00,2026-10-06T20:31:11Z,4197.000000,4198.100098,4194.600098,4196.799805,4197.000000,4198.100098,4194.600098,4197.100098,changed
2026-10-06 20:15:00+00:00,2026-10-06T20:46:01Z,4195.899902,4195.899902,4191.500000,4192.799805,4195.899902,4195.899902,4190.299805,4192.500000,changed
2026-10-06 20:45:00+00:00,2026-10-06T21:29:14Z,4191.399902,4193.100098,4190.100098,4191.700195,4191.399902,4193.100098,4190.100098,4192.700195,changed
2026-10-01 00:00:00+00:00,2026-10-06T21:42:32Z,4186.100098,4186.200195,4180.500000,4182.799805,4186.000000,4186.200195,4180.500000,4182.799805,changed
2026-10-01 02:00:00+00:00,2026-10-06T21:42:32Z,4186.100098,4187.700195,4181.200195,4183.600098,4186.700195,4187.700195,4181.200195,4183.600098,changed
2026-10-01 03:00:00+00:00,2026-10-06T21:42:32Z,4190.299805,4198.200195,4188.799805,4197.000000,4190.899902,4198.200195,4188.799805,4197.000000,changed
2026-10-01 03:15:00+00:00,2026-10-06T21:42:32Z,4197.000000,4198.000000,4192.899902,4193.700195,4197.500000,4198.000000,4192.899902,4193.700195,changed
2026-10-01 03:45:00+00:00,2026-10-06T21:42:32Z,4199.000000,4206.399902,4198.399902,4205.399902,4199.100098,4206.399902,4198.399902,4205.399902,changed
2026-10-01 05:30:00+00:00,2026-10-06T21:42:32Z,4217.100098,4222.799805,4214.799805,4216.799805,4217.200195,4222.799805,4214.799805,4216.799805,changed
2026-10-01 06:45:00+00:00,2026-10-06T21:42:32Z,4214.200195,4215.299805,4210.399902,4211.600098,4214.100098,4215.299805,4210.399902,4211.600098,changed
2026-10-01 07:00:00+00:00,2026-10-06T21:42:32Z,4211.500000,4213.500000,4202.000000,4202.299805,4211.899902,4213.500000,4202.000000,4202.299805,changed
2026-10-01 07:15:00+00:00,2026-10-06T21:42:32Z,4202.399902,4204.500000,4185.000000,4186.399902,4202.799805,4204.500000,4185.000000,4186.399902,changed
2026-10-01 07:30:00+00:00,2026-10-06T21:42:32Z,4186.399902,4195.399902,4184.200195,4193.399902,4186.299805,4195.399902,4184.200195,4193.299805,changed
2026-10-01 07:45:00+00:00,2026-10-06T21:42:32Z,4193.399902,4196.700195,4191.899902,4193.700195,4193.500000,4196.700195,4191.899902,4193.700195,changed
2026-10-01 08:15:00+00:00,2026-10-06T21:42:32Z,4189.399902,4192.399902,4184.399902,4186.600098,4189.500000,4192.399902,4184.399902,4186.600098,changed
2026-10-01 09:15:00+00:00,2026-10-06T21:42:32Z,4190.600098,4192.299805,4187.899902,4188.899902,4190.799805,4192.299805,4187.899902,4188.899902,changed
2026-10-01 09:30:00+00:00,2026-10-06T21:42:32Z,4189.100098,4193.000000,4188.799805,4191.100098,4189.100098,4193.000000,4188.799805,4191.200195,changed
2026-10-01 10:45:00+00:00,2026-10-06T21:42:32Z,4201.100098,4208.500000,4200.799805,4205.899902,4201.100098,4208.500000,4200.799805,4206.100098,changed
2026-10-01 11:00:00+00:00,2026-10-06T21:42:32Z,4206.100098,4206.100098,4198.700195,4199.200195,4205.600098,4206.100098,4198.700195,4199.200195,changed
2026-10-01 12:00:00+00:00,2026-10-06T21:42:32Z,4212.500000,4215.100098,4205.799805,4206.299805,4212.299805,4215.100098,4205.799805,4206.299805,changed
2026-10-01 12:30:00+00:00,2026-10-06T21:42:32Z,4209.200195,4216.799805,4207.799805,4212.200195,4209.700195,4216.799805,4207.799805,4212.200195,changed
2026-10-01 12:45:00+00:00,2026-10-06T21:42:32Z,4212.600098,4217.799805,4208.600098,4208.799805,4212.600098,4217.799805,4208.600098,4208.600098,changed
2026-10-01 13:00:00+00:00,2026-10-06T21:42:32Z,4208.899902,4211.799805,4203.100098,4203.200195,4208.799805,4211.799805,4203.100098,4203.200195,changed
2026-10-01 13:30:00+00:00,2026-10-06T21:42:32Z,4197.299805,4202.399902,4188.799805,4192.600098,4197.399902,4202.399902,4188.799805,4192.600098,changed
2026-10-01 13:45:00+00:00,2026-10-06T21:42:32Z,4192.700195,4195.600098,4190.000000,4195.100098,4192.600098,4195.600098,4190.000000,4195.299805,changed
2026-10-01 14:30:00+00:00,2026-10-06T21:42:32Z,4191.700195,4204.799805,4189.799805,4196.100098,4191.700195,4204.799805,4189.799805,4196.399902,changed
2026-10-01 15:00:00+00:00,2026-10-06T21:42:32Z,4192.299805,4192.600098,4179.500000,4185.899902,4191.899902,4192.600098,4179.500000,4185.899902,changed
2026-10-01 15:15:00+00:00,2026-10-06T21:42:32Z,4185.700195,4198.500000,4184.299805,4196.500000,4185.600098,4198.500000,4184.299805,4196.500000,changed
2026-10-01 16:00:00+00:00,2026-10-06T21:42:32Z,4199.100098,4206.600098,4198.000000,4199.500000,4199.299805,4206.600098,4198.000000,4199.500000,changed
2026-10-01 16:15:00+00:00,2026-10-06T21:42:32Z,4199.299805,4201.799805,4193.899902,4197.000000,4199.500000,4201.799805,4193.899902,4197.000000,changed
2026-10-01 16:45:00+00:00,2026-10-06T21:42:32Z,4195.399902,4197.399902,4189.500000,4192.200195,4195.399902,4197.399902,4189.500000,4192.100098,changed
2026-10-01 17:00:00+00:00,2026-10-06T21:42:32Z,4192.200195,4203.500000,4191.600098,4201.399902,4192.100098,4203.500000,4191.600098,4201.399902,changed
2026-10-01 17:15:00+00:00,2026-10-06T21:42:32Z,4201.500000,4207.600098,4200.100098,4203.100098,4201.399902,4207.600098,4200.100098,4203.000000,changed
2026-10-01 17:30:00+00:00,2026-10-06T21:42:32Z,4202.899902,4217.600098,4202.799805,4207.500000,4203.100098,4217.600098,4202.799805,4207.500000,changed
2026-10-01 22:00:00+00:00,2026-10-06T21:42:32Z,4204.600098,4207.200195,4202.100098,4202.700195,4204.500000,4207.200195,4202.100098,4202.700195,changed
2026-10-01 22:45:00+00:00,2026-10-06T21:42:32Z,4205.500000,4208.600098,4204.899902,4208.299805,4205.500000,4208.600098,4205.299805,4208.299805,changed
2026-10-02 00:00:00+00:00,2026-10-06T21:42:32Z,4211.399902,4212.000000,4198.600098,4199.299805,4211.399902,4212.000000,4198.600098,4199.700195,changed
2026-10-02 00:15:00+00:00,2026-10-06T21:42:32Z,4199.500000,4201.000000,4193.299805,4194.299805,4199.399902,4201.000000,4193.299805,4194.299805,changed
2026-10-02 01:00:00+00:00,2026-10-06T21:42:32Z,4182.500000,4184.200195,4162.899902,4170.399902,4182.299805,4184.200195,4162.899902,4170.399902,changed
2026-10-02 01:15:00+00:00,2026-10-06T21:42:32Z,4170.299805,4179.500000,4168.700195,4179.100098,4170.000000,4179.500000,4168.700195,4179.100098,changed
2026-10-02 01:30:00+00:00,2026-10-06T21:42:32Z,4178.799805,4181.000000,4174.600098,4178.299805,4179.000000,4181.000000,4174.600098,4178.299805,changed
2026-10-02 04:45:00+00:00,2026-10-06T21:42:32Z,4212.399902,4215.000000,4211.200195,4214.799805,4212.600098,4215.000000,4211.200195,4214.799805,changed
2026-10-02 05:00:00+00:00,2026-10-06T21:42:32Z,4214.500000,4222.299805,4213.899902,4217.700195,4214.600098,4222.299805,4213.899902,4217.700195,changed
2026-10-02 06:00:00+00:00,2026-10-06T21:42:32Z,4216.100098,4226.799805,4215.799805,4222.200195,4216.500000,4226.799805,4215.799805,4222.200195,changed
2026-10-02 06:30:00+00:00,2026-10-06T21:42:32Z,4219.399902,4220.299805,4209.500000,4210.299805,4219.600098,4220.299805,4209.500000,4210.299805,changed
2026-10-02 08:15:00+00:00,2026-10-06T21:42:32Z,4219.000000,4220.200195,4212.299805,4215.700195,4219.000000,4220.200195,4212.299805,4215.500000,changed
2026-10-02 08:30:00+00:00,2026-10-06T21:42:32Z,4215.299805,4216.600098,4210.299805,4210.700195,4215.000000,4216.600098,4210.299805,4210.700195,changed
2026-10-02 10:30:00+00:00,2026-10-06T21:42:32Z,4204.000000,4212.500000,4203.000000,4211.399902,4203.899902,4212.500000,4203.000000,4211.399902,changed
2026-10-02 10:45:00+00:00,2026-10-06T21:42:32Z,4211.500000,4212.799805,4209.299805,4212.700195,4211.600098,4212.799805,4209.299805,4212.700195,changed
2026-10-02 11:00:00+00:00,2026-10-06T21:42:32Z,4212.600098,4218.700195,4211.700195,4217.799805,4212.600098,4218.700195,4211.700195,4217.500000,changed
2026-10-02 11:15:00+00:00,2026-10-06T21:42:32Z,4217.700195,4218.600098,4210.600098,4211.000000,4217.799805,4218.600098,4210.600098,4211.000000,changed
2026-10-02 12:00:00+00:00,2026-10-06T21:42:32Z,4211.500000,4212.000000,4204.399902,4207.500000,4211.299805,4212.000000,4204.399902,4207.500000,changed
2026-10-02 12:30:00+00:00,2026-10-06T21:42:32Z,4216.899902,4259.000000,4216.500000,4241.299805,4216.500000,4259.000000,4216.500000,4240.899902,changed
2026-10-02 12:45:00+00:00,2026-10-06T21:42:32Z,4241.500000,4250.700195,4234.100098,4248.200195,4241.100098,4250.700195,4234.100098,4248.200195,changed
2026-10-02 13:15:00+00:00,2026-10-06T21:42:32Z,4225.299805,4226.200195,4213.200195,4223.100098,4225.299805,4226.200195,4213.200195,4222.700195,changed
2026-10-02 13:30:00+00:00,2026-10-06T21:42:32Z,4223.000000,4231.600098,4212.500000,4216.100098,4223.299805,4231.600098,4212.500000,4216.100098,changed
2026-10-02 13:45:00+00:00,2026-10-06T21:42:32Z,4215.600098,4222.899902,4207.700195,4221.200195,4215.600098,4222.899902,4207.700195,4220.500000,changed
2026-10-02 14:00:00+00:00,2026-10-06T21:42:32Z,4220.700195,4226.600098,4209.100098,4218.600098,4220.600098,4226.600098,4209.100098,4218.600098,changed
2026-10-02 14:45:00+00:00,2026-10-06T21:42:32Z,4205.200195,4206.100098,4184.500000,4188.299805,4205.200195,4206.100098,4184.500000,4188.200195,changed
2026-10-02 15:00:00+00:00,2026-10-06T21:42:32Z,4188.399902,4189.399902,4171.100098,4174.299805,4188.500000,4189.399902,4171.100098,4174.299805,changed
2026-10-02 15:15:00+00:00,2026-10-06T21:42:32Z,4174.200195,4175.700195,4161.700195,4171.299805,4173.600098,4175.700195,4161.700195,4171.200195,changed
2026-10-02 15:45:00+00:00,2026-10-06T21:42:32Z,4163.399902,4167.299805,4153.799805,4156.100098,4163.600098,4167.299805,4153.799805,4156.100098,changed
2026-10-02 16:00:00+00:00,2026-10-06T21:42:32Z,4156.200195,4165.600098,4154.600098,4163.799805,4156.299805,4165.600098,4154.600098,4163.799805,changed
2026-10-02 16:45:00+00:00,2026-10-06T21:42:32Z,4164.299805,4169.399902,4164.299805,4168.200195,4165.000000,4169.399902,4164.299805,4168.200195,changed
2026-10-02 17:15:00+00:00,2026-10-06T21:42:32Z,4165.299805,4168.200195,4158.899902,4162.600098,4165.500000,4168.200195,4158.899902,4162.600098,changed
2026-10-02 17:30:00+00:00,2026-10-06T21:42:32Z,4162.399902,4169.000000,4161.299805,4166.600098,4161.799805,4169.000000,4161.299805,4166.600098,changed
2026-10-02 19:00:00+00:00,2026-10-06T21:42:32Z,4175.700195,4178.399902,4172.799805,4178.000000,4175.799805,4178.399902,4172.799805,4178.000000,changed
2026-10-02 19:30:00+00:00,2026-10-06T21:42:32Z,4177.299805,4178.899902,4171.899902,4171.899902,4177.500000,4178.899902,4171.899902,4172.000000,changed
2026-10-02 19:45:00+00:00,2026-10-06T21:42:32Z,4171.500000,4176.899902,4169.399902,4176.600098,4171.500000,4176.899902,4169.399902,4176.399902,changed
2026-10-02 20:00:00+00:00,2026-10-06T21:42:32Z,4176.799805,4177.700195,4169.000000,4172.100098,4176.899902,4177.700195,4169.000000,4172.100098,changed
2026-10-02 20:45:00+00:00,2026-10-06T21:42:32Z,4167.000000,4172.100098,4162.299805,4162.299805,4166.899902,4172.100098,4162.299805,4162.299805,changed
2026-10-05 00:30:00+00:00,2026-10-06T21:42:32Z,4183.799805,4184.100098,4179.600098,4181.299805,4183.799805,4184.100098,4180.100098,4181.299805,changed
2026-10-05 04:15:00+00:00,2026-10-06T21:42:32Z,4162.600098,4163.399902,4152.299805,4153.899902,4162.000000,4163.399902,4152.299805,4154.000000,changed
2026-10-05 04:30:00+00:00,2026-10-06T21:42:32Z,4154.000000,4161.600098,4153.299805,4161.100098,4153.899902,4161.600098,4153.299805,4161.100098,changed
2026-10-05 05:00:00+00:00,2026-10-06T21:42:32Z,4159.000000,4167.899902,4158.299805,4166.399902,4159.200195,4167.899902,4158.299805,4166.399902,changed
2026-10-05 06:00:00+00:00,2026-10-06T21:42:32Z,4162.100098,4181.500000,4161.700195,4179.399902,4161.799805,4181.500000,4161.700195,4179.399902,changed
2026-10-05 06:15:00+00:00,2026-10-06T21:42:32Z,4179.500000,4184.100098,4174.600098,4183.100098,4179.100098,4184.100098,4174.600098,4183.000000,changed
2026-10-05 06:30:00+00:00,2026-10-06T21:42:32Z,4182.600098,4183.500000,4176.899902,4180.799805,4182.600098,4183.500000,4176.899902,4180.399902,changed
2026-10-05 06:45:00+00:00,2026-10-06T21:42:32Z,4180.700195,4183.899902,4176.100098,4183.700195,4180.200195,4183.899902,4176.100098,4183.899902,changed
2026-10-05 07:00:00+00:00,2026-10-06T21:42:32Z,4183.700195,4187.299805,4177.899902,4184.100098,4184.000000,4187.299805,4177.899902,4184.100098,changed
2026-10-05 07:45:00+00:00,2026-10-06T21:42:32Z,4187.600098,4194.899902,4186.000000,4188.700195,4187.700195,4194.899902,4186.000000,4188.700195,changed
2026-10-05 08:00:00+00:00,2026-10-06T21:42:32Z,4189.000000,4197.899902,4187.500000,4196.899902,4188.700195,4197.899902,4187.500000,4196.899902,changed
2026-10-05 09:30:00+00:00,2026-10-06T21:42:32Z,4194.399902,4195.200195,4187.899902,4187.899902,4194.799805,4195.200195,4187.899902,4187.899902,changed
2026-10-05 11:45:00+00:00,2026-10-06T21:42:32Z,4182.700195,4184.899902,4179.100098,4184.100098,4182.600098,4184.899902,4179.100098,4184.100098,changed
2026-10-05 13:15:00+00:00,2026-10-06T21:42:32Z,4180.000000,4182.299805,4178.100098,4180.899902,4180.100098,4182.299805,4178.100098,4180.899902,changed
2026-10-05 13:30:00+00:00,2026-10-06T21:42:32Z,4180.799805,4182.000000,4165.000000,4165.899902,4180.799805,4182.000000,4165.000000,4166.299805,changed
2026-10-05 13:45:00+00:00,2026-10-06T21:42:32Z,4165.899902,4172.799805,4159.100098,4163.399902,4166.100098,4172.799805,4159.100098,4163.000000,changed
2026-10-05 14:00:00+00:00,2026-10-06T21:42:32Z,4163.000000,4175.100098,4162.899902,4170.299805,4162.899902,4175.100098,4162.899902,4170.500000,changed
2026-10-05 14:15:00+00:00,2026-10-06T21:42:32Z,4170.100098,4170.799805,4164.799805,4165.200195,4170.399902,4170.799805,4164.799805,4165.200195,changed
2026-10-05 14:30:00+00:00,2026-10-06T21:42:32Z,4165.200195,4170.399902,4160.000000,4168.700195,4165.000000,4170.399902,4160.000000,4168.600098,changed
2026-10-05 14:45:00+00:00,2026-10-06T21:42:32Z,4168.600098,4176.600098,4165.000000,4175.000000,4168.700195,4176.600098,4165.000000,4175.100098,changed
2026-10-05 15:45:00+00:00,2026-10-06T21:42:32Z,4164.299805,4167.600098,4161.799805,4164.700195,4164.200195,4167.600098,4161.799805,4164.700195,changed
2026-10-05 16:30:00+00:00,2026-10-06T21:42:32Z,4155.299805,4159.299805,4155.000000,4158.899902,4155.399902,4159.299805,4155.000000,4158.899902,changed
2026-10-05 17:30:00+00:00,2026-10-06T21:42:32Z,4157.399902,4160.600098,4154.700195,4159.899902,4157.200195,4160.600098,4154.700195,4159.899902,changed
2026-10-05 19:30:00+00:00,2026-10-06T21:42:32Z,4169.600098,4171.600098,4169.100098,4169.700195,4169.399902,4171.600098,4169.100098,4169.700195,changed
2026-10-05 19:45:00+00:00,2026-10-06T21:42:32Z,4169.700195,4170.000000,4166.100098,4168.299805,4169.799805,4170.000000,4166.100098,4168.299805,changed
2026-10-05 20:00:00+00:00,2026-10-06T21:42:32Z,4168.399902,4168.799805,4165.000000,4166.299805,4168.200195,4168.799805,4165.000000,4166.299805,changed
2026-10-05 22:00:00+00:00,2026-10-06T21:42:32Z,4169.200195,4172.000000,4168.500000,4169.600098,4168.899902,4172.000000,4168.500000,4169.600098,changed
2026-10-06 00:00:00+00:00,2026-10-06T21:42:32Z,4161.200195,4164.799805,4160.100098,4163.299805,4161.000000,4164.799805,4160.100098,4163.299805,changed
2026-10-06 00:30:00+00:00,2026-10-06T21:42:32Z,4167.899902,4172.299805,4162.899902,4165.299805,4167.799805,4172.299805,4162.899902,4165.299805,changed
2026-10-06 00:45:00+00:00,2026-10-06T21:42:32Z,4165.500000,4178.799805,4165.500000,4178.399902,4166.000000,4178.799805,4165.500000,4178.299805,changed
2026-10-06 01:00:00+00:00,2026-10-06T21:42:32Z,4178.100098,4179.600098,4173.600098,4176.799805,4177.899902,4179.600098,4173.600098,4176.799805,changed
2026-10-06 01:45:00+00:00,2026-10-06T21:42:32Z,4160.200195,4160.799805,4156.000000,4157.200195,4160.100098,4160.799805,4156.000000,4157.200195,changed
2026-10-06 02:15:00+00:00,2026-10-06T21:42:32Z,4157.399902,4158.600098,4153.399902,4153.700195,4157.799805,4158.600098,4153.399902,4153.700195,changed
2026-10-06 02:45:00+00:00,2026-10-06T21:42:32Z,4148.700195,4166.200195,4148.000000,4157.399902,4148.500000,4166.200195,4148.000000,4157.399902,changed
2026-10-06 05:45:00+00:00,2026-10-06T21:42:32Z,4148.600098,4149.700195,4143.299805,4146.700195,4148.600098,4149.700195,4143.299805,4146.600098,changed
2026-10-06 06:00:00+00:00,2026-10-06T21:42:32Z,4146.600098,4150.299805,4140.100098,4149.600098,4146.299805,4150.299805,4140.100098,4149.600098,changed
2026-10-06 06:30:00+00:00,2026-10-06T21:42:32Z,4161.299805,4162.600098,4156.600098,4158.000000,4161.500000,4162.600098,4156.600098,4158.000000,changed
2026-10-06 06:45:00+00:00,2026-10-06T21:42:32Z,4157.700195,4162.100098,4157.100098,4158.899902,4157.600098,4162.100098,4157.100098,4158.899902,changed
2026-10-06 07:30:00+00:00,2026-10-06T21:42:32Z,4162.000000,4167.200195,4160.000000,4165.799805,4162.100098,4167.200195,4160.000000,4165.799805,changed
2026-10-06 08:00:00+00:00,2026-10-06T21:42:32Z,4167.500000,4171.600098,4165.200195,4167.200195,4167.399902,4171.600098,4165.200195,4167.399902,changed
2026-10-06 08:15:00+00:00,2026-10-06T21:42:32Z,4167.100098,4175.000000,4167.100098,4173.500000,4167.399902,4175.000000,4167.100098,4173.500000,changed
2026-10-06 08:30:00+00:00,2026-10-06T21:42:32Z,4173.399902,4181.200195,4172.600098,4180.000000,4173.600098,4181.200195,4172.600098,4180.000000,changed
2026-10-06 09:00:00+00:00,2026-10-06T21:42:32Z,4182.600098,4184.299805,4177.200195,4177.299805,4182.500000,4184.299805,4177.200195,4177.200195,changed
2026-10-06 09:30:00+00:00,2026-10-06T21:42:32Z,4183.899902,4185.899902,4181.200195,4181.399902,4183.799805,4185.899902,4181.200195,4181.399902,changed
2026-10-06 11:45:00+00:00,2026-10-06T21:42:32Z,4200.100098,4202.799805,4198.000000,4201.500000,4199.899902,4202.799805,4198.000000,4201.500000,changed
2026-10-06 12:00:00+00:00,2026-10-06T21:42:32Z,4201.700195,4208.000000,4201.200195,4206.799805,4201.700195,4208.000000,4201.200195,4206.700195,changed
2026-10-06 12:15:00+00:00,2026-10-06T21:42:32Z,4206.899902,4207.500000,4201.600098,4203.799805,4207.000000,4207.500000,4201.600098,4203.600098,changed
2026-10-06 13:15:00+00:00,2026-10-06T21:42:32Z,4200.000000,4200.200195,4188.700195,4189.200195,4199.899902,4200.200195,4188.700195,4189.200195,changed
2026-10-06 13:30:00+00:00,2026-10-06T21:42:32Z,4189.299805,4192.899902,4183.200195,4185.700195,4189.200195,4192.899902,4183.200195,4185.799805,changed
2026-10-06 13:45:00+00:00,2026-10-06T21:42:32Z,4186.000000,4186.000000,4179.299805,4180.000000,4185.500000,4186.000000,4179.299805,4180.100098,changed
2026-10-06 14:00:00+00:00,2026-10-06T21:42:32Z,4180.100098,4185.799805,4179.100098,4182.299805,4180.000000,4185.799805,4179.100098,4181.500000,changed
2026-10-06 14:15:00+00:00,2026-10-06T21:42:32Z,4181.899902,4182.700195,4171.299805,4173.600098,4182.000000,4182.700195,4171.299805,4173.600098,changed
2026-10-06 14:45:00+00:00,2026-10-06T21:42:32Z,4180.500000,4185.899902,4177.100098,4184.500000,4180.299805,4185.899902,4177.100098,4184.500000,changed
2026-10-06 15:00:00+00:00,2026-10-06T21:42:32Z,4184.399902,4192.100098,4183.899902,4190.500000,4184.399902,4192.100098,4183.899902,4190.299805,changed
2026-10-06 15:15:00+00:00,2026-10-06T21:42:32Z,4190.600098,4192.700195,4188.899902,4191.200195,4190.700195,4192.700195,4188.899902,4191.200195,changed
2026-10-06 16:15:00+00:00,2026-10-06T21:42:32Z,4190.600098,4192.700195,4187.899902,4188.100098,4190.700195,4192.700195,4187.899902,4188.100098,changed
2026-10-06 17:15:00+00:00,2026-10-06T21:42:32Z,4189.899902,4191.600098,4185.200195,4188.299805,4190.000000,4191.600098,4185.200195,4188.299805,changed
2026-10-06 17:30:00+00:00,2026-10-06T21:42:32Z,4188.399902,4193.200195,4187.600098,4192.399902,4188.200195,4193.200195,4187.600098,4192.399902,changed
2026-10-06 17:45:00+00:00,2026-10-06T21:42:32Z,4192.600098,4193.700195,4191.200195,4192.000000,4192.700195,4193.700195,4191.200195,4192.000000,changed
2026-10-06 18:30:00+00:00,2026-10-06T21:42:32Z,4196.899902,4198.200195,4194.399902,4197.899902,4197.000000,4198.200195,4194.399902,4197.899902,changed
2026-10-06 19:15:00+00:00,2026-10-06T21:42:32Z,4204.299805,4205.399902,4199.700195,4199.899902,4204.299805,4205.399902,4199.700195,4200.000000,changed
2026-10-06 19:30:00+00:00,2026-10-06T21:42:32Z,4200.000000,4200.000000,4195.899902,4197.000000,4199.700195,4200.000000,4195.899902,4197.000000,changed
2026-10-06 19:45:00+00:00,2026-10-06T21:42:32Z,4197.000000,4198.100098,4194.600098,4197.100098,4197.000000,4198.100098,4194.600098,4197.299805,changed
2026-10-06 22:45:00+00:00,2026-10-06T23:28:11Z,4190.799805,4192.100098,4189.299805,4190.500000,4190.799805,4192.100098,4189.299805,4190.700195,changed
2026-10-06 23:30:00+00:00,2026-10-07T00:13:14Z,4197.200195,4197.200195,4193.200195,4195.000000,4197.200195,4197.200195,4193.200195,4194.700195,changed
2026-10-07 00:45:00+00:00,2026-10-07T01:20:47Z,4190.100098,4190.100098,4184.299805,4185.100098,4190.100098,4190.100098,4183.000000,4183.600098,changed
2026-10-01 00:00:00+00:00,2026-10-07T01:44:05Z,4186.000000,4186.200195,4180.500000,4182.799805,4186.100098,4186.200195,4180.500000,4182.799805,changed
2026-10-01 02:00:00+00:00,2026-10-07T01:44:05Z,4186.700195,4187.700195,4181.200195,4183.600098,4186.100098,4187.700195,4181.200195,4183.600098,changed
2026-10-01 03:00:00+00:00,2026-10-07T01:44:05Z,4190.899902,4198.200195,4188.799805,4197.000000,4190.299805,4198.200195,4188.799805,4197.000000,changed
2026-10-01 03:15:00+00:00,2026-10-07T01:44:05Z,4197.500000,4198.000000,4192.899902,4193.700195,4197.000000,4198.000000,4192.899902,4193.700195,changed
2026-10-01 03:45:00+00:00,2026-10-07T01:44:05Z,4199.100098,4206.399902,4198.399902,4205.399902,4199.000000,4206.399902,4198.399902,4205.399902,changed
2026-10-01 05:30:00+00:00,2026-10-07T01:44:05Z,4217.200195,4222.799805,4214.799805,4216.799805,4217.100098,4222.799805,4214.799805,4216.799805,changed
2026-10-01 06:45:00+00:00,2026-10-07T01:44:05Z,4214.100098,4215.299805,4210.399902,4211.600098,4214.200195,4215.299805,4210.399902,4211.600098,changed
2026-10-01 07:00:00+00:00,2026-10-07T01:44:05Z,4211.899902,4213.500000,4202.000000,4202.299805,4211.500000,4213.500000,4202.000000,4202.299805,changed
2026-10-01 07:15:00+00:00,2026-10-07T01:44:05Z,4202.799805,4204.500000,4185.000000,4186.399902,4202.399902,4204.500000,4185.000000,4186.399902,changed
2026-10-01 07:30:00+00:00,2026-10-07T01:44:05Z,4186.299805,4195.399902,4184.200195,4193.299805,4186.399902,4195.399902,4184.200195,4193.399902,changed
2026-10-01 07:45:00+00:00,2026-10-07T01:44:05Z,4193.500000,4196.700195,4191.899902,4193.700195,4193.399902,4196.700195,4191.899902,4193.700195,changed
2026-10-01 08:15:00+00:00,2026-10-07T01:44:05Z,4189.500000,4192.399902,4184.399902,4186.600098,4189.399902,4192.399902,4184.399902,4186.600098,changed
2026-10-01 09:15:00+00:00,2026-10-07T01:44:05Z,4190.799805,4192.299805,4187.899902,4188.899902,4190.600098,4192.299805,4187.899902,4188.899902,changed
2026-10-01 09:30:00+00:00,2026-10-07T01:44:05Z,4189.100098,4193.000000,4188.799805,4191.200195,4189.100098,4193.000000,4188.799805,4191.100098,changed
2026-10-01 10:45:00+00:00,2026-10-07T01:44:05Z,4201.100098,4208.500000,4200.799805,4206.100098,4201.100098,4208.500000,4200.799805,4205.899902,changed
2026-10-01 11:00:00+00:00,2026-10-07T01:44:05Z,4205.600098,4206.100098,4198.700195,4199.200195,4206.100098,4206.100098,4198.700195,4199.200195,changed
2026-10-01 12:00:00+00:00,2026-10-07T01:44:05Z,4212.299805,4215.100098,4205.799805,4206.299805,4212.500000,4215.100098,4205.799805,4206.299805,changed
2026-10-01 12:30:00+00:00,2026-10-07T01:44:05Z,4209.700195,4216.799805,4207.799805,4212.200195,4209.200195,4216.799805,4207.799805,4212.200195,changed
2026-10-01 12:45:00+00:00,2026-10-07T01:44:05Z,4212.600098,4217.799805,4208.600098,4208.600098,4212.600098,4217.799805,4208.600098,4208.799805,changed
2026-10-01 13:00:00+00:00,2026-10-07T01:44:05Z,4208.799805,4211.799805,4203.100098,4203.200195,4208.899902,4211.799805,4203.100098,4203.200195,changed
2026-10-01 13:30:00+00:00,2026-10-07T01:44:05Z,4197.399902,4202.399902,4188.799805,4192.600098,4197.299805,4202.399902,4188.799805,4192.600098,changed
2026-10-01 13:45:00+00:00,2026-10-07T01:44:05Z,4192.600098,4195.600098,4190.000000,4195.299805,4192.700195,4195.600098,4190.000000,4195.100098,changed
2026-10-01 14:30:00+00:00,2026-10-07T01:44:05Z,4191.700195,4204.799805,4189.799805,4196.399902,4191.700195,4204.799805,4189.799805,4196.100098,changed
2026-10-01 15:00:00+00:00,2026-10-07T01:44:05Z,4191.899902,4192.600098,4179.500000,4185.899902,4192.299805,4192.600098,4179.500000,4185.899902,changed
2026-10-01 15:15:00+00:00,2026-10-07T01:44:05Z,4185.600098,4198.500000,4184.299805,4196.500000,4185.700195,4198.500000,4184.299805,4196.500000,changed
2026-10-01 16:00:00+00:00,2026-10-07T01:44:05Z,4199.299805,4206.600098,4198.000000,4199.500000,4199.100098,4206.600098,4198.000000,4199.500000,changed
2026-10-01 16:15:00+00:00,2026-10-07T01:44:05Z,4199.500000,4201.799805,4193.899902,4197.000000,4199.299805,4201.799805,4193.899902,4197.000000,changed
2026-10-01 16:45:00+00:00,2026-10-07T01:44:05Z,4195.399902,4197.399902,4189.500000,4192.100098,4195.399902,4197.399902,4189.500000,4192.200195,changed
2026-10-01 17:00:00+00:00,2026-10-07T01:44:05Z,4192.100098,4203.500000,4191.600098,4201.399902,4192.200195,4203.500000,4191.600098,4201.399902,changed
2026-10-01 17:15:00+00:00,2026-10-07T01:44:05Z,4201.399902,4207.600098,4200.100098,4203.000000,4201.500000,4207.600098,4200.100098,4203.100098,changed
2026-10-01 17:30:00+00:00,2026-10-07T01:44:05Z,4203.100098,4217.600098,4202.799805,4207.500000,4202.899902,4217.600098,4202.799805,4207.500000,changed
2026-10-01 22:00:00+00:00,2026-10-07T01:44:05Z,4204.500000,4207.200195,4202.100098,4202.700195,4204.600098,4207.200195,4202.100098,4202.700195,changed
2026-10-01 22:45:00+00:00,2026-10-07T01:44:05Z,4205.500000,4208.600098,4205.299805,4208.299805,4205.500000,4208.600098,4204.899902,4208.299805,changed
2026-10-02 00:00:00+00:00,2026-10-07T01:44:05Z,4211.399902,4212.000000,4198.600098,4199.700195,4211.399902,4212.000000,4198.600098,4199.299805,changed
2026-10-02 00:15:00+00:00,2026-10-07T01:44:05Z,4199.399902,4201.000000,4193.299805,4194.299805,4199.500000,4201.000000,4193.299805,4194.299805,changed
2026-10-02 01:00:00+00:00,2026-10-07T01:44:05Z,4182.299805,4184.200195,4162.899902,4170.399902,4182.500000,4184.200195,4162.899902,4170.399902,changed
2026-10-02 01:15:00+00:00,2026-10-07T01:44:05Z,4170.000000,4179.500000,4168.700195,4179.100098,4170.299805,4179.500000,4168.700195,4179.100098,changed
2026-10-02 01:30:00+00:00,2026-10-07T01:44:05Z,4179.000000,4181.000000,4174.600098,4178.299805,4178.799805,4181.000000,4174.600098,4178.299805,changed
2026-10-02 04:45:00+00:00,2026-10-07T01:44:05Z,4212.600098,4215.000000,4211.200195,4214.799805,4212.399902,4215.000000,4211.200195,4214.799805,changed
2026-10-02 05:00:00+00:00,2026-10-07T01:44:05Z,4214.600098,4222.299805,4213.899902,4217.700195,4214.500000,4222.299805,4213.899902,4217.700195,changed
2026-10-02 06:00:00+00:00,2026-10-07T01:44:05Z,4216.500000,4226.799805,4215.799805,4222.200195,4216.100098,4226.799805,4215.799805,4222.200195,changed
2026-10-02 06:30:00+00:00,2026-10-07T01:44:05Z,4219.600098,4220.299805,4209.500000,4210.299805,4219.399902,4220.299805,4209.500000,4210.299805,changed
2026-10-02 08:15:00+00:00,2026-10-07T01:44:05Z,4219.000000,4220.200195,4212.299805,4215.500000,4219.000000,4220.200195,4212.299805,4215.700195,changed
2026-10-02 08:30:00+00:00,2026-10-07T01:44:05Z,4215.000000,4216.600098,4210.299805,4210.700195,4215.299805,4216.600098,4210.299805,4210.700195,changed
2026-10-02 10:30:00+00:00,2026-10-07T01:44:05Z,4203.899902,4212.500000,4203.000000,4211.399902,4204.000000,4212.500000,4203.000000,4211.399902,changed
2026-10-02 10:45:00+00:00,2026-10-07T01:44:05Z,4211.600098,4212.799805,4209.299805,4212.700195,4211.500000,4212.799805,4209.299805,4212.700195,changed
2026-10-02 11:00:00+00:00,2026-10-07T01:44:05Z,4212.600098,4218.700195,4211.700195,4217.500000,4212.600098,4218.700195,4211.700195,4217.799805,changed
2026-10-02 11:15:00+00:00,2026-10-07T01:44:05Z,4217.799805,4218.600098,4210.600098,4211.000000,4217.700195,4218.600098,4210.600098,4211.000000,changed
2026-10-02 12:00:00+00:00,2026-10-07T01:44:05Z,4211.299805,4212.000000,4204.399902,4207.500000,4211.500000,4212.000000,4204.399902,4207.500000,changed
2026-10-02 12:30:00+00:00,2026-10-07T01:44:05Z,4216.500000,4259.000000,4216.500000,4240.899902,4216.899902,4259.000000,4216.500000,4241.299805,changed
2026-10-02 12:45:00+00:00,2026-10-07T01:44:05Z,4241.100098,4250.700195,4234.100098,4248.200195,4241.500000,4250.700195,4234.100098,4248.200195,changed
2026-10-02 13:15:00+00:00,2026-10-07T01:44:05Z,4225.299805,4226.200195,4213.200195,4222.700195,4225.299805,4226.200195,4213.200195,4223.100098,changed
2026-10-02 13:30:00+00:00,2026-10-07T01:44:05Z,4223.299805,4231.600098,4212.500000,4216.100098,4223.000000,4231.600098,4212.500000,4216.100098,changed
2026-10-02 13:45:00+00:00,2026-10-07T01:44:05Z,4215.600098,4222.899902,4207.700195,4220.500000,4215.600098,4222.899902,4207.700195,4221.200195,changed
2026-10-02 14:00:00+00:00,2026-10-07T01:44:05Z,4220.600098,4226.600098,4209.100098,4218.600098,4220.700195,4226.600098,4209.100098,4218.600098,changed
2026-10-02 14:45:00+00:00,2026-10-07T01:44:05Z,4205.200195,4206.100098,4184.500000,4188.200195,4205.200195,4206.100098,4184.500000,4188.299805,changed
2026-10-02 15:00:00+00:00,2026-10-07T01:44:05Z,4188.500000,4189.399902,4171.100098,4174.299805,4188.399902,4189.399902,4171.100098,4174.299805,changed
2026-10-02 15:15:00+00:00,2026-10-07T01:44:05Z,4173.600098,4175.700195,4161.700195,4171.200195,4174.200195,4175.700195,4161.700195,4171.299805,changed
2026-10-02 15:45:00+00:00,2026-10-07T01:44:05Z,4163.600098,4167.299805,4153.799805,4156.100098,4163.399902,4167.299805,4153.799805,4156.100098,changed
2026-10-02 16:00:00+00:00,2026-10-07T01:44:05Z,4156.299805,4165.600098,4154.600098,4163.799805,4156.200195,4165.600098,4154.600098,4163.799805,changed
2026-10-02 16:45:00+00:00,2026-10-07T01:44:05Z,4165.000000,4169.399902,4164.299805,4168.200195,4164.299805,4169.399902,4164.299805,4168.200195,changed
2026-10-02 17:15:00+00:00,2026-10-07T01:44:05Z,4165.500000,4168.200195,4158.899902,4162.600098,4165.299805,4168.200195,4158.899902,4162.600098,changed
2026-10-02 17:30:00+00:00,2026-10-07T01:44:05Z,4161.799805,4169.000000,4161.299805,4166.600098,4162.399902,4169.000000,4161.299805,4166.600098,changed
2026-10-02 19:00:00+00:00,2026-10-07T01:44:05Z,4175.799805,4178.399902,4172.799805,4178.000000,4175.700195,4178.399902,4172.799805,4178.000000,changed
2026-10-02 19:30:00+00:00,2026-10-07T01:44:05Z,4177.500000,4178.899902,4171.899902,4172.000000,4177.299805,4178.899902,4171.899902,4171.899902,changed
2026-10-02 19:45:00+00:00,2026-10-07T01:44:05Z,4171.500000,4176.899902,4169.399902,4176.399902,4171.500000,4176.899902,4169.399902,4176.600098,changed
2026-10-02 20:00:00+00:00,2026-10-07T01:44:05Z,4176.899902,4177.700195,4169.000000,4172.100098,4176.799805,4177.700195,4169.000000,4172.100098,changed
2026-10-02 20:45:00+00:00,2026-10-07T01:44:05Z,4166.899902,4172.100098,4162.299805,4162.299805,4167.000000,4172.100098,4162.299805,4162.299805,changed
2026-10-05 00:30:00+00:00,2026-10-07T01:44:05Z,4183.799805,4184.100098,4180.100098,4181.299805,4183.799805,4184.100098,4179.600098,4181.299805,changed
2026-10-05 04:15:00+00:00,2026-10-07T01:44:05Z,4162.000000,4163.399902,4152.299805,4154.000000,4162.600098,4163.399902,4152.299805,4153.899902,changed
2026-10-05 04:30:00+00:00,2026-10-07T01:44:05Z,4153.899902,4161.600098,4153.299805,4161.100098,4154.000000,4161.600098,4153.299805,4161.100098,changed
2026-10-05 05:00:00+00:00,2026-10-07T01:44:05Z,4159.200195,4167.899902,4158.299805,4166.399902,4159.000000,4167.899902,4158.299805,4166.399902,changed
2026-10-05 06:00:00+00:00,2026-10-07T01:44:05Z,4161.799805,4181.500000,4161.700195,4179.399902,4162.100098,4181.500000,4161.700195,4179.399902,changed
2026-10-05 06:15:00+00:00,2026-10-07T01:44:05Z,4179.100098,4184.100098,4174.600098,4183.000000,4179.500000,4184.100098,4174.600098,4183.100098,changed
2026-10-05 06:30:00+00:00,2026-10-07T01:44:05Z,4182.600098,4183.500000,4176.899902,4180.399902,4182.600098,4183.500000,4176.899902,4180.799805,changed
2026-10-05 06:45:00+00:00,2026-10-07T01:44:05Z,4180.200195,4183.899902,4176.100098,4183.899902,4180.700195,4183.899902,4176.100098,4183.700195,changed
2026-10-05 07:00:00+00:00,2026-10-07T01:44:05Z,4184.000000,4187.299805,4177.899902,4184.100098,4183.700195,4187.299805,4177.899902,4184.100098,changed
2026-10-05 07:45:00+00:00,2026-10-07T01:44:05Z,4187.700195,4194.899902,4186.000000,4188.700195,4187.600098,4194.899902,4186.000000,4188.700195,changed
2026-10-05 08:00:00+00:00,2026-10-07T01:44:05Z,4188.700195,4197.899902,4187.500000,4196.899902,4189.000000,4197.899902,4187.500000,4196.899902,changed
2026-10-05 09:30:00+00:00,2026-10-07T01:44:05Z,4194.799805,4195.200195,4187.899902,4187.899902,4194.399902,4195.200195,4187.899902,4187.899902,changed
2026-10-05 11:45:00+00:00,2026-10-07T01:44:05Z,4182.600098,4184.899902,4179.100098,4184.100098,4182.700195,4184.899902,4179.100098,4184.100098,changed
2026-10-05 13:15:00+00:00,2026-10-07T01:44:05Z,4180.100098,4182.299805,4178.100098,4180.899902,4180.000000,4182.299805,4178.100098,4180.899902,changed
2026-10-05 13:30:00+00:00,2026-10-07T01:44:05Z,4180.799805,4182.000000,4165.000000,4166.299805,4180.799805,4182.000000,4165.000000,4165.899902,changed
2026-10-05 13:45:00+00:00,2026-10-07T01:44:05Z,4166.100098,4172.799805,4159.100098,4163.000000,4165.899902,4172.799805,4159.100098,4163.399902,changed
2026-10-05 14:00:00+00:00,2026-10-07T01:44:05Z,4162.899902,4175.100098,4162.899902,4170.500000,4163.000000,4175.100098,4162.899902,4170.299805,changed
2026-10-05 14:15:00+00:00,2026-10-07T01:44:05Z,4170.399902,4170.799805,4164.799805,4165.200195,4170.100098,4170.799805,4164.799805,4165.200195,changed
2026-10-05 14:30:00+00:00,2026-10-07T01:44:05Z,4165.000000,4170.399902,4160.000000,4168.600098,4165.200195,4170.399902,4160.000000,4168.700195,changed
2026-10-05 14:45:00+00:00,2026-10-07T01:44:05Z,4168.700195,4176.600098,4165.000000,4175.100098,4168.600098,4176.600098,4165.000000,4175.000000,changed
2026-10-05 15:45:00+00:00,2026-10-07T01:44:05Z,4164.200195,4167.600098,4161.799805,4164.700195,4164.299805,4167.600098,4161.799805,4164.700195,changed
2026-10-05 16:30:00+00:00,2026-10-07T01:44:05Z,4155.399902,4159.299805,4155.000000,4158.899902,4155.299805,4159.299805,4155.000000,4158.899902,changed
2026-10-05 17:30:00+00:00,2026-10-07T01:44:05Z,4157.200195,4160.600098,4154.700195,4159.899902,4157.399902,4160.600098,4154.700195,4159.899902,changed
2026-10-05 19:30:00+00:00,2026-10-07T01:44:05Z,4169.399902,4171.600098,4169.100098,4169.700195,4169.600098,4171.600098,4169.100098,4169.700195,changed
2026-10-05 19:45:00+00:00,2026-10-07T01:44:05Z,4169.799805,4170.000000,4166.100098,4168.299805,4169.700195,4170.000000,4166.100098,4168.299805,changed
2026-10-05 20:00:00+00:00,2026-10-07T01:44:05Z,4168.200195,4168.799805,4165.000000,4166.299805,4168.399902,4168.799805,4165.000000,4166.299805,changed
2026-10-05 22:00:00+00:00,2026-10-07T01:44:05Z,4168.899902,4172.000000,4168.500000,4169.600098,4169.200195,4172.000000,4168.500000,4169.600098,changed
2026-10-06 00:00:00+00:00,2026-10-07T01:44:05Z,4161.000000,4164.799805,4160.100098,4163.299805,4161.200195,4164.799805,4160.100098,4163.299805,changed
2026-10-06 00:30:00+00:00,2026-10-07T01:44:05Z,4167.799805,4172.299805,4162.899902,4165.299805,4167.899902,4172.299805,4162.899902,4165.299805,changed
2026-10-06 00:45:00+00:00,2026-10-07T01:44:05Z,4166.000000,4178.799805,4165.500000,4178.299805,4165.500000,4178.799805,4165.500000,4178.399902,changed
2026-10-06 01:00:00+00:00,2026-10-07T01:44:05Z,4177.899902,4179.600098,4173.600098,4176.799805,4178.100098,4179.600098,4173.600098,4176.799805,changed
2026-10-06 01:45:00+00:00,2026-10-07T01:44:05Z,4160.100098,4160.799805,4156.000000,4157.200195,4160.200195,4160.799805,4156.000000,4157.200195,changed
2026-10-06 02:15:00+00:00,2026-10-07T01:44:05Z,4157.799805,4158.600098,4153.399902,4153.700195,4157.399902,4158.600098,4153.399902,4153.700195,changed
2026-10-06 02:45:00+00:00,2026-10-07T01:44:05Z,4148.500000,4166.200195,4148.000000,4157.399902,4148.700195,4166.200195,4148.000000,4157.399902,changed
2026-10-06 05:45:00+00:00,2026-10-07T01:44:05Z,4148.600098,4149.700195,4143.299805,4146.600098,4148.600098,4149.700195,4143.299805,4146.700195,changed
2026-10-06 06:00:00+00:00,2026-10-07T01:44:05Z,4146.299805,4150.299805,4140.100098,4149.600098,4146.600098,4150.299805,4140.100098,4149.600098,changed
2026-10-06 06:30:00+00:00,2026-10-07T01:44:05Z,4161.500000,4162.600098,4156.600098,4158.000000,4161.299805,4162.600098,4156.600098,4158.000000,changed
2026-10-06 06:45:00+00:00,2026-10-07T01:44:05Z,4157.600098,4162.100098,4157.100098,4158.899902,4157.700195,4162.100098,4157.100098,4158.899902,changed
2026-10-06 07:30:00+00:00,2026-10-07T01:44:05Z,4162.100098,4167.200195,4160.000000,4165.799805,4162.000000,4167.200195,4160.000000,4165.799805,changed
2026-10-06 08:00:00+00:00,2026-10-07T01:44:05Z,4167.399902,4171.600098,4165.200195,4167.399902,4167.500000,4171.600098,4165.200195,4167.200195,changed
2026-10-06 08:15:00+00:00,2026-10-07T01:44:05Z,4167.399902,4175.000000,4167.100098,4173.500000,4167.100098,4175.000000,4167.100098,4173.500000,changed
2026-10-06 08:30:00+00:00,2026-10-07T01:44:05Z,4173.600098,4181.200195,4172.600098,4180.000000,4173.399902,4181.200195,4172.600098,4180.000000,changed
2026-10-06 09:00:00+00:00,2026-10-07T01:44:05Z,4182.500000,4184.299805,4177.200195,4177.200195,4182.600098,4184.299805,4177.200195,4177.299805,changed
2026-10-06 09:30:00+00:00,2026-10-07T01:44:05Z,4183.799805,4185.899902,4181.200195,4181.399902,4183.899902,4185.899902,4181.200195,4181.399902,changed
2026-10-06 11:45:00+00:00,2026-10-07T01:44:05Z,4199.899902,4202.799805,4198.000000,4201.500000,4200.100098,4202.799805,4198.000000,4201.500000,changed
2026-10-06 12:00:00+00:00,2026-10-07T01:44:05Z,4201.700195,4208.000000,4201.200195,4206.700195,4201.700195,4208.000000,4201.200195,4206.799805,changed
2026-10-06 12:15:00+00:00,2026-10-07T01:44:05Z,4207.000000,4207.500000,4201.600098,4203.600098,4206.899902,4207.500000,4201.600098,4203.799805,changed
2026-10-06 13:15:00+00:00,2026-10-07T01:44:05Z,4199.899902,4200.200195,4188.700195,4189.200195,4200.000000,4200.200195,4188.700195,4189.200195,changed
2026-10-06 13:30:00+00:00,2026-10-07T01:44:05Z,4189.200195,4192.899902,4183.200195,4185.799805,4189.299805,4192.899902,4183.200195,4185.700195,changed
2026-10-06 13:45:00+00:00,2026-10-07T01:44:05Z,4185.500000,4186.000000,4179.299805,4180.100098,4186.000000,4186.000000,4179.299805,4180.000000,changed
2026-10-06 14:00:00+00:00,2026-10-07T01:44:05Z,4180.000000,4185.799805,4179.100098,4181.500000,4180.100098,4185.799805,4179.100098,4182.299805,changed
2026-10-06 14:15:00+00:00,2026-10-07T01:44:05Z,4182.000000,4182.700195,4171.299805,4173.600098,4181.899902,4182.700195,4171.299805,4173.600098,changed
2026-10-06 14:45:00+00:00,2026-10-07T01:44:05Z,4180.299805,4185.899902,4177.100098,4184.500000,4180.500000,4185.899902,4177.100098,4184.500000,changed
2026-10-06 15:00:00+00:00,2026-10-07T01:44:05Z,4184.399902,4192.100098,4183.899902,4190.299805,4184.399902,4192.100098,4183.899902,4190.500000,changed
2026-10-06 15:15:00+00:00,2026-10-07T01:44:05Z,4190.700195,4192.700195,4188.899902,4191.200195,4190.600098,4192.700195,4188.899902,4191.200195,changed
2026-10-06 16:15:00+00:00,2026-10-07T01:44:05Z,4190.700195,4192.700195,4187.899902,4188.100098,4190.600098,4192.700195,4187.899902,4188.100098,changed
2026-10-06 17:15:00+00:00,2026-10-07T01:44:05Z,4190.000000,4191.600098,4185.200195,4188.299805,4189.899902,4191.600098,4185.200195,4188.299805,changed
2026-10-06 17:30:00+00:00,2026-10-07T01:44:05Z,4188.200195,4193.200195,4187.600098,4192.399902,4188.399902,4193.200195,4187.600098,4192.399902,changed
2026-10-06 17:45:00+00:00,2026-10-07T01:44:05Z,4192.700195,4193.700195,4191.200195,4192.000000,4192.600098,4193.700195,4191.200195,4192.000000,changed
2026-10-06 18:30:00+00:00,2026-10-07T01:44:05Z,4197.000000,4198.200195,4194.399902,4197.899902,4196.899902,4198.200195,4194.399902,4197.899902,changed
2026-10-06 19:15:00+00:00,2026-10-07T01:44:05Z,4204.299805,4205.399902,4199.700195,4200.000000,4204.299805,4205.399902,4199.700195,4199.899902,changed
2026-10-06 19:30:00+00:00,2026-10-07T01:44:05Z,4199.700195,4200.000000,4195.899902,4197.000000,4200.000000,4200.000000,4195.899902,4197.000000,changed
2026-10-06 19:45:00+00:00,2026-10-07T01:44:05Z,4197.000000,4198.100098,4194.600098,4197.299805,4197.000000,4198.100098,4194.600098,4197.100098,changed
2026-10-06 23:00:00+00:00,2026-10-07T01:44:05Z,4192.500000,4193.600098,4192.299805,4192.799805,4190.799805,4193.700195,4190.000000,4192.799805,changed
2026-10-06 23:30:00+00:00,2026-10-07T01:44:05Z,4197.200195,4197.200195,4193.200195,4194.700195,4196.899902,4197.799805,4193.200195,4194.700195,changed
2026-10-07 00:00:00+00:00,2026-10-07T01:44:05Z,4192.899902,4197.299805,4189.600098,4197.100098,4193.200195,4197.299805,4189.600098,4197.100098,changed
2026-10-07 01:00:00+00:00,2026-10-07T01:44:05Z,4183.799805,4183.799805,4179.000000,4179.899902,4183.799805,4183.799805,4179.000000,4179.500000,changed
2026-10-01 00:00:00+00:00,2026-10-07T01:57:02Z,4186.100098,4186.200195,4180.500000,4182.799805,4186.000000,4186.200195,4180.500000,4182.799805,changed
2026-10-01 02:00:00+00:00,2026-10-07T01:57:02Z,4186.100098,4187.700195,4181.200195,4183.600098,4186.700195,4187.700195,4181.200195,4183.600098,changed
2026-10-01 03:00:00+00:00,2026-10-07T01:57:02Z,4190.299805,4198.200195,4188.799805,4197.000000,4190.899902,4198.200195,4188.799805,4197.000000,changed
2026-10-01 03:15:00+00:00,2026-10-07T01:57:02Z,4197.000000,4198.000000,4192.899902,4193.700195,4197.500000,4198.000000,4192.899902,4193.700195,changed
2026-10-01 03:45:00+00:00,2026-10-07T01:57:02Z,4199.000000,4206.399902,4198.399902,4205.399902,4199.100098,4206.399902,4198.399902,4205.399902,changed
2026-10-01 05:30:00+00:00,2026-10-07T01:57:02Z,4217.100098,4222.799805,4214.799805,4216.799805,4217.200195,4222.799805,4214.799805,4216.799805,changed
2026-10-01 06:45:00+00:00,2026-10-07T01:57:02Z,4214.200195,4215.299805,4210.399902,4211.600098,4214.100098,4215.299805,4210.399902,4211.600098,changed
2026-10-01 07:00:00+00:00,2026-10-07T01:57:02Z,4211.500000,4213.500000,4202.000000,4202.299805,4211.899902,4213.500000,4202.000000,4202.299805,changed
2026-10-01 07:15:00+00:00,2026-10-07T01:57:02Z,4202.399902,4204.500000,4185.000000,4186.399902,4202.799805,4204.500000,4185.000000,4186.399902,changed
2026-10-01 07:30:00+00:00,2026-10-07T01:57:02Z,4186.399902,4195.399902,4184.200195,4193.399902,4186.299805,4195.399902,4184.200195,4193.299805,changed
2026-10-01 07:45:00+00:00,2026-10-07T01:57:02Z,4193.399902,4196.700195,4191.899902,4193.700195,4193.500000,4196.700195,4191.899902,4193.700195,changed
2026-10-01 08:15:00+00:00,2026-10-07T01:57:02Z,4189.399902,4192.399902,4184.399902,4186.600098,4189.500000,4192.399902,4184.399902,4186.600098,changed
2026-10-01 09:15:00+00:00,2026-10-07T01:57:02Z,4190.600098,4192.299805,4187.899902,4188.899902,4190.799805,4192.299805,4187.899902,4188.899902,changed
2026-10-01 09:30:00+00:00,2026-10-07T01:57:02Z,4189.100098,4193.000000,4188.799805,4191.100098,4189.100098,4193.000000,4188.799805,4191.200195,changed
2026-10-01 10:45:00+00:00,2026-10-07T01:57:02Z,4201.100098,4208.500000,4200.799805,4205.899902,4201.100098,4208.500000,4200.799805,4206.100098,changed
2026-10-01 11:00:00+00:00,2026-10-07T01:57:02Z,4206.100098,4206.100098,4198.700195,4199.200195,4205.600098,4206.100098,4198.700195,4199.200195,changed
2026-10-01 12:00:00+00:00,2026-10-07T01:57:02Z,4212.500000,4215.100098,4205.799805,4206.299805,4212.299805,4215.100098,4205.799805,4206.299805,changed
2026-10-01 12:30:00+00:00,2026-10-07T01:57:02Z,4209.200195,4216.799805,4207.799805,4212.200195,4209.700195,4216.799805,4207.799805,4212.200195,changed
2026-10-01 12:45:00+00:00,2026-10-07T01:57:02Z,4212.600098,4217.799805,4208.600098,4208.799805,4212.600098,4217.799805,4208.600098,4208.600098,changed
2026-10-01 13:00:00+00:00,2026-10-07T01:57:02Z,4208.899902,4211.799805,4203.100098,4203.200195,4208.799805,4211.799805,4203.100098,4203.200195,changed
2026-10-01 13:30:00+00:00,2026-10-07T01:57:02Z,4197.299805,4202.399902,4188.799805,4192.600098,4197.399902,4202.399902,4188.799805,4192.600098,changed
2026-10-01 13:45:00+00:00,2026-10-07T01:57:02Z,4192.700195,4195.600098,4190.000000,4195.100098,4192.600098,4195.600098,4190.000000,4195.299805,changed
2026-10-01 14:30:00+00:00,2026-10-07T01:57:02Z,4191.700195,4204.799805,4189.799805,4196.100098,4191.700195,4204.799805,4189.799805,4196.399902,changed
2026-10-01 15:00:00+00:00,2026-10-07T01:57:02Z,4192.299805,4192.600098,4179.500000,4185.899902,4191.899902,4192.600098,4179.500000,4185.899902,changed
2026-10-01 15:15:00+00:00,2026-10-07T01:57:02Z,4185.700195,4198.500000,4184.299805,4196.500000,4185.600098,4198.500000,4184.299805,4196.500000,changed
2026-10-01 16:00:00+00:00,2026-10-07T01:57:02Z,4199.100098,4206.600098,4198.000000,4199.500000,4199.299805,4206.600098,4198.000000,4199.500000,changed
2026-10-01 16:15:00+00:00,2026-10-07T01:57:02Z,4199.299805,4201.799805,4193.899902,4197.000000,4199.500000,4201.799805,4193.899902,4197.000000,changed
2026-10-01 16:45:00+00:00,2026-10-07T01:57:02Z,4195.399902,4197.399902,4189.500000,4192.200195,4195.399902,4197.399902,4189.500000,4192.100098,changed
2026-10-01 17:00:00+00:00,2026-10-07T01:57:02Z,4192.200195,4203.500000,4191.600098,4201.399902,4192.100098,4203.500000,4191.600098,4201.399902,changed
2026-10-01 17:15:00+00:00,2026-10-07T01:57:02Z,4201.500000,4207.600098,4200.100098,4203.100098,4201.399902,4207.600098,4200.100098,4203.000000,changed
2026-10-01 17:30:00+00:00,2026-10-07T01:57:02Z,4202.899902,4217.600098,4202.799805,4207.500000,4203.100098,4217.600098,4202.799805,4207.500000,changed
2026-10-01 22:00:00+00:00,2026-10-07T01:57:02Z,4204.600098,4207.200195,4202.100098,4202.700195,4204.500000,4207.200195,4202.100098,4202.700195,changed
2026-10-01 22:45:00+00:00,2026-10-07T01:57:02Z,4205.500000,4208.600098,4204.899902,4208.299805,4205.500000,4208.600098,4205.299805,4208.299805,changed
2026-10-02 00:00:00+00:00,2026-10-07T01:57:02Z,4211.399902,4212.000000,4198.600098,4199.299805,4211.399902,4212.000000,4198.600098,4199.700195,changed
2026-10-02 00:15:00+00:00,2026-10-07T01:57:02Z,4199.500000,4201.000000,4193.299805,4194.299805,4199.399902,4201.000000,4193.299805,4194.299805,changed
2026-10-02 01:00:00+00:00,2026-10-07T01:57:02Z,4182.500000,4184.200195,4162.899902,4170.399902,4182.299805,4184.200195,4162.899902,4170.399902,changed
2026-10-02 01:15:00+00:00,2026-10-07T01:57:02Z,4170.299805,4179.500000,4168.700195,4179.100098,4170.000000,4179.500000,4168.700195,4179.100098,changed
2026-10-02 01:30:00+00:00,2026-10-07T01:57:02Z,4178.799805,4181.000000,4174.600098,4178.299805,4179.000000,4181.000000,4174.600098,4178.299805,changed
2026-10-02 04:45:00+00:00,2026-10-07T01:57:02Z,4212.399902,4215.000000,4211.200195,4214.799805,4212.600098,4215.000000,4211.200195,4214.799805,changed
2026-10-02 05:00:00+00:00,2026-10-07T01:57:02Z,4214.500000,4222.299805,4213.899902,4217.700195,4214.600098,4222.299805,4213.899902,4217.700195,changed
2026-10-02 06:00:00+00:00,2026-10-07T01:57:02Z,4216.100098,4226.799805,4215.799805,4222.200195,4216.500000,4226.799805,4215.799805,4222.200195,changed
2026-10-02 06:30:00+00:00,2026-10-07T01:57:02Z,4219.399902,4220.299805,4209.500000,4210.299805,4219.600098,4220.299805,4209.500000,4210.299805,changed
2026-10-02 08:15:00+00:00,2026-10-07T01:57:02Z,4219.000000,4220.200195,4212.299805,4215.700195,4219.000000,4220.200195,4212.299805,4215.500000,changed
2026-10-02 08:30:00+00:00,2026-10-07T01:57:02Z,4215.299805,4216.600098,4210.299805,4210.700195,4215.000000,4216.600098,4210.299805,4210.700195,changed
2026-10-02 10:30:00+00:00,2026-10-07T01:57:02Z,4204.000000,4212.500000,4203.000000,4211.399902,4203.899902,4212.500000,4203.000000,4211.399902,changed
2026-10-02 10:45:00+00:00,2026-10-07T01:57:02Z,4211.500000,4212.799805,4209.299805,4212.700195,4211.600098,4212.799805,4209.299805,4212.700195,changed
2026-10-02 11:00:00+00:00,2026-10-07T01:57:02Z,4212.600098,4218.700195,4211.700195,4217.799805,4212.600098,4218.700195,4211.700195,4217.500000,changed
2026-10-02 11:15:00+00:00,2026-10-07T01:57:02Z,4217.700195,4218.600098,4210.600098,4211.000000,4217.799805,4218.600098,4210.600098,4211.000000,changed
2026-10-02 12:00:00+00:00,2026-10-07T01:57:02Z,4211.500000,4212.000000,4204.399902,4207.500000,4211.299805,4212.000000,4204.399902,4207.500000,changed
2026-10-02 12:30:00+00:00,2026-10-07T01:57:02Z,4216.899902,4259.000000,4216.500000,4241.299805,4216.500000,4259.000000,4216.500000,4240.899902,changed
2026-10-02 12:45:00+00:00,2026-10-07T01:57:02Z,4241.500000,4250.700195,4234.100098,4248.200195,4241.100098,4250.700195,4234.100098,4248.200195,changed
2026-10-02 13:15:00+00:00,2026-10-07T01:57:02Z,4225.299805,4226.200195,4213.200195,4223.100098,4225.299805,4226.200195,4213.200195,4222.700195,changed
2026-10-02 13:30:00+00:00,2026-10-07T01:57:02Z,4223.000000,4231.600098,4212.500000,4216.100098,4223.299805,4231.600098,4212.500000,4216.100098,changed
2026-10-02 13:45:00+00:00,2026-10-07T01:57:02Z,4215.600098,4222.899902,4207.700195,4221.200195,4215.600098,4222.899902,4207.700195,4220.500000,changed
2026-10-02 14:00:00+00:00,2026-10-07T01:57:02Z,4220.700195,4226.600098,4209.100098,4218.600098,4220.600098,4226.600098,4209.100098,4218.600098,changed
2026-10-02 14:45:00+00:00,2026-10-07T01:57:02Z,4205.200195,4206.100098,4184.500000,4188.299805,4205.200195,4206.100098,4184.500000,4188.200195,changed
2026-10-02 15:00:00+00:00,2026-10-07T01:57:02Z,4188.399902,4189.399902,4171.100098,4174.299805,4188.500000,4189.399902,4171.100098,4174.299805,changed
2026-10-02 15:15:00+00:00,2026-10-07T01:57:02Z,4174.200195,4175.700195,4161.700195,4171.299805,4173.600098,4175.700195,4161.700195,4171.200195,changed
2026-10-02 15:45:00+00:00,2026-10-07T01:57:02Z,4163.399902,4167.299805,4153.799805,4156.100098,4163.600098,4167.299805,4153.799805,4156.100098,changed
2026-10-02 16:00:00+00:00,2026-10-07T01:57:02Z,4156.200195,4165.600098,4154.600098,4163.799805,4156.299805,4165.600098,4154.600098,4163.799805,changed
2026-10-02 16:45:00+00:00,2026-10-07T01:57:02Z,4164.299805,4169.399902,4164.299805,4168.200195,4165.000000,4169.399902,4164.299805,4168.200195,changed
2026-10-02 17:15:00+00:00,2026-10-07T01:57:02Z,4165.299805,4168.200195,4158.899902,4162.600098,4165.500000,4168.200195,4158.899902,4162.600098,changed
2026-10-02 17:30:00+00:00,2026-10-07T01:57:02Z,4162.399902,4169.000000,4161.299805,4166.600098,4161.799805,4169.000000,4161.299805,4166.600098,changed
2026-10-02 19:00:00+00:00,2026-10-07T01:57:02Z,4175.700195,4178.399902,4172.799805,4178.000000,4175.799805,4178.399902,4172.799805,4178.000000,changed
2026-10-02 19:30:00+00:00,2026-10-07T01:57:02Z,4177.299805,4178.899902,4171.899902,4171.899902,4177.500000,4178.899902,4171.899902,4172.000000,changed
2026-10-02 19:45:00+00:00,2026-10-07T01:57:02Z,4171.500000,4176.899902,4169.399902,4176.600098,4171.500000,4176.899902,4169.399902,4176.399902,changed
2026-10-02 20:00:00+00:00,2026-10-07T01:57:02Z,4176.799805,4177.700195,4169.000000,4172.100098,4176.899902,4177.700195,4169.000000,4172.100098,changed
2026-10-02 20:45:00+00:00,2026-10-07T01:57:02Z,4167.000000,4172.100098,4162.299805,4162.299805,4166.899902,4172.100098,4162.299805,4162.299805,changed
2026-10-05 00:30:00+00:00,2026-10-07T01:57:02Z,4183.799805,4184.100098,4179.600098,4181.299805,4183.799805,4184.100098,4180.100098,4181.299805,changed
2026-10-05 04:15:00+00:00,2026-10-07T01:57:02Z,4162.600098,4163.399902,4152.299805,4153.899902,4162.000000,4163.399902,4152.299805,4154.000000,changed
2026-10-05 04:30:00+00:00,2026-10-07T01:57:02Z,4154.000000,4161.600098,4153.299805,4161.100098,4153.899902,4161.600098,4153.299805,4161.100098,changed
2026-10-05 05:00:00+00:00,2026-10-07T01:57:02Z,4159.000000,4167.899902,4158.299805,4166.399902,4159.200195,4167.899902,4158.299805,4166.399902,changed
2026-10-05 06:00:00+00:00,2026-10-07T01:57:02Z,4162.100098,4181.500000,4161.700195,4179.399902,4161.799805,4181.500000,4161.700195,4179.399902,changed
2026-10-05 06:15:00+00:00,2026-10-07T01:57:02Z,4179.500000,4184.100098,4174.600098,4183.100098,4179.100098,4184.100098,4174.600098,4183.000000,changed
2026-10-05 06:30:00+00:00,2026-10-07T01:57:02Z,4182.600098,4183.500000,4176.899902,4180.799805,4182.600098,4183.500000,4176.899902,4180.399902,changed
2026-10-05 06:45:00+00:00,2026-10-07T01:57:02Z,4180.700195,4183.899902,4176.100098,4183.700195,4180.200195,4183.899902,4176.100098,4183.899902,changed
2026-10-05 07:00:00+00:00,2026-10-07T01:57:02Z,4183.700195,4187.299805,4177.899902,4184.100098,4184.000000,4187.299805,4177.899902,4184.100098,changed
2026-10-05 07:45:00+00:00,2026-10-07T01:57:02Z,4187.600098,4194.899902,4186.000000,4188.700195,4187.700195,4194.899902,4186.000000,4188.700195,changed
2026-10-05 08:00:00+00:00,2026-10-07T01:57:02Z,4189.000000,4197.899902,4187.500000,4196.899902,4188.700195,4197.899902,4187.500000,4196.899902,changed
2026-10-05 09:30:00+00:00,2026-10-07T01:57:02Z,4194.399902,4195.200195,4187.899902,4187.899902,4194.799805,4195.200195,4187.899902,4187.899902,changed
2026-10-05 11:45:00+00:00,2026-10-07T01:57:02Z,4182.700195,4184.899902,4179.100098,4184.100098,4182.600098,4184.899902,4179.100098,4184.100098,changed
2026-10-05 13:15:00+00:00,2026-10-07T01:57:02Z,4180.000000,4182.299805,4178.100098,4180.899902,4180.100098,4182.299805,4178.100098,4180.899902,changed
2026-10-05 13:30:00+00:00,2026-10-07T01:57:02Z,4180.799805,4182.000000,4165.000000,4165.899902,4180.799805,4182.000000,4165.000000,4166.299805,changed
2026-10-05 13:45:00+00:00,2026-10-07T01:57:02Z,4165.899902,4172.799805,4159.100098,4163.399902,4166.100098,4172.799805,4159.100098,4163.000000,changed
2026-10-05 14:00:00+00:00,2026-10-07T01:57:02Z,4163.000000,4175.100098,4162.899902,4170.299805,4162.899902,4175.100098,4162.899902,4170.500000,changed
2026-10-05 14:15:00+00:00,2026-10-07T01:57:02Z,4170.100098,4170.799805,4164.799805,4165.200195,4170.399902,4170.799805,4164.799805,4165.200195,changed
2026-10-05 14:30:00+00:00,2026-10-07T01:57:02Z,4165.200195,4170.399902,4160.000000,4168.700195,4165.000000,4170.399902,4160.000000,4168.600098,changed
2026-10-05 14:45:00+00:00,2026-10-07T01:57:02Z,4168.600098,4176.600098,4165.000000,4175.000000,4168.700195,4176.600098,4165.000000,4175.100098,changed
2026-10-05 15:45:00+00:00,2026-10-07T01:57:02Z,4164.299805,4167.600098,4161.799805,4164.700195,4164.200195,4167.600098,4161.799805,4164.700195,changed
2026-10-05 16:30:00+00:00,2026-10-07T01:57:02Z,4155.299805,4159.299805,4155.000000,4158.899902,4155.399902,4159.299805,4155.000000,4158.899902,changed
2026-10-05 17:30:00+00:00,2026-10-07T01:57:02Z,4157.399902,4160.600098,4154.700195,4159.899902,4157.200195,4160.600098,4154.700195,4159.899902,changed
2026-10-05 19:30:00+00:00,2026-10-07T01:57:02Z,4169.600098,4171.600098,4169.100098,4169.700195,4169.399902,4171.600098,4169.100098,4169.700195,changed
2026-10-05 19:45:00+00:00,2026-10-07T01:57:02Z,4169.700195,4170.000000,4166.100098,4168.299805,4169.799805,4170.000000,4166.100098,4168.299805,changed
2026-10-05 20:00:00+00:00,2026-10-07T01:57:02Z,4168.399902,4168.799805,4165.000000,4166.299805,4168.200195,4168.799805,4165.000000,4166.299805,changed
2026-10-05 22:00:00+00:00,2026-10-07T01:57:02Z,4169.200195,4172.000000,4168.500000,4169.600098,4168.899902,4172.000000,4168.500000,4169.600098,changed
2026-10-06 00:00:00+00:00,2026-10-07T01:57:02Z,4161.200195,4164.799805,4160.100098,4163.299805,4161.000000,4164.799805,4160.100098,4163.299805,changed
2026-10-06 00:30:00+00:00,2026-10-07T01:57:02Z,4167.899902,4172.299805,4162.899902,4165.299805,4167.799805,4172.299805,4162.899902,4165.299805,changed
2026-10-06 00:45:00+00:00,2026-10-07T01:57:02Z,4165.500000,4178.799805,4165.500000,4178.399902,4166.000000,4178.799805,4165.500000,4178.299805,changed
2026-10-06 01:00:00+00:00,2026-10-07T01:57:02Z,4178.100098,4179.600098,4173.600098,4176.799805,4177.899902,4179.600098,4173.600098,4176.799805,changed
2026-10-06 01:45:00+00:00,2026-10-07T01:57:02Z,4160.200195,4160.799805,4156.000000,4157.200195,4160.100098,4160.799805,4156.000000,4157.200195,changed
2026-10-06 02:15:00+00:00,2026-10-07T01:57:02Z,4157.399902,4158.600098,4153.399902,4153.700195,4157.799805,4158.600098,4153.399902,4153.700195,changed
2026-10-06 02:45:00+00:00,2026-10-07T01:57:02Z,4148.700195,4166.200195,4148.000000,4157.399902,4148.500000,4166.200195,4148.000000,4157.399902,changed
2026-10-06 05:45:00+00:00,2026-10-07T01:57:02Z,4148.600098,4149.700195,4143.299805,4146.700195,4148.600098,4149.700195,4143.299805,4146.600098,changed
2026-10-06 06:00:00+00:00,2026-10-07T01:57:02Z,4146.600098,4150.299805,4140.100098,4149.600098,4146.299805,4150.299805,4140.100098,4149.600098,changed
2026-10-06 06:30:00+00:00,2026-10-07T01:57:02Z,4161.299805,4162.600098,4156.600098,4158.000000,4161.500000,4162.600098,4156.600098,4158.000000,changed
2026-10-06 06:45:00+00:00,2026-10-07T01:57:02Z,4157.700195,4162.100098,4157.100098,4158.899902,4157.600098,4162.100098,4157.100098,4158.899902,changed
2026-10-06 07:30:00+00:00,2026-10-07T01:57:02Z,4162.000000,4167.200195,4160.000000,4165.799805,4162.100098,4167.200195,4160.000000,4165.799805,changed
2026-10-06 08:00:00+00:00,2026-10-07T01:57:02Z,4167.500000,4171.600098,4165.200195,4167.200195,4167.399902,4171.600098,4165.200195,4167.399902,changed
2026-10-06 08:15:00+00:00,2026-10-07T01:57:02Z,4167.100098,4175.000000,4167.100098,4173.500000,4167.399902,4175.000000,4167.100098,4173.500000,changed
2026-10-06 08:30:00+00:00,2026-10-07T01:57:02Z,4173.399902,4181.200195,4172.600098,4180.000000,4173.600098,4181.200195,4172.600098,4180.000000,changed
2026-10-06 09:00:00+00:00,2026-10-07T01:57:02Z,4182.600098,4184.299805,4177.200195,4177.299805,4182.500000,4184.299805,4177.200195,4177.200195,changed
2026-10-06 09:30:00+00:00,2026-10-07T01:57:02Z,4183.899902,4185.899902,4181.200195,4181.399902,4183.799805,4185.899902,4181.200195,4181.399902,changed
2026-10-06 11:45:00+00:00,2026-10-07T01:57:02Z,4200.100098,4202.799805,4198.000000,4201.500000,4199.899902,4202.799805,4198.000000,4201.500000,changed
2026-10-06 12:00:00+00:00,2026-10-07T01:57:02Z,4201.700195,4208.000000,4201.200195,4206.799805,4201.700195,4208.000000,4201.200195,4206.700195,changed
2026-10-06 12:15:00+00:00,2026-10-07T01:57:02Z,4206.899902,4207.500000,4201.600098,4203.799805,4207.000000,4207.500000,4201.600098,4203.600098,changed
2026-10-06 13:15:00+00:00,2026-10-07T01:57:02Z,4200.000000,4200.200195,4188.700195,4189.200195,4199.899902,4200.200195,4188.700195,4189.200195,changed
2026-10-06 13:30:00+00:00,2026-10-07T01:57:02Z,4189.299805,4192.899902,4183.200195,4185.700195,4189.200195,4192.899902,4183.200195,4185.799805,changed
2026-10-06 13:45:00+00:00,2026-10-07T01:57:02Z,4186.000000,4186.000000,4179.299805,4180.000000,4185.500000,4186.000000,4179.299805,4180.100098,changed
2026-10-06 14:00:00+00:00,2026-10-07T01:57:02Z,4180.100098,4185.799805,4179.100098,4182.299805,4180.000000,4185.799805,4179.100098,4181.500000,changed
2026-10-06 14:15:00+00:00,2026-10-07T01:57:02Z,4181.899902,4182.700195,4171.299805,4173.600098,4182.000000,4182.700195,4171.299805,4173.600098,changed
2026-10-06 14:45:00+00:00,2026-10-07T01:57:02Z,4180.500000,4185.899902,4177.100098,4184.500000,4180.299805,4185.899902,4177.100098,4184.500000,changed
2026-10-06 15:00:00+00:00,2026-10-07T01:57:02Z,4184.399902,4192.100098,4183.899902,4190.500000,4184.399902,4192.100098,4183.899902,4190.299805,changed
2026-10-06 15:15:00+00:00,2026-10-07T01:57:02Z,4190.600098,4192.700195,4188.899902,4191.200195,4190.700195,4192.700195,4188.899902,4191.200195,changed
2026-10-06 16:15:00+00:00,2026-10-07T01:57:02Z,4190.600098,4192.700195,4187.899902,4188.100098,4190.700195,4192.700195,4187.899902,4188.100098,changed
2026-10-06 17:15:00+00:00,2026-10-07T01:57:02Z,4189.899902,4191.600098,4185.200195,4188.299805,4190.000000,4191.600098,4185.200195,4188.299805,changed
2026-10-06 17:30:00+00:00,2026-10-07T01:57:02Z,4188.399902,4193.200195,4187.600098,4192.399902,4188.200195,4193.200195,4187.600098,4192.399902,changed
2026-10-06 17:45:00+00:00,2026-10-07T01:57:02Z,4192.600098,4193.700195,4191.200195,4192.000000,4192.700195,4193.700195,4191.200195,4192.000000,changed
2026-10-06 18:30:00+00:00,2026-10-07T01:57:02Z,4196.899902,4198.200195,4194.399902,4197.899902,4197.000000,4198.200195,4194.399902,4197.899902,changed
2026-10-06 19:15:00+00:00,2026-10-07T01:57:02Z,4204.299805,4205.399902,4199.700195,4199.899902,4204.299805,4205.399902,4199.700195,4200.000000,changed
2026-10-06 19:30:00+00:00,2026-10-07T01:57:02Z,4200.000000,4200.000000,4195.899902,4197.000000,4199.700195,4200.000000,4195.899902,4197.000000,changed
2026-10-06 19:45:00+00:00,2026-10-07T01:57:02Z,4197.000000,4198.100098,4194.600098,4197.100098,4197.000000,4198.100098,4194.600098,4197.299805,changed
2026-10-06 23:00:00+00:00,2026-10-07T01:57:02Z,4190.799805,4193.700195,4190.000000,4192.799805,4192.500000,4193.600098,4192.299805,4192.799805,changed
2026-10-06 23:30:00+00:00,2026-10-07T01:57:02Z,4196.899902,4197.799805,4193.200195,4194.700195,4197.200195,4197.200195,4193.200195,4194.700195,changed
2026-10-07 00:00:00+00:00,2026-10-07T01:57:02Z,4193.200195,4197.299805,4189.600098,4197.100098,4192.899902,4197.299805,4189.600098,4197.100098,changed
2026-10-07 01:00:00+00:00,2026-10-07T01:57:02Z,4183.799805,4183.799805,4179.000000,4179.500000,4183.799805,4183.799805,4179.000000,4179.799805,changed
2026-10-07 01:15:00+00:00,2026-10-07T01:57:02Z,4179.200195,4180.500000,4176.799805,4179.500000,4179.100098,4180.500000,4176.799805,4179.500000,changed
2026-10-01 00:00:00+00:00,2026-10-07T02:10:27Z,4186.000000,4186.200195,4180.500000,4182.799805,4186.100098,4186.200195,4180.500000,4182.799805,changed
2026-10-01 02:00:00+00:00,2026-10-07T02:10:27Z,4186.700195,4187.700195,4181.200195,4183.600098,4186.100098,4187.700195,4181.200195,4183.600098,changed
2026-10-01 03:00:00+00:00,2026-10-07T02:10:27Z,4190.899902,4198.200195,4188.799805,4197.000000,4190.299805,4198.200195,4188.799805,4197.000000,changed
2026-10-01 03:15:00+00:00,2026-10-07T02:10:27Z,4197.500000,4198.000000,4192.899902,4193.700195,4197.000000,4198.000000,4192.899902,4193.700195,changed
2026-10-01 03:45:00+00:00,2026-10-07T02:10:27Z,4199.100098,4206.399902,4198.399902,4205.399902,4199.000000,4206.399902,4198.399902,4205.399902,changed
2026-10-01 05:30:00+00:00,2026-10-07T02:10:27Z,4217.200195,4222.799805,4214.799805,4216.799805,4217.100098,4222.799805,4214.799805,4216.799805,changed
2026-10-01 06:45:00+00:00,2026-10-07T02:10:27Z,4214.100098,4215.299805,4210.399902,4211.600098,4214.200195,4215.299805,4210.399902,4211.600098,changed
2026-10-01 07:00:00+00:00,2026-10-07T02:10:27Z,4211.899902,4213.500000,4202.000000,4202.299805,4211.500000,4213.500000,4202.000000,4202.299805,changed
2026-10-01 07:15:00+00:00,2026-10-07T02:10:27Z,4202.799805,4204.500000,4185.000000,4186.399902,4202.399902,4204.500000,4185.000000,4186.399902,changed
2026-10-01 07:30:00+00:00,2026-10-07T02:10:27Z,4186.299805,4195.399902,4184.200195,4193.299805,4186.399902,4195.399902,4184.200195,4193.399902,changed
2026-10-01 07:45:00+00:00,2026-10-07T02:10:27Z,4193.500000,4196.700195,4191.899902,4193.700195,4193.399902,4196.700195,4191.899902,4193.700195,changed
2026-10-01 08:15:00+00:00,2026-10-07T02:10:27Z,4189.500000,4192.399902,4184.399902,4186.600098,4189.399902,4192.399902,4184.399902,4186.600098,changed
2026-10-01 09:15:00+00:00,2026-10-07T02:10:27Z,4190.799805,4192.299805,4187.899902,4188.899902,4190.600098,4192.299805,4187.899902,4188.899902,changed
2026-10-01 09:30:00+00:00,2026-10-07T02:10:27Z,4189.100098,4193.000000,4188.799805,4191.200195,4189.100098,4193.000000,4188.799805,4191.100098,changed
2026-10-01 10:45:00+00:00,2026-10-07T02:10:27Z,4201.100098,4208.500000,4200.799805,4206.100098,4201.100098,4208.500000,4200.799805,4205.899902,changed
2026-10-01 11:00:00+00:00,2026-10-07T02:10:27Z,4205.600098,4206.100098,4198.700195,4199.200195,4206.100098,4206.100098,4198.700195,4199.200195,changed
2026-10-01 12:00:00+00:00,2026-10-07T02:10:27Z,4212.299805,4215.100098,4205.799805,4206.299805,4212.500000,4215.100098,4205.799805,4206.299805,changed
2026-10-01 12:30:00+00:00,2026-10-07T02:10:27Z,4209.700195,4216.799805,4207.799805,4212.200195,4209.200195,4216.799805,4207.799805,4212.200195,changed
2026-10-01 12:45:00+00:00,2026-10-07T02:10:27Z,4212.600098,4217.799805,4208.600098,4208.600098,4212.600098,4217.799805,4208.600098,4208.799805,changed
2026-10-01 13:00:00+00:00,2026-10-07T02:10:27Z,4208.799805,4211.799805,4203.100098,4203.200195,4208.899902,4211.799805,4203.100098,4203.200195,changed
2026-10-01 13:30:00+00:00,2026-10-07T02:10:27Z,4197.399902,4202.399902,4188.799805,4192.600098,4197.299805,4202.399902,4188.799805,4192.600098,changed
2026-10-01 13:45:00+00:00,2026-10-07T02:10:27Z,4192.600098,4195.600098,4190.000000,4195.299805,4192.700195,4195.600098,4190.000000,4195.100098,changed
2026-10-01 14:30:00+00:00,2026-10-07T02:10:27Z,4191.700195,4204.799805,4189.799805,4196.399902,4191.700195,4204.799805,4189.799805,4196.100098,changed
2026-10-01 15:00:00+00:00,2026-10-07T02:10:27Z,4191.899902,4192.600098,4179.500000,4185.899902,4192.299805,4192.600098,4179.500000,4185.899902,changed
2026-10-01 15:15:00+00:00,2026-10-07T02:10:27Z,4185.600098,4198.500000,4184.299805,4196.500000,4185.700195,4198.500000,4184.299805,4196.500000,changed
2026-10-01 16:00:00+00:00,2026-10-07T02:10:27Z,4199.299805,4206.600098,4198.000000,4199.500000,4199.100098,4206.600098,4198.000000,4199.500000,changed
2026-10-01 16:15:00+00:00,2026-10-07T02:10:27Z,4199.500000,4201.799805,4193.899902,4197.000000,4199.299805,4201.799805,4193.899902,4197.000000,changed
2026-10-01 16:45:00+00:00,2026-10-07T02:10:27Z,4195.399902,4197.399902,4189.500000,4192.100098,4195.399902,4197.399902,4189.500000,4192.200195,changed
2026-10-01 17:00:00+00:00,2026-10-07T02:10:27Z,4192.100098,4203.500000,4191.600098,4201.399902,4192.200195,4203.500000,4191.600098,4201.399902,changed
2026-10-01 17:15:00+00:00,2026-10-07T02:10:27Z,4201.399902,4207.600098,4200.100098,4203.000000,4201.500000,4207.600098,4200.100098,4203.100098,changed
2026-10-01 17:30:00+00:00,2026-10-07T02:10:27Z,4203.100098,4217.600098,4202.799805,4207.500000,4202.899902,4217.600098,4202.799805,4207.500000,changed
2026-10-01 22:00:00+00:00,2026-10-07T02:10:27Z,4204.500000,4207.200195,4202.100098,4202.700195,4204.600098,4207.200195,4202.100098,4202.700195,changed
2026-10-01 22:45:00+00:00,2026-10-07T02:10:27Z,4205.500000,4208.600098,4205.299805,4208.299805,4205.500000,4208.600098,4204.899902,4208.299805,changed
2026-10-02 00:00:00+00:00,2026-10-07T02:10:27Z,4211.399902,4212.000000,4198.600098,4199.700195,4211.399902,4212.000000,4198.600098,4199.299805,changed
2026-10-02 00:15:00+00:00,2026-10-07T02:10:27Z,4199.399902,4201.000000,4193.299805,4194.299805,4199.500000,4201.000000,4193.299805,4194.299805,changed
2026-10-02 01:00:00+00:00,2026-10-07T02:10:27Z,4182.299805,4184.200195,4162.899902,4170.399902,4182.500000,4184.200195,4162.899902,4170.399902,changed
2026-10-02 01:15:00+00:00,2026-10-07T02:10:27Z,4170.000000,4179.500000,4168.700195,4179.100098,4170.299805,4179.500000,4168.700195,4179.100098,changed
2026-10-02 01:30:00+00:00,2026-10-07T02:10:27Z,4179.000000,4181.000000,4174.600098,4178.299805,4178.799805,4181.000000,4174.600098,4178.299805,changed
2026-10-02 04:45:00+00:00,2026-10-07T02:10:27Z,4212.600098,4215.000000,4211.200195,4214.799805,4212.399902,4215.000000,4211.200195,4214.799805,changed
2026-10-02 05:00:00+00:00,2026-10-07T02:10:27Z,4214.600098,4222.299805,4213.899902,4217.700195,4214.500000,4222.299805,4213.899902,4217.700195,changed
2026-10-02 06:00:00+00:00,2026-10-07T02:10:27Z,4216.500000,4226.799805,4215.799805,4222.200195,4216.100098,4226.799805,4215.799805,4222.200195,changed
2026-10-02 06:30:00+00:00,2026-10-07T02:10:27Z,4219.600098,4220.299805,4209.500000,4210.299805,4219.399902,4220.299805,4209.500000,4210.299805,changed
2026-10-02 08:15:00+00:00,2026-10-07T02:10:27Z,4219.000000,4220.200195,4212.299805,4215.500000,4219.000000,4220.200195,4212.299805,4215.700195,changed
2026-10-02 08:30:00+00:00,2026-10-07T02:10:27Z,4215.000000,4216.600098,4210.299805,4210.700195,4215.299805,4216.600098,4210.299805,4210.700195,changed
2026-10-02 10:30:00+00:00,2026-10-07T02:10:27Z,4203.899902,4212.500000,4203.000000,4211.399902,4204.000000,4212.500000,4203.000000,4211.399902,changed
2026-10-02 10:45:00+00:00,2026-10-07T02:10:27Z,4211.600098,4212.799805,4209.299805,4212.700195,4211.500000,4212.799805,4209.299805,4212.700195,changed
2026-10-02 11:00:00+00:00,2026-10-07T02:10:27Z,4212.600098,4218.700195,4211.700195,4217.500000,4212.600098,4218.700195,4211.700195,4217.799805,changed
2026-10-02 11:15:00+00:00,2026-10-07T02:10:27Z,4217.799805,4218.600098,4210.600098,4211.000000,4217.700195,4218.600098,4210.600098,4211.000000,changed
2026-10-02 12:00:00+00:00,2026-10-07T02:10:27Z,4211.299805,4212.000000,4204.399902,4207.500000,4211.500000,4212.000000,4204.399902,4207.500000,changed
2026-10-02 12:30:00+00:00,2026-10-07T02:10:27Z,4216.500000,4259.000000,4216.500000,4240.899902,4216.899902,4259.000000,4216.500000,4241.299805,changed
2026-10-02 12:45:00+00:00,2026-10-07T02:10:27Z,4241.100098,4250.700195,4234.100098,4248.200195,4241.500000,4250.700195,4234.100098,4248.200195,changed
2026-10-02 13:15:00+00:00,2026-10-07T02:10:27Z,4225.299805,4226.200195,4213.200195,4222.700195,4225.299805,4226.200195,4213.200195,4223.100098,changed
2026-10-02 13:30:00+00:00,2026-10-07T02:10:27Z,4223.299805,4231.600098,4212.500000,4216.100098,4223.000000,4231.600098,4212.500000,4216.100098,changed
2026-10-02 13:45:00+00:00,2026-10-07T02:10:27Z,4215.600098,4222.899902,4207.700195,4220.500000,4215.600098,4222.899902,4207.700195,4221.200195,changed
2026-10-02 14:00:00+00:00,2026-10-07T02:10:27Z,4220.600098,4226.600098,4209.100098,4218.600098,4220.700195,4226.600098,4209.100098,4218.600098,changed
2026-10-02 14:45:00+00:00,2026-10-07T02:10:27Z,4205.200195,4206.100098,4184.500000,4188.200195,4205.200195,4206.100098,4184.500000,4188.299805,changed
2026-10-02 15:00:00+00:00,2026-10-07T02:10:27Z,4188.500000,4189.399902,4171.100098,4174.299805,4188.399902,4189.399902,4171.100098,4174.299805,changed
2026-10-02 15:15:00+00:00,2026-10-07T02:10:27Z,4173.600098,4175.700195,4161.700195,4171.200195,4174.200195,4175.700195,4161.700195,4171.299805,changed
2026-10-02 15:45:00+00:00,2026-10-07T02:10:27Z,4163.600098,4167.299805,4153.799805,4156.100098,4163.399902,4167.299805,4153.799805,4156.100098,changed
2026-10-02 16:00:00+00:00,2026-10-07T02:10:27Z,4156.299805,4165.600098,4154.600098,4163.799805,4156.200195,4165.600098,4154.600098,4163.799805,changed
2026-10-02 16:45:00+00:00,2026-10-07T02:10:27Z,4165.000000,4169.399902,4164.299805,4168.200195,4164.299805,4169.399902,4164.299805,4168.200195,changed
2026-10-02 17:15:00+00:00,2026-10-07T02:10:27Z,4165.500000,4168.200195,4158.899902,4162.600098,4165.299805,4168.200195,4158.899902,4162.600098,changed
2026-10-02 17:30:00+00:00,2026-10-07T02:10:27Z,4161.799805,4169.000000,4161.299805,4166.600098,4162.399902,4169.000000,4161.299805,4166.600098,changed
2026-10-02 19:00:00+00:00,2026-10-07T02:10:27Z,4175.799805,4178.399902,4172.799805,4178.000000,4175.700195,4178.399902,4172.799805,4178.000000,changed
2026-10-02 19:30:00+00:00,2026-10-07T02:10:27Z,4177.500000,4178.899902,4171.899902,4172.000000,4177.299805,4178.899902,4171.899902,4171.899902,changed
2026-10-02 19:45:00+00:00,2026-10-07T02:10:27Z,4171.500000,4176.899902,4169.399902,4176.399902,4171.500000,4176.899902,4169.399902,4176.600098,changed
2026-10-02 20:00:00+00:00,2026-10-07T02:10:27Z,4176.899902,4177.700195,4169.000000,4172.100098,4176.799805,4177.700195,4169.000000,4172.100098,changed
2026-10-02 20:45:00+00:00,2026-10-07T02:10:27Z,4166.899902,4172.100098,4162.299805,4162.299805,4167.000000,4172.100098,4162.299805,4162.299805,changed
2026-10-05 00:30:00+00:00,2026-10-07T02:10:27Z,4183.799805,4184.100098,4180.100098,4181.299805,4183.799805,4184.100098,4179.600098,4181.299805,changed
2026-10-05 04:15:00+00:00,2026-10-07T02:10:27Z,4162.000000,4163.399902,4152.299805,4154.000000,4162.600098,4163.399902,4152.299805,4153.899902,changed
2026-10-05 04:30:00+00:00,2026-10-07T02:10:27Z,4153.899902,4161.600098,4153.299805,4161.100098,4154.000000,4161.600098,4153.299805,4161.100098,changed
2026-10-05 05:00:00+00:00,2026-10-07T02:10:27Z,4159.200195,4167.899902,4158.299805,4166.399902,4159.000000,4167.899902,4158.299805,4166.399902,changed
2026-10-05 06:00:00+00:00,2026-10-07T02:10:27Z,4161.799805,4181.500000,4161.700195,4179.399902,4162.100098,4181.500000,4161.700195,4179.399902,changed
2026-10-05 06:15:00+00:00,2026-10-07T02:10:27Z,4179.100098,4184.100098,4174.600098,4183.000000,4179.500000,4184.100098,4174.600098,4183.100098,changed
2026-10-05 06:30:00+00:00,2026-10-07T02:10:27Z,4182.600098,4183.500000,4176.899902,4180.399902,4182.600098,4183.500000,4176.899902,4180.799805,changed
2026-10-05 06:45:00+00:00,2026-10-07T02:10:27Z,4180.200195,4183.899902,4176.100098,4183.899902,4180.700195,4183.899902,4176.100098,4183.700195,changed
2026-10-05 07:00:00+00:00,2026-10-07T02:10:27Z,4184.000000,4187.299805,4177.899902,4184.100098,4183.700195,4187.299805,4177.899902,4184.100098,changed
2026-10-05 07:45:00+00:00,2026-10-07T02:10:27Z,4187.700195,4194.899902,4186.000000,4188.700195,4187.600098,4194.899902,4186.000000,4188.700195,changed
2026-10-05 08:00:00+00:00,2026-10-07T02:10:27Z,4188.700195,4197.899902,4187.500000,4196.899902,4189.000000,4197.899902,4187.500000,4196.899902,changed
2026-10-05 09:30:00+00:00,2026-10-07T02:10:27Z,4194.799805,4195.200195,4187.899902,4187.899902,4194.399902,4195.200195,4187.899902,4187.899902,changed
2026-10-05 11:45:00+00:00,2026-10-07T02:10:27Z,4182.600098,4184.899902,4179.100098,4184.100098,4182.700195,4184.899902,4179.100098,4184.100098,changed
2026-10-05 13:15:00+00:00,2026-10-07T02:10:27Z,4180.100098,4182.299805,4178.100098,4180.899902,4180.000000,4182.299805,4178.100098,4180.899902,changed
2026-10-05 13:30:00+00:00,2026-10-07T02:10:27Z,4180.799805,4182.000000,4165.000000,4166.299805,4180.799805,4182.000000,4165.000000,4165.899902,changed
2026-10-05 13:45:00+00:00,2026-10-07T02:10:27Z,4166.100098,4172.799805,4159.100098,4163.000000,4165.899902,4172.799805,4159.100098,4163.399902,changed
2026-10-05 14:00:00+00:00,2026-10-07T02:10:27Z,4162.899902,4175.100098,4162.899902,4170.500000,4163.000000,4175.100098,4162.899902,4170.299805,changed
2026-10-05 14:15:00+00:00,2026-10-07T02:10:27Z,4170.399902,4170.799805,4164.799805,4165.200195,4170.100098,4170.799805,4164.799805,4165.200195,changed
2026-10-05 14:30:00+00:00,2026-10-07T02:10:27Z,4165.000000,4170.399902,4160.000000,4168.600098,4165.200195,4170.399902,4160.000000,4168.700195,changed
2026-10-05 14:45:00+00:00,2026-10-07T02:10:27Z,4168.700195,4176.600098,4165.000000,4175.100098,4168.600098,4176.600098,4165.000000,4175.000000,changed
2026-10-05 15:45:00+00:00,2026-10-07T02:10:27Z,4164.200195,4167.600098,4161.799805,4164.700195,4164.299805,4167.600098,4161.799805,4164.700195,changed
2026-10-05 16:30:00+00:00,2026-10-07T02:10:27Z,4155.399902,4159.299805,4155.000000,4158.899902,4155.299805,4159.299805,4155.000000,4158.899902,changed
2026-10-05 17:30:00+00:00,2026-10-07T02:10:27Z,4157.200195,4160.600098,4154.700195,4159.899902,4157.399902,4160.600098,4154.700195,4159.899902,changed
2026-10-05 19:30:00+00:00,2026-10-07T02:10:27Z,4169.399902,4171.600098,4169.100098,4169.700195,4169.600098,4171.600098,4169.100098,4169.700195,changed
2026-10-05 19:45:00+00:00,2026-10-07T02:10:27Z,4169.799805,4170.000000,4166.100098,4168.299805,4169.700195,4170.000000,4166.100098,4168.299805,changed
2026-10-05 20:00:00+00:00,2026-10-07T02:10:27Z,4168.200195,4168.799805,4165.000000,4166.299805,4168.399902,4168.799805,4165.000000,4166.299805,changed
2026-10-05 22:00:00+00:00,2026-10-07T02:10:27Z,4168.899902,4172.000000,4168.500000,4169.600098,4169.200195,4172.000000,4168.500000,4169.600098,changed
2026-10-06 00:00:00+00:00,2026-10-07T02:10:27Z,4161.000000,4164.799805,4160.100098,4163.299805,4161.200195,4164.799805,4160.100098,4163.299805,changed
2026-10-06 00:30:00+00:00,2026-10-07T02:10:27Z,4167.799805,4172.299805,4162.899902,4165.299805,4167.899902,4172.299805,4162.899902,4165.299805,changed
2026-10-06 00:45:00+00:00,2026-10-07T02:10:27Z,4166.000000,4178.799805,4165.500000,4178.299805,4165.500000,4178.799805,4165.500000,4178.399902,changed
2026-10-06 01:00:00+00:00,2026-10-07T02:10:27Z,4177.899902,4179.600098,4173.600098,4176.799805,4178.100098,4179.600098,4173.600098,4176.799805,changed
2026-10-06 01:45:00+00:00,2026-10-07T02:10:27Z,4160.100098,4160.799805,4156.000000,4157.200195,4160.200195,4160.799805,4156.000000,4157.200195,changed
2026-10-06 02:15:00+00:00,2026-10-07T02:10:27Z,4157.799805,4158.600098,4153.399902,4153.700195,4157.399902,4158.600098,4153.399902,4153.700195,changed
2026-10-06 02:45:00+00:00,2026-10-07T02:10:27Z,4148.500000,4166.200195,4148.000000,4157.399902,4148.700195,4166.200195,4148.000000,4157.399902,changed
2026-10-06 05:45:00+00:00,2026-10-07T02:10:27Z,4148.600098,4149.700195,4143.299805,4146.600098,4148.600098,4149.700195,4143.299805,4146.700195,changed
2026-10-06 06:00:00+00:00,2026-10-07T02:10:27Z,4146.299805,4150.299805,4140.100098,4149.600098,4146.600098,4150.299805,4140.100098,4149.600098,changed
2026-10-06 06:30:00+00:00,2026-10-07T02:10:27Z,4161.500000,4162.600098,4156.600098,4158.000000,4161.299805,4162.600098,4156.600098,4158.000000,changed
2026-10-06 06:45:00+00:00,2026-10-07T02:10:27Z,4157.600098,4162.100098,4157.100098,4158.899902,4157.700195,4162.100098,4157.100098,4158.899902,changed
2026-10-06 07:30:00+00:00,2026-10-07T02:10:27Z,4162.100098,4167.200195,4160.000000,4165.799805,4162.000000,4167.200195,4160.000000,4165.799805,changed
2026-10-06 08:00:00+00:00,2026-10-07T02:10:27Z,4167.399902,4171.600098,4165.200195,4167.399902,4167.500000,4171.600098,4165.200195,4167.200195,changed
2026-10-06 08:15:00+00:00,2026-10-07T02:10:27Z,4167.399902,4175.000000,4167.100098,4173.500000,4167.100098,4175.000000,4167.100098,4173.500000,changed
2026-10-06 08:30:00+00:00,2026-10-07T02:10:27Z,4173.600098,4181.200195,4172.600098,4180.000000,4173.399902,4181.200195,4172.600098,4180.000000,changed
2026-10-06 09:00:00+00:00,2026-10-07T02:10:27Z,4182.500000,4184.299805,4177.200195,4177.200195,4182.600098,4184.299805,4177.200195,4177.299805,changed
2026-10-06 09:30:00+00:00,2026-10-07T02:10:27Z,4183.799805,4185.899902,4181.200195,4181.399902,4183.899902,4185.899902,4181.200195,4181.399902,changed
2026-10-06 11:45:00+00:00,2026-10-07T02:10:27Z,4199.899902,4202.799805,4198.000000,4201.500000,4200.100098,4202.799805,4198.000000,4201.500000,changed
2026-10-06 12:00:00+00:00,2026-10-07T02:10:27Z,4201.700195,4208.000000,4201.200195,4206.700195,4201.700195,4208.000000,4201.200195,4206.799805,changed
2026-10-06 12:15:00+00:00,2026-10-07T02:10:27Z,4207.000000,4207.500000,4201.600098,4203.600098,4206.899902,4207.500000,4201.600098,4203.799805,changed
2026-10-06 13:15:00+00:00,2026-10-07T02:10:27Z,4199.899902,4200.200195,4188.700195,4189.200195,4200.000000,4200.200195,4188.700195,4189.200195,changed
2026-10-06 13:30:00+00:00,2026-10-07T02:10:27Z,4189.200195,4192.899902,4183.200195,4185.799805,4189.299805,4192.899902,4183.200195,4185.700195,changed
2026-10-06 13:45:00+00:00,2026-10-07T02:10:27Z,4185.500000,4186.000000,4179.299805,4180.100098,4186.000000,4186.000000,4179.299805,4180.000000,changed
2026-10-06 14:00:00+00:00,2026-10-07T02:10:27Z,4180.000000,4185.799805,4179.100098,4181.500000,4180.100098,4185.799805,4179.100098,4182.299805,changed
2026-10-06 14:15:00+00:00,2026-10-07T02:10:27Z,4182.000000,4182.700195,4171.299805,4173.600098,4181.899902,4182.700195,4171.299805,4173.600098,changed
2026-10-06 14:45:00+00:00,2026-10-07T02:10:27Z,4180.299805,4185.899902,4177.100098,4184.500000,4180.500000,4185.899902,4177.100098,4184.500000,changed
2026-10-06 15:00:00+00:00,2026-10-07T02:10:27Z,4184.399902,4192.100098,4183.899902,4190.299805,4184.399902,4192.100098,4183.899902,4190.500000,changed
2026-10-06 15:15:00+00:00,2026-10-07T02:10:27Z,4190.700195,4192.700195,4188.899902,4191.200195,4190.600098,4192.700195,4188.899902,4191.200195,changed
2026-10-06 16:15:00+00:00,2026-10-07T02:10:27Z,4190.700195,4192.700195,4187.899902,4188.100098,4190.600098,4192.700195,4187.899902,4188.100098,changed
2026-10-06 17:15:00+00:00,2026-10-07T02:10:27Z,4190.000000,4191.600098,4185.200195,4188.299805,4189.899902,4191.600098,4185.200195,4188.299805,changed
2026-10-06 17:30:00+00:00,2026-10-07T02:10:27Z,4188.200195,4193.200195,4187.600098,4192.399902,4188.399902,4193.200195,4187.600098,4192.399902,changed
2026-10-06 17:45:00+00:00,2026-10-07T02:10:27Z,4192.700195,4193.700195,4191.200195,4192.000000,4192.600098,4193.700195,4191.200195,4192.000000,changed
2026-10-06 18:30:00+00:00,2026-10-07T02:10:27Z,4197.000000,4198.200195,4194.399902,4197.899902,4196.899902,4198.200195,4194.399902,4197.899902,changed
2026-10-06 19:15:00+00:00,2026-10-07T02:10:27Z,4204.299805,4205.399902,4199.700195,4200.000000,4204.299805,4205.399902,4199.700195,4199.899902,changed
2026-10-06 19:30:00+00:00,2026-10-07T02:10:27Z,4199.700195,4200.000000,4195.899902,4197.000000,4200.000000,4200.000000,4195.899902,4197.000000,changed
2026-10-06 19:45:00+00:00,2026-10-07T02:10:27Z,4197.000000,4198.100098,4194.600098,4197.299805,4197.000000,4198.100098,4194.600098,4197.100098,changed
2026-10-06 23:00:00+00:00,2026-10-07T02:10:27Z,4192.500000,4193.600098,4192.299805,4192.799805,4190.799805,4193.700195,4190.000000,4192.799805,changed
2026-10-06 23:30:00+00:00,2026-10-07T02:10:27Z,4197.200195,4197.200195,4193.200195,4194.700195,4196.899902,4197.799805,4193.200195,4194.700195,changed
2026-10-07 00:00:00+00:00,2026-10-07T02:10:27Z,4192.899902,4197.299805,4189.600098,4197.100098,4193.200195,4197.299805,4189.600098,4197.100098,changed
2026-10-07 01:00:00+00:00,2026-10-07T02:10:27Z,4183.799805,4183.799805,4179.000000,4179.799805,4183.799805,4183.799805,4179.000000,4179.500000,changed
2026-10-07 01:15:00+00:00,2026-10-07T02:10:27Z,4179.100098,4180.500000,4176.799805,4179.500000,4179.200195,4180.500000,4176.799805,4179.500000,changed
2026-10-07 01:30:00+00:00,2026-10-07T02:10:27Z,4179.299805,4182.299805,4176.299805,4178.299805,4179.399902,4182.299805,4176.299805,4178.299805,changed
2026-10-01 00:00:00+00:00,2026-10-07T02:45:08Z,4186.100098,4186.200195,4180.500000,4182.799805,4186.000000,4186.200195,4180.500000,4182.799805,changed
2026-10-01 02:00:00+00:00,2026-10-07T02:45:08Z,4186.100098,4187.700195,4181.200195,4183.600098,4186.700195,4187.700195,4181.200195,4183.600098,changed
2026-10-01 03:00:00+00:00,2026-10-07T02:45:08Z,4190.299805,4198.200195,4188.799805,4197.000000,4190.899902,4198.200195,4188.799805,4197.000000,changed
2026-10-01 03:15:00+00:00,2026-10-07T02:45:08Z,4197.000000,4198.000000,4192.899902,4193.700195,4197.500000,4198.000000,4192.899902,4193.700195,changed
2026-10-01 03:45:00+00:00,2026-10-07T02:45:08Z,4199.000000,4206.399902,4198.399902,4205.399902,4199.100098,4206.399902,4198.399902,4205.399902,changed
2026-10-01 05:30:00+00:00,2026-10-07T02:45:08Z,4217.100098,4222.799805,4214.799805,4216.799805,4217.200195,4222.799805,4214.799805,4216.799805,changed
2026-10-01 06:45:00+00:00,2026-10-07T02:45:08Z,4214.200195,4215.299805,4210.399902,4211.600098,4214.100098,4215.299805,4210.399902,4211.600098,changed
2026-10-01 07:00:00+00:00,2026-10-07T02:45:08Z,4211.500000,4213.500000,4202.000000,4202.299805,4211.899902,4213.500000,4202.000000,4202.299805,changed
2026-10-01 07:15:00+00:00,2026-10-07T02:45:08Z,4202.399902,4204.500000,4185.000000,4186.399902,4202.799805,4204.500000,4185.000000,4186.399902,changed
2026-10-01 07:30:00+00:00,2026-10-07T02:45:08Z,4186.399902,4195.399902,4184.200195,4193.399902,4186.299805,4195.399902,4184.200195,4193.299805,changed
2026-10-01 07:45:00+00:00,2026-10-07T02:45:08Z,4193.399902,4196.700195,4191.899902,4193.700195,4193.500000,4196.700195,4191.899902,4193.700195,changed
2026-10-01 08:15:00+00:00,2026-10-07T02:45:08Z,4189.399902,4192.399902,4184.399902,4186.600098,4189.500000,4192.399902,4184.399902,4186.600098,changed
2026-10-01 09:15:00+00:00,2026-10-07T02:45:08Z,4190.600098,4192.299805,4187.899902,4188.899902,4190.799805,4192.299805,4187.899902,4188.899902,changed
2026-10-01 09:30:00+00:00,2026-10-07T02:45:08Z,4189.100098,4193.000000,4188.799805,4191.100098,4189.100098,4193.000000,4188.799805,4191.200195,changed
2026-10-01 10:45:00+00:00,2026-10-07T02:45:08Z,4201.100098,4208.500000,4200.799805,4205.899902,4201.100098,4208.500000,4200.799805,4206.100098,changed
2026-10-01 11:00:00+00:00,2026-10-07T02:45:08Z,4206.100098,4206.100098,4198.700195,4199.200195,4205.600098,4206.100098,4198.700195,4199.200195,changed
2026-10-01 12:00:00+00:00,2026-10-07T02:45:08Z,4212.500000,4215.100098,4205.799805,4206.299805,4212.299805,4215.100098,4205.799805,4206.299805,changed
2026-10-01 12:30:00+00:00,2026-10-07T02:45:08Z,4209.200195,4216.799805,4207.799805,4212.200195,4209.700195,4216.799805,4207.799805,4212.200195,changed
2026-10-01 12:45:00+00:00,2026-10-07T02:45:08Z,4212.600098,4217.799805,4208.600098,4208.799805,4212.600098,4217.799805,4208.600098,4208.600098,changed
2026-10-01 13:00:00+00:00,2026-10-07T02:45:08Z,4208.899902,4211.799805,4203.100098,4203.200195,4208.799805,4211.799805,4203.100098,4203.200195,changed
2026-10-01 13:30:00+00:00,2026-10-07T02:45:08Z,4197.299805,4202.399902,4188.799805,4192.600098,4197.399902,4202.399902,4188.799805,4192.600098,changed
2026-10-01 13:45:00+00:00,2026-10-07T02:45:08Z,4192.700195,4195.600098,4190.000000,4195.100098,4192.600098,4195.600098,4190.000000,4195.299805,changed
2026-10-01 14:30:00+00:00,2026-10-07T02:45:08Z,4191.700195,4204.799805,4189.799805,4196.100098,4191.700195,4204.799805,4189.799805,4196.399902,changed
2026-10-01 15:00:00+00:00,2026-10-07T02:45:08Z,4192.299805,4192.600098,4179.500000,4185.899902,4191.899902,4192.600098,4179.500000,4185.899902,changed
2026-10-01 15:15:00+00:00,2026-10-07T02:45:08Z,4185.700195,4198.500000,4184.299805,4196.500000,4185.600098,4198.500000,4184.299805,4196.500000,changed
2026-10-01 16:00:00+00:00,2026-10-07T02:45:08Z,4199.100098,4206.600098,4198.000000,4199.500000,4199.299805,4206.600098,4198.000000,4199.500000,changed
2026-10-01 16:15:00+00:00,2026-10-07T02:45:08Z,4199.299805,4201.799805,4193.899902,4197.000000,4199.500000,4201.799805,4193.899902,4197.000000,changed
2026-10-01 16:45:00+00:00,2026-10-07T02:45:08Z,4195.399902,4197.399902,4189.500000,4192.200195,4195.399902,4197.399902,4189.500000,4192.100098,changed
2026-10-01 17:00:00+00:00,2026-10-07T02:45:08Z,4192.200195,4203.500000,4191.600098,4201.399902,4192.100098,4203.500000,4191.600098,4201.399902,changed
2026-10-01 17:15:00+00:00,2026-10-07T02:45:08Z,4201.500000,4207.600098,4200.100098,4203.100098,4201.399902,4207.600098,4200.100098,4203.000000,changed
2026-10-01 17:30:00+00:00,2026-10-07T02:45:08Z,4202.899902,4217.600098,4202.799805,4207.500000,4203.100098,4217.600098,4202.799805,4207.500000,changed
2026-10-01 22:00:00+00:00,2026-10-07T02:45:08Z,4204.600098,4207.200195,4202.100098,4202.700195,4204.500000,4207.200195,4202.100098,4202.700195,changed
2026-10-01 22:45:00+00:00,2026-10-07T02:45:08Z,4205.500000,4208.600098,4204.899902,4208.299805,4205.500000,4208.600098,4205.299805,4208.299805,changed
2026-10-02 00:00:00+00:00,2026-10-07T02:45:08Z,4211.399902,4212.000000,4198.600098,4199.299805,4211.399902,4212.000000,4198.600098,4199.700195,changed
2026-10-02 00:15:00+00:00,2026-10-07T02:45:08Z,4199.500000,4201.000000,4193.299805,4194.299805,4199.399902,4201.000000,4193.299805,4194.299805,changed
2026-10-02 01:00:00+00:00,2026-10-07T02:45:08Z,4182.500000,4184.200195,4162.899902,4170.399902,4182.299805,4184.200195,4162.899902,4170.399902,changed
2026-10-02 01:15:00+00:00,2026-10-07T02:45:08Z,4170.299805,4179.500000,4168.700195,4179.100098,4170.000000,4179.500000,4168.700195,4179.100098,changed
2026-10-02 01:30:00+00:00,2026-10-07T02:45:08Z,4178.799805,4181.000000,4174.600098,4178.299805,4179.000000,4181.000000,4174.600098,4178.299805,changed
2026-10-02 04:45:00+00:00,2026-10-07T02:45:08Z,4212.399902,4215.000000,4211.200195,4214.799805,4212.600098,4215.000000,4211.200195,4214.799805,changed
2026-10-02 05:00:00+00:00,2026-10-07T02:45:08Z,4214.500000,4222.299805,4213.899902,4217.700195,4214.600098,4222.299805,4213.899902,4217.700195,changed
2026-10-02 06:00:00+00:00,2026-10-07T02:45:08Z,4216.100098,4226.799805,4215.799805,4222.200195,4216.500000,4226.799805,4215.799805,4222.200195,changed
2026-10-02 06:30:00+00:00,2026-10-07T02:45:08Z,4219.399902,4220.299805,4209.500000,4210.299805,4219.600098,4220.299805,4209.500000,4210.299805,changed
2026-10-02 08:15:00+00:00,2026-10-07T02:45:08Z,4219.000000,4220.200195,4212.299805,4215.700195,4219.000000,4220.200195,4212.299805,4215.500000,changed
2026-10-02 08:30:00+00:00,2026-10-07T02:45:08Z,4215.299805,4216.600098,4210.299805,4210.700195,4215.000000,4216.600098,4210.299805,4210.700195,changed
2026-10-02 10:30:00+00:00,2026-10-07T02:45:08Z,4204.000000,4212.500000,4203.000000,4211.399902,4203.899902,4212.500000,4203.000000,4211.399902,changed
2026-10-02 10:45:00+00:00,2026-10-07T02:45:08Z,4211.500000,4212.799805,4209.299805,4212.700195,4211.600098,4212.799805,4209.299805,4212.700195,changed
2026-10-02 11:00:00+00:00,2026-10-07T02:45:08Z,4212.600098,4218.700195,4211.700195,4217.799805,4212.600098,4218.700195,4211.700195,4217.500000,changed
2026-10-02 11:15:00+00:00,2026-10-07T02:45:08Z,4217.700195,4218.600098,4210.600098,4211.000000,4217.799805,4218.600098,4210.600098,4211.000000,changed
2026-10-02 12:00:00+00:00,2026-10-07T02:45:08Z,4211.500000,4212.000000,4204.399902,4207.500000,4211.299805,4212.000000,4204.399902,4207.500000,changed
2026-10-02 12:30:00+00:00,2026-10-07T02:45:08Z,4216.899902,4259.000000,4216.500000,4241.299805,4216.500000,4259.000000,4216.500000,4240.899902,changed
2026-10-02 12:45:00+00:00,2026-10-07T02:45:08Z,4241.500000,4250.700195,4234.100098,4248.200195,4241.100098,4250.700195,4234.100098,4248.200195,changed
2026-10-02 13:15:00+00:00,2026-10-07T02:45:08Z,4225.299805,4226.200195,4213.200195,4223.100098,4225.299805,4226.200195,4213.200195,4222.700195,changed
2026-10-02 13:30:00+00:00,2026-10-07T02:45:08Z,4223.000000,4231.600098,4212.500000,4216.100098,4223.299805,4231.600098,4212.500000,4216.100098,changed
2026-10-02 13:45:00+00:00,2026-10-07T02:45:08Z,4215.600098,4222.899902,4207.700195,4221.200195,4215.600098,4222.899902,4207.700195,4220.500000,changed
2026-10-02 14:00:00+00:00,2026-10-07T02:45:08Z,4220.700195,4226.600098,4209.100098,4218.600098,4220.600098,4226.600098,4209.100098,4218.600098,changed
2026-10-02 14:45:00+00:00,2026-10-07T02:45:08Z,4205.200195,4206.100098,4184.500000,4188.299805,4205.200195,4206.100098,4184.500000,4188.200195,changed
2026-10-02 15:00:00+00:00,2026-10-07T02:45:08Z,4188.399902,4189.399902,4171.100098,4174.299805,4188.500000,4189.399902,4171.100098,4174.299805,changed
2026-10-02 15:15:00+00:00,2026-10-07T02:45:08Z,4174.200195,4175.700195,4161.700195,4171.299805,4173.600098,4175.700195,4161.700195,4171.200195,changed
2026-10-02 15:45:00+00:00,2026-10-07T02:45:08Z,4163.399902,4167.299805,4153.799805,4156.100098,4163.600098,4167.299805,4153.799805,4156.100098,changed
2026-10-02 16:00:00+00:00,2026-10-07T02:45:08Z,4156.200195,4165.600098,4154.600098,4163.799805,4156.299805,4165.600098,4154.600098,4163.799805,changed
2026-10-02 16:45:00+00:00,2026-10-07T02:45:08Z,4164.299805,4169.399902,4164.299805,4168.200195,4165.000000,4169.399902,4164.299805,4168.200195,changed
2026-10-02 17:15:00+00:00,2026-10-07T02:45:08Z,4165.299805,4168.200195,4158.899902,4162.600098,4165.500000,4168.200195,4158.899902,4162.600098,changed
2026-10-02 17:30:00+00:00,2026-10-07T02:45:08Z,4162.399902,4169.000000,4161.299805,4166.600098,4161.799805,4169.000000,4161.299805,4166.600098,changed
2026-10-02 19:00:00+00:00,2026-10-07T02:45:08Z,4175.700195,4178.399902,4172.799805,4178.000000,4175.799805,4178.399902,4172.799805,4178.000000,changed
2026-10-02 19:30:00+00:00,2026-10-07T02:45:08Z,4177.299805,4178.899902,4171.899902,4171.899902,4177.500000,4178.899902,4171.899902,4172.000000,changed
2026-10-02 19:45:00+00:00,2026-10-07T02:45:08Z,4171.500000,4176.899902,4169.399902,4176.600098,4171.500000,4176.899902,4169.399902,4176.399902,changed
2026-10-02 20:00:00+00:00,2026-10-07T02:45:08Z,4176.799805,4177.700195,4169.000000,4172.100098,4176.899902,4177.700195,4169.000000,4172.100098,changed
2026-10-02 20:45:00+00:00,2026-10-07T02:45:08Z,4167.000000,4172.100098,4162.299805,4162.299805,4166.899902,4172.100098,4162.299805,4162.299805,changed
2026-10-05 00:30:00+00:00,2026-10-07T02:45:08Z,4183.799805,4184.100098,4179.600098,4181.299805,4183.799805,4184.100098,4180.100098,4181.299805,changed
2026-10-05 04:15:00+00:00,2026-10-07T02:45:08Z,4162.600098,4163.399902,4152.299805,4153.899902,4162.000000,4163.399902,4152.299805,4154.000000,changed
2026-10-05 04:30:00+00:00,2026-10-07T02:45:08Z,4154.000000,4161.600098,4153.299805,4161.100098,4153.899902,4161.600098,4153.299805,4161.100098,changed
2026-10-05 05:00:00+00:00,2026-10-07T02:45:08Z,4159.000000,4167.899902,4158.299805,4166.399902,4159.200195,4167.899902,4158.299805,4166.399902,changed
2026-10-05 06:00:00+00:00,2026-10-07T02:45:08Z,4162.100098,4181.500000,4161.700195,4179.399902,4161.799805,4181.500000,4161.700195,4179.399902,changed
2026-10-05 06:15:00+00:00,2026-10-07T02:45:08Z,4179.500000,4184.100098,4174.600098,4183.100098,4179.100098,4184.100098,4174.600098,4183.000000,changed
2026-10-05 06:30:00+00:00,2026-10-07T02:45:08Z,4182.600098,4183.500000,4176.899902,4180.799805,4182.600098,4183.500000,4176.899902,4180.399902,changed
2026-10-05 06:45:00+00:00,2026-10-07T02:45:08Z,4180.700195,4183.899902,4176.100098,4183.700195,4180.200195,4183.899902,4176.100098,4183.899902,changed
2026-10-05 07:00:00+00:00,2026-10-07T02:45:08Z,4183.700195,4187.299805,4177.899902,4184.100098,4184.000000,4187.299805,4177.899902,4184.100098,changed
2026-10-05 07:45:00+00:00,2026-10-07T02:45:08Z,4187.600098,4194.899902,4186.000000,4188.700195,4187.700195,4194.899902,4186.000000,4188.700195,changed
2026-10-05 08:00:00+00:00,2026-10-07T02:45:08Z,4189.000000,4197.899902,4187.500000,4196.899902,4188.700195,4197.899902,4187.500000,4196.899902,changed
2026-10-05 09:30:00+00:00,2026-10-07T02:45:08Z,4194.399902,4195.200195,4187.899902,4187.899902,4194.799805,4195.200195,4187.899902,4187.899902,changed
2026-10-05 11:45:00+00:00,2026-10-07T02:45:08Z,4182.700195,4184.899902,4179.100098,4184.100098,4182.600098,4184.899902,4179.100098,4184.100098,changed
2026-10-05 13:15:00+00:00,2026-10-07T02:45:08Z,4180.000000,4182.299805,4178.100098,4180.899902,4180.100098,4182.299805,4178.100098,4180.899902,changed
2026-10-05 13:30:00+00:00,2026-10-07T02:45:08Z,4180.799805,4182.000000,4165.000000,4165.899902,4180.799805,4182.000000,4165.000000,4166.299805,changed
2026-10-05 13:45:00+00:00,2026-10-07T02:45:08Z,4165.899902,4172.799805,4159.100098,4163.399902,4166.100098,4172.799805,4159.100098,4163.000000,changed
2026-10-05 14:00:00+00:00,2026-10-07T02:45:08Z,4163.000000,4175.100098,4162.899902,4170.299805,4162.899902,4175.100098,4162.899902,4170.500000,changed
2026-10-05 14:15:00+00:00,2026-10-07T02:45:08Z,4170.100098,4170.799805,4164.799805,4165.200195,4170.399902,4170.799805,4164.799805,4165.200195,changed
2026-10-05 14:30:00+00:00,2026-10-07T02:45:08Z,4165.200195,4170.399902,4160.000000,4168.700195,4165.000000,4170.399902,4160.000000,4168.600098,changed
2026-10-05 14:45:00+00:00,2026-10-07T02:45:08Z,4168.600098,4176.600098,4165.000000,4175.000000,4168.700195,4176.600098,4165.000000,4175.100098,changed
2026-10-05 15:45:00+00:00,2026-10-07T02:45:08Z,4164.299805,4167.600098,4161.799805,4164.700195,4164.200195,4167.600098,4161.799805,4164.700195,changed
2026-10-05 16:30:00+00:00,2026-10-07T02:45:08Z,4155.299805,4159.299805,4155.000000,4158.899902,4155.399902,4159.299805,4155.000000,4158.899902,changed
2026-10-05 17:30:00+00:00,2026-10-07T02:45:08Z,4157.399902,4160.600098,4154.700195,4159.899902,4157.200195,4160.600098,4154.700195,4159.899902,changed
2026-10-05 19:30:00+00:00,2026-10-07T02:45:08Z,4169.600098,4171.600098,4169.100098,4169.700195,4169.399902,4171.600098,4169.100098,4169.700195,changed
2026-10-05 19:45:00+00:00,2026-10-07T02:45:08Z,4169.700195,4170.000000,4166.100098,4168.299805,4169.799805,4170.000000,4166.100098,4168.299805,changed
2026-10-05 20:00:00+00:00,2026-10-07T02:45:08Z,4168.399902,4168.799805,4165.000000,4166.299805,4168.200195,4168.799805,4165.000000,4166.299805,changed
2026-10-05 22:00:00+00:00,2026-10-07T02:45:08Z,4169.200195,4172.000000,4168.500000,4169.600098,4168.899902,4172.000000,4168.500000,4169.600098,changed
2026-10-06 00:00:00+00:00,2026-10-07T02:45:08Z,4161.200195,4164.799805,4160.100098,4163.299805,4161.000000,4164.799805,4160.100098,4163.299805,changed
2026-10-06 00:30:00+00:00,2026-10-07T02:45:08Z,4167.899902,4172.299805,4162.899902,4165.299805,4167.799805,4172.299805,4162.899902,4165.299805,changed
2026-10-06 00:45:00+00:00,2026-10-07T02:45:08Z,4165.500000,4178.799805,4165.500000,4178.399902,4166.000000,4178.799805,4165.500000,4178.299805,changed
2026-10-06 01:00:00+00:00,2026-10-07T02:45:08Z,4178.100098,4179.600098,4173.600098,4176.799805,4177.899902,4179.600098,4173.600098,4176.799805,changed
2026-10-06 01:45:00+00:00,2026-10-07T02:45:08Z,4160.200195,4160.799805,4156.000000,4157.200195,4160.100098,4160.799805,4156.000000,4157.200195,changed
2026-10-06 02:15:00+00:00,2026-10-07T02:45:08Z,4157.399902,4158.600098,4153.399902,4153.700195,4157.799805,4158.600098,4153.399902,4153.700195,changed
2026-10-06 02:45:00+00:00,2026-10-07T02:45:08Z,4148.700195,4166.200195,4148.000000,4157.399902,4148.500000,4166.200195,4148.000000,4157.399902,changed
2026-10-06 05:45:00+00:00,2026-10-07T02:45:08Z,4148.600098,4149.700195,4143.299805,4146.700195,4148.600098,4149.700195,4143.299805,4146.600098,changed
2026-10-06 06:00:00+00:00,2026-10-07T02:45:08Z,4146.600098,4150.299805,4140.100098,4149.600098,4146.299805,4150.299805,4140.100098,4149.600098,changed
2026-10-06 06:30:00+00:00,2026-10-07T02:45:08Z,4161.299805,4162.600098,4156.600098,4158.000000,4161.500000,4162.600098,4156.600098,4158.000000,changed
2026-10-06 06:45:00+00:00,2026-10-07T02:45:08Z,4157.700195,4162.100098,4157.100098,4158.899902,4157.600098,4162.100098,4157.100098,4158.899902,changed
2026-10-06 07:30:00+00:00,2026-10-07T02:45:08Z,4162.000000,4167.200195,4160.000000,4165.799805,4162.100098,4167.200195,4160.000000,4165.799805,changed
2026-10-06 08:00:00+00:00,2026-10-07T02:45:08Z,4167.500000,4171.600098,4165.200195,4167.200195,4167.399902,4171.600098,4165.200195,4167.399902,changed
2026-10-06 08:15:00+00:00,2026-10-07T02:45:08Z,4167.100098,4175.000000,4167.100098,4173.500000,4167.399902,4175.000000,4167.100098,4173.500000,changed
2026-10-06 08:30:00+00:00,2026-10-07T02:45:08Z,4173.399902,4181.200195,4172.600098,4180.000000,4173.600098,4181.200195,4172.600098,4180.000000,changed
2026-10-06 09:00:00+00:00,2026-10-07T02:45:08Z,4182.600098,4184.299805,4177.200195,4177.299805,4182.500000,4184.299805,4177.200195,4177.200195,changed
2026-10-06 09:30:00+00:00,2026-10-07T02:45:08Z,4183.899902,4185.899902,4181.200195,4181.399902,4183.799805,4185.899902,4181.200195,4181.399902,changed
2026-10-06 11:45:00+00:00,2026-10-07T02:45:08Z,4200.100098,4202.799805,4198.000000,4201.500000,4199.899902,4202.799805,4198.000000,4201.500000,changed
2026-10-06 12:00:00+00:00,2026-10-07T02:45:08Z,4201.700195,4208.000000,4201.200195,4206.799805,4201.700195,4208.000000,4201.200195,4206.700195,changed
2026-10-06 12:15:00+00:00,2026-10-07T02:45:08Z,4206.899902,4207.500000,4201.600098,4203.799805,4207.000000,4207.500000,4201.600098,4203.600098,changed
2026-10-06 13:15:00+00:00,2026-10-07T02:45:08Z,4200.000000,4200.200195,4188.700195,4189.200195,4199.899902,4200.200195,4188.700195,4189.200195,changed
2026-10-06 13:30:00+00:00,2026-10-07T02:45:08Z,4189.299805,4192.899902,4183.200195,4185.700195,4189.200195,4192.899902,4183.200195,4185.799805,changed
2026-10-06 13:45:00+00:00,2026-10-07T02:45:08Z,4186.000000,4186.000000,4179.299805,4180.000000,4185.500000,4186.000000,4179.299805,4180.100098,changed
2026-10-06 14:00:00+00:00,2026-10-07T02:45:08Z,4180.100098,4185.799805,4179.100098,4182.299805,4180.000000,4185.799805,4179.100098,4181.500000,changed
2026-10-06 14:15:00+00:00,2026-10-07T02:45:08Z,4181.899902,4182.700195,4171.299805,4173.600098,4182.000000,4182.700195,4171.299805,4173.600098,changed
2026-10-06 14:45:00+00:00,2026-10-07T02:45:08Z,4180.500000,4185.899902,4177.100098,4184.500000,4180.299805,4185.899902,4177.100098,4184.500000,changed
2026-10-06 15:00:00+00:00,2026-10-07T02:45:08Z,4184.399902,4192.100098,4183.899902,4190.500000,4184.399902,4192.100098,4183.899902,4190.299805,changed
2026-10-06 15:15:00+00:00,2026-10-07T02:45:08Z,4190.600098,4192.700195,4188.899902,4191.200195,4190.700195,4192.700195,4188.899902,4191.200195,changed
2026-10-06 16:15:00+00:00,2026-10-07T02:45:08Z,4190.600098,4192.700195,4187.899902,4188.100098,4190.700195,4192.700195,4187.899902,4188.100098,changed
2026-10-06 17:15:00+00:00,2026-10-07T02:45:08Z,4189.899902,4191.600098,4185.200195,4188.299805,4190.000000,4191.600098,4185.200195,4188.299805,changed
2026-10-06 17:30:00+00:00,2026-10-07T02:45:08Z,4188.399902,4193.200195,4187.600098,4192.399902,4188.200195,4193.200195,4187.600098,4192.399902,changed
2026-10-06 17:45:00+00:00,2026-10-07T02:45:08Z,4192.600098,4193.700195,4191.200195,4192.000000,4192.700195,4193.700195,4191.200195,4192.000000,changed
2026-10-06 18:30:00+00:00,2026-10-07T02:45:08Z,4196.899902,4198.200195,4194.399902,4197.899902,4197.000000,4198.200195,4194.399902,4197.899902,changed
2026-10-06 19:15:00+00:00,2026-10-07T02:45:08Z,4204.299805,4205.399902,4199.700195,4199.899902,4204.299805,4205.399902,4199.700195,4200.000000,changed
2026-10-06 19:30:00+00:00,2026-10-07T02:45:08Z,4200.000000,4200.000000,4195.899902,4197.000000,4199.700195,4200.000000,4195.899902,4197.000000,changed
2026-10-06 19:45:00+00:00,2026-10-07T02:45:08Z,4197.000000,4198.100098,4194.600098,4197.100098,4197.000000,4198.100098,4194.600098,4197.299805,changed
2026-10-06 23:00:00+00:00,2026-10-07T02:45:08Z,4190.799805,4193.700195,4190.000000,4192.799805,4192.500000,4193.600098,4192.299805,4192.799805,changed
2026-10-06 23:30:00+00:00,2026-10-07T02:45:08Z,4196.899902,4197.799805,4193.200195,4194.700195,4197.200195,4197.200195,4193.200195,4194.700195,changed
2026-10-07 00:00:00+00:00,2026-10-07T02:45:08Z,4193.200195,4197.299805,4189.600098,4197.100098,4192.899902,4197.299805,4189.600098,4197.100098,changed
2026-10-07 01:00:00+00:00,2026-10-07T02:45:08Z,4183.799805,4183.799805,4179.000000,4179.500000,4183.799805,4183.799805,4179.000000,4179.799805,changed
2026-10-07 01:15:00+00:00,2026-10-07T02:45:08Z,4179.200195,4180.500000,4176.799805,4179.500000,4179.100098,4180.500000,4176.799805,4179.500000,changed
2026-10-07 01:30:00+00:00,2026-10-07T02:45:08Z,4179.399902,4182.299805,4176.299805,4178.299805,4179.299805,4182.299805,4176.299805,4178.299805,changed
2026-10-07 02:15:00+00:00,2026-10-07T02:45:08Z,4169.200195,4171.500000,4168.799805,4170.299805,4169.200195,4173.799805,4168.799805,4173.500000,changed
2026-10-01 00:00:00+00:00,2026-10-07T02:57:54Z,4186.000000,4186.200195,4180.500000,4182.799805,4186.100098,4186.200195,4180.500000,4182.799805,changed
2026-10-01 02:00:00+00:00,2026-10-07T02:57:54Z,4186.700195,4187.700195,4181.200195,4183.600098,4186.100098,4187.700195,4181.200195,4183.600098,changed
2026-10-01 03:00:00+00:00,2026-10-07T02:57:54Z,4190.899902,4198.200195,4188.799805,4197.000000,4190.299805,4198.200195,4188.799805,4197.000000,changed
2026-10-01 03:15:00+00:00,2026-10-07T02:57:54Z,4197.500000,4198.000000,4192.899902,4193.700195,4197.000000,4198.000000,4192.899902,4193.700195,changed
2026-10-01 03:45:00+00:00,2026-10-07T02:57:54Z,4199.100098,4206.399902,4198.399902,4205.399902,4199.000000,4206.399902,4198.399902,4205.399902,changed
2026-10-01 05:30:00+00:00,2026-10-07T02:57:54Z,4217.200195,4222.799805,4214.799805,4216.799805,4217.100098,4222.799805,4214.799805,4216.799805,changed
2026-10-01 06:45:00+00:00,2026-10-07T02:57:54Z,4214.100098,4215.299805,4210.399902,4211.600098,4214.200195,4215.299805,4210.399902,4211.600098,changed
2026-10-01 07:00:00+00:00,2026-10-07T02:57:54Z,4211.899902,4213.500000,4202.000000,4202.299805,4211.500000,4213.500000,4202.000000,4202.299805,changed
2026-10-01 07:15:00+00:00,2026-10-07T02:57:54Z,4202.799805,4204.500000,4185.000000,4186.399902,4202.399902,4204.500000,4185.000000,4186.399902,changed
2026-10-01 07:30:00+00:00,2026-10-07T02:57:54Z,4186.299805,4195.399902,4184.200195,4193.299805,4186.399902,4195.399902,4184.200195,4193.399902,changed
2026-10-01 07:45:00+00:00,2026-10-07T02:57:54Z,4193.500000,4196.700195,4191.899902,4193.700195,4193.399902,4196.700195,4191.899902,4193.700195,changed
2026-10-01 08:15:00+00:00,2026-10-07T02:57:54Z,4189.500000,4192.399902,4184.399902,4186.600098,4189.399902,4192.399902,4184.399902,4186.600098,changed
2026-10-01 09:15:00+00:00,2026-10-07T02:57:54Z,4190.799805,4192.299805,4187.899902,4188.899902,4190.600098,4192.299805,4187.899902,4188.899902,changed
2026-10-01 09:30:00+00:00,2026-10-07T02:57:54Z,4189.100098,4193.000000,4188.799805,4191.200195,4189.100098,4193.000000,4188.799805,4191.100098,changed
2026-10-01 10:45:00+00:00,2026-10-07T02:57:54Z,4201.100098,4208.500000,4200.799805,4206.100098,4201.100098,4208.500000,4200.799805,4205.899902,changed
2026-10-01 11:00:00+00:00,2026-10-07T02:57:54Z,4205.600098,4206.100098,4198.700195,4199.200195,4206.100098,4206.100098,4198.700195,4199.200195,changed
2026-10-01 12:00:00+00:00,2026-10-07T02:57:54Z,4212.299805,4215.100098,4205.799805,4206.299805,4212.500000,4215.100098,4205.799805,4206.299805,changed
2026-10-01 12:30:00+00:00,2026-10-07T02:57:54Z,4209.700195,4216.799805,4207.799805,4212.200195,4209.200195,4216.799805,4207.799805,4212.200195,changed
2026-10-01 12:45:00+00:00,2026-10-07T02:57:54Z,4212.600098,4217.799805,4208.600098,4208.600098,4212.600098,4217.799805,4208.600098,4208.799805,changed
2026-10-01 13:00:00+00:00,2026-10-07T02:57:54Z,4208.799805,4211.799805,4203.100098,4203.200195,4208.899902,4211.799805,4203.100098,4203.200195,changed
2026-10-01 13:30:00+00:00,2026-10-07T02:57:54Z,4197.399902,4202.399902,4188.799805,4192.600098,4197.299805,4202.399902,4188.799805,4192.600098,changed
2026-10-01 13:45:00+00:00,2026-10-07T02:57:54Z,4192.600098,4195.600098,4190.000000,4195.299805,4192.700195,4195.600098,4190.000000,4195.100098,changed
2026-10-01 14:30:00+00:00,2026-10-07T02:57:54Z,4191.700195,4204.799805,4189.799805,4196.399902,4191.700195,4204.799805,4189.799805,4196.100098,changed
2026-10-01 15:00:00+00:00,2026-10-07T02:57:54Z,4191.899902,4192.600098,4179.500000,4185.899902,4192.299805,4192.600098,4179.500000,4185.899902,changed
2026-10-01 15:15:00+00:00,2026-10-07T02:57:54Z,4185.600098,4198.500000,4184.299805,4196.500000,4185.700195,4198.500000,4184.299805,4196.500000,changed
2026-10-01 16:00:00+00:00,2026-10-07T02:57:54Z,4199.299805,4206.600098,4198.000000,4199.500000,4199.100098,4206.600098,4198.000000,4199.500000,changed
2026-10-01 16:15:00+00:00,2026-10-07T02:57:54Z,4199.500000,4201.799805,4193.899902,4197.000000,4199.299805,4201.799805,4193.899902,4197.000000,changed
2026-10-01 16:45:00+00:00,2026-10-07T02:57:54Z,4195.399902,4197.399902,4189.500000,4192.100098,4195.399902,4197.399902,4189.500000,4192.200195,changed
2026-10-01 17:00:00+00:00,2026-10-07T02:57:54Z,4192.100098,4203.500000,4191.600098,4201.399902,4192.200195,4203.500000,4191.600098,4201.399902,changed
2026-10-01 17:15:00+00:00,2026-10-07T02:57:54Z,4201.399902,4207.600098,4200.100098,4203.000000,4201.500000,4207.600098,4200.100098,4203.100098,changed
2026-10-01 17:30:00+00:00,2026-10-07T02:57:54Z,4203.100098,4217.600098,4202.799805,4207.500000,4202.899902,4217.600098,4202.799805,4207.500000,changed
2026-10-01 22:00:00+00:00,2026-10-07T02:57:54Z,4204.500000,4207.200195,4202.100098,4202.700195,4204.600098,4207.200195,4202.100098,4202.700195,changed
2026-10-01 22:45:00+00:00,2026-10-07T02:57:54Z,4205.500000,4208.600098,4205.299805,4208.299805,4205.500000,4208.600098,4204.899902,4208.299805,changed
2026-10-02 00:00:00+00:00,2026-10-07T02:57:54Z,4211.399902,4212.000000,4198.600098,4199.700195,4211.399902,4212.000000,4198.600098,4199.299805,changed
2026-10-02 00:15:00+00:00,2026-10-07T02:57:54Z,4199.399902,4201.000000,4193.299805,4194.299805,4199.500000,4201.000000,4193.299805,4194.299805,changed
2026-10-02 01:00:00+00:00,2026-10-07T02:57:54Z,4182.299805,4184.200195,4162.899902,4170.399902,4182.500000,4184.200195,4162.899902,4170.399902,changed
2026-10-02 01:15:00+00:00,2026-10-07T02:57:54Z,4170.000000,4179.500000,4168.700195,4179.100098,4170.299805,4179.500000,4168.700195,4179.100098,changed
2026-10-02 01:30:00+00:00,2026-10-07T02:57:54Z,4179.000000,4181.000000,4174.600098,4178.299805,4178.799805,4181.000000,4174.600098,4178.299805,changed
2026-10-02 04:45:00+00:00,2026-10-07T02:57:54Z,4212.600098,4215.000000,4211.200195,4214.799805,4212.399902,4215.000000,4211.200195,4214.799805,changed
2026-10-02 05:00:00+00:00,2026-10-07T02:57:54Z,4214.600098,4222.299805,4213.899902,4217.700195,4214.500000,4222.299805,4213.899902,4217.700195,changed
2026-10-02 06:00:00+00:00,2026-10-07T02:57:54Z,4216.500000,4226.799805,4215.799805,4222.200195,4216.100098,4226.799805,4215.799805,4222.200195,changed
2026-10-02 06:30:00+00:00,2026-10-07T02:57:54Z,4219.600098,4220.299805,4209.500000,4210.299805,4219.399902,4220.299805,4209.500000,4210.299805,changed
2026-10-02 08:15:00+00:00,2026-10-07T02:57:54Z,4219.000000,4220.200195,4212.299805,4215.500000,4219.000000,4220.200195,4212.299805,4215.700195,changed
2026-10-02 08:30:00+00:00,2026-10-07T02:57:54Z,4215.000000,4216.600098,4210.299805,4210.700195,4215.299805,4216.600098,4210.299805,4210.700195,changed
2026-10-02 10:30:00+00:00,2026-10-07T02:57:54Z,4203.899902,4212.500000,4203.000000,4211.399902,4204.000000,4212.500000,4203.000000,4211.399902,changed
2026-10-02 10:45:00+00:00,2026-10-07T02:57:54Z,4211.600098,4212.799805,4209.299805,4212.700195,4211.500000,4212.799805,4209.299805,4212.700195,changed
2026-10-02 11:00:00+00:00,2026-10-07T02:57:54Z,4212.600098,4218.700195,4211.700195,4217.500000,4212.600098,4218.700195,4211.700195,4217.799805,changed
2026-10-02 11:15:00+00:00,2026-10-07T02:57:54Z,4217.799805,4218.600098,4210.600098,4211.000000,4217.700195,4218.600098,4210.600098,4211.000000,changed
2026-10-02 12:00:00+00:00,2026-10-07T02:57:54Z,4211.299805,4212.000000,4204.399902,4207.500000,4211.500000,4212.000000,4204.399902,4207.500000,changed
2026-10-02 12:30:00+00:00,2026-10-07T02:57:54Z,4216.500000,4259.000000,4216.500000,4240.899902,4216.899902,4259.000000,4216.500000,4241.299805,changed
2026-10-02 12:45:00+00:00,2026-10-07T02:57:54Z,4241.100098,4250.700195,4234.100098,4248.200195,4241.500000,4250.700195,4234.100098,4248.200195,changed
2026-10-02 13:15:00+00:00,2026-10-07T02:57:54Z,4225.299805,4226.200195,4213.200195,4222.700195,4225.299805,4226.200195,4213.200195,4223.100098,changed
2026-10-02 13:30:00+00:00,2026-10-07T02:57:54Z,4223.299805,4231.600098,4212.500000,4216.100098,4223.000000,4231.600098,4212.500000,4216.100098,changed
2026-10-02 13:45:00+00:00,2026-10-07T02:57:54Z,4215.600098,4222.899902,4207.700195,4220.500000,4215.600098,4222.899902,4207.700195,4221.200195,changed
2026-10-02 14:00:00+00:00,2026-10-07T02:57:54Z,4220.600098,4226.600098,4209.100098,4218.600098,4220.700195,4226.600098,4209.100098,4218.600098,changed
2026-10-02 14:45:00+00:00,2026-10-07T02:57:54Z,4205.200195,4206.100098,4184.500000,4188.200195,4205.200195,4206.100098,4184.500000,4188.299805,changed
2026-10-02 15:00:00+00:00,2026-10-07T02:57:54Z,4188.500000,4189.399902,4171.100098,4174.299805,4188.399902,4189.399902,4171.100098,4174.299805,changed
2026-10-02 15:15:00+00:00,2026-10-07T02:57:54Z,4173.600098,4175.700195,4161.700195,4171.200195,4174.200195,4175.700195,4161.700195,4171.299805,changed
2026-10-02 15:45:00+00:00,2026-10-07T02:57:54Z,4163.600098,4167.299805,4153.799805,4156.100098,4163.399902,4167.299805,4153.799805,4156.100098,changed
2026-10-02 16:00:00+00:00,2026-10-07T02:57:54Z,4156.299805,4165.600098,4154.600098,4163.799805,4156.200195,4165.600098,4154.600098,4163.799805,changed
2026-10-02 16:45:00+00:00,2026-10-07T02:57:54Z,4165.000000,4169.399902,4164.299805,4168.200195,4164.299805,4169.399902,4164.299805,4168.200195,changed
2026-10-02 17:15:00+00:00,2026-10-07T02:57:54Z,4165.500000,4168.200195,4158.899902,4162.600098,4165.299805,4168.200195,4158.899902,4162.600098,changed
2026-10-02 17:30:00+00:00,2026-10-07T02:57:54Z,4161.799805,4169.000000,4161.299805,4166.600098,4162.399902,4169.000000,4161.299805,4166.600098,changed
2026-10-02 19:00:00+00:00,2026-10-07T02:57:54Z,4175.799805,4178.399902,4172.799805,4178.000000,4175.700195,4178.399902,4172.799805,4178.000000,changed
2026-10-02 19:30:00+00:00,2026-10-07T02:57:54Z,4177.500000,4178.899902,4171.899902,4172.000000,4177.299805,4178.899902,4171.899902,4171.899902,changed
2026-10-02 19:45:00+00:00,2026-10-07T02:57:54Z,4171.500000,4176.899902,4169.399902,4176.399902,4171.500000,4176.899902,4169.399902,4176.600098,changed
2026-10-02 20:00:00+00:00,2026-10-07T02:57:54Z,4176.899902,4177.700195,4169.000000,4172.100098,4176.799805,4177.700195,4169.000000,4172.100098,changed
2026-10-02 20:45:00+00:00,2026-10-07T02:57:54Z,4166.899902,4172.100098,4162.299805,4162.299805,4167.000000,4172.100098,4162.299805,4162.299805,changed
2026-10-05 00:30:00+00:00,2026-10-07T02:57:54Z,4183.799805,4184.100098,4180.100098,4181.299805,4183.799805,4184.100098,4179.600098,4181.299805,changed
2026-10-05 04:15:00+00:00,2026-10-07T02:57:54Z,4162.000000,4163.399902,4152.299805,4154.000000,4162.600098,4163.399902,4152.299805,4153.899902,changed
2026-10-05 04:30:00+00:00,2026-10-07T02:57:54Z,4153.899902,4161.600098,4153.299805,4161.100098,4154.000000,4161.600098,4153.299805,4161.100098,changed
2026-10-05 05:00:00+00:00,2026-10-07T02:57:54Z,4159.200195,4167.899902,4158.299805,4166.399902,4159.000000,4167.899902,4158.299805,4166.399902,changed
2026-10-05 06:00:00+00:00,2026-10-07T02:57:54Z,4161.799805,4181.500000,4161.700195,4179.399902,4162.100098,4181.500000,4161.700195,4179.399902,changed
2026-10-05 06:15:00+00:00,2026-10-07T02:57:54Z,4179.100098,4184.100098,4174.600098,4183.000000,4179.500000,4184.100098,4174.600098,4183.100098,changed
2026-10-05 06:30:00+00:00,2026-10-07T02:57:54Z,4182.600098,4183.500000,4176.899902,4180.399902,4182.600098,4183.500000,4176.899902,4180.799805,changed
2026-10-05 06:45:00+00:00,2026-10-07T02:57:54Z,4180.200195,4183.899902,4176.100098,4183.899902,4180.700195,4183.899902,4176.100098,4183.700195,changed
2026-10-05 07:00:00+00:00,2026-10-07T02:57:54Z,4184.000000,4187.299805,4177.899902,4184.100098,4183.700195,4187.299805,4177.899902,4184.100098,changed
2026-10-05 07:45:00+00:00,2026-10-07T02:57:54Z,4187.700195,4194.899902,4186.000000,4188.700195,4187.600098,4194.899902,4186.000000,4188.700195,changed
2026-10-05 08:00:00+00:00,2026-10-07T02:57:54Z,4188.700195,4197.899902,4187.500000,4196.899902,4189.000000,4197.899902,4187.500000,4196.899902,changed
2026-10-05 09:30:00+00:00,2026-10-07T02:57:54Z,4194.799805,4195.200195,4187.899902,4187.899902,4194.399902,4195.200195,4187.899902,4187.899902,changed
2026-10-05 11:45:00+00:00,2026-10-07T02:57:54Z,4182.600098,4184.899902,4179.100098,4184.100098,4182.700195,4184.899902,4179.100098,4184.100098,changed
2026-10-05 13:15:00+00:00,2026-10-07T02:57:54Z,4180.100098,4182.299805,4178.100098,4180.899902,4180.000000,4182.299805,4178.100098,4180.899902,changed
2026-10-05 13:30:00+00:00,2026-10-07T02:57:54Z,4180.799805,4182.000000,4165.000000,4166.299805,4180.799805,4182.000000,4165.000000,4165.899902,changed
2026-10-05 13:45:00+00:00,2026-10-07T02:57:54Z,4166.100098,4172.799805,4159.100098,4163.000000,4165.899902,4172.799805,4159.100098,4163.399902,changed
2026-10-05 14:00:00+00:00,2026-10-07T02:57:54Z,4162.899902,4175.100098,4162.899902,4170.500000,4163.000000,4175.100098,4162.899902,4170.299805,changed
2026-10-05 14:15:00+00:00,2026-10-07T02:57:54Z,4170.399902,4170.799805,4164.799805,4165.200195,4170.100098,4170.799805,4164.799805,4165.200195,changed
2026-10-05 14:30:00+00:00,2026-10-07T02:57:54Z,4165.000000,4170.399902,4160.000000,4168.600098,4165.200195,4170.399902,4160.000000,4168.700195,changed
2026-10-05 14:45:00+00:00,2026-10-07T02:57:54Z,4168.700195,4176.600098,4165.000000,4175.100098,4168.600098,4176.600098,4165.000000,4175.000000,changed
2026-10-05 15:45:00+00:00,2026-10-07T02:57:54Z,4164.200195,4167.600098,4161.799805,4164.700195,4164.299805,4167.600098,4161.799805,4164.700195,changed
2026-10-05 16:30:00+00:00,2026-10-07T02:57:54Z,4155.399902,4159.299805,4155.000000,4158.899902,4155.299805,4159.299805,4155.000000,4158.899902,changed
2026-10-05 17:30:00+00:00,2026-10-07T02:57:54Z,4157.200195,4160.600098,4154.700195,4159.899902,4157.399902,4160.600098,4154.700195,4159.899902,changed
2026-10-05 19:30:00+00:00,2026-10-07T02:57:54Z,4169.399902,4171.600098,4169.100098,4169.700195,4169.600098,4171.600098,4169.100098,4169.700195,changed
2026-10-05 19:45:00+00:00,2026-10-07T02:57:54Z,4169.799805,4170.000000,4166.100098,4168.299805,4169.700195,4170.000000,4166.100098,4168.299805,changed
2026-10-05 20:00:00+00:00,2026-10-07T02:57:54Z,4168.200195,4168.799805,4165.000000,4166.299805,4168.399902,4168.799805,4165.000000,4166.299805,changed
2026-10-05 22:00:00+00:00,2026-10-07T02:57:54Z,4168.899902,4172.000000,4168.500000,4169.600098,4169.200195,4172.000000,4168.500000,4169.600098,changed
2026-10-06 00:00:00+00:00,2026-10-07T02:57:54Z,4161.000000,4164.799805,4160.100098,4163.299805,4161.200195,4164.799805,4160.100098,4163.299805,changed
2026-10-06 00:30:00+00:00,2026-10-07T02:57:54Z,4167.799805,4172.299805,4162.899902,4165.299805,4167.899902,4172.299805,4162.899902,4165.299805,changed
2026-10-06 00:45:00+00:00,2026-10-07T02:57:54Z,4166.000000,4178.799805,4165.500000,4178.299805,4165.500000,4178.799805,4165.500000,4178.399902,changed
2026-10-06 01:00:00+00:00,2026-10-07T02:57:54Z,4177.899902,4179.600098,4173.600098,4176.799805,4178.100098,4179.600098,4173.600098,4176.799805,changed
2026-10-06 01:45:00+00:00,2026-10-07T02:57:54Z,4160.100098,4160.799805,4156.000000,4157.200195,4160.200195,4160.799805,4156.000000,4157.200195,changed
2026-10-06 02:15:00+00:00,2026-10-07T02:57:54Z,4157.799805,4158.600098,4153.399902,4153.700195,4157.399902,4158.600098,4153.399902,4153.700195,changed
2026-10-06 02:45:00+00:00,2026-10-07T02:57:54Z,4148.500000,4166.200195,4148.000000,4157.399902,4148.700195,4166.200195,4148.000000,4157.399902,changed
2026-10-06 05:45:00+00:00,2026-10-07T02:57:54Z,4148.600098,4149.700195,4143.299805,4146.600098,4148.600098,4149.700195,4143.299805,4146.700195,changed
2026-10-06 06:00:00+00:00,2026-10-07T02:57:54Z,4146.299805,4150.299805,4140.100098,4149.600098,4146.600098,4150.299805,4140.100098,4149.600098,changed
2026-10-06 06:30:00+00:00,2026-10-07T02:57:54Z,4161.500000,4162.600098,4156.600098,4158.000000,4161.299805,4162.600098,4156.600098,4158.000000,changed
2026-10-06 06:45:00+00:00,2026-10-07T02:57:54Z,4157.600098,4162.100098,4157.100098,4158.899902,4157.700195,4162.100098,4157.100098,4158.899902,changed
2026-10-06 07:30:00+00:00,2026-10-07T02:57:54Z,4162.100098,4167.200195,4160.000000,4165.799805,4162.000000,4167.200195,4160.000000,4165.799805,changed
2026-10-06 08:00:00+00:00,2026-10-07T02:57:54Z,4167.399902,4171.600098,4165.200195,4167.399902,4167.500000,4171.600098,4165.200195,4167.200195,changed
2026-10-06 08:15:00+00:00,2026-10-07T02:57:54Z,4167.399902,4175.000000,4167.100098,4173.500000,4167.100098,4175.000000,4167.100098,4173.500000,changed
2026-10-06 08:30:00+00:00,2026-10-07T02:57:54Z,4173.600098,4181.200195,4172.600098,4180.000000,4173.399902,4181.200195,4172.600098,4180.000000,changed
2026-10-06 09:00:00+00:00,2026-10-07T02:57:54Z,4182.500000,4184.299805,4177.200195,4177.200195,4182.600098,4184.299805,4177.200195,4177.299805,changed
2026-10-06 09:30:00+00:00,2026-10-07T02:57:54Z,4183.799805,4185.899902,4181.200195,4181.399902,4183.899902,4185.899902,4181.200195,4181.399902,changed
2026-10-06 11:45:00+00:00,2026-10-07T02:57:54Z,4199.899902,4202.799805,4198.000000,4201.500000,4200.100098,4202.799805,4198.000000,4201.500000,changed
2026-10-06 12:00:00+00:00,2026-10-07T02:57:54Z,4201.700195,4208.000000,4201.200195,4206.700195,4201.700195,4208.000000,4201.200195,4206.799805,changed
2026-10-06 12:15:00+00:00,2026-10-07T02:57:54Z,4207.000000,4207.500000,4201.600098,4203.600098,4206.899902,4207.500000,4201.600098,4203.799805,changed
2026-10-06 13:15:00+00:00,2026-10-07T02:57:54Z,4199.899902,4200.200195,4188.700195,4189.200195,4200.000000,4200.200195,4188.700195,4189.200195,changed
2026-10-06 13:30:00+00:00,2026-10-07T02:57:54Z,4189.200195,4192.899902,4183.200195,4185.799805,4189.299805,4192.899902,4183.200195,4185.700195,changed
2026-10-06 13:45:00+00:00,2026-10-07T02:57:54Z,4185.500000,4186.000000,4179.299805,4180.100098,4186.000000,4186.000000,4179.299805,4180.000000,changed
2026-10-06 14:00:00+00:00,2026-10-07T02:57:54Z,4180.000000,4185.799805,4179.100098,4181.500000,4180.100098,4185.799805,4179.100098,4182.299805,changed
2026-10-06 14:15:00+00:00,2026-10-07T02:57:54Z,4182.000000,4182.700195,4171.299805,4173.600098,4181.899902,4182.700195,4171.299805,4173.600098,changed
2026-10-06 14:45:00+00:00,2026-10-07T02:57:54Z,4180.299805,4185.899902,4177.100098,4184.500000,4180.500000,4185.899902,4177.100098,4184.500000,changed
2026-10-06 15:00:00+00:00,2026-10-07T02:57:54Z,4184.399902,4192.100098,4183.899902,4190.299805,4184.399902,4192.100098,4183.899902,4190.500000,changed
2026-10-06 15:15:00+00:00,2026-10-07T02:57:54Z,4190.700195,4192.700195,4188.899902,4191.200195,4190.600098,4192.700195,4188.899902,4191.200195,changed
2026-10-06 16:15:00+00:00,2026-10-07T02:57:54Z,4190.700195,4192.700195,4187.899902,4188.100098,4190.600098,4192.700195,4187.899902,4188.100098,changed
2026-10-06 17:15:00+00:00,2026-10-07T02:57:54Z,4190.000000,4191.600098,4185.200195,4188.299805,4189.899902,4191.600098,4185.200195,4188.299805,changed
2026-10-06 17:30:00+00:00,2026-10-07T02:57:54Z,4188.200195,4193.200195,4187.600098,4192.399902,4188.399902,4193.200195,4187.600098,4192.399902,changed
2026-10-06 17:45:00+00:00,2026-10-07T02:57:54Z,4192.700195,4193.700195,4191.200195,4192.000000,4192.600098,4193.700195,4191.200195,4192.000000,changed
2026-10-06 18:30:00+00:00,2026-10-07T02:57:54Z,4197.000000,4198.200195,4194.399902,4197.899902,4196.899902,4198.200195,4194.399902,4197.899902,changed
2026-10-06 19:15:00+00:00,2026-10-07T02:57:54Z,4204.299805,4205.399902,4199.700195,4200.000000,4204.299805,4205.399902,4199.700195,4199.899902,changed
2026-10-06 19:30:00+00:00,2026-10-07T02:57:54Z,4199.700195,4200.000000,4195.899902,4197.000000,4200.000000,4200.000000,4195.899902,4197.000000,changed
2026-10-06 19:45:00+00:00,2026-10-07T02:57:54Z,4197.000000,4198.100098,4194.600098,4197.299805,4197.000000,4198.100098,4194.600098,4197.100098,changed
2026-10-06 23:00:00+00:00,2026-10-07T02:57:54Z,4192.500000,4193.600098,4192.299805,4192.799805,4190.799805,4193.700195,4190.000000,4192.799805,changed
2026-10-06 23:30:00+00:00,2026-10-07T02:57:54Z,4197.200195,4197.200195,4193.200195,4194.700195,4196.899902,4197.799805,4193.200195,4194.700195,changed
2026-10-07 00:00:00+00:00,2026-10-07T02:57:54Z,4192.899902,4197.299805,4189.600098,4197.100098,4193.200195,4197.299805,4189.600098,4197.100098,changed
2026-10-07 01:00:00+00:00,2026-10-07T02:57:54Z,4183.799805,4183.799805,4179.000000,4179.799805,4183.799805,4183.799805,4179.000000,4179.500000,changed
2026-10-07 01:15:00+00:00,2026-10-07T02:57:54Z,4179.100098,4180.500000,4176.799805,4179.500000,4179.200195,4180.500000,4176.799805,4179.500000,changed
2026-10-07 01:30:00+00:00,2026-10-07T02:57:54Z,4179.299805,4182.299805,4176.299805,4178.299805,4179.399902,4182.299805,4176.299805,4178.299805,changed
2026-10-07 02:30:00+00:00,2026-10-07T02:57:54Z,4173.399902,4175.100098,4172.700195,4174.500000,4173.399902,4175.100098,4171.299805,4174.000000,changed
2026-10-01 00:00:00+00:00,2026-10-07T03:10:59Z,4186.100098,4186.200195,4180.500000,4182.799805,4186.000000,4186.200195,4180.500000,4182.799805,changed
2026-10-01 02:00:00+00:00,2026-10-07T03:10:59Z,4186.100098,4187.700195,4181.200195,4183.600098,4186.700195,4187.700195,4181.200195,4183.600098,changed
2026-10-01 03:00:00+00:00,2026-10-07T03:10:59Z,4190.299805,4198.200195,4188.799805,4197.000000,4190.899902,4198.200195,4188.799805,4197.000000,changed
2026-10-01 03:15:00+00:00,2026-10-07T03:10:59Z,4197.000000,4198.000000,4192.899902,4193.700195,4197.500000,4198.000000,4192.899902,4193.700195,changed
2026-10-01 03:45:00+00:00,2026-10-07T03:10:59Z,4199.000000,4206.399902,4198.399902,4205.399902,4199.100098,4206.399902,4198.399902,4205.399902,changed
2026-10-01 05:30:00+00:00,2026-10-07T03:10:59Z,4217.100098,4222.799805,4214.799805,4216.799805,4217.200195,4222.799805,4214.799805,4216.799805,changed
2026-10-01 06:45:00+00:00,2026-10-07T03:10:59Z,4214.200195,4215.299805,4210.399902,4211.600098,4214.100098,4215.299805,4210.399902,4211.600098,changed
2026-10-01 07:00:00+00:00,2026-10-07T03:10:59Z,4211.500000,4213.500000,4202.000000,4202.299805,4211.899902,4213.500000,4202.000000,4202.299805,changed
2026-10-01 07:15:00+00:00,2026-10-07T03:10:59Z,4202.399902,4204.500000,4185.000000,4186.399902,4202.799805,4204.500000,4185.000000,4186.399902,changed
2026-10-01 07:30:00+00:00,2026-10-07T03:10:59Z,4186.399902,4195.399902,4184.200195,4193.399902,4186.299805,4195.399902,4184.200195,4193.299805,changed
2026-10-01 07:45:00+00:00,2026-10-07T03:10:59Z,4193.399902,4196.700195,4191.899902,4193.700195,4193.500000,4196.700195,4191.899902,4193.700195,changed
2026-10-01 08:15:00+00:00,2026-10-07T03:10:59Z,4189.399902,4192.399902,4184.399902,4186.600098,4189.500000,4192.399902,4184.399902,4186.600098,changed
2026-10-01 09:15:00+00:00,2026-10-07T03:10:59Z,4190.600098,4192.299805,4187.899902,4188.899902,4190.799805,4192.299805,4187.899902,4188.899902,changed
2026-10-01 09:30:00+00:00,2026-10-07T03:10:59Z,4189.100098,4193.000000,4188.799805,4191.100098,4189.100098,4193.000000,4188.799805,4191.200195,changed
2026-10-01 10:45:00+00:00,2026-10-07T03:10:59Z,4201.100098,4208.500000,4200.799805,4205.899902,4201.100098,4208.500000,4200.799805,4206.100098,changed
2026-10-01 11:00:00+00:00,2026-10-07T03:10:59Z,4206.100098,4206.100098,4198.700195,4199.200195,4205.600098,4206.100098,4198.700195,4199.200195,changed
2026-10-01 12:00:00+00:00,2026-10-07T03:10:59Z,4212.500000,4215.100098,4205.799805,4206.299805,4212.299805,4215.100098,4205.799805,4206.299805,changed
2026-10-01 12:30:00+00:00,2026-10-07T03:10:59Z,4209.200195,4216.799805,4207.799805,4212.200195,4209.700195,4216.799805,4207.799805,4212.200195,changed
2026-10-01 12:45:00+00:00,2026-10-07T03:10:59Z,4212.600098,4217.799805,4208.600098,4208.799805,4212.600098,4217.799805,4208.600098,4208.600098,changed
2026-10-01 13:00:00+00:00,2026-10-07T03:10:59Z,4208.899902,4211.799805,4203.100098,4203.200195,4208.799805,4211.799805,4203.100098,4203.200195,changed
2026-10-01 13:30:00+00:00,2026-10-07T03:10:59Z,4197.299805,4202.399902,4188.799805,4192.600098,4197.399902,4202.399902,4188.799805,4192.600098,changed
2026-10-01 13:45:00+00:00,2026-10-07T03:10:59Z,4192.700195,4195.600098,4190.000000,4195.100098,4192.600098,4195.600098,4190.000000,4195.299805,changed
2026-10-01 14:30:00+00:00,2026-10-07T03:10:59Z,4191.700195,4204.799805,4189.799805,4196.100098,4191.700195,4204.799805,4189.799805,4196.399902,changed
2026-10-01 15:00:00+00:00,2026-10-07T03:10:59Z,4192.299805,4192.600098,4179.500000,4185.899902,4191.899902,4192.600098,4179.500000,4185.899902,changed
2026-10-01 15:15:00+00:00,2026-10-07T03:10:59Z,4185.700195,4198.500000,4184.299805,4196.500000,4185.600098,4198.500000,4184.299805,4196.500000,changed
2026-10-01 16:00:00+00:00,2026-10-07T03:10:59Z,4199.100098,4206.600098,4198.000000,4199.500000,4199.299805,4206.600098,4198.000000,4199.500000,changed
2026-10-01 16:15:00+00:00,2026-10-07T03:10:59Z,4199.299805,4201.799805,4193.899902,4197.000000,4199.500000,4201.799805,4193.899902,4197.000000,changed
2026-10-01 16:45:00+00:00,2026-10-07T03:10:59Z,4195.399902,4197.399902,4189.500000,4192.200195,4195.399902,4197.399902,4189.500000,4192.100098,changed
2026-10-01 17:00:00+00:00,2026-10-07T03:10:59Z,4192.200195,4203.500000,4191.600098,4201.399902,4192.100098,4203.500000,4191.600098,4201.399902,changed
2026-10-01 17:15:00+00:00,2026-10-07T03:10:59Z,4201.500000,4207.600098,4200.100098,4203.100098,4201.399902,4207.600098,4200.100098,4203.000000,changed
2026-10-01 17:30:00+00:00,2026-10-07T03:10:59Z,4202.899902,4217.600098,4202.799805,4207.500000,4203.100098,4217.600098,4202.799805,4207.500000,changed
2026-10-01 22:00:00+00:00,2026-10-07T03:10:59Z,4204.600098,4207.200195,4202.100098,4202.700195,4204.500000,4207.200195,4202.100098,4202.700195,changed
2026-10-01 22:45:00+00:00,2026-10-07T03:10:59Z,4205.500000,4208.600098,4204.899902,4208.299805,4205.500000,4208.600098,4205.299805,4208.299805,changed
2026-10-02 00:00:00+00:00,2026-10-07T03:10:59Z,4211.399902,4212.000000,4198.600098,4199.299805,4211.399902,4212.000000,4198.600098,4199.700195,changed
2026-10-02 00:15:00+00:00,2026-10-07T03:10:59Z,4199.500000,4201.000000,4193.299805,4194.299805,4199.399902,4201.000000,4193.299805,4194.299805,changed
2026-10-02 01:00:00+00:00,2026-10-07T03:10:59Z,4182.500000,4184.200195,4162.899902,4170.399902,4182.299805,4184.200195,4162.899902,4170.399902,changed
2026-10-02 01:15:00+00:00,2026-10-07T03:10:59Z,4170.299805,4179.500000,4168.700195,4179.100098,4170.000000,4179.500000,4168.700195,4179.100098,changed
2026-10-02 01:30:00+00:00,2026-10-07T03:10:59Z,4178.799805,4181.000000,4174.600098,4178.299805,4179.000000,4181.000000,4174.600098,4178.299805,changed
2026-10-02 04:45:00+00:00,2026-10-07T03:10:59Z,4212.399902,4215.000000,4211.200195,4214.799805,4212.600098,4215.000000,4211.200195,4214.799805,changed
2026-10-02 05:00:00+00:00,2026-10-07T03:10:59Z,4214.500000,4222.299805,4213.899902,4217.700195,4214.600098,4222.299805,4213.899902,4217.700195,changed
2026-10-02 06:00:00+00:00,2026-10-07T03:10:59Z,4216.100098,4226.799805,4215.799805,4222.200195,4216.500000,4226.799805,4215.799805,4222.200195,changed
2026-10-02 06:30:00+00:00,2026-10-07T03:10:59Z,4219.399902,4220.299805,4209.500000,4210.299805,4219.600098,4220.299805,4209.500000,4210.299805,changed
2026-10-02 08:15:00+00:00,2026-10-07T03:10:59Z,4219.000000,4220.200195,4212.299805,4215.700195,4219.000000,4220.200195,4212.299805,4215.500000,changed
2026-10-02 08:30:00+00:00,2026-10-07T03:10:59Z,4215.299805,4216.600098,4210.299805,4210.700195,4215.000000,4216.600098,4210.299805,4210.700195,changed
2026-10-02 10:30:00+00:00,2026-10-07T03:10:59Z,4204.000000,4212.500000,4203.000000,4211.399902,4203.899902,4212.500000,4203.000000,4211.399902,changed
2026-10-02 10:45:00+00:00,2026-10-07T03:10:59Z,4211.500000,4212.799805,4209.299805,4212.700195,4211.600098,4212.799805,4209.299805,4212.700195,changed
2026-10-02 11:00:00+00:00,2026-10-07T03:10:59Z,4212.600098,4218.700195,4211.700195,4217.799805,4212.600098,4218.700195,4211.700195,4217.500000,changed
2026-10-02 11:15:00+00:00,2026-10-07T03:10:59Z,4217.700195,4218.600098,4210.600098,4211.000000,4217.799805,4218.600098,4210.600098,4211.000000,changed
2026-10-02 12:00:00+00:00,2026-10-07T03:10:59Z,4211.500000,4212.000000,4204.399902,4207.500000,4211.299805,4212.000000,4204.399902,4207.500000,changed
2026-10-02 12:30:00+00:00,2026-10-07T03:10:59Z,4216.899902,4259.000000,4216.500000,4241.299805,4216.500000,4259.000000,4216.500000,4240.899902,changed
2026-10-02 12:45:00+00:00,2026-10-07T03:10:59Z,4241.500000,4250.700195,4234.100098,4248.200195,4241.100098,4250.700195,4234.100098,4248.200195,changed
2026-10-02 13:15:00+00:00,2026-10-07T03:10:59Z,4225.299805,4226.200195,4213.200195,4223.100098,4225.299805,4226.200195,4213.200195,4222.700195,changed
2026-10-02 13:30:00+00:00,2026-10-07T03:10:59Z,4223.000000,4231.600098,4212.500000,4216.100098,4223.299805,4231.600098,4212.500000,4216.100098,changed
2026-10-02 13:45:00+00:00,2026-10-07T03:10:59Z,4215.600098,4222.899902,4207.700195,4221.200195,4215.600098,4222.899902,4207.700195,4220.500000,changed
2026-10-02 14:00:00+00:00,2026-10-07T03:10:59Z,4220.700195,4226.600098,4209.100098,4218.600098,4220.600098,4226.600098,4209.100098,4218.600098,changed
2026-10-02 14:45:00+00:00,2026-10-07T03:10:59Z,4205.200195,4206.100098,4184.500000,4188.299805,4205.200195,4206.100098,4184.500000,4188.200195,changed
2026-10-02 15:00:00+00:00,2026-10-07T03:10:59Z,4188.399902,4189.399902,4171.100098,4174.299805,4188.500000,4189.399902,4171.100098,4174.299805,changed
2026-10-02 15:15:00+00:00,2026-10-07T03:10:59Z,4174.200195,4175.700195,4161.700195,4171.299805,4173.600098,4175.700195,4161.700195,4171.200195,changed
2026-10-02 15:45:00+00:00,2026-10-07T03:10:59Z,4163.399902,4167.299805,4153.799805,4156.100098,4163.600098,4167.299805,4153.799805,4156.100098,changed
2026-10-02 16:00:00+00:00,2026-10-07T03:10:59Z,4156.200195,4165.600098,4154.600098,4163.799805,4156.299805,4165.600098,4154.600098,4163.799805,changed
2026-10-02 16:45:00+00:00,2026-10-07T03:10:59Z,4164.299805,4169.399902,4164.299805,4168.200195,4165.000000,4169.399902,4164.299805,4168.200195,changed
2026-10-02 17:15:00+00:00,2026-10-07T03:10:59Z,4165.299805,4168.200195,4158.899902,4162.600098,4165.500000,4168.200195,4158.899902,4162.600098,changed
2026-10-02 17:30:00+00:00,2026-10-07T03:10:59Z,4162.399902,4169.000000,4161.299805,4166.600098,4161.799805,4169.000000,4161.299805,4166.600098,changed
2026-10-02 19:00:00+00:00,2026-10-07T03:10:59Z,4175.700195,4178.399902,4172.799805,4178.000000,4175.799805,4178.399902,4172.799805,4178.000000,changed
2026-10-02 19:30:00+00:00,2026-10-07T03:10:59Z,4177.299805,4178.899902,4171.899902,4171.899902,4177.500000,4178.899902,4171.899902,4172.000000,changed
2026-10-02 19:45:00+00:00,2026-10-07T03:10:59Z,4171.500000,4176.899902,4169.399902,4176.600098,4171.500000,4176.899902,4169.399902,4176.399902,changed
2026-10-02 20:00:00+00:00,2026-10-07T03:10:59Z,4176.799805,4177.700195,4169.000000,4172.100098,4176.899902,4177.700195,4169.000000,4172.100098,changed
2026-10-02 20:45:00+00:00,2026-10-07T03:10:59Z,4167.000000,4172.100098,4162.299805,4162.299805,4166.899902,4172.100098,4162.299805,4162.299805,changed
2026-10-05 00:30:00+00:00,2026-10-07T03:10:59Z,4183.799805,4184.100098,4179.600098,4181.299805,4183.799805,4184.100098,4180.100098,4181.299805,changed
2026-10-05 04:15:00+00:00,2026-10-07T03:10:59Z,4162.600098,4163.399902,4152.299805,4153.899902,4162.000000,4163.399902,4152.299805,4154.000000,changed
2026-10-05 04:30:00+00:00,2026-10-07T03:10:59Z,4154.000000,4161.600098,4153.299805,4161.100098,4153.899902,4161.600098,4153.299805,4161.100098,changed
2026-10-05 05:00:00+00:00,2026-10-07T03:10:59Z,4159.000000,4167.899902,4158.299805,4166.399902,4159.200195,4167.899902,4158.299805,4166.399902,changed
2026-10-05 06:00:00+00:00,2026-10-07T03:10:59Z,4162.100098,4181.500000,4161.700195,4179.399902,4161.799805,4181.500000,4161.700195,4179.399902,changed
2026-10-05 06:15:00+00:00,2026-10-07T03:10:59Z,4179.500000,4184.100098,4174.600098,4183.100098,4179.100098,4184.100098,4174.600098,4183.000000,changed
2026-10-05 06:30:00+00:00,2026-10-07T03:10:59Z,4182.600098,4183.500000,4176.899902,4180.799805,4182.600098,4183.500000,4176.899902,4180.399902,changed
2026-10-05 06:45:00+00:00,2026-10-07T03:10:59Z,4180.700195,4183.899902,4176.100098,4183.700195,4180.200195,4183.899902,4176.100098,4183.899902,changed
2026-10-05 07:00:00+00:00,2026-10-07T03:10:59Z,4183.700195,4187.299805,4177.899902,4184.100098,4184.000000,4187.299805,4177.899902,4184.100098,changed
2026-10-05 07:45:00+00:00,2026-10-07T03:10:59Z,4187.600098,4194.899902,4186.000000,4188.700195,4187.700195,4194.899902,4186.000000,4188.700195,changed
2026-10-05 08:00:00+00:00,2026-10-07T03:10:59Z,4189.000000,4197.899902,4187.500000,4196.899902,4188.700195,4197.899902,4187.500000,4196.899902,changed
2026-10-05 09:30:00+00:00,2026-10-07T03:10:59Z,4194.399902,4195.200195,4187.899902,4187.899902,4194.799805,4195.200195,4187.899902,4187.899902,changed
2026-10-05 11:45:00+00:00,2026-10-07T03:10:59Z,4182.700195,4184.899902,4179.100098,4184.100098,4182.600098,4184.899902,4179.100098,4184.100098,changed
2026-10-05 13:15:00+00:00,2026-10-07T03:10:59Z,4180.000000,4182.299805,4178.100098,4180.899902,4180.100098,4182.299805,4178.100098,4180.899902,changed
2026-10-05 13:30:00+00:00,2026-10-07T03:10:59Z,4180.799805,4182.000000,4165.000000,4165.899902,4180.799805,4182.000000,4165.000000,4166.299805,changed
2026-10-05 13:45:00+00:00,2026-10-07T03:10:59Z,4165.899902,4172.799805,4159.100098,4163.399902,4166.100098,4172.799805,4159.100098,4163.000000,changed
2026-10-05 14:00:00+00:00,2026-10-07T03:10:59Z,4163.000000,4175.100098,4162.899902,4170.299805,4162.899902,4175.100098,4162.899902,4170.500000,changed
2026-10-05 14:15:00+00:00,2026-10-07T03:10:59Z,4170.100098,4170.799805,4164.799805,4165.200195,4170.399902,4170.799805,4164.799805,4165.200195,changed
2026-10-05 14:30:00+00:00,2026-10-07T03:10:59Z,4165.200195,4170.399902,4160.000000,4168.700195,4165.000000,4170.399902,4160.000000,4168.600098,changed
2026-10-05 14:45:00+00:00,2026-10-07T03:10:59Z,4168.600098,4176.600098,4165.000000,4175.000000,4168.700195,4176.600098,4165.000000,4175.100098,changed
2026-10-05 15:45:00+00:00,2026-10-07T03:10:59Z,4164.299805,4167.600098,4161.799805,4164.700195,4164.200195,4167.600098,4161.799805,4164.700195,changed
2026-10-05 16:30:00+00:00,2026-10-07T03:10:59Z,4155.299805,4159.299805,4155.000000,4158.899902,4155.399902,4159.299805,4155.000000,4158.899902,changed
2026-10-05 17:30:00+00:00,2026-10-07T03:10:59Z,4157.399902,4160.600098,4154.700195,4159.899902,4157.200195,4160.600098,4154.700195,4159.899902,changed
2026-10-05 19:30:00+00:00,2026-10-07T03:10:59Z,4169.600098,4171.600098,4169.100098,4169.700195,4169.399902,4171.600098,4169.100098,4169.700195,changed
2026-10-05 19:45:00+00:00,2026-10-07T03:10:59Z,4169.700195,4170.000000,4166.100098,4168.299805,4169.799805,4170.000000,4166.100098,4168.299805,changed
2026-10-05 20:00:00+00:00,2026-10-07T03:10:59Z,4168.399902,4168.799805,4165.000000,4166.299805,4168.200195,4168.799805,4165.000000,4166.299805,changed
2026-10-05 22:00:00+00:00,2026-10-07T03:10:59Z,4169.200195,4172.000000,4168.500000,4169.600098,4168.899902,4172.000000,4168.500000,4169.600098,changed
2026-10-06 00:00:00+00:00,2026-10-07T03:10:59Z,4161.200195,4164.799805,4160.100098,4163.299805,4161.000000,4164.799805,4160.100098,4163.299805,changed
2026-10-06 00:30:00+00:00,2026-10-07T03:10:59Z,4167.899902,4172.299805,4162.899902,4165.299805,4167.799805,4172.299805,4162.899902,4165.299805,changed
2026-10-06 00:45:00+00:00,2026-10-07T03:10:59Z,4165.500000,4178.799805,4165.500000,4178.399902,4166.000000,4178.799805,4165.500000,4178.299805,changed
2026-10-06 01:00:00+00:00,2026-10-07T03:10:59Z,4178.100098,4179.600098,4173.600098,4176.799805,4177.899902,4179.600098,4173.600098,4176.799805,changed
2026-10-06 01:45:00+00:00,2026-10-07T03:10:59Z,4160.200195,4160.799805,4156.000000,4157.200195,4160.100098,4160.799805,4156.000000,4157.200195,changed
2026-10-06 02:15:00+00:00,2026-10-07T03:10:59Z,4157.399902,4158.600098,4153.399902,4153.700195,4157.799805,4158.600098,4153.399902,4153.700195,changed
2026-10-06 02:45:00+00:00,2026-10-07T03:10:59Z,4148.700195,4166.200195,4148.000000,4157.399902,4148.500000,4166.200195,4148.000000,4157.399902,changed
2026-10-06 05:45:00+00:00,2026-10-07T03:10:59Z,4148.600098,4149.700195,4143.299805,4146.700195,4148.600098,4149.700195,4143.299805,4146.600098,changed
2026-10-06 06:00:00+00:00,2026-10-07T03:10:59Z,4146.600098,4150.299805,4140.100098,4149.600098,4146.299805,4150.299805,4140.100098,4149.600098,changed
2026-10-06 06:30:00+00:00,2026-10-07T03:10:59Z,4161.299805,4162.600098,4156.600098,4158.000000,4161.500000,4162.600098,4156.600098,4158.000000,changed
2026-10-06 06:45:00+00:00,2026-10-07T03:10:59Z,4157.700195,4162.100098,4157.100098,4158.899902,4157.600098,4162.100098,4157.100098,4158.899902,changed
2026-10-06 07:30:00+00:00,2026-10-07T03:10:59Z,4162.000000,4167.200195,4160.000000,4165.799805,4162.100098,4167.200195,4160.000000,4165.799805,changed
2026-10-06 08:00:00+00:00,2026-10-07T03:10:59Z,4167.500000,4171.600098,4165.200195,4167.200195,4167.399902,4171.600098,4165.200195,4167.399902,changed
2026-10-06 08:15:00+00:00,2026-10-07T03:10:59Z,4167.100098,4175.000000,4167.100098,4173.500000,4167.399902,4175.000000,4167.100098,4173.500000,changed
2026-10-06 08:30:00+00:00,2026-10-07T03:10:59Z,4173.399902,4181.200195,4172.600098,4180.000000,4173.600098,4181.200195,4172.600098,4180.000000,changed
2026-10-06 09:00:00+00:00,2026-10-07T03:10:59Z,4182.600098,4184.299805,4177.200195,4177.299805,4182.500000,4184.299805,4177.200195,4177.200195,changed
2026-10-06 09:30:00+00:00,2026-10-07T03:10:59Z,4183.899902,4185.899902,4181.200195,4181.399902,4183.799805,4185.899902,4181.200195,4181.399902,changed
2026-10-06 11:45:00+00:00,2026-10-07T03:10:59Z,4200.100098,4202.799805,4198.000000,4201.500000,4199.899902,4202.799805,4198.000000,4201.500000,changed
2026-10-06 12:00:00+00:00,2026-10-07T03:10:59Z,4201.700195,4208.000000,4201.200195,4206.799805,4201.700195,4208.000000,4201.200195,4206.700195,changed
2026-10-06 12:15:00+00:00,2026-10-07T03:10:59Z,4206.899902,4207.500000,4201.600098,4203.799805,4207.000000,4207.500000,4201.600098,4203.600098,changed
2026-10-06 13:15:00+00:00,2026-10-07T03:10:59Z,4200.000000,4200.200195,4188.700195,4189.200195,4199.899902,4200.200195,4188.700195,4189.200195,changed
2026-10-06 13:30:00+00:00,2026-10-07T03:10:59Z,4189.299805,4192.899902,4183.200195,4185.700195,4189.200195,4192.899902,4183.200195,4185.799805,changed
2026-10-06 13:45:00+00:00,2026-10-07T03:10:59Z,4186.000000,4186.000000,4179.299805,4180.000000,4185.500000,4186.000000,4179.299805,4180.100098,changed
2026-10-06 14:00:00+00:00,2026-10-07T03:10:59Z,4180.100098,4185.799805,4179.100098,4182.299805,4180.000000,4185.799805,4179.100098,4181.500000,changed
2026-10-06 14:15:00+00:00,2026-10-07T03:10:59Z,4181.899902,4182.700195,4171.299805,4173.600098,4182.000000,4182.700195,4171.299805,4173.600098,changed
2026-10-06 14:45:00+00:00,2026-10-07T03:10:59Z,4180.500000,4185.899902,4177.100098,4184.500000,4180.299805,4185.899902,4177.100098,4184.500000,changed
2026-10-06 15:00:00+00:00,2026-10-07T03:10:59Z,4184.399902,4192.100098,4183.899902,4190.500000,4184.399902,4192.100098,4183.899902,4190.299805,changed
2026-10-06 15:15:00+00:00,2026-10-07T03:10:59Z,4190.600098,4192.700195,4188.899902,4191.200195,4190.700195,4192.700195,4188.899902,4191.200195,changed
2026-10-06 16:15:00+00:00,2026-10-07T03:10:59Z,4190.600098,4192.700195,4187.899902,4188.100098,4190.700195,4192.700195,4187.899902,4188.100098,changed
2026-10-06 17:15:00+00:00,2026-10-07T03:10:59Z,4189.899902,4191.600098,4185.200195,4188.299805,4190.000000,4191.600098,4185.200195,4188.299805,changed
2026-10-06 17:30:00+00:00,2026-10-07T03:10:59Z,4188.399902,4193.200195,4187.600098,4192.399902,4188.200195,4193.200195,4187.600098,4192.399902,changed
2026-10-06 17:45:00+00:00,2026-10-07T03:10:59Z,4192.600098,4193.700195,4191.200195,4192.000000,4192.700195,4193.700195,4191.200195,4192.000000,changed
2026-10-06 18:30:00+00:00,2026-10-07T03:10:59Z,4196.899902,4198.200195,4194.399902,4197.899902,4197.000000,4198.200195,4194.399902,4197.899902,changed
2026-10-06 19:15:00+00:00,2026-10-07T03:10:59Z,4204.299805,4205.399902,4199.700195,4199.899902,4204.299805,4205.399902,4199.700195,4200.000000,changed
2026-10-06 19:30:00+00:00,2026-10-07T03:10:59Z,4200.000000,4200.000000,4195.899902,4197.000000,4199.700195,4200.000000,4195.899902,4197.000000,changed
2026-10-06 19:45:00+00:00,2026-10-07T03:10:59Z,4197.000000,4198.100098,4194.600098,4197.100098,4197.000000,4198.100098,4194.600098,4197.299805,changed
2026-10-06 23:00:00+00:00,2026-10-07T03:10:59Z,4190.799805,4193.700195,4190.000000,4192.799805,4192.500000,4193.600098,4192.299805,4192.799805,changed
2026-10-06 23:30:00+00:00,2026-10-07T03:10:59Z,4196.899902,4197.799805,4193.200195,4194.700195,4197.200195,4197.200195,4193.200195,4194.700195,changed
2026-10-07 00:00:00+00:00,2026-10-07T03:10:59Z,4193.200195,4197.299805,4189.600098,4197.100098,4192.899902,4197.299805,4189.600098,4197.100098,changed
2026-10-07 01:00:00+00:00,2026-10-07T03:10:59Z,4183.799805,4183.799805,4179.000000,4179.500000,4183.799805,4183.799805,4179.000000,4179.799805,changed
2026-10-07 01:15:00+00:00,2026-10-07T03:10:59Z,4179.200195,4180.500000,4176.799805,4179.500000,4179.100098,4180.500000,4176.799805,4179.500000,changed
2026-10-07 01:30:00+00:00,2026-10-07T03:10:59Z,4179.399902,4182.299805,4176.299805,4178.299805,4179.299805,4182.299805,4176.299805,4178.299805,changed
2026-10-07 03:15:00+00:00,2026-10-07T03:46:45Z,4165.700195,4166.700195,4164.200195,4165.899902,4165.700195,4170.299805,4164.200195,4168.799805,changed
2026-10-07 03:30:00+00:00,2026-10-07T04:00:15Z,4168.700195,4170.399902,4168.700195,4169.299805,4168.700195,4173.200195,4168.700195,4172.000000,changed
2026-10-07 01:30:00+00:00,2026-10-07T04:12:01Z,4179.299805,4182.299805,4176.299805,4178.299805,4179.299805,4182.299805,4178.899902,4180.700195,changed
2026-10-01 00:00:00+00:00,2026-10-07T04:31:55Z,4186.000000,4186.200195,4180.500000,4182.799805,4186.100098,4186.200195,4180.500000,4182.799805,changed
2026-10-01 02:00:00+00:00,2026-10-07T04:31:55Z,4186.700195,4187.700195,4181.200195,4183.600098,4186.100098,4187.700195,4181.200195,4183.600098,changed
2026-10-01 03:00:00+00:00,2026-10-07T04:31:55Z,4190.899902,4198.200195,4188.799805,4197.000000,4190.299805,4198.200195,4188.799805,4197.000000,changed
2026-10-01 03:15:00+00:00,2026-10-07T04:31:55Z,4197.500000,4198.000000,4192.899902,4193.700195,4197.000000,4198.000000,4192.899902,4193.700195,changed
2026-10-01 03:45:00+00:00,2026-10-07T04:31:55Z,4199.100098,4206.399902,4198.399902,4205.399902,4199.000000,4206.399902,4198.399902,4205.399902,changed
2026-10-01 05:30:00+00:00,2026-10-07T04:31:55Z,4217.200195,4222.799805,4214.799805,4216.799805,4217.100098,4222.799805,4214.799805,4216.799805,changed
2026-10-01 06:45:00+00:00,2026-10-07T04:31:55Z,4214.100098,4215.299805,4210.399902,4211.600098,4214.200195,4215.299805,4210.399902,4211.600098,changed
2026-10-01 07:00:00+00:00,2026-10-07T04:31:55Z,4211.899902,4213.500000,4202.000000,4202.299805,4211.500000,4213.500000,4202.000000,4202.299805,changed
2026-10-01 07:15:00+00:00,2026-10-07T04:31:55Z,4202.799805,4204.500000,4185.000000,4186.399902,4202.399902,4204.500000,4185.000000,4186.399902,changed
2026-10-01 07:30:00+00:00,2026-10-07T04:31:55Z,4186.299805,4195.399902,4184.200195,4193.299805,4186.399902,4195.399902,4184.200195,4193.399902,changed
2026-10-01 07:45:00+00:00,2026-10-07T04:31:55Z,4193.500000,4196.700195,4191.899902,4193.700195,4193.399902,4196.700195,4191.899902,4193.700195,changed
2026-10-01 08:15:00+00:00,2026-10-07T04:31:55Z,4189.500000,4192.399902,4184.399902,4186.600098,4189.399902,4192.399902,4184.399902,4186.600098,changed
2026-10-01 09:15:00+00:00,2026-10-07T04:31:55Z,4190.799805,4192.299805,4187.899902,4188.899902,4190.600098,4192.299805,4187.899902,4188.899902,changed
2026-10-01 09:30:00+00:00,2026-10-07T04:31:55Z,4189.100098,4193.000000,4188.799805,4191.200195,4189.100098,4193.000000,4188.799805,4191.100098,changed
2026-10-01 10:45:00+00:00,2026-10-07T04:31:55Z,4201.100098,4208.500000,4200.799805,4206.100098,4201.100098,4208.500000,4200.799805,4205.899902,changed
2026-10-01 11:00:00+00:00,2026-10-07T04:31:55Z,4205.600098,4206.100098,4198.700195,4199.200195,4206.100098,4206.100098,4198.700195,4199.200195,changed
2026-10-01 12:00:00+00:00,2026-10-07T04:31:55Z,4212.299805,4215.100098,4205.799805,4206.299805,4212.500000,4215.100098,4205.799805,4206.299805,changed
2026-10-01 12:30:00+00:00,2026-10-07T04:31:55Z,4209.700195,4216.799805,4207.799805,4212.200195,4209.200195,4216.799805,4207.799805,4212.200195,changed
2026-10-01 12:45:00+00:00,2026-10-07T04:31:55Z,4212.600098,4217.799805,4208.600098,4208.600098,4212.600098,4217.799805,4208.600098,4208.799805,changed
2026-10-01 13:00:00+00:00,2026-10-07T04:31:55Z,4208.799805,4211.799805,4203.100098,4203.200195,4208.899902,4211.799805,4203.100098,4203.200195,changed
2026-10-01 13:30:00+00:00,2026-10-07T04:31:55Z,4197.399902,4202.399902,4188.799805,4192.600098,4197.299805,4202.399902,4188.799805,4192.600098,changed
2026-10-01 13:45:00+00:00,2026-10-07T04:31:55Z,4192.600098,4195.600098,4190.000000,4195.299805,4192.700195,4195.600098,4190.000000,4195.100098,changed
2026-10-01 14:30:00+00:00,2026-10-07T04:31:55Z,4191.700195,4204.799805,4189.799805,4196.399902,4191.700195,4204.799805,4189.799805,4196.100098,changed
2026-10-01 15:00:00+00:00,2026-10-07T04:31:55Z,4191.899902,4192.600098,4179.500000,4185.899902,4192.299805,4192.600098,4179.500000,4185.899902,changed
2026-10-01 15:15:00+00:00,2026-10-07T04:31:55Z,4185.600098,4198.500000,4184.299805,4196.500000,4185.700195,4198.500000,4184.299805,4196.500000,changed
2026-10-01 16:00:00+00:00,2026-10-07T04:31:55Z,4199.299805,4206.600098,4198.000000,4199.500000,4199.100098,4206.600098,4198.000000,4199.500000,changed
2026-10-01 16:15:00+00:00,2026-10-07T04:31:55Z,4199.500000,4201.799805,4193.899902,4197.000000,4199.299805,4201.799805,4193.899902,4197.000000,changed
2026-10-01 16:45:00+00:00,2026-10-07T04:31:55Z,4195.399902,4197.399902,4189.500000,4192.100098,4195.399902,4197.399902,4189.500000,4192.200195,changed
2026-10-01 17:00:00+00:00,2026-10-07T04:31:55Z,4192.100098,4203.500000,4191.600098,4201.399902,4192.200195,4203.500000,4191.600098,4201.399902,changed
2026-10-01 17:15:00+00:00,2026-10-07T04:31:55Z,4201.399902,4207.600098,4200.100098,4203.000000,4201.500000,4207.600098,4200.100098,4203.100098,changed
2026-10-01 17:30:00+00:00,2026-10-07T04:31:55Z,4203.100098,4217.600098,4202.799805,4207.500000,4202.899902,4217.600098,4202.799805,4207.500000,changed
2026-10-01 22:00:00+00:00,2026-10-07T04:31:55Z,4204.500000,4207.200195,4202.100098,4202.700195,4204.600098,4207.200195,4202.100098,4202.700195,changed
2026-10-01 22:45:00+00:00,2026-10-07T04:31:55Z,4205.500000,4208.600098,4205.299805,4208.299805,4205.500000,4208.600098,4204.899902,4208.299805,changed
2026-10-02 00:00:00+00:00,2026-10-07T04:31:55Z,4211.399902,4212.000000,4198.600098,4199.700195,4211.399902,4212.000000,4198.600098,4199.299805,changed
2026-10-02 00:15:00+00:00,2026-10-07T04:31:55Z,4199.399902,4201.000000,4193.299805,4194.299805,4199.500000,4201.000000,4193.299805,4194.299805,changed
2026-10-02 01:00:00+00:00,2026-10-07T04:31:55Z,4182.299805,4184.200195,4162.899902,4170.399902,4182.500000,4184.200195,4162.899902,4170.399902,changed
2026-10-02 01:15:00+00:00,2026-10-07T04:31:55Z,4170.000000,4179.500000,4168.700195,4179.100098,4170.299805,4179.500000,4168.700195,4179.100098,changed
2026-10-02 01:30:00+00:00,2026-10-07T04:31:55Z,4179.000000,4181.000000,4174.600098,4178.299805,4178.799805,4181.000000,4174.600098,4178.299805,changed
2026-10-02 04:45:00+00:00,2026-10-07T04:31:55Z,4212.600098,4215.000000,4211.200195,4214.799805,4212.399902,4215.000000,4211.200195,4214.799805,changed
2026-10-02 05:00:00+00:00,2026-10-07T04:31:55Z,4214.600098,4222.299805,4213.899902,4217.700195,4214.500000,4222.299805,4213.899902,4217.700195,changed
2026-10-02 06:00:00+00:00,2026-10-07T04:31:55Z,4216.500000,4226.799805,4215.799805,4222.200195,4216.100098,4226.799805,4215.799805,4222.200195,changed
2026-10-02 06:30:00+00:00,2026-10-07T04:31:55Z,4219.600098,4220.299805,4209.500000,4210.299805,4219.399902,4220.299805,4209.500000,4210.299805,changed
2026-10-02 08:15:00+00:00,2026-10-07T04:31:55Z,4219.000000,4220.200195,4212.299805,4215.500000,4219.000000,4220.200195,4212.299805,4215.700195,changed
2026-10-02 08:30:00+00:00,2026-10-07T04:31:55Z,4215.000000,4216.600098,4210.299805,4210.700195,4215.299805,4216.600098,4210.299805,4210.700195,changed
2026-10-02 10:30:00+00:00,2026-10-07T04:31:55Z,4203.899902,4212.500000,4203.000000,4211.399902,4204.000000,4212.500000,4203.000000,4211.399902,changed
2026-10-02 10:45:00+00:00,2026-10-07T04:31:55Z,4211.600098,4212.799805,4209.299805,4212.700195,4211.500000,4212.799805,4209.299805,4212.700195,changed
2026-10-02 11:00:00+00:00,2026-10-07T04:31:55Z,4212.600098,4218.700195,4211.700195,4217.500000,4212.600098,4218.700195,4211.700195,4217.799805,changed
2026-10-02 11:15:00+00:00,2026-10-07T04:31:55Z,4217.799805,4218.600098,4210.600098,4211.000000,4217.700195,4218.600098,4210.600098,4211.000000,changed
2026-10-02 12:00:00+00:00,2026-10-07T04:31:55Z,4211.299805,4212.000000,4204.399902,4207.500000,4211.500000,4212.000000,4204.399902,4207.500000,changed
2026-10-02 12:30:00+00:00,2026-10-07T04:31:55Z,4216.500000,4259.000000,4216.500000,4240.899902,4216.899902,4259.000000,4216.500000,4241.299805,changed
2026-10-02 12:45:00+00:00,2026-10-07T04:31:55Z,4241.100098,4250.700195,4234.100098,4248.200195,4241.500000,4250.700195,4234.100098,4248.200195,changed
2026-10-02 13:15:00+00:00,2026-10-07T04:31:55Z,4225.299805,4226.200195,4213.200195,4222.700195,4225.299805,4226.200195,4213.200195,4223.100098,changed
2026-10-02 13:30:00+00:00,2026-10-07T04:31:55Z,4223.299805,4231.600098,4212.500000,4216.100098,4223.000000,4231.600098,4212.500000,4216.100098,changed
2026-10-02 13:45:00+00:00,2026-10-07T04:31:55Z,4215.600098,4222.899902,4207.700195,4220.500000,4215.600098,4222.899902,4207.700195,4221.200195,changed
2026-10-02 14:00:00+00:00,2026-10-07T04:31:55Z,4220.600098,4226.600098,4209.100098,4218.600098,4220.700195,4226.600098,4209.100098,4218.600098,changed
2026-10-02 14:45:00+00:00,2026-10-07T04:31:55Z,4205.200195,4206.100098,4184.500000,4188.200195,4205.200195,4206.100098,4184.500000,4188.299805,changed
2026-10-02 15:00:00+00:00,2026-10-07T04:31:55Z,4188.500000,4189.399902,4171.100098,4174.299805,4188.399902,4189.399902,4171.100098,4174.299805,changed
2026-10-02 15:15:00+00:00,2026-10-07T04:31:55Z,4173.600098,4175.700195,4161.700195,4171.200195,4174.200195,4175.700195,4161.700195,4171.299805,changed
2026-10-02 15:45:00+00:00,2026-10-07T04:31:55Z,4163.600098,4167.299805,4153.799805,4156.100098,4163.399902,4167.299805,4153.799805,4156.100098,changed
2026-10-02 16:00:00+00:00,2026-10-07T04:31:55Z,4156.299805,4165.600098,4154.600098,4163.799805,4156.200195,4165.600098,4154.600098,4163.799805,changed
2026-10-02 16:45:00+00:00,2026-10-07T04:31:55Z,4165.000000,4169.399902,4164.299805,4168.200195,4164.299805,4169.399902,4164.299805,4168.200195,changed
2026-10-02 17:15:00+00:00,2026-10-07T04:31:55Z,4165.500000,4168.200195,4158.899902,4162.600098,4165.299805,4168.200195,4158.899902,4162.600098,changed
2026-10-02 17:30:00+00:00,2026-10-07T04:31:55Z,4161.799805,4169.000000,4161.299805,4166.600098,4162.399902,4169.000000,4161.299805,4166.600098,changed
2026-10-02 19:00:00+00:00,2026-10-07T04:31:55Z,4175.799805,4178.399902,4172.799805,4178.000000,4175.700195,4178.399902,4172.799805,4178.000000,changed
2026-10-02 19:30:00+00:00,2026-10-07T04:31:55Z,4177.500000,4178.899902,4171.899902,4172.000000,4177.299805,4178.899902,4171.899902,4171.899902,changed
2026-10-02 19:45:00+00:00,2026-10-07T04:31:55Z,4171.500000,4176.899902,4169.399902,4176.399902,4171.500000,4176.899902,4169.399902,4176.600098,changed
2026-10-02 20:00:00+00:00,2026-10-07T04:31:55Z,4176.899902,4177.700195,4169.000000,4172.100098,4176.799805,4177.700195,4169.000000,4172.100098,changed
2026-10-02 20:45:00+00:00,2026-10-07T04:31:55Z,4166.899902,4172.100098,4162.299805,4162.299805,4167.000000,4172.100098,4162.299805,4162.299805,changed
2026-10-05 00:30:00+00:00,2026-10-07T04:31:55Z,4183.799805,4184.100098,4180.100098,4181.299805,4183.799805,4184.100098,4179.600098,4181.299805,changed
2026-10-05 04:15:00+00:00,2026-10-07T04:31:55Z,4162.000000,4163.399902,4152.299805,4154.000000,4162.600098,4163.399902,4152.299805,4153.899902,changed
2026-10-05 04:30:00+00:00,2026-10-07T04:31:55Z,4153.899902,4161.600098,4153.299805,4161.100098,4154.000000,4161.600098,4153.299805,4161.100098,changed
2026-10-05 05:00:00+00:00,2026-10-07T04:31:55Z,4159.200195,4167.899902,4158.299805,4166.399902,4159.000000,4167.899902,4158.299805,4166.399902,changed
2026-10-05 06:00:00+00:00,2026-10-07T04:31:55Z,4161.799805,4181.500000,4161.700195,4179.399902,4162.100098,4181.500000,4161.700195,4179.399902,changed
2026-10-05 06:15:00+00:00,2026-10-07T04:31:55Z,4179.100098,4184.100098,4174.600098,4183.000000,4179.500000,4184.100098,4174.600098,4183.100098,changed
2026-10-05 06:30:00+00:00,2026-10-07T04:31:55Z,4182.600098,4183.500000,4176.899902,4180.399902,4182.600098,4183.500000,4176.899902,4180.799805,changed
2026-10-05 06:45:00+00:00,2026-10-07T04:31:55Z,4180.200195,4183.899902,4176.100098,4183.899902,4180.700195,4183.899902,4176.100098,4183.700195,changed
2026-10-05 07:00:00+00:00,2026-10-07T04:31:55Z,4184.000000,4187.299805,4177.899902,4184.100098,4183.700195,4187.299805,4177.899902,4184.100098,changed
2026-10-05 07:45:00+00:00,2026-10-07T04:31:55Z,4187.700195,4194.899902,4186.000000,4188.700195,4187.600098,4194.899902,4186.000000,4188.700195,changed
2026-10-05 08:00:00+00:00,2026-10-07T04:31:55Z,4188.700195,4197.899902,4187.500000,4196.899902,4189.000000,4197.899902,4187.500000,4196.899902,changed
2026-10-05 09:30:00+00:00,2026-10-07T04:31:55Z,4194.799805,4195.200195,4187.899902,4187.899902,4194.399902,4195.200195,4187.899902,4187.899902,changed
2026-10-05 11:45:00+00:00,2026-10-07T04:31:55Z,4182.600098,4184.899902,4179.100098,4184.100098,4182.700195,4184.899902,4179.100098,4184.100098,changed
2026-10-05 13:15:00+00:00,2026-10-07T04:31:55Z,4180.100098,4182.299805,4178.100098,4180.899902,4180.000000,4182.299805,4178.100098,4180.899902,changed
2026-10-05 13:30:00+00:00,2026-10-07T04:31:55Z,4180.799805,4182.000000,4165.000000,4166.299805,4180.799805,4182.000000,4165.000000,4165.899902,changed
2026-10-05 13:45:00+00:00,2026-10-07T04:31:55Z,4166.100098,4172.799805,4159.100098,4163.000000,4165.899902,4172.799805,4159.100098,4163.399902,changed
2026-10-05 14:00:00+00:00,2026-10-07T04:31:55Z,4162.899902,4175.100098,4162.899902,4170.500000,4163.000000,4175.100098,4162.899902,4170.299805,changed
2026-10-05 14:15:00+00:00,2026-10-07T04:31:55Z,4170.399902,4170.799805,4164.799805,4165.200195,4170.100098,4170.799805,4164.799805,4165.200195,changed
2026-10-05 14:30:00+00:00,2026-10-07T04:31:55Z,4165.000000,4170.399902,4160.000000,4168.600098,4165.200195,4170.399902,4160.000000,4168.700195,changed
2026-10-05 14:45:00+00:00,2026-10-07T04:31:55Z,4168.700195,4176.600098,4165.000000,4175.100098,4168.600098,4176.600098,4165.000000,4175.000000,changed
2026-10-05 15:45:00+00:00,2026-10-07T04:31:55Z,4164.200195,4167.600098,4161.799805,4164.700195,4164.299805,4167.600098,4161.799805,4164.700195,changed
2026-10-05 16:30:00+00:00,2026-10-07T04:31:55Z,4155.399902,4159.299805,4155.000000,4158.899902,4155.299805,4159.299805,4155.000000,4158.899902,changed
2026-10-05 17:30:00+00:00,2026-10-07T04:31:55Z,4157.200195,4160.600098,4154.700195,4159.899902,4157.399902,4160.600098,4154.700195,4159.899902,changed
2026-10-05 19:30:00+00:00,2026-10-07T04:31:55Z,4169.399902,4171.600098,4169.100098,4169.700195,4169.600098,4171.600098,4169.100098,4169.700195,changed
2026-10-05 19:45:00+00:00,2026-10-07T04:31:55Z,4169.799805,4170.000000,4166.100098,4168.299805,4169.700195,4170.000000,4166.100098,4168.299805,changed
2026-10-05 20:00:00+00:00,2026-10-07T04:31:55Z,4168.200195,4168.799805,4165.000000,4166.299805,4168.399902,4168.799805,4165.000000,4166.299805,changed
2026-10-05 22:00:00+00:00,2026-10-07T04:31:55Z,4168.899902,4172.000000,4168.500000,4169.600098,4169.200195,4172.000000,4168.500000,4169.600098,changed
2026-10-06 00:00:00+00:00,2026-10-07T04:31:55Z,4161.000000,4164.799805,4160.100098,4163.299805,4161.200195,4164.799805,4160.100098,4163.299805,changed
2026-10-06 00:30:00+00:00,2026-10-07T04:31:55Z,4167.799805,4172.299805,4162.899902,4165.299805,4167.899902,4172.299805,4162.899902,4165.299805,changed
2026-10-06 00:45:00+00:00,2026-10-07T04:31:55Z,4166.000000,4178.799805,4165.500000,4178.299805,4165.500000,4178.799805,4165.500000,4178.399902,changed
2026-10-06 01:00:00+00:00,2026-10-07T04:31:55Z,4177.899902,4179.600098,4173.600098,4176.799805,4178.100098,4179.600098,4173.600098,4176.799805,changed
2026-10-06 01:45:00+00:00,2026-10-07T04:31:55Z,4160.100098,4160.799805,4156.000000,4157.200195,4160.200195,4160.799805,4156.000000,4157.200195,changed
2026-10-06 02:15:00+00:00,2026-10-07T04:31:55Z,4157.799805,4158.600098,4153.399902,4153.700195,4157.399902,4158.600098,4153.399902,4153.700195,changed
2026-10-06 02:45:00+00:00,2026-10-07T04:31:55Z,4148.500000,4166.200195,4148.000000,4157.399902,4148.700195,4166.200195,4148.000000,4157.399902,changed
2026-10-06 05:45:00+00:00,2026-10-07T04:31:55Z,4148.600098,4149.700195,4143.299805,4146.600098,4148.600098,4149.700195,4143.299805,4146.700195,changed
2026-10-06 06:00:00+00:00,2026-10-07T04:31:55Z,4146.299805,4150.299805,4140.100098,4149.600098,4146.600098,4150.299805,4140.100098,4149.600098,changed
2026-10-06 06:30:00+00:00,2026-10-07T04:31:55Z,4161.500000,4162.600098,4156.600098,4158.000000,4161.299805,4162.600098,4156.600098,4158.000000,changed
2026-10-06 06:45:00+00:00,2026-10-07T04:31:55Z,4157.600098,4162.100098,4157.100098,4158.899902,4157.700195,4162.100098,4157.100098,4158.899902,changed
2026-10-06 07:30:00+00:00,2026-10-07T04:31:55Z,4162.100098,4167.200195,4160.000000,4165.799805,4162.000000,4167.200195,4160.000000,4165.799805,changed
2026-10-06 08:00:00+00:00,2026-10-07T04:31:55Z,4167.399902,4171.600098,4165.200195,4167.399902,4167.500000,4171.600098,4165.200195,4167.200195,changed
2026-10-06 08:15:00+00:00,2026-10-07T04:31:55Z,4167.399902,4175.000000,4167.100098,4173.500000,4167.100098,4175.000000,4167.100098,4173.500000,changed
2026-10-06 08:30:00+00:00,2026-10-07T04:31:55Z,4173.600098,4181.200195,4172.600098,4180.000000,4173.399902,4181.200195,4172.600098,4180.000000,changed
2026-10-06 09:00:00+00:00,2026-10-07T04:31:55Z,4182.500000,4184.299805,4177.200195,4177.200195,4182.600098,4184.299805,4177.200195,4177.299805,changed
2026-10-06 09:30:00+00:00,2026-10-07T04:31:55Z,4183.799805,4185.899902,4181.200195,4181.399902,4183.899902,4185.899902,4181.200195,4181.399902,changed
2026-10-06 11:45:00+00:00,2026-10-07T04:31:55Z,4199.899902,4202.799805,4198.000000,4201.500000,4200.100098,4202.799805,4198.000000,4201.500000,changed
2026-10-06 12:00:00+00:00,2026-10-07T04:31:55Z,4201.700195,4208.000000,4201.200195,4206.700195,4201.700195,4208.000000,4201.200195,4206.799805,changed
2026-10-06 12:15:00+00:00,2026-10-07T04:31:55Z,4207.000000,4207.500000,4201.600098,4203.600098,4206.899902,4207.500000,4201.600098,4203.799805,changed
2026-10-06 13:15:00+00:00,2026-10-07T04:31:55Z,4199.899902,4200.200195,4188.700195,4189.200195,4200.000000,4200.200195,4188.700195,4189.200195,changed
2026-10-06 13:30:00+00:00,2026-10-07T04:31:55Z,4189.200195,4192.899902,4183.200195,4185.799805,4189.299805,4192.899902,4183.200195,4185.700195,changed
2026-10-06 13:45:00+00:00,2026-10-07T04:31:55Z,4185.500000,4186.000000,4179.299805,4180.100098,4186.000000,4186.000000,4179.299805,4180.000000,changed
2026-10-06 14:00:00+00:00,2026-10-07T04:31:55Z,4180.000000,4185.799805,4179.100098,4181.500000,4180.100098,4185.799805,4179.100098,4182.299805,changed
2026-10-06 14:15:00+00:00,2026-10-07T04:31:55Z,4182.000000,4182.700195,4171.299805,4173.600098,4181.899902,4182.700195,4171.299805,4173.600098,changed
2026-10-06 14:45:00+00:00,2026-10-07T04:31:55Z,4180.299805,4185.899902,4177.100098,4184.500000,4180.500000,4185.899902,4177.100098,4184.500000,changed
2026-10-06 15:00:00+00:00,2026-10-07T04:31:55Z,4184.399902,4192.100098,4183.899902,4190.299805,4184.399902,4192.100098,4183.899902,4190.500000,changed
2026-10-06 15:15:00+00:00,2026-10-07T04:31:55Z,4190.700195,4192.700195,4188.899902,4191.200195,4190.600098,4192.700195,4188.899902,4191.200195,changed
2026-10-06 16:15:00+00:00,2026-10-07T04:31:55Z,4190.700195,4192.700195,4187.899902,4188.100098,4190.600098,4192.700195,4187.899902,4188.100098,changed
2026-10-06 17:15:00+00:00,2026-10-07T04:31:55Z,4190.000000,4191.600098,4185.200195,4188.299805,4189.899902,4191.600098,4185.200195,4188.299805,changed
2026-10-06 17:30:00+00:00,2026-10-07T04:31:55Z,4188.200195,4193.200195,4187.600098,4192.399902,4188.399902,4193.200195,4187.600098,4192.399902,changed
2026-10-06 17:45:00+00:00,2026-10-07T04:31:55Z,4192.700195,4193.700195,4191.200195,4192.000000,4192.600098,4193.700195,4191.200195,4192.000000,changed
2026-10-06 18:30:00+00:00,2026-10-07T04:31:55Z,4197.000000,4198.200195,4194.399902,4197.899902,4196.899902,4198.200195,4194.399902,4197.899902,changed
2026-10-06 19:15:00+00:00,2026-10-07T04:31:55Z,4204.299805,4205.399902,4199.700195,4200.000000,4204.299805,4205.399902,4199.700195,4199.899902,changed
2026-10-06 19:30:00+00:00,2026-10-07T04:31:55Z,4199.700195,4200.000000,4195.899902,4197.000000,4200.000000,4200.000000,4195.899902,4197.000000,changed
2026-10-06 19:45:00+00:00,2026-10-07T04:31:55Z,4197.000000,4198.100098,4194.600098,4197.299805,4197.000000,4198.100098,4194.600098,4197.100098,changed
2026-10-06 23:00:00+00:00,2026-10-07T04:31:55Z,4192.500000,4193.600098,4192.299805,4192.799805,4190.799805,4193.700195,4190.000000,4192.799805,changed
2026-10-06 23:30:00+00:00,2026-10-07T04:31:55Z,4197.200195,4197.200195,4193.200195,4194.700195,4196.899902,4197.799805,4193.200195,4194.700195,changed
2026-10-07 00:00:00+00:00,2026-10-07T04:31:55Z,4192.899902,4197.299805,4189.600098,4197.100098,4193.200195,4197.299805,4189.600098,4197.100098,changed
2026-10-07 01:00:00+00:00,2026-10-07T04:31:55Z,4183.799805,4183.799805,4179.000000,4179.799805,4183.799805,4183.799805,4179.000000,4179.500000,changed
2026-10-07 01:15:00+00:00,2026-10-07T04:31:55Z,4179.100098,4180.500000,4176.799805,4179.500000,4179.200195,4180.500000,4176.799805,4179.500000,changed
2026-10-07 01:30:00+00:00,2026-10-07T04:31:55Z,4179.299805,4182.299805,4178.899902,4180.700195,4179.399902,4182.299805,4176.299805,4178.299805,changed
2026-10-07 02:45:00+00:00,2026-10-07T04:31:55Z,4174.100098,4175.700195,4168.399902,4168.899902,4174.100098,4175.700195,4171.700195,4172.200195,changed
2026-10-01 00:00:00+00:00,2026-10-07T04:49:36Z,4186.100098,4186.200195,4180.500000,4182.799805,4186.000000,4186.200195,4180.500000,4182.799805,changed
2026-10-01 02:00:00+00:00,2026-10-07T04:49:36Z,4186.100098,4187.700195,4181.200195,4183.600098,4186.700195,4187.700195,4181.200195,4183.600098,changed
2026-10-01 03:00:00+00:00,2026-10-07T04:49:36Z,4190.299805,4198.200195,4188.799805,4197.000000,4190.899902,4198.200195,4188.799805,4197.000000,changed
2026-10-01 03:15:00+00:00,2026-10-07T04:49:36Z,4197.000000,4198.000000,4192.899902,4193.700195,4197.500000,4198.000000,4192.899902,4193.700195,changed
2026-10-01 03:45:00+00:00,2026-10-07T04:49:36Z,4199.000000,4206.399902,4198.399902,4205.399902,4199.100098,4206.399902,4198.399902,4205.399902,changed
2026-10-01 05:30:00+00:00,2026-10-07T04:49:36Z,4217.100098,4222.799805,4214.799805,4216.799805,4217.200195,4222.799805,4214.799805,4216.799805,changed
2026-10-01 06:45:00+00:00,2026-10-07T04:49:36Z,4214.200195,4215.299805,4210.399902,4211.600098,4214.100098,4215.299805,4210.399902,4211.600098,changed
2026-10-01 07:00:00+00:00,2026-10-07T04:49:36Z,4211.500000,4213.500000,4202.000000,4202.299805,4211.899902,4213.500000,4202.000000,4202.299805,changed
2026-10-01 07:15:00+00:00,2026-10-07T04:49:36Z,4202.399902,4204.500000,4185.000000,4186.399902,4202.799805,4204.500000,4185.000000,4186.399902,changed
2026-10-01 07:30:00+00:00,2026-10-07T04:49:36Z,4186.399902,4195.399902,4184.200195,4193.399902,4186.299805,4195.399902,4184.200195,4193.299805,changed
2026-10-01 07:45:00+00:00,2026-10-07T04:49:36Z,4193.399902,4196.700195,4191.899902,4193.700195,4193.500000,4196.700195,4191.899902,4193.700195,changed
2026-10-01 08:15:00+00:00,2026-10-07T04:49:36Z,4189.399902,4192.399902,4184.399902,4186.600098,4189.500000,4192.399902,4184.399902,4186.600098,changed
2026-10-01 09:15:00+00:00,2026-10-07T04:49:36Z,4190.600098,4192.299805,4187.899902,4188.899902,4190.799805,4192.299805,4187.899902,4188.899902,changed
2026-10-01 09:30:00+00:00,2026-10-07T04:49:36Z,4189.100098,4193.000000,4188.799805,4191.100098,4189.100098,4193.000000,4188.799805,4191.200195,changed
2026-10-01 10:45:00+00:00,2026-10-07T04:49:36Z,4201.100098,4208.500000,4200.799805,4205.899902,4201.100098,4208.500000,4200.799805,4206.100098,changed
2026-10-01 11:00:00+00:00,2026-10-07T04:49:36Z,4206.100098,4206.100098,4198.700195,4199.200195,4205.600098,4206.100098,4198.700195,4199.200195,changed
2026-10-01 12:00:00+00:00,2026-10-07T04:49:36Z,4212.500000,4215.100098,4205.799805,4206.299805,4212.299805,4215.100098,4205.799805,4206.299805,changed
2026-10-01 12:30:00+00:00,2026-10-07T04:49:36Z,4209.200195,4216.799805,4207.799805,4212.200195,4209.700195,4216.799805,4207.799805,4212.200195,changed
2026-10-01 12:45:00+00:00,2026-10-07T04:49:36Z,4212.600098,4217.799805,4208.600098,4208.799805,4212.600098,4217.799805,4208.600098,4208.600098,changed
2026-10-01 13:00:00+00:00,2026-10-07T04:49:36Z,4208.899902,4211.799805,4203.100098,4203.200195,4208.799805,4211.799805,4203.100098,4203.200195,changed
2026-10-01 13:30:00+00:00,2026-10-07T04:49:36Z,4197.299805,4202.399902,4188.799805,4192.600098,4197.399902,4202.399902,4188.799805,4192.600098,changed
2026-10-01 13:45:00+00:00,2026-10-07T04:49:36Z,4192.700195,4195.600098,4190.000000,4195.100098,4192.600098,4195.600098,4190.000000,4195.299805,changed
2026-10-01 14:30:00+00:00,2026-10-07T04:49:36Z,4191.700195,4204.799805,4189.799805,4196.100098,4191.700195,4204.799805,4189.799805,4196.399902,changed
2026-10-01 15:00:00+00:00,2026-10-07T04:49:36Z,4192.299805,4192.600098,4179.500000,4185.899902,4191.899902,4192.600098,4179.500000,4185.899902,changed
2026-10-01 15:15:00+00:00,2026-10-07T04:49:36Z,4185.700195,4198.500000,4184.299805,4196.500000,4185.600098,4198.500000,4184.299805,4196.500000,changed
2026-10-01 16:00:00+00:00,2026-10-07T04:49:36Z,4199.100098,4206.600098,4198.000000,4199.500000,4199.299805,4206.600098,4198.000000,4199.500000,changed
2026-10-01 16:15:00+00:00,2026-10-07T04:49:36Z,4199.299805,4201.799805,4193.899902,4197.000000,4199.500000,4201.799805,4193.899902,4197.000000,changed
2026-10-01 16:45:00+00:00,2026-10-07T04:49:36Z,4195.399902,4197.399902,4189.500000,4192.200195,4195.399902,4197.399902,4189.500000,4192.100098,changed
2026-10-01 17:00:00+00:00,2026-10-07T04:49:36Z,4192.200195,4203.500000,4191.600098,4201.399902,4192.100098,4203.500000,4191.600098,4201.399902,changed
2026-10-01 17:15:00+00:00,2026-10-07T04:49:36Z,4201.500000,4207.600098,4200.100098,4203.100098,4201.399902,4207.600098,4200.100098,4203.000000,changed
2026-10-01 17:30:00+00:00,2026-10-07T04:49:36Z,4202.899902,4217.600098,4202.799805,4207.500000,4203.100098,4217.600098,4202.799805,4207.500000,changed
2026-10-01 22:00:00+00:00,2026-10-07T04:49:36Z,4204.600098,4207.200195,4202.100098,4202.700195,4204.500000,4207.200195,4202.100098,4202.700195,changed
2026-10-01 22:45:00+00:00,2026-10-07T04:49:36Z,4205.500000,4208.600098,4204.899902,4208.299805,4205.500000,4208.600098,4205.299805,4208.299805,changed
2026-10-02 00:00:00+00:00,2026-10-07T04:49:36Z,4211.399902,4212.000000,4198.600098,4199.299805,4211.399902,4212.000000,4198.600098,4199.700195,changed
2026-10-02 00:15:00+00:00,2026-10-07T04:49:36Z,4199.500000,4201.000000,4193.299805,4194.299805,4199.399902,4201.000000,4193.299805,4194.299805,changed
2026-10-02 01:00:00+00:00,2026-10-07T04:49:36Z,4182.500000,4184.200195,4162.899902,4170.399902,4182.299805,4184.200195,4162.899902,4170.399902,changed
2026-10-02 01:15:00+00:00,2026-10-07T04:49:36Z,4170.299805,4179.500000,4168.700195,4179.100098,4170.000000,4179.500000,4168.700195,4179.100098,changed
2026-10-02 01:30:00+00:00,2026-10-07T04:49:36Z,4178.799805,4181.000000,4174.600098,4178.299805,4179.000000,4181.000000,4174.600098,4178.299805,changed
2026-10-02 04:45:00+00:00,2026-10-07T04:49:36Z,4212.399902,4215.000000,4211.200195,4214.799805,4212.600098,4215.000000,4211.200195,4214.799805,changed
2026-10-02 05:00:00+00:00,2026-10-07T04:49:36Z,4214.500000,4222.299805,4213.899902,4217.700195,4214.600098,4222.299805,4213.899902,4217.700195,changed
2026-10-02 06:00:00+00:00,2026-10-07T04:49:36Z,4216.100098,4226.799805,4215.799805,4222.200195,4216.500000,4226.799805,4215.799805,4222.200195,changed
2026-10-02 06:30:00+00:00,2026-10-07T04:49:36Z,4219.399902,4220.299805,4209.500000,4210.299805,4219.600098,4220.299805,4209.500000,4210.299805,changed
2026-10-02 08:15:00+00:00,2026-10-07T04:49:36Z,4219.000000,4220.200195,4212.299805,4215.700195,4219.000000,4220.200195,4212.299805,4215.500000,changed
2026-10-02 08:30:00+00:00,2026-10-07T04:49:36Z,4215.299805,4216.600098,4210.299805,4210.700195,4215.000000,4216.600098,4210.299805,4210.700195,changed
2026-10-02 10:30:00+00:00,2026-10-07T04:49:36Z,4204.000000,4212.500000,4203.000000,4211.399902,4203.899902,4212.500000,4203.000000,4211.399902,changed
2026-10-02 10:45:00+00:00,2026-10-07T04:49:36Z,4211.500000,4212.799805,4209.299805,4212.700195,4211.600098,4212.799805,4209.299805,4212.700195,changed
2026-10-02 11:00:00+00:00,2026-10-07T04:49:36Z,4212.600098,4218.700195,4211.700195,4217.799805,4212.600098,4218.700195,4211.700195,4217.500000,changed
2026-10-02 11:15:00+00:00,2026-10-07T04:49:36Z,4217.700195,4218.600098,4210.600098,4211.000000,4217.799805,4218.600098,4210.600098,4211.000000,changed
2026-10-02 12:00:00+00:00,2026-10-07T04:49:36Z,4211.500000,4212.000000,4204.399902,4207.500000,4211.299805,4212.000000,4204.399902,4207.500000,changed
2026-10-02 12:30:00+00:00,2026-10-07T04:49:36Z,4216.899902,4259.000000,4216.500000,4241.299805,4216.500000,4259.000000,4216.500000,4240.899902,changed
2026-10-02 12:45:00+00:00,2026-10-07T04:49:36Z,4241.500000,4250.700195,4234.100098,4248.200195,4241.100098,4250.700195,4234.100098,4248.200195,changed
2026-10-02 13:15:00+00:00,2026-10-07T04:49:36Z,4225.299805,4226.200195,4213.200195,4223.100098,4225.299805,4226.200195,4213.200195,4222.700195,changed
2026-10-02 13:30:00+00:00,2026-10-07T04:49:36Z,4223.000000,4231.600098,4212.500000,4216.100098,4223.299805,4231.600098,4212.500000,4216.100098,changed
2026-10-02 13:45:00+00:00,2026-10-07T04:49:36Z,4215.600098,4222.899902,4207.700195,4221.200195,4215.600098,4222.899902,4207.700195,4220.500000,changed
2026-10-02 14:00:00+00:00,2026-10-07T04:49:36Z,4220.700195,4226.600098,4209.100098,4218.600098,4220.600098,4226.600098,4209.100098,4218.600098,changed
2026-10-02 14:45:00+00:00,2026-10-07T04:49:36Z,4205.200195,4206.100098,4184.500000,4188.299805,4205.200195,4206.100098,4184.500000,4188.200195,changed
2026-10-02 15:00:00+00:00,2026-10-07T04:49:36Z,4188.399902,4189.399902,4171.100098,4174.299805,4188.500000,4189.399902,4171.100098,4174.299805,changed
2026-10-02 15:15:00+00:00,2026-10-07T04:49:36Z,4174.200195,4175.700195,4161.700195,4171.299805,4173.600098,4175.700195,4161.700195,4171.200195,changed
2026-10-02 15:45:00+00:00,2026-10-07T04:49:36Z,4163.399902,4167.299805,4153.799805,4156.100098,4163.600098,4167.299805,4153.799805,4156.100098,changed
2026-10-02 16:00:00+00:00,2026-10-07T04:49:36Z,4156.200195,4165.600098,4154.600098,4163.799805,4156.299805,4165.600098,4154.600098,4163.799805,changed
2026-10-02 16:45:00+00:00,2026-10-07T04:49:36Z,4164.299805,4169.399902,4164.299805,4168.200195,4165.000000,4169.399902,4164.299805,4168.200195,changed
2026-10-02 17:15:00+00:00,2026-10-07T04:49:36Z,4165.299805,4168.200195,4158.899902,4162.600098,4165.500000,4168.200195,4158.899902,4162.600098,changed
2026-10-02 17:30:00+00:00,2026-10-07T04:49:36Z,4162.399902,4169.000000,4161.299805,4166.600098,4161.799805,4169.000000,4161.299805,4166.600098,changed
2026-10-02 19:00:00+00:00,2026-10-07T04:49:36Z,4175.700195,4178.399902,4172.799805,4178.000000,4175.799805,4178.399902,4172.799805,4178.000000,changed
2026-10-02 19:30:00+00:00,2026-10-07T04:49:36Z,4177.299805,4178.899902,4171.899902,4171.899902,4177.500000,4178.899902,4171.899902,4172.000000,changed
2026-10-02 19:45:00+00:00,2026-10-07T04:49:36Z,4171.500000,4176.899902,4169.399902,4176.600098,4171.500000,4176.899902,4169.399902,4176.399902,changed
2026-10-02 20:00:00+00:00,2026-10-07T04:49:36Z,4176.799805,4177.700195,4169.000000,4172.100098,4176.899902,4177.700195,4169.000000,4172.100098,changed
2026-10-02 20:45:00+00:00,2026-10-07T04:49:36Z,4167.000000,4172.100098,4162.299805,4162.299805,4166.899902,4172.100098,4162.299805,4162.299805,changed
2026-10-05 00:30:00+00:00,2026-10-07T04:49:36Z,4183.799805,4184.100098,4179.600098,4181.299805,4183.799805,4184.100098,4180.100098,4181.299805,changed
2026-10-05 04:15:00+00:00,2026-10-07T04:49:36Z,4162.600098,4163.399902,4152.299805,4153.899902,4162.000000,4163.399902,4152.299805,4154.000000,changed
2026-10-05 04:30:00+00:00,2026-10-07T04:49:36Z,4154.000000,4161.600098,4153.299805,4161.100098,4153.899902,4161.600098,4153.299805,4161.100098,changed
2026-10-05 05:00:00+00:00,2026-10-07T04:49:36Z,4159.000000,4167.899902,4158.299805,4166.399902,4159.200195,4167.899902,4158.299805,4166.399902,changed
2026-10-05 06:00:00+00:00,2026-10-07T04:49:36Z,4162.100098,4181.500000,4161.700195,4179.399902,4161.799805,4181.500000,4161.700195,4179.399902,changed
2026-10-05 06:15:00+00:00,2026-10-07T04:49:36Z,4179.500000,4184.100098,4174.600098,4183.100098,4179.100098,4184.100098,4174.600098,4183.000000,changed
2026-10-05 06:30:00+00:00,2026-10-07T04:49:36Z,4182.600098,4183.500000,4176.899902,4180.799805,4182.600098,4183.500000,4176.899902,4180.399902,changed
2026-10-05 06:45:00+00:00,2026-10-07T04:49:36Z,4180.700195,4183.899902,4176.100098,4183.700195,4180.200195,4183.899902,4176.100098,4183.899902,changed
2026-10-05 07:00:00+00:00,2026-10-07T04:49:36Z,4183.700195,4187.299805,4177.899902,4184.100098,4184.000000,4187.299805,4177.899902,4184.100098,changed
2026-10-05 07:45:00+00:00,2026-10-07T04:49:36Z,4187.600098,4194.899902,4186.000000,4188.700195,4187.700195,4194.899902,4186.000000,4188.700195,changed
2026-10-05 08:00:00+00:00,2026-10-07T04:49:36Z,4189.000000,4197.899902,4187.500000,4196.899902,4188.700195,4197.899902,4187.500000,4196.899902,changed
2026-10-05 09:30:00+00:00,2026-10-07T04:49:36Z,4194.399902,4195.200195,4187.899902,4187.899902,4194.799805,4195.200195,4187.899902,4187.899902,changed
2026-10-05 11:45:00+00:00,2026-10-07T04:49:36Z,4182.700195,4184.899902,4179.100098,4184.100098,4182.600098,4184.899902,4179.100098,4184.100098,changed
2026-10-05 13:15:00+00:00,2026-10-07T04:49:36Z,4180.000000,4182.299805,4178.100098,4180.899902,4180.100098,4182.299805,4178.100098,4180.899902,changed
2026-10-05 13:30:00+00:00,2026-10-07T04:49:36Z,4180.799805,4182.000000,4165.000000,4165.899902,4180.799805,4182.000000,4165.000000,4166.299805,changed
2026-10-05 13:45:00+00:00,2026-10-07T04:49:36Z,4165.899902,4172.799805,4159.100098,4163.399902,4166.100098,4172.799805,4159.100098,4163.000000,changed
2026-10-05 14:00:00+00:00,2026-10-07T04:49:36Z,4163.000000,4175.100098,4162.899902,4170.299805,4162.899902,4175.100098,4162.899902,4170.500000,changed
2026-10-05 14:15:00+00:00,2026-10-07T04:49:36Z,4170.100098,4170.799805,4164.799805,4165.200195,4170.399902,4170.799805,4164.799805,4165.200195,changed
2026-10-05 14:30:00+00:00,2026-10-07T04:49:36Z,4165.200195,4170.399902,4160.000000,4168.700195,4165.000000,4170.399902,4160.000000,4168.600098,changed
2026-10-05 14:45:00+00:00,2026-10-07T04:49:36Z,4168.600098,4176.600098,4165.000000,4175.000000,4168.700195,4176.600098,4165.000000,4175.100098,changed
2026-10-05 15:45:00+00:00,2026-10-07T04:49:36Z,4164.299805,4167.600098,4161.799805,4164.700195,4164.200195,4167.600098,4161.799805,4164.700195,changed
2026-10-05 16:30:00+00:00,2026-10-07T04:49:36Z,4155.299805,4159.299805,4155.000000,4158.899902,4155.399902,4159.299805,4155.000000,4158.899902,changed
2026-10-05 17:30:00+00:00,2026-10-07T04:49:36Z,4157.399902,4160.600098,4154.700195,4159.899902,4157.200195,4160.600098,4154.700195,4159.899902,changed
2026-10-05 19:30:00+00:00,2026-10-07T04:49:36Z,4169.600098,4171.600098,4169.100098,4169.700195,4169.399902,4171.600098,4169.100098,4169.700195,changed
2026-10-05 19:45:00+00:00,2026-10-07T04:49:36Z,4169.700195,4170.000000,4166.100098,4168.299805,4169.799805,4170.000000,4166.100098,4168.299805,changed
2026-10-05 20:00:00+00:00,2026-10-07T04:49:36Z,4168.399902,4168.799805,4165.000000,4166.299805,4168.200195,4168.799805,4165.000000,4166.299805,changed
2026-10-05 22:00:00+00:00,2026-10-07T04:49:36Z,4169.200195,4172.000000,4168.500000,4169.600098,4168.899902,4172.000000,4168.500000,4169.600098,changed
2026-10-06 00:00:00+00:00,2026-10-07T04:49:36Z,4161.200195,4164.799805,4160.100098,4163.299805,4161.000000,4164.799805,4160.100098,4163.299805,changed
2026-10-06 00:30:00+00:00,2026-10-07T04:49:36Z,4167.899902,4172.299805,4162.899902,4165.299805,4167.799805,4172.299805,4162.899902,4165.299805,changed
2026-10-06 00:45:00+00:00,2026-10-07T04:49:36Z,4165.500000,4178.799805,4165.500000,4178.399902,4166.000000,4178.799805,4165.500000,4178.299805,changed
2026-10-06 01:00:00+00:00,2026-10-07T04:49:36Z,4178.100098,4179.600098,4173.600098,4176.799805,4177.899902,4179.600098,4173.600098,4176.799805,changed
2026-10-06 01:45:00+00:00,2026-10-07T04:49:36Z,4160.200195,4160.799805,4156.000000,4157.200195,4160.100098,4160.799805,4156.000000,4157.200195,changed
2026-10-06 02:15:00+00:00,2026-10-07T04:49:36Z,4157.399902,4158.600098,4153.399902,4153.700195,4157.799805,4158.600098,4153.399902,4153.700195,changed
2026-10-06 02:45:00+00:00,2026-10-07T04:49:36Z,4148.700195,4166.200195,4148.000000,4157.399902,4148.500000,4166.200195,4148.000000,4157.399902,changed
2026-10-06 05:45:00+00:00,2026-10-07T04:49:36Z,4148.600098,4149.700195,4143.299805,4146.700195,4148.600098,4149.700195,4143.299805,4146.600098,changed
2026-10-06 06:00:00+00:00,2026-10-07T04:49:36Z,4146.600098,4150.299805,4140.100098,4149.600098,4146.299805,4150.299805,4140.100098,4149.600098,changed
2026-10-06 06:30:00+00:00,2026-10-07T04:49:36Z,4161.299805,4162.600098,4156.600098,4158.000000,4161.500000,4162.600098,4156.600098,4158.000000,changed
2026-10-06 06:45:00+00:00,2026-10-07T04:49:36Z,4157.700195,4162.100098,4157.100098,4158.899902,4157.600098,4162.100098,4157.100098,4158.899902,changed
2026-10-06 07:30:00+00:00,2026-10-07T04:49:36Z,4162.000000,4167.200195,4160.000000,4165.799805,4162.100098,4167.200195,4160.000000,4165.799805,changed
2026-10-06 08:00:00+00:00,2026-10-07T04:49:36Z,4167.500000,4171.600098,4165.200195,4167.200195,4167.399902,4171.600098,4165.200195,4167.399902,changed
2026-10-06 08:15:00+00:00,2026-10-07T04:49:36Z,4167.100098,4175.000000,4167.100098,4173.500000,4167.399902,4175.000000,4167.100098,4173.500000,changed
2026-10-06 08:30:00+00:00,2026-10-07T04:49:36Z,4173.399902,4181.200195,4172.600098,4180.000000,4173.600098,4181.200195,4172.600098,4180.000000,changed
2026-10-06 09:00:00+00:00,2026-10-07T04:49:36Z,4182.600098,4184.299805,4177.200195,4177.299805,4182.500000,4184.299805,4177.200195,4177.200195,changed
2026-10-06 09:30:00+00:00,2026-10-07T04:49:36Z,4183.899902,4185.899902,4181.200195,4181.399902,4183.799805,4185.899902,4181.200195,4181.399902,changed
2026-10-06 11:45:00+00:00,2026-10-07T04:49:36Z,4200.100098,4202.799805,4198.000000,4201.500000,4199.899902,4202.799805,4198.000000,4201.500000,changed
2026-10-06 12:00:00+00:00,2026-10-07T04:49:36Z,4201.700195,4208.000000,4201.200195,4206.799805,4201.700195,4208.000000,4201.200195,4206.700195,changed
2026-10-06 12:15:00+00:00,2026-10-07T04:49:36Z,4206.899902,4207.500000,4201.600098,4203.799805,4207.000000,4207.500000,4201.600098,4203.600098,changed
2026-10-06 13:15:00+00:00,2026-10-07T04:49:36Z,4200.000000,4200.200195,4188.700195,4189.200195,4199.899902,4200.200195,4188.700195,4189.200195,changed
2026-10-06 13:30:00+00:00,2026-10-07T04:49:36Z,4189.299805,4192.899902,4183.200195,4185.700195,4189.200195,4192.899902,4183.200195,4185.799805,changed
2026-10-06 13:45:00+00:00,2026-10-07T04:49:36Z,4186.000000,4186.000000,4179.299805,4180.000000,4185.500000,4186.000000,4179.299805,4180.100098,changed
2026-10-06 14:00:00+00:00,2026-10-07T04:49:36Z,4180.100098,4185.799805,4179.100098,4182.299805,4180.000000,4185.799805,4179.100098,4181.500000,changed
2026-10-06 14:15:00+00:00,2026-10-07T04:49:36Z,4181.899902,4182.700195,4171.299805,4173.600098,4182.000000,4182.700195,4171.299805,4173.600098,changed
2026-10-06 14:45:00+00:00,2026-10-07T04:49:36Z,4180.500000,4185.899902,4177.100098,4184.500000,4180.299805,4185.899902,4177.100098,4184.500000,changed
2026-10-06 15:00:00+00:00,2026-10-07T04:49:36Z,4184.399902,4192.100098,4183.899902,4190.500000,4184.399902,4192.100098,4183.899902,4190.299805,changed
2026-10-06 15:15:00+00:00,2026-10-07T04:49:36Z,4190.600098,4192.700195,4188.899902,4191.200195,4190.700195,4192.700195,4188.899902,4191.200195,changed
2026-10-06 16:15:00+00:00,2026-10-07T04:49:36Z,4190.600098,4192.700195,4187.899902,4188.100098,4190.700195,4192.700195,4187.899902,4188.100098,changed
2026-10-06 17:15:00+00:00,2026-10-07T04:49:36Z,4189.899902,4191.600098,4185.200195,4188.299805,4190.000000,4191.600098,4185.200195,4188.299805,changed
2026-10-06 17:30:00+00:00,2026-10-07T04:49:36Z,4188.399902,4193.200195,4187.600098,4192.399902,4188.200195,4193.200195,4187.600098,4192.399902,changed
2026-10-06 17:45:00+00:00,2026-10-07T04:49:36Z,4192.600098,4193.700195,4191.200195,4192.000000,4192.700195,4193.700195,4191.200195,4192.000000,changed
2026-10-06 18:30:00+00:00,2026-10-07T04:49:36Z,4196.899902,4198.200195,4194.399902,4197.899902,4197.000000,4198.200195,4194.399902,4197.899902,changed
2026-10-06 19:15:00+00:00,2026-10-07T04:49:36Z,4204.299805,4205.399902,4199.700195,4199.899902,4204.299805,4205.399902,4199.700195,4200.000000,changed
2026-10-06 19:30:00+00:00,2026-10-07T04:49:36Z,4200.000000,4200.000000,4195.899902,4197.000000,4199.700195,4200.000000,4195.899902,4197.000000,changed
2026-10-06 19:45:00+00:00,2026-10-07T04:49:36Z,4197.000000,4198.100098,4194.600098,4197.100098,4197.000000,4198.100098,4194.600098,4197.299805,changed
2026-10-06 23:00:00+00:00,2026-10-07T04:49:36Z,4190.799805,4193.700195,4190.000000,4192.799805,4192.500000,4193.600098,4192.299805,4192.799805,changed
2026-10-06 23:30:00+00:00,2026-10-07T04:49:36Z,4196.899902,4197.799805,4193.200195,4194.700195,4197.200195,4197.200195,4193.200195,4194.700195,changed
2026-10-07 00:00:00+00:00,2026-10-07T04:49:36Z,4193.200195,4197.299805,4189.600098,4197.100098,4192.899902,4197.299805,4189.600098,4197.100098,changed
2026-10-07 01:00:00+00:00,2026-10-07T04:49:36Z,4183.799805,4183.799805,4179.000000,4179.500000,4183.799805,4183.799805,4179.000000,4179.799805,changed
2026-10-07 01:15:00+00:00,2026-10-07T04:49:36Z,4179.200195,4180.500000,4176.799805,4179.500000,4179.100098,4180.500000,4176.799805,4179.500000,changed
2026-10-07 01:30:00+00:00,2026-10-07T04:49:36Z,4179.399902,4182.299805,4176.299805,4178.299805,4179.299805,4182.299805,4178.899902,4180.700195,changed
2026-10-07 04:15:00+00:00,2026-10-07T04:49:36Z,4168.899902,4169.100098,4167.000000,4169.000000,4168.899902,4169.500000,4167.000000,4168.500000,changed
2026-10-07 04:30:00+00:00,2026-10-07T05:11:11Z,4168.500000,4168.799805,4164.899902,4165.799805,4168.500000,4168.799805,4163.299805,4163.700195,changed
2026-10-07 05:15:00+00:00,2026-10-07T05:46:12Z,4160.100098,4160.600098,4158.700195,4159.100098,4160.100098,4160.700195,4157.700195,4160.100098,changed
2026-10-07 05:30:00+00:00,2026-10-07T05:58:18Z,4160.100098,4161.100098,4158.399902,4160.399902,4160.100098,4163.500000,4158.399902,4163.000000,changed
2026-10-07 01:30:00+00:00,2026-10-07T06:34:23Z,4179.299805,4182.299805,4178.899902,4180.700195,4179.299805,4182.299805,4176.299805,4178.299805,changed
2026-10-07 02:45:00+00:00,2026-10-07T06:34:23Z,4174.100098,4175.700195,4171.700195,4172.200195,4174.100098,4175.700195,4168.399902,4168.899902,changed
2026-10-01 00:00:00+00:00,2026-10-07T07:01:42Z,4186.000000,4186.200195,4180.500000,4182.799805,4186.100098,4186.200195,4180.500000,4182.799805,changed
2026-10-01 02:00:00+00:00,2026-10-07T07:01:42Z,4186.700195,4187.700195,4181.200195,4183.600098,4186.100098,4187.700195,4181.200195,4183.600098,changed
2026-10-01 03:00:00+00:00,2026-10-07T07:01:42Z,4190.899902,4198.200195,4188.799805,4197.000000,4190.299805,4198.200195,4188.799805,4197.000000,changed
2026-10-01 03:15:00+00:00,2026-10-07T07:01:42Z,4197.500000,4198.000000,4192.899902,4193.700195,4197.000000,4198.000000,4192.899902,4193.700195,changed
2026-10-01 03:45:00+00:00,2026-10-07T07:01:42Z,4199.100098,4206.399902,4198.399902,4205.399902,4199.000000,4206.399902,4198.399902,4205.399902,changed
2026-10-01 05:30:00+00:00,2026-10-07T07:01:42Z,4217.200195,4222.799805,4214.799805,4216.799805,4217.100098,4222.799805,4214.799805,4216.799805,changed
2026-10-01 06:45:00+00:00,2026-10-07T07:01:42Z,4214.100098,4215.299805,4210.399902,4211.600098,4214.200195,4215.299805,4210.399902,4211.600098,changed
2026-10-01 07:00:00+00:00,2026-10-07T07:01:42Z,4211.899902,4213.500000,4202.000000,4202.299805,4211.500000,4213.500000,4202.000000,4202.299805,changed
2026-10-01 07:15:00+00:00,2026-10-07T07:01:42Z,4202.799805,4204.500000,4185.000000,4186.399902,4202.399902,4204.500000,4185.000000,4186.399902,changed
2026-10-01 07:30:00+00:00,2026-10-07T07:01:42Z,4186.299805,4195.399902,4184.200195,4193.299805,4186.399902,4195.399902,4184.200195,4193.399902,changed
2026-10-01 07:45:00+00:00,2026-10-07T07:01:42Z,4193.500000,4196.700195,4191.899902,4193.700195,4193.399902,4196.700195,4191.899902,4193.700195,changed
2026-10-01 08:15:00+00:00,2026-10-07T07:01:42Z,4189.500000,4192.399902,4184.399902,4186.600098,4189.399902,4192.399902,4184.399902,4186.600098,changed
2026-10-01 09:15:00+00:00,2026-10-07T07:01:42Z,4190.799805,4192.299805,4187.899902,4188.899902,4190.600098,4192.299805,4187.899902,4188.899902,changed
2026-10-01 09:30:00+00:00,2026-10-07T07:01:42Z,4189.100098,4193.000000,4188.799805,4191.200195,4189.100098,4193.000000,4188.799805,4191.100098,changed
2026-10-01 10:45:00+00:00,2026-10-07T07:01:42Z,4201.100098,4208.500000,4200.799805,4206.100098,4201.100098,4208.500000,4200.799805,4205.899902,changed
2026-10-01 11:00:00+00:00,2026-10-07T07:01:42Z,4205.600098,4206.100098,4198.700195,4199.200195,4206.100098,4206.100098,4198.700195,4199.200195,changed
2026-10-01 12:00:00+00:00,2026-10-07T07:01:42Z,4212.299805,4215.100098,4205.799805,4206.299805,4212.500000,4215.100098,4205.799805,4206.299805,changed
2026-10-01 12:30:00+00:00,2026-10-07T07:01:42Z,4209.700195,4216.799805,4207.799805,4212.200195,4209.200195,4216.799805,4207.799805,4212.200195,changed
2026-10-01 12:45:00+00:00,2026-10-07T07:01:42Z,4212.600098,4217.799805,4208.600098,4208.600098,4212.600098,4217.799805,4208.600098,4208.799805,changed
2026-10-01 13:00:00+00:00,2026-10-07T07:01:42Z,4208.799805,4211.799805,4203.100098,4203.200195,4208.899902,4211.799805,4203.100098,4203.200195,changed
2026-10-01 13:30:00+00:00,2026-10-07T07:01:42Z,4197.399902,4202.399902,4188.799805,4192.600098,4197.299805,4202.399902,4188.799805,4192.600098,changed
2026-10-01 13:45:00+00:00,2026-10-07T07:01:42Z,4192.600098,4195.600098,4190.000000,4195.299805,4192.700195,4195.600098,4190.000000,4195.100098,changed
2026-10-01 14:30:00+00:00,2026-10-07T07:01:42Z,4191.700195,4204.799805,4189.799805,4196.399902,4191.700195,4204.799805,4189.799805,4196.100098,changed
2026-10-01 15:00:00+00:00,2026-10-07T07:01:42Z,4191.899902,4192.600098,4179.500000,4185.899902,4192.299805,4192.600098,4179.500000,4185.899902,changed
2026-10-01 15:15:00+00:00,2026-10-07T07:01:42Z,4185.600098,4198.500000,4184.299805,4196.500000,4185.700195,4198.500000,4184.299805,4196.500000,changed
2026-10-01 16:00:00+00:00,2026-10-07T07:01:42Z,4199.299805,4206.600098,4198.000000,4199.500000,4199.100098,4206.600098,4198.000000,4199.500000,changed
2026-10-01 16:15:00+00:00,2026-10-07T07:01:42Z,4199.500000,4201.799805,4193.899902,4197.000000,4199.299805,4201.799805,4193.899902,4197.000000,changed
2026-10-01 16:45:00+00:00,2026-10-07T07:01:42Z,4195.399902,4197.399902,4189.500000,4192.100098,4195.399902,4197.399902,4189.500000,4192.200195,changed
2026-10-01 17:00:00+00:00,2026-10-07T07:01:42Z,4192.100098,4203.500000,4191.600098,4201.399902,4192.200195,4203.500000,4191.600098,4201.399902,changed
2026-10-01 17:15:00+00:00,2026-10-07T07:01:42Z,4201.399902,4207.600098,4200.100098,4203.000000,4201.500000,4207.600098,4200.100098,4203.100098,changed
2026-10-01 17:30:00+00:00,2026-10-07T07:01:42Z,4203.100098,4217.600098,4202.799805,4207.500000,4202.899902,4217.600098,4202.799805,4207.500000,changed
2026-10-01 22:00:00+00:00,2026-10-07T07:01:42Z,4204.500000,4207.200195,4202.100098,4202.700195,4204.600098,4207.200195,4202.100098,4202.700195,changed
2026-10-01 22:45:00+00:00,2026-10-07T07:01:42Z,4205.500000,4208.600098,4205.299805,4208.299805,4205.500000,4208.600098,4204.899902,4208.299805,changed
2026-10-02 00:00:00+00:00,2026-10-07T07:01:42Z,4211.399902,4212.000000,4198.600098,4199.700195,4211.399902,4212.000000,4198.600098,4199.299805,changed
2026-10-02 00:15:00+00:00,2026-10-07T07:01:42Z,4199.399902,4201.000000,4193.299805,4194.299805,4199.500000,4201.000000,4193.299805,4194.299805,changed
2026-10-02 01:00:00+00:00,2026-10-07T07:01:42Z,4182.299805,4184.200195,4162.899902,4170.399902,4182.500000,4184.200195,4162.899902,4170.399902,changed
2026-10-02 01:15:00+00:00,2026-10-07T07:01:42Z,4170.000000,4179.500000,4168.700195,4179.100098,4170.299805,4179.500000,4168.700195,4179.100098,changed
2026-10-02 01:30:00+00:00,2026-10-07T07:01:42Z,4179.000000,4181.000000,4174.600098,4178.299805,4178.799805,4181.000000,4174.600098,4178.299805,changed
2026-10-02 04:45:00+00:00,2026-10-07T07:01:42Z,4212.600098,4215.000000,4211.200195,4214.799805,4212.399902,4215.000000,4211.200195,4214.799805,changed
2026-10-02 05:00:00+00:00,2026-10-07T07:01:42Z,4214.600098,4222.299805,4213.899902,4217.700195,4214.500000,4222.299805,4213.899902,4217.700195,changed
2026-10-02 06:00:00+00:00,2026-10-07T07:01:42Z,4216.500000,4226.799805,4215.799805,4222.200195,4216.100098,4226.799805,4215.799805,4222.200195,changed
2026-10-02 06:30:00+00:00,2026-10-07T07:01:42Z,4219.600098,4220.299805,4209.500000,4210.299805,4219.399902,4220.299805,4209.500000,4210.299805,changed
2026-10-02 08:15:00+00:00,2026-10-07T07:01:42Z,4219.000000,4220.200195,4212.299805,4215.500000,4219.000000,4220.200195,4212.299805,4215.700195,changed
2026-10-02 08:30:00+00:00,2026-10-07T07:01:42Z,4215.000000,4216.600098,4210.299805,4210.700195,4215.299805,4216.600098,4210.299805,4210.700195,changed
2026-10-02 10:30:00+00:00,2026-10-07T07:01:42Z,4203.899902,4212.500000,4203.000000,4211.399902,4204.000000,4212.500000,4203.000000,4211.399902,changed
2026-10-02 10:45:00+00:00,2026-10-07T07:01:42Z,4211.600098,4212.799805,4209.299805,4212.700195,4211.500000,4212.799805,4209.299805,4212.700195,changed
2026-10-02 11:00:00+00:00,2026-10-07T07:01:42Z,4212.600098,4218.700195,4211.700195,4217.500000,4212.600098,4218.700195,4211.700195,4217.799805,changed
2026-10-02 11:15:00+00:00,2026-10-07T07:01:42Z,4217.799805,4218.600098,4210.600098,4211.000000,4217.700195,4218.600098,4210.600098,4211.000000,changed
2026-10-02 12:00:00+00:00,2026-10-07T07:01:42Z,4211.299805,4212.000000,4204.399902,4207.500000,4211.500000,4212.000000,4204.399902,4207.500000,changed
2026-10-02 12:30:00+00:00,2026-10-07T07:01:42Z,4216.500000,4259.000000,4216.500000,4240.899902,4216.899902,4259.000000,4216.500000,4241.299805,changed
2026-10-02 12:45:00+00:00,2026-10-07T07:01:42Z,4241.100098,4250.700195,4234.100098,4248.200195,4241.500000,4250.700195,4234.100098,4248.200195,changed
2026-10-02 13:15:00+00:00,2026-10-07T07:01:42Z,4225.299805,4226.200195,4213.200195,4222.700195,4225.299805,4226.200195,4213.200195,4223.100098,changed
2026-10-02 13:30:00+00:00,2026-10-07T07:01:42Z,4223.299805,4231.600098,4212.500000,4216.100098,4223.000000,4231.600098,4212.500000,4216.100098,changed
2026-10-02 13:45:00+00:00,2026-10-07T07:01:42Z,4215.600098,4222.899902,4207.700195,4220.500000,4215.600098,4222.899902,4207.700195,4221.200195,changed
2026-10-02 14:00:00+00:00,2026-10-07T07:01:42Z,4220.600098,4226.600098,4209.100098,4218.600098,4220.700195,4226.600098,4209.100098,4218.600098,changed
2026-10-02 14:45:00+00:00,2026-10-07T07:01:42Z,4205.200195,4206.100098,4184.500000,4188.200195,4205.200195,4206.100098,4184.500000,4188.299805,changed
2026-10-02 15:00:00+00:00,2026-10-07T07:01:42Z,4188.500000,4189.399902,4171.100098,4174.299805,4188.399902,4189.399902,4171.100098,4174.299805,changed
2026-10-02 15:15:00+00:00,2026-10-07T07:01:42Z,4173.600098,4175.700195,4161.700195,4171.200195,4174.200195,4175.700195,4161.700195,4171.299805,changed
2026-10-02 15:45:00+00:00,2026-10-07T07:01:42Z,4163.600098,4167.299805,4153.799805,4156.100098,4163.399902,4167.299805,4153.799805,4156.100098,changed
2026-10-02 16:00:00+00:00,2026-10-07T07:01:42Z,4156.299805,4165.600098,4154.600098,4163.799805,4156.200195,4165.600098,4154.600098,4163.799805,changed
2026-10-02 16:45:00+00:00,2026-10-07T07:01:42Z,4165.000000,4169.399902,4164.299805,4168.200195,4164.299805,4169.399902,4164.299805,4168.200195,changed
2026-10-02 17:15:00+00:00,2026-10-07T07:01:42Z,4165.500000,4168.200195,4158.899902,4162.600098,4165.299805,4168.200195,4158.899902,4162.600098,changed
2026-10-02 17:30:00+00:00,2026-10-07T07:01:42Z,4161.799805,4169.000000,4161.299805,4166.600098,4162.399902,4169.000000,4161.299805,4166.600098,changed
2026-10-02 19:00:00+00:00,2026-10-07T07:01:42Z,4175.799805,4178.399902,4172.799805,4178.000000,4175.700195,4178.399902,4172.799805,4178.000000,changed
2026-10-02 19:30:00+00:00,2026-10-07T07:01:42Z,4177.500000,4178.899902,4171.899902,4172.000000,4177.299805,4178.899902,4171.899902,4171.899902,changed
2026-10-02 19:45:00+00:00,2026-10-07T07:01:42Z,4171.500000,4176.899902,4169.399902,4176.399902,4171.500000,4176.899902,4169.399902,4176.600098,changed
2026-10-02 20:00:00+00:00,2026-10-07T07:01:42Z,4176.899902,4177.700195,4169.000000,4172.100098,4176.799805,4177.700195,4169.000000,4172.100098,changed
2026-10-02 20:45:00+00:00,2026-10-07T07:01:42Z,4166.899902,4172.100098,4162.299805,4162.299805,4167.000000,4172.100098,4162.299805,4162.299805,changed
2026-10-05 00:30:00+00:00,2026-10-07T07:01:42Z,4183.799805,4184.100098,4180.100098,4181.299805,4183.799805,4184.100098,4179.600098,4181.299805,changed
2026-10-05 04:15:00+00:00,2026-10-07T07:01:42Z,4162.000000,4163.399902,4152.299805,4154.000000,4162.600098,4163.399902,4152.299805,4153.899902,changed
2026-10-05 04:30:00+00:00,2026-10-07T07:01:42Z,4153.899902,4161.600098,4153.299805,4161.100098,4154.000000,4161.600098,4153.299805,4161.100098,changed
2026-10-05 05:00:00+00:00,2026-10-07T07:01:42Z,4159.200195,4167.899902,4158.299805,4166.399902,4159.000000,4167.899902,4158.299805,4166.399902,changed
2026-10-05 06:00:00+00:00,2026-10-07T07:01:42Z,4161.799805,4181.500000,4161.700195,4179.399902,4162.100098,4181.500000,4161.700195,4179.399902,changed
2026-10-05 06:15:00+00:00,2026-10-07T07:01:42Z,4179.100098,4184.100098,4174.600098,4183.000000,4179.500000,4184.100098,4174.600098,4183.100098,changed
2026-10-05 06:30:00+00:00,2026-10-07T07:01:42Z,4182.600098,4183.500000,4176.899902,4180.399902,4182.600098,4183.500000,4176.899902,4180.799805,changed
2026-10-05 06:45:00+00:00,2026-10-07T07:01:42Z,4180.200195,4183.899902,4176.100098,4183.899902,4180.700195,4183.899902,4176.100098,4183.700195,changed
2026-10-05 07:00:00+00:00,2026-10-07T07:01:42Z,4184.000000,4187.299805,4177.899902,4184.100098,4183.700195,4187.299805,4177.899902,4184.100098,changed
2026-10-05 07:45:00+00:00,2026-10-07T07:01:42Z,4187.700195,4194.899902,4186.000000,4188.700195,4187.600098,4194.899902,4186.000000,4188.700195,changed
2026-10-05 08:00:00+00:00,2026-10-07T07:01:42Z,4188.700195,4197.899902,4187.500000,4196.899902,4189.000000,4197.899902,4187.500000,4196.899902,changed
2026-10-05 09:30:00+00:00,2026-10-07T07:01:42Z,4194.799805,4195.200195,4187.899902,4187.899902,4194.399902,4195.200195,4187.899902,4187.899902,changed
2026-10-05 11:45:00+00:00,2026-10-07T07:01:42Z,4182.600098,4184.899902,4179.100098,4184.100098,4182.700195,4184.899902,4179.100098,4184.100098,changed
2026-10-05 13:15:00+00:00,2026-10-07T07:01:42Z,4180.100098,4182.299805,4178.100098,4180.899902,4180.000000,4182.299805,4178.100098,4180.899902,changed
2026-10-05 13:30:00+00:00,2026-10-07T07:01:42Z,4180.799805,4182.000000,4165.000000,4166.299805,4180.799805,4182.000000,4165.000000,4165.899902,changed
2026-10-05 13:45:00+00:00,2026-10-07T07:01:42Z,4166.100098,4172.799805,4159.100098,4163.000000,4165.899902,4172.799805,4159.100098,4163.399902,changed
2026-10-05 14:00:00+00:00,2026-10-07T07:01:42Z,4162.899902,4175.100098,4162.899902,4170.500000,4163.000000,4175.100098,4162.899902,4170.299805,changed
2026-10-05 14:15:00+00:00,2026-10-07T07:01:42Z,4170.399902,4170.799805,4164.799805,4165.200195,4170.100098,4170.799805,4164.799805,4165.200195,changed
2026-10-05 14:30:00+00:00,2026-10-07T07:01:42Z,4165.000000,4170.399902,4160.000000,4168.600098,4165.200195,4170.399902,4160.000000,4168.700195,changed
2026-10-05 14:45:00+00:00,2026-10-07T07:01:42Z,4168.700195,4176.600098,4165.000000,4175.100098,4168.600098,4176.600098,4165.000000,4175.000000,changed
2026-10-05 15:45:00+00:00,2026-10-07T07:01:42Z,4164.200195,4167.600098,4161.799805,4164.700195,4164.299805,4167.600098,4161.799805,4164.700195,changed
2026-10-05 16:30:00+00:00,2026-10-07T07:01:42Z,4155.399902,4159.299805,4155.000000,4158.899902,4155.299805,4159.299805,4155.000000,4158.899902,changed
2026-10-05 17:30:00+00:00,2026-10-07T07:01:42Z,4157.200195,4160.600098,4154.700195,4159.899902,4157.399902,4160.600098,4154.700195,4159.899902,changed
2026-10-05 19:30:00+00:00,2026-10-07T07:01:42Z,4169.399902,4171.600098,4169.100098,4169.700195,4169.600098,4171.600098,4169.100098,4169.700195,changed
2026-10-05 19:45:00+00:00,2026-10-07T07:01:42Z,4169.799805,4170.000000,4166.100098,4168.299805,4169.700195,4170.000000,4166.100098,4168.299805,changed
2026-10-05 20:00:00+00:00,2026-10-07T07:01:42Z,4168.200195,4168.799805,4165.000000,4166.299805,4168.399902,4168.799805,4165.000000,4166.299805,changed
2026-10-05 22:00:00+00:00,2026-10-07T07:01:42Z,4168.899902,4172.000000,4168.500000,4169.600098,4169.200195,4172.000000,4168.500000,4169.600098,changed
2026-10-06 00:00:00+00:00,2026-10-07T07:01:42Z,4161.000000,4164.799805,4160.100098,4163.299805,4161.200195,4164.799805,4160.100098,4163.299805,changed
2026-10-06 00:30:00+00:00,2026-10-07T07:01:42Z,4167.799805,4172.299805,4162.899902,4165.299805,4167.899902,4172.299805,4162.899902,4165.299805,changed
2026-10-06 00:45:00+00:00,2026-10-07T07:01:42Z,4166.000000,4178.799805,4165.500000,4178.299805,4165.500000,4178.799805,4165.500000,4178.399902,changed
2026-10-06 01:00:00+00:00,2026-10-07T07:01:42Z,4177.899902,4179.600098,4173.600098,4176.799805,4178.100098,4179.600098,4173.600098,4176.799805,changed
2026-10-06 01:45:00+00:00,2026-10-07T07:01:42Z,4160.100098,4160.799805,4156.000000,4157.200195,4160.200195,4160.799805,4156.000000,4157.200195,changed
2026-10-06 02:15:00+00:00,2026-10-07T07:01:42Z,4157.799805,4158.600098,4153.399902,4153.700195,4157.399902,4158.600098,4153.399902,4153.700195,changed
2026-10-06 02:45:00+00:00,2026-10-07T07:01:42Z,4148.500000,4166.200195,4148.000000,4157.399902,4148.700195,4166.200195,4148.000000,4157.399902,changed
2026-10-06 05:45:00+00:00,2026-10-07T07:01:42Z,4148.600098,4149.700195,4143.299805,4146.600098,4148.600098,4149.700195,4143.299805,4146.700195,changed
2026-10-06 06:00:00+00:00,2026-10-07T07:01:42Z,4146.299805,4150.299805,4140.100098,4149.600098,4146.600098,4150.299805,4140.100098,4149.600098,changed
2026-10-06 06:30:00+00:00,2026-10-07T07:01:42Z,4161.500000,4162.600098,4156.600098,4158.000000,4161.299805,4162.600098,4156.600098,4158.000000,changed
2026-10-06 06:45:00+00:00,2026-10-07T07:01:42Z,4157.600098,4162.100098,4157.100098,4158.899902,4157.700195,4162.100098,4157.100098,4158.899902,changed
2026-10-06 07:30:00+00:00,2026-10-07T07:01:42Z,4162.100098,4167.200195,4160.000000,4165.799805,4162.000000,4167.200195,4160.000000,4165.799805,changed
2026-10-06 08:00:00+00:00,2026-10-07T07:01:42Z,4167.399902,4171.600098,4165.200195,4167.399902,4167.500000,4171.600098,4165.200195,4167.200195,changed
2026-10-06 08:15:00+00:00,2026-10-07T07:01:42Z,4167.399902,4175.000000,4167.100098,4173.500000,4167.100098,4175.000000,4167.100098,4173.500000,changed
2026-10-06 08:30:00+00:00,2026-10-07T07:01:42Z,4173.600098,4181.200195,4172.600098,4180.000000,4173.399902,4181.200195,4172.600098,4180.000000,changed
2026-10-06 09:00:00+00:00,2026-10-07T07:01:42Z,4182.500000,4184.299805,4177.200195,4177.200195,4182.600098,4184.299805,4177.200195,4177.299805,changed
2026-10-06 09:30:00+00:00,2026-10-07T07:01:42Z,4183.799805,4185.899902,4181.200195,4181.399902,4183.899902,4185.899902,4181.200195,4181.399902,changed
2026-10-06 11:45:00+00:00,2026-10-07T07:01:42Z,4199.899902,4202.799805,4198.000000,4201.500000,4200.100098,4202.799805,4198.000000,4201.500000,changed
2026-10-06 12:00:00+00:00,2026-10-07T07:01:42Z,4201.700195,4208.000000,4201.200195,4206.700195,4201.700195,4208.000000,4201.200195,4206.799805,changed
2026-10-06 12:15:00+00:00,2026-10-07T07:01:42Z,4207.000000,4207.500000,4201.600098,4203.600098,4206.899902,4207.500000,4201.600098,4203.799805,changed
2026-10-06 13:15:00+00:00,2026-10-07T07:01:42Z,4199.899902,4200.200195,4188.700195,4189.200195,4200.000000,4200.200195,4188.700195,4189.200195,changed
2026-10-06 13:30:00+00:00,2026-10-07T07:01:42Z,4189.200195,4192.899902,4183.200195,4185.799805,4189.299805,4192.899902,4183.200195,4185.700195,changed
2026-10-06 13:45:00+00:00,2026-10-07T07:01:42Z,4185.500000,4186.000000,4179.299805,4180.100098,4186.000000,4186.000000,4179.299805,4180.000000,changed
2026-10-06 14:00:00+00:00,2026-10-07T07:01:42Z,4180.000000,4185.799805,4179.100098,4181.500000,4180.100098,4185.799805,4179.100098,4182.299805,changed
2026-10-06 14:15:00+00:00,2026-10-07T07:01:42Z,4182.000000,4182.700195,4171.299805,4173.600098,4181.899902,4182.700195,4171.299805,4173.600098,changed
2026-10-06 14:45:00+00:00,2026-10-07T07:01:42Z,4180.299805,4185.899902,4177.100098,4184.500000,4180.500000,4185.899902,4177.100098,4184.500000,changed
2026-10-06 15:00:00+00:00,2026-10-07T07:01:42Z,4184.399902,4192.100098,4183.899902,4190.299805,4184.399902,4192.100098,4183.899902,4190.500000,changed
2026-10-06 15:15:00+00:00,2026-10-07T07:01:42Z,4190.700195,4192.700195,4188.899902,4191.200195,4190.600098,4192.700195,4188.899902,4191.200195,changed
2026-10-06 16:15:00+00:00,2026-10-07T07:01:42Z,4190.700195,4192.700195,4187.899902,4188.100098,4190.600098,4192.700195,4187.899902,4188.100098,changed
2026-10-06 17:15:00+00:00,2026-10-07T07:01:42Z,4190.000000,4191.600098,4185.200195,4188.299805,4189.899902,4191.600098,4185.200195,4188.299805,changed
2026-10-06 17:30:00+00:00,2026-10-07T07:01:42Z,4188.200195,4193.200195,4187.600098,4192.399902,4188.399902,4193.200195,4187.600098,4192.399902,changed
2026-10-06 17:45:00+00:00,2026-10-07T07:01:42Z,4192.700195,4193.700195,4191.200195,4192.000000,4192.600098,4193.700195,4191.200195,4192.000000,changed
2026-10-06 18:30:00+00:00,2026-10-07T07:01:42Z,4197.000000,4198.200195,4194.399902,4197.899902,4196.899902,4198.200195,4194.399902,4197.899902,changed
2026-10-06 19:15:00+00:00,2026-10-07T07:01:42Z,4204.299805,4205.399902,4199.700195,4200.000000,4204.299805,4205.399902,4199.700195,4199.899902,changed
2026-10-06 19:30:00+00:00,2026-10-07T07:01:42Z,4199.700195,4200.000000,4195.899902,4197.000000,4200.000000,4200.000000,4195.899902,4197.000000,changed
2026-10-06 19:45:00+00:00,2026-10-07T07:01:42Z,4197.000000,4198.100098,4194.600098,4197.299805,4197.000000,4198.100098,4194.600098,4197.100098,changed
2026-10-06 23:00:00+00:00,2026-10-07T07:01:42Z,4192.500000,4193.600098,4192.299805,4192.799805,4190.799805,4193.700195,4190.000000,4192.799805,changed
2026-10-06 23:30:00+00:00,2026-10-07T07:01:42Z,4197.200195,4197.200195,4193.200195,4194.700195,4196.899902,4197.799805,4193.200195,4194.700195,changed
2026-10-07 00:00:00+00:00,2026-10-07T07:01:42Z,4192.899902,4197.299805,4189.600098,4197.100098,4193.200195,4197.299805,4189.600098,4197.100098,changed
2026-10-07 01:00:00+00:00,2026-10-07T07:01:42Z,4183.799805,4183.799805,4179.000000,4179.799805,4183.799805,4183.799805,4179.000000,4179.500000,changed
2026-10-07 01:15:00+00:00,2026-10-07T07:01:42Z,4179.100098,4180.500000,4176.799805,4179.500000,4179.200195,4180.500000,4176.799805,4179.500000,changed
2026-10-07 01:30:00+00:00,2026-10-07T07:01:42Z,4179.299805,4182.299805,4176.299805,4178.299805,4179.399902,4182.299805,4176.299805,4178.299805,changed
2026-10-07 02:45:00+00:00,2026-10-07T07:01:42Z,4174.100098,4175.700195,4168.399902,4168.899902,4174.100098,4175.700195,4171.700195,4172.200195,changed
2026-10-07 04:45:00+00:00,2026-10-07T07:01:42Z,4163.500000,4165.600098,4161.000000,4161.600098,4163.700195,4165.600098,4161.000000,4161.600098,changed
2026-10-07 05:00:00+00:00,2026-10-07T07:01:42Z,4161.700195,4163.299805,4159.299805,4160.600098,4161.700195,4163.299805,4159.299805,4160.399902,changed
2026-10-07 05:15:00+00:00,2026-10-07T07:01:42Z,4160.100098,4160.700195,4157.700195,4160.100098,4160.200195,4160.700195,4157.700195,4160.100098,changed
2026-10-07 06:15:00+00:00,2026-10-07T07:01:42Z,4160.399902,4161.700195,4156.700195,4157.200195,4160.399902,4161.700195,4156.000000,4157.399902,changed
2026-10-07 06:45:00+00:00,2026-10-07T07:16:43Z,4159.500000,4161.200195,4159.399902,4159.799805,4159.500000,4161.200195,4156.700195,4156.700195,changed
2026-10-01 00:00:00+00:00,2026-10-07T07:35:12Z,4186.100098,4186.200195,4180.500000,4182.799805,4186.000000,4186.200195,4180.500000,4182.799805,changed
2026-10-01 02:00:00+00:00,2026-10-07T07:35:12Z,4186.100098,4187.700195,4181.200195,4183.600098,4186.700195,4187.700195,4181.200195,4183.600098,changed
2026-10-01 03:00:00+00:00,2026-10-07T07:35:12Z,4190.299805,4198.200195,4188.799805,4197.000000,4190.899902,4198.200195,4188.799805,4197.000000,changed
2026-10-01 03:15:00+00:00,2026-10-07T07:35:12Z,4197.000000,4198.000000,4192.899902,4193.700195,4197.500000,4198.000000,4192.899902,4193.700195,changed
2026-10-01 03:45:00+00:00,2026-10-07T07:35:12Z,4199.000000,4206.399902,4198.399902,4205.399902,4199.100098,4206.399902,4198.399902,4205.399902,changed
2026-10-01 05:30:00+00:00,2026-10-07T07:35:12Z,4217.100098,4222.799805,4214.799805,4216.799805,4217.200195,4222.799805,4214.799805,4216.799805,changed
2026-10-01 06:45:00+00:00,2026-10-07T07:35:12Z,4214.200195,4215.299805,4210.399902,4211.600098,4214.100098,4215.299805,4210.399902,4211.600098,changed
2026-10-01 07:00:00+00:00,2026-10-07T07:35:12Z,4211.500000,4213.500000,4202.000000,4202.299805,4211.899902,4213.500000,4202.000000,4202.299805,changed
2026-10-01 07:15:00+00:00,2026-10-07T07:35:12Z,4202.399902,4204.500000,4185.000000,4186.399902,4202.799805,4204.500000,4185.000000,4186.399902,changed
2026-10-01 07:30:00+00:00,2026-10-07T07:35:12Z,4186.399902,4195.399902,4184.200195,4193.399902,4186.299805,4195.399902,4184.200195,4193.299805,changed
2026-10-01 07:45:00+00:00,2026-10-07T07:35:12Z,4193.399902,4196.700195,4191.899902,4193.700195,4193.500000,4196.700195,4191.899902,4193.700195,changed
2026-10-01 08:15:00+00:00,2026-10-07T07:35:12Z,4189.399902,4192.399902,4184.399902,4186.600098,4189.500000,4192.399902,4184.399902,4186.600098,changed
2026-10-01 09:15:00+00:00,2026-10-07T07:35:12Z,4190.600098,4192.299805,4187.899902,4188.899902,4190.799805,4192.299805,4187.899902,4188.899902,changed
2026-10-01 09:30:00+00:00,2026-10-07T07:35:12Z,4189.100098,4193.000000,4188.799805,4191.100098,4189.100098,4193.000000,4188.799805,4191.200195,changed
2026-10-01 10:45:00+00:00,2026-10-07T07:35:12Z,4201.100098,4208.500000,4200.799805,4205.899902,4201.100098,4208.500000,4200.799805,4206.100098,changed
2026-10-01 11:00:00+00:00,2026-10-07T07:35:12Z,4206.100098,4206.100098,4198.700195,4199.200195,4205.600098,4206.100098,4198.700195,4199.200195,changed
2026-10-01 12:00:00+00:00,2026-10-07T07:35:12Z,4212.500000,4215.100098,4205.799805,4206.299805,4212.299805,4215.100098,4205.799805,4206.299805,changed
2026-10-01 12:30:00+00:00,2026-10-07T07:35:12Z,4209.200195,4216.799805,4207.799805,4212.200195,4209.700195,4216.799805,4207.799805,4212.200195,changed
2026-10-01 12:45:00+00:00,2026-10-07T07:35:12Z,4212.600098,4217.799805,4208.600098,4208.799805,4212.600098,4217.799805,4208.600098,4208.600098,changed
2026-10-01 13:00:00+00:00,2026-10-07T07:35:12Z,4208.899902,4211.799805,4203.100098,4203.200195,4208.799805,4211.799805,4203.100098,4203.200195,changed
2026-10-01 13:30:00+00:00,2026-10-07T07:35:12Z,4197.299805,4202.399902,4188.799805,4192.600098,4197.399902,4202.399902,4188.799805,4192.600098,changed
2026-10-01 13:45:00+00:00,2026-10-07T07:35:12Z,4192.700195,4195.600098,4190.000000,4195.100098,4192.600098,4195.600098,4190.000000,4195.299805,changed
2026-10-01 14:30:00+00:00,2026-10-07T07:35:12Z,4191.700195,4204.799805,4189.799805,4196.100098,4191.700195,4204.799805,4189.799805,4196.399902,changed
2026-10-01 15:00:00+00:00,2026-10-07T07:35:12Z,4192.299805,4192.600098,4179.500000,4185.899902,4191.899902,4192.600098,4179.500000,4185.899902,changed
2026-10-01 15:15:00+00:00,2026-10-07T07:35:12Z,4185.700195,4198.500000,4184.299805,4196.500000,4185.600098,4198.500000,4184.299805,4196.500000,changed
2026-10-01 16:00:00+00:00,2026-10-07T07:35:12Z,4199.100098,4206.600098,4198.000000,4199.500000,4199.299805,4206.600098,4198.000000,4199.500000,changed
2026-10-01 16:15:00+00:00,2026-10-07T07:35:12Z,4199.299805,4201.799805,4193.899902,4197.000000,4199.500000,4201.799805,4193.899902,4197.000000,changed
2026-10-01 16:45:00+00:00,2026-10-07T07:35:12Z,4195.399902,4197.399902,4189.500000,4192.200195,4195.399902,4197.399902,4189.500000,4192.100098,changed
2026-10-01 17:00:00+00:00,2026-10-07T07:35:12Z,4192.200195,4203.500000,4191.600098,4201.399902,4192.100098,4203.500000,4191.600098,4201.399902,changed
2026-10-01 17:15:00+00:00,2026-10-07T07:35:12Z,4201.500000,4207.600098,4200.100098,4203.100098,4201.399902,4207.600098,4200.100098,4203.000000,changed
2026-10-01 17:30:00+00:00,2026-10-07T07:35:12Z,4202.899902,4217.600098,4202.799805,4207.500000,4203.100098,4217.600098,4202.799805,4207.500000,changed
2026-10-01 22:00:00+00:00,2026-10-07T07:35:12Z,4204.600098,4207.200195,4202.100098,4202.700195,4204.500000,4207.200195,4202.100098,4202.700195,changed
2026-10-01 22:45:00+00:00,2026-10-07T07:35:12Z,4205.500000,4208.600098,4204.899902,4208.299805,4205.500000,4208.600098,4205.299805,4208.299805,changed
2026-10-02 00:00:00+00:00,2026-10-07T07:35:12Z,4211.399902,4212.000000,4198.600098,4199.299805,4211.399902,4212.000000,4198.600098,4199.700195,changed
2026-10-02 00:15:00+00:00,2026-10-07T07:35:12Z,4199.500000,4201.000000,4193.299805,4194.299805,4199.399902,4201.000000,4193.299805,4194.299805,changed
2026-10-02 01:00:00+00:00,2026-10-07T07:35:12Z,4182.500000,4184.200195,4162.899902,4170.399902,4182.299805,4184.200195,4162.899902,4170.399902,changed
2026-10-02 01:15:00+00:00,2026-10-07T07:35:12Z,4170.299805,4179.500000,4168.700195,4179.100098,4170.000000,4179.500000,4168.700195,4179.100098,changed
2026-10-02 01:30:00+00:00,2026-10-07T07:35:12Z,4178.799805,4181.000000,4174.600098,4178.299805,4179.000000,4181.000000,4174.600098,4178.299805,changed
2026-10-02 04:45:00+00:00,2026-10-07T07:35:12Z,4212.399902,4215.000000,4211.200195,4214.799805,4212.600098,4215.000000,4211.200195,4214.799805,changed
2026-10-02 05:00:00+00:00,2026-10-07T07:35:12Z,4214.500000,4222.299805,4213.899902,4217.700195,4214.600098,4222.299805,4213.899902,4217.700195,changed
2026-10-02 06:00:00+00:00,2026-10-07T07:35:12Z,4216.100098,4226.799805,4215.799805,4222.200195,4216.500000,4226.799805,4215.799805,4222.200195,changed
2026-10-02 06:30:00+00:00,2026-10-07T07:35:12Z,4219.399902,4220.299805,4209.500000,4210.299805,4219.600098,4220.299805,4209.500000,4210.299805,changed
2026-10-02 08:15:00+00:00,2026-10-07T07:35:12Z,4219.000000,4220.200195,4212.299805,4215.700195,4219.000000,4220.200195,4212.299805,4215.500000,changed
2026-10-02 08:30:00+00:00,2026-10-07T07:35:12Z,4215.299805,4216.600098,4210.299805,4210.700195,4215.000000,4216.600098,4210.299805,4210.700195,changed
2026-10-02 10:30:00+00:00,2026-10-07T07:35:12Z,4204.000000,4212.500000,4203.000000,4211.399902,4203.899902,4212.500000,4203.000000,4211.399902,changed
2026-10-02 10:45:00+00:00,2026-10-07T07:35:12Z,4211.500000,4212.799805,4209.299805,4212.700195,4211.600098,4212.799805,4209.299805,4212.700195,changed
2026-10-02 11:00:00+00:00,2026-10-07T07:35:12Z,4212.600098,4218.700195,4211.700195,4217.799805,4212.600098,4218.700195,4211.700195,4217.500000,changed
2026-10-02 11:15:00+00:00,2026-10-07T07:35:12Z,4217.700195,4218.600098,4210.600098,4211.000000,4217.799805,4218.600098,4210.600098,4211.000000,changed
2026-10-02 12:00:00+00:00,2026-10-07T07:35:12Z,4211.500000,4212.000000,4204.399902,4207.500000,4211.299805,4212.000000,4204.399902,4207.500000,changed
2026-10-02 12:30:00+00:00,2026-10-07T07:35:12Z,4216.899902,4259.000000,4216.500000,4241.299805,4216.500000,4259.000000,4216.500000,4240.899902,changed
2026-10-02 12:45:00+00:00,2026-10-07T07:35:12Z,4241.500000,4250.700195,4234.100098,4248.200195,4241.100098,4250.700195,4234.100098,4248.200195,changed
2026-10-02 13:15:00+00:00,2026-10-07T07:35:12Z,4225.299805,4226.200195,4213.200195,4223.100098,4225.299805,4226.200195,4213.200195,4222.700195,changed
2026-10-02 13:30:00+00:00,2026-10-07T07:35:12Z,4223.000000,4231.600098,4212.500000,4216.100098,4223.299805,4231.600098,4212.500000,4216.100098,changed
2026-10-02 13:45:00+00:00,2026-10-07T07:35:12Z,4215.600098,4222.899902,4207.700195,4221.200195,4215.600098,4222.899902,4207.700195,4220.500000,changed
2026-10-02 14:00:00+00:00,2026-10-07T07:35:12Z,4220.700195,4226.600098,4209.100098,4218.600098,4220.600098,4226.600098,4209.100098,4218.600098,changed
2026-10-02 14:45:00+00:00,2026-10-07T07:35:12Z,4205.200195,4206.100098,4184.500000,4188.299805,4205.200195,4206.100098,4184.500000,4188.200195,changed
2026-10-02 15:00:00+00:00,2026-10-07T07:35:12Z,4188.399902,4189.399902,4171.100098,4174.299805,4188.500000,4189.399902,4171.100098,4174.299805,changed
2026-10-02 15:15:00+00:00,2026-10-07T07:35:12Z,4174.200195,4175.700195,4161.700195,4171.299805,4173.600098,4175.700195,4161.700195,4171.200195,changed
2026-10-02 15:45:00+00:00,2026-10-07T07:35:12Z,4163.399902,4167.299805,4153.799805,4156.100098,4163.600098,4167.299805,4153.799805,4156.100098,changed
2026-10-02 16:00:00+00:00,2026-10-07T07:35:12Z,4156.200195,4165.600098,4154.600098,4163.799805,4156.299805,4165.600098,4154.600098,4163.799805,changed
2026-10-02 16:45:00+00:00,2026-10-07T07:35:12Z,4164.299805,4169.399902,4164.299805,4168.200195,4165.000000,4169.399902,4164.299805,4168.200195,changed
2026-10-02 17:15:00+00:00,2026-10-07T07:35:12Z,4165.299805,4168.200195,4158.899902,4162.600098,4165.500000,4168.200195,4158.899902,4162.600098,changed
2026-10-02 17:30:00+00:00,2026-10-07T07:35:12Z,4162.399902,4169.000000,4161.299805,4166.600098,4161.799805,4169.000000,4161.299805,4166.600098,changed
2026-10-02 19:00:00+00:00,2026-10-07T07:35:12Z,4175.700195,4178.399902,4172.799805,4178.000000,4175.799805,4178.399902,4172.799805,4178.000000,changed
2026-10-02 19:30:00+00:00,2026-10-07T07:35:12Z,4177.299805,4178.899902,4171.899902,4171.899902,4177.500000,4178.899902,4171.899902,4172.000000,changed
2026-10-02 19:45:00+00:00,2026-10-07T07:35:12Z,4171.500000,4176.899902,4169.399902,4176.600098,4171.500000,4176.899902,4169.399902,4176.399902,changed
2026-10-02 20:00:00+00:00,2026-10-07T07:35:12Z,4176.799805,4177.700195,4169.000000,4172.100098,4176.899902,4177.700195,4169.000000,4172.100098,changed
2026-10-02 20:45:00+00:00,2026-10-07T07:35:12Z,4167.000000,4172.100098,4162.299805,4162.299805,4166.899902,4172.100098,4162.299805,4162.299805,changed
2026-10-05 00:30:00+00:00,2026-10-07T07:35:12Z,4183.799805,4184.100098,4179.600098,4181.299805,4183.799805,4184.100098,4180.100098,4181.299805,changed
2026-10-05 04:15:00+00:00,2026-10-07T07:35:12Z,4162.600098,4163.399902,4152.299805,4153.899902,4162.000000,4163.399902,4152.299805,4154.000000,changed
2026-10-05 04:30:00+00:00,2026-10-07T07:35:12Z,4154.000000,4161.600098,4153.299805,4161.100098,4153.899902,4161.600098,4153.299805,4161.100098,changed
2026-10-05 05:00:00+00:00,2026-10-07T07:35:12Z,4159.000000,4167.899902,4158.299805,4166.399902,4159.200195,4167.899902,4158.299805,4166.399902,changed
2026-10-05 06:00:00+00:00,2026-10-07T07:35:12Z,4162.100098,4181.500000,4161.700195,4179.399902,4161.799805,4181.500000,4161.700195,4179.399902,changed
2026-10-05 06:15:00+00:00,2026-10-07T07:35:12Z,4179.500000,4184.100098,4174.600098,4183.100098,4179.100098,4184.100098,4174.600098,4183.000000,changed
2026-10-05 06:30:00+00:00,2026-10-07T07:35:12Z,4182.600098,4183.500000,4176.899902,4180.799805,4182.600098,4183.500000,4176.899902,4180.399902,changed
2026-10-05 06:45:00+00:00,2026-10-07T07:35:12Z,4180.700195,4183.899902,4176.100098,4183.700195,4180.200195,4183.899902,4176.100098,4183.899902,changed
2026-10-05 07:00:00+00:00,2026-10-07T07:35:12Z,4183.700195,4187.299805,4177.899902,4184.100098,4184.000000,4187.299805,4177.899902,4184.100098,changed
2026-10-05 07:45:00+00:00,2026-10-07T07:35:12Z,4187.600098,4194.899902,4186.000000,4188.700195,4187.700195,4194.899902,4186.000000,4188.700195,changed
2026-10-05 08:00:00+00:00,2026-10-07T07:35:12Z,4189.000000,4197.899902,4187.500000,4196.899902,4188.700195,4197.899902,4187.500000,4196.899902,changed
2026-10-05 09:30:00+00:00,2026-10-07T07:35:12Z,4194.399902,4195.200195,4187.899902,4187.899902,4194.799805,4195.200195,4187.899902,4187.899902,changed
2026-10-05 11:45:00+00:00,2026-10-07T07:35:12Z,4182.700195,4184.899902,4179.100098,4184.100098,4182.600098,4184.899902,4179.100098,4184.100098,changed
2026-10-05 13:15:00+00:00,2026-10-07T07:35:12Z,4180.000000,4182.299805,4178.100098,4180.899902,4180.100098,4182.299805,4178.100098,4180.899902,changed
2026-10-05 13:30:00+00:00,2026-10-07T07:35:12Z,4180.799805,4182.000000,4165.000000,4165.899902,4180.799805,4182.000000,4165.000000,4166.299805,changed
2026-10-05 13:45:00+00:00,2026-10-07T07:35:12Z,4165.899902,4172.799805,4159.100098,4163.399902,4166.100098,4172.799805,4159.100098,4163.000000,changed
2026-10-05 14:00:00+00:00,2026-10-07T07:35:12Z,4163.000000,4175.100098,4162.899902,4170.299805,4162.899902,4175.100098,4162.899902,4170.500000,changed
2026-10-05 14:15:00+00:00,2026-10-07T07:35:12Z,4170.100098,4170.799805,4164.799805,4165.200195,4170.399902,4170.799805,4164.799805,4165.200195,changed
2026-10-05 14:30:00+00:00,2026-10-07T07:35:12Z,4165.200195,4170.399902,4160.000000,4168.700195,4165.000000,4170.399902,4160.000000,4168.600098,changed
2026-10-05 14:45:00+00:00,2026-10-07T07:35:12Z,4168.600098,4176.600098,4165.000000,4175.000000,4168.700195,4176.600098,4165.000000,4175.100098,changed
2026-10-05 15:45:00+00:00,2026-10-07T07:35:12Z,4164.299805,4167.600098,4161.799805,4164.700195,4164.200195,4167.600098,4161.799805,4164.700195,changed
2026-10-05 16:30:00+00:00,2026-10-07T07:35:12Z,4155.299805,4159.299805,4155.000000,4158.899902,4155.399902,4159.299805,4155.000000,4158.899902,changed
2026-10-05 17:30:00+00:00,2026-10-07T07:35:12Z,4157.399902,4160.600098,4154.700195,4159.899902,4157.200195,4160.600098,4154.700195,4159.899902,changed
2026-10-05 19:30:00+00:00,2026-10-07T07:35:12Z,4169.600098,4171.600098,4169.100098,4169.700195,4169.399902,4171.600098,4169.100098,4169.700195,changed
2026-10-05 19:45:00+00:00,2026-10-07T07:35:12Z,4169.700195,4170.000000,4166.100098,4168.299805,4169.799805,4170.000000,4166.100098,4168.299805,changed
2026-10-05 20:00:00+00:00,2026-10-07T07:35:12Z,4168.399902,4168.799805,4165.000000,4166.299805,4168.200195,4168.799805,4165.000000,4166.299805,changed
2026-10-05 22:00:00+00:00,2026-10-07T07:35:12Z,4169.200195,4172.000000,4168.500000,4169.600098,4168.899902,4172.000000,4168.500000,4169.600098,changed
2026-10-06 00:00:00+00:00,2026-10-07T07:35:12Z,4161.200195,4164.799805,4160.100098,4163.299805,4161.000000,4164.799805,4160.100098,4163.299805,changed
2026-10-06 00:30:00+00:00,2026-10-07T07:35:12Z,4167.899902,4172.299805,4162.899902,4165.299805,4167.799805,4172.299805,4162.899902,4165.299805,changed
2026-10-06 00:45:00+00:00,2026-10-07T07:35:12Z,4165.500000,4178.799805,4165.500000,4178.399902,4166.000000,4178.799805,4165.500000,4178.299805,changed
2026-10-06 01:00:00+00:00,2026-10-07T07:35:12Z,4178.100098,4179.600098,4173.600098,4176.799805,4177.899902,4179.600098,4173.600098,4176.799805,changed
2026-10-06 01:45:00+00:00,2026-10-07T07:35:12Z,4160.200195,4160.799805,4156.000000,4157.200195,4160.100098,4160.799805,4156.000000,4157.200195,changed
2026-10-06 02:15:00+00:00,2026-10-07T07:35:12Z,4157.399902,4158.600098,4153.399902,4153.700195,4157.799805,4158.600098,4153.399902,4153.700195,changed
2026-10-06 02:45:00+00:00,2026-10-07T07:35:12Z,4148.700195,4166.200195,4148.000000,4157.399902,4148.500000,4166.200195,4148.000000,4157.399902,changed
2026-10-06 05:45:00+00:00,2026-10-07T07:35:12Z,4148.600098,4149.700195,4143.299805,4146.700195,4148.600098,4149.700195,4143.299805,4146.600098,changed
2026-10-06 06:00:00+00:00,2026-10-07T07:35:12Z,4146.600098,4150.299805,4140.100098,4149.600098,4146.299805,4150.299805,4140.100098,4149.600098,changed
2026-10-06 06:30:00+00:00,2026-10-07T07:35:12Z,4161.299805,4162.600098,4156.600098,4158.000000,4161.500000,4162.600098,4156.600098,4158.000000,changed
2026-10-06 06:45:00+00:00,2026-10-07T07:35:12Z,4157.700195,4162.100098,4157.100098,4158.899902,4157.600098,4162.100098,4157.100098,4158.899902,changed
2026-10-06 07:30:00+00:00,2026-10-07T07:35:12Z,4162.000000,4167.200195,4160.000000,4165.799805,4162.100098,4167.200195,4160.000000,4165.799805,changed
2026-10-06 08:00:00+00:00,2026-10-07T07:35:12Z,4167.500000,4171.600098,4165.200195,4167.200195,4167.399902,4171.600098,4165.200195,4167.399902,changed
2026-10-06 08:15:00+00:00,2026-10-07T07:35:12Z,4167.100098,4175.000000,4167.100098,4173.500000,4167.399902,4175.000000,4167.100098,4173.500000,changed
2026-10-06 08:30:00+00:00,2026-10-07T07:35:12Z,4173.399902,4181.200195,4172.600098,4180.000000,4173.600098,4181.200195,4172.600098,4180.000000,changed
2026-10-06 09:00:00+00:00,2026-10-07T07:35:12Z,4182.600098,4184.299805,4177.200195,4177.299805,4182.500000,4184.299805,4177.200195,4177.200195,changed
2026-10-06 09:30:00+00:00,2026-10-07T07:35:12Z,4183.899902,4185.899902,4181.200195,4181.399902,4183.799805,4185.899902,4181.200195,4181.399902,changed
2026-10-06 11:45:00+00:00,2026-10-07T07:35:12Z,4200.100098,4202.799805,4198.000000,4201.500000,4199.899902,4202.799805,4198.000000,4201.500000,changed
2026-10-06 12:00:00+00:00,2026-10-07T07:35:12Z,4201.700195,4208.000000,4201.200195,4206.799805,4201.700195,4208.000000,4201.200195,4206.700195,changed
2026-10-06 12:15:00+00:00,2026-10-07T07:35:12Z,4206.899902,4207.500000,4201.600098,4203.799805,4207.000000,4207.500000,4201.600098,4203.600098,changed
2026-10-06 13:15:00+00:00,2026-10-07T07:35:12Z,4200.000000,4200.200195,4188.700195,4189.200195,4199.899902,4200.200195,4188.700195,4189.200195,changed
2026-10-06 13:30:00+00:00,2026-10-07T07:35:12Z,4189.299805,4192.899902,4183.200195,4185.700195,4189.200195,4192.899902,4183.200195,4185.799805,changed
2026-10-06 13:45:00+00:00,2026-10-07T07:35:12Z,4186.000000,4186.000000,4179.299805,4180.000000,4185.500000,4186.000000,4179.299805,4180.100098,changed
2026-10-06 14:00:00+00:00,2026-10-07T07:35:12Z,4180.100098,4185.799805,4179.100098,4182.299805,4180.000000,4185.799805,4179.100098,4181.500000,changed
2026-10-06 14:15:00+00:00,2026-10-07T07:35:12Z,4181.899902,4182.700195,4171.299805,4173.600098,4182.000000,4182.700195,4171.299805,4173.600098,changed
2026-10-06 14:45:00+00:00,2026-10-07T07:35:12Z,4180.500000,4185.899902,4177.100098,4184.500000,4180.299805,4185.899902,4177.100098,4184.500000,changed
2026-10-06 15:00:00+00:00,2026-10-07T07:35:12Z,4184.399902,4192.100098,4183.899902,4190.500000,4184.399902,4192.100098,4183.899902,4190.299805,changed
2026-10-06 15:15:00+00:00,2026-10-07T07:35:12Z,4190.600098,4192.700195,4188.899902,4191.200195,4190.700195,4192.700195,4188.899902,4191.200195,changed
2026-10-06 16:15:00+00:00,2026-10-07T07:35:12Z,4190.600098,4192.700195,4187.899902,4188.100098,4190.700195,4192.700195,4187.899902,4188.100098,changed
2026-10-06 17:15:00+00:00,2026-10-07T07:35:12Z,4189.899902,4191.600098,4185.200195,4188.299805,4190.000000,4191.600098,4185.200195,4188.299805,changed
2026-10-06 17:30:00+00:00,2026-10-07T07:35:12Z,4188.399902,4193.200195,4187.600098,4192.399902,4188.200195,4193.200195,4187.600098,4192.399902,changed
2026-10-06 17:45:00+00:00,2026-10-07T07:35:12Z,4192.600098,4193.700195,4191.200195,4192.000000,4192.700195,4193.700195,4191.200195,4192.000000,changed
2026-10-06 18:30:00+00:00,2026-10-07T07:35:12Z,4196.899902,4198.200195,4194.399902,4197.899902,4197.000000,4198.200195,4194.399902,4197.899902,changed
2026-10-06 19:15:00+00:00,2026-10-07T07:35:12Z,4204.299805,4205.399902,4199.700195,4199.899902,4204.299805,4205.399902,4199.700195,4200.000000,changed
2026-10-06 19:30:00+00:00,2026-10-07T07:35:12Z,4200.000000,4200.000000,4195.899902,4197.000000,4199.700195,4200.000000,4195.899902,4197.000000,changed
2026-10-06 19:45:00+00:00,2026-10-07T07:35:12Z,4197.000000,4198.100098,4194.600098,4197.100098,4197.000000,4198.100098,4194.600098,4197.299805,changed
2026-10-06 23:00:00+00:00,2026-10-07T07:35:12Z,4190.799805,4193.700195,4190.000000,4192.799805,4192.500000,4193.600098,4192.299805,4192.799805,changed
2026-10-06 23:30:00+00:00,2026-10-07T07:35:12Z,4196.899902,4197.799805,4193.200195,4194.700195,4197.200195,4197.200195,4193.200195,4194.700195,changed
2026-10-07 00:00:00+00:00,2026-10-07T07:35:12Z,4193.200195,4197.299805,4189.600098,4197.100098,4192.899902,4197.299805,4189.600098,4197.100098,changed
2026-10-07 01:00:00+00:00,2026-10-07T07:35:12Z,4183.799805,4183.799805,4179.000000,4179.500000,4183.799805,4183.799805,4179.000000,4179.799805,changed
2026-10-07 01:15:00+00:00,2026-10-07T07:35:12Z,4179.200195,4180.500000,4176.799805,4179.500000,4179.100098,4180.500000,4176.799805,4179.500000,changed
2026-10-07 01:30:00+00:00,2026-10-07T07:35:12Z,4179.399902,4182.299805,4176.299805,4178.299805,4179.299805,4182.299805,4176.299805,4178.299805,changed
2026-10-07 02:45:00+00:00,2026-10-07T07:35:12Z,4174.100098,4175.700195,4171.700195,4172.200195,4174.100098,4175.700195,4168.399902,4168.899902,changed
2026-10-07 04:45:00+00:00,2026-10-07T07:35:12Z,4163.700195,4165.600098,4161.000000,4161.600098,4163.500000,4165.600098,4161.000000,4161.600098,changed
2026-10-07 05:00:00+00:00,2026-10-07T07:35:12Z,4161.700195,4163.299805,4159.299805,4160.399902,4161.700195,4163.299805,4159.299805,4160.600098,changed
2026-10-07 05:15:00+00:00,2026-10-07T07:35:12Z,4160.200195,4160.700195,4157.700195,4160.100098,4160.100098,4160.700195,4157.700195,4160.100098,changed
2026-10-07 07:00:00+00:00,2026-10-07T07:35:12Z,4156.700195,4160.100098,4156.500000,4159.500000,4156.600098,4161.399902,4156.500000,4158.000000,changed
2026-10-01 00:00:00+00:00,2026-10-07T07:57:36Z,4186.000000,4186.200195,4180.500000,4182.799805,4186.100098,4186.200195,4180.500000,4182.799805,changed
2026-10-01 02:00:00+00:00,2026-10-07T07:57:36Z,4186.700195,4187.700195,4181.200195,4183.600098,4186.100098,4187.700195,4181.200195,4183.600098,changed
2026-10-01 03:00:00+00:00,2026-10-07T07:57:36Z,4190.899902,4198.200195,4188.799805,4197.000000,4190.299805,4198.200195,4188.799805,4197.000000,changed
2026-10-01 03:15:00+00:00,2026-10-07T07:57:36Z,4197.500000,4198.000000,4192.899902,4193.700195,4197.000000,4198.000000,4192.899902,4193.700195,changed
2026-10-01 03:45:00+00:00,2026-10-07T07:57:36Z,4199.100098,4206.399902,4198.399902,4205.399902,4199.000000,4206.399902,4198.399902,4205.399902,changed
2026-10-01 05:30:00+00:00,2026-10-07T07:57:36Z,4217.200195,4222.799805,4214.799805,4216.799805,4217.100098,4222.799805,4214.799805,4216.799805,changed
2026-10-01 06:45:00+00:00,2026-10-07T07:57:36Z,4214.100098,4215.299805,4210.399902,4211.600098,4214.200195,4215.299805,4210.399902,4211.600098,changed
2026-10-01 07:00:00+00:00,2026-10-07T07:57:36Z,4211.899902,4213.500000,4202.000000,4202.299805,4211.500000,4213.500000,4202.000000,4202.299805,changed
2026-10-01 07:15:00+00:00,2026-10-07T07:57:36Z,4202.799805,4204.500000,4185.000000,4186.399902,4202.399902,4204.500000,4185.000000,4186.399902,changed
2026-10-01 07:30:00+00:00,2026-10-07T07:57:36Z,4186.299805,4195.399902,4184.200195,4193.299805,4186.399902,4195.399902,4184.200195,4193.399902,changed
2026-10-01 07:45:00+00:00,2026-10-07T07:57:36Z,4193.500000,4196.700195,4191.899902,4193.700195,4193.399902,4196.700195,4191.899902,4193.700195,changed
2026-10-01 08:15:00+00:00,2026-10-07T07:57:36Z,4189.500000,4192.399902,4184.399902,4186.600098,4189.399902,4192.399902,4184.399902,4186.600098,changed
2026-10-01 09:15:00+00:00,2026-10-07T07:57:36Z,4190.799805,4192.299805,4187.899902,4188.899902,4190.600098,4192.299805,4187.899902,4188.899902,changed
2026-10-01 09:30:00+00:00,2026-10-07T07:57:36Z,4189.100098,4193.000000,4188.799805,4191.200195,4189.100098,4193.000000,4188.799805,4191.100098,changed
2026-10-01 10:45:00+00:00,2026-10-07T07:57:36Z,4201.100098,4208.500000,4200.799805,4206.100098,4201.100098,4208.500000,4200.799805,4205.899902,changed
2026-10-01 11:00:00+00:00,2026-10-07T07:57:36Z,4205.600098,4206.100098,4198.700195,4199.200195,4206.100098,4206.100098,4198.700195,4199.200195,changed
2026-10-01 12:00:00+00:00,2026-10-07T07:57:36Z,4212.299805,4215.100098,4205.799805,4206.299805,4212.500000,4215.100098,4205.799805,4206.299805,changed
2026-10-01 12:30:00+00:00,2026-10-07T07:57:36Z,4209.700195,4216.799805,4207.799805,4212.200195,4209.200195,4216.799805,4207.799805,4212.200195,changed
2026-10-01 12:45:00+00:00,2026-10-07T07:57:36Z,4212.600098,4217.799805,4208.600098,4208.600098,4212.600098,4217.799805,4208.600098,4208.799805,changed
2026-10-01 13:00:00+00:00,2026-10-07T07:57:36Z,4208.799805,4211.799805,4203.100098,4203.200195,4208.899902,4211.799805,4203.100098,4203.200195,changed
2026-10-01 13:30:00+00:00,2026-10-07T07:57:36Z,4197.399902,4202.399902,4188.799805,4192.600098,4197.299805,4202.399902,4188.799805,4192.600098,changed
2026-10-01 13:45:00+00:00,2026-10-07T07:57:36Z,4192.600098,4195.600098,4190.000000,4195.299805,4192.700195,4195.600098,4190.000000,4195.100098,changed
2026-10-01 14:30:00+00:00,2026-10-07T07:57:36Z,4191.700195,4204.799805,4189.799805,4196.399902,4191.700195,4204.799805,4189.799805,4196.100098,changed
2026-10-01 15:00:00+00:00,2026-10-07T07:57:36Z,4191.899902,4192.600098,4179.500000,4185.899902,4192.299805,4192.600098,4179.500000,4185.899902,changed
2026-10-01 15:15:00+00:00,2026-10-07T07:57:36Z,4185.600098,4198.500000,4184.299805,4196.500000,4185.700195,4198.500000,4184.299805,4196.500000,changed
2026-10-01 16:00:00+00:00,2026-10-07T07:57:36Z,4199.299805,4206.600098,4198.000000,4199.500000,4199.100098,4206.600098,4198.000000,4199.500000,changed
2026-10-01 16:15:00+00:00,2026-10-07T07:57:36Z,4199.500000,4201.799805,4193.899902,4197.000000,4199.299805,4201.799805,4193.899902,4197.000000,changed
2026-10-01 16:45:00+00:00,2026-10-07T07:57:36Z,4195.399902,4197.399902,4189.500000,4192.100098,4195.399902,4197.399902,4189.500000,4192.200195,changed
2026-10-01 17:00:00+00:00,2026-10-07T07:57:36Z,4192.100098,4203.500000,4191.600098,4201.399902,4192.200195,4203.500000,4191.600098,4201.399902,changed
2026-10-01 17:15:00+00:00,2026-10-07T07:57:36Z,4201.399902,4207.600098,4200.100098,4203.000000,4201.500000,4207.600098,4200.100098,4203.100098,changed
2026-10-01 17:30:00+00:00,2026-10-07T07:57:36Z,4203.100098,4217.600098,4202.799805,4207.500000,4202.899902,4217.600098,4202.799805,4207.500000,changed
2026-10-01 22:00:00+00:00,2026-10-07T07:57:36Z,4204.500000,4207.200195,4202.100098,4202.700195,4204.600098,4207.200195,4202.100098,4202.700195,changed
2026-10-01 22:45:00+00:00,2026-10-07T07:57:36Z,4205.500000,4208.600098,4205.299805,4208.299805,4205.500000,4208.600098,4204.899902,4208.299805,changed
2026-10-02 00:00:00+00:00,2026-10-07T07:57:36Z,4211.399902,4212.000000,4198.600098,4199.700195,4211.399902,4212.000000,4198.600098,4199.299805,changed
2026-10-02 00:15:00+00:00,2026-10-07T07:57:36Z,4199.399902,4201.000000,4193.299805,4194.299805,4199.500000,4201.000000,4193.299805,4194.299805,changed
2026-10-02 01:00:00+00:00,2026-10-07T07:57:36Z,4182.299805,4184.200195,4162.899902,4170.399902,4182.500000,4184.200195,4162.899902,4170.399902,changed
2026-10-02 01:15:00+00:00,2026-10-07T07:57:36Z,4170.000000,4179.500000,4168.700195,4179.100098,4170.299805,4179.500000,4168.700195,4179.100098,changed
2026-10-02 01:30:00+00:00,2026-10-07T07:57:36Z,4179.000000,4181.000000,4174.600098,4178.299805,4178.799805,4181.000000,4174.600098,4178.299805,changed
2026-10-02 04:45:00+00:00,2026-10-07T07:57:36Z,4212.600098,4215.000000,4211.200195,4214.799805,4212.399902,4215.000000,4211.200195,4214.799805,changed
2026-10-02 05:00:00+00:00,2026-10-07T07:57:36Z,4214.600098,4222.299805,4213.899902,4217.700195,4214.500000,4222.299805,4213.899902,4217.700195,changed
2026-10-02 06:00:00+00:00,2026-10-07T07:57:36Z,4216.500000,4226.799805,4215.799805,4222.200195,4216.100098,4226.799805,4215.799805,4222.200195,changed
2026-10-02 06:30:00+00:00,2026-10-07T07:57:36Z,4219.600098,4220.299805,4209.500000,4210.299805,4219.399902,4220.299805,4209.500000,4210.299805,changed
2026-10-02 08:15:00+00:00,2026-10-07T07:57:36Z,4219.000000,4220.200195,4212.299805,4215.500000,4219.000000,4220.200195,4212.299805,4215.700195,changed
2026-10-02 08:30:00+00:00,2026-10-07T07:57:36Z,4215.000000,4216.600098,4210.299805,4210.700195,4215.299805,4216.600098,4210.299805,4210.700195,changed
2026-10-02 10:30:00+00:00,2026-10-07T07:57:36Z,4203.899902,4212.500000,4203.000000,4211.399902,4204.000000,4212.500000,4203.000000,4211.399902,changed
2026-10-02 10:45:00+00:00,2026-10-07T07:57:36Z,4211.600098,4212.799805,4209.299805,4212.700195,4211.500000,4212.799805,4209.299805,4212.700195,changed
2026-10-02 11:00:00+00:00,2026-10-07T07:57:36Z,4212.600098,4218.700195,4211.700195,4217.500000,4212.600098,4218.700195,4211.700195,4217.799805,changed
2026-10-02 11:15:00+00:00,2026-10-07T07:57:36Z,4217.799805,4218.600098,4210.600098,4211.000000,4217.700195,4218.600098,4210.600098,4211.000000,changed
2026-10-02 12:00:00+00:00,2026-10-07T07:57:36Z,4211.299805,4212.000000,4204.399902,4207.500000,4211.500000,4212.000000,4204.399902,4207.500000,changed
2026-10-02 12:30:00+00:00,2026-10-07T07:57:36Z,4216.500000,4259.000000,4216.500000,4240.899902,4216.899902,4259.000000,4216.500000,4241.299805,changed
2026-10-02 12:45:00+00:00,2026-10-07T07:57:36Z,4241.100098,4250.700195,4234.100098,4248.200195,4241.500000,4250.700195,4234.100098,4248.200195,changed
2026-10-02 13:15:00+00:00,2026-10-07T07:57:36Z,4225.299805,4226.200195,4213.200195,4222.700195,4225.299805,4226.200195,4213.200195,4223.100098,changed
2026-10-02 13:30:00+00:00,2026-10-07T07:57:36Z,4223.299805,4231.600098,4212.500000,4216.100098,4223.000000,4231.600098,4212.500000,4216.100098,changed
2026-10-02 13:45:00+00:00,2026-10-07T07:57:36Z,4215.600098,4222.899902,4207.700195,4220.500000,4215.600098,4222.899902,4207.700195,4221.200195,changed
2026-10-02 14:00:00+00:00,2026-10-07T07:57:36Z,4220.600098,4226.600098,4209.100098,4218.600098,4220.700195,4226.600098,4209.100098,4218.600098,changed
2026-10-02 14:45:00+00:00,2026-10-07T07:57:36Z,4205.200195,4206.100098,4184.500000,4188.200195,4205.200195,4206.100098,4184.500000,4188.299805,changed
2026-10-02 15:00:00+00:00,2026-10-07T07:57:36Z,4188.500000,4189.399902,4171.100098,4174.299805,4188.399902,4189.399902,4171.100098,4174.299805,changed
2026-10-02 15:15:00+00:00,2026-10-07T07:57:36Z,4173.600098,4175.700195,4161.700195,4171.200195,4174.200195,4175.700195,4161.700195,4171.299805,changed
2026-10-02 15:45:00+00:00,2026-10-07T07:57:36Z,4163.600098,4167.299805,4153.799805,4156.100098,4163.399902,4167.299805,4153.799805,4156.100098,changed
2026-10-02 16:00:00+00:00,2026-10-07T07:57:36Z,4156.299805,4165.600098,4154.600098,4163.799805,4156.200195,4165.600098,4154.600098,4163.799805,changed
2026-10-02 16:45:00+00:00,2026-10-07T07:57:36Z,4165.000000,4169.399902,4164.299805,4168.200195,4164.299805,4169.399902,4164.299805,4168.200195,changed
2026-10-02 17:15:00+00:00,2026-10-07T07:57:36Z,4165.500000,4168.200195,4158.899902,4162.600098,4165.299805,4168.200195,4158.899902,4162.600098,changed
2026-10-02 17:30:00+00:00,2026-10-07T07:57:36Z,4161.799805,4169.000000,4161.299805,4166.600098,4162.399902,4169.000000,4161.299805,4166.600098,changed
2026-10-02 19:00:00+00:00,2026-10-07T07:57:36Z,4175.799805,4178.399902,4172.799805,4178.000000,4175.700195,4178.399902,4172.799805,4178.000000,changed
2026-10-02 19:30:00+00:00,2026-10-07T07:57:36Z,4177.500000,4178.899902,4171.899902,4172.000000,4177.299805,4178.899902,4171.899902,4171.899902,changed
2026-10-02 19:45:00+00:00,2026-10-07T07:57:36Z,4171.500000,4176.899902,4169.399902,4176.399902,4171.500000,4176.899902,4169.399902,4176.600098,changed
2026-10-02 20:00:00+00:00,2026-10-07T07:57:36Z,4176.899902,4177.700195,4169.000000,4172.100098,4176.799805,4177.700195,4169.000000,4172.100098,changed
2026-10-02 20:45:00+00:00,2026-10-07T07:57:36Z,4166.899902,4172.100098,4162.299805,4162.299805,4167.000000,4172.100098,4162.299805,4162.299805,changed
2026-10-05 00:30:00+00:00,2026-10-07T07:57:36Z,4183.799805,4184.100098,4180.100098,4181.299805,4183.799805,4184.100098,4179.600098,4181.299805,changed
2026-10-05 04:15:00+00:00,2026-10-07T07:57:36Z,4162.000000,4163.399902,4152.299805,4154.000000,4162.600098,4163.399902,4152.299805,4153.899902,changed
2026-10-05 04:30:00+00:00,2026-10-07T07:57:36Z,4153.899902,4161.600098,4153.299805,4161.100098,4154.000000,4161.600098,4153.299805,4161.100098,changed
2026-10-05 05:00:00+00:00,2026-10-07T07:57:36Z,4159.200195,4167.899902,4158.299805,4166.399902,4159.000000,4167.899902,4158.299805,4166.399902,changed
2026-10-05 06:00:00+00:00,2026-10-07T07:57:36Z,4161.799805,4181.500000,4161.700195,4179.399902,4162.100098,4181.500000,4161.700195,4179.399902,changed
2026-10-05 06:15:00+00:00,2026-10-07T07:57:36Z,4179.100098,4184.100098,4174.600098,4183.000000,4179.500000,4184.100098,4174.600098,4183.100098,changed
2026-10-05 06:30:00+00:00,2026-10-07T07:57:36Z,4182.600098,4183.500000,4176.899902,4180.399902,4182.600098,4183.500000,4176.899902,4180.799805,changed
2026-10-05 06:45:00+00:00,2026-10-07T07:57:36Z,4180.200195,4183.899902,4176.100098,4183.899902,4180.700195,4183.899902,4176.100098,4183.700195,changed
2026-10-05 07:00:00+00:00,2026-10-07T07:57:36Z,4184.000000,4187.299805,4177.899902,4184.100098,4183.700195,4187.299805,4177.899902,4184.100098,changed
2026-10-05 07:45:00+00:00,2026-10-07T07:57:36Z,4187.700195,4194.899902,4186.000000,4188.700195,4187.600098,4194.899902,4186.000000,4188.700195,changed
2026-10-05 08:00:00+00:00,2026-10-07T07:57:36Z,4188.700195,4197.899902,4187.500000,4196.899902,4189.000000,4197.899902,4187.500000,4196.899902,changed
2026-10-05 09:30:00+00:00,2026-10-07T07:57:36Z,4194.799805,4195.200195,4187.899902,4187.899902,4194.399902,4195.200195,4187.899902,4187.899902,changed
2026-10-05 11:45:00+00:00,2026-10-07T07:57:36Z,4182.600098,4184.899902,4179.100098,4184.100098,4182.700195,4184.899902,4179.100098,4184.100098,changed
2026-10-05 13:15:00+00:00,2026-10-07T07:57:36Z,4180.100098,4182.299805,4178.100098,4180.899902,4180.000000,4182.299805,4178.100098,4180.899902,changed
2026-10-05 13:30:00+00:00,2026-10-07T07:57:36Z,4180.799805,4182.000000,4165.000000,4166.299805,4180.799805,4182.000000,4165.000000,4165.899902,changed
2026-10-05 13:45:00+00:00,2026-10-07T07:57:36Z,4166.100098,4172.799805,4159.100098,4163.000000,4165.899902,4172.799805,4159.100098,4163.399902,changed
2026-10-05 14:00:00+00:00,2026-10-07T07:57:36Z,4162.899902,4175.100098,4162.899902,4170.500000,4163.000000,4175.100098,4162.899902,4170.299805,changed
2026-10-05 14:15:00+00:00,2026-10-07T07:57:36Z,4170.399902,4170.799805,4164.799805,4165.200195,4170.100098,4170.799805,4164.799805,4165.200195,changed
2026-10-05 14:30:00+00:00,2026-10-07T07:57:36Z,4165.000000,4170.399902,4160.000000,4168.600098,4165.200195,4170.399902,4160.000000,4168.700195,changed
2026-10-05 14:45:00+00:00,2026-10-07T07:57:36Z,4168.700195,4176.600098,4165.000000,4175.100098,4168.600098,4176.600098,4165.000000,4175.000000,changed
2026-10-05 15:45:00+00:00,2026-10-07T07:57:36Z,4164.200195,4167.600098,4161.799805,4164.700195,4164.299805,4167.600098,4161.799805,4164.700195,changed
2026-10-05 16:30:00+00:00,2026-10-07T07:57:36Z,4155.399902,4159.299805,4155.000000,4158.899902,4155.299805,4159.299805,4155.000000,4158.899902,changed
2026-10-05 17:30:00+00:00,2026-10-07T07:57:36Z,4157.200195,4160.600098,4154.700195,4159.899902,4157.399902,4160.600098,4154.700195,4159.899902,changed
2026-10-05 19:30:00+00:00,2026-10-07T07:57:36Z,4169.399902,4171.600098,4169.100098,4169.700195,4169.600098,4171.600098,4169.100098,4169.700195,changed
2026-10-05 19:45:00+00:00,2026-10-07T07:57:36Z,4169.799805,4170.000000,4166.100098,4168.299805,4169.700195,4170.000000,4166.100098,4168.299805,changed
2026-10-05 20:00:00+00:00,2026-10-07T07:57:36Z,4168.200195,4168.799805,4165.000000,4166.299805,4168.399902,4168.799805,4165.000000,4166.299805,changed
2026-10-05 22:00:00+00:00,2026-10-07T07:57:36Z,4168.899902,4172.000000,4168.500000,4169.600098,4169.200195,4172.000000,4168.500000,4169.600098,changed
2026-10-06 00:00:00+00:00,2026-10-07T07:57:36Z,4161.000000,4164.799805,4160.100098,4163.299805,4161.200195,4164.799805,4160.100098,4163.299805,changed
2026-10-06 00:30:00+00:00,2026-10-07T07:57:36Z,4167.799805,4172.299805,4162.899902,4165.299805,4167.899902,4172.299805,4162.899902,4165.299805,changed
2026-10-06 00:45:00+00:00,2026-10-07T07:57:36Z,4166.000000,4178.799805,4165.500000,4178.299805,4165.500000,4178.799805,4165.500000,4178.399902,changed
2026-10-06 01:00:00+00:00,2026-10-07T07:57:36Z,4177.899902,4179.600098,4173.600098,4176.799805,4178.100098,4179.600098,4173.600098,4176.799805,changed
2026-10-06 01:45:00+00:00,2026-10-07T07:57:36Z,4160.100098,4160.799805,4156.000000,4157.200195,4160.200195,4160.799805,4156.000000,4157.200195,changed
2026-10-06 02:15:00+00:00,2026-10-07T07:57:36Z,4157.799805,4158.600098,4153.399902,4153.700195,4157.399902,4158.600098,4153.399902,4153.700195,changed
2026-10-06 02:45:00+00:00,2026-10-07T07:57:36Z,4148.500000,4166.200195,4148.000000,4157.399902,4148.700195,4166.200195,4148.000000,4157.399902,changed
2026-10-06 05:45:00+00:00,2026-10-07T07:57:36Z,4148.600098,4149.700195,4143.299805,4146.600098,4148.600098,4149.700195,4143.299805,4146.700195,changed
2026-10-06 06:00:00+00:00,2026-10-07T07:57:36Z,4146.299805,4150.299805,4140.100098,4149.600098,4146.600098,4150.299805,4140.100098,4149.600098,changed
2026-10-06 06:30:00+00:00,2026-10-07T07:57:36Z,4161.500000,4162.600098,4156.600098,4158.000000,4161.299805,4162.600098,4156.600098,4158.000000,changed
2026-10-06 06:45:00+00:00,2026-10-07T07:57:36Z,4157.600098,4162.100098,4157.100098,4158.899902,4157.700195,4162.100098,4157.100098,4158.899902,changed
2026-10-06 07:30:00+00:00,2026-10-07T07:57:36Z,4162.100098,4167.200195,4160.000000,4165.799805,4162.000000,4167.200195,4160.000000,4165.799805,changed
2026-10-06 08:00:00+00:00,2026-10-07T07:57:36Z,4167.399902,4171.600098,4165.200195,4167.399902,4167.500000,4171.600098,4165.200195,4167.200195,changed
2026-10-06 08:15:00+00:00,2026-10-07T07:57:36Z,4167.399902,4175.000000,4167.100098,4173.500000,4167.100098,4175.000000,4167.100098,4173.500000,changed
2026-10-06 08:30:00+00:00,2026-10-07T07:57:36Z,4173.600098,4181.200195,4172.600098,4180.000000,4173.399902,4181.200195,4172.600098,4180.000000,changed
2026-10-06 09:00:00+00:00,2026-10-07T07:57:36Z,4182.500000,4184.299805,4177.200195,4177.200195,4182.600098,4184.299805,4177.200195,4177.299805,changed
2026-10-06 09:30:00+00:00,2026-10-07T07:57:36Z,4183.799805,4185.899902,4181.200195,4181.399902,4183.899902,4185.899902,4181.200195,4181.399902,changed
2026-10-06 11:45:00+00:00,2026-10-07T07:57:36Z,4199.899902,4202.799805,4198.000000,4201.500000,4200.100098,4202.799805,4198.000000,4201.500000,changed
2026-10-06 12:00:00+00:00,2026-10-07T07:57:36Z,4201.700195,4208.000000,4201.200195,4206.700195,4201.700195,4208.000000,4201.200195,4206.799805,changed
2026-10-06 12:15:00+00:00,2026-10-07T07:57:36Z,4207.000000,4207.500000,4201.600098,4203.600098,4206.899902,4207.500000,4201.600098,4203.799805,changed
2026-10-06 13:15:00+00:00,2026-10-07T07:57:36Z,4199.899902,4200.200195,4188.700195,4189.200195,4200.000000,4200.200195,4188.700195,4189.200195,changed
2026-10-06 13:30:00+00:00,2026-10-07T07:57:36Z,4189.200195,4192.899902,4183.200195,4185.799805,4189.299805,4192.899902,4183.200195,4185.700195,changed
2026-10-06 13:45:00+00:00,2026-10-07T07:57:36Z,4185.500000,4186.000000,4179.299805,4180.100098,4186.000000,4186.000000,4179.299805,4180.000000,changed
2026-10-06 14:00:00+00:00,2026-10-07T07:57:36Z,4180.000000,4185.799805,4179.100098,4181.500000,4180.100098,4185.799805,4179.100098,4182.299805,changed
2026-10-06 14:15:00+00:00,2026-10-07T07:57:36Z,4182.000000,4182.700195,4171.299805,4173.600098,4181.899902,4182.700195,4171.299805,4173.600098,changed
2026-10-06 14:45:00+00:00,2026-10-07T07:57:36Z,4180.299805,4185.899902,4177.100098,4184.500000,4180.500000,4185.899902,4177.100098,4184.500000,changed
2026-10-06 15:00:00+00:00,2026-10-07T07:57:36Z,4184.399902,4192.100098,4183.899902,4190.299805,4184.399902,4192.100098,4183.899902,4190.500000,changed
2026-10-06 15:15:00+00:00,2026-10-07T07:57:36Z,4190.700195,4192.700195,4188.899902,4191.200195,4190.600098,4192.700195,4188.899902,4191.200195,changed
2026-10-06 16:15:00+00:00,2026-10-07T07:57:36Z,4190.700195,4192.700195,4187.899902,4188.100098,4190.600098,4192.700195,4187.899902,4188.100098,changed
2026-10-06 17:15:00+00:00,2026-10-07T07:57:36Z,4190.000000,4191.600098,4185.200195,4188.299805,4189.899902,4191.600098,4185.200195,4188.299805,changed
2026-10-06 17:30:00+00:00,2026-10-07T07:57:36Z,4188.200195,4193.200195,4187.600098,4192.399902,4188.399902,4193.200195,4187.600098,4192.399902,changed
2026-10-06 17:45:00+00:00,2026-10-07T07:57:36Z,4192.700195,4193.700195,4191.200195,4192.000000,4192.600098,4193.700195,4191.200195,4192.000000,changed
2026-10-06 18:30:00+00:00,2026-10-07T07:57:36Z,4197.000000,4198.200195,4194.399902,4197.899902,4196.899902,4198.200195,4194.399902,4197.899902,changed
2026-10-06 19:15:00+00:00,2026-10-07T07:57:36Z,4204.299805,4205.399902,4199.700195,4200.000000,4204.299805,4205.399902,4199.700195,4199.899902,changed
2026-10-06 19:30:00+00:00,2026-10-07T07:57:36Z,4199.700195,4200.000000,4195.899902,4197.000000,4200.000000,4200.000000,4195.899902,4197.000000,changed
2026-10-06 19:45:00+00:00,2026-10-07T07:57:36Z,4197.000000,4198.100098,4194.600098,4197.299805,4197.000000,4198.100098,4194.600098,4197.100098,changed
2026-10-06 23:00:00+00:00,2026-10-07T07:57:36Z,4192.500000,4193.600098,4192.299805,4192.799805,4190.799805,4193.700195,4190.000000,4192.799805,changed
2026-10-06 23:30:00+00:00,2026-10-07T07:57:36Z,4197.200195,4197.200195,4193.200195,4194.700195,4196.899902,4197.799805,4193.200195,4194.700195,changed
2026-10-07 00:00:00+00:00,2026-10-07T07:57:36Z,4192.899902,4197.299805,4189.600098,4197.100098,4193.200195,4197.299805,4189.600098,4197.100098,changed
2026-10-07 01:00:00+00:00,2026-10-07T07:57:36Z,4183.799805,4183.799805,4179.000000,4179.799805,4183.799805,4183.799805,4179.000000,4179.500000,changed
2026-10-07 01:15:00+00:00,2026-10-07T07:57:36Z,4179.100098,4180.500000,4176.799805,4179.500000,4179.200195,4180.500000,4176.799805,4179.500000,changed
2026-10-07 01:30:00+00:00,2026-10-07T07:57:36Z,4179.299805,4182.299805,4176.299805,4178.299805,4179.399902,4182.299805,4176.299805,4178.299805,changed
2026-10-07 02:45:00+00:00,2026-10-07T07:57:36Z,4174.100098,4175.700195,4168.399902,4168.899902,4174.100098,4175.700195,4171.700195,4172.200195,changed
2026-10-07 04:45:00+00:00,2026-10-07T07:57:36Z,4163.500000,4165.600098,4161.000000,4161.600098,4163.700195,4165.600098,4161.000000,4161.600098,changed
2026-10-07 05:00:00+00:00,2026-10-07T07:57:36Z,4161.700195,4163.299805,4159.299805,4160.600098,4161.700195,4163.299805,4159.299805,4160.399902,changed
2026-10-07 05:15:00+00:00,2026-10-07T07:57:36Z,4160.100098,4160.700195,4157.700195,4160.100098,4160.200195,4160.700195,4157.700195,4160.100098,changed
2026-10-07 07:00:00+00:00,2026-10-07T07:57:36Z,4156.600098,4161.399902,4156.500000,4158.000000,4156.700195,4161.399902,4156.500000,4158.000000,changed
2026-10-07 07:15:00+00:00,2026-10-07T07:57:36Z,4157.899902,4160.200195,4154.500000,4159.600098,4157.899902,4162.399902,4154.500000,4159.100098,changed
2026-10-01 00:00:00+00:00,2026-10-07T08:12:08Z,4186.100098,4186.200195,4180.500000,4182.799805,4186.000000,4186.200195,4180.500000,4182.799805,changed
2026-10-01 02:00:00+00:00,2026-10-07T08:12:08Z,4186.100098,4187.700195,4181.200195,4183.600098,4186.700195,4187.700195,4181.200195,4183.600098,changed
2026-10-01 03:00:00+00:00,2026-10-07T08:12:08Z,4190.299805,4198.200195,4188.799805,4197.000000,4190.899902,4198.200195,4188.799805,4197.000000,changed
2026-10-01 03:15:00+00:00,2026-10-07T08:12:08Z,4197.000000,4198.000000,4192.899902,4193.700195,4197.500000,4198.000000,4192.899902,4193.700195,changed
2026-10-01 03:45:00+00:00,2026-10-07T08:12:08Z,4199.000000,4206.399902,4198.399902,4205.399902,4199.100098,4206.399902,4198.399902,4205.399902,changed
2026-10-01 05:30:00+00:00,2026-10-07T08:12:08Z,4217.100098,4222.799805,4214.799805,4216.799805,4217.200195,4222.799805,4214.799805,4216.799805,changed
2026-10-01 06:45:00+00:00,2026-10-07T08:12:08Z,4214.200195,4215.299805,4210.399902,4211.600098,4214.100098,4215.299805,4210.399902,4211.600098,changed
2026-10-01 07:00:00+00:00,2026-10-07T08:12:08Z,4211.500000,4213.500000,4202.000000,4202.299805,4211.899902,4213.500000,4202.000000,4202.299805,changed
2026-10-01 07:15:00+00:00,2026-10-07T08:12:08Z,4202.399902,4204.500000,4185.000000,4186.399902,4202.799805,4204.500000,4185.000000,4186.399902,changed
2026-10-01 07:30:00+00:00,2026-10-07T08:12:08Z,4186.399902,4195.399902,4184.200195,4193.399902,4186.299805,4195.399902,4184.200195,4193.299805,changed
2026-10-01 07:45:00+00:00,2026-10-07T08:12:08Z,4193.399902,4196.700195,4191.899902,4193.700195,4193.500000,4196.700195,4191.899902,4193.700195,changed
2026-10-01 08:15:00+00:00,2026-10-07T08:12:08Z,4189.399902,4192.399902,4184.399902,4186.600098,4189.500000,4192.399902,4184.399902,4186.600098,changed
2026-10-01 09:15:00+00:00,2026-10-07T08:12:08Z,4190.600098,4192.299805,4187.899902,4188.899902,4190.799805,4192.299805,4187.899902,4188.899902,changed
2026-10-01 09:30:00+00:00,2026-10-07T08:12:08Z,4189.100098,4193.000000,4188.799805,4191.100098,4189.100098,4193.000000,4188.799805,4191.200195,changed
2026-10-01 10:45:00+00:00,2026-10-07T08:12:08Z,4201.100098,4208.500000,4200.799805,4205.899902,4201.100098,4208.500000,4200.799805,4206.100098,changed
2026-10-01 11:00:00+00:00,2026-10-07T08:12:08Z,4206.100098,4206.100098,4198.700195,4199.200195,4205.600098,4206.100098,4198.700195,4199.200195,changed
2026-10-01 12:00:00+00:00,2026-10-07T08:12:08Z,4212.500000,4215.100098,4205.799805,4206.299805,4212.299805,4215.100098,4205.799805,4206.299805,changed
2026-10-01 12:30:00+00:00,2026-10-07T08:12:08Z,4209.200195,4216.799805,4207.799805,4212.200195,4209.700195,4216.799805,4207.799805,4212.200195,changed
2026-10-01 12:45:00+00:00,2026-10-07T08:12:08Z,4212.600098,4217.799805,4208.600098,4208.799805,4212.600098,4217.799805,4208.600098,4208.600098,changed
2026-10-01 13:00:00+00:00,2026-10-07T08:12:08Z,4208.899902,4211.799805,4203.100098,4203.200195,4208.799805,4211.799805,4203.100098,4203.200195,changed
2026-10-01 13:30:00+00:00,2026-10-07T08:12:08Z,4197.299805,4202.399902,4188.799805,4192.600098,4197.399902,4202.399902,4188.799805,4192.600098,changed
2026-10-01 13:45:00+00:00,2026-10-07T08:12:08Z,4192.700195,4195.600098,4190.000000,4195.100098,4192.600098,4195.600098,4190.000000,4195.299805,changed
2026-10-01 14:30:00+00:00,2026-10-07T08:12:08Z,4191.700195,4204.799805,4189.799805,4196.100098,4191.700195,4204.799805,4189.799805,4196.399902,changed
2026-10-01 15:00:00+00:00,2026-10-07T08:12:08Z,4192.299805,4192.600098,4179.500000,4185.899902,4191.899902,4192.600098,4179.500000,4185.899902,changed
2026-10-01 15:15:00+00:00,2026-10-07T08:12:08Z,4185.700195,4198.500000,4184.299805,4196.500000,4185.600098,4198.500000,4184.299805,4196.500000,changed
2026-10-01 16:00:00+00:00,2026-10-07T08:12:08Z,4199.100098,4206.600098,4198.000000,4199.500000,4199.299805,4206.600098,4198.000000,4199.500000,changed
2026-10-01 16:15:00+00:00,2026-10-07T08:12:08Z,4199.299805,4201.799805,4193.899902,4197.000000,4199.500000,4201.799805,4193.899902,4197.000000,changed
2026-10-01 16:45:00+00:00,2026-10-07T08:12:08Z,4195.399902,4197.399902,4189.500000,4192.200195,4195.399902,4197.399902,4189.500000,4192.100098,changed
2026-10-01 17:00:00+00:00,2026-10-07T08:12:08Z,4192.200195,4203.500000,4191.600098,4201.399902,4192.100098,4203.500000,4191.600098,4201.399902,changed
2026-10-01 17:15:00+00:00,2026-10-07T08:12:08Z,4201.500000,4207.600098,4200.100098,4203.100098,4201.399902,4207.600098,4200.100098,4203.000000,changed
2026-10-01 17:30:00+00:00,2026-10-07T08:12:08Z,4202.899902,4217.600098,4202.799805,4207.500000,4203.100098,4217.600098,4202.799805,4207.500000,changed
2026-10-01 22:00:00+00:00,2026-10-07T08:12:08Z,4204.600098,4207.200195,4202.100098,4202.700195,4204.500000,4207.200195,4202.100098,4202.700195,changed
2026-10-01 22:45:00+00:00,2026-10-07T08:12:08Z,4205.500000,4208.600098,4204.899902,4208.299805,4205.500000,4208.600098,4205.299805,4208.299805,changed
2026-10-02 00:00:00+00:00,2026-10-07T08:12:08Z,4211.399902,4212.000000,4198.600098,4199.299805,4211.399902,4212.000000,4198.600098,4199.700195,changed
2026-10-02 00:15:00+00:00,2026-10-07T08:12:08Z,4199.500000,4201.000000,4193.299805,4194.299805,4199.399902,4201.000000,4193.299805,4194.299805,changed
2026-10-02 01:00:00+00:00,2026-10-07T08:12:08Z,4182.500000,4184.200195,4162.899902,4170.399902,4182.299805,4184.200195,4162.899902,4170.399902,changed
2026-10-02 01:15:00+00:00,2026-10-07T08:12:08Z,4170.299805,4179.500000,4168.700195,4179.100098,4170.000000,4179.500000,4168.700195,4179.100098,changed
2026-10-02 01:30:00+00:00,2026-10-07T08:12:08Z,4178.799805,4181.000000,4174.600098,4178.299805,4179.000000,4181.000000,4174.600098,4178.299805,changed
2026-10-02 04:45:00+00:00,2026-10-07T08:12:08Z,4212.399902,4215.000000,4211.200195,4214.799805,4212.600098,4215.000000,4211.200195,4214.799805,changed
2026-10-02 05:00:00+00:00,2026-10-07T08:12:08Z,4214.500000,4222.299805,4213.899902,4217.700195,4214.600098,4222.299805,4213.899902,4217.700195,changed
2026-10-02 06:00:00+00:00,2026-10-07T08:12:08Z,4216.100098,4226.799805,4215.799805,4222.200195,4216.500000,4226.799805,4215.799805,4222.200195,changed
2026-10-02 06:30:00+00:00,2026-10-07T08:12:08Z,4219.399902,4220.299805,4209.500000,4210.299805,4219.600098,4220.299805,4209.500000,4210.299805,changed
2026-10-02 08:15:00+00:00,2026-10-07T08:12:08Z,4219.000000,4220.200195,4212.299805,4215.700195,4219.000000,4220.200195,4212.299805,4215.500000,changed
2026-10-02 08:30:00+00:00,2026-10-07T08:12:08Z,4215.299805,4216.600098,4210.299805,4210.700195,4215.000000,4216.600098,4210.299805,4210.700195,changed
2026-10-02 10:30:00+00:00,2026-10-07T08:12:08Z,4204.000000,4212.500000,4203.000000,4211.399902,4203.899902,4212.500000,4203.000000,4211.399902,changed
2026-10-02 10:45:00+00:00,2026-10-07T08:12:08Z,4211.500000,4212.799805,4209.299805,4212.700195,4211.600098,4212.799805,4209.299805,4212.700195,changed
2026-10-02 11:00:00+00:00,2026-10-07T08:12:08Z,4212.600098,4218.700195,4211.700195,4217.799805,4212.600098,4218.700195,4211.700195,4217.500000,changed
2026-10-02 11:15:00+00:00,2026-10-07T08:12:08Z,4217.700195,4218.600098,4210.600098,4211.000000,4217.799805,4218.600098,4210.600098,4211.000000,changed
2026-10-02 12:00:00+00:00,2026-10-07T08:12:08Z,4211.500000,4212.000000,4204.399902,4207.500000,4211.299805,4212.000000,4204.399902,4207.500000,changed
2026-10-02 12:30:00+00:00,2026-10-07T08:12:08Z,4216.899902,4259.000000,4216.500000,4241.299805,4216.500000,4259.000000,4216.500000,4240.899902,changed
2026-10-02 12:45:00+00:00,2026-10-07T08:12:08Z,4241.500000,4250.700195,4234.100098,4248.200195,4241.100098,4250.700195,4234.100098,4248.200195,changed
2026-10-02 13:15:00+00:00,2026-10-07T08:12:08Z,4225.299805,4226.200195,4213.200195,4223.100098,4225.299805,4226.200195,4213.200195,4222.700195,changed
2026-10-02 13:30:00+00:00,2026-10-07T08:12:08Z,4223.000000,4231.600098,4212.500000,4216.100098,4223.299805,4231.600098,4212.500000,4216.100098,changed
2026-10-02 13:45:00+00:00,2026-10-07T08:12:08Z,4215.600098,4222.899902,4207.700195,4221.200195,4215.600098,4222.899902,4207.700195,4220.500000,changed
2026-10-02 14:00:00+00:00,2026-10-07T08:12:08Z,4220.700195,4226.600098,4209.100098,4218.600098,4220.600098,4226.600098,4209.100098,4218.600098,changed
2026-10-02 14:45:00+00:00,2026-10-07T08:12:08Z,4205.200195,4206.100098,4184.500000,4188.299805,4205.200195,4206.100098,4184.500000,4188.200195,changed
2026-10-02 15:00:00+00:00,2026-10-07T08:12:08Z,4188.399902,4189.399902,4171.100098,4174.299805,4188.500000,4189.399902,4171.100098,4174.299805,changed
2026-10-02 15:15:00+00:00,2026-10-07T08:12:08Z,4174.200195,4175.700195,4161.700195,4171.299805,4173.600098,4175.700195,4161.700195,4171.200195,changed
2026-10-02 15:45:00+00:00,2026-10-07T08:12:08Z,4163.399902,4167.299805,4153.799805,4156.100098,4163.600098,4167.299805,4153.799805,4156.100098,changed
2026-10-02 16:00:00+00:00,2026-10-07T08:12:08Z,4156.200195,4165.600098,4154.600098,4163.799805,4156.299805,4165.600098,4154.600098,4163.799805,changed
2026-10-02 16:45:00+00:00,2026-10-07T08:12:08Z,4164.299805,4169.399902,4164.299805,4168.200195,4165.000000,4169.399902,4164.299805,4168.200195,changed
2026-10-02 17:15:00+00:00,2026-10-07T08:12:08Z,4165.299805,4168.200195,4158.899902,4162.600098,4165.500000,4168.200195,4158.899902,4162.600098,changed
2026-10-02 17:30:00+00:00,2026-10-07T08:12:08Z,4162.399902,4169.000000,4161.299805,4166.600098,4161.799805,4169.000000,4161.299805,4166.600098,changed
2026-10-02 19:00:00+00:00,2026-10-07T08:12:08Z,4175.700195,4178.399902,4172.799805,4178.000000,4175.799805,4178.399902,4172.799805,4178.000000,changed
2026-10-02 19:30:00+00:00,2026-10-07T08:12:08Z,4177.299805,4178.899902,4171.899902,4171.899902,4177.500000,4178.899902,4171.899902,4172.000000,changed
2026-10-02 19:45:00+00:00,2026-10-07T08:12:08Z,4171.500000,4176.899902,4169.399902,4176.600098,4171.500000,4176.899902,4169.399902,4176.399902,changed
2026-10-02 20:00:00+00:00,2026-10-07T08:12:08Z,4176.799805,4177.700195,4169.000000,4172.100098,4176.899902,4177.700195,4169.000000,4172.100098,changed
2026-10-02 20:45:00+00:00,2026-10-07T08:12:08Z,4167.000000,4172.100098,4162.299805,4162.299805,4166.899902,4172.100098,4162.299805,4162.299805,changed
2026-10-05 00:30:00+00:00,2026-10-07T08:12:08Z,4183.799805,4184.100098,4179.600098,4181.299805,4183.799805,4184.100098,4180.100098,4181.299805,changed
2026-10-05 04:15:00+00:00,2026-10-07T08:12:08Z,4162.600098,4163.399902,4152.299805,4153.899902,4162.000000,4163.399902,4152.299805,4154.000000,changed
2026-10-05 04:30:00+00:00,2026-10-07T08:12:08Z,4154.000000,4161.600098,4153.299805,4161.100098,4153.899902,4161.600098,4153.299805,4161.100098,changed
2026-10-05 05:00:00+00:00,2026-10-07T08:12:08Z,4159.000000,4167.899902,4158.299805,4166.399902,4159.200195,4167.899902,4158.299805,4166.399902,changed
2026-10-05 06:00:00+00:00,2026-10-07T08:12:08Z,4162.100098,4181.500000,4161.700195,4179.399902,4161.799805,4181.500000,4161.700195,4179.399902,changed
2026-10-05 06:15:00+00:00,2026-10-07T08:12:08Z,4179.500000,4184.100098,4174.600098,4183.100098,4179.100098,4184.100098,4174.600098,4183.000000,changed
2026-10-05 06:30:00+00:00,2026-10-07T08:12:08Z,4182.600098,4183.500000,4176.899902,4180.799805,4182.600098,4183.500000,4176.899902,4180.399902,changed
2026-10-05 06:45:00+00:00,2026-10-07T08:12:08Z,4180.700195,4183.899902,4176.100098,4183.700195,4180.200195,4183.899902,4176.100098,4183.899902,changed
2026-10-05 07:00:00+00:00,2026-10-07T08:12:08Z,4183.700195,4187.299805,4177.899902,4184.100098,4184.000000,4187.299805,4177.899902,4184.100098,changed
2026-10-05 07:45:00+00:00,2026-10-07T08:12:08Z,4187.600098,4194.899902,4186.000000,4188.700195,4187.700195,4194.899902,4186.000000,4188.700195,changed
2026-10-05 08:00:00+00:00,2026-10-07T08:12:08Z,4189.000000,4197.899902,4187.500000,4196.899902,4188.700195,4197.899902,4187.500000,4196.899902,changed
2026-10-05 09:30:00+00:00,2026-10-07T08:12:08Z,4194.399902,4195.200195,4187.899902,4187.899902,4194.799805,4195.200195,4187.899902,4187.899902,changed
2026-10-05 11:45:00+00:00,2026-10-07T08:12:08Z,4182.700195,4184.899902,4179.100098,4184.100098,4182.600098,4184.899902,4179.100098,4184.100098,changed
2026-10-05 13:15:00+00:00,2026-10-07T08:12:08Z,4180.000000,4182.299805,4178.100098,4180.899902,4180.100098,4182.299805,4178.100098,4180.899902,changed
2026-10-05 13:30:00+00:00,2026-10-07T08:12:08Z,4180.799805,4182.000000,4165.000000,4165.899902,4180.799805,4182.000000,4165.000000,4166.299805,changed
2026-10-05 13:45:00+00:00,2026-10-07T08:12:08Z,4165.899902,4172.799805,4159.100098,4163.399902,4166.100098,4172.799805,4159.100098,4163.000000,changed
2026-10-05 14:00:00+00:00,2026-10-07T08:12:08Z,4163.000000,4175.100098,4162.899902,4170.299805,4162.899902,4175.100098,4162.899902,4170.500000,changed
2026-10-05 14:15:00+00:00,2026-10-07T08:12:08Z,4170.100098,4170.799805,4164.799805,4165.200195,4170.399902,4170.799805,4164.799805,4165.200195,changed
2026-10-05 14:30:00+00:00,2026-10-07T08:12:08Z,4165.200195,4170.399902,4160.000000,4168.700195,4165.000000,4170.399902,4160.000000,4168.600098,changed
2026-10-05 14:45:00+00:00,2026-10-07T08:12:08Z,4168.600098,4176.600098,4165.000000,4175.000000,4168.700195,4176.600098,4165.000000,4175.100098,changed
2026-10-05 15:45:00+00:00,2026-10-07T08:12:08Z,4164.299805,4167.600098,4161.799805,4164.700195,4164.200195,4167.600098,4161.799805,4164.700195,changed
2026-10-05 16:30:00+00:00,2026-10-07T08:12:08Z,4155.299805,4159.299805,4155.000000,4158.899902,4155.399902,4159.299805,4155.000000,4158.899902,changed
2026-10-05 17:30:00+00:00,2026-10-07T08:12:08Z,4157.399902,4160.600098,4154.700195,4159.899902,4157.200195,4160.600098,4154.700195,4159.899902,changed
2026-10-05 19:30:00+00:00,2026-10-07T08:12:08Z,4169.600098,4171.600098,4169.100098,4169.700195,4169.399902,4171.600098,4169.100098,4169.700195,changed
2026-10-05 19:45:00+00:00,2026-10-07T08:12:08Z,4169.700195,4170.000000,4166.100098,4168.299805,4169.799805,4170.000000,4166.100098,4168.299805,changed
2026-10-05 20:00:00+00:00,2026-10-07T08:12:08Z,4168.399902,4168.799805,4165.000000,4166.299805,4168.200195,4168.799805,4165.000000,4166.299805,changed
2026-10-05 22:00:00+00:00,2026-10-07T08:12:08Z,4169.200195,4172.000000,4168.500000,4169.600098,4168.899902,4172.000000,4168.500000,4169.600098,changed
2026-10-06 00:00:00+00:00,2026-10-07T08:12:08Z,4161.200195,4164.799805,4160.100098,4163.299805,4161.000000,4164.799805,4160.100098,4163.299805,changed
2026-10-06 00:30:00+00:00,2026-10-07T08:12:08Z,4167.899902,4172.299805,4162.899902,4165.299805,4167.799805,4172.299805,4162.899902,4165.299805,changed
2026-10-06 00:45:00+00:00,2026-10-07T08:12:08Z,4165.500000,4178.799805,4165.500000,4178.399902,4166.000000,4178.799805,4165.500000,4178.299805,changed
2026-10-06 01:00:00+00:00,2026-10-07T08:12:08Z,4178.100098,4179.600098,4173.600098,4176.799805,4177.899902,4179.600098,4173.600098,4176.799805,changed
2026-10-06 01:45:00+00:00,2026-10-07T08:12:08Z,4160.200195,4160.799805,4156.000000,4157.200195,4160.100098,4160.799805,4156.000000,4157.200195,changed
2026-10-06 02:15:00+00:00,2026-10-07T08:12:08Z,4157.399902,4158.600098,4153.399902,4153.700195,4157.799805,4158.600098,4153.399902,4153.700195,changed
2026-10-06 02:45:00+00:00,2026-10-07T08:12:08Z,4148.700195,4166.200195,4148.000000,4157.399902,4148.500000,4166.200195,4148.000000,4157.399902,changed
2026-10-06 05:45:00+00:00,2026-10-07T08:12:08Z,4148.600098,4149.700195,4143.299805,4146.700195,4148.600098,4149.700195,4143.299805,4146.600098,changed
2026-10-06 06:00:00+00:00,2026-10-07T08:12:08Z,4146.600098,4150.299805,4140.100098,4149.600098,4146.299805,4150.299805,4140.100098,4149.600098,changed
2026-10-06 06:30:00+00:00,2026-10-07T08:12:08Z,4161.299805,4162.600098,4156.600098,4158.000000,4161.500000,4162.600098,4156.600098,4158.000000,changed
2026-10-06 06:45:00+00:00,2026-10-07T08:12:08Z,4157.700195,4162.100098,4157.100098,4158.899902,4157.600098,4162.100098,4157.100098,4158.899902,changed
2026-10-06 07:30:00+00:00,2026-10-07T08:12:08Z,4162.000000,4167.200195,4160.000000,4165.799805,4162.100098,4167.200195,4160.000000,4165.799805,changed
2026-10-06 08:00:00+00:00,2026-10-07T08:12:08Z,4167.500000,4171.600098,4165.200195,4167.200195,4167.399902,4171.600098,4165.200195,4167.399902,changed
2026-10-06 08:15:00+00:00,2026-10-07T08:12:08Z,4167.100098,4175.000000,4167.100098,4173.500000,4167.399902,4175.000000,4167.100098,4173.500000,changed
2026-10-06 08:30:00+00:00,2026-10-07T08:12:08Z,4173.399902,4181.200195,4172.600098,4180.000000,4173.600098,4181.200195,4172.600098,4180.000000,changed
2026-10-06 09:00:00+00:00,2026-10-07T08:12:08Z,4182.600098,4184.299805,4177.200195,4177.299805,4182.500000,4184.299805,4177.200195,4177.200195,changed
2026-10-06 09:30:00+00:00,2026-10-07T08:12:08Z,4183.899902,4185.899902,4181.200195,4181.399902,4183.799805,4185.899902,4181.200195,4181.399902,changed
2026-10-06 11:45:00+00:00,2026-10-07T08:12:08Z,4200.100098,4202.799805,4198.000000,4201.500000,4199.899902,4202.799805,4198.000000,4201.500000,changed
2026-10-06 12:00:00+00:00,2026-10-07T08:12:08Z,4201.700195,4208.000000,4201.200195,4206.799805,4201.700195,4208.000000,4201.200195,4206.700195,changed
2026-10-06 12:15:00+00:00,2026-10-07T08:12:08Z,4206.899902,4207.500000,4201.600098,4203.799805,4207.000000,4207.500000,4201.600098,4203.600098,changed
2026-10-06 13:15:00+00:00,2026-10-07T08:12:08Z,4200.000000,4200.200195,4188.700195,4189.200195,4199.899902,4200.200195,4188.700195,4189.200195,changed
2026-10-06 13:30:00+00:00,2026-10-07T08:12:08Z,4189.299805,4192.899902,4183.200195,4185.700195,4189.200195,4192.899902,4183.200195,4185.799805,changed
2026-10-06 13:45:00+00:00,2026-10-07T08:12:08Z,4186.000000,4186.000000,4179.299805,4180.000000,4185.500000,4186.000000,4179.299805,4180.100098,changed
2026-10-06 14:00:00+00:00,2026-10-07T08:12:08Z,4180.100098,4185.799805,4179.100098,4182.299805,4180.000000,4185.799805,4179.100098,4181.500000,changed
2026-10-06 14:15:00+00:00,2026-10-07T08:12:08Z,4181.899902,4182.700195,4171.299805,4173.600098,4182.000000,4182.700195,4171.299805,4173.600098,changed
2026-10-06 14:45:00+00:00,2026-10-07T08:12:08Z,4180.500000,4185.899902,4177.100098,4184.500000,4180.299805,4185.899902,4177.100098,4184.500000,changed
2026-10-06 15:00:00+00:00,2026-10-07T08:12:08Z,4184.399902,4192.100098,4183.899902,4190.500000,4184.399902,4192.100098,4183.899902,4190.299805,changed
2026-10-06 15:15:00+00:00,2026-10-07T08:12:08Z,4190.600098,4192.700195,4188.899902,4191.200195,4190.700195,4192.700195,4188.899902,4191.200195,changed
2026-10-06 16:15:00+00:00,2026-10-07T08:12:08Z,4190.600098,4192.700195,4187.899902,4188.100098,4190.700195,4192.700195,4187.899902,4188.100098,changed
2026-10-06 17:15:00+00:00,2026-10-07T08:12:08Z,4189.899902,4191.600098,4185.200195,4188.299805,4190.000000,4191.600098,4185.200195,4188.299805,changed
2026-10-06 17:30:00+00:00,2026-10-07T08:12:08Z,4188.399902,4193.200195,4187.600098,4192.399902,4188.200195,4193.200195,4187.600098,4192.399902,changed
2026-10-06 17:45:00+00:00,2026-10-07T08:12:08Z,4192.600098,4193.700195,4191.200195,4192.000000,4192.700195,4193.700195,4191.200195,4192.000000,changed
2026-10-06 18:30:00+00:00,2026-10-07T08:12:08Z,4196.899902,4198.200195,4194.399902,4197.899902,4197.000000,4198.200195,4194.399902,4197.899902,changed
2026-10-06 19:15:00+00:00,2026-10-07T08:12:08Z,4204.299805,4205.399902,4199.700195,4199.899902,4204.299805,4205.399902,4199.700195,4200.000000,changed
2026-10-06 19:30:00+00:00,2026-10-07T08:12:08Z,4200.000000,4200.000000,4195.899902,4197.000000,4199.700195,4200.000000,4195.899902,4197.000000,changed
2026-10-06 19:45:00+00:00,2026-10-07T08:12:08Z,4197.000000,4198.100098,4194.600098,4197.100098,4197.000000,4198.100098,4194.600098,4197.299805,changed
2026-10-06 23:00:00+00:00,2026-10-07T08:12:08Z,4190.799805,4193.700195,4190.000000,4192.799805,4192.500000,4193.600098,4192.299805,4192.799805,changed
2026-10-06 23:30:00+00:00,2026-10-07T08:12:08Z,4196.899902,4197.799805,4193.200195,4194.700195,4197.200195,4197.200195,4193.200195,4194.700195,changed
2026-10-07 00:00:00+00:00,2026-10-07T08:12:08Z,4193.200195,4197.299805,4189.600098,4197.100098,4192.899902,4197.299805,4189.600098,4197.100098,changed
2026-10-07 01:00:00+00:00,2026-10-07T08:12:08Z,4183.799805,4183.799805,4179.000000,4179.500000,4183.799805,4183.799805,4179.000000,4179.799805,changed
2026-10-07 01:15:00+00:00,2026-10-07T08:12:08Z,4179.200195,4180.500000,4176.799805,4179.500000,4179.100098,4180.500000,4176.799805,4179.500000,changed
2026-10-07 01:30:00+00:00,2026-10-07T08:12:08Z,4179.399902,4182.299805,4176.299805,4178.299805,4179.299805,4182.299805,4176.299805,4178.299805,changed
2026-10-07 02:45:00+00:00,2026-10-07T08:12:08Z,4174.100098,4175.700195,4171.700195,4172.200195,4174.100098,4175.700195,4168.399902,4168.899902,changed
2026-10-07 04:45:00+00:00,2026-10-07T08:12:08Z,4163.700195,4165.600098,4161.000000,4161.600098,4163.500000,4165.600098,4161.000000,4161.600098,changed
2026-10-07 05:00:00+00:00,2026-10-07T08:12:08Z,4161.700195,4163.299805,4159.299805,4160.399902,4161.700195,4163.299805,4159.299805,4160.600098,changed
2026-10-07 05:15:00+00:00,2026-10-07T08:12:08Z,4160.200195,4160.700195,4157.700195,4160.100098,4160.100098,4160.700195,4157.700195,4160.100098,changed
2026-10-07 07:00:00+00:00,2026-10-07T08:12:08Z,4156.700195,4161.399902,4156.500000,4158.000000,4156.600098,4161.399902,4156.500000,4158.000000,changed
2026-10-01 00:00:00+00:00,2026-10-07T08:50:45Z,4186.000000,4186.200195,4180.500000,4182.799805,4186.100098,4186.200195,4180.500000,4182.799805,changed
2026-10-01 02:00:00+00:00,2026-10-07T08:50:45Z,4186.700195,4187.700195,4181.200195,4183.600098,4186.100098,4187.700195,4181.200195,4183.600098,changed
2026-10-01 03:00:00+00:00,2026-10-07T08:50:45Z,4190.899902,4198.200195,4188.799805,4197.000000,4190.299805,4198.200195,4188.799805,4197.000000,changed
2026-10-01 03:15:00+00:00,2026-10-07T08:50:45Z,4197.500000,4198.000000,4192.899902,4193.700195,4197.000000,4198.000000,4192.899902,4193.700195,changed
2026-10-01 03:45:00+00:00,2026-10-07T08:50:45Z,4199.100098,4206.399902,4198.399902,4205.399902,4199.000000,4206.399902,4198.399902,4205.399902,changed
2026-10-01 05:30:00+00:00,2026-10-07T08:50:45Z,4217.200195,4222.799805,4214.799805,4216.799805,4217.100098,4222.799805,4214.799805,4216.799805,changed
2026-10-01 06:45:00+00:00,2026-10-07T08:50:45Z,4214.100098,4215.299805,4210.399902,4211.600098,4214.200195,4215.299805,4210.399902,4211.600098,changed
2026-10-01 07:00:00+00:00,2026-10-07T08:50:45Z,4211.899902,4213.500000,4202.000000,4202.299805,4211.500000,4213.500000,4202.000000,4202.299805,changed
2026-10-01 07:15:00+00:00,2026-10-07T08:50:45Z,4202.799805,4204.500000,4185.000000,4186.399902,4202.399902,4204.500000,4185.000000,4186.399902,changed
2026-10-01 07:30:00+00:00,2026-10-07T08:50:45Z,4186.299805,4195.399902,4184.200195,4193.299805,4186.399902,4195.399902,4184.200195,4193.399902,changed
2026-10-01 07:45:00+00:00,2026-10-07T08:50:45Z,4193.500000,4196.700195,4191.899902,4193.700195,4193.399902,4196.700195,4191.899902,4193.700195,changed
2026-10-01 08:15:00+00:00,2026-10-07T08:50:45Z,4189.500000,4192.399902,4184.399902,4186.600098,4189.399902,4192.399902,4184.399902,4186.600098,changed
2026-10-01 09:15:00+00:00,2026-10-07T08:50:45Z,4190.799805,4192.299805,4187.899902,4188.899902,4190.600098,4192.299805,4187.899902,4188.899902,changed
2026-10-01 09:30:00+00:00,2026-10-07T08:50:45Z,4189.100098,4193.000000,4188.799805,4191.200195,4189.100098,4193.000000,4188.799805,4191.100098,changed
2026-10-01 10:45:00+00:00,2026-10-07T08:50:45Z,4201.100098,4208.500000,4200.799805,4206.100098,4201.100098,4208.500000,4200.799805,4205.899902,changed
2026-10-01 11:00:00+00:00,2026-10-07T08:50:45Z,4205.600098,4206.100098,4198.700195,4199.200195,4206.100098,4206.100098,4198.700195,4199.200195,changed
2026-10-01 12:00:00+00:00,2026-10-07T08:50:45Z,4212.299805,4215.100098,4205.799805,4206.299805,4212.500000,4215.100098,4205.799805,4206.299805,changed
2026-10-01 12:30:00+00:00,2026-10-07T08:50:45Z,4209.700195,4216.799805,4207.799805,4212.200195,4209.200195,4216.799805,4207.799805,4212.200195,changed
2026-10-01 12:45:00+00:00,2026-10-07T08:50:45Z,4212.600098,4217.799805,4208.600098,4208.600098,4212.600098,4217.799805,4208.600098,4208.799805,changed
2026-10-01 13:00:00+00:00,2026-10-07T08:50:45Z,4208.799805,4211.799805,4203.100098,4203.200195,4208.899902,4211.799805,4203.100098,4203.200195,changed
2026-10-01 13:30:00+00:00,2026-10-07T08:50:45Z,4197.399902,4202.399902,4188.799805,4192.600098,4197.299805,4202.399902,4188.799805,4192.600098,changed
2026-10-01 13:45:00+00:00,2026-10-07T08:50:45Z,4192.600098,4195.600098,4190.000000,4195.299805,4192.700195,4195.600098,4190.000000,4195.100098,changed
2026-10-01 14:30:00+00:00,2026-10-07T08:50:45Z,4191.700195,4204.799805,4189.799805,4196.399902,4191.700195,4204.799805,4189.799805,4196.100098,changed
2026-10-01 15:00:00+00:00,2026-10-07T08:50:45Z,4191.899902,4192.600098,4179.500000,4185.899902,4192.299805,4192.600098,4179.500000,4185.899902,changed
2026-10-01 15:15:00+00:00,2026-10-07T08:50:45Z,4185.600098,4198.500000,4184.299805,4196.500000,4185.700195,4198.500000,4184.299805,4196.500000,changed
2026-10-01 16:00:00+00:00,2026-10-07T08:50:45Z,4199.299805,4206.600098,4198.000000,4199.500000,4199.100098,4206.600098,4198.000000,4199.500000,changed
2026-10-01 16:15:00+00:00,2026-10-07T08:50:45Z,4199.500000,4201.799805,4193.899902,4197.000000,4199.299805,4201.799805,4193.899902,4197.000000,changed
2026-10-01 16:45:00+00:00,2026-10-07T08:50:45Z,4195.399902,4197.399902,4189.500000,4192.100098,4195.399902,4197.399902,4189.500000,4192.200195,changed
2026-10-01 17:00:00+00:00,2026-10-07T08:50:45Z,4192.100098,4203.500000,4191.600098,4201.399902,4192.200195,4203.500000,4191.600098,4201.399902,changed
2026-10-01 17:15:00+00:00,2026-10-07T08:50:45Z,4201.399902,4207.600098,4200.100098,4203.000000,4201.500000,4207.600098,4200.100098,4203.100098,changed
2026-10-01 17:30:00+00:00,2026-10-07T08:50:45Z,4203.100098,4217.600098,4202.799805,4207.500000,4202.899902,4217.600098,4202.799805,4207.500000,changed
2026-10-01 22:00:00+00:00,2026-10-07T08:50:45Z,4204.500000,4207.200195,4202.100098,4202.700195,4204.600098,4207.200195,4202.100098,4202.700195,changed
2026-10-01 22:45:00+00:00,2026-10-07T08:50:45Z,4205.500000,4208.600098,4205.299805,4208.299805,4205.500000,4208.600098,4204.899902,4208.299805,changed
2026-10-02 00:00:00+00:00,2026-10-07T08:50:45Z,4211.399902,4212.000000,4198.600098,4199.700195,4211.399902,4212.000000,4198.600098,4199.299805,changed
2026-10-02 00:15:00+00:00,2026-10-07T08:50:45Z,4199.399902,4201.000000,4193.299805,4194.299805,4199.500000,4201.000000,4193.299805,4194.299805,changed
2026-10-02 01:00:00+00:00,2026-10-07T08:50:45Z,4182.299805,4184.200195,4162.899902,4170.399902,4182.500000,4184.200195,4162.899902,4170.399902,changed
2026-10-02 01:15:00+00:00,2026-10-07T08:50:45Z,4170.000000,4179.500000,4168.700195,4179.100098,4170.299805,4179.500000,4168.700195,4179.100098,changed
2026-10-02 01:30:00+00:00,2026-10-07T08:50:45Z,4179.000000,4181.000000,4174.600098,4178.299805,4178.799805,4181.000000,4174.600098,4178.299805,changed
2026-10-02 04:45:00+00:00,2026-10-07T08:50:45Z,4212.600098,4215.000000,4211.200195,4214.799805,4212.399902,4215.000000,4211.200195,4214.799805,changed
2026-10-02 05:00:00+00:00,2026-10-07T08:50:45Z,4214.600098,4222.299805,4213.899902,4217.700195,4214.500000,4222.299805,4213.899902,4217.700195,changed
2026-10-02 06:00:00+00:00,2026-10-07T08:50:45Z,4216.500000,4226.799805,4215.799805,4222.200195,4216.100098,4226.799805,4215.799805,4222.200195,changed
2026-10-02 06:30:00+00:00,2026-10-07T08:50:45Z,4219.600098,4220.299805,4209.500000,4210.299805,4219.399902,4220.299805,4209.500000,4210.299805,changed
2026-10-02 08:15:00+00:00,2026-10-07T08:50:45Z,4219.000000,4220.200195,4212.299805,4215.500000,4219.000000,4220.200195,4212.299805,4215.700195,changed
2026-10-02 08:30:00+00:00,2026-10-07T08:50:45Z,4215.000000,4216.600098,4210.299805,4210.700195,4215.299805,4216.600098,4210.299805,4210.700195,changed
2026-10-02 10:30:00+00:00,2026-10-07T08:50:45Z,4203.899902,4212.500000,4203.000000,4211.399902,4204.000000,4212.500000,4203.000000,4211.399902,changed
2026-10-02 10:45:00+00:00,2026-10-07T08:50:45Z,4211.600098,4212.799805,4209.299805,4212.700195,4211.500000,4212.799805,4209.299805,4212.700195,changed
2026-10-02 11:00:00+00:00,2026-10-07T08:50:45Z,4212.600098,4218.700195,4211.700195,4217.500000,4212.600098,4218.700195,4211.700195,4217.799805,changed
2026-10-02 11:15:00+00:00,2026-10-07T08:50:45Z,4217.799805,4218.600098,4210.600098,4211.000000,4217.700195,4218.600098,4210.600098,4211.000000,changed
2026-10-02 12:00:00+00:00,2026-10-07T08:50:45Z,4211.299805,4212.000000,4204.399902,4207.500000,4211.500000,4212.000000,4204.399902,4207.500000,changed
2026-10-02 12:30:00+00:00,2026-10-07T08:50:45Z,4216.500000,4259.000000,4216.500000,4240.899902,4216.899902,4259.000000,4216.500000,4241.299805,changed
2026-10-02 12:45:00+00:00,2026-10-07T08:50:45Z,4241.100098,4250.700195,4234.100098,4248.200195,4241.500000,4250.700195,4234.100098,4248.200195,changed
2026-10-02 13:15:00+00:00,2026-10-07T08:50:45Z,4225.299805,4226.200195,4213.200195,4222.700195,4225.299805,4226.200195,4213.200195,4223.100098,changed
2026-10-02 13:30:00+00:00,2026-10-07T08:50:45Z,4223.299805,4231.600098,4212.500000,4216.100098,4223.000000,4231.600098,4212.500000,4216.100098,changed
2026-10-02 13:45:00+00:00,2026-10-07T08:50:45Z,4215.600098,4222.899902,4207.700195,4220.500000,4215.600098,4222.899902,4207.700195,4221.200195,changed
2026-10-02 14:00:00+00:00,2026-10-07T08:50:45Z,4220.600098,4226.600098,4209.100098,4218.600098,4220.700195,4226.600098,4209.100098,4218.600098,changed
2026-10-02 14:45:00+00:00,2026-10-07T08:50:45Z,4205.200195,4206.100098,4184.500000,4188.200195,4205.200195,4206.100098,4184.500000,4188.299805,changed
2026-10-02 15:00:00+00:00,2026-10-07T08:50:45Z,4188.500000,4189.399902,4171.100098,4174.299805,4188.399902,4189.399902,4171.100098,4174.299805,changed
2026-10-02 15:15:00+00:00,2026-10-07T08:50:45Z,4173.600098,4175.700195,4161.700195,4171.200195,4174.200195,4175.700195,4161.700195,4171.299805,changed
2026-10-02 15:45:00+00:00,2026-10-07T08:50:45Z,4163.600098,4167.299805,4153.799805,4156.100098,4163.399902,4167.299805,4153.799805,4156.100098,changed
2026-10-02 16:00:00+00:00,2026-10-07T08:50:45Z,4156.299805,4165.600098,4154.600098,4163.799805,4156.200195,4165.600098,4154.600098,4163.799805,changed
2026-10-02 16:45:00+00:00,2026-10-07T08:50:45Z,4165.000000,4169.399902,4164.299805,4168.200195,4164.299805,4169.399902,4164.299805,4168.200195,changed
2026-10-02 17:15:00+00:00,2026-10-07T08:50:45Z,4165.500000,4168.200195,4158.899902,4162.600098,4165.299805,4168.200195,4158.899902,4162.600098,changed
2026-10-02 17:30:00+00:00,2026-10-07T08:50:45Z,4161.799805,4169.000000,4161.299805,4166.600098,4162.399902,4169.000000,4161.299805,4166.600098,changed
2026-10-02 19:00:00+00:00,2026-10-07T08:50:45Z,4175.799805,4178.399902,4172.799805,4178.000000,4175.700195,4178.399902,4172.799805,4178.000000,changed
2026-10-02 19:30:00+00:00,2026-10-07T08:50:45Z,4177.500000,4178.899902,4171.899902,4172.000000,4177.299805,4178.899902,4171.899902,4171.899902,changed
2026-10-02 19:45:00+00:00,2026-10-07T08:50:45Z,4171.500000,4176.899902,4169.399902,4176.399902,4171.500000,4176.899902,4169.399902,4176.600098,changed
2026-10-02 20:00:00+00:00,2026-10-07T08:50:45Z,4176.899902,4177.700195,4169.000000,4172.100098,4176.799805,4177.700195,4169.000000,4172.100098,changed
2026-10-02 20:45:00+00:00,2026-10-07T08:50:45Z,4166.899902,4172.100098,4162.299805,4162.299805,4167.000000,4172.100098,4162.299805,4162.299805,changed
2026-10-05 00:30:00+00:00,2026-10-07T08:50:45Z,4183.799805,4184.100098,4180.100098,4181.299805,4183.799805,4184.100098,4179.600098,4181.299805,changed
2026-10-05 04:15:00+00:00,2026-10-07T08:50:45Z,4162.000000,4163.399902,4152.299805,4154.000000,4162.600098,4163.399902,4152.299805,4153.899902,changed
2026-10-05 04:30:00+00:00,2026-10-07T08:50:45Z,4153.899902,4161.600098,4153.299805,4161.100098,4154.000000,4161.600098,4153.299805,4161.100098,changed
2026-10-05 05:00:00+00:00,2026-10-07T08:50:45Z,4159.200195,4167.899902,4158.299805,4166.399902,4159.000000,4167.899902,4158.299805,4166.399902,changed
2026-10-05 06:00:00+00:00,2026-10-07T08:50:45Z,4161.799805,4181.500000,4161.700195,4179.399902,4162.100098,4181.500000,4161.700195,4179.399902,changed
2026-10-05 06:15:00+00:00,2026-10-07T08:50:45Z,4179.100098,4184.100098,4174.600098,4183.000000,4179.500000,4184.100098,4174.600098,4183.100098,changed
2026-10-05 06:30:00+00:00,2026-10-07T08:50:45Z,4182.600098,4183.500000,4176.899902,4180.399902,4182.600098,4183.500000,4176.899902,4180.799805,changed
2026-10-05 06:45:00+00:00,2026-10-07T08:50:45Z,4180.200195,4183.899902,4176.100098,4183.899902,4180.700195,4183.899902,4176.100098,4183.700195,changed
2026-10-05 07:00:00+00:00,2026-10-07T08:50:45Z,4184.000000,4187.299805,4177.899902,4184.100098,4183.700195,4187.299805,4177.899902,4184.100098,changed
2026-10-05 07:45:00+00:00,2026-10-07T08:50:45Z,4187.700195,4194.899902,4186.000000,4188.700195,4187.600098,4194.899902,4186.000000,4188.700195,changed
2026-10-05 08:00:00+00:00,2026-10-07T08:50:45Z,4188.700195,4197.899902,4187.500000,4196.899902,4189.000000,4197.899902,4187.500000,4196.899902,changed
2026-10-05 09:30:00+00:00,2026-10-07T08:50:45Z,4194.799805,4195.200195,4187.899902,4187.899902,4194.399902,4195.200195,4187.899902,4187.899902,changed
2026-10-05 11:45:00+00:00,2026-10-07T08:50:45Z,4182.600098,4184.899902,4179.100098,4184.100098,4182.700195,4184.899902,4179.100098,4184.100098,changed
2026-10-05 13:15:00+00:00,2026-10-07T08:50:45Z,4180.100098,4182.299805,4178.100098,4180.899902,4180.000000,4182.299805,4178.100098,4180.899902,changed
2026-10-05 13:30:00+00:00,2026-10-07T08:50:45Z,4180.799805,4182.000000,4165.000000,4166.299805,4180.799805,4182.000000,4165.000000,4165.899902,changed
2026-10-05 13:45:00+00:00,2026-10-07T08:50:45Z,4166.100098,4172.799805,4159.100098,4163.000000,4165.899902,4172.799805,4159.100098,4163.399902,changed
2026-10-05 14:00:00+00:00,2026-10-07T08:50:45Z,4162.899902,4175.100098,4162.899902,4170.500000,4163.000000,4175.100098,4162.899902,4170.299805,changed
2026-10-05 14:15:00+00:00,2026-10-07T08:50:45Z,4170.399902,4170.799805,4164.799805,4165.200195,4170.100098,4170.799805,4164.799805,4165.200195,changed
2026-10-05 14:30:00+00:00,2026-10-07T08:50:45Z,4165.000000,4170.399902,4160.000000,4168.600098,4165.200195,4170.399902,4160.000000,4168.700195,changed
2026-10-05 14:45:00+00:00,2026-10-07T08:50:45Z,4168.700195,4176.600098,4165.000000,4175.100098,4168.600098,4176.600098,4165.000000,4175.000000,changed
2026-10-05 15:45:00+00:00,2026-10-07T08:50:45Z,4164.200195,4167.600098,4161.799805,4164.700195,4164.299805,4167.600098,4161.799805,4164.700195,changed
2026-10-05 16:30:00+00:00,2026-10-07T08:50:45Z,4155.399902,4159.299805,4155.000000,4158.899902,4155.299805,4159.299805,4155.000000,4158.899902,changed
2026-10-05 17:30:00+00:00,2026-10-07T08:50:45Z,4157.200195,4160.600098,4154.700195,4159.899902,4157.399902,4160.600098,4154.700195,4159.899902,changed
2026-10-05 19:30:00+00:00,2026-10-07T08:50:45Z,4169.399902,4171.600098,4169.100098,4169.700195,4169.600098,4171.600098,4169.100098,4169.700195,changed
2026-10-05 19:45:00+00:00,2026-10-07T08:50:45Z,4169.799805,4170.000000,4166.100098,4168.299805,4169.700195,4170.000000,4166.100098,4168.299805,changed
2026-10-05 20:00:00+00:00,2026-10-07T08:50:45Z,4168.200195,4168.799805,4165.000000,4166.299805,4168.399902,4168.799805,4165.000000,4166.299805,changed
2026-10-05 22:00:00+00:00,2026-10-07T08:50:45Z,4168.899902,4172.000000,4168.500000,4169.600098,4169.200195,4172.000000,4168.500000,4169.600098,changed
2026-10-06 00:00:00+00:00,2026-10-07T08:50:45Z,4161.000000,4164.799805,4160.100098,4163.299805,4161.200195,4164.799805,4160.100098,4163.299805,changed
2026-10-06 00:30:00+00:00,2026-10-07T08:50:45Z,4167.799805,4172.299805,4162.899902,4165.299805,4167.899902,4172.299805,4162.899902,4165.299805,changed
2026-10-06 00:45:00+00:00,2026-10-07T08:50:45Z,4166.000000,4178.799805,4165.500000,4178.299805,4165.500000,4178.799805,4165.500000,4178.399902,changed
2026-10-06 01:00:00+00:00,2026-10-07T08:50:45Z,4177.899902,4179.600098,4173.600098,4176.799805,4178.100098,4179.600098,4173.600098,4176.799805,changed
2026-10-06 01:45:00+00:00,2026-10-07T08:50:45Z,4160.100098,4160.799805,4156.000000,4157.200195,4160.200195,4160.799805,4156.000000,4157.200195,changed
2026-10-06 02:15:00+00:00,2026-10-07T08:50:45Z,4157.799805,4158.600098,4153.399902,4153.700195,4157.399902,4158.600098,4153.399902,4153.700195,changed
2026-10-06 02:45:00+00:00,2026-10-07T08:50:45Z,4148.500000,4166.200195,4148.000000,4157.399902,4148.700195,4166.200195,4148.000000,4157.399902,changed
2026-10-06 05:45:00+00:00,2026-10-07T08:50:45Z,4148.600098,4149.700195,4143.299805,4146.600098,4148.600098,4149.700195,4143.299805,4146.700195,changed
2026-10-06 06:00:00+00:00,2026-10-07T08:50:45Z,4146.299805,4150.299805,4140.100098,4149.600098,4146.600098,4150.299805,4140.100098,4149.600098,changed
2026-10-06 06:30:00+00:00,2026-10-07T08:50:45Z,4161.500000,4162.600098,4156.600098,4158.000000,4161.299805,4162.600098,4156.600098,4158.000000,changed
2026-10-06 06:45:00+00:00,2026-10-07T08:50:45Z,4157.600098,4162.100098,4157.100098,4158.899902,4157.700195,4162.100098,4157.100098,4158.899902,changed
2026-10-06 07:30:00+00:00,2026-10-07T08:50:45Z,4162.100098,4167.200195,4160.000000,4165.799805,4162.000000,4167.200195,4160.000000,4165.799805,changed
2026-10-06 08:00:00+00:00,2026-10-07T08:50:45Z,4167.399902,4171.600098,4165.200195,4167.399902,4167.500000,4171.600098,4165.200195,4167.200195,changed
2026-10-06 08:15:00+00:00,2026-10-07T08:50:45Z,4167.399902,4175.000000,4167.100098,4173.500000,4167.100098,4175.000000,4167.100098,4173.500000,changed
2026-10-06 08:30:00+00:00,2026-10-07T08:50:45Z,4173.600098,4181.200195,4172.600098,4180.000000,4173.399902,4181.200195,4172.600098,4180.000000,changed
2026-10-06 09:00:00+00:00,2026-10-07T08:50:45Z,4182.500000,4184.299805,4177.200195,4177.200195,4182.600098,4184.299805,4177.200195,4177.299805,changed
2026-10-06 09:30:00+00:00,2026-10-07T08:50:45Z,4183.799805,4185.899902,4181.200195,4181.399902,4183.899902,4185.899902,4181.200195,4181.399902,changed
2026-10-06 11:45:00+00:00,2026-10-07T08:50:45Z,4199.899902,4202.799805,4198.000000,4201.500000,4200.100098,4202.799805,4198.000000,4201.500000,changed
2026-10-06 12:00:00+00:00,2026-10-07T08:50:45Z,4201.700195,4208.000000,4201.200195,4206.700195,4201.700195,4208.000000,4201.200195,4206.799805,changed
2026-10-06 12:15:00+00:00,2026-10-07T08:50:45Z,4207.000000,4207.500000,4201.600098,4203.600098,4206.899902,4207.500000,4201.600098,4203.799805,changed
2026-10-06 13:15:00+00:00,2026-10-07T08:50:45Z,4199.899902,4200.200195,4188.700195,4189.200195,4200.000000,4200.200195,4188.700195,4189.200195,changed
2026-10-06 13:30:00+00:00,2026-10-07T08:50:45Z,4189.200195,4192.899902,4183.200195,4185.799805,4189.299805,4192.899902,4183.200195,4185.700195,changed
2026-10-06 13:45:00+00:00,2026-10-07T08:50:45Z,4185.500000,4186.000000,4179.299805,4180.100098,4186.000000,4186.000000,4179.299805,4180.000000,changed
2026-10-06 14:00:00+00:00,2026-10-07T08:50:45Z,4180.000000,4185.799805,4179.100098,4181.500000,4180.100098,4185.799805,4179.100098,4182.299805,changed
2026-10-06 14:15:00+00:00,2026-10-07T08:50:45Z,4182.000000,4182.700195,4171.299805,4173.600098,4181.899902,4182.700195,4171.299805,4173.600098,changed
2026-10-06 14:45:00+00:00,2026-10-07T08:50:45Z,4180.299805,4185.899902,4177.100098,4184.500000,4180.500000,4185.899902,4177.100098,4184.500000,changed
2026-10-06 15:00:00+00:00,2026-10-07T08:50:45Z,4184.399902,4192.100098,4183.899902,4190.299805,4184.399902,4192.100098,4183.899902,4190.500000,changed
2026-10-06 15:15:00+00:00,2026-10-07T08:50:45Z,4190.700195,4192.700195,4188.899902,4191.200195,4190.600098,4192.700195,4188.899902,4191.200195,changed
2026-10-06 16:15:00+00:00,2026-10-07T08:50:45Z,4190.700195,4192.700195,4187.899902,4188.100098,4190.600098,4192.700195,4187.899902,4188.100098,changed
2026-10-06 17:15:00+00:00,2026-10-07T08:50:45Z,4190.000000,4191.600098,4185.200195,4188.299805,4189.899902,4191.600098,4185.200195,4188.299805,changed
2026-10-06 17:30:00+00:00,2026-10-07T08:50:45Z,4188.200195,4193.200195,4187.600098,4192.399902,4188.399902,4193.200195,4187.600098,4192.399902,changed
2026-10-06 17:45:00+00:00,2026-10-07T08:50:45Z,4192.700195,4193.700195,4191.200195,4192.000000,4192.600098,4193.700195,4191.200195,4192.000000,changed
2026-10-06 18:30:00+00:00,2026-10-07T08:50:45Z,4197.000000,4198.200195,4194.399902,4197.899902,4196.899902,4198.200195,4194.399902,4197.899902,changed
2026-10-06 19:15:00+00:00,2026-10-07T08:50:45Z,4204.299805,4205.399902,4199.700195,4200.000000,4204.299805,4205.399902,4199.700195,4199.899902,changed
2026-10-06 19:30:00+00:00,2026-10-07T08:50:45Z,4199.700195,4200.000000,4195.899902,4197.000000,4200.000000,4200.000000,4195.899902,4197.000000,changed
2026-10-06 19:45:00+00:00,2026-10-07T08:50:45Z,4197.000000,4198.100098,4194.600098,4197.299805,4197.000000,4198.100098,4194.600098,4197.100098,changed
2026-10-06 23:00:00+00:00,2026-10-07T08:50:45Z,4192.500000,4193.600098,4192.299805,4192.799805,4190.799805,4193.700195,4190.000000,4192.799805,changed
2026-10-06 23:30:00+00:00,2026-10-07T08:50:45Z,4197.200195,4197.200195,4193.200195,4194.700195,4196.899902,4197.799805,4193.200195,4194.700195,changed
2026-10-07 00:00:00+00:00,2026-10-07T08:50:45Z,4192.899902,4197.299805,4189.600098,4197.100098,4193.200195,4197.299805,4189.600098,4197.100098,changed
2026-10-07 01:00:00+00:00,2026-10-07T08:50:45Z,4183.799805,4183.799805,4179.000000,4179.799805,4183.799805,4183.799805,4179.000000,4179.500000,changed
2026-10-07 01:15:00+00:00,2026-10-07T08:50:45Z,4179.100098,4180.500000,4176.799805,4179.500000,4179.200195,4180.500000,4176.799805,4179.500000,changed
2026-10-07 01:30:00+00:00,2026-10-07T08:50:45Z,4179.299805,4182.299805,4176.299805,4178.299805,4179.399902,4182.299805,4176.299805,4178.299805,changed
2026-10-07 03:00:00+00:00,2026-10-07T08:50:45Z,4168.700195,4169.500000,4165.700195,4165.899902,4168.899902,4169.500000,4164.700195,4165.899902,changed
2026-10-07 04:45:00+00:00,2026-10-07T08:50:45Z,4163.500000,4165.600098,4161.000000,4161.600098,4163.700195,4165.600098,4161.000000,4161.600098,changed
2026-10-07 05:00:00+00:00,2026-10-07T08:50:45Z,4161.700195,4163.299805,4159.299805,4160.600098,4161.700195,4163.299805,4159.299805,4160.399902,changed
2026-10-07 05:15:00+00:00,2026-10-07T08:50:45Z,4160.100098,4160.700195,4157.700195,4160.100098,4160.200195,4160.700195,4157.700195,4160.100098,changed
2026-10-07 07:00:00+00:00,2026-10-07T08:50:45Z,4156.600098,4161.399902,4156.500000,4158.000000,4156.700195,4161.399902,4156.500000,4158.000000,changed
2026-10-07 08:15:00+00:00,2026-10-07T08:50:45Z,4158.700195,4158.700195,4154.600098,4155.399902,4158.700195,4158.700195,4150.600098,4152.299805,changed
2026-10-01 00:00:00+00:00,2026-10-07T09:11:35Z,4186.100098,4186.200195,4180.500000,4182.799805,4186.000000,4186.200195,4180.500000,4182.799805,changed
2026-10-01 02:00:00+00:00,2026-10-07T09:11:35Z,4186.100098,4187.700195,4181.200195,4183.600098,4186.700195,4187.700195,4181.200195,4183.600098,changed
2026-10-01 03:00:00+00:00,2026-10-07T09:11:35Z,4190.299805,4198.200195,4188.799805,4197.000000,4190.899902,4198.200195,4188.799805,4197.000000,changed
2026-10-01 03:15:00+00:00,2026-10-07T09:11:35Z,4197.000000,4198.000000,4192.899902,4193.700195,4197.500000,4198.000000,4192.899902,4193.700195,changed
2026-10-01 03:45:00+00:00,2026-10-07T09:11:35Z,4199.000000,4206.399902,4198.399902,4205.399902,4199.100098,4206.399902,4198.399902,4205.399902,changed
2026-10-01 05:30:00+00:00,2026-10-07T09:11:35Z,4217.100098,4222.799805,4214.799805,4216.799805,4217.200195,4222.799805,4214.799805,4216.799805,changed
2026-10-01 06:45:00+00:00,2026-10-07T09:11:35Z,4214.200195,4215.299805,4210.399902,4211.600098,4214.100098,4215.299805,4210.399902,4211.600098,changed
2026-10-01 07:00:00+00:00,2026-10-07T09:11:35Z,4211.500000,4213.500000,4202.000000,4202.299805,4211.899902,4213.500000,4202.000000,4202.299805,changed
2026-10-01 07:15:00+00:00,2026-10-07T09:11:35Z,4202.399902,4204.500000,4185.000000,4186.399902,4202.799805,4204.500000,4185.000000,4186.399902,changed
2026-10-01 07:30:00+00:00,2026-10-07T09:11:35Z,4186.399902,4195.399902,4184.200195,4193.399902,4186.299805,4195.399902,4184.200195,4193.299805,changed
2026-10-01 07:45:00+00:00,2026-10-07T09:11:35Z,4193.399902,4196.700195,4191.899902,4193.700195,4193.500000,4196.700195,4191.899902,4193.700195,changed
2026-10-01 08:15:00+00:00,2026-10-07T09:11:35Z,4189.399902,4192.399902,4184.399902,4186.600098,4189.500000,4192.399902,4184.399902,4186.600098,changed
2026-10-01 09:15:00+00:00,2026-10-07T09:11:35Z,4190.600098,4192.299805,4187.899902,4188.899902,4190.799805,4192.299805,4187.899902,4188.899902,changed
2026-10-01 09:30:00+00:00,2026-10-07T09:11:35Z,4189.100098,4193.000000,4188.799805,4191.100098,4189.100098,4193.000000,4188.799805,4191.200195,changed
2026-10-01 10:45:00+00:00,2026-10-07T09:11:35Z,4201.100098,4208.500000,4200.799805,4205.899902,4201.100098,4208.500000,4200.799805,4206.100098,changed
2026-10-01 11:00:00+00:00,2026-10-07T09:11:35Z,4206.100098,4206.100098,4198.700195,4199.200195,4205.600098,4206.100098,4198.700195,4199.200195,changed
2026-10-01 12:00:00+00:00,2026-10-07T09:11:35Z,4212.500000,4215.100098,4205.799805,4206.299805,4212.299805,4215.100098,4205.799805,4206.299805,changed
2026-10-01 12:30:00+00:00,2026-10-07T09:11:35Z,4209.200195,4216.799805,4207.799805,4212.200195,4209.700195,4216.799805,4207.799805,4212.200195,changed
2026-10-01 12:45:00+00:00,2026-10-07T09:11:35Z,4212.600098,4217.799805,4208.600098,4208.799805,4212.600098,4217.799805,4208.600098,4208.600098,changed
2026-10-01 13:00:00+00:00,2026-10-07T09:11:35Z,4208.899902,4211.799805,4203.100098,4203.200195,4208.799805,4211.799805,4203.100098,4203.200195,changed
2026-10-01 13:30:00+00:00,2026-10-07T09:11:35Z,4197.299805,4202.399902,4188.799805,4192.600098,4197.399902,4202.399902,4188.799805,4192.600098,changed
2026-10-01 13:45:00+00:00,2026-10-07T09:11:35Z,4192.700195,4195.600098,4190.000000,4195.100098,4192.600098,4195.600098,4190.000000,4195.299805,changed
2026-10-01 14:30:00+00:00,2026-10-07T09:11:35Z,4191.700195,4204.799805,4189.799805,4196.100098,4191.700195,4204.799805,4189.799805,4196.399902,changed
2026-10-01 15:00:00+00:00,2026-10-07T09:11:35Z,4192.299805,4192.600098,4179.500000,4185.899902,4191.899902,4192.600098,4179.500000,4185.899902,changed
2026-10-01 15:15:00+00:00,2026-10-07T09:11:35Z,4185.700195,4198.500000,4184.299805,4196.500000,4185.600098,4198.500000,4184.299805,4196.500000,changed
2026-10-01 16:00:00+00:00,2026-10-07T09:11:35Z,4199.100098,4206.600098,4198.000000,4199.500000,4199.299805,4206.600098,4198.000000,4199.500000,changed
2026-10-01 16:15:00+00:00,2026-10-07T09:11:35Z,4199.299805,4201.799805,4193.899902,4197.000000,4199.500000,4201.799805,4193.899902,4197.000000,changed
2026-10-01 16:45:00+00:00,2026-10-07T09:11:35Z,4195.399902,4197.399902,4189.500000,4192.200195,4195.399902,4197.399902,4189.500000,4192.100098,changed
2026-10-01 17:00:00+00:00,2026-10-07T09:11:35Z,4192.200195,4203.500000,4191.600098,4201.399902,4192.100098,4203.500000,4191.600098,4201.399902,changed
2026-10-01 17:15:00+00:00,2026-10-07T09:11:35Z,4201.500000,4207.600098,4200.100098,4203.100098,4201.399902,4207.600098,4200.100098,4203.000000,changed
2026-10-01 17:30:00+00:00,2026-10-07T09:11:35Z,4202.899902,4217.600098,4202.799805,4207.500000,4203.100098,4217.600098,4202.799805,4207.500000,changed
2026-10-01 22:00:00+00:00,2026-10-07T09:11:35Z,4204.600098,4207.200195,4202.100098,4202.700195,4204.500000,4207.200195,4202.100098,4202.700195,changed
2026-10-01 22:45:00+00:00,2026-10-07T09:11:35Z,4205.500000,4208.600098,4204.899902,4208.299805,4205.500000,4208.600098,4205.299805,4208.299805,changed
2026-10-02 00:00:00+00:00,2026-10-07T09:11:35Z,4211.399902,4212.000000,4198.600098,4199.299805,4211.399902,4212.000000,4198.600098,4199.700195,changed
2026-10-02 00:15:00+00:00,2026-10-07T09:11:35Z,4199.500000,4201.000000,4193.299805,4194.299805,4199.399902,4201.000000,4193.299805,4194.299805,changed
2026-10-02 01:00:00+00:00,2026-10-07T09:11:35Z,4182.500000,4184.200195,4162.899902,4170.399902,4182.299805,4184.200195,4162.899902,4170.399902,changed
2026-10-02 01:15:00+00:00,2026-10-07T09:11:35Z,4170.299805,4179.500000,4168.700195,4179.100098,4170.000000,4179.500000,4168.700195,4179.100098,changed
2026-10-02 01:30:00+00:00,2026-10-07T09:11:35Z,4178.799805,4181.000000,4174.600098,4178.299805,4179.000000,4181.000000,4174.600098,4178.299805,changed
2026-10-02 04:45:00+00:00,2026-10-07T09:11:35Z,4212.399902,4215.000000,4211.200195,4214.799805,4212.600098,4215.000000,4211.200195,4214.799805,changed
2026-10-02 05:00:00+00:00,2026-10-07T09:11:35Z,4214.500000,4222.299805,4213.899902,4217.700195,4214.600098,4222.299805,4213.899902,4217.700195,changed
2026-10-02 06:00:00+00:00,2026-10-07T09:11:35Z,4216.100098,4226.799805,4215.799805,4222.200195,4216.500000,4226.799805,4215.799805,4222.200195,changed
2026-10-02 06:30:00+00:00,2026-10-07T09:11:35Z,4219.399902,4220.299805,4209.500000,4210.299805,4219.600098,4220.299805,4209.500000,4210.299805,changed
2026-10-02 08:15:00+00:00,2026-10-07T09:11:35Z,4219.000000,4220.200195,4212.299805,4215.700195,4219.000000,4220.200195,4212.299805,4215.500000,changed
2026-10-02 08:30:00+00:00,2026-10-07T09:11:35Z,4215.299805,4216.600098,4210.299805,4210.700195,4215.000000,4216.600098,4210.299805,4210.700195,changed
2026-10-02 10:30:00+00:00,2026-10-07T09:11:35Z,4204.000000,4212.500000,4203.000000,4211.399902,4203.899902,4212.500000,4203.000000,4211.399902,changed
2026-10-02 10:45:00+00:00,2026-10-07T09:11:35Z,4211.500000,4212.799805,4209.299805,4212.700195,4211.600098,4212.799805,4209.299805,4212.700195,changed
2026-10-02 11:00:00+00:00,2026-10-07T09:11:35Z,4212.600098,4218.700195,4211.700195,4217.799805,4212.600098,4218.700195,4211.700195,4217.500000,changed
2026-10-02 11:15:00+00:00,2026-10-07T09:11:35Z,4217.700195,4218.600098,4210.600098,4211.000000,4217.799805,4218.600098,4210.600098,4211.000000,changed
2026-10-02 12:00:00+00:00,2026-10-07T09:11:35Z,4211.500000,4212.000000,4204.399902,4207.500000,4211.299805,4212.000000,4204.399902,4207.500000,changed
2026-10-02 12:30:00+00:00,2026-10-07T09:11:35Z,4216.899902,4259.000000,4216.500000,4241.299805,4216.500000,4259.000000,4216.500000,4240.899902,changed
2026-10-02 12:45:00+00:00,2026-10-07T09:11:35Z,4241.500000,4250.700195,4234.100098,4248.200195,4241.100098,4250.700195,4234.100098,4248.200195,changed
2026-10-02 13:15:00+00:00,2026-10-07T09:11:35Z,4225.299805,4226.200195,4213.200195,4223.100098,4225.299805,4226.200195,4213.200195,4222.700195,changed
2026-10-02 13:30:00+00:00,2026-10-07T09:11:35Z,4223.000000,4231.600098,4212.500000,4216.100098,4223.299805,4231.600098,4212.500000,4216.100098,changed
2026-10-02 13:45:00+00:00,2026-10-07T09:11:35Z,4215.600098,4222.899902,4207.700195,4221.200195,4215.600098,4222.899902,4207.700195,4220.500000,changed
2026-10-02 14:00:00+00:00,2026-10-07T09:11:35Z,4220.700195,4226.600098,4209.100098,4218.600098,4220.600098,4226.600098,4209.100098,4218.600098,changed
2026-10-02 14:45:00+00:00,2026-10-07T09:11:35Z,4205.200195,4206.100098,4184.500000,4188.299805,4205.200195,4206.100098,4184.500000,4188.200195,changed
2026-10-02 15:00:00+00:00,2026-10-07T09:11:35Z,4188.399902,4189.399902,4171.100098,4174.299805,4188.500000,4189.399902,4171.100098,4174.299805,changed
2026-10-02 15:15:00+00:00,2026-10-07T09:11:35Z,4174.200195,4175.700195,4161.700195,4171.299805,4173.600098,4175.700195,4161.700195,4171.200195,changed
2026-10-02 15:45:00+00:00,2026-10-07T09:11:35Z,4163.399902,4167.299805,4153.799805,4156.100098,4163.600098,4167.299805,4153.799805,4156.100098,changed
2026-10-02 16:00:00+00:00,2026-10-07T09:11:35Z,4156.200195,4165.600098,4154.600098,4163.799805,4156.299805,4165.600098,4154.600098,4163.799805,changed
2026-10-02 16:45:00+00:00,2026-10-07T09:11:35Z,4164.299805,4169.399902,4164.299805,4168.200195,4165.000000,4169.399902,4164.299805,4168.200195,changed
2026-10-02 17:15:00+00:00,2026-10-07T09:11:35Z,4165.299805,4168.200195,4158.899902,4162.600098,4165.500000,4168.200195,4158.899902,4162.600098,changed
2026-10-02 17:30:00+00:00,2026-10-07T09:11:35Z,4162.399902,4169.000000,4161.299805,4166.600098,4161.799805,4169.000000,4161.299805,4166.600098,changed
2026-10-02 19:00:00+00:00,2026-10-07T09:11:35Z,4175.700195,4178.399902,4172.799805,4178.000000,4175.799805,4178.399902,4172.799805,4178.000000,changed
2026-10-02 19:30:00+00:00,2026-10-07T09:11:35Z,4177.299805,4178.899902,4171.899902,4171.899902,4177.500000,4178.899902,4171.899902,4172.000000,changed
2026-10-02 19:45:00+00:00,2026-10-07T09:11:35Z,4171.500000,4176.899902,4169.399902,4176.600098,4171.500000,4176.899902,4169.399902,4176.399902,changed
2026-10-02 20:00:00+00:00,2026-10-07T09:11:35Z,4176.799805,4177.700195,4169.000000,4172.100098,4176.899902,4177.700195,4169.000000,4172.100098,changed
2026-10-02 20:45:00+00:00,2026-10-07T09:11:35Z,4167.000000,4172.100098,4162.299805,4162.299805,4166.899902,4172.100098,4162.299805,4162.299805,changed
2026-10-05 00:30:00+00:00,2026-10-07T09:11:35Z,4183.799805,4184.100098,4179.600098,4181.299805,4183.799805,4184.100098,4180.100098,4181.299805,changed
2026-10-05 04:15:00+00:00,2026-10-07T09:11:35Z,4162.600098,4163.399902,4152.299805,4153.899902,4162.000000,4163.399902,4152.299805,4154.000000,changed
2026-10-05 04:30:00+00:00,2026-10-07T09:11:35Z,4154.000000,4161.600098,4153.299805,4161.100098,4153.899902,4161.600098,4153.299805,4161.100098,changed
2026-10-05 05:00:00+00:00,2026-10-07T09:11:35Z,4159.000000,4167.899902,4158.299805,4166.399902,4159.200195,4167.899902,4158.299805,4166.399902,changed
2026-10-05 06:00:00+00:00,2026-10-07T09:11:35Z,4162.100098,4181.500000,4161.700195,4179.399902,4161.799805,4181.500000,4161.700195,4179.399902,changed
2026-10-05 06:15:00+00:00,2026-10-07T09:11:35Z,4179.500000,4184.100098,4174.600098,4183.100098,4179.100098,4184.100098,4174.600098,4183.000000,changed
2026-10-05 06:30:00+00:00,2026-10-07T09:11:35Z,4182.600098,4183.500000,4176.899902,4180.799805,4182.600098,4183.500000,4176.899902,4180.399902,changed
2026-10-05 06:45:00+00:00,2026-10-07T09:11:35Z,4180.700195,4183.899902,4176.100098,4183.700195,4180.200195,4183.899902,4176.100098,4183.899902,changed
2026-10-05 07:00:00+00:00,2026-10-07T09:11:35Z,4183.700195,4187.299805,4177.899902,4184.100098,4184.000000,4187.299805,4177.899902,4184.100098,changed
2026-10-05 07:45:00+00:00,2026-10-07T09:11:35Z,4187.600098,4194.899902,4186.000000,4188.700195,4187.700195,4194.899902,4186.000000,4188.700195,changed
2026-10-05 08:00:00+00:00,2026-10-07T09:11:35Z,4189.000000,4197.899902,4187.500000,4196.899902,4188.700195,4197.899902,4187.500000,4196.899902,changed
2026-10-05 09:30:00+00:00,2026-10-07T09:11:35Z,4194.399902,4195.200195,4187.899902,4187.899902,4194.799805,4195.200195,4187.899902,4187.899902,changed
2026-10-05 11:45:00+00:00,2026-10-07T09:11:35Z,4182.700195,4184.899902,4179.100098,4184.100098,4182.600098,4184.899902,4179.100098,4184.100098,changed
2026-10-05 13:15:00+00:00,2026-10-07T09:11:35Z,4180.000000,4182.299805,4178.100098,4180.899902,4180.100098,4182.299805,4178.100098,4180.899902,changed
2026-10-05 13:30:00+00:00,2026-10-07T09:11:35Z,4180.799805,4182.000000,4165.000000,4165.899902,4180.799805,4182.000000,4165.000000,4166.299805,changed
2026-10-05 13:45:00+00:00,2026-10-07T09:11:35Z,4165.899902,4172.799805,4159.100098,4163.399902,4166.100098,4172.799805,4159.100098,4163.000000,changed
2026-10-05 14:00:00+00:00,2026-10-07T09:11:35Z,4163.000000,4175.100098,4162.899902,4170.299805,4162.899902,4175.100098,4162.899902,4170.500000,changed
2026-10-05 14:15:00+00:00,2026-10-07T09:11:35Z,4170.100098,4170.799805,4164.799805,4165.200195,4170.399902,4170.799805,4164.799805,4165.200195,changed
2026-10-05 14:30:00+00:00,2026-10-07T09:11:35Z,4165.200195,4170.399902,4160.000000,4168.700195,4165.000000,4170.399902,4160.000000,4168.600098,changed
2026-10-05 14:45:00+00:00,2026-10-07T09:11:35Z,4168.600098,4176.600098,4165.000000,4175.000000,4168.700195,4176.600098,4165.000000,4175.100098,changed
2026-10-05 15:45:00+00:00,2026-10-07T09:11:35Z,4164.299805,4167.600098,4161.799805,4164.700195,4164.200195,4167.600098,4161.799805,4164.700195,changed
2026-10-05 16:30:00+00:00,2026-10-07T09:11:35Z,4155.299805,4159.299805,4155.000000,4158.899902,4155.399902,4159.299805,4155.000000,4158.899902,changed
2026-10-05 17:30:00+00:00,2026-10-07T09:11:35Z,4157.399902,4160.600098,4154.700195,4159.899902,4157.200195,4160.600098,4154.700195,4159.899902,changed
2026-10-05 19:30:00+00:00,2026-10-07T09:11:35Z,4169.600098,4171.600098,4169.100098,4169.700195,4169.399902,4171.600098,4169.100098,4169.700195,changed
2026-10-05 19:45:00+00:00,2026-10-07T09:11:35Z,4169.700195,4170.000000,4166.100098,4168.299805,4169.799805,4170.000000,4166.100098,4168.299805,changed
2026-10-05 20:00:00+00:00,2026-10-07T09:11:35Z,4168.399902,4168.799805,4165.000000,4166.299805,4168.200195,4168.799805,4165.000000,4166.299805,changed
2026-10-05 22:00:00+00:00,2026-10-07T09:11:35Z,4169.200195,4172.000000,4168.500000,4169.600098,4168.899902,4172.000000,4168.500000,4169.600098,changed
2026-10-06 00:00:00+00:00,2026-10-07T09:11:35Z,4161.200195,4164.799805,4160.100098,4163.299805,4161.000000,4164.799805,4160.100098,4163.299805,changed
2026-10-06 00:30:00+00:00,2026-10-07T09:11:35Z,4167.899902,4172.299805,4162.899902,4165.299805,4167.799805,4172.299805,4162.899902,4165.299805,changed
2026-10-06 00:45:00+00:00,2026-10-07T09:11:35Z,4165.500000,4178.799805,4165.500000,4178.399902,4166.000000,4178.799805,4165.500000,4178.299805,changed
2026-10-06 01:00:00+00:00,2026-10-07T09:11:35Z,4178.100098,4179.600098,4173.600098,4176.799805,4177.899902,4179.600098,4173.600098,4176.799805,changed
2026-10-06 01:45:00+00:00,2026-10-07T09:11:35Z,4160.200195,4160.799805,4156.000000,4157.200195,4160.100098,4160.799805,4156.000000,4157.200195,changed
2026-10-06 02:15:00+00:00,2026-10-07T09:11:35Z,4157.399902,4158.600098,4153.399902,4153.700195,4157.799805,4158.600098,4153.399902,4153.700195,changed
2026-10-06 02:45:00+00:00,2026-10-07T09:11:35Z,4148.700195,4166.200195,4148.000000,4157.399902,4148.500000,4166.200195,4148.000000,4157.399902,changed
2026-10-06 05:45:00+00:00,2026-10-07T09:11:35Z,4148.600098,4149.700195,4143.299805,4146.700195,4148.600098,4149.700195,4143.299805,4146.600098,changed
2026-10-06 06:00:00+00:00,2026-10-07T09:11:35Z,4146.600098,4150.299805,4140.100098,4149.600098,4146.299805,4150.299805,4140.100098,4149.600098,changed
2026-10-06 06:30:00+00:00,2026-10-07T09:11:35Z,4161.299805,4162.600098,4156.600098,4158.000000,4161.500000,4162.600098,4156.600098,4158.000000,changed
2026-10-06 06:45:00+00:00,2026-10-07T09:11:35Z,4157.700195,4162.100098,4157.100098,4158.899902,4157.600098,4162.100098,4157.100098,4158.899902,changed
2026-10-06 07:30:00+00:00,2026-10-07T09:11:35Z,4162.000000,4167.200195,4160.000000,4165.799805,4162.100098,4167.200195,4160.000000,4165.799805,changed
2026-10-06 08:00:00+00:00,2026-10-07T09:11:35Z,4167.500000,4171.600098,4165.200195,4167.200195,4167.399902,4171.600098,4165.200195,4167.399902,changed
2026-10-06 08:15:00+00:00,2026-10-07T09:11:35Z,4167.100098,4175.000000,4167.100098,4173.500000,4167.399902,4175.000000,4167.100098,4173.500000,changed
2026-10-06 08:30:00+00:00,2026-10-07T09:11:35Z,4173.399902,4181.200195,4172.600098,4180.000000,4173.600098,4181.200195,4172.600098,4180.000000,changed
2026-10-06 09:00:00+00:00,2026-10-07T09:11:35Z,4182.600098,4184.299805,4177.200195,4177.299805,4182.500000,4184.299805,4177.200195,4177.200195,changed
2026-10-06 09:30:00+00:00,2026-10-07T09:11:35Z,4183.899902,4185.899902,4181.200195,4181.399902,4183.799805,4185.899902,4181.200195,4181.399902,changed
2026-10-06 11:45:00+00:00,2026-10-07T09:11:35Z,4200.100098,4202.799805,4198.000000,4201.500000,4199.899902,4202.799805,4198.000000,4201.500000,changed
2026-10-06 12:00:00+00:00,2026-10-07T09:11:35Z,4201.700195,4208.000000,4201.200195,4206.799805,4201.700195,4208.000000,4201.200195,4206.700195,changed
2026-10-06 12:15:00+00:00,2026-10-07T09:11:35Z,4206.899902,4207.500000,4201.600098,4203.799805,4207.000000,4207.500000,4201.600098,4203.600098,changed
2026-10-06 13:15:00+00:00,2026-10-07T09:11:35Z,4200.000000,4200.200195,4188.700195,4189.200195,4199.899902,4200.200195,4188.700195,4189.200195,changed
2026-10-06 13:30:00+00:00,2026-10-07T09:11:35Z,4189.299805,4192.899902,4183.200195,4185.700195,4189.200195,4192.899902,4183.200195,4185.799805,changed
2026-10-06 13:45:00+00:00,2026-10-07T09:11:35Z,4186.000000,4186.000000,4179.299805,4180.000000,4185.500000,4186.000000,4179.299805,4180.100098,changed
2026-10-06 14:00:00+00:00,2026-10-07T09:11:35Z,4180.100098,4185.799805,4179.100098,4182.299805,4180.000000,4185.799805,4179.100098,4181.500000,changed
2026-10-06 14:15:00+00:00,2026-10-07T09:11:35Z,4181.899902,4182.700195,4171.299805,4173.600098,4182.000000,4182.700195,4171.299805,4173.600098,changed
2026-10-06 14:45:00+00:00,2026-10-07T09:11:35Z,4180.500000,4185.899902,4177.100098,4184.500000,4180.299805,4185.899902,4177.100098,4184.500000,changed
2026-10-06 15:00:00+00:00,2026-10-07T09:11:35Z,4184.399902,4192.100098,4183.899902,4190.500000,4184.399902,4192.100098,4183.899902,4190.299805,changed
2026-10-06 15:15:00+00:00,2026-10-07T09:11:35Z,4190.600098,4192.700195,4188.899902,4191.200195,4190.700195,4192.700195,4188.899902,4191.200195,changed
2026-10-06 16:15:00+00:00,2026-10-07T09:11:35Z,4190.600098,4192.700195,4187.899902,4188.100098,4190.700195,4192.700195,4187.899902,4188.100098,changed
2026-10-06 17:15:00+00:00,2026-10-07T09:11:35Z,4189.899902,4191.600098,4185.200195,4188.299805,4190.000000,4191.600098,4185.200195,4188.299805,changed
2026-10-06 17:30:00+00:00,2026-10-07T09:11:35Z,4188.399902,4193.200195,4187.600098,4192.399902,4188.200195,4193.200195,4187.600098,4192.399902,changed
2026-10-06 17:45:00+00:00,2026-10-07T09:11:35Z,4192.600098,4193.700195,4191.200195,4192.000000,4192.700195,4193.700195,4191.200195,4192.000000,changed
2026-10-06 18:30:00+00:00,2026-10-07T09:11:35Z,4196.899902,4198.200195,4194.399902,4197.899902,4197.000000,4198.200195,4194.399902,4197.899902,changed
2026-10-06 19:15:00+00:00,2026-10-07T09:11:35Z,4204.299805,4205.399902,4199.700195,4199.899902,4204.299805,4205.399902,4199.700195,4200.000000,changed
2026-10-06 19:30:00+00:00,2026-10-07T09:11:35Z,4200.000000,4200.000000,4195.899902,4197.000000,4199.700195,4200.000000,4195.899902,4197.000000,changed
2026-10-06 19:45:00+00:00,2026-10-07T09:11:35Z,4197.000000,4198.100098,4194.600098,4197.100098,4197.000000,4198.100098,4194.600098,4197.299805,changed
2026-10-06 23:00:00+00:00,2026-10-07T09:11:35Z,4190.799805,4193.700195,4190.000000,4192.799805,4192.500000,4193.600098,4192.299805,4192.799805,changed
2026-10-06 23:30:00+00:00,2026-10-07T09:11:35Z,4196.899902,4197.799805,4193.200195,4194.700195,4197.200195,4197.200195,4193.200195,4194.700195,changed
2026-10-07 00:00:00+00:00,2026-10-07T09:11:35Z,4193.200195,4197.299805,4189.600098,4197.100098,4192.899902,4197.299805,4189.600098,4197.100098,changed
2026-10-07 01:00:00+00:00,2026-10-07T09:11:35Z,4183.799805,4183.799805,4179.000000,4179.500000,4183.799805,4183.799805,4179.000000,4179.799805,changed
2026-10-07 01:15:00+00:00,2026-10-07T09:11:35Z,4179.200195,4180.500000,4176.799805,4179.500000,4179.100098,4180.500000,4176.799805,4179.500000,changed
2026-10-07 01:30:00+00:00,2026-10-07T09:11:35Z,4179.399902,4182.299805,4176.299805,4178.299805,4179.299805,4182.299805,4176.299805,4178.299805,changed
2026-10-07 03:00:00+00:00,2026-10-07T09:11:35Z,4168.899902,4169.500000,4164.700195,4165.899902,4168.700195,4169.500000,4165.700195,4165.899902,changed
2026-10-07 04:45:00+00:00,2026-10-07T09:11:35Z,4163.700195,4165.600098,4161.000000,4161.600098,4163.500000,4165.600098,4161.000000,4161.600098,changed
2026-10-07 05:00:00+00:00,2026-10-07T09:11:35Z,4161.700195,4163.299805,4159.299805,4160.399902,4161.700195,4163.299805,4159.299805,4160.600098,changed
2026-10-07 05:15:00+00:00,2026-10-07T09:11:35Z,4160.200195,4160.700195,4157.700195,4160.100098,4160.100098,4160.700195,4157.700195,4160.100098,changed
2026-10-07 07:00:00+00:00,2026-10-07T09:11:35Z,4156.700195,4161.399902,4156.500000,4158.000000,4156.600098,4161.399902,4156.500000,4158.000000,changed
2026-10-07 08:30:00+00:00,2026-10-07T09:11:35Z,4152.399902,4155.000000,4151.100098,4151.799805,4152.399902,4155.000000,4151.000000,4153.100098,changed
2026-10-07 09:15:00+00:00,2026-10-07T09:49:02Z,4149.600098,4150.000000,4146.299805,4147.399902,4149.600098,4150.000000,4146.299805,4146.399902,changed
2026-10-01 00:00:00+00:00,2026-10-07T10:02:36Z,4186.000000,4186.200195,4180.500000,4182.799805,4186.100098,4186.200195,4180.500000,4182.799805,changed
2026-10-01 02:00:00+00:00,2026-10-07T10:02:36Z,4186.700195,4187.700195,4181.200195,4183.600098,4186.100098,4187.700195,4181.200195,4183.600098,changed
2026-10-01 03:00:00+00:00,2026-10-07T10:02:36Z,4190.899902,4198.200195,4188.799805,4197.000000,4190.299805,4198.200195,4188.799805,4197.000000,changed
2026-10-01 03:15:00+00:00,2026-10-07T10:02:36Z,4197.500000,4198.000000,4192.899902,4193.700195,4197.000000,4198.000000,4192.899902,4193.700195,changed
2026-10-01 03:45:00+00:00,2026-10-07T10:02:36Z,4199.100098,4206.399902,4198.399902,4205.399902,4199.000000,4206.399902,4198.399902,4205.399902,changed
2026-10-01 05:30:00+00:00,2026-10-07T10:02:36Z,4217.200195,4222.799805,4214.799805,4216.799805,4217.100098,4222.799805,4214.799805,4216.799805,changed
2026-10-01 06:45:00+00:00,2026-10-07T10:02:36Z,4214.100098,4215.299805,4210.399902,4211.600098,4214.200195,4215.299805,4210.399902,4211.600098,changed
2026-10-01 07:00:00+00:00,2026-10-07T10:02:36Z,4211.899902,4213.500000,4202.000000,4202.299805,4211.500000,4213.500000,4202.000000,4202.299805,changed
2026-10-01 07:15:00+00:00,2026-10-07T10:02:36Z,4202.799805,4204.500000,4185.000000,4186.399902,4202.399902,4204.500000,4185.000000,4186.399902,changed
2026-10-01 07:30:00+00:00,2026-10-07T10:02:36Z,4186.299805,4195.399902,4184.200195,4193.299805,4186.399902,4195.399902,4184.200195,4193.399902,changed
2026-10-01 07:45:00+00:00,2026-10-07T10:02:36Z,4193.500000,4196.700195,4191.899902,4193.700195,4193.399902,4196.700195,4191.899902,4193.700195,changed
2026-10-01 08:15:00+00:00,2026-10-07T10:02:36Z,4189.500000,4192.399902,4184.399902,4186.600098,4189.399902,4192.399902,4184.399902,4186.600098,changed
2026-10-01 09:15:00+00:00,2026-10-07T10:02:36Z,4190.799805,4192.299805,4187.899902,4188.899902,4190.600098,4192.299805,4187.899902,4188.899902,changed
2026-10-01 09:30:00+00:00,2026-10-07T10:02:36Z,4189.100098,4193.000000,4188.799805,4191.200195,4189.100098,4193.000000,4188.799805,4191.100098,changed
2026-10-01 10:45:00+00:00,2026-10-07T10:02:36Z,4201.100098,4208.500000,4200.799805,4206.100098,4201.100098,4208.500000,4200.799805,4205.899902,changed
2026-10-01 11:00:00+00:00,2026-10-07T10:02:36Z,4205.600098,4206.100098,4198.700195,4199.200195,4206.100098,4206.100098,4198.700195,4199.200195,changed
2026-10-01 12:00:00+00:00,2026-10-07T10:02:36Z,4212.299805,4215.100098,4205.799805,4206.299805,4212.500000,4215.100098,4205.799805,4206.299805,changed
2026-10-01 12:30:00+00:00,2026-10-07T10:02:36Z,4209.700195,4216.799805,4207.799805,4212.200195,4209.200195,4216.799805,4207.799805,4212.200195,changed
2026-10-01 12:45:00+00:00,2026-10-07T10:02:36Z,4212.600098,4217.799805,4208.600098,4208.600098,4212.600098,4217.799805,4208.600098,4208.799805,changed
2026-10-01 13:00:00+00:00,2026-10-07T10:02:36Z,4208.799805,4211.799805,4203.100098,4203.200195,4208.899902,4211.799805,4203.100098,4203.200195,changed
2026-10-01 13:30:00+00:00,2026-10-07T10:02:36Z,4197.399902,4202.399902,4188.799805,4192.600098,4197.299805,4202.399902,4188.799805,4192.600098,changed
2026-10-01 13:45:00+00:00,2026-10-07T10:02:36Z,4192.600098,4195.600098,4190.000000,4195.299805,4192.700195,4195.600098,4190.000000,4195.100098,changed
2026-10-01 14:30:00+00:00,2026-10-07T10:02:36Z,4191.700195,4204.799805,4189.799805,4196.399902,4191.700195,4204.799805,4189.799805,4196.100098,changed
2026-10-01 15:00:00+00:00,2026-10-07T10:02:36Z,4191.899902,4192.600098,4179.500000,4185.899902,4192.299805,4192.600098,4179.500000,4185.899902,changed
2026-10-01 15:15:00+00:00,2026-10-07T10:02:36Z,4185.600098,4198.500000,4184.299805,4196.500000,4185.700195,4198.500000,4184.299805,4196.500000,changed
2026-10-01 16:00:00+00:00,2026-10-07T10:02:36Z,4199.299805,4206.600098,4198.000000,4199.500000,4199.100098,4206.600098,4198.000000,4199.500000,changed
2026-10-01 16:15:00+00:00,2026-10-07T10:02:36Z,4199.500000,4201.799805,4193.899902,4197.000000,4199.299805,4201.799805,4193.899902,4197.000000,changed
2026-10-01 16:45:00+00:00,2026-10-07T10:02:36Z,4195.399902,4197.399902,4189.500000,4192.100098,4195.399902,4197.399902,4189.500000,4192.200195,changed
2026-10-01 17:00:00+00:00,2026-10-07T10:02:36Z,4192.100098,4203.500000,4191.600098,4201.399902,4192.200195,4203.500000,4191.600098,4201.399902,changed
2026-10-01 17:15:00+00:00,2026-10-07T10:02:36Z,4201.399902,4207.600098,4200.100098,4203.000000,4201.500000,4207.600098,4200.100098,4203.100098,changed
2026-10-01 17:30:00+00:00,2026-10-07T10:02:36Z,4203.100098,4217.600098,4202.799805,4207.500000,4202.899902,4217.600098,4202.799805,4207.500000,changed
2026-10-01 22:00:00+00:00,2026-10-07T10:02:36Z,4204.500000,4207.200195,4202.100098,4202.700195,4204.600098,4207.200195,4202.100098,4202.700195,changed
2026-10-01 22:45:00+00:00,2026-10-07T10:02:36Z,4205.500000,4208.600098,4205.299805,4208.299805,4205.500000,4208.600098,4204.899902,4208.299805,changed
2026-10-02 00:00:00+00:00,2026-10-07T10:02:36Z,4211.399902,4212.000000,4198.600098,4199.700195,4211.399902,4212.000000,4198.600098,4199.299805,changed
2026-10-02 00:15:00+00:00,2026-10-07T10:02:36Z,4199.399902,4201.000000,4193.299805,4194.299805,4199.500000,4201.000000,4193.299805,4194.299805,changed
2026-10-02 01:00:00+00:00,2026-10-07T10:02:36Z,4182.299805,4184.200195,4162.899902,4170.399902,4182.500000,4184.200195,4162.899902,4170.399902,changed
2026-10-02 01:15:00+00:00,2026-10-07T10:02:36Z,4170.000000,4179.500000,4168.700195,4179.100098,4170.299805,4179.500000,4168.700195,4179.100098,changed
2026-10-02 01:30:00+00:00,2026-10-07T10:02:36Z,4179.000000,4181.000000,4174.600098,4178.299805,4178.799805,4181.000000,4174.600098,4178.299805,changed
2026-10-02 04:45:00+00:00,2026-10-07T10:02:36Z,4212.600098,4215.000000,4211.200195,4214.799805,4212.399902,4215.000000,4211.200195,4214.799805,changed
2026-10-02 05:00:00+00:00,2026-10-07T10:02:36Z,4214.600098,4222.299805,4213.899902,4217.700195,4214.500000,4222.299805,4213.899902,4217.700195,changed
2026-10-02 06:00:00+00:00,2026-10-07T10:02:36Z,4216.500000,4226.799805,4215.799805,4222.200195,4216.100098,4226.799805,4215.799805,4222.200195,changed
2026-10-02 06:30:00+00:00,2026-10-07T10:02:36Z,4219.600098,4220.299805,4209.500000,4210.299805,4219.399902,4220.299805,4209.500000,4210.299805,changed
2026-10-02 08:15:00+00:00,2026-10-07T10:02:36Z,4219.000000,4220.200195,4212.299805,4215.500000,4219.000000,4220.200195,4212.299805,4215.700195,changed
2026-10-02 08:30:00+00:00,2026-10-07T10:02:36Z,4215.000000,4216.600098,4210.299805,4210.700195,4215.299805,4216.600098,4210.299805,4210.700195,changed
2026-10-02 10:30:00+00:00,2026-10-07T10:02:36Z,4203.899902,4212.500000,4203.000000,4211.399902,4204.000000,4212.500000,4203.000000,4211.399902,changed
2026-10-02 10:45:00+00:00,2026-10-07T10:02:36Z,4211.600098,4212.799805,4209.299805,4212.700195,4211.500000,4212.799805,4209.299805,4212.700195,changed
2026-10-02 11:00:00+00:00,2026-10-07T10:02:36Z,4212.600098,4218.700195,4211.700195,4217.500000,4212.600098,4218.700195,4211.700195,4217.799805,changed
2026-10-02 11:15:00+00:00,2026-10-07T10:02:36Z,4217.799805,4218.600098,4210.600098,4211.000000,4217.700195,4218.600098,4210.600098,4211.000000,changed
2026-10-02 12:00:00+00:00,2026-10-07T10:02:36Z,4211.299805,4212.000000,4204.399902,4207.500000,4211.500000,4212.000000,4204.399902,4207.500000,changed
2026-10-02 12:30:00+00:00,2026-10-07T10:02:36Z,4216.500000,4259.000000,4216.500000,4240.899902,4216.899902,4259.000000,4216.500000,4241.299805,changed
2026-10-02 12:45:00+00:00,2026-10-07T10:02:36Z,4241.100098,4250.700195,4234.100098,4248.200195,4241.500000,4250.700195,4234.100098,4248.200195,changed
2026-10-02 13:15:00+00:00,2026-10-07T10:02:36Z,4225.299805,4226.200195,4213.200195,4222.700195,4225.299805,4226.200195,4213.200195,4223.100098,changed
2026-10-02 13:30:00+00:00,2026-10-07T10:02:36Z,4223.299805,4231.600098,4212.500000,4216.100098,4223.000000,4231.600098,4212.500000,4216.100098,changed
2026-10-02 13:45:00+00:00,2026-10-07T10:02:36Z,4215.600098,4222.899902,4207.700195,4220.500000,4215.600098,4222.899902,4207.700195,4221.200195,changed
2026-10-02 14:00:00+00:00,2026-10-07T10:02:36Z,4220.600098,4226.600098,4209.100098,4218.600098,4220.700195,4226.600098,4209.100098,4218.600098,changed
2026-10-02 14:45:00+00:00,2026-10-07T10:02:36Z,4205.200195,4206.100098,4184.500000,4188.200195,4205.200195,4206.100098,4184.500000,4188.299805,changed
2026-10-02 15:00:00+00:00,2026-10-07T10:02:36Z,4188.500000,4189.399902,4171.100098,4174.299805,4188.399902,4189.399902,4171.100098,4174.299805,changed
2026-10-02 15:15:00+00:00,2026-10-07T10:02:36Z,4173.600098,4175.700195,4161.700195,4171.200195,4174.200195,4175.700195,4161.700195,4171.299805,changed
2026-10-02 15:45:00+00:00,2026-10-07T10:02:36Z,4163.600098,4167.299805,4153.799805,4156.100098,4163.399902,4167.299805,4153.799805,4156.100098,changed
2026-10-02 16:00:00+00:00,2026-10-07T10:02:36Z,4156.299805,4165.600098,4154.600098,4163.799805,4156.200195,4165.600098,4154.600098,4163.799805,changed
2026-10-02 16:45:00+00:00,2026-10-07T10:02:36Z,4165.000000,4169.399902,4164.299805,4168.200195,4164.299805,4169.399902,4164.299805,4168.200195,changed
2026-10-02 17:15:00+00:00,2026-10-07T10:02:36Z,4165.500000,4168.200195,4158.899902,4162.600098,4165.299805,4168.200195,4158.899902,4162.600098,changed
2026-10-02 17:30:00+00:00,2026-10-07T10:02:36Z,4161.799805,4169.000000,4161.299805,4166.600098,4162.399902,4169.000000,4161.299805,4166.600098,changed
2026-10-02 19:00:00+00:00,2026-10-07T10:02:36Z,4175.799805,4178.399902,4172.799805,4178.000000,4175.700195,4178.399902,4172.799805,4178.000000,changed
2026-10-02 19:30:00+00:00,2026-10-07T10:02:36Z,4177.500000,4178.899902,4171.899902,4172.000000,4177.299805,4178.899902,4171.899902,4171.899902,changed
2026-10-02 19:45:00+00:00,2026-10-07T10:02:36Z,4171.500000,4176.899902,4169.399902,4176.399902,4171.500000,4176.899902,4169.399902,4176.600098,changed
2026-10-02 20:00:00+00:00,2026-10-07T10:02:36Z,4176.899902,4177.700195,4169.000000,4172.100098,4176.799805,4177.700195,4169.000000,4172.100098,changed
2026-10-02 20:45:00+00:00,2026-10-07T10:02:36Z,4166.899902,4172.100098,4162.299805,4162.299805,4167.000000,4172.100098,4162.299805,4162.299805,changed
2026-10-05 00:30:00+00:00,2026-10-07T10:02:36Z,4183.799805,4184.100098,4180.100098,4181.299805,4183.799805,4184.100098,4179.600098,4181.299805,changed
2026-10-05 04:15:00+00:00,2026-10-07T10:02:36Z,4162.000000,4163.399902,4152.299805,4154.000000,4162.600098,4163.399902,4152.299805,4153.899902,changed
2026-10-05 04:30:00+00:00,2026-10-07T10:02:36Z,4153.899902,4161.600098,4153.299805,4161.100098,4154.000000,4161.600098,4153.299805,4161.100098,changed
2026-10-05 05:00:00+00:00,2026-10-07T10:02:36Z,4159.200195,4167.899902,4158.299805,4166.399902,4159.000000,4167.899902,4158.299805,4166.399902,changed
2026-10-05 06:00:00+00:00,2026-10-07T10:02:36Z,4161.799805,4181.500000,4161.700195,4179.399902,4162.100098,4181.500000,4161.700195,4179.399902,changed
2026-10-05 06:15:00+00:00,2026-10-07T10:02:36Z,4179.100098,4184.100098,4174.600098,4183.000000,4179.500000,4184.100098,4174.600098,4183.100098,changed
2026-10-05 06:30:00+00:00,2026-10-07T10:02:36Z,4182.600098,4183.500000,4176.899902,4180.399902,4182.600098,4183.500000,4176.899902,4180.799805,changed
2026-10-05 06:45:00+00:00,2026-10-07T10:02:36Z,4180.200195,4183.899902,4176.100098,4183.899902,4180.700195,4183.899902,4176.100098,4183.700195,changed
2026-10-05 07:00:00+00:00,2026-10-07T10:02:36Z,4184.000000,4187.299805,4177.899902,4184.100098,4183.700195,4187.299805,4177.899902,4184.100098,changed
2026-10-05 07:45:00+00:00,2026-10-07T10:02:36Z,4187.700195,4194.899902,4186.000000,4188.700195,4187.600098,4194.899902,4186.000000,4188.700195,changed
2026-10-05 08:00:00+00:00,2026-10-07T10:02:36Z,4188.700195,4197.899902,4187.500000,4196.899902,4189.000000,4197.899902,4187.500000,4196.899902,changed
2026-10-05 09:30:00+00:00,2026-10-07T10:02:36Z,4194.799805,4195.200195,4187.899902,4187.899902,4194.399902,4195.200195,4187.899902,4187.899902,changed
2026-10-05 11:45:00+00:00,2026-10-07T10:02:36Z,4182.600098,4184.899902,4179.100098,4184.100098,4182.700195,4184.899902,4179.100098,4184.100098,changed
2026-10-05 13:15:00+00:00,2026-10-07T10:02:36Z,4180.100098,4182.299805,4178.100098,4180.899902,4180.000000,4182.299805,4178.100098,4180.899902,changed
2026-10-05 13:30:00+00:00,2026-10-07T10:02:36Z,4180.799805,4182.000000,4165.000000,4166.299805,4180.799805,4182.000000,4165.000000,4165.899902,changed
2026-10-05 13:45:00+00:00,2026-10-07T10:02:36Z,4166.100098,4172.799805,4159.100098,4163.000000,4165.899902,4172.799805,4159.100098,4163.399902,changed
2026-10-05 14:00:00+00:00,2026-10-07T10:02:36Z,4162.899902,4175.100098,4162.899902,4170.500000,4163.000000,4175.100098,4162.899902,4170.299805,changed
2026-10-05 14:15:00+00:00,2026-10-07T10:02:36Z,4170.399902,4170.799805,4164.799805,4165.200195,4170.100098,4170.799805,4164.799805,4165.200195,changed
2026-10-05 14:30:00+00:00,2026-10-07T10:02:36Z,4165.000000,4170.399902,4160.000000,4168.600098,4165.200195,4170.399902,4160.000000,4168.700195,changed
2026-10-05 14:45:00+00:00,2026-10-07T10:02:36Z,4168.700195,4176.600098,4165.000000,4175.100098,4168.600098,4176.600098,4165.000000,4175.000000,changed
2026-10-05 15:45:00+00:00,2026-10-07T10:02:36Z,4164.200195,4167.600098,4161.799805,4164.700195,4164.299805,4167.600098,4161.799805,4164.700195,changed
2026-10-05 16:30:00+00:00,2026-10-07T10:02:36Z,4155.399902,4159.299805,4155.000000,4158.899902,4155.299805,4159.299805,4155.000000,4158.899902,changed
2026-10-05 17:30:00+00:00,2026-10-07T10:02:36Z,4157.200195,4160.600098,4154.700195,4159.899902,4157.399902,4160.600098,4154.700195,4159.899902,changed
2026-10-05 19:30:00+00:00,2026-10-07T10:02:36Z,4169.399902,4171.600098,4169.100098,4169.700195,4169.600098,4171.600098,4169.100098,4169.700195,changed
2026-10-05 19:45:00+00:00,2026-10-07T10:02:36Z,4169.799805,4170.000000,4166.100098,4168.299805,4169.700195,4170.000000,4166.100098,4168.299805,changed
2026-10-05 20:00:00+00:00,2026-10-07T10:02:36Z,4168.200195,4168.799805,4165.000000,4166.299805,4168.399902,4168.799805,4165.000000,4166.299805,changed
2026-10-05 22:00:00+00:00,2026-10-07T10:02:36Z,4168.899902,4172.000000,4168.500000,4169.600098,4169.200195,4172.000000,4168.500000,4169.600098,changed
2026-10-06 00:00:00+00:00,2026-10-07T10:02:36Z,4161.000000,4164.799805,4160.100098,4163.299805,4161.200195,4164.799805,4160.100098,4163.299805,changed
2026-10-06 00:30:00+00:00,2026-10-07T10:02:36Z,4167.799805,4172.299805,4162.899902,4165.299805,4167.899902,4172.299805,4162.899902,4165.299805,changed
2026-10-06 00:45:00+00:00,2026-10-07T10:02:36Z,4166.000000,4178.799805,4165.500000,4178.299805,4165.500000,4178.799805,4165.500000,4178.399902,changed
2026-10-06 01:00:00+00:00,2026-10-07T10:02:36Z,4177.899902,4179.600098,4173.600098,4176.799805,4178.100098,4179.600098,4173.600098,4176.799805,changed
2026-10-06 01:45:00+00:00,2026-10-07T10:02:36Z,4160.100098,4160.799805,4156.000000,4157.200195,4160.200195,4160.799805,4156.000000,4157.200195,changed
2026-10-06 02:15:00+00:00,2026-10-07T10:02:36Z,4157.799805,4158.600098,4153.399902,4153.700195,4157.399902,4158.600098,4153.399902,4153.700195,changed
2026-10-06 02:45:00+00:00,2026-10-07T10:02:36Z,4148.500000,4166.200195,4148.000000,4157.399902,4148.700195,4166.200195,4148.000000,4157.399902,changed
2026-10-06 05:45:00+00:00,2026-10-07T10:02:36Z,4148.600098,4149.700195,4143.299805,4146.600098,4148.600098,4149.700195,4143.299805,4146.700195,changed
2026-10-06 06:00:00+00:00,2026-10-07T10:02:36Z,4146.299805,4150.299805,4140.100098,4149.600098,4146.600098,4150.299805,4140.100098,4149.600098,changed
2026-10-06 06:30:00+00:00,2026-10-07T10:02:36Z,4161.500000,4162.600098,4156.600098,4158.000000,4161.299805,4162.600098,4156.600098,4158.000000,changed
2026-10-06 06:45:00+00:00,2026-10-07T10:02:36Z,4157.600098,4162.100098,4157.100098,4158.899902,4157.700195,4162.100098,4157.100098,4158.899902,changed
2026-10-06 07:30:00+00:00,2026-10-07T10:02:36Z,4162.100098,4167.200195,4160.000000,4165.799805,4162.000000,4167.200195,4160.000000,4165.799805,changed
2026-10-06 08:00:00+00:00,2026-10-07T10:02:36Z,4167.399902,4171.600098,4165.200195,4167.399902,4167.500000,4171.600098,4165.200195,4167.200195,changed
2026-10-06 08:15:00+00:00,2026-10-07T10:02:36Z,4167.399902,4175.000000,4167.100098,4173.500000,4167.100098,4175.000000,4167.100098,4173.500000,changed
2026-10-06 08:30:00+00:00,2026-10-07T10:02:36Z,4173.600098,4181.200195,4172.600098,4180.000000,4173.399902,4181.200195,4172.600098,4180.000000,changed
2026-10-06 09:00:00+00:00,2026-10-07T10:02:36Z,4182.500000,4184.299805,4177.200195,4177.200195,4182.600098,4184.299805,4177.200195,4177.299805,changed
2026-10-06 09:30:00+00:00,2026-10-07T10:02:36Z,4183.799805,4185.899902,4181.200195,4181.399902,4183.899902,4185.899902,4181.200195,4181.399902,changed
2026-10-06 11:45:00+00:00,2026-10-07T10:02:36Z,4199.899902,4202.799805,4198.000000,4201.500000,4200.100098,4202.799805,4198.000000,4201.500000,changed
2026-10-06 12:00:00+00:00,2026-10-07T10:02:36Z,4201.700195,4208.000000,4201.200195,4206.700195,4201.700195,4208.000000,4201.200195,4206.799805,changed
2026-10-06 12:15:00+00:00,2026-10-07T10:02:36Z,4207.000000,4207.500000,4201.600098,4203.600098,4206.899902,4207.500000,4201.600098,4203.799805,changed
2026-10-06 13:15:00+00:00,2026-10-07T10:02:36Z,4199.899902,4200.200195,4188.700195,4189.200195,4200.000000,4200.200195,4188.700195,4189.200195,changed
2026-10-06 13:30:00+00:00,2026-10-07T10:02:36Z,4189.200195,4192.899902,4183.200195,4185.799805,4189.299805,4192.899902,4183.200195,4185.700195,changed
2026-10-06 13:45:00+00:00,2026-10-07T10:02:36Z,4185.500000,4186.000000,4179.299805,4180.100098,4186.000000,4186.000000,4179.299805,4180.000000,changed
2026-10-06 14:00:00+00:00,2026-10-07T10:02:36Z,4180.000000,4185.799805,4179.100098,4181.500000,4180.100098,4185.799805,4179.100098,4182.299805,changed
2026-10-06 14:15:00+00:00,2026-10-07T10:02:36Z,4182.000000,4182.700195,4171.299805,4173.600098,4181.899902,4182.700195,4171.299805,4173.600098,changed
2026-10-06 14:45:00+00:00,2026-10-07T10:02:36Z,4180.299805,4185.899902,4177.100098,4184.500000,4180.500000,4185.899902,4177.100098,4184.500000,changed
2026-10-06 15:00:00+00:00,2026-10-07T10:02:36Z,4184.399902,4192.100098,4183.899902,4190.299805,4184.399902,4192.100098,4183.899902,4190.500000,changed
2026-10-06 15:15:00+00:00,2026-10-07T10:02:36Z,4190.700195,4192.700195,4188.899902,4191.200195,4190.600098,4192.700195,4188.899902,4191.200195,changed
2026-10-06 16:15:00+00:00,2026-10-07T10:02:36Z,4190.700195,4192.700195,4187.899902,4188.100098,4190.600098,4192.700195,4187.899902,4188.100098,changed
2026-10-06 17:15:00+00:00,2026-10-07T10:02:36Z,4190.000000,4191.600098,4185.200195,4188.299805,4189.899902,4191.600098,4185.200195,4188.299805,changed
2026-10-06 17:30:00+00:00,2026-10-07T10:02:36Z,4188.200195,4193.200195,4187.600098,4192.399902,4188.399902,4193.200195,4187.600098,4192.399902,changed
2026-10-06 17:45:00+00:00,2026-10-07T10:02:36Z,4192.700195,4193.700195,4191.200195,4192.000000,4192.600098,4193.700195,4191.200195,4192.000000,changed
2026-10-06 18:30:00+00:00,2026-10-07T10:02:36Z,4197.000000,4198.200195,4194.399902,4197.899902,4196.899902,4198.200195,4194.399902,4197.899902,changed
2026-10-06 19:15:00+00:00,2026-10-07T10:02:36Z,4204.299805,4205.399902,4199.700195,4200.000000,4204.299805,4205.399902,4199.700195,4199.899902,changed
2026-10-06 19:30:00+00:00,2026-10-07T10:02:36Z,4199.700195,4200.000000,4195.899902,4197.000000,4200.000000,4200.000000,4195.899902,4197.000000,changed
2026-10-06 19:45:00+00:00,2026-10-07T10:02:36Z,4197.000000,4198.100098,4194.600098,4197.299805,4197.000000,4198.100098,4194.600098,4197.100098,changed
2026-10-06 23:00:00+00:00,2026-10-07T10:02:36Z,4192.500000,4193.600098,4192.299805,4192.799805,4190.799805,4193.700195,4190.000000,4192.799805,changed
2026-10-06 23:30:00+00:00,2026-10-07T10:02:36Z,4197.200195,4197.200195,4193.200195,4194.700195,4196.899902,4197.799805,4193.200195,4194.700195,changed
2026-10-07 00:00:00+00:00,2026-10-07T10:02:36Z,4192.899902,4197.299805,4189.600098,4197.100098,4193.200195,4197.299805,4189.600098,4197.100098,changed
2026-10-07 01:00:00+00:00,2026-10-07T10:02:36Z,4183.799805,4183.799805,4179.000000,4179.799805,4183.799805,4183.799805,4179.000000,4179.500000,changed
2026-10-07 01:15:00+00:00,2026-10-07T10:02:36Z,4179.100098,4180.500000,4176.799805,4179.500000,4179.200195,4180.500000,4176.799805,4179.500000,changed
2026-10-07 01:30:00+00:00,2026-10-07T10:02:36Z,4179.299805,4182.299805,4176.299805,4178.299805,4179.399902,4182.299805,4176.299805,4178.299805,changed
2026-10-07 03:00:00+00:00,2026-10-07T10:02:36Z,4168.700195,4169.500000,4165.700195,4165.899902,4168.899902,4169.500000,4164.700195,4165.899902,changed
2026-10-07 04:45:00+00:00,2026-10-07T10:02:36Z,4163.500000,4165.600098,4161.000000,4161.600098,4163.700195,4165.600098,4161.000000,4161.600098,changed
2026-10-07 05:00:00+00:00,2026-10-07T10:02:36Z,4161.700195,4163.299805,4159.299805,4160.600098,4161.700195,4163.299805,4159.299805,4160.399902,changed
2026-10-07 05:15:00+00:00,2026-10-07T10:02:36Z,4160.100098,4160.700195,4157.700195,4160.100098,4160.200195,4160.700195,4157.700195,4160.100098,changed
2026-10-07 07:00:00+00:00,2026-10-07T10:02:36Z,4156.600098,4161.399902,4156.500000,4158.000000,4156.700195,4161.399902,4156.500000,4158.000000,changed
2026-10-07 08:45:00+00:00,2026-10-07T10:02:36Z,4153.000000,4153.799805,4148.399902,4150.100098,4153.000000,4153.799805,4148.399902,4149.799805,changed
2026-10-07 09:30:00+00:00,2026-10-07T10:02:36Z,4146.799805,4147.399902,4144.000000,4145.200195,4146.500000,4147.399902,4143.399902,4145.700195,changed
2026-10-07 09:45:00+00:00,2026-10-07T10:18:16Z,4145.899902,4145.899902,4143.000000,4144.399902,4145.899902,4146.600098,4142.600098,4145.899902,changed
2026-10-01 00:00:00+00:00,2026-10-07T10:34:42Z,4186.100098,4186.200195,4180.500000,4182.799805,4186.000000,4186.200195,4180.500000,4182.799805,changed
2026-10-01 02:00:00+00:00,2026-10-07T10:34:42Z,4186.100098,4187.700195,4181.200195,4183.600098,4186.700195,4187.700195,4181.200195,4183.600098,changed
2026-10-01 03:00:00+00:00,2026-10-07T10:34:42Z,4190.299805,4198.200195,4188.799805,4197.000000,4190.899902,4198.200195,4188.799805,4197.000000,changed
2026-10-01 03:15:00+00:00,2026-10-07T10:34:42Z,4197.000000,4198.000000,4192.899902,4193.700195,4197.500000,4198.000000,4192.899902,4193.700195,changed
2026-10-01 03:45:00+00:00,2026-10-07T10:34:42Z,4199.000000,4206.399902,4198.399902,4205.399902,4199.100098,4206.399902,4198.399902,4205.399902,changed
2026-10-01 05:30:00+00:00,2026-10-07T10:34:42Z,4217.100098,4222.799805,4214.799805,4216.799805,4217.200195,4222.799805,4214.799805,4216.799805,changed
2026-10-01 06:45:00+00:00,2026-10-07T10:34:42Z,4214.200195,4215.299805,4210.399902,4211.600098,4214.100098,4215.299805,4210.399902,4211.600098,changed
2026-10-01 07:00:00+00:00,2026-10-07T10:34:42Z,4211.500000,4213.500000,4202.000000,4202.299805,4211.899902,4213.500000,4202.000000,4202.299805,changed
2026-10-01 07:15:00+00:00,2026-10-07T10:34:42Z,4202.399902,4204.500000,4185.000000,4186.399902,4202.799805,4204.500000,4185.000000,4186.399902,changed
2026-10-01 07:30:00+00:00,2026-10-07T10:34:42Z,4186.399902,4195.399902,4184.200195,4193.399902,4186.299805,4195.399902,4184.200195,4193.299805,changed
2026-10-01 07:45:00+00:00,2026-10-07T10:34:42Z,4193.399902,4196.700195,4191.899902,4193.700195,4193.500000,4196.700195,4191.899902,4193.700195,changed
2026-10-01 08:15:00+00:00,2026-10-07T10:34:42Z,4189.399902,4192.399902,4184.399902,4186.600098,4189.500000,4192.399902,4184.399902,4186.600098,changed
2026-10-01 09:15:00+00:00,2026-10-07T10:34:42Z,4190.600098,4192.299805,4187.899902,4188.899902,4190.799805,4192.299805,4187.899902,4188.899902,changed
2026-10-01 09:30:00+00:00,2026-10-07T10:34:42Z,4189.100098,4193.000000,4188.799805,4191.100098,4189.100098,4193.000000,4188.799805,4191.200195,changed
2026-10-01 10:45:00+00:00,2026-10-07T10:34:42Z,4201.100098,4208.500000,4200.799805,4205.899902,4201.100098,4208.500000,4200.799805,4206.100098,changed
2026-10-01 11:00:00+00:00,2026-10-07T10:34:42Z,4206.100098,4206.100098,4198.700195,4199.200195,4205.600098,4206.100098,4198.700195,4199.200195,changed
2026-10-01 12:00:00+00:00,2026-10-07T10:34:42Z,4212.500000,4215.100098,4205.799805,4206.299805,4212.299805,4215.100098,4205.799805,4206.299805,changed
2026-10-01 12:30:00+00:00,2026-10-07T10:34:42Z,4209.200195,4216.799805,4207.799805,4212.200195,4209.700195,4216.799805,4207.799805,4212.200195,changed
2026-10-01 12:45:00+00:00,2026-10-07T10:34:42Z,4212.600098,4217.799805,4208.600098,4208.799805,4212.600098,4217.799805,4208.600098,4208.600098,changed
2026-10-01 13:00:00+00:00,2026-10-07T10:34:42Z,4208.899902,4211.799805,4203.100098,4203.200195,4208.799805,4211.799805,4203.100098,4203.200195,changed
2026-10-01 13:30:00+00:00,2026-10-07T10:34:42Z,4197.299805,4202.399902,4188.799805,4192.600098,4197.399902,4202.399902,4188.799805,4192.600098,changed
2026-10-01 13:45:00+00:00,2026-10-07T10:34:42Z,4192.700195,4195.600098,4190.000000,4195.100098,4192.600098,4195.600098,4190.000000,4195.299805,changed
2026-10-01 14:30:00+00:00,2026-10-07T10:34:42Z,4191.700195,4204.799805,4189.799805,4196.100098,4191.700195,4204.799805,4189.799805,4196.399902,changed
2026-10-01 15:00:00+00:00,2026-10-07T10:34:42Z,4192.299805,4192.600098,4179.500000,4185.899902,4191.899902,4192.600098,4179.500000,4185.899902,changed
2026-10-01 15:15:00+00:00,2026-10-07T10:34:42Z,4185.700195,4198.500000,4184.299805,4196.500000,4185.600098,4198.500000,4184.299805,4196.500000,changed
2026-10-01 16:00:00+00:00,2026-10-07T10:34:42Z,4199.100098,4206.600098,4198.000000,4199.500000,4199.299805,4206.600098,4198.000000,4199.500000,changed
2026-10-01 16:15:00+00:00,2026-10-07T10:34:42Z,4199.299805,4201.799805,4193.899902,4197.000000,4199.500000,4201.799805,4193.899902,4197.000000,changed
2026-10-01 16:45:00+00:00,2026-10-07T10:34:42Z,4195.399902,4197.399902,4189.500000,4192.200195,4195.399902,4197.399902,4189.500000,4192.100098,changed
2026-10-01 17:00:00+00:00,2026-10-07T10:34:42Z,4192.200195,4203.500000,4191.600098,4201.399902,4192.100098,4203.500000,4191.600098,4201.399902,changed
2026-10-01 17:15:00+00:00,2026-10-07T10:34:42Z,4201.500000,4207.600098,4200.100098,4203.100098,4201.399902,4207.600098,4200.100098,4203.000000,changed
2026-10-01 17:30:00+00:00,2026-10-07T10:34:42Z,4202.899902,4217.600098,4202.799805,4207.500000,4203.100098,4217.600098,4202.799805,4207.500000,changed
2026-10-01 22:00:00+00:00,2026-10-07T10:34:42Z,4204.600098,4207.200195,4202.100098,4202.700195,4204.500000,4207.200195,4202.100098,4202.700195,changed
2026-10-01 22:45:00+00:00,2026-10-07T10:34:42Z,4205.500000,4208.600098,4204.899902,4208.299805,4205.500000,4208.600098,4205.299805,4208.299805,changed
2026-10-02 00:00:00+00:00,2026-10-07T10:34:42Z,4211.399902,4212.000000,4198.600098,4199.299805,4211.399902,4212.000000,4198.600098,4199.700195,changed
2026-10-02 00:15:00+00:00,2026-10-07T10:34:42Z,4199.500000,4201.000000,4193.299805,4194.299805,4199.399902,4201.000000,4193.299805,4194.299805,changed
2026-10-02 01:00:00+00:00,2026-10-07T10:34:42Z,4182.500000,4184.200195,4162.899902,4170.399902,4182.299805,4184.200195,4162.899902,4170.399902,changed
2026-10-02 01:15:00+00:00,2026-10-07T10:34:42Z,4170.299805,4179.500000,4168.700195,4179.100098,4170.000000,4179.500000,4168.700195,4179.100098,changed
2026-10-02 01:30:00+00:00,2026-10-07T10:34:42Z,4178.799805,4181.000000,4174.600098,4178.299805,4179.000000,4181.000000,4174.600098,4178.299805,changed
2026-10-02 04:45:00+00:00,2026-10-07T10:34:42Z,4212.399902,4215.000000,4211.200195,4214.799805,4212.600098,4215.000000,4211.200195,4214.799805,changed
2026-10-02 05:00:00+00:00,2026-10-07T10:34:42Z,4214.500000,4222.299805,4213.899902,4217.700195,4214.600098,4222.299805,4213.899902,4217.700195,changed
2026-10-02 06:00:00+00:00,2026-10-07T10:34:42Z,4216.100098,4226.799805,4215.799805,4222.200195,4216.500000,4226.799805,4215.799805,4222.200195,changed
2026-10-02 06:30:00+00:00,2026-10-07T10:34:42Z,4219.399902,4220.299805,4209.500000,4210.299805,4219.600098,4220.299805,4209.500000,4210.299805,changed
2026-10-02 08:15:00+00:00,2026-10-07T10:34:42Z,4219.000000,4220.200195,4212.299805,4215.700195,4219.000000,4220.200195,4212.299805,4215.500000,changed
2026-10-02 08:30:00+00:00,2026-10-07T10:34:42Z,4215.299805,4216.600098,4210.299805,4210.700195,4215.000000,4216.600098,4210.299805,4210.700195,changed
2026-10-02 10:30:00+00:00,2026-10-07T10:34:42Z,4204.000000,4212.500000,4203.000000,4211.399902,4203.899902,4212.500000,4203.000000,4211.399902,changed
2026-10-02 10:45:00+00:00,2026-10-07T10:34:42Z,4211.500000,4212.799805,4209.299805,4212.700195,4211.600098,4212.799805,4209.299805,4212.700195,changed
2026-10-02 11:00:00+00:00,2026-10-07T10:34:42Z,4212.600098,4218.700195,4211.700195,4217.799805,4212.600098,4218.700195,4211.700195,4217.500000,changed
2026-10-02 11:15:00+00:00,2026-10-07T10:34:42Z,4217.700195,4218.600098,4210.600098,4211.000000,4217.799805,4218.600098,4210.600098,4211.000000,changed
2026-10-02 12:00:00+00:00,2026-10-07T10:34:42Z,4211.500000,4212.000000,4204.399902,4207.500000,4211.299805,4212.000000,4204.399902,4207.500000,changed
2026-10-02 12:30:00+00:00,2026-10-07T10:34:42Z,4216.899902,4259.000000,4216.500000,4241.299805,4216.500000,4259.000000,4216.500000,4240.899902,changed
2026-10-02 12:45:00+00:00,2026-10-07T10:34:42Z,4241.500000,4250.700195,4234.100098,4248.200195,4241.100098,4250.700195,4234.100098,4248.200195,changed
2026-10-02 13:15:00+00:00,2026-10-07T10:34:42Z,4225.299805,4226.200195,4213.200195,4223.100098,4225.299805,4226.200195,4213.200195,4222.700195,changed
2026-10-02 13:30:00+00:00,2026-10-07T10:34:42Z,4223.000000,4231.600098,4212.500000,4216.100098,4223.299805,4231.600098,4212.500000,4216.100098,changed
2026-10-02 13:45:00+00:00,2026-10-07T10:34:42Z,4215.600098,4222.899902,4207.700195,4221.200195,4215.600098,4222.899902,4207.700195,4220.500000,changed
2026-10-02 14:00:00+00:00,2026-10-07T10:34:42Z,4220.700195,4226.600098,4209.100098,4218.600098,4220.600098,4226.600098,4209.100098,4218.600098,changed
2026-10-02 14:45:00+00:00,2026-10-07T10:34:42Z,4205.200195,4206.100098,4184.500000,4188.299805,4205.200195,4206.100098,4184.500000,4188.200195,changed
2026-10-02 15:00:00+00:00,2026-10-07T10:34:42Z,4188.399902,4189.399902,4171.100098,4174.299805,4188.500000,4189.399902,4171.100098,4174.299805,changed
2026-10-02 15:15:00+00:00,2026-10-07T10:34:42Z,4174.200195,4175.700195,4161.700195,4171.299805,4173.600098,4175.700195,4161.700195,4171.200195,changed
2026-10-02 15:45:00+00:00,2026-10-07T10:34:42Z,4163.399902,4167.299805,4153.799805,4156.100098,4163.600098,4167.299805,4153.799805,4156.100098,changed
2026-10-02 16:00:00+00:00,2026-10-07T10:34:42Z,4156.200195,4165.600098,4154.600098,4163.799805,4156.299805,4165.600098,4154.600098,4163.799805,changed
2026-10-02 16:45:00+00:00,2026-10-07T10:34:42Z,4164.299805,4169.399902,4164.299805,4168.200195,4165.000000,4169.399902,4164.299805,4168.200195,changed
2026-10-02 17:15:00+00:00,2026-10-07T10:34:42Z,4165.299805,4168.200195,4158.899902,4162.600098,4165.500000,4168.200195,4158.899902,4162.600098,changed
2026-10-02 17:30:00+00:00,2026-10-07T10:34:42Z,4162.399902,4169.000000,4161.299805,4166.600098,4161.799805,4169.000000,4161.299805,4166.600098,changed
2026-10-02 19:00:00+00:00,2026-10-07T10:34:42Z,4175.700195,4178.399902,4172.799805,4178.000000,4175.799805,4178.399902,4172.799805,4178.000000,changed
2026-10-02 19:30:00+00:00,2026-10-07T10:34:42Z,4177.299805,4178.899902,4171.899902,4171.899902,4177.500000,4178.899902,4171.899902,4172.000000,changed
2026-10-02 19:45:00+00:00,2026-10-07T10:34:42Z,4171.500000,4176.899902,4169.399902,4176.600098,4171.500000,4176.899902,4169.399902,4176.399902,changed
2026-10-02 20:00:00+00:00,2026-10-07T10:34:42Z,4176.799805,4177.700195,4169.000000,4172.100098,4176.899902,4177.700195,4169.000000,4172.100098,changed
2026-10-02 20:45:00+00:00,2026-10-07T10:34:42Z,4167.000000,4172.100098,4162.299805,4162.299805,4166.899902,4172.100098,4162.299805,4162.299805,changed
2026-10-05 00:30:00+00:00,2026-10-07T10:34:42Z,4183.799805,4184.100098,4179.600098,4181.299805,4183.799805,4184.100098,4180.100098,4181.299805,changed
2026-10-05 04:15:00+00:00,2026-10-07T10:34:42Z,4162.600098,4163.399902,4152.299805,4153.899902,4162.000000,4163.399902,4152.299805,4154.000000,changed
2026-10-05 04:30:00+00:00,2026-10-07T10:34:42Z,4154.000000,4161.600098,4153.299805,4161.100098,4153.899902,4161.600098,4153.299805,4161.100098,changed
2026-10-05 05:00:00+00:00,2026-10-07T10:34:42Z,4159.000000,4167.899902,4158.299805,4166.399902,4159.200195,4167.899902,4158.299805,4166.399902,changed
2026-10-05 06:00:00+00:00,2026-10-07T10:34:42Z,4162.100098,4181.500000,4161.700195,4179.399902,4161.799805,4181.500000,4161.700195,4179.399902,changed
2026-10-05 06:15:00+00:00,2026-10-07T10:34:42Z,4179.500000,4184.100098,4174.600098,4183.100098,4179.100098,4184.100098,4174.600098,4183.000000,changed
2026-10-05 06:30:00+00:00,2026-10-07T10:34:42Z,4182.600098,4183.500000,4176.899902,4180.799805,4182.600098,4183.500000,4176.899902,4180.399902,changed
2026-10-05 06:45:00+00:00,2026-10-07T10:34:42Z,4180.700195,4183.899902,4176.100098,4183.700195,4180.200195,4183.899902,4176.100098,4183.899902,changed
2026-10-05 07:00:00+00:00,2026-10-07T10:34:42Z,4183.700195,4187.299805,4177.899902,4184.100098,4184.000000,4187.299805,4177.899902,4184.100098,changed
2026-10-05 07:45:00+00:00,2026-10-07T10:34:42Z,4187.600098,4194.899902,4186.000000,4188.700195,4187.700195,4194.899902,4186.000000,4188.700195,changed
2026-10-05 08:00:00+00:00,2026-10-07T10:34:42Z,4189.000000,4197.899902,4187.500000,4196.899902,4188.700195,4197.899902,4187.500000,4196.899902,changed
2026-10-05 09:30:00+00:00,2026-10-07T10:34:42Z,4194.399902,4195.200195,4187.899902,4187.899902,4194.799805,4195.200195,4187.899902,4187.899902,changed
2026-10-05 11:45:00+00:00,2026-10-07T10:34:42Z,4182.700195,4184.899902,4179.100098,4184.100098,4182.600098,4184.899902,4179.100098,4184.100098,changed
2026-10-05 13:15:00+00:00,2026-10-07T10:34:42Z,4180.000000,4182.299805,4178.100098,4180.899902,4180.100098,4182.299805,4178.100098,4180.899902,changed
2026-10-05 13:30:00+00:00,2026-10-07T10:34:42Z,4180.799805,4182.000000,4165.000000,4165.899902,4180.799805,4182.000000,4165.000000,4166.299805,changed
2026-10-05 13:45:00+00:00,2026-10-07T10:34:42Z,4165.899902,4172.799805,4159.100098,4163.399902,4166.100098,4172.799805,4159.100098,4163.000000,changed
2026-10-05 14:00:00+00:00,2026-10-07T10:34:42Z,4163.000000,4175.100098,4162.899902,4170.299805,4162.899902,4175.100098,4162.899902,4170.500000,changed
2026-10-05 14:15:00+00:00,2026-10-07T10:34:42Z,4170.100098,4170.799805,4164.799805,4165.200195,4170.399902,4170.799805,4164.799805,4165.200195,changed
2026-10-05 14:30:00+00:00,2026-10-07T10:34:42Z,4165.200195,4170.399902,4160.000000,4168.700195,4165.000000,4170.399902,4160.000000,4168.600098,changed
2026-10-05 14:45:00+00:00,2026-10-07T10:34:42Z,4168.600098,4176.600098,4165.000000,4175.000000,4168.700195,4176.600098,4165.000000,4175.100098,changed
2026-10-05 15:45:00+00:00,2026-10-07T10:34:42Z,4164.299805,4167.600098,4161.799805,4164.700195,4164.200195,4167.600098,4161.799805,4164.700195,changed
2026-10-05 16:30:00+00:00,2026-10-07T10:34:42Z,4155.299805,4159.299805,4155.000000,4158.899902,4155.399902,4159.299805,4155.000000,4158.899902,changed
2026-10-05 17:30:00+00:00,2026-10-07T10:34:42Z,4157.399902,4160.600098,4154.700195,4159.899902,4157.200195,4160.600098,4154.700195,4159.899902,changed
2026-10-05 19:30:00+00:00,2026-10-07T10:34:42Z,4169.600098,4171.600098,4169.100098,4169.700195,4169.399902,4171.600098,4169.100098,4169.700195,changed
2026-10-05 19:45:00+00:00,2026-10-07T10:34:42Z,4169.700195,4170.000000,4166.100098,4168.299805,4169.799805,4170.000000,4166.100098,4168.299805,changed
2026-10-05 20:00:00+00:00,2026-10-07T10:34:42Z,4168.399902,4168.799805,4165.000000,4166.299805,4168.200195,4168.799805,4165.000000,4166.299805,changed
2026-10-05 22:00:00+00:00,2026-10-07T10:34:42Z,4169.200195,4172.000000,4168.500000,4169.600098,4168.899902,4172.000000,4168.500000,4169.600098,changed
2026-10-06 00:00:00+00:00,2026-10-07T10:34:42Z,4161.200195,4164.799805,4160.100098,4163.299805,4161.000000,4164.799805,4160.100098,4163.299805,changed
2026-10-06 00:30:00+00:00,2026-10-07T10:34:42Z,4167.899902,4172.299805,4162.899902,4165.299805,4167.799805,4172.299805,4162.899902,4165.299805,changed
2026-10-06 00:45:00+00:00,2026-10-07T10:34:42Z,4165.500000,4178.799805,4165.500000,4178.399902,4166.000000,4178.799805,4165.500000,4178.299805,changed
2026-10-06 01:00:00+00:00,2026-10-07T10:34:42Z,4178.100098,4179.600098,4173.600098,4176.799805,4177.899902,4179.600098,4173.600098,4176.799805,changed
2026-10-06 01:45:00+00:00,2026-10-07T10:34:42Z,4160.200195,4160.799805,4156.000000,4157.200195,4160.100098,4160.799805,4156.000000,4157.200195,changed
2026-10-06 02:15:00+00:00,2026-10-07T10:34:42Z,4157.399902,4158.600098,4153.399902,4153.700195,4157.799805,4158.600098,4153.399902,4153.700195,changed
2026-10-06 02:45:00+00:00,2026-10-07T10:34:42Z,4148.700195,4166.200195,4148.000000,4157.399902,4148.500000,4166.200195,4148.000000,4157.399902,changed
2026-10-06 05:45:00+00:00,2026-10-07T10:34:42Z,4148.600098,4149.700195,4143.299805,4146.700195,4148.600098,4149.700195,4143.299805,4146.600098,changed
2026-10-06 06:00:00+00:00,2026-10-07T10:34:42Z,4146.600098,4150.299805,4140.100098,4149.600098,4146.299805,4150.299805,4140.100098,4149.600098,changed
2026-10-06 06:30:00+00:00,2026-10-07T10:34:42Z,4161.299805,4162.600098,4156.600098,4158.000000,4161.500000,4162.600098,4156.600098,4158.000000,changed
2026-10-06 06:45:00+00:00,2026-10-07T10:34:42Z,4157.700195,4162.100098,4157.100098,4158.899902,4157.600098,4162.100098,4157.100098,4158.899902,changed
2026-10-06 07:30:00+00:00,2026-10-07T10:34:42Z,4162.000000,4167.200195,4160.000000,4165.799805,4162.100098,4167.200195,4160.000000,4165.799805,changed
2026-10-06 08:00:00+00:00,2026-10-07T10:34:42Z,4167.500000,4171.600098,4165.200195,4167.200195,4167.399902,4171.600098,4165.200195,4167.399902,changed
2026-10-06 08:15:00+00:00,2026-10-07T10:34:42Z,4167.100098,4175.000000,4167.100098,4173.500000,4167.399902,4175.000000,4167.100098,4173.500000,changed
2026-10-06 08:30:00+00:00,2026-10-07T10:34:42Z,4173.399902,4181.200195,4172.600098,4180.000000,4173.600098,4181.200195,4172.600098,4180.000000,changed
2026-10-06 09:00:00+00:00,2026-10-07T10:34:42Z,4182.600098,4184.299805,4177.200195,4177.299805,4182.500000,4184.299805,4177.200195,4177.200195,changed
2026-10-06 09:30:00+00:00,2026-10-07T10:34:42Z,4183.899902,4185.899902,4181.200195,4181.399902,4183.799805,4185.899902,4181.200195,4181.399902,changed
2026-10-06 11:45:00+00:00,2026-10-07T10:34:42Z,4200.100098,4202.799805,4198.000000,4201.500000,4199.899902,4202.799805,4198.000000,4201.500000,changed
2026-10-06 12:00:00+00:00,2026-10-07T10:34:42Z,4201.700195,4208.000000,4201.200195,4206.799805,4201.700195,4208.000000,4201.200195,4206.700195,changed
2026-10-06 12:15:00+00:00,2026-10-07T10:34:42Z,4206.899902,4207.500000,4201.600098,4203.799805,4207.000000,4207.500000,4201.600098,4203.600098,changed
2026-10-06 13:15:00+00:00,2026-10-07T10:34:42Z,4200.000000,4200.200195,4188.700195,4189.200195,4199.899902,4200.200195,4188.700195,4189.200195,changed
2026-10-06 13:30:00+00:00,2026-10-07T10:34:42Z,4189.299805,4192.899902,4183.200195,4185.700195,4189.200195,4192.899902,4183.200195,4185.799805,changed
2026-10-06 13:45:00+00:00,2026-10-07T10:34:42Z,4186.000000,4186.000000,4179.299805,4180.000000,4185.500000,4186.000000,4179.299805,4180.100098,changed
2026-10-06 14:00:00+00:00,2026-10-07T10:34:42Z,4180.100098,4185.799805,4179.100098,4182.299805,4180.000000,4185.799805,4179.100098,4181.500000,changed
2026-10-06 14:15:00+00:00,2026-10-07T10:34:42Z,4181.899902,4182.700195,4171.299805,4173.600098,4182.000000,4182.700195,4171.299805,4173.600098,changed
2026-10-06 14:45:00+00:00,2026-10-07T10:34:42Z,4180.500000,4185.899902,4177.100098,4184.500000,4180.299805,4185.899902,4177.100098,4184.500000,changed
2026-10-06 15:00:00+00:00,2026-10-07T10:34:42Z,4184.399902,4192.100098,4183.899902,4190.500000,4184.399902,4192.100098,4183.899902,4190.299805,changed
2026-10-06 15:15:00+00:00,2026-10-07T10:34:42Z,4190.600098,4192.700195,4188.899902,4191.200195,4190.700195,4192.700195,4188.899902,4191.200195,changed
2026-10-06 16:15:00+00:00,2026-10-07T10:34:42Z,4190.600098,4192.700195,4187.899902,4188.100098,4190.700195,4192.700195,4187.899902,4188.100098,changed
2026-10-06 17:15:00+00:00,2026-10-07T10:34:42Z,4189.899902,4191.600098,4185.200195,4188.299805,4190.000000,4191.600098,4185.200195,4188.299805,changed
2026-10-06 17:30:00+00:00,2026-10-07T10:34:42Z,4188.399902,4193.200195,4187.600098,4192.399902,4188.200195,4193.200195,4187.600098,4192.399902,changed
2026-10-06 17:45:00+00:00,2026-10-07T10:34:42Z,4192.600098,4193.700195,4191.200195,4192.000000,4192.700195,4193.700195,4191.200195,4192.000000,changed
2026-10-06 18:30:00+00:00,2026-10-07T10:34:42Z,4196.899902,4198.200195,4194.399902,4197.899902,4197.000000,4198.200195,4194.399902,4197.899902,changed
2026-10-06 19:15:00+00:00,2026-10-07T10:34:42Z,4204.299805,4205.399902,4199.700195,4199.899902,4204.299805,4205.399902,4199.700195,4200.000000,changed
2026-10-06 19:30:00+00:00,2026-10-07T10:34:42Z,4200.000000,4200.000000,4195.899902,4197.000000,4199.700195,4200.000000,4195.899902,4197.000000,changed
2026-10-06 19:45:00+00:00,2026-10-07T10:34:42Z,4197.000000,4198.100098,4194.600098,4197.100098,4197.000000,4198.100098,4194.600098,4197.299805,changed
2026-10-06 23:00:00+00:00,2026-10-07T10:34:42Z,4190.799805,4193.700195,4190.000000,4192.799805,4192.500000,4193.600098,4192.299805,4192.799805,changed
2026-10-06 23:30:00+00:00,2026-10-07T10:34:42Z,4196.899902,4197.799805,4193.200195,4194.700195,4197.200195,4197.200195,4193.200195,4194.700195,changed
2026-10-07 00:00:00+00:00,2026-10-07T10:34:42Z,4193.200195,4197.299805,4189.600098,4197.100098,4192.899902,4197.299805,4189.600098,4197.100098,changed
2026-10-07 01:00:00+00:00,2026-10-07T10:34:42Z,4183.799805,4183.799805,4179.000000,4179.500000,4183.799805,4183.799805,4179.000000,4179.799805,changed
2026-10-07 01:15:00+00:00,2026-10-07T10:34:42Z,4179.200195,4180.500000,4176.799805,4179.500000,4179.100098,4180.500000,4176.799805,4179.500000,changed
2026-10-07 01:30:00+00:00,2026-10-07T10:34:42Z,4179.399902,4182.299805,4176.299805,4178.299805,4179.299805,4182.299805,4176.299805,4178.299805,changed
2026-10-07 03:00:00+00:00,2026-10-07T10:34:42Z,4168.899902,4169.500000,4164.700195,4165.899902,4168.700195,4169.500000,4165.700195,4165.899902,changed
2026-10-07 04:45:00+00:00,2026-10-07T10:34:42Z,4163.700195,4165.600098,4161.000000,4161.600098,4163.500000,4165.600098,4161.000000,4161.600098,changed
2026-10-07 05:00:00+00:00,2026-10-07T10:34:42Z,4161.700195,4163.299805,4159.299805,4160.399902,4161.700195,4163.299805,4159.299805,4160.600098,changed
2026-10-07 05:15:00+00:00,2026-10-07T10:34:42Z,4160.200195,4160.700195,4157.700195,4160.100098,4160.100098,4160.700195,4157.700195,4160.100098,changed
2026-10-07 07:00:00+00:00,2026-10-07T10:34:42Z,4156.700195,4161.399902,4156.500000,4158.000000,4156.600098,4161.399902,4156.500000,4158.000000,changed
2026-10-07 08:45:00+00:00,2026-10-07T10:34:42Z,4153.000000,4153.799805,4148.399902,4149.799805,4153.000000,4153.799805,4148.399902,4150.100098,changed
2026-10-07 09:30:00+00:00,2026-10-07T10:34:42Z,4146.500000,4147.399902,4143.399902,4145.700195,4146.799805,4147.399902,4143.399902,4145.700195,changed
2026-10-07 10:00:00+00:00,2026-10-07T10:34:42Z,4145.700195,4146.899902,4141.600098,4142.799805,4146.100098,4146.899902,4141.000000,4142.200195,changed
