bar_open,run_utc,old_open,old_high,old_low,old_close,new_open,new_high,new_low,new_close,kind
2024-09-03 05:00:00+00:00,2026-10-03T10:38:11Z,101.769997,101.773003,101.709000,101.714996,101.769997,101.772003,101.709000,101.714996,changed
2024-09-04 02:00:00+00:00,2026-10-03T10:38:11Z,101.688004,101.710999,101.652000,101.686996,101.688004,101.710999,101.653000,101.686996,changed
2024-09-04 15:00:00+00:00,2026-10-03T10:38:11Z,101.277000,101.405998,101.261002,101.373001,101.277000,101.405998,101.264999,101.373001,changed
2024-09-05 07:00:00+00:00,2026-10-03T10:38:11Z,101.244003,101.321999,101.230003,101.261002,101.244003,101.321999,101.231003,101.261002,changed
2024-09-06 15:00:00+00:00,2026-10-03T10:38:11Z,100.867996,101.220001,100.848999,101.157997,101.054001,101.220001,100.759003,101.157997,changed
2024-09-09 03:00:00+00:00,2026-10-03T10:38:11Z,101.265999,101.291000,101.244003,101.273003,101.265999,101.291000,101.242996,101.273003,changed
2024-09-09 16:00:00+00:00,2026-10-03T10:38:11Z,101.560997,101.563004,101.487000,101.500999,101.567001,101.567001,101.487000,101.500999,changed
2024-09-10 14:00:00+00:00,2026-10-03T10:38:11Z,101.745003,101.766998,101.692001,101.733002,101.745003,101.766998,101.691002,101.733002,changed
2024-09-10 15:00:00+00:00,2026-10-03T10:38:11Z,101.734001,101.740997,101.629997,101.639999,101.734001,101.741997,101.629997,101.639999,changed
2024-09-11 12:00:00+00:00,2026-10-03T10:38:11Z,101.426003,101.820000,101.405998,101.676003,101.426003,101.820000,101.405998,101.700996,changed
2024-09-11 13:00:00+00:00,2026-10-03T10:38:11Z,101.694000,101.739998,101.611000,101.708000,101.703003,101.739998,101.611000,101.708000,changed
2024-09-12 09:00:00+00:00,2026-10-03T10:38:11Z,101.748001,101.761002,101.709000,101.750000,101.748001,101.761002,101.709000,101.752998,changed
2024-09-12 10:00:00+00:00,2026-10-03T10:38:11Z,101.752998,101.760002,101.693001,101.700996,101.753998,101.760002,101.693001,101.700996,changed
2024-09-12 20:00:00+00:00,2026-10-03T10:38:11Z,101.275002,101.288002,101.224998,101.240997,101.275002,101.291000,101.224998,101.240997,changed
2024-09-16 12:00:00+00:00,2026-10-03T10:38:11Z,100.650002,100.764000,100.586998,100.690002,100.650002,100.764000,100.586998,100.693001,changed
2024-09-16 13:00:00+00:00,2026-10-03T10:38:11Z,100.689003,100.709999,100.602997,100.681000,100.692001,100.709999,100.602997,100.681000,changed
2024-09-17 01:00:00+00:00,2026-10-03T10:38:11Z,100.745003,100.746002,100.666000,100.679001,100.745003,100.746002,100.666000,100.681000,changed
2024-09-17 02:00:00+00:00,2026-10-03T10:38:11Z,100.674004,100.707001,100.664001,100.699997,100.681000,100.707001,100.664001,100.699997,changed
2024-09-17 15:00:00+00:00,2026-10-03T10:38:11Z,100.847000,100.947998,100.842003,100.931999,100.853996,100.947998,100.842003,100.931999,changed
2024-09-17 16:00:00+00:00,2026-10-03T10:38:11Z,100.939003,100.968002,100.904999,100.916000,100.931999,100.968002,100.904999,100.916000,changed
2024-09-18 14:00:00+00:00,2026-10-03T10:38:11Z,100.759003,100.959999,100.741997,100.903000,100.750000,100.959999,100.741997,100.903000,changed
2024-09-18 16:00:00+00:00,2026-10-03T10:38:11Z,100.917999,100.926003,100.848000,100.855003,100.931999,100.932999,100.848000,100.855003,changed
2024-09-19 06:00:00+00:00,2026-10-03T10:38:11Z,100.875000,100.882004,100.718002,100.718002,100.875000,100.884003,100.718002,100.718002,changed
2024-09-19 07:00:00+00:00,2026-10-03T10:38:11Z,100.716003,100.746002,100.648003,100.723000,100.716003,100.746002,100.648003,100.731003,changed
2024-09-19 08:00:00+00:00,2026-10-03T10:38:11Z,100.723999,100.755997,100.597000,100.639000,100.704002,100.755997,100.597000,100.639000,changed
2024-09-19 13:00:00+00:00,2026-10-03T10:38:11Z,100.974998,101.060997,100.861000,101.001999,101.000999,101.060997,100.861000,101.001999,changed
2024-09-19 20:00:00+00:00,2026-10-03T10:38:11Z,100.637001,100.642998,100.611000,100.637001,100.633003,100.642998,100.611000,100.637001,changed
2024-09-20 01:00:00+00:00,2026-10-03T10:38:11Z,100.634003,100.646004,100.580002,100.632004,100.634003,100.646004,100.580002,100.630997,changed
2024-09-20 02:00:00+00:00,2026-10-03T10:38:11Z,100.633003,100.655998,100.595001,100.616997,100.638000,100.655998,100.595001,100.616997,changed
2024-09-20 05:00:00+00:00,2026-10-03T10:38:11Z,100.556000,100.615997,100.553001,100.578003,100.561996,100.615997,100.553001,100.578003,changed
2024-09-23 01:00:00+00:00,2026-10-03T10:38:11Z,100.789001,100.842003,100.781998,100.811996,100.789001,100.842003,100.782997,100.811996,changed
2024-09-23 14:00:00+00:00,2026-10-03T10:38:11Z,100.894997,101.011002,100.750999,100.830002,100.894997,101.011002,100.750999,100.807999,changed
2024-09-23 15:00:00+00:00,2026-10-03T10:38:11Z,100.787003,100.887001,100.763000,100.806000,100.806999,100.887001,100.763000,100.806000,changed
2024-09-25 11:00:00+00:00,2026-10-03T10:38:11Z,100.487000,100.528999,100.430000,100.434998,100.487000,100.528999,100.430000,100.435997,changed
2024-09-25 12:00:00+00:00,2026-10-03T10:38:11Z,100.440002,100.461998,100.343002,100.405998,100.435997,100.461998,100.343002,100.405998,changed
2024-09-03 05:00:00+00:00,2026-10-03T13:44:48Z,101.769997,101.772003,101.709000,101.714996,101.769997,101.773003,101.709000,101.714996,changed
2024-09-04 02:00:00+00:00,2026-10-03T13:44:48Z,101.688004,101.710999,101.653000,101.686996,101.688004,101.710999,101.652000,101.686996,changed
2024-09-04 15:00:00+00:00,2026-10-03T13:44:48Z,101.277000,101.405998,101.264999,101.373001,101.277000,101.405998,101.261002,101.373001,changed
2024-09-05 07:00:00+00:00,2026-10-03T13:44:48Z,101.244003,101.321999,101.231003,101.261002,101.244003,101.321999,101.230003,101.261002,changed
2024-09-06 15:00:00+00:00,2026-10-03T13:44:48Z,101.054001,101.220001,100.759003,101.157997,100.867996,101.220001,100.848999,101.157997,changed
2024-09-09 03:00:00+00:00,2026-10-03T13:44:48Z,101.265999,101.291000,101.242996,101.273003,101.265999,101.291000,101.244003,101.273003,changed
2024-09-09 16:00:00+00:00,2026-10-03T13:44:48Z,101.567001,101.567001,101.487000,101.500999,101.560997,101.563004,101.487000,101.500999,changed
2024-09-10 14:00:00+00:00,2026-10-03T13:44:48Z,101.745003,101.766998,101.691002,101.733002,101.745003,101.766998,101.692001,101.733002,changed
2024-09-10 15:00:00+00:00,2026-10-03T13:44:48Z,101.734001,101.741997,101.629997,101.639999,101.734001,101.740997,101.629997,101.639999,changed
2024-09-11 12:00:00+00:00,2026-10-03T13:44:48Z,101.426003,101.820000,101.405998,101.700996,101.426003,101.820000,101.405998,101.676003,changed
2024-09-11 13:00:00+00:00,2026-10-03T13:44:48Z,101.703003,101.739998,101.611000,101.708000,101.694000,101.739998,101.611000,101.708000,changed
2024-09-12 09:00:00+00:00,2026-10-03T13:44:48Z,101.748001,101.761002,101.709000,101.752998,101.748001,101.761002,101.709000,101.750000,changed
2024-09-12 10:00:00+00:00,2026-10-03T13:44:48Z,101.753998,101.760002,101.693001,101.700996,101.752998,101.760002,101.693001,101.700996,changed
2024-09-12 20:00:00+00:00,2026-10-03T13:44:48Z,101.275002,101.291000,101.224998,101.240997,101.275002,101.288002,101.224998,101.240997,changed
2024-09-16 12:00:00+00:00,2026-10-03T13:44:48Z,100.650002,100.764000,100.586998,100.693001,100.650002,100.764000,100.586998,100.690002,changed
2024-09-16 13:00:00+00:00,2026-10-03T13:44:48Z,100.692001,100.709999,100.602997,100.681000,100.689003,100.709999,100.602997,100.681000,changed
2024-09-17 01:00:00+00:00,2026-10-03T13:44:48Z,100.745003,100.746002,100.666000,100.681000,100.745003,100.746002,100.666000,100.679001,changed
2024-09-17 02:00:00+00:00,2026-10-03T13:44:48Z,100.681000,100.707001,100.664001,100.699997,100.674004,100.707001,100.664001,100.699997,changed
2024-09-17 15:00:00+00:00,2026-10-03T13:44:48Z,100.853996,100.947998,100.842003,100.931999,100.847000,100.947998,100.842003,100.931999,changed
2024-09-17 16:00:00+00:00,2026-10-03T13:44:48Z,100.931999,100.968002,100.904999,100.916000,100.939003,100.968002,100.904999,100.916000,changed
2024-09-18 14:00:00+00:00,2026-10-03T13:44:48Z,100.750000,100.959999,100.741997,100.903000,100.759003,100.959999,100.741997,100.903000,changed
2024-09-18 16:00:00+00:00,2026-10-03T13:44:48Z,100.931999,100.932999,100.848000,100.855003,100.917999,100.926003,100.848000,100.855003,changed
2024-09-19 06:00:00+00:00,2026-10-03T13:44:48Z,100.875000,100.884003,100.718002,100.718002,100.875000,100.882004,100.718002,100.718002,changed
2024-09-19 07:00:00+00:00,2026-10-03T13:44:48Z,100.716003,100.746002,100.648003,100.731003,100.716003,100.746002,100.648003,100.723000,changed
2024-09-19 08:00:00+00:00,2026-10-03T13:44:48Z,100.704002,100.755997,100.597000,100.639000,100.723999,100.755997,100.597000,100.639000,changed
2024-09-19 13:00:00+00:00,2026-10-03T13:44:48Z,101.000999,101.060997,100.861000,101.001999,100.974998,101.060997,100.861000,101.001999,changed
2024-09-19 20:00:00+00:00,2026-10-03T13:44:48Z,100.633003,100.642998,100.611000,100.637001,100.637001,100.642998,100.611000,100.637001,changed
2024-09-20 01:00:00+00:00,2026-10-03T13:44:48Z,100.634003,100.646004,100.580002,100.630997,100.634003,100.646004,100.580002,100.632004,changed
2024-09-20 02:00:00+00:00,2026-10-03T13:44:48Z,100.638000,100.655998,100.595001,100.616997,100.633003,100.655998,100.595001,100.616997,changed
2024-09-20 05:00:00+00:00,2026-10-03T13:44:48Z,100.561996,100.615997,100.553001,100.578003,100.556000,100.615997,100.553001,100.578003,changed
2024-09-23 01:00:00+00:00,2026-10-03T13:44:48Z,100.789001,100.842003,100.782997,100.811996,100.789001,100.842003,100.781998,100.811996,changed
2024-09-23 14:00:00+00:00,2026-10-03T13:44:48Z,100.894997,101.011002,100.750999,100.807999,100.894997,101.011002,100.750999,100.830002,changed
2024-09-23 15:00:00+00:00,2026-10-03T13:44:48Z,100.806999,100.887001,100.763000,100.806000,100.787003,100.887001,100.763000,100.806000,changed
2024-09-25 11:00:00+00:00,2026-10-03T13:44:48Z,100.487000,100.528999,100.430000,100.435997,100.487000,100.528999,100.430000,100.434998,changed
2024-09-25 12:00:00+00:00,2026-10-03T13:44:48Z,100.435997,100.461998,100.343002,100.405998,100.440002,100.461998,100.343002,100.405998,changed
2024-09-03 05:00:00+00:00,2026-10-04T07:55:55Z,101.769997,101.773003,101.709000,101.714996,101.769997,101.772003,101.709000,101.714996,changed
2024-09-04 02:00:00+00:00,2026-10-04T07:55:55Z,101.688004,101.710999,101.652000,101.686996,101.688004,101.710999,101.653000,101.686996,changed
2024-09-04 15:00:00+00:00,2026-10-04T07:55:55Z,101.277000,101.405998,101.261002,101.373001,101.277000,101.405998,101.264999,101.373001,changed
2024-09-05 07:00:00+00:00,2026-10-04T07:55:55Z,101.244003,101.321999,101.230003,101.261002,101.244003,101.321999,101.231003,101.261002,changed
2024-09-06 15:00:00+00:00,2026-10-04T07:55:55Z,100.867996,101.220001,100.848999,101.157997,101.054001,101.220001,100.759003,101.157997,changed
2024-09-09 03:00:00+00:00,2026-10-04T07:55:55Z,101.265999,101.291000,101.244003,101.273003,101.265999,101.291000,101.242996,101.273003,changed
2024-09-09 16:00:00+00:00,2026-10-04T07:55:55Z,101.560997,101.563004,101.487000,101.500999,101.567001,101.567001,101.487000,101.500999,changed
2024-09-10 14:00:00+00:00,2026-10-04T07:55:55Z,101.745003,101.766998,101.692001,101.733002,101.745003,101.766998,101.691002,101.733002,changed
2024-09-10 15:00:00+00:00,2026-10-04T07:55:55Z,101.734001,101.740997,101.629997,101.639999,101.734001,101.741997,101.629997,101.639999,changed
2024-09-11 12:00:00+00:00,2026-10-04T07:55:55Z,101.426003,101.820000,101.405998,101.676003,101.426003,101.820000,101.405998,101.700996,changed
2024-09-11 13:00:00+00:00,2026-10-04T07:55:55Z,101.694000,101.739998,101.611000,101.708000,101.703003,101.739998,101.611000,101.708000,changed
2024-09-12 09:00:00+00:00,2026-10-04T07:55:55Z,101.748001,101.761002,101.709000,101.750000,101.748001,101.761002,101.709000,101.752998,changed
2024-09-12 10:00:00+00:00,2026-10-04T07:55:55Z,101.752998,101.760002,101.693001,101.700996,101.753998,101.760002,101.693001,101.700996,changed
2024-09-12 20:00:00+00:00,2026-10-04T07:55:55Z,101.275002,101.288002,101.224998,101.240997,101.275002,101.291000,101.224998,101.240997,changed
2024-09-16 12:00:00+00:00,2026-10-04T07:55:55Z,100.650002,100.764000,100.586998,100.690002,100.650002,100.764000,100.586998,100.693001,changed
2024-09-16 13:00:00+00:00,2026-10-04T07:55:55Z,100.689003,100.709999,100.602997,100.681000,100.692001,100.709999,100.602997,100.681000,changed
2024-09-17 01:00:00+00:00,2026-10-04T07:55:55Z,100.745003,100.746002,100.666000,100.679001,100.745003,100.746002,100.666000,100.681000,changed
2024-09-17 02:00:00+00:00,2026-10-04T07:55:55Z,100.674004,100.707001,100.664001,100.699997,100.681000,100.707001,100.664001,100.699997,changed
2024-09-17 15:00:00+00:00,2026-10-04T07:55:55Z,100.847000,100.947998,100.842003,100.931999,100.853996,100.947998,100.842003,100.931999,changed
2024-09-17 16:00:00+00:00,2026-10-04T07:55:55Z,100.939003,100.968002,100.904999,100.916000,100.931999,100.968002,100.904999,100.916000,changed
2024-09-18 14:00:00+00:00,2026-10-04T07:55:55Z,100.759003,100.959999,100.741997,100.903000,100.750000,100.959999,100.741997,100.903000,changed
2024-09-18 16:00:00+00:00,2026-10-04T07:55:55Z,100.917999,100.926003,100.848000,100.855003,100.931999,100.932999,100.848000,100.855003,changed
2024-09-19 06:00:00+00:00,2026-10-04T07:55:55Z,100.875000,100.882004,100.718002,100.718002,100.875000,100.884003,100.718002,100.718002,changed
2024-09-19 07:00:00+00:00,2026-10-04T07:55:55Z,100.716003,100.746002,100.648003,100.723000,100.716003,100.746002,100.648003,100.731003,changed
2024-09-19 08:00:00+00:00,2026-10-04T07:55:55Z,100.723999,100.755997,100.597000,100.639000,100.704002,100.755997,100.597000,100.639000,changed
2024-09-19 13:00:00+00:00,2026-10-04T07:55:55Z,100.974998,101.060997,100.861000,101.001999,101.000999,101.060997,100.861000,101.001999,changed
2024-09-19 20:00:00+00:00,2026-10-04T07:55:55Z,100.637001,100.642998,100.611000,100.637001,100.633003,100.642998,100.611000,100.637001,changed
2024-09-20 01:00:00+00:00,2026-10-04T07:55:55Z,100.634003,100.646004,100.580002,100.632004,100.634003,100.646004,100.580002,100.630997,changed
2024-09-20 02:00:00+00:00,2026-10-04T07:55:55Z,100.633003,100.655998,100.595001,100.616997,100.638000,100.655998,100.595001,100.616997,changed
2024-09-20 05:00:00+00:00,2026-10-04T07:55:55Z,100.556000,100.615997,100.553001,100.578003,100.561996,100.615997,100.553001,100.578003,changed
2024-09-23 01:00:00+00:00,2026-10-04T07:55:55Z,100.789001,100.842003,100.781998,100.811996,100.789001,100.842003,100.782997,100.811996,changed
2024-09-23 14:00:00+00:00,2026-10-04T07:55:55Z,100.894997,101.011002,100.750999,100.830002,100.894997,101.011002,100.750999,100.807999,changed
2024-09-23 15:00:00+00:00,2026-10-04T07:55:55Z,100.787003,100.887001,100.763000,100.806000,100.806999,100.887001,100.763000,100.806000,changed
2024-09-25 11:00:00+00:00,2026-10-04T07:55:55Z,100.487000,100.528999,100.430000,100.434998,100.487000,100.528999,100.430000,100.435997,changed
2024-09-25 12:00:00+00:00,2026-10-04T07:55:55Z,100.440002,100.461998,100.343002,100.405998,100.435997,100.461998,100.343002,100.405998,changed
2024-09-03 05:00:00+00:00,2026-10-04T21:11:09Z,101.769997,101.772003,101.709000,101.714996,101.769997,101.773003,101.709000,101.714996,changed
2024-09-04 02:00:00+00:00,2026-10-04T21:11:09Z,101.688004,101.710999,101.653000,101.686996,101.688004,101.710999,101.652000,101.686996,changed
2024-09-04 15:00:00+00:00,2026-10-04T21:11:09Z,101.277000,101.405998,101.264999,101.373001,101.277000,101.405998,101.261002,101.373001,changed
2024-09-05 07:00:00+00:00,2026-10-04T21:11:09Z,101.244003,101.321999,101.231003,101.261002,101.244003,101.321999,101.230003,101.261002,changed
2024-09-06 15:00:00+00:00,2026-10-04T21:11:09Z,101.054001,101.220001,100.759003,101.157997,100.867996,101.220001,100.848999,101.157997,changed
2024-09-09 03:00:00+00:00,2026-10-04T21:11:09Z,101.265999,101.291000,101.242996,101.273003,101.265999,101.291000,101.244003,101.273003,changed
2024-09-09 16:00:00+00:00,2026-10-04T21:11:09Z,101.567001,101.567001,101.487000,101.500999,101.560997,101.563004,101.487000,101.500999,changed
2024-09-10 14:00:00+00:00,2026-10-04T21:11:09Z,101.745003,101.766998,101.691002,101.733002,101.745003,101.766998,101.692001,101.733002,changed
2024-09-10 15:00:00+00:00,2026-10-04T21:11:09Z,101.734001,101.741997,101.629997,101.639999,101.734001,101.740997,101.629997,101.639999,changed
2024-09-11 12:00:00+00:00,2026-10-04T21:11:09Z,101.426003,101.820000,101.405998,101.700996,101.426003,101.820000,101.405998,101.676003,changed
2024-09-11 13:00:00+00:00,2026-10-04T21:11:09Z,101.703003,101.739998,101.611000,101.708000,101.694000,101.739998,101.611000,101.708000,changed
2024-09-12 09:00:00+00:00,2026-10-04T21:11:09Z,101.748001,101.761002,101.709000,101.752998,101.748001,101.761002,101.709000,101.750000,changed
2024-09-12 10:00:00+00:00,2026-10-04T21:11:09Z,101.753998,101.760002,101.693001,101.700996,101.752998,101.760002,101.693001,101.700996,changed
2024-09-12 20:00:00+00:00,2026-10-04T21:11:09Z,101.275002,101.291000,101.224998,101.240997,101.275002,101.288002,101.224998,101.240997,changed
2024-09-16 12:00:00+00:00,2026-10-04T21:11:09Z,100.650002,100.764000,100.586998,100.693001,100.650002,100.764000,100.586998,100.690002,changed
2024-09-16 13:00:00+00:00,2026-10-04T21:11:09Z,100.692001,100.709999,100.602997,100.681000,100.689003,100.709999,100.602997,100.681000,changed
2024-09-17 01:00:00+00:00,2026-10-04T21:11:09Z,100.745003,100.746002,100.666000,100.681000,100.745003,100.746002,100.666000,100.679001,changed
2024-09-17 02:00:00+00:00,2026-10-04T21:11:09Z,100.681000,100.707001,100.664001,100.699997,100.674004,100.707001,100.664001,100.699997,changed
2024-09-17 15:00:00+00:00,2026-10-04T21:11:09Z,100.853996,100.947998,100.842003,100.931999,100.847000,100.947998,100.842003,100.931999,changed
2024-09-17 16:00:00+00:00,2026-10-04T21:11:09Z,100.931999,100.968002,100.904999,100.916000,100.939003,100.968002,100.904999,100.916000,changed
2024-09-18 14:00:00+00:00,2026-10-04T21:11:09Z,100.750000,100.959999,100.741997,100.903000,100.759003,100.959999,100.741997,100.903000,changed
2024-09-18 16:00:00+00:00,2026-10-04T21:11:09Z,100.931999,100.932999,100.848000,100.855003,100.917999,100.926003,100.848000,100.855003,changed
2024-09-19 06:00:00+00:00,2026-10-04T21:11:09Z,100.875000,100.884003,100.718002,100.718002,100.875000,100.882004,100.718002,100.718002,changed
2024-09-19 07:00:00+00:00,2026-10-04T21:11:09Z,100.716003,100.746002,100.648003,100.731003,100.716003,100.746002,100.648003,100.723000,changed
2024-09-19 08:00:00+00:00,2026-10-04T21:11:09Z,100.704002,100.755997,100.597000,100.639000,100.723999,100.755997,100.597000,100.639000,changed
2024-09-19 13:00:00+00:00,2026-10-04T21:11:09Z,101.000999,101.060997,100.861000,101.001999,100.974998,101.060997,100.861000,101.001999,changed
2024-09-19 20:00:00+00:00,2026-10-04T21:11:09Z,100.633003,100.642998,100.611000,100.637001,100.637001,100.642998,100.611000,100.637001,changed
2024-09-20 01:00:00+00:00,2026-10-04T21:11:09Z,100.634003,100.646004,100.580002,100.630997,100.634003,100.646004,100.580002,100.632004,changed
2024-09-20 02:00:00+00:00,2026-10-04T21:11:09Z,100.638000,100.655998,100.595001,100.616997,100.633003,100.655998,100.595001,100.616997,changed
2024-09-20 05:00:00+00:00,2026-10-04T21:11:09Z,100.561996,100.615997,100.553001,100.578003,100.556000,100.615997,100.553001,100.578003,changed
2024-09-23 01:00:00+00:00,2026-10-04T21:11:09Z,100.789001,100.842003,100.782997,100.811996,100.789001,100.842003,100.781998,100.811996,changed
2024-09-23 14:00:00+00:00,2026-10-04T21:11:09Z,100.894997,101.011002,100.750999,100.807999,100.894997,101.011002,100.750999,100.830002,changed
2024-09-23 15:00:00+00:00,2026-10-04T21:11:09Z,100.806999,100.887001,100.763000,100.806000,100.787003,100.887001,100.763000,100.806000,changed
2024-09-25 11:00:00+00:00,2026-10-04T21:11:09Z,100.487000,100.528999,100.430000,100.435997,100.487000,100.528999,100.430000,100.434998,changed
2024-09-25 12:00:00+00:00,2026-10-04T21:11:09Z,100.435997,100.461998,100.343002,100.405998,100.440002,100.461998,100.343002,100.405998,changed
2024-09-03 05:00:00+00:00,2026-10-04T21:39:49Z,101.769997,101.773003,101.709000,101.714996,101.769997,101.772003,101.709000,101.714996,changed
2024-09-04 02:00:00+00:00,2026-10-04T21:39:49Z,101.688004,101.710999,101.652000,101.686996,101.688004,101.710999,101.653000,101.686996,changed
2024-09-04 15:00:00+00:00,2026-10-04T21:39:49Z,101.277000,101.405998,101.261002,101.373001,101.277000,101.405998,101.264999,101.373001,changed
2024-09-05 07:00:00+00:00,2026-10-04T21:39:49Z,101.244003,101.321999,101.230003,101.261002,101.244003,101.321999,101.231003,101.261002,changed
2024-09-06 15:00:00+00:00,2026-10-04T21:39:49Z,100.867996,101.220001,100.848999,101.157997,101.054001,101.220001,100.759003,101.157997,changed
2024-09-09 03:00:00+00:00,2026-10-04T21:39:49Z,101.265999,101.291000,101.244003,101.273003,101.265999,101.291000,101.242996,101.273003,changed
2024-09-09 16:00:00+00:00,2026-10-04T21:39:49Z,101.560997,101.563004,101.487000,101.500999,101.567001,101.567001,101.487000,101.500999,changed
2024-09-10 14:00:00+00:00,2026-10-04T21:39:49Z,101.745003,101.766998,101.692001,101.733002,101.745003,101.766998,101.691002,101.733002,changed
2024-09-10 15:00:00+00:00,2026-10-04T21:39:49Z,101.734001,101.740997,101.629997,101.639999,101.734001,101.741997,101.629997,101.639999,changed
2024-09-11 12:00:00+00:00,2026-10-04T21:39:49Z,101.426003,101.820000,101.405998,101.676003,101.426003,101.820000,101.405998,101.700996,changed
2024-09-11 13:00:00+00:00,2026-10-04T21:39:49Z,101.694000,101.739998,101.611000,101.708000,101.703003,101.739998,101.611000,101.708000,changed
2024-09-12 09:00:00+00:00,2026-10-04T21:39:49Z,101.748001,101.761002,101.709000,101.750000,101.748001,101.761002,101.709000,101.752998,changed
2024-09-12 10:00:00+00:00,2026-10-04T21:39:49Z,101.752998,101.760002,101.693001,101.700996,101.753998,101.760002,101.693001,101.700996,changed
2024-09-12 20:00:00+00:00,2026-10-04T21:39:49Z,101.275002,101.288002,101.224998,101.240997,101.275002,101.291000,101.224998,101.240997,changed
2024-09-16 12:00:00+00:00,2026-10-04T21:39:49Z,100.650002,100.764000,100.586998,100.690002,100.650002,100.764000,100.586998,100.693001,changed
2024-09-16 13:00:00+00:00,2026-10-04T21:39:49Z,100.689003,100.709999,100.602997,100.681000,100.692001,100.709999,100.602997,100.681000,changed
2024-09-17 01:00:00+00:00,2026-10-04T21:39:49Z,100.745003,100.746002,100.666000,100.679001,100.745003,100.746002,100.666000,100.681000,changed
2024-09-17 02:00:00+00:00,2026-10-04T21:39:49Z,100.674004,100.707001,100.664001,100.699997,100.681000,100.707001,100.664001,100.699997,changed
2024-09-17 15:00:00+00:00,2026-10-04T21:39:49Z,100.847000,100.947998,100.842003,100.931999,100.853996,100.947998,100.842003,100.931999,changed
2024-09-17 16:00:00+00:00,2026-10-04T21:39:49Z,100.939003,100.968002,100.904999,100.916000,100.931999,100.968002,100.904999,100.916000,changed
2024-09-18 14:00:00+00:00,2026-10-04T21:39:49Z,100.759003,100.959999,100.741997,100.903000,100.750000,100.959999,100.741997,100.903000,changed
2024-09-18 16:00:00+00:00,2026-10-04T21:39:49Z,100.917999,100.926003,100.848000,100.855003,100.931999,100.932999,100.848000,100.855003,changed
2024-09-19 06:00:00+00:00,2026-10-04T21:39:49Z,100.875000,100.882004,100.718002,100.718002,100.875000,100.884003,100.718002,100.718002,changed
2024-09-19 07:00:00+00:00,2026-10-04T21:39:49Z,100.716003,100.746002,100.648003,100.723000,100.716003,100.746002,100.648003,100.731003,changed
2024-09-19 08:00:00+00:00,2026-10-04T21:39:49Z,100.723999,100.755997,100.597000,100.639000,100.704002,100.755997,100.597000,100.639000,changed
2024-09-19 13:00:00+00:00,2026-10-04T21:39:49Z,100.974998,101.060997,100.861000,101.001999,101.000999,101.060997,100.861000,101.001999,changed
2024-09-19 20:00:00+00:00,2026-10-04T21:39:49Z,100.637001,100.642998,100.611000,100.637001,100.633003,100.642998,100.611000,100.637001,changed
2024-09-20 01:00:00+00:00,2026-10-04T21:39:49Z,100.634003,100.646004,100.580002,100.632004,100.634003,100.646004,100.580002,100.630997,changed
2024-09-20 02:00:00+00:00,2026-10-04T21:39:49Z,100.633003,100.655998,100.595001,100.616997,100.638000,100.655998,100.595001,100.616997,changed
2024-09-20 05:00:00+00:00,2026-10-04T21:39:49Z,100.556000,100.615997,100.553001,100.578003,100.561996,100.615997,100.553001,100.578003,changed
2024-09-23 01:00:00+00:00,2026-10-04T21:39:49Z,100.789001,100.842003,100.781998,100.811996,100.789001,100.842003,100.782997,100.811996,changed
2024-09-23 14:00:00+00:00,2026-10-04T21:39:49Z,100.894997,101.011002,100.750999,100.830002,100.894997,101.011002,100.750999,100.807999,changed
2024-09-23 15:00:00+00:00,2026-10-04T21:39:49Z,100.787003,100.887001,100.763000,100.806000,100.806999,100.887001,100.763000,100.806000,changed
2024-09-25 11:00:00+00:00,2026-10-04T21:39:49Z,100.487000,100.528999,100.430000,100.434998,100.487000,100.528999,100.430000,100.435997,changed
2024-09-25 12:00:00+00:00,2026-10-04T21:39:49Z,100.440002,100.461998,100.343002,100.405998,100.435997,100.461998,100.343002,100.405998,changed
2024-09-03 05:00:00+00:00,2026-10-04T21:58:00Z,101.769997,101.772003,101.709000,101.714996,101.769997,101.773003,101.709000,101.714996,changed
2024-09-04 02:00:00+00:00,2026-10-04T21:58:00Z,101.688004,101.710999,101.653000,101.686996,101.688004,101.710999,101.652000,101.686996,changed
2024-09-04 15:00:00+00:00,2026-10-04T21:58:00Z,101.277000,101.405998,101.264999,101.373001,101.277000,101.405998,101.261002,101.373001,changed
2024-09-05 07:00:00+00:00,2026-10-04T21:58:00Z,101.244003,101.321999,101.231003,101.261002,101.244003,101.321999,101.230003,101.261002,changed
2024-09-06 15:00:00+00:00,2026-10-04T21:58:00Z,101.054001,101.220001,100.759003,101.157997,100.867996,101.220001,100.848999,101.157997,changed
2024-09-09 03:00:00+00:00,2026-10-04T21:58:00Z,101.265999,101.291000,101.242996,101.273003,101.265999,101.291000,101.244003,101.273003,changed
2024-09-09 16:00:00+00:00,2026-10-04T21:58:00Z,101.567001,101.567001,101.487000,101.500999,101.560997,101.563004,101.487000,101.500999,changed
2024-09-10 14:00:00+00:00,2026-10-04T21:58:00Z,101.745003,101.766998,101.691002,101.733002,101.745003,101.766998,101.692001,101.733002,changed
2024-09-10 15:00:00+00:00,2026-10-04T21:58:00Z,101.734001,101.741997,101.629997,101.639999,101.734001,101.740997,101.629997,101.639999,changed
2024-09-11 12:00:00+00:00,2026-10-04T21:58:00Z,101.426003,101.820000,101.405998,101.700996,101.426003,101.820000,101.405998,101.676003,changed
2024-09-11 13:00:00+00:00,2026-10-04T21:58:00Z,101.703003,101.739998,101.611000,101.708000,101.694000,101.739998,101.611000,101.708000,changed
2024-09-12 09:00:00+00:00,2026-10-04T21:58:00Z,101.748001,101.761002,101.709000,101.752998,101.748001,101.761002,101.709000,101.750000,changed
2024-09-12 10:00:00+00:00,2026-10-04T21:58:00Z,101.753998,101.760002,101.693001,101.700996,101.752998,101.760002,101.693001,101.700996,changed
2024-09-12 20:00:00+00:00,2026-10-04T21:58:00Z,101.275002,101.291000,101.224998,101.240997,101.275002,101.288002,101.224998,101.240997,changed
2024-09-16 12:00:00+00:00,2026-10-04T21:58:00Z,100.650002,100.764000,100.586998,100.693001,100.650002,100.764000,100.586998,100.690002,changed
2024-09-16 13:00:00+00:00,2026-10-04T21:58:00Z,100.692001,100.709999,100.602997,100.681000,100.689003,100.709999,100.602997,100.681000,changed
2024-09-17 01:00:00+00:00,2026-10-04T21:58:00Z,100.745003,100.746002,100.666000,100.681000,100.745003,100.746002,100.666000,100.679001,changed
2024-09-17 02:00:00+00:00,2026-10-04T21:58:00Z,100.681000,100.707001,100.664001,100.699997,100.674004,100.707001,100.664001,100.699997,changed
2024-09-17 15:00:00+00:00,2026-10-04T21:58:00Z,100.853996,100.947998,100.842003,100.931999,100.847000,100.947998,100.842003,100.931999,changed
2024-09-17 16:00:00+00:00,2026-10-04T21:58:00Z,100.931999,100.968002,100.904999,100.916000,100.939003,100.968002,100.904999,100.916000,changed
2024-09-18 14:00:00+00:00,2026-10-04T21:58:00Z,100.750000,100.959999,100.741997,100.903000,100.759003,100.959999,100.741997,100.903000,changed
2024-09-18 16:00:00+00:00,2026-10-04T21:58:00Z,100.931999,100.932999,100.848000,100.855003,100.917999,100.926003,100.848000,100.855003,changed
2024-09-19 06:00:00+00:00,2026-10-04T21:58:00Z,100.875000,100.884003,100.718002,100.718002,100.875000,100.882004,100.718002,100.718002,changed
2024-09-19 07:00:00+00:00,2026-10-04T21:58:00Z,100.716003,100.746002,100.648003,100.731003,100.716003,100.746002,100.648003,100.723000,changed
2024-09-19 08:00:00+00:00,2026-10-04T21:58:00Z,100.704002,100.755997,100.597000,100.639000,100.723999,100.755997,100.597000,100.639000,changed
2024-09-19 13:00:00+00:00,2026-10-04T21:58:00Z,101.000999,101.060997,100.861000,101.001999,100.974998,101.060997,100.861000,101.001999,changed
2024-09-19 20:00:00+00:00,2026-10-04T21:58:00Z,100.633003,100.642998,100.611000,100.637001,100.637001,100.642998,100.611000,100.637001,changed
2024-09-20 01:00:00+00:00,2026-10-04T21:58:00Z,100.634003,100.646004,100.580002,100.630997,100.634003,100.646004,100.580002,100.632004,changed
2024-09-20 02:00:00+00:00,2026-10-04T21:58:00Z,100.638000,100.655998,100.595001,100.616997,100.633003,100.655998,100.595001,100.616997,changed
2024-09-20 05:00:00+00:00,2026-10-04T21:58:00Z,100.561996,100.615997,100.553001,100.578003,100.556000,100.615997,100.553001,100.578003,changed
2024-09-23 01:00:00+00:00,2026-10-04T21:58:00Z,100.789001,100.842003,100.782997,100.811996,100.789001,100.842003,100.781998,100.811996,changed
2024-09-23 14:00:00+00:00,2026-10-04T21:58:00Z,100.894997,101.011002,100.750999,100.807999,100.894997,101.011002,100.750999,100.830002,changed
2024-09-23 15:00:00+00:00,2026-10-04T21:58:00Z,100.806999,100.887001,100.763000,100.806000,100.787003,100.887001,100.763000,100.806000,changed
2024-09-25 11:00:00+00:00,2026-10-04T21:58:00Z,100.487000,100.528999,100.430000,100.435997,100.487000,100.528999,100.430000,100.434998,changed
2024-09-25 12:00:00+00:00,2026-10-04T21:58:00Z,100.435997,100.461998,100.343002,100.405998,100.440002,100.461998,100.343002,100.405998,changed
2024-09-03 05:00:00+00:00,2026-10-04T22:10:08Z,101.769997,101.773003,101.709000,101.714996,101.769997,101.772003,101.709000,101.714996,changed
2024-09-04 02:00:00+00:00,2026-10-04T22:10:08Z,101.688004,101.710999,101.652000,101.686996,101.688004,101.710999,101.653000,101.686996,changed
2024-09-04 15:00:00+00:00,2026-10-04T22:10:08Z,101.277000,101.405998,101.261002,101.373001,101.277000,101.405998,101.264999,101.373001,changed
2024-09-05 07:00:00+00:00,2026-10-04T22:10:08Z,101.244003,101.321999,101.230003,101.261002,101.244003,101.321999,101.231003,101.261002,changed
2024-09-06 15:00:00+00:00,2026-10-04T22:10:08Z,100.867996,101.220001,100.848999,101.157997,101.054001,101.220001,100.759003,101.157997,changed
2024-09-09 03:00:00+00:00,2026-10-04T22:10:08Z,101.265999,101.291000,101.244003,101.273003,101.265999,101.291000,101.242996,101.273003,changed
2024-09-09 16:00:00+00:00,2026-10-04T22:10:08Z,101.560997,101.563004,101.487000,101.500999,101.567001,101.567001,101.487000,101.500999,changed
2024-09-10 14:00:00+00:00,2026-10-04T22:10:08Z,101.745003,101.766998,101.692001,101.733002,101.745003,101.766998,101.691002,101.733002,changed
2024-09-10 15:00:00+00:00,2026-10-04T22:10:08Z,101.734001,101.740997,101.629997,101.639999,101.734001,101.741997,101.629997,101.639999,changed
2024-09-11 12:00:00+00:00,2026-10-04T22:10:08Z,101.426003,101.820000,101.405998,101.676003,101.426003,101.820000,101.405998,101.700996,changed
2024-09-11 13:00:00+00:00,2026-10-04T22:10:08Z,101.694000,101.739998,101.611000,101.708000,101.703003,101.739998,101.611000,101.708000,changed
2024-09-12 09:00:00+00:00,2026-10-04T22:10:08Z,101.748001,101.761002,101.709000,101.750000,101.748001,101.761002,101.709000,101.752998,changed
2024-09-12 10:00:00+00:00,2026-10-04T22:10:08Z,101.752998,101.760002,101.693001,101.700996,101.753998,101.760002,101.693001,101.700996,changed
2024-09-12 20:00:00+00:00,2026-10-04T22:10:08Z,101.275002,101.288002,101.224998,101.240997,101.275002,101.291000,101.224998,101.240997,changed
2024-09-16 12:00:00+00:00,2026-10-04T22:10:08Z,100.650002,100.764000,100.586998,100.690002,100.650002,100.764000,100.586998,100.693001,changed
2024-09-16 13:00:00+00:00,2026-10-04T22:10:08Z,100.689003,100.709999,100.602997,100.681000,100.692001,100.709999,100.602997,100.681000,changed
2024-09-17 01:00:00+00:00,2026-10-04T22:10:08Z,100.745003,100.746002,100.666000,100.679001,100.745003,100.746002,100.666000,100.681000,changed
2024-09-17 02:00:00+00:00,2026-10-04T22:10:08Z,100.674004,100.707001,100.664001,100.699997,100.681000,100.707001,100.664001,100.699997,changed
2024-09-17 15:00:00+00:00,2026-10-04T22:10:08Z,100.847000,100.947998,100.842003,100.931999,100.853996,100.947998,100.842003,100.931999,changed
2024-09-17 16:00:00+00:00,2026-10-04T22:10:08Z,100.939003,100.968002,100.904999,100.916000,100.931999,100.968002,100.904999,100.916000,changed
2024-09-18 14:00:00+00:00,2026-10-04T22:10:08Z,100.759003,100.959999,100.741997,100.903000,100.750000,100.959999,100.741997,100.903000,changed
2024-09-18 16:00:00+00:00,2026-10-04T22:10:08Z,100.917999,100.926003,100.848000,100.855003,100.931999,100.932999,100.848000,100.855003,changed
2024-09-19 06:00:00+00:00,2026-10-04T22:10:08Z,100.875000,100.882004,100.718002,100.718002,100.875000,100.884003,100.718002,100.718002,changed
2024-09-19 07:00:00+00:00,2026-10-04T22:10:08Z,100.716003,100.746002,100.648003,100.723000,100.716003,100.746002,100.648003,100.731003,changed
2024-09-19 08:00:00+00:00,2026-10-04T22:10:08Z,100.723999,100.755997,100.597000,100.639000,100.704002,100.755997,100.597000,100.639000,changed
2024-09-19 13:00:00+00:00,2026-10-04T22:10:08Z,100.974998,101.060997,100.861000,101.001999,101.000999,101.060997,100.861000,101.001999,changed
2024-09-19 20:00:00+00:00,2026-10-04T22:10:08Z,100.637001,100.642998,100.611000,100.637001,100.633003,100.642998,100.611000,100.637001,changed
2024-09-20 01:00:00+00:00,2026-10-04T22:10:08Z,100.634003,100.646004,100.580002,100.632004,100.634003,100.646004,100.580002,100.630997,changed
2024-09-20 02:00:00+00:00,2026-10-04T22:10:08Z,100.633003,100.655998,100.595001,100.616997,100.638000,100.655998,100.595001,100.616997,changed
2024-09-20 05:00:00+00:00,2026-10-04T22:10:08Z,100.556000,100.615997,100.553001,100.578003,100.561996,100.615997,100.553001,100.578003,changed
2024-09-23 01:00:00+00:00,2026-10-04T22:10:08Z,100.789001,100.842003,100.781998,100.811996,100.789001,100.842003,100.782997,100.811996,changed
2024-09-23 14:00:00+00:00,2026-10-04T22:10:08Z,100.894997,101.011002,100.750999,100.830002,100.894997,101.011002,100.750999,100.807999,changed
2024-09-23 15:00:00+00:00,2026-10-04T22:10:08Z,100.787003,100.887001,100.763000,100.806000,100.806999,100.887001,100.763000,100.806000,changed
2024-09-25 11:00:00+00:00,2026-10-04T22:10:08Z,100.487000,100.528999,100.430000,100.434998,100.487000,100.528999,100.430000,100.435997,changed
2024-09-25 12:00:00+00:00,2026-10-04T22:10:08Z,100.440002,100.461998,100.343002,100.405998,100.435997,100.461998,100.343002,100.405998,changed
2024-09-03 05:00:00+00:00,2026-10-04T22:41:33Z,101.769997,101.772003,101.709000,101.714996,101.769997,101.773003,101.709000,101.714996,changed
2024-09-04 02:00:00+00:00,2026-10-04T22:41:33Z,101.688004,101.710999,101.653000,101.686996,101.688004,101.710999,101.652000,101.686996,changed
2024-09-04 15:00:00+00:00,2026-10-04T22:41:33Z,101.277000,101.405998,101.264999,101.373001,101.277000,101.405998,101.261002,101.373001,changed
2024-09-05 07:00:00+00:00,2026-10-04T22:41:33Z,101.244003,101.321999,101.231003,101.261002,101.244003,101.321999,101.230003,101.261002,changed
2024-09-06 15:00:00+00:00,2026-10-04T22:41:33Z,101.054001,101.220001,100.759003,101.157997,100.867996,101.220001,100.848999,101.157997,changed
2024-09-09 03:00:00+00:00,2026-10-04T22:41:33Z,101.265999,101.291000,101.242996,101.273003,101.265999,101.291000,101.244003,101.273003,changed
2024-09-09 16:00:00+00:00,2026-10-04T22:41:33Z,101.567001,101.567001,101.487000,101.500999,101.560997,101.563004,101.487000,101.500999,changed
2024-09-10 14:00:00+00:00,2026-10-04T22:41:33Z,101.745003,101.766998,101.691002,101.733002,101.745003,101.766998,101.692001,101.733002,changed
2024-09-10 15:00:00+00:00,2026-10-04T22:41:33Z,101.734001,101.741997,101.629997,101.639999,101.734001,101.740997,101.629997,101.639999,changed
2024-09-11 12:00:00+00:00,2026-10-04T22:41:33Z,101.426003,101.820000,101.405998,101.700996,101.426003,101.820000,101.405998,101.676003,changed
2024-09-11 13:00:00+00:00,2026-10-04T22:41:33Z,101.703003,101.739998,101.611000,101.708000,101.694000,101.739998,101.611000,101.708000,changed
2024-09-12 09:00:00+00:00,2026-10-04T22:41:33Z,101.748001,101.761002,101.709000,101.752998,101.748001,101.761002,101.709000,101.750000,changed
2024-09-12 10:00:00+00:00,2026-10-04T22:41:33Z,101.753998,101.760002,101.693001,101.700996,101.752998,101.760002,101.693001,101.700996,changed
2024-09-12 20:00:00+00:00,2026-10-04T22:41:33Z,101.275002,101.291000,101.224998,101.240997,101.275002,101.288002,101.224998,101.240997,changed
2024-09-16 12:00:00+00:00,2026-10-04T22:41:33Z,100.650002,100.764000,100.586998,100.693001,100.650002,100.764000,100.586998,100.690002,changed
2024-09-16 13:00:00+00:00,2026-10-04T22:41:33Z,100.692001,100.709999,100.602997,100.681000,100.689003,100.709999,100.602997,100.681000,changed
2024-09-17 01:00:00+00:00,2026-10-04T22:41:33Z,100.745003,100.746002,100.666000,100.681000,100.745003,100.746002,100.666000,100.679001,changed
2024-09-17 02:00:00+00:00,2026-10-04T22:41:33Z,100.681000,100.707001,100.664001,100.699997,100.674004,100.707001,100.664001,100.699997,changed
2024-09-17 15:00:00+00:00,2026-10-04T22:41:33Z,100.853996,100.947998,100.842003,100.931999,100.847000,100.947998,100.842003,100.931999,changed
2024-09-17 16:00:00+00:00,2026-10-04T22:41:33Z,100.931999,100.968002,100.904999,100.916000,100.939003,100.968002,100.904999,100.916000,changed
2024-09-18 14:00:00+00:00,2026-10-04T22:41:33Z,100.750000,100.959999,100.741997,100.903000,100.759003,100.959999,100.741997,100.903000,changed
2024-09-18 16:00:00+00:00,2026-10-04T22:41:33Z,100.931999,100.932999,100.848000,100.855003,100.917999,100.926003,100.848000,100.855003,changed
2024-09-19 06:00:00+00:00,2026-10-04T22:41:33Z,100.875000,100.884003,100.718002,100.718002,100.875000,100.882004,100.718002,100.718002,changed
2024-09-19 07:00:00+00:00,2026-10-04T22:41:33Z,100.716003,100.746002,100.648003,100.731003,100.716003,100.746002,100.648003,100.723000,changed
2024-09-19 08:00:00+00:00,2026-10-04T22:41:33Z,100.704002,100.755997,100.597000,100.639000,100.723999,100.755997,100.597000,100.639000,changed
2024-09-19 13:00:00+00:00,2026-10-04T22:41:33Z,101.000999,101.060997,100.861000,101.001999,100.974998,101.060997,100.861000,101.001999,changed
2024-09-19 20:00:00+00:00,2026-10-04T22:41:33Z,100.633003,100.642998,100.611000,100.637001,100.637001,100.642998,100.611000,100.637001,changed
2024-09-20 01:00:00+00:00,2026-10-04T22:41:33Z,100.634003,100.646004,100.580002,100.630997,100.634003,100.646004,100.580002,100.632004,changed
2024-09-20 02:00:00+00:00,2026-10-04T22:41:33Z,100.638000,100.655998,100.595001,100.616997,100.633003,100.655998,100.595001,100.616997,changed
2024-09-20 05:00:00+00:00,2026-10-04T22:41:33Z,100.561996,100.615997,100.553001,100.578003,100.556000,100.615997,100.553001,100.578003,changed
2024-09-23 01:00:00+00:00,2026-10-04T22:41:33Z,100.789001,100.842003,100.782997,100.811996,100.789001,100.842003,100.781998,100.811996,changed
2024-09-23 14:00:00+00:00,2026-10-04T22:41:33Z,100.894997,101.011002,100.750999,100.807999,100.894997,101.011002,100.750999,100.830002,changed
2024-09-23 15:00:00+00:00,2026-10-04T22:41:33Z,100.806999,100.887001,100.763000,100.806000,100.787003,100.887001,100.763000,100.806000,changed
2024-09-25 11:00:00+00:00,2026-10-04T22:41:33Z,100.487000,100.528999,100.430000,100.435997,100.487000,100.528999,100.430000,100.434998,changed
2024-09-25 12:00:00+00:00,2026-10-04T22:41:33Z,100.435997,100.461998,100.343002,100.405998,100.440002,100.461998,100.343002,100.405998,changed
2024-09-03 05:00:00+00:00,2026-10-04T22:55:27Z,101.769997,101.773003,101.709000,101.714996,101.769997,101.772003,101.709000,101.714996,changed
2024-09-04 02:00:00+00:00,2026-10-04T22:55:27Z,101.688004,101.710999,101.652000,101.686996,101.688004,101.710999,101.653000,101.686996,changed
2024-09-04 15:00:00+00:00,2026-10-04T22:55:27Z,101.277000,101.405998,101.261002,101.373001,101.277000,101.405998,101.264999,101.373001,changed
2024-09-05 07:00:00+00:00,2026-10-04T22:55:27Z,101.244003,101.321999,101.230003,101.261002,101.244003,101.321999,101.231003,101.261002,changed
2024-09-06 15:00:00+00:00,2026-10-04T22:55:27Z,100.867996,101.220001,100.848999,101.157997,101.054001,101.220001,100.759003,101.157997,changed
2024-09-09 03:00:00+00:00,2026-10-04T22:55:27Z,101.265999,101.291000,101.244003,101.273003,101.265999,101.291000,101.242996,101.273003,changed
2024-09-09 16:00:00+00:00,2026-10-04T22:55:27Z,101.560997,101.563004,101.487000,101.500999,101.567001,101.567001,101.487000,101.500999,changed
2024-09-10 14:00:00+00:00,2026-10-04T22:55:27Z,101.745003,101.766998,101.692001,101.733002,101.745003,101.766998,101.691002,101.733002,changed
2024-09-10 15:00:00+00:00,2026-10-04T22:55:27Z,101.734001,101.740997,101.629997,101.639999,101.734001,101.741997,101.629997,101.639999,changed
2024-09-11 12:00:00+00:00,2026-10-04T22:55:27Z,101.426003,101.820000,101.405998,101.676003,101.426003,101.820000,101.405998,101.700996,changed
2024-09-11 13:00:00+00:00,2026-10-04T22:55:27Z,101.694000,101.739998,101.611000,101.708000,101.703003,101.739998,101.611000,101.708000,changed
2024-09-12 09:00:00+00:00,2026-10-04T22:55:27Z,101.748001,101.761002,101.709000,101.750000,101.748001,101.761002,101.709000,101.752998,changed
2024-09-12 10:00:00+00:00,2026-10-04T22:55:27Z,101.752998,101.760002,101.693001,101.700996,101.753998,101.760002,101.693001,101.700996,changed
2024-09-12 20:00:00+00:00,2026-10-04T22:55:27Z,101.275002,101.288002,101.224998,101.240997,101.275002,101.291000,101.224998,101.240997,changed
2024-09-16 12:00:00+00:00,2026-10-04T22:55:27Z,100.650002,100.764000,100.586998,100.690002,100.650002,100.764000,100.586998,100.693001,changed
2024-09-16 13:00:00+00:00,2026-10-04T22:55:27Z,100.689003,100.709999,100.602997,100.681000,100.692001,100.709999,100.602997,100.681000,changed
2024-09-17 01:00:00+00:00,2026-10-04T22:55:27Z,100.745003,100.746002,100.666000,100.679001,100.745003,100.746002,100.666000,100.681000,changed
2024-09-17 02:00:00+00:00,2026-10-04T22:55:27Z,100.674004,100.707001,100.664001,100.699997,100.681000,100.707001,100.664001,100.699997,changed
2024-09-17 15:00:00+00:00,2026-10-04T22:55:27Z,100.847000,100.947998,100.842003,100.931999,100.853996,100.947998,100.842003,100.931999,changed
2024-09-17 16:00:00+00:00,2026-10-04T22:55:27Z,100.939003,100.968002,100.904999,100.916000,100.931999,100.968002,100.904999,100.916000,changed
2024-09-18 14:00:00+00:00,2026-10-04T22:55:27Z,100.759003,100.959999,100.741997,100.903000,100.750000,100.959999,100.741997,100.903000,changed
2024-09-18 16:00:00+00:00,2026-10-04T22:55:27Z,100.917999,100.926003,100.848000,100.855003,100.931999,100.932999,100.848000,100.855003,changed
2024-09-19 06:00:00+00:00,2026-10-04T22:55:27Z,100.875000,100.882004,100.718002,100.718002,100.875000,100.884003,100.718002,100.718002,changed
2024-09-19 07:00:00+00:00,2026-10-04T22:55:27Z,100.716003,100.746002,100.648003,100.723000,100.716003,100.746002,100.648003,100.731003,changed
2024-09-19 08:00:00+00:00,2026-10-04T22:55:27Z,100.723999,100.755997,100.597000,100.639000,100.704002,100.755997,100.597000,100.639000,changed
2024-09-19 13:00:00+00:00,2026-10-04T22:55:27Z,100.974998,101.060997,100.861000,101.001999,101.000999,101.060997,100.861000,101.001999,changed
2024-09-19 20:00:00+00:00,2026-10-04T22:55:27Z,100.637001,100.642998,100.611000,100.637001,100.633003,100.642998,100.611000,100.637001,changed
2024-09-20 01:00:00+00:00,2026-10-04T22:55:27Z,100.634003,100.646004,100.580002,100.632004,100.634003,100.646004,100.580002,100.630997,changed
2024-09-20 02:00:00+00:00,2026-10-04T22:55:27Z,100.633003,100.655998,100.595001,100.616997,100.638000,100.655998,100.595001,100.616997,changed
2024-09-20 05:00:00+00:00,2026-10-04T22:55:27Z,100.556000,100.615997,100.553001,100.578003,100.561996,100.615997,100.553001,100.578003,changed
2024-09-23 01:00:00+00:00,2026-10-04T22:55:27Z,100.789001,100.842003,100.781998,100.811996,100.789001,100.842003,100.782997,100.811996,changed
2024-09-23 14:00:00+00:00,2026-10-04T22:55:27Z,100.894997,101.011002,100.750999,100.830002,100.894997,101.011002,100.750999,100.807999,changed
2024-09-23 15:00:00+00:00,2026-10-04T22:55:27Z,100.787003,100.887001,100.763000,100.806000,100.806999,100.887001,100.763000,100.806000,changed
2024-09-25 11:00:00+00:00,2026-10-04T22:55:27Z,100.487000,100.528999,100.430000,100.434998,100.487000,100.528999,100.430000,100.435997,changed
2024-09-25 12:00:00+00:00,2026-10-04T22:55:27Z,100.440002,100.461998,100.343002,100.405998,100.435997,100.461998,100.343002,100.405998,changed
2024-09-03 05:00:00+00:00,2026-10-04T23:41:37Z,101.769997,101.772003,101.709000,101.714996,101.769997,101.773003,101.709000,101.714996,changed
2024-09-04 02:00:00+00:00,2026-10-04T23:41:37Z,101.688004,101.710999,101.653000,101.686996,101.688004,101.710999,101.652000,101.686996,changed
2024-09-04 15:00:00+00:00,2026-10-04T23:41:37Z,101.277000,101.405998,101.264999,101.373001,101.277000,101.405998,101.261002,101.373001,changed
2024-09-05 07:00:00+00:00,2026-10-04T23:41:37Z,101.244003,101.321999,101.231003,101.261002,101.244003,101.321999,101.230003,101.261002,changed
2024-09-06 15:00:00+00:00,2026-10-04T23:41:37Z,101.054001,101.220001,100.759003,101.157997,100.867996,101.220001,100.848999,101.157997,changed
2024-09-09 03:00:00+00:00,2026-10-04T23:41:37Z,101.265999,101.291000,101.242996,101.273003,101.265999,101.291000,101.244003,101.273003,changed
2024-09-09 16:00:00+00:00,2026-10-04T23:41:37Z,101.567001,101.567001,101.487000,101.500999,101.560997,101.563004,101.487000,101.500999,changed
2024-09-10 14:00:00+00:00,2026-10-04T23:41:37Z,101.745003,101.766998,101.691002,101.733002,101.745003,101.766998,101.692001,101.733002,changed
2024-09-10 15:00:00+00:00,2026-10-04T23:41:37Z,101.734001,101.741997,101.629997,101.639999,101.734001,101.740997,101.629997,101.639999,changed
2024-09-11 12:00:00+00:00,2026-10-04T23:41:37Z,101.426003,101.820000,101.405998,101.700996,101.426003,101.820000,101.405998,101.676003,changed
2024-09-11 13:00:00+00:00,2026-10-04T23:41:37Z,101.703003,101.739998,101.611000,101.708000,101.694000,101.739998,101.611000,101.708000,changed
2024-09-12 09:00:00+00:00,2026-10-04T23:41:37Z,101.748001,101.761002,101.709000,101.752998,101.748001,101.761002,101.709000,101.750000,changed
2024-09-12 10:00:00+00:00,2026-10-04T23:41:37Z,101.753998,101.760002,101.693001,101.700996,101.752998,101.760002,101.693001,101.700996,changed
2024-09-12 20:00:00+00:00,2026-10-04T23:41:37Z,101.275002,101.291000,101.224998,101.240997,101.275002,101.288002,101.224998,101.240997,changed
2024-09-16 12:00:00+00:00,2026-10-04T23:41:37Z,100.650002,100.764000,100.586998,100.693001,100.650002,100.764000,100.586998,100.690002,changed
2024-09-16 13:00:00+00:00,2026-10-04T23:41:37Z,100.692001,100.709999,100.602997,100.681000,100.689003,100.709999,100.602997,100.681000,changed
2024-09-17 01:00:00+00:00,2026-10-04T23:41:37Z,100.745003,100.746002,100.666000,100.681000,100.745003,100.746002,100.666000,100.679001,changed
2024-09-17 02:00:00+00:00,2026-10-04T23:41:37Z,100.681000,100.707001,100.664001,100.699997,100.674004,100.707001,100.664001,100.699997,changed
2024-09-17 15:00:00+00:00,2026-10-04T23:41:37Z,100.853996,100.947998,100.842003,100.931999,100.847000,100.947998,100.842003,100.931999,changed
2024-09-17 16:00:00+00:00,2026-10-04T23:41:37Z,100.931999,100.968002,100.904999,100.916000,100.939003,100.968002,100.904999,100.916000,changed
2024-09-18 14:00:00+00:00,2026-10-04T23:41:37Z,100.750000,100.959999,100.741997,100.903000,100.759003,100.959999,100.741997,100.903000,changed
2024-09-18 16:00:00+00:00,2026-10-04T23:41:37Z,100.931999,100.932999,100.848000,100.855003,100.917999,100.926003,100.848000,100.855003,changed
2024-09-19 06:00:00+00:00,2026-10-04T23:41:37Z,100.875000,100.884003,100.718002,100.718002,100.875000,100.882004,100.718002,100.718002,changed
2024-09-19 07:00:00+00:00,2026-10-04T23:41:37Z,100.716003,100.746002,100.648003,100.731003,100.716003,100.746002,100.648003,100.723000,changed
2024-09-19 08:00:00+00:00,2026-10-04T23:41:37Z,100.704002,100.755997,100.597000,100.639000,100.723999,100.755997,100.597000,100.639000,changed
2024-09-19 13:00:00+00:00,2026-10-04T23:41:37Z,101.000999,101.060997,100.861000,101.001999,100.974998,101.060997,100.861000,101.001999,changed
2024-09-19 20:00:00+00:00,2026-10-04T23:41:37Z,100.633003,100.642998,100.611000,100.637001,100.637001,100.642998,100.611000,100.637001,changed
2024-09-20 01:00:00+00:00,2026-10-04T23:41:37Z,100.634003,100.646004,100.580002,100.630997,100.634003,100.646004,100.580002,100.632004,changed
2024-09-20 02:00:00+00:00,2026-10-04T23:41:37Z,100.638000,100.655998,100.595001,100.616997,100.633003,100.655998,100.595001,100.616997,changed
2024-09-20 05:00:00+00:00,2026-10-04T23:41:37Z,100.561996,100.615997,100.553001,100.578003,100.556000,100.615997,100.553001,100.578003,changed
2024-09-23 01:00:00+00:00,2026-10-04T23:41:37Z,100.789001,100.842003,100.782997,100.811996,100.789001,100.842003,100.781998,100.811996,changed
2024-09-23 14:00:00+00:00,2026-10-04T23:41:37Z,100.894997,101.011002,100.750999,100.807999,100.894997,101.011002,100.750999,100.830002,changed
2024-09-23 15:00:00+00:00,2026-10-04T23:41:37Z,100.806999,100.887001,100.763000,100.806000,100.787003,100.887001,100.763000,100.806000,changed
2024-09-25 11:00:00+00:00,2026-10-04T23:41:37Z,100.487000,100.528999,100.430000,100.435997,100.487000,100.528999,100.430000,100.434998,changed
2024-09-25 12:00:00+00:00,2026-10-04T23:41:37Z,100.435997,100.461998,100.343002,100.405998,100.440002,100.461998,100.343002,100.405998,changed
2024-09-03 05:00:00+00:00,2026-10-05T00:39:31Z,101.769997,101.773003,101.709000,101.714996,101.769997,101.772003,101.709000,101.714996,changed
2024-09-04 02:00:00+00:00,2026-10-05T00:39:31Z,101.688004,101.710999,101.652000,101.686996,101.688004,101.710999,101.653000,101.686996,changed
2024-09-04 15:00:00+00:00,2026-10-05T00:39:31Z,101.277000,101.405998,101.261002,101.373001,101.277000,101.405998,101.264999,101.373001,changed
2024-09-05 07:00:00+00:00,2026-10-05T00:39:31Z,101.244003,101.321999,101.230003,101.261002,101.244003,101.321999,101.231003,101.261002,changed
2024-09-06 15:00:00+00:00,2026-10-05T00:39:31Z,100.867996,101.220001,100.848999,101.157997,101.054001,101.220001,100.759003,101.157997,changed
2024-09-09 03:00:00+00:00,2026-10-05T00:39:31Z,101.265999,101.291000,101.244003,101.273003,101.265999,101.291000,101.242996,101.273003,changed
2024-09-09 16:00:00+00:00,2026-10-05T00:39:31Z,101.560997,101.563004,101.487000,101.500999,101.567001,101.567001,101.487000,101.500999,changed
2024-09-10 14:00:00+00:00,2026-10-05T00:39:31Z,101.745003,101.766998,101.692001,101.733002,101.745003,101.766998,101.691002,101.733002,changed
2024-09-10 15:00:00+00:00,2026-10-05T00:39:31Z,101.734001,101.740997,101.629997,101.639999,101.734001,101.741997,101.629997,101.639999,changed
2024-09-11 12:00:00+00:00,2026-10-05T00:39:31Z,101.426003,101.820000,101.405998,101.676003,101.426003,101.820000,101.405998,101.700996,changed
2024-09-11 13:00:00+00:00,2026-10-05T00:39:31Z,101.694000,101.739998,101.611000,101.708000,101.703003,101.739998,101.611000,101.708000,changed
2024-09-12 09:00:00+00:00,2026-10-05T00:39:31Z,101.748001,101.761002,101.709000,101.750000,101.748001,101.761002,101.709000,101.752998,changed
2024-09-12 10:00:00+00:00,2026-10-05T00:39:31Z,101.752998,101.760002,101.693001,101.700996,101.753998,101.760002,101.693001,101.700996,changed
2024-09-12 20:00:00+00:00,2026-10-05T00:39:31Z,101.275002,101.288002,101.224998,101.240997,101.275002,101.291000,101.224998,101.240997,changed
2024-09-16 12:00:00+00:00,2026-10-05T00:39:31Z,100.650002,100.764000,100.586998,100.690002,100.650002,100.764000,100.586998,100.693001,changed
2024-09-16 13:00:00+00:00,2026-10-05T00:39:31Z,100.689003,100.709999,100.602997,100.681000,100.692001,100.709999,100.602997,100.681000,changed
2024-09-17 01:00:00+00:00,2026-10-05T00:39:31Z,100.745003,100.746002,100.666000,100.679001,100.745003,100.746002,100.666000,100.681000,changed
2024-09-17 02:00:00+00:00,2026-10-05T00:39:31Z,100.674004,100.707001,100.664001,100.699997,100.681000,100.707001,100.664001,100.699997,changed
2024-09-17 15:00:00+00:00,2026-10-05T00:39:31Z,100.847000,100.947998,100.842003,100.931999,100.853996,100.947998,100.842003,100.931999,changed
2024-09-17 16:00:00+00:00,2026-10-05T00:39:31Z,100.939003,100.968002,100.904999,100.916000,100.931999,100.968002,100.904999,100.916000,changed
2024-09-18 14:00:00+00:00,2026-10-05T00:39:31Z,100.759003,100.959999,100.741997,100.903000,100.750000,100.959999,100.741997,100.903000,changed
2024-09-18 16:00:00+00:00,2026-10-05T00:39:31Z,100.917999,100.926003,100.848000,100.855003,100.931999,100.932999,100.848000,100.855003,changed
2024-09-19 06:00:00+00:00,2026-10-05T00:39:31Z,100.875000,100.882004,100.718002,100.718002,100.875000,100.884003,100.718002,100.718002,changed
2024-09-19 07:00:00+00:00,2026-10-05T00:39:31Z,100.716003,100.746002,100.648003,100.723000,100.716003,100.746002,100.648003,100.731003,changed
2024-09-19 08:00:00+00:00,2026-10-05T00:39:31Z,100.723999,100.755997,100.597000,100.639000,100.704002,100.755997,100.597000,100.639000,changed
2024-09-19 13:00:00+00:00,2026-10-05T00:39:31Z,100.974998,101.060997,100.861000,101.001999,101.000999,101.060997,100.861000,101.001999,changed
2024-09-19 20:00:00+00:00,2026-10-05T00:39:31Z,100.637001,100.642998,100.611000,100.637001,100.633003,100.642998,100.611000,100.637001,changed
2024-09-20 01:00:00+00:00,2026-10-05T00:39:31Z,100.634003,100.646004,100.580002,100.632004,100.634003,100.646004,100.580002,100.630997,changed
2024-09-20 02:00:00+00:00,2026-10-05T00:39:31Z,100.633003,100.655998,100.595001,100.616997,100.638000,100.655998,100.595001,100.616997,changed
2024-09-20 05:00:00+00:00,2026-10-05T00:39:31Z,100.556000,100.615997,100.553001,100.578003,100.561996,100.615997,100.553001,100.578003,changed
2024-09-23 01:00:00+00:00,2026-10-05T00:39:31Z,100.789001,100.842003,100.781998,100.811996,100.789001,100.842003,100.782997,100.811996,changed
2024-09-23 14:00:00+00:00,2026-10-05T00:39:31Z,100.894997,101.011002,100.750999,100.830002,100.894997,101.011002,100.750999,100.807999,changed
2024-09-23 15:00:00+00:00,2026-10-05T00:39:31Z,100.787003,100.887001,100.763000,100.806000,100.806999,100.887001,100.763000,100.806000,changed
2024-09-25 11:00:00+00:00,2026-10-05T00:39:31Z,100.487000,100.528999,100.430000,100.434998,100.487000,100.528999,100.430000,100.435997,changed
2024-09-25 12:00:00+00:00,2026-10-05T00:39:31Z,100.440002,100.461998,100.343002,100.405998,100.435997,100.461998,100.343002,100.405998,changed
2024-09-03 05:00:00+00:00,2026-10-05T02:45:26Z,101.769997,101.772003,101.709000,101.714996,101.769997,101.773003,101.709000,101.714996,changed
2024-09-04 02:00:00+00:00,2026-10-05T02:45:26Z,101.688004,101.710999,101.653000,101.686996,101.688004,101.710999,101.652000,101.686996,changed
2024-09-04 15:00:00+00:00,2026-10-05T02:45:26Z,101.277000,101.405998,101.264999,101.373001,101.277000,101.405998,101.261002,101.373001,changed
2024-09-05 07:00:00+00:00,2026-10-05T02:45:26Z,101.244003,101.321999,101.231003,101.261002,101.244003,101.321999,101.230003,101.261002,changed
2024-09-06 15:00:00+00:00,2026-10-05T02:45:26Z,101.054001,101.220001,100.759003,101.157997,100.867996,101.220001,100.848999,101.157997,changed
2024-09-09 03:00:00+00:00,2026-10-05T02:45:26Z,101.265999,101.291000,101.242996,101.273003,101.265999,101.291000,101.244003,101.273003,changed
2024-09-09 16:00:00+00:00,2026-10-05T02:45:26Z,101.567001,101.567001,101.487000,101.500999,101.560997,101.563004,101.487000,101.500999,changed
2024-09-10 14:00:00+00:00,2026-10-05T02:45:26Z,101.745003,101.766998,101.691002,101.733002,101.745003,101.766998,101.692001,101.733002,changed
2024-09-10 15:00:00+00:00,2026-10-05T02:45:26Z,101.734001,101.741997,101.629997,101.639999,101.734001,101.740997,101.629997,101.639999,changed
2024-09-11 12:00:00+00:00,2026-10-05T02:45:26Z,101.426003,101.820000,101.405998,101.700996,101.426003,101.820000,101.405998,101.676003,changed
2024-09-11 13:00:00+00:00,2026-10-05T02:45:26Z,101.703003,101.739998,101.611000,101.708000,101.694000,101.739998,101.611000,101.708000,changed
2024-09-12 09:00:00+00:00,2026-10-05T02:45:26Z,101.748001,101.761002,101.709000,101.752998,101.748001,101.761002,101.709000,101.750000,changed
2024-09-12 10:00:00+00:00,2026-10-05T02:45:26Z,101.753998,101.760002,101.693001,101.700996,101.752998,101.760002,101.693001,101.700996,changed
2024-09-12 20:00:00+00:00,2026-10-05T02:45:26Z,101.275002,101.291000,101.224998,101.240997,101.275002,101.288002,101.224998,101.240997,changed
2024-09-16 12:00:00+00:00,2026-10-05T02:45:26Z,100.650002,100.764000,100.586998,100.693001,100.650002,100.764000,100.586998,100.690002,changed
2024-09-16 13:00:00+00:00,2026-10-05T02:45:26Z,100.692001,100.709999,100.602997,100.681000,100.689003,100.709999,100.602997,100.681000,changed
2024-09-17 01:00:00+00:00,2026-10-05T02:45:26Z,100.745003,100.746002,100.666000,100.681000,100.745003,100.746002,100.666000,100.679001,changed
2024-09-17 02:00:00+00:00,2026-10-05T02:45:26Z,100.681000,100.707001,100.664001,100.699997,100.674004,100.707001,100.664001,100.699997,changed
2024-09-17 15:00:00+00:00,2026-10-05T02:45:26Z,100.853996,100.947998,100.842003,100.931999,100.847000,100.947998,100.842003,100.931999,changed
2024-09-17 16:00:00+00:00,2026-10-05T02:45:26Z,100.931999,100.968002,100.904999,100.916000,100.939003,100.968002,100.904999,100.916000,changed
2024-09-18 14:00:00+00:00,2026-10-05T02:45:26Z,100.750000,100.959999,100.741997,100.903000,100.759003,100.959999,100.741997,100.903000,changed
2024-09-18 16:00:00+00:00,2026-10-05T02:45:26Z,100.931999,100.932999,100.848000,100.855003,100.917999,100.926003,100.848000,100.855003,changed
2024-09-19 06:00:00+00:00,2026-10-05T02:45:26Z,100.875000,100.884003,100.718002,100.718002,100.875000,100.882004,100.718002,100.718002,changed
2024-09-19 07:00:00+00:00,2026-10-05T02:45:26Z,100.716003,100.746002,100.648003,100.731003,100.716003,100.746002,100.648003,100.723000,changed
2024-09-19 08:00:00+00:00,2026-10-05T02:45:26Z,100.704002,100.755997,100.597000,100.639000,100.723999,100.755997,100.597000,100.639000,changed
2024-09-19 13:00:00+00:00,2026-10-05T02:45:26Z,101.000999,101.060997,100.861000,101.001999,100.974998,101.060997,100.861000,101.001999,changed
2024-09-19 20:00:00+00:00,2026-10-05T02:45:26Z,100.633003,100.642998,100.611000,100.637001,100.637001,100.642998,100.611000,100.637001,changed
2024-09-20 01:00:00+00:00,2026-10-05T02:45:26Z,100.634003,100.646004,100.580002,100.630997,100.634003,100.646004,100.580002,100.632004,changed
2024-09-20 02:00:00+00:00,2026-10-05T02:45:26Z,100.638000,100.655998,100.595001,100.616997,100.633003,100.655998,100.595001,100.616997,changed
2024-09-20 05:00:00+00:00,2026-10-05T02:45:26Z,100.561996,100.615997,100.553001,100.578003,100.556000,100.615997,100.553001,100.578003,changed
2024-09-23 01:00:00+00:00,2026-10-05T02:45:26Z,100.789001,100.842003,100.782997,100.811996,100.789001,100.842003,100.781998,100.811996,changed
2024-09-23 14:00:00+00:00,2026-10-05T02:45:26Z,100.894997,101.011002,100.750999,100.807999,100.894997,101.011002,100.750999,100.830002,changed
2024-09-23 15:00:00+00:00,2026-10-05T02:45:26Z,100.806999,100.887001,100.763000,100.806000,100.787003,100.887001,100.763000,100.806000,changed
2024-09-25 11:00:00+00:00,2026-10-05T02:45:26Z,100.487000,100.528999,100.430000,100.435997,100.487000,100.528999,100.430000,100.434998,changed
2024-09-25 12:00:00+00:00,2026-10-05T02:45:26Z,100.435997,100.461998,100.343002,100.405998,100.440002,100.461998,100.343002,100.405998,changed
2024-09-03 05:00:00+00:00,2026-10-05T02:58:33Z,101.769997,101.773003,101.709000,101.714996,101.769997,101.772003,101.709000,101.714996,changed
2024-09-04 02:00:00+00:00,2026-10-05T02:58:33Z,101.688004,101.710999,101.652000,101.686996,101.688004,101.710999,101.653000,101.686996,changed
2024-09-04 15:00:00+00:00,2026-10-05T02:58:33Z,101.277000,101.405998,101.261002,101.373001,101.277000,101.405998,101.264999,101.373001,changed
2024-09-05 07:00:00+00:00,2026-10-05T02:58:33Z,101.244003,101.321999,101.230003,101.261002,101.244003,101.321999,101.231003,101.261002,changed
2024-09-06 15:00:00+00:00,2026-10-05T02:58:33Z,100.867996,101.220001,100.848999,101.157997,101.054001,101.220001,100.759003,101.157997,changed
2024-09-09 03:00:00+00:00,2026-10-05T02:58:33Z,101.265999,101.291000,101.244003,101.273003,101.265999,101.291000,101.242996,101.273003,changed
2024-09-09 16:00:00+00:00,2026-10-05T02:58:33Z,101.560997,101.563004,101.487000,101.500999,101.567001,101.567001,101.487000,101.500999,changed
2024-09-10 14:00:00+00:00,2026-10-05T02:58:33Z,101.745003,101.766998,101.692001,101.733002,101.745003,101.766998,101.691002,101.733002,changed
2024-09-10 15:00:00+00:00,2026-10-05T02:58:33Z,101.734001,101.740997,101.629997,101.639999,101.734001,101.741997,101.629997,101.639999,changed
2024-09-11 12:00:00+00:00,2026-10-05T02:58:33Z,101.426003,101.820000,101.405998,101.676003,101.426003,101.820000,101.405998,101.700996,changed
2024-09-11 13:00:00+00:00,2026-10-05T02:58:33Z,101.694000,101.739998,101.611000,101.708000,101.703003,101.739998,101.611000,101.708000,changed
2024-09-12 09:00:00+00:00,2026-10-05T02:58:33Z,101.748001,101.761002,101.709000,101.750000,101.748001,101.761002,101.709000,101.752998,changed
2024-09-12 10:00:00+00:00,2026-10-05T02:58:33Z,101.752998,101.760002,101.693001,101.700996,101.753998,101.760002,101.693001,101.700996,changed
2024-09-12 20:00:00+00:00,2026-10-05T02:58:33Z,101.275002,101.288002,101.224998,101.240997,101.275002,101.291000,101.224998,101.240997,changed
2024-09-16 12:00:00+00:00,2026-10-05T02:58:33Z,100.650002,100.764000,100.586998,100.690002,100.650002,100.764000,100.586998,100.693001,changed
2024-09-16 13:00:00+00:00,2026-10-05T02:58:33Z,100.689003,100.709999,100.602997,100.681000,100.692001,100.709999,100.602997,100.681000,changed
2024-09-17 01:00:00+00:00,2026-10-05T02:58:33Z,100.745003,100.746002,100.666000,100.679001,100.745003,100.746002,100.666000,100.681000,changed
2024-09-17 02:00:00+00:00,2026-10-05T02:58:33Z,100.674004,100.707001,100.664001,100.699997,100.681000,100.707001,100.664001,100.699997,changed
2024-09-17 15:00:00+00:00,2026-10-05T02:58:33Z,100.847000,100.947998,100.842003,100.931999,100.853996,100.947998,100.842003,100.931999,changed
2024-09-17 16:00:00+00:00,2026-10-05T02:58:33Z,100.939003,100.968002,100.904999,100.916000,100.931999,100.968002,100.904999,100.916000,changed
2024-09-18 14:00:00+00:00,2026-10-05T02:58:33Z,100.759003,100.959999,100.741997,100.903000,100.750000,100.959999,100.741997,100.903000,changed
2024-09-18 16:00:00+00:00,2026-10-05T02:58:33Z,100.917999,100.926003,100.848000,100.855003,100.931999,100.932999,100.848000,100.855003,changed
2024-09-19 06:00:00+00:00,2026-10-05T02:58:33Z,100.875000,100.882004,100.718002,100.718002,100.875000,100.884003,100.718002,100.718002,changed
2024-09-19 07:00:00+00:00,2026-10-05T02:58:33Z,100.716003,100.746002,100.648003,100.723000,100.716003,100.746002,100.648003,100.731003,changed
2024-09-19 08:00:00+00:00,2026-10-05T02:58:33Z,100.723999,100.755997,100.597000,100.639000,100.704002,100.755997,100.597000,100.639000,changed
2024-09-19 13:00:00+00:00,2026-10-05T02:58:33Z,100.974998,101.060997,100.861000,101.001999,101.000999,101.060997,100.861000,101.001999,changed
2024-09-19 20:00:00+00:00,2026-10-05T02:58:33Z,100.637001,100.642998,100.611000,100.637001,100.633003,100.642998,100.611000,100.637001,changed
2024-09-20 01:00:00+00:00,2026-10-05T02:58:33Z,100.634003,100.646004,100.580002,100.632004,100.634003,100.646004,100.580002,100.630997,changed
2024-09-20 02:00:00+00:00,2026-10-05T02:58:33Z,100.633003,100.655998,100.595001,100.616997,100.638000,100.655998,100.595001,100.616997,changed
2024-09-20 05:00:00+00:00,2026-10-05T02:58:33Z,100.556000,100.615997,100.553001,100.578003,100.561996,100.615997,100.553001,100.578003,changed
2024-09-23 01:00:00+00:00,2026-10-05T02:58:33Z,100.789001,100.842003,100.781998,100.811996,100.789001,100.842003,100.782997,100.811996,changed
2024-09-23 14:00:00+00:00,2026-10-05T02:58:33Z,100.894997,101.011002,100.750999,100.830002,100.894997,101.011002,100.750999,100.807999,changed
2024-09-23 15:00:00+00:00,2026-10-05T02:58:33Z,100.787003,100.887001,100.763000,100.806000,100.806999,100.887001,100.763000,100.806000,changed
2024-09-25 11:00:00+00:00,2026-10-05T02:58:33Z,100.487000,100.528999,100.430000,100.434998,100.487000,100.528999,100.430000,100.435997,changed
2024-09-25 12:00:00+00:00,2026-10-05T02:58:33Z,100.440002,100.461998,100.343002,100.405998,100.435997,100.461998,100.343002,100.405998,changed
2024-09-03 05:00:00+00:00,2026-10-05T03:10:39Z,101.769997,101.772003,101.709000,101.714996,101.769997,101.773003,101.709000,101.714996,changed
2024-09-04 02:00:00+00:00,2026-10-05T03:10:39Z,101.688004,101.710999,101.653000,101.686996,101.688004,101.710999,101.652000,101.686996,changed
2024-09-04 15:00:00+00:00,2026-10-05T03:10:39Z,101.277000,101.405998,101.264999,101.373001,101.277000,101.405998,101.261002,101.373001,changed
2024-09-05 07:00:00+00:00,2026-10-05T03:10:39Z,101.244003,101.321999,101.231003,101.261002,101.244003,101.321999,101.230003,101.261002,changed
2024-09-06 15:00:00+00:00,2026-10-05T03:10:39Z,101.054001,101.220001,100.759003,101.157997,100.867996,101.220001,100.848999,101.157997,changed
2024-09-09 03:00:00+00:00,2026-10-05T03:10:39Z,101.265999,101.291000,101.242996,101.273003,101.265999,101.291000,101.244003,101.273003,changed
2024-09-09 16:00:00+00:00,2026-10-05T03:10:39Z,101.567001,101.567001,101.487000,101.500999,101.560997,101.563004,101.487000,101.500999,changed
2024-09-10 14:00:00+00:00,2026-10-05T03:10:39Z,101.745003,101.766998,101.691002,101.733002,101.745003,101.766998,101.692001,101.733002,changed
2024-09-10 15:00:00+00:00,2026-10-05T03:10:39Z,101.734001,101.741997,101.629997,101.639999,101.734001,101.740997,101.629997,101.639999,changed
2024-09-11 12:00:00+00:00,2026-10-05T03:10:39Z,101.426003,101.820000,101.405998,101.700996,101.426003,101.820000,101.405998,101.676003,changed
2024-09-11 13:00:00+00:00,2026-10-05T03:10:39Z,101.703003,101.739998,101.611000,101.708000,101.694000,101.739998,101.611000,101.708000,changed
2024-09-12 09:00:00+00:00,2026-10-05T03:10:39Z,101.748001,101.761002,101.709000,101.752998,101.748001,101.761002,101.709000,101.750000,changed
2024-09-12 10:00:00+00:00,2026-10-05T03:10:39Z,101.753998,101.760002,101.693001,101.700996,101.752998,101.760002,101.693001,101.700996,changed
2024-09-12 20:00:00+00:00,2026-10-05T03:10:39Z,101.275002,101.291000,101.224998,101.240997,101.275002,101.288002,101.224998,101.240997,changed
2024-09-16 12:00:00+00:00,2026-10-05T03:10:39Z,100.650002,100.764000,100.586998,100.693001,100.650002,100.764000,100.586998,100.690002,changed
2024-09-16 13:00:00+00:00,2026-10-05T03:10:39Z,100.692001,100.709999,100.602997,100.681000,100.689003,100.709999,100.602997,100.681000,changed
2024-09-17 01:00:00+00:00,2026-10-05T03:10:39Z,100.745003,100.746002,100.666000,100.681000,100.745003,100.746002,100.666000,100.679001,changed
2024-09-17 02:00:00+00:00,2026-10-05T03:10:39Z,100.681000,100.707001,100.664001,100.699997,100.674004,100.707001,100.664001,100.699997,changed
2024-09-17 15:00:00+00:00,2026-10-05T03:10:39Z,100.853996,100.947998,100.842003,100.931999,100.847000,100.947998,100.842003,100.931999,changed
2024-09-17 16:00:00+00:00,2026-10-05T03:10:39Z,100.931999,100.968002,100.904999,100.916000,100.939003,100.968002,100.904999,100.916000,changed
2024-09-18 14:00:00+00:00,2026-10-05T03:10:39Z,100.750000,100.959999,100.741997,100.903000,100.759003,100.959999,100.741997,100.903000,changed
2024-09-18 16:00:00+00:00,2026-10-05T03:10:39Z,100.931999,100.932999,100.848000,100.855003,100.917999,100.926003,100.848000,100.855003,changed
2024-09-19 06:00:00+00:00,2026-10-05T03:10:39Z,100.875000,100.884003,100.718002,100.718002,100.875000,100.882004,100.718002,100.718002,changed
2024-09-19 07:00:00+00:00,2026-10-05T03:10:39Z,100.716003,100.746002,100.648003,100.731003,100.716003,100.746002,100.648003,100.723000,changed
2024-09-19 08:00:00+00:00,2026-10-05T03:10:39Z,100.704002,100.755997,100.597000,100.639000,100.723999,100.755997,100.597000,100.639000,changed
2024-09-19 13:00:00+00:00,2026-10-05T03:10:39Z,101.000999,101.060997,100.861000,101.001999,100.974998,101.060997,100.861000,101.001999,changed
2024-09-19 20:00:00+00:00,2026-10-05T03:10:39Z,100.633003,100.642998,100.611000,100.637001,100.637001,100.642998,100.611000,100.637001,changed
2024-09-20 01:00:00+00:00,2026-10-05T03:10:39Z,100.634003,100.646004,100.580002,100.630997,100.634003,100.646004,100.580002,100.632004,changed
2024-09-20 02:00:00+00:00,2026-10-05T03:10:39Z,100.638000,100.655998,100.595001,100.616997,100.633003,100.655998,100.595001,100.616997,changed
2024-09-20 05:00:00+00:00,2026-10-05T03:10:39Z,100.561996,100.615997,100.553001,100.578003,100.556000,100.615997,100.553001,100.578003,changed
2024-09-23 01:00:00+00:00,2026-10-05T03:10:39Z,100.789001,100.842003,100.782997,100.811996,100.789001,100.842003,100.781998,100.811996,changed
2024-09-23 14:00:00+00:00,2026-10-05T03:10:39Z,100.894997,101.011002,100.750999,100.807999,100.894997,101.011002,100.750999,100.830002,changed
2024-09-23 15:00:00+00:00,2026-10-05T03:10:39Z,100.806999,100.887001,100.763000,100.806000,100.787003,100.887001,100.763000,100.806000,changed
2024-09-25 11:00:00+00:00,2026-10-05T03:10:39Z,100.487000,100.528999,100.430000,100.435997,100.487000,100.528999,100.430000,100.434998,changed
2024-09-25 12:00:00+00:00,2026-10-05T03:10:39Z,100.435997,100.461998,100.343002,100.405998,100.440002,100.461998,100.343002,100.405998,changed
2024-09-03 05:00:00+00:00,2026-10-05T03:31:19Z,101.769997,101.773003,101.709000,101.714996,101.769997,101.772003,101.709000,101.714996,changed
2024-09-04 02:00:00+00:00,2026-10-05T03:31:19Z,101.688004,101.710999,101.652000,101.686996,101.688004,101.710999,101.653000,101.686996,changed
2024-09-04 15:00:00+00:00,2026-10-05T03:31:19Z,101.277000,101.405998,101.261002,101.373001,101.277000,101.405998,101.264999,101.373001,changed
2024-09-05 07:00:00+00:00,2026-10-05T03:31:19Z,101.244003,101.321999,101.230003,101.261002,101.244003,101.321999,101.231003,101.261002,changed
2024-09-06 15:00:00+00:00,2026-10-05T03:31:19Z,100.867996,101.220001,100.848999,101.157997,101.054001,101.220001,100.759003,101.157997,changed
2024-09-09 03:00:00+00:00,2026-10-05T03:31:19Z,101.265999,101.291000,101.244003,101.273003,101.265999,101.291000,101.242996,101.273003,changed
2024-09-09 16:00:00+00:00,2026-10-05T03:31:19Z,101.560997,101.563004,101.487000,101.500999,101.567001,101.567001,101.487000,101.500999,changed
2024-09-10 14:00:00+00:00,2026-10-05T03:31:19Z,101.745003,101.766998,101.692001,101.733002,101.745003,101.766998,101.691002,101.733002,changed
2024-09-10 15:00:00+00:00,2026-10-05T03:31:19Z,101.734001,101.740997,101.629997,101.639999,101.734001,101.741997,101.629997,101.639999,changed
2024-09-11 12:00:00+00:00,2026-10-05T03:31:19Z,101.426003,101.820000,101.405998,101.676003,101.426003,101.820000,101.405998,101.700996,changed
2024-09-11 13:00:00+00:00,2026-10-05T03:31:19Z,101.694000,101.739998,101.611000,101.708000,101.703003,101.739998,101.611000,101.708000,changed
2024-09-12 09:00:00+00:00,2026-10-05T03:31:19Z,101.748001,101.761002,101.709000,101.750000,101.748001,101.761002,101.709000,101.752998,changed
2024-09-12 10:00:00+00:00,2026-10-05T03:31:19Z,101.752998,101.760002,101.693001,101.700996,101.753998,101.760002,101.693001,101.700996,changed
2024-09-12 20:00:00+00:00,2026-10-05T03:31:19Z,101.275002,101.288002,101.224998,101.240997,101.275002,101.291000,101.224998,101.240997,changed
2024-09-16 12:00:00+00:00,2026-10-05T03:31:19Z,100.650002,100.764000,100.586998,100.690002,100.650002,100.764000,100.586998,100.693001,changed
2024-09-16 13:00:00+00:00,2026-10-05T03:31:19Z,100.689003,100.709999,100.602997,100.681000,100.692001,100.709999,100.602997,100.681000,changed
2024-09-17 01:00:00+00:00,2026-10-05T03:31:19Z,100.745003,100.746002,100.666000,100.679001,100.745003,100.746002,100.666000,100.681000,changed
2024-09-17 02:00:00+00:00,2026-10-05T03:31:19Z,100.674004,100.707001,100.664001,100.699997,100.681000,100.707001,100.664001,100.699997,changed
2024-09-17 15:00:00+00:00,2026-10-05T03:31:19Z,100.847000,100.947998,100.842003,100.931999,100.853996,100.947998,100.842003,100.931999,changed
2024-09-17 16:00:00+00:00,2026-10-05T03:31:19Z,100.939003,100.968002,100.904999,100.916000,100.931999,100.968002,100.904999,100.916000,changed
2024-09-18 14:00:00+00:00,2026-10-05T03:31:19Z,100.759003,100.959999,100.741997,100.903000,100.750000,100.959999,100.741997,100.903000,changed
2024-09-18 16:00:00+00:00,2026-10-05T03:31:19Z,100.917999,100.926003,100.848000,100.855003,100.931999,100.932999,100.848000,100.855003,changed
2024-09-19 06:00:00+00:00,2026-10-05T03:31:19Z,100.875000,100.882004,100.718002,100.718002,100.875000,100.884003,100.718002,100.718002,changed
2024-09-19 07:00:00+00:00,2026-10-05T03:31:19Z,100.716003,100.746002,100.648003,100.723000,100.716003,100.746002,100.648003,100.731003,changed
2024-09-19 08:00:00+00:00,2026-10-05T03:31:19Z,100.723999,100.755997,100.597000,100.639000,100.704002,100.755997,100.597000,100.639000,changed
2024-09-19 13:00:00+00:00,2026-10-05T03:31:19Z,100.974998,101.060997,100.861000,101.001999,101.000999,101.060997,100.861000,101.001999,changed
2024-09-19 20:00:00+00:00,2026-10-05T03:31:19Z,100.637001,100.642998,100.611000,100.637001,100.633003,100.642998,100.611000,100.637001,changed
2024-09-20 01:00:00+00:00,2026-10-05T03:31:19Z,100.634003,100.646004,100.580002,100.632004,100.634003,100.646004,100.580002,100.630997,changed
2024-09-20 02:00:00+00:00,2026-10-05T03:31:19Z,100.633003,100.655998,100.595001,100.616997,100.638000,100.655998,100.595001,100.616997,changed
2024-09-20 05:00:00+00:00,2026-10-05T03:31:19Z,100.556000,100.615997,100.553001,100.578003,100.561996,100.615997,100.553001,100.578003,changed
2024-09-23 01:00:00+00:00,2026-10-05T03:31:19Z,100.789001,100.842003,100.781998,100.811996,100.789001,100.842003,100.782997,100.811996,changed
2024-09-23 14:00:00+00:00,2026-10-05T03:31:19Z,100.894997,101.011002,100.750999,100.830002,100.894997,101.011002,100.750999,100.807999,changed
2024-09-23 15:00:00+00:00,2026-10-05T03:31:19Z,100.787003,100.887001,100.763000,100.806000,100.806999,100.887001,100.763000,100.806000,changed
2024-09-25 11:00:00+00:00,2026-10-05T03:31:19Z,100.487000,100.528999,100.430000,100.434998,100.487000,100.528999,100.430000,100.435997,changed
2024-09-25 12:00:00+00:00,2026-10-05T03:31:19Z,100.440002,100.461998,100.343002,100.405998,100.435997,100.461998,100.343002,100.405998,changed
2024-09-03 05:00:00+00:00,2026-10-05T03:49:21Z,101.769997,101.772003,101.709000,101.714996,101.769997,101.773003,101.709000,101.714996,changed
2024-09-04 02:00:00+00:00,2026-10-05T03:49:21Z,101.688004,101.710999,101.653000,101.686996,101.688004,101.710999,101.652000,101.686996,changed
2024-09-04 15:00:00+00:00,2026-10-05T03:49:21Z,101.277000,101.405998,101.264999,101.373001,101.277000,101.405998,101.261002,101.373001,changed
2024-09-05 07:00:00+00:00,2026-10-05T03:49:21Z,101.244003,101.321999,101.231003,101.261002,101.244003,101.321999,101.230003,101.261002,changed
2024-09-06 15:00:00+00:00,2026-10-05T03:49:21Z,101.054001,101.220001,100.759003,101.157997,100.867996,101.220001,100.848999,101.157997,changed
2024-09-09 03:00:00+00:00,2026-10-05T03:49:21Z,101.265999,101.291000,101.242996,101.273003,101.265999,101.291000,101.244003,101.273003,changed
2024-09-09 16:00:00+00:00,2026-10-05T03:49:21Z,101.567001,101.567001,101.487000,101.500999,101.560997,101.563004,101.487000,101.500999,changed
2024-09-10 14:00:00+00:00,2026-10-05T03:49:21Z,101.745003,101.766998,101.691002,101.733002,101.745003,101.766998,101.692001,101.733002,changed
2024-09-10 15:00:00+00:00,2026-10-05T03:49:21Z,101.734001,101.741997,101.629997,101.639999,101.734001,101.740997,101.629997,101.639999,changed
2024-09-11 12:00:00+00:00,2026-10-05T03:49:21Z,101.426003,101.820000,101.405998,101.700996,101.426003,101.820000,101.405998,101.676003,changed
2024-09-11 13:00:00+00:00,2026-10-05T03:49:21Z,101.703003,101.739998,101.611000,101.708000,101.694000,101.739998,101.611000,101.708000,changed
2024-09-12 09:00:00+00:00,2026-10-05T03:49:21Z,101.748001,101.761002,101.709000,101.752998,101.748001,101.761002,101.709000,101.750000,changed
2024-09-12 10:00:00+00:00,2026-10-05T03:49:21Z,101.753998,101.760002,101.693001,101.700996,101.752998,101.760002,101.693001,101.700996,changed
2024-09-12 20:00:00+00:00,2026-10-05T03:49:21Z,101.275002,101.291000,101.224998,101.240997,101.275002,101.288002,101.224998,101.240997,changed
2024-09-16 12:00:00+00:00,2026-10-05T03:49:21Z,100.650002,100.764000,100.586998,100.693001,100.650002,100.764000,100.586998,100.690002,changed
2024-09-16 13:00:00+00:00,2026-10-05T03:49:21Z,100.692001,100.709999,100.602997,100.681000,100.689003,100.709999,100.602997,100.681000,changed
2024-09-17 01:00:00+00:00,2026-10-05T03:49:21Z,100.745003,100.746002,100.666000,100.681000,100.745003,100.746002,100.666000,100.679001,changed
2024-09-17 02:00:00+00:00,2026-10-05T03:49:21Z,100.681000,100.707001,100.664001,100.699997,100.674004,100.707001,100.664001,100.699997,changed
2024-09-17 15:00:00+00:00,2026-10-05T03:49:21Z,100.853996,100.947998,100.842003,100.931999,100.847000,100.947998,100.842003,100.931999,changed
2024-09-17 16:00:00+00:00,2026-10-05T03:49:21Z,100.931999,100.968002,100.904999,100.916000,100.939003,100.968002,100.904999,100.916000,changed
2024-09-18 14:00:00+00:00,2026-10-05T03:49:21Z,100.750000,100.959999,100.741997,100.903000,100.759003,100.959999,100.741997,100.903000,changed
2024-09-18 16:00:00+00:00,2026-10-05T03:49:21Z,100.931999,100.932999,100.848000,100.855003,100.917999,100.926003,100.848000,100.855003,changed
2024-09-19 06:00:00+00:00,2026-10-05T03:49:21Z,100.875000,100.884003,100.718002,100.718002,100.875000,100.882004,100.718002,100.718002,changed
2024-09-19 07:00:00+00:00,2026-10-05T03:49:21Z,100.716003,100.746002,100.648003,100.731003,100.716003,100.746002,100.648003,100.723000,changed
2024-09-19 08:00:00+00:00,2026-10-05T03:49:21Z,100.704002,100.755997,100.597000,100.639000,100.723999,100.755997,100.597000,100.639000,changed
2024-09-19 13:00:00+00:00,2026-10-05T03:49:21Z,101.000999,101.060997,100.861000,101.001999,100.974998,101.060997,100.861000,101.001999,changed
2024-09-19 20:00:00+00:00,2026-10-05T03:49:21Z,100.633003,100.642998,100.611000,100.637001,100.637001,100.642998,100.611000,100.637001,changed
2024-09-20 01:00:00+00:00,2026-10-05T03:49:21Z,100.634003,100.646004,100.580002,100.630997,100.634003,100.646004,100.580002,100.632004,changed
2024-09-20 02:00:00+00:00,2026-10-05T03:49:21Z,100.638000,100.655998,100.595001,100.616997,100.633003,100.655998,100.595001,100.616997,changed
2024-09-20 05:00:00+00:00,2026-10-05T03:49:21Z,100.561996,100.615997,100.553001,100.578003,100.556000,100.615997,100.553001,100.578003,changed
2024-09-23 01:00:00+00:00,2026-10-05T03:49:21Z,100.789001,100.842003,100.782997,100.811996,100.789001,100.842003,100.781998,100.811996,changed
2024-09-23 14:00:00+00:00,2026-10-05T03:49:21Z,100.894997,101.011002,100.750999,100.807999,100.894997,101.011002,100.750999,100.830002,changed
2024-09-23 15:00:00+00:00,2026-10-05T03:49:21Z,100.806999,100.887001,100.763000,100.806000,100.787003,100.887001,100.763000,100.806000,changed
2024-09-25 11:00:00+00:00,2026-10-05T03:49:21Z,100.487000,100.528999,100.430000,100.435997,100.487000,100.528999,100.430000,100.434998,changed
2024-09-25 12:00:00+00:00,2026-10-05T03:49:21Z,100.435997,100.461998,100.343002,100.405998,100.440002,100.461998,100.343002,100.405998,changed
2024-09-03 05:00:00+00:00,2026-10-05T04:32:12Z,101.769997,101.773003,101.709000,101.714996,101.769997,101.772003,101.709000,101.714996,changed
2024-09-04 02:00:00+00:00,2026-10-05T04:32:12Z,101.688004,101.710999,101.652000,101.686996,101.688004,101.710999,101.653000,101.686996,changed
2024-09-04 15:00:00+00:00,2026-10-05T04:32:12Z,101.277000,101.405998,101.261002,101.373001,101.277000,101.405998,101.264999,101.373001,changed
2024-09-05 07:00:00+00:00,2026-10-05T04:32:12Z,101.244003,101.321999,101.230003,101.261002,101.244003,101.321999,101.231003,101.261002,changed
2024-09-06 15:00:00+00:00,2026-10-05T04:32:12Z,100.867996,101.220001,100.848999,101.157997,101.054001,101.220001,100.759003,101.157997,changed
2024-09-09 03:00:00+00:00,2026-10-05T04:32:12Z,101.265999,101.291000,101.244003,101.273003,101.265999,101.291000,101.242996,101.273003,changed
2024-09-09 16:00:00+00:00,2026-10-05T04:32:12Z,101.560997,101.563004,101.487000,101.500999,101.567001,101.567001,101.487000,101.500999,changed
2024-09-10 14:00:00+00:00,2026-10-05T04:32:12Z,101.745003,101.766998,101.692001,101.733002,101.745003,101.766998,101.691002,101.733002,changed
2024-09-10 15:00:00+00:00,2026-10-05T04:32:12Z,101.734001,101.740997,101.629997,101.639999,101.734001,101.741997,101.629997,101.639999,changed
2024-09-11 12:00:00+00:00,2026-10-05T04:32:12Z,101.426003,101.820000,101.405998,101.676003,101.426003,101.820000,101.405998,101.700996,changed
2024-09-11 13:00:00+00:00,2026-10-05T04:32:12Z,101.694000,101.739998,101.611000,101.708000,101.703003,101.739998,101.611000,101.708000,changed
2024-09-12 09:00:00+00:00,2026-10-05T04:32:12Z,101.748001,101.761002,101.709000,101.750000,101.748001,101.761002,101.709000,101.752998,changed
2024-09-12 10:00:00+00:00,2026-10-05T04:32:12Z,101.752998,101.760002,101.693001,101.700996,101.753998,101.760002,101.693001,101.700996,changed
2024-09-12 20:00:00+00:00,2026-10-05T04:32:12Z,101.275002,101.288002,101.224998,101.240997,101.275002,101.291000,101.224998,101.240997,changed
2024-09-16 12:00:00+00:00,2026-10-05T04:32:12Z,100.650002,100.764000,100.586998,100.690002,100.650002,100.764000,100.586998,100.693001,changed
2024-09-16 13:00:00+00:00,2026-10-05T04:32:12Z,100.689003,100.709999,100.602997,100.681000,100.692001,100.709999,100.602997,100.681000,changed
2024-09-17 01:00:00+00:00,2026-10-05T04:32:12Z,100.745003,100.746002,100.666000,100.679001,100.745003,100.746002,100.666000,100.681000,changed
2024-09-17 02:00:00+00:00,2026-10-05T04:32:12Z,100.674004,100.707001,100.664001,100.699997,100.681000,100.707001,100.664001,100.699997,changed
2024-09-17 15:00:00+00:00,2026-10-05T04:32:12Z,100.847000,100.947998,100.842003,100.931999,100.853996,100.947998,100.842003,100.931999,changed
2024-09-17 16:00:00+00:00,2026-10-05T04:32:12Z,100.939003,100.968002,100.904999,100.916000,100.931999,100.968002,100.904999,100.916000,changed
2024-09-18 14:00:00+00:00,2026-10-05T04:32:12Z,100.759003,100.959999,100.741997,100.903000,100.750000,100.959999,100.741997,100.903000,changed
2024-09-18 16:00:00+00:00,2026-10-05T04:32:12Z,100.917999,100.926003,100.848000,100.855003,100.931999,100.932999,100.848000,100.855003,changed
2024-09-19 06:00:00+00:00,2026-10-05T04:32:12Z,100.875000,100.882004,100.718002,100.718002,100.875000,100.884003,100.718002,100.718002,changed
2024-09-19 07:00:00+00:00,2026-10-05T04:32:12Z,100.716003,100.746002,100.648003,100.723000,100.716003,100.746002,100.648003,100.731003,changed
2024-09-19 08:00:00+00:00,2026-10-05T04:32:12Z,100.723999,100.755997,100.597000,100.639000,100.704002,100.755997,100.597000,100.639000,changed
2024-09-19 13:00:00+00:00,2026-10-05T04:32:12Z,100.974998,101.060997,100.861000,101.001999,101.000999,101.060997,100.861000,101.001999,changed
2024-09-19 20:00:00+00:00,2026-10-05T04:32:12Z,100.637001,100.642998,100.611000,100.637001,100.633003,100.642998,100.611000,100.637001,changed
2024-09-20 01:00:00+00:00,2026-10-05T04:32:12Z,100.634003,100.646004,100.580002,100.632004,100.634003,100.646004,100.580002,100.630997,changed
2024-09-20 02:00:00+00:00,2026-10-05T04:32:12Z,100.633003,100.655998,100.595001,100.616997,100.638000,100.655998,100.595001,100.616997,changed
2024-09-20 05:00:00+00:00,2026-10-05T04:32:12Z,100.556000,100.615997,100.553001,100.578003,100.561996,100.615997,100.553001,100.578003,changed
2024-09-23 01:00:00+00:00,2026-10-05T04:32:12Z,100.789001,100.842003,100.781998,100.811996,100.789001,100.842003,100.782997,100.811996,changed
2024-09-23 14:00:00+00:00,2026-10-05T04:32:12Z,100.894997,101.011002,100.750999,100.830002,100.894997,101.011002,100.750999,100.807999,changed
2024-09-23 15:00:00+00:00,2026-10-05T04:32:12Z,100.787003,100.887001,100.763000,100.806000,100.806999,100.887001,100.763000,100.806000,changed
2024-09-25 11:00:00+00:00,2026-10-05T04:32:12Z,100.487000,100.528999,100.430000,100.434998,100.487000,100.528999,100.430000,100.435997,changed
2024-09-25 12:00:00+00:00,2026-10-05T04:32:12Z,100.440002,100.461998,100.343002,100.405998,100.435997,100.461998,100.343002,100.405998,changed
2024-09-03 05:00:00+00:00,2026-10-05T05:08:34Z,101.769997,101.772003,101.709000,101.714996,101.769997,101.773003,101.709000,101.714996,changed
2024-09-04 02:00:00+00:00,2026-10-05T05:08:34Z,101.688004,101.710999,101.653000,101.686996,101.688004,101.710999,101.652000,101.686996,changed
2024-09-04 15:00:00+00:00,2026-10-05T05:08:34Z,101.277000,101.405998,101.264999,101.373001,101.277000,101.405998,101.261002,101.373001,changed
2024-09-05 07:00:00+00:00,2026-10-05T05:08:34Z,101.244003,101.321999,101.231003,101.261002,101.244003,101.321999,101.230003,101.261002,changed
2024-09-06 15:00:00+00:00,2026-10-05T05:08:34Z,101.054001,101.220001,100.759003,101.157997,100.867996,101.220001,100.848999,101.157997,changed
2024-09-09 03:00:00+00:00,2026-10-05T05:08:34Z,101.265999,101.291000,101.242996,101.273003,101.265999,101.291000,101.244003,101.273003,changed
2024-09-09 16:00:00+00:00,2026-10-05T05:08:34Z,101.567001,101.567001,101.487000,101.500999,101.560997,101.563004,101.487000,101.500999,changed
2024-09-10 14:00:00+00:00,2026-10-05T05:08:34Z,101.745003,101.766998,101.691002,101.733002,101.745003,101.766998,101.692001,101.733002,changed
2024-09-10 15:00:00+00:00,2026-10-05T05:08:34Z,101.734001,101.741997,101.629997,101.639999,101.734001,101.740997,101.629997,101.639999,changed
2024-09-11 12:00:00+00:00,2026-10-05T05:08:34Z,101.426003,101.820000,101.405998,101.700996,101.426003,101.820000,101.405998,101.676003,changed
2024-09-11 13:00:00+00:00,2026-10-05T05:08:34Z,101.703003,101.739998,101.611000,101.708000,101.694000,101.739998,101.611000,101.708000,changed
2024-09-12 09:00:00+00:00,2026-10-05T05:08:34Z,101.748001,101.761002,101.709000,101.752998,101.748001,101.761002,101.709000,101.750000,changed
2024-09-12 10:00:00+00:00,2026-10-05T05:08:34Z,101.753998,101.760002,101.693001,101.700996,101.752998,101.760002,101.693001,101.700996,changed
2024-09-12 20:00:00+00:00,2026-10-05T05:08:34Z,101.275002,101.291000,101.224998,101.240997,101.275002,101.288002,101.224998,101.240997,changed
2024-09-16 12:00:00+00:00,2026-10-05T05:08:34Z,100.650002,100.764000,100.586998,100.693001,100.650002,100.764000,100.586998,100.690002,changed
2024-09-16 13:00:00+00:00,2026-10-05T05:08:34Z,100.692001,100.709999,100.602997,100.681000,100.689003,100.709999,100.602997,100.681000,changed
2024-09-17 01:00:00+00:00,2026-10-05T05:08:34Z,100.745003,100.746002,100.666000,100.681000,100.745003,100.746002,100.666000,100.679001,changed
2024-09-17 02:00:00+00:00,2026-10-05T05:08:34Z,100.681000,100.707001,100.664001,100.699997,100.674004,100.707001,100.664001,100.699997,changed
2024-09-17 15:00:00+00:00,2026-10-05T05:08:34Z,100.853996,100.947998,100.842003,100.931999,100.847000,100.947998,100.842003,100.931999,changed
2024-09-17 16:00:00+00:00,2026-10-05T05:08:34Z,100.931999,100.968002,100.904999,100.916000,100.939003,100.968002,100.904999,100.916000,changed
2024-09-18 14:00:00+00:00,2026-10-05T05:08:34Z,100.750000,100.959999,100.741997,100.903000,100.759003,100.959999,100.741997,100.903000,changed
2024-09-18 16:00:00+00:00,2026-10-05T05:08:34Z,100.931999,100.932999,100.848000,100.855003,100.917999,100.926003,100.848000,100.855003,changed
2024-09-19 06:00:00+00:00,2026-10-05T05:08:34Z,100.875000,100.884003,100.718002,100.718002,100.875000,100.882004,100.718002,100.718002,changed
2024-09-19 07:00:00+00:00,2026-10-05T05:08:34Z,100.716003,100.746002,100.648003,100.731003,100.716003,100.746002,100.648003,100.723000,changed
2024-09-19 08:00:00+00:00,2026-10-05T05:08:34Z,100.704002,100.755997,100.597000,100.639000,100.723999,100.755997,100.597000,100.639000,changed
2024-09-19 13:00:00+00:00,2026-10-05T05:08:34Z,101.000999,101.060997,100.861000,101.001999,100.974998,101.060997,100.861000,101.001999,changed
2024-09-19 20:00:00+00:00,2026-10-05T05:08:34Z,100.633003,100.642998,100.611000,100.637001,100.637001,100.642998,100.611000,100.637001,changed
2024-09-20 01:00:00+00:00,2026-10-05T05:08:34Z,100.634003,100.646004,100.580002,100.630997,100.634003,100.646004,100.580002,100.632004,changed
2024-09-20 02:00:00+00:00,2026-10-05T05:08:34Z,100.638000,100.655998,100.595001,100.616997,100.633003,100.655998,100.595001,100.616997,changed
2024-09-20 05:00:00+00:00,2026-10-05T05:08:34Z,100.561996,100.615997,100.553001,100.578003,100.556000,100.615997,100.553001,100.578003,changed
2024-09-23 01:00:00+00:00,2026-10-05T05:08:34Z,100.789001,100.842003,100.782997,100.811996,100.789001,100.842003,100.781998,100.811996,changed
2024-09-23 14:00:00+00:00,2026-10-05T05:08:34Z,100.894997,101.011002,100.750999,100.807999,100.894997,101.011002,100.750999,100.830002,changed
2024-09-23 15:00:00+00:00,2026-10-05T05:08:34Z,100.806999,100.887001,100.763000,100.806000,100.787003,100.887001,100.763000,100.806000,changed
2024-09-25 11:00:00+00:00,2026-10-05T05:08:34Z,100.487000,100.528999,100.430000,100.435997,100.487000,100.528999,100.430000,100.434998,changed
2024-09-25 12:00:00+00:00,2026-10-05T05:08:34Z,100.435997,100.461998,100.343002,100.405998,100.440002,100.461998,100.343002,100.405998,changed
2024-09-03 05:00:00+00:00,2026-10-05T07:33:41Z,101.769997,101.773003,101.709000,101.714996,101.769997,101.772003,101.709000,101.714996,changed
2024-09-04 02:00:00+00:00,2026-10-05T07:33:41Z,101.688004,101.710999,101.652000,101.686996,101.688004,101.710999,101.653000,101.686996,changed
2024-09-04 15:00:00+00:00,2026-10-05T07:33:41Z,101.277000,101.405998,101.261002,101.373001,101.277000,101.405998,101.264999,101.373001,changed
2024-09-05 07:00:00+00:00,2026-10-05T07:33:41Z,101.244003,101.321999,101.230003,101.261002,101.244003,101.321999,101.231003,101.261002,changed
2024-09-06 15:00:00+00:00,2026-10-05T07:33:41Z,100.867996,101.220001,100.848999,101.157997,101.054001,101.220001,100.759003,101.157997,changed
2024-09-09 03:00:00+00:00,2026-10-05T07:33:41Z,101.265999,101.291000,101.244003,101.273003,101.265999,101.291000,101.242996,101.273003,changed
2024-09-09 16:00:00+00:00,2026-10-05T07:33:41Z,101.560997,101.563004,101.487000,101.500999,101.567001,101.567001,101.487000,101.500999,changed
2024-09-10 14:00:00+00:00,2026-10-05T07:33:41Z,101.745003,101.766998,101.692001,101.733002,101.745003,101.766998,101.691002,101.733002,changed
2024-09-10 15:00:00+00:00,2026-10-05T07:33:41Z,101.734001,101.740997,101.629997,101.639999,101.734001,101.741997,101.629997,101.639999,changed
2024-09-11 12:00:00+00:00,2026-10-05T07:33:41Z,101.426003,101.820000,101.405998,101.676003,101.426003,101.820000,101.405998,101.700996,changed
2024-09-11 13:00:00+00:00,2026-10-05T07:33:41Z,101.694000,101.739998,101.611000,101.708000,101.703003,101.739998,101.611000,101.708000,changed
2024-09-12 09:00:00+00:00,2026-10-05T07:33:41Z,101.748001,101.761002,101.709000,101.750000,101.748001,101.761002,101.709000,101.752998,changed
2024-09-12 10:00:00+00:00,2026-10-05T07:33:41Z,101.752998,101.760002,101.693001,101.700996,101.753998,101.760002,101.693001,101.700996,changed
2024-09-12 20:00:00+00:00,2026-10-05T07:33:41Z,101.275002,101.288002,101.224998,101.240997,101.275002,101.291000,101.224998,101.240997,changed
2024-09-16 12:00:00+00:00,2026-10-05T07:33:41Z,100.650002,100.764000,100.586998,100.690002,100.650002,100.764000,100.586998,100.693001,changed
2024-09-16 13:00:00+00:00,2026-10-05T07:33:41Z,100.689003,100.709999,100.602997,100.681000,100.692001,100.709999,100.602997,100.681000,changed
2024-09-17 01:00:00+00:00,2026-10-05T07:33:41Z,100.745003,100.746002,100.666000,100.679001,100.745003,100.746002,100.666000,100.681000,changed
2024-09-17 02:00:00+00:00,2026-10-05T07:33:41Z,100.674004,100.707001,100.664001,100.699997,100.681000,100.707001,100.664001,100.699997,changed
2024-09-17 15:00:00+00:00,2026-10-05T07:33:41Z,100.847000,100.947998,100.842003,100.931999,100.853996,100.947998,100.842003,100.931999,changed
2024-09-17 16:00:00+00:00,2026-10-05T07:33:41Z,100.939003,100.968002,100.904999,100.916000,100.931999,100.968002,100.904999,100.916000,changed
2024-09-18 14:00:00+00:00,2026-10-05T07:33:41Z,100.759003,100.959999,100.741997,100.903000,100.750000,100.959999,100.741997,100.903000,changed
2024-09-18 16:00:00+00:00,2026-10-05T07:33:41Z,100.917999,100.926003,100.848000,100.855003,100.931999,100.932999,100.848000,100.855003,changed
2024-09-19 06:00:00+00:00,2026-10-05T07:33:41Z,100.875000,100.882004,100.718002,100.718002,100.875000,100.884003,100.718002,100.718002,changed
2024-09-19 07:00:00+00:00,2026-10-05T07:33:41Z,100.716003,100.746002,100.648003,100.723000,100.716003,100.746002,100.648003,100.731003,changed
2024-09-19 08:00:00+00:00,2026-10-05T07:33:41Z,100.723999,100.755997,100.597000,100.639000,100.704002,100.755997,100.597000,100.639000,changed
2024-09-19 13:00:00+00:00,2026-10-05T07:33:41Z,100.974998,101.060997,100.861000,101.001999,101.000999,101.060997,100.861000,101.001999,changed
2024-09-19 20:00:00+00:00,2026-10-05T07:33:41Z,100.637001,100.642998,100.611000,100.637001,100.633003,100.642998,100.611000,100.637001,changed
2024-09-20 01:00:00+00:00,2026-10-05T07:33:41Z,100.634003,100.646004,100.580002,100.632004,100.634003,100.646004,100.580002,100.630997,changed
2024-09-20 02:00:00+00:00,2026-10-05T07:33:41Z,100.633003,100.655998,100.595001,100.616997,100.638000,100.655998,100.595001,100.616997,changed
2024-09-20 05:00:00+00:00,2026-10-05T07:33:41Z,100.556000,100.615997,100.553001,100.578003,100.561996,100.615997,100.553001,100.578003,changed
2024-09-23 01:00:00+00:00,2026-10-05T07:33:41Z,100.789001,100.842003,100.781998,100.811996,100.789001,100.842003,100.782997,100.811996,changed
2024-09-23 14:00:00+00:00,2026-10-05T07:33:41Z,100.894997,101.011002,100.750999,100.830002,100.894997,101.011002,100.750999,100.807999,changed
2024-09-23 15:00:00+00:00,2026-10-05T07:33:41Z,100.787003,100.887001,100.763000,100.806000,100.806999,100.887001,100.763000,100.806000,changed
2024-09-25 11:00:00+00:00,2026-10-05T07:33:41Z,100.487000,100.528999,100.430000,100.434998,100.487000,100.528999,100.430000,100.435997,changed
2024-09-25 12:00:00+00:00,2026-10-05T07:33:41Z,100.440002,100.461998,100.343002,100.405998,100.435997,100.461998,100.343002,100.405998,changed
2024-09-03 05:00:00+00:00,2026-10-05T08:34:57Z,101.769997,101.772003,101.709000,101.714996,101.769997,101.773003,101.709000,101.714996,changed
2024-09-04 02:00:00+00:00,2026-10-05T08:34:57Z,101.688004,101.710999,101.653000,101.686996,101.688004,101.710999,101.652000,101.686996,changed
2024-09-04 15:00:00+00:00,2026-10-05T08:34:57Z,101.277000,101.405998,101.264999,101.373001,101.277000,101.405998,101.261002,101.373001,changed
2024-09-05 07:00:00+00:00,2026-10-05T08:34:57Z,101.244003,101.321999,101.231003,101.261002,101.244003,101.321999,101.230003,101.261002,changed
2024-09-06 15:00:00+00:00,2026-10-05T08:34:57Z,101.054001,101.220001,100.759003,101.157997,100.867996,101.220001,100.848999,101.157997,changed
2024-09-09 03:00:00+00:00,2026-10-05T08:34:57Z,101.265999,101.291000,101.242996,101.273003,101.265999,101.291000,101.244003,101.273003,changed
2024-09-09 16:00:00+00:00,2026-10-05T08:34:57Z,101.567001,101.567001,101.487000,101.500999,101.560997,101.563004,101.487000,101.500999,changed
2024-09-10 14:00:00+00:00,2026-10-05T08:34:57Z,101.745003,101.766998,101.691002,101.733002,101.745003,101.766998,101.692001,101.733002,changed
2024-09-10 15:00:00+00:00,2026-10-05T08:34:57Z,101.734001,101.741997,101.629997,101.639999,101.734001,101.740997,101.629997,101.639999,changed
2024-09-11 12:00:00+00:00,2026-10-05T08:34:57Z,101.426003,101.820000,101.405998,101.700996,101.426003,101.820000,101.405998,101.676003,changed
2024-09-11 13:00:00+00:00,2026-10-05T08:34:57Z,101.703003,101.739998,101.611000,101.708000,101.694000,101.739998,101.611000,101.708000,changed
2024-09-12 09:00:00+00:00,2026-10-05T08:34:57Z,101.748001,101.761002,101.709000,101.752998,101.748001,101.761002,101.709000,101.750000,changed
2024-09-12 10:00:00+00:00,2026-10-05T08:34:57Z,101.753998,101.760002,101.693001,101.700996,101.752998,101.760002,101.693001,101.700996,changed
2024-09-12 20:00:00+00:00,2026-10-05T08:34:57Z,101.275002,101.291000,101.224998,101.240997,101.275002,101.288002,101.224998,101.240997,changed
2024-09-16 12:00:00+00:00,2026-10-05T08:34:57Z,100.650002,100.764000,100.586998,100.693001,100.650002,100.764000,100.586998,100.690002,changed
2024-09-16 13:00:00+00:00,2026-10-05T08:34:57Z,100.692001,100.709999,100.602997,100.681000,100.689003,100.709999,100.602997,100.681000,changed
2024-09-17 01:00:00+00:00,2026-10-05T08:34:57Z,100.745003,100.746002,100.666000,100.681000,100.745003,100.746002,100.666000,100.679001,changed
2024-09-17 02:00:00+00:00,2026-10-05T08:34:57Z,100.681000,100.707001,100.664001,100.699997,100.674004,100.707001,100.664001,100.699997,changed
2024-09-17 15:00:00+00:00,2026-10-05T08:34:57Z,100.853996,100.947998,100.842003,100.931999,100.847000,100.947998,100.842003,100.931999,changed
2024-09-17 16:00:00+00:00,2026-10-05T08:34:57Z,100.931999,100.968002,100.904999,100.916000,100.939003,100.968002,100.904999,100.916000,changed
2024-09-18 14:00:00+00:00,2026-10-05T08:34:57Z,100.750000,100.959999,100.741997,100.903000,100.759003,100.959999,100.741997,100.903000,changed
2024-09-18 16:00:00+00:00,2026-10-05T08:34:57Z,100.931999,100.932999,100.848000,100.855003,100.917999,100.926003,100.848000,100.855003,changed
2024-09-19 06:00:00+00:00,2026-10-05T08:34:57Z,100.875000,100.884003,100.718002,100.718002,100.875000,100.882004,100.718002,100.718002,changed
2024-09-19 07:00:00+00:00,2026-10-05T08:34:57Z,100.716003,100.746002,100.648003,100.731003,100.716003,100.746002,100.648003,100.723000,changed
2024-09-19 08:00:00+00:00,2026-10-05T08:34:57Z,100.704002,100.755997,100.597000,100.639000,100.723999,100.755997,100.597000,100.639000,changed
2024-09-19 13:00:00+00:00,2026-10-05T08:34:57Z,101.000999,101.060997,100.861000,101.001999,100.974998,101.060997,100.861000,101.001999,changed
2024-09-19 20:00:00+00:00,2026-10-05T08:34:57Z,100.633003,100.642998,100.611000,100.637001,100.637001,100.642998,100.611000,100.637001,changed
2024-09-20 01:00:00+00:00,2026-10-05T08:34:57Z,100.634003,100.646004,100.580002,100.630997,100.634003,100.646004,100.580002,100.632004,changed
2024-09-20 02:00:00+00:00,2026-10-05T08:34:57Z,100.638000,100.655998,100.595001,100.616997,100.633003,100.655998,100.595001,100.616997,changed
2024-09-20 05:00:00+00:00,2026-10-05T08:34:57Z,100.561996,100.615997,100.553001,100.578003,100.556000,100.615997,100.553001,100.578003,changed
2024-09-23 01:00:00+00:00,2026-10-05T08:34:57Z,100.789001,100.842003,100.782997,100.811996,100.789001,100.842003,100.781998,100.811996,changed
2024-09-23 14:00:00+00:00,2026-10-05T08:34:57Z,100.894997,101.011002,100.750999,100.807999,100.894997,101.011002,100.750999,100.830002,changed
2024-09-23 15:00:00+00:00,2026-10-05T08:34:57Z,100.806999,100.887001,100.763000,100.806000,100.787003,100.887001,100.763000,100.806000,changed
2024-09-25 11:00:00+00:00,2026-10-05T08:34:57Z,100.487000,100.528999,100.430000,100.435997,100.487000,100.528999,100.430000,100.434998,changed
2024-09-25 12:00:00+00:00,2026-10-05T08:34:57Z,100.435997,100.461998,100.343002,100.405998,100.440002,100.461998,100.343002,100.405998,changed
2024-09-03 05:00:00+00:00,2026-10-05T08:52:24Z,101.769997,101.773003,101.709000,101.714996,101.769997,101.772003,101.709000,101.714996,changed
2024-09-04 02:00:00+00:00,2026-10-05T08:52:24Z,101.688004,101.710999,101.652000,101.686996,101.688004,101.710999,101.653000,101.686996,changed
2024-09-04 15:00:00+00:00,2026-10-05T08:52:24Z,101.277000,101.405998,101.261002,101.373001,101.277000,101.405998,101.264999,101.373001,changed
2024-09-05 07:00:00+00:00,2026-10-05T08:52:24Z,101.244003,101.321999,101.230003,101.261002,101.244003,101.321999,101.231003,101.261002,changed
2024-09-06 15:00:00+00:00,2026-10-05T08:52:24Z,100.867996,101.220001,100.848999,101.157997,101.054001,101.220001,100.759003,101.157997,changed
2024-09-09 03:00:00+00:00,2026-10-05T08:52:24Z,101.265999,101.291000,101.244003,101.273003,101.265999,101.291000,101.242996,101.273003,changed
2024-09-09 16:00:00+00:00,2026-10-05T08:52:24Z,101.560997,101.563004,101.487000,101.500999,101.567001,101.567001,101.487000,101.500999,changed
2024-09-10 14:00:00+00:00,2026-10-05T08:52:24Z,101.745003,101.766998,101.692001,101.733002,101.745003,101.766998,101.691002,101.733002,changed
2024-09-10 15:00:00+00:00,2026-10-05T08:52:24Z,101.734001,101.740997,101.629997,101.639999,101.734001,101.741997,101.629997,101.639999,changed
2024-09-11 12:00:00+00:00,2026-10-05T08:52:24Z,101.426003,101.820000,101.405998,101.676003,101.426003,101.820000,101.405998,101.700996,changed
2024-09-11 13:00:00+00:00,2026-10-05T08:52:24Z,101.694000,101.739998,101.611000,101.708000,101.703003,101.739998,101.611000,101.708000,changed
2024-09-12 09:00:00+00:00,2026-10-05T08:52:24Z,101.748001,101.761002,101.709000,101.750000,101.748001,101.761002,101.709000,101.752998,changed
2024-09-12 10:00:00+00:00,2026-10-05T08:52:24Z,101.752998,101.760002,101.693001,101.700996,101.753998,101.760002,101.693001,101.700996,changed
2024-09-12 20:00:00+00:00,2026-10-05T08:52:24Z,101.275002,101.288002,101.224998,101.240997,101.275002,101.291000,101.224998,101.240997,changed
2024-09-16 12:00:00+00:00,2026-10-05T08:52:24Z,100.650002,100.764000,100.586998,100.690002,100.650002,100.764000,100.586998,100.693001,changed
2024-09-16 13:00:00+00:00,2026-10-05T08:52:24Z,100.689003,100.709999,100.602997,100.681000,100.692001,100.709999,100.602997,100.681000,changed
2024-09-17 01:00:00+00:00,2026-10-05T08:52:24Z,100.745003,100.746002,100.666000,100.679001,100.745003,100.746002,100.666000,100.681000,changed
2024-09-17 02:00:00+00:00,2026-10-05T08:52:24Z,100.674004,100.707001,100.664001,100.699997,100.681000,100.707001,100.664001,100.699997,changed
2024-09-17 15:00:00+00:00,2026-10-05T08:52:24Z,100.847000,100.947998,100.842003,100.931999,100.853996,100.947998,100.842003,100.931999,changed
2024-09-17 16:00:00+00:00,2026-10-05T08:52:24Z,100.939003,100.968002,100.904999,100.916000,100.931999,100.968002,100.904999,100.916000,changed
2024-09-18 14:00:00+00:00,2026-10-05T08:52:24Z,100.759003,100.959999,100.741997,100.903000,100.750000,100.959999,100.741997,100.903000,changed
2024-09-18 16:00:00+00:00,2026-10-05T08:52:24Z,100.917999,100.926003,100.848000,100.855003,100.931999,100.932999,100.848000,100.855003,changed
2024-09-19 06:00:00+00:00,2026-10-05T08:52:24Z,100.875000,100.882004,100.718002,100.718002,100.875000,100.884003,100.718002,100.718002,changed
2024-09-19 07:00:00+00:00,2026-10-05T08:52:24Z,100.716003,100.746002,100.648003,100.723000,100.716003,100.746002,100.648003,100.731003,changed
2024-09-19 08:00:00+00:00,2026-10-05T08:52:24Z,100.723999,100.755997,100.597000,100.639000,100.704002,100.755997,100.597000,100.639000,changed
2024-09-19 13:00:00+00:00,2026-10-05T08:52:24Z,100.974998,101.060997,100.861000,101.001999,101.000999,101.060997,100.861000,101.001999,changed
2024-09-19 20:00:00+00:00,2026-10-05T08:52:24Z,100.637001,100.642998,100.611000,100.637001,100.633003,100.642998,100.611000,100.637001,changed
2024-09-20 01:00:00+00:00,2026-10-05T08:52:24Z,100.634003,100.646004,100.580002,100.632004,100.634003,100.646004,100.580002,100.630997,changed
2024-09-20 02:00:00+00:00,2026-10-05T08:52:24Z,100.633003,100.655998,100.595001,100.616997,100.638000,100.655998,100.595001,100.616997,changed
2024-09-20 05:00:00+00:00,2026-10-05T08:52:24Z,100.556000,100.615997,100.553001,100.578003,100.561996,100.615997,100.553001,100.578003,changed
2024-09-23 01:00:00+00:00,2026-10-05T08:52:24Z,100.789001,100.842003,100.781998,100.811996,100.789001,100.842003,100.782997,100.811996,changed
2024-09-23 14:00:00+00:00,2026-10-05T08:52:24Z,100.894997,101.011002,100.750999,100.830002,100.894997,101.011002,100.750999,100.807999,changed
2024-09-23 15:00:00+00:00,2026-10-05T08:52:24Z,100.787003,100.887001,100.763000,100.806000,100.806999,100.887001,100.763000,100.806000,changed
2024-09-25 11:00:00+00:00,2026-10-05T08:52:24Z,100.487000,100.528999,100.430000,100.434998,100.487000,100.528999,100.430000,100.435997,changed
2024-09-25 12:00:00+00:00,2026-10-05T08:52:24Z,100.440002,100.461998,100.343002,100.405998,100.435997,100.461998,100.343002,100.405998,changed
2024-09-03 05:00:00+00:00,2026-10-05T09:34:31Z,101.769997,101.772003,101.709000,101.714996,101.769997,101.773003,101.709000,101.714996,changed
2024-09-04 02:00:00+00:00,2026-10-05T09:34:31Z,101.688004,101.710999,101.653000,101.686996,101.688004,101.710999,101.652000,101.686996,changed
2024-09-04 15:00:00+00:00,2026-10-05T09:34:31Z,101.277000,101.405998,101.264999,101.373001,101.277000,101.405998,101.261002,101.373001,changed
2024-09-05 07:00:00+00:00,2026-10-05T09:34:31Z,101.244003,101.321999,101.231003,101.261002,101.244003,101.321999,101.230003,101.261002,changed
2024-09-06 15:00:00+00:00,2026-10-05T09:34:31Z,101.054001,101.220001,100.759003,101.157997,100.867996,101.220001,100.848999,101.157997,changed
2024-09-09 03:00:00+00:00,2026-10-05T09:34:31Z,101.265999,101.291000,101.242996,101.273003,101.265999,101.291000,101.244003,101.273003,changed
2024-09-09 16:00:00+00:00,2026-10-05T09:34:31Z,101.567001,101.567001,101.487000,101.500999,101.560997,101.563004,101.487000,101.500999,changed
2024-09-10 14:00:00+00:00,2026-10-05T09:34:31Z,101.745003,101.766998,101.691002,101.733002,101.745003,101.766998,101.692001,101.733002,changed
2024-09-10 15:00:00+00:00,2026-10-05T09:34:31Z,101.734001,101.741997,101.629997,101.639999,101.734001,101.740997,101.629997,101.639999,changed
2024-09-11 12:00:00+00:00,2026-10-05T09:34:31Z,101.426003,101.820000,101.405998,101.700996,101.426003,101.820000,101.405998,101.676003,changed
2024-09-11 13:00:00+00:00,2026-10-05T09:34:31Z,101.703003,101.739998,101.611000,101.708000,101.694000,101.739998,101.611000,101.708000,changed
2024-09-12 09:00:00+00:00,2026-10-05T09:34:31Z,101.748001,101.761002,101.709000,101.752998,101.748001,101.761002,101.709000,101.750000,changed
2024-09-12 10:00:00+00:00,2026-10-05T09:34:31Z,101.753998,101.760002,101.693001,101.700996,101.752998,101.760002,101.693001,101.700996,changed
2024-09-12 20:00:00+00:00,2026-10-05T09:34:31Z,101.275002,101.291000,101.224998,101.240997,101.275002,101.288002,101.224998,101.240997,changed
2024-09-16 12:00:00+00:00,2026-10-05T09:34:31Z,100.650002,100.764000,100.586998,100.693001,100.650002,100.764000,100.586998,100.690002,changed
2024-09-16 13:00:00+00:00,2026-10-05T09:34:31Z,100.692001,100.709999,100.602997,100.681000,100.689003,100.709999,100.602997,100.681000,changed
2024-09-17 01:00:00+00:00,2026-10-05T09:34:31Z,100.745003,100.746002,100.666000,100.681000,100.745003,100.746002,100.666000,100.679001,changed
2024-09-17 02:00:00+00:00,2026-10-05T09:34:31Z,100.681000,100.707001,100.664001,100.699997,100.674004,100.707001,100.664001,100.699997,changed
2024-09-17 15:00:00+00:00,2026-10-05T09:34:31Z,100.853996,100.947998,100.842003,100.931999,100.847000,100.947998,100.842003,100.931999,changed
2024-09-17 16:00:00+00:00,2026-10-05T09:34:31Z,100.931999,100.968002,100.904999,100.916000,100.939003,100.968002,100.904999,100.916000,changed
2024-09-18 14:00:00+00:00,2026-10-05T09:34:31Z,100.750000,100.959999,100.741997,100.903000,100.759003,100.959999,100.741997,100.903000,changed
2024-09-18 16:00:00+00:00,2026-10-05T09:34:31Z,100.931999,100.932999,100.848000,100.855003,100.917999,100.926003,100.848000,100.855003,changed
2024-09-19 06:00:00+00:00,2026-10-05T09:34:31Z,100.875000,100.884003,100.718002,100.718002,100.875000,100.882004,100.718002,100.718002,changed
2024-09-19 07:00:00+00:00,2026-10-05T09:34:31Z,100.716003,100.746002,100.648003,100.731003,100.716003,100.746002,100.648003,100.723000,changed
2024-09-19 08:00:00+00:00,2026-10-05T09:34:31Z,100.704002,100.755997,100.597000,100.639000,100.723999,100.755997,100.597000,100.639000,changed
2024-09-19 13:00:00+00:00,2026-10-05T09:34:31Z,101.000999,101.060997,100.861000,101.001999,100.974998,101.060997,100.861000,101.001999,changed
2024-09-19 20:00:00+00:00,2026-10-05T09:34:31Z,100.633003,100.642998,100.611000,100.637001,100.637001,100.642998,100.611000,100.637001,changed
2024-09-20 01:00:00+00:00,2026-10-05T09:34:31Z,100.634003,100.646004,100.580002,100.630997,100.634003,100.646004,100.580002,100.632004,changed
2024-09-20 02:00:00+00:00,2026-10-05T09:34:31Z,100.638000,100.655998,100.595001,100.616997,100.633003,100.655998,100.595001,100.616997,changed
2024-09-20 05:00:00+00:00,2026-10-05T09:34:31Z,100.561996,100.615997,100.553001,100.578003,100.556000,100.615997,100.553001,100.578003,changed
2024-09-23 01:00:00+00:00,2026-10-05T09:34:31Z,100.789001,100.842003,100.782997,100.811996,100.789001,100.842003,100.781998,100.811996,changed
2024-09-23 14:00:00+00:00,2026-10-05T09:34:31Z,100.894997,101.011002,100.750999,100.807999,100.894997,101.011002,100.750999,100.830002,changed
2024-09-23 15:00:00+00:00,2026-10-05T09:34:31Z,100.806999,100.887001,100.763000,100.806000,100.787003,100.887001,100.763000,100.806000,changed
2024-09-25 11:00:00+00:00,2026-10-05T09:34:31Z,100.487000,100.528999,100.430000,100.435997,100.487000,100.528999,100.430000,100.434998,changed
2024-09-25 12:00:00+00:00,2026-10-05T09:34:31Z,100.435997,100.461998,100.343002,100.405998,100.440002,100.461998,100.343002,100.405998,changed
2024-09-03 05:00:00+00:00,2026-10-05T11:01:46Z,101.769997,101.773003,101.709000,101.714996,101.769997,101.772003,101.709000,101.714996,changed
2024-09-04 02:00:00+00:00,2026-10-05T11:01:46Z,101.688004,101.710999,101.652000,101.686996,101.688004,101.710999,101.653000,101.686996,changed
2024-09-04 15:00:00+00:00,2026-10-05T11:01:46Z,101.277000,101.405998,101.261002,101.373001,101.277000,101.405998,101.264999,101.373001,changed
2024-09-05 07:00:00+00:00,2026-10-05T11:01:46Z,101.244003,101.321999,101.230003,101.261002,101.244003,101.321999,101.231003,101.261002,changed
2024-09-06 15:00:00+00:00,2026-10-05T11:01:46Z,100.867996,101.220001,100.848999,101.157997,101.054001,101.220001,100.759003,101.157997,changed
2024-09-09 03:00:00+00:00,2026-10-05T11:01:46Z,101.265999,101.291000,101.244003,101.273003,101.265999,101.291000,101.242996,101.273003,changed
2024-09-09 16:00:00+00:00,2026-10-05T11:01:46Z,101.560997,101.563004,101.487000,101.500999,101.567001,101.567001,101.487000,101.500999,changed
2024-09-10 14:00:00+00:00,2026-10-05T11:01:46Z,101.745003,101.766998,101.692001,101.733002,101.745003,101.766998,101.691002,101.733002,changed
2024-09-10 15:00:00+00:00,2026-10-05T11:01:46Z,101.734001,101.740997,101.629997,101.639999,101.734001,101.741997,101.629997,101.639999,changed
2024-09-11 12:00:00+00:00,2026-10-05T11:01:46Z,101.426003,101.820000,101.405998,101.676003,101.426003,101.820000,101.405998,101.700996,changed
2024-09-11 13:00:00+00:00,2026-10-05T11:01:46Z,101.694000,101.739998,101.611000,101.708000,101.703003,101.739998,101.611000,101.708000,changed
2024-09-12 09:00:00+00:00,2026-10-05T11:01:46Z,101.748001,101.761002,101.709000,101.750000,101.748001,101.761002,101.709000,101.752998,changed
2024-09-12 10:00:00+00:00,2026-10-05T11:01:46Z,101.752998,101.760002,101.693001,101.700996,101.753998,101.760002,101.693001,101.700996,changed
2024-09-12 20:00:00+00:00,2026-10-05T11:01:46Z,101.275002,101.288002,101.224998,101.240997,101.275002,101.291000,101.224998,101.240997,changed
2024-09-16 12:00:00+00:00,2026-10-05T11:01:46Z,100.650002,100.764000,100.586998,100.690002,100.650002,100.764000,100.586998,100.693001,changed
2024-09-16 13:00:00+00:00,2026-10-05T11:01:46Z,100.689003,100.709999,100.602997,100.681000,100.692001,100.709999,100.602997,100.681000,changed
2024-09-17 01:00:00+00:00,2026-10-05T11:01:46Z,100.745003,100.746002,100.666000,100.679001,100.745003,100.746002,100.666000,100.681000,changed
2024-09-17 02:00:00+00:00,2026-10-05T11:01:46Z,100.674004,100.707001,100.664001,100.699997,100.681000,100.707001,100.664001,100.699997,changed
2024-09-17 15:00:00+00:00,2026-10-05T11:01:46Z,100.847000,100.947998,100.842003,100.931999,100.853996,100.947998,100.842003,100.931999,changed
2024-09-17 16:00:00+00:00,2026-10-05T11:01:46Z,100.939003,100.968002,100.904999,100.916000,100.931999,100.968002,100.904999,100.916000,changed
2024-09-18 14:00:00+00:00,2026-10-05T11:01:46Z,100.759003,100.959999,100.741997,100.903000,100.750000,100.959999,100.741997,100.903000,changed
2024-09-18 16:00:00+00:00,2026-10-05T11:01:46Z,100.917999,100.926003,100.848000,100.855003,100.931999,100.932999,100.848000,100.855003,changed
2024-09-19 06:00:00+00:00,2026-10-05T11:01:46Z,100.875000,100.882004,100.718002,100.718002,100.875000,100.884003,100.718002,100.718002,changed
2024-09-19 07:00:00+00:00,2026-10-05T11:01:46Z,100.716003,100.746002,100.648003,100.723000,100.716003,100.746002,100.648003,100.731003,changed
2024-09-19 08:00:00+00:00,2026-10-05T11:01:46Z,100.723999,100.755997,100.597000,100.639000,100.704002,100.755997,100.597000,100.639000,changed
2024-09-19 13:00:00+00:00,2026-10-05T11:01:46Z,100.974998,101.060997,100.861000,101.001999,101.000999,101.060997,100.861000,101.001999,changed
2024-09-19 20:00:00+00:00,2026-10-05T11:01:46Z,100.637001,100.642998,100.611000,100.637001,100.633003,100.642998,100.611000,100.637001,changed
2024-09-20 01:00:00+00:00,2026-10-05T11:01:46Z,100.634003,100.646004,100.580002,100.632004,100.634003,100.646004,100.580002,100.630997,changed
2024-09-20 02:00:00+00:00,2026-10-05T11:01:46Z,100.633003,100.655998,100.595001,100.616997,100.638000,100.655998,100.595001,100.616997,changed
2024-09-20 05:00:00+00:00,2026-10-05T11:01:46Z,100.556000,100.615997,100.553001,100.578003,100.561996,100.615997,100.553001,100.578003,changed
2024-09-23 01:00:00+00:00,2026-10-05T11:01:46Z,100.789001,100.842003,100.781998,100.811996,100.789001,100.842003,100.782997,100.811996,changed
2024-09-23 14:00:00+00:00,2026-10-05T11:01:46Z,100.894997,101.011002,100.750999,100.830002,100.894997,101.011002,100.750999,100.807999,changed
2024-09-23 15:00:00+00:00,2026-10-05T11:01:46Z,100.787003,100.887001,100.763000,100.806000,100.806999,100.887001,100.763000,100.806000,changed
2024-09-25 11:00:00+00:00,2026-10-05T11:01:46Z,100.487000,100.528999,100.430000,100.434998,100.487000,100.528999,100.430000,100.435997,changed
2024-09-25 12:00:00+00:00,2026-10-05T11:01:46Z,100.440002,100.461998,100.343002,100.405998,100.435997,100.461998,100.343002,100.405998,changed
2024-09-03 05:00:00+00:00,2026-10-05T11:14:49Z,101.769997,101.772003,101.709000,101.714996,101.769997,101.773003,101.709000,101.714996,changed
2024-09-04 02:00:00+00:00,2026-10-05T11:14:49Z,101.688004,101.710999,101.653000,101.686996,101.688004,101.710999,101.652000,101.686996,changed
2024-09-04 15:00:00+00:00,2026-10-05T11:14:49Z,101.277000,101.405998,101.264999,101.373001,101.277000,101.405998,101.261002,101.373001,changed
2024-09-05 07:00:00+00:00,2026-10-05T11:14:49Z,101.244003,101.321999,101.231003,101.261002,101.244003,101.321999,101.230003,101.261002,changed
2024-09-06 15:00:00+00:00,2026-10-05T11:14:49Z,101.054001,101.220001,100.759003,101.157997,100.867996,101.220001,100.848999,101.157997,changed
2024-09-09 03:00:00+00:00,2026-10-05T11:14:49Z,101.265999,101.291000,101.242996,101.273003,101.265999,101.291000,101.244003,101.273003,changed
2024-09-09 16:00:00+00:00,2026-10-05T11:14:49Z,101.567001,101.567001,101.487000,101.500999,101.560997,101.563004,101.487000,101.500999,changed
2024-09-10 14:00:00+00:00,2026-10-05T11:14:49Z,101.745003,101.766998,101.691002,101.733002,101.745003,101.766998,101.692001,101.733002,changed
2024-09-10 15:00:00+00:00,2026-10-05T11:14:49Z,101.734001,101.741997,101.629997,101.639999,101.734001,101.740997,101.629997,101.639999,changed
2024-09-11 12:00:00+00:00,2026-10-05T11:14:49Z,101.426003,101.820000,101.405998,101.700996,101.426003,101.820000,101.405998,101.676003,changed
2024-09-11 13:00:00+00:00,2026-10-05T11:14:49Z,101.703003,101.739998,101.611000,101.708000,101.694000,101.739998,101.611000,101.708000,changed
2024-09-12 09:00:00+00:00,2026-10-05T11:14:49Z,101.748001,101.761002,101.709000,101.752998,101.748001,101.761002,101.709000,101.750000,changed
2024-09-12 10:00:00+00:00,2026-10-05T11:14:49Z,101.753998,101.760002,101.693001,101.700996,101.752998,101.760002,101.693001,101.700996,changed
2024-09-12 20:00:00+00:00,2026-10-05T11:14:49Z,101.275002,101.291000,101.224998,101.240997,101.275002,101.288002,101.224998,101.240997,changed
2024-09-16 12:00:00+00:00,2026-10-05T11:14:49Z,100.650002,100.764000,100.586998,100.693001,100.650002,100.764000,100.586998,100.690002,changed
2024-09-16 13:00:00+00:00,2026-10-05T11:14:49Z,100.692001,100.709999,100.602997,100.681000,100.689003,100.709999,100.602997,100.681000,changed
2024-09-17 01:00:00+00:00,2026-10-05T11:14:49Z,100.745003,100.746002,100.666000,100.681000,100.745003,100.746002,100.666000,100.679001,changed
2024-09-17 02:00:00+00:00,2026-10-05T11:14:49Z,100.681000,100.707001,100.664001,100.699997,100.674004,100.707001,100.664001,100.699997,changed
2024-09-17 15:00:00+00:00,2026-10-05T11:14:49Z,100.853996,100.947998,100.842003,100.931999,100.847000,100.947998,100.842003,100.931999,changed
2024-09-17 16:00:00+00:00,2026-10-05T11:14:49Z,100.931999,100.968002,100.904999,100.916000,100.939003,100.968002,100.904999,100.916000,changed
2024-09-18 14:00:00+00:00,2026-10-05T11:14:49Z,100.750000,100.959999,100.741997,100.903000,100.759003,100.959999,100.741997,100.903000,changed
2024-09-18 16:00:00+00:00,2026-10-05T11:14:49Z,100.931999,100.932999,100.848000,100.855003,100.917999,100.926003,100.848000,100.855003,changed
2024-09-19 06:00:00+00:00,2026-10-05T11:14:49Z,100.875000,100.884003,100.718002,100.718002,100.875000,100.882004,100.718002,100.718002,changed
2024-09-19 07:00:00+00:00,2026-10-05T11:14:49Z,100.716003,100.746002,100.648003,100.731003,100.716003,100.746002,100.648003,100.723000,changed
2024-09-19 08:00:00+00:00,2026-10-05T11:14:49Z,100.704002,100.755997,100.597000,100.639000,100.723999,100.755997,100.597000,100.639000,changed
2024-09-19 13:00:00+00:00,2026-10-05T11:14:49Z,101.000999,101.060997,100.861000,101.001999,100.974998,101.060997,100.861000,101.001999,changed
2024-09-19 20:00:00+00:00,2026-10-05T11:14:49Z,100.633003,100.642998,100.611000,100.637001,100.637001,100.642998,100.611000,100.637001,changed
2024-09-20 01:00:00+00:00,2026-10-05T11:14:49Z,100.634003,100.646004,100.580002,100.630997,100.634003,100.646004,100.580002,100.632004,changed
2024-09-20 02:00:00+00:00,2026-10-05T11:14:49Z,100.638000,100.655998,100.595001,100.616997,100.633003,100.655998,100.595001,100.616997,changed
2024-09-20 05:00:00+00:00,2026-10-05T11:14:49Z,100.561996,100.615997,100.553001,100.578003,100.556000,100.615997,100.553001,100.578003,changed
2024-09-23 01:00:00+00:00,2026-10-05T11:14:49Z,100.789001,100.842003,100.782997,100.811996,100.789001,100.842003,100.781998,100.811996,changed
2024-09-23 14:00:00+00:00,2026-10-05T11:14:49Z,100.894997,101.011002,100.750999,100.807999,100.894997,101.011002,100.750999,100.830002,changed
2024-09-23 15:00:00+00:00,2026-10-05T11:14:49Z,100.806999,100.887001,100.763000,100.806000,100.787003,100.887001,100.763000,100.806000,changed
2024-09-25 11:00:00+00:00,2026-10-05T11:14:49Z,100.487000,100.528999,100.430000,100.435997,100.487000,100.528999,100.430000,100.434998,changed
2024-09-25 12:00:00+00:00,2026-10-05T11:14:49Z,100.435997,100.461998,100.343002,100.405998,100.440002,100.461998,100.343002,100.405998,changed
2024-09-03 05:00:00+00:00,2026-10-05T11:48:47Z,101.769997,101.773003,101.709000,101.714996,101.769997,101.772003,101.709000,101.714996,changed
2024-09-04 02:00:00+00:00,2026-10-05T11:48:47Z,101.688004,101.710999,101.652000,101.686996,101.688004,101.710999,101.653000,101.686996,changed
2024-09-04 15:00:00+00:00,2026-10-05T11:48:47Z,101.277000,101.405998,101.261002,101.373001,101.277000,101.405998,101.264999,101.373001,changed
2024-09-05 07:00:00+00:00,2026-10-05T11:48:47Z,101.244003,101.321999,101.230003,101.261002,101.244003,101.321999,101.231003,101.261002,changed
2024-09-06 15:00:00+00:00,2026-10-05T11:48:47Z,100.867996,101.220001,100.848999,101.157997,101.054001,101.220001,100.759003,101.157997,changed
2024-09-09 03:00:00+00:00,2026-10-05T11:48:47Z,101.265999,101.291000,101.244003,101.273003,101.265999,101.291000,101.242996,101.273003,changed
2024-09-09 16:00:00+00:00,2026-10-05T11:48:47Z,101.560997,101.563004,101.487000,101.500999,101.567001,101.567001,101.487000,101.500999,changed
2024-09-10 14:00:00+00:00,2026-10-05T11:48:47Z,101.745003,101.766998,101.692001,101.733002,101.745003,101.766998,101.691002,101.733002,changed
2024-09-10 15:00:00+00:00,2026-10-05T11:48:47Z,101.734001,101.740997,101.629997,101.639999,101.734001,101.741997,101.629997,101.639999,changed
2024-09-11 12:00:00+00:00,2026-10-05T11:48:47Z,101.426003,101.820000,101.405998,101.676003,101.426003,101.820000,101.405998,101.700996,changed
2024-09-11 13:00:00+00:00,2026-10-05T11:48:47Z,101.694000,101.739998,101.611000,101.708000,101.703003,101.739998,101.611000,101.708000,changed
2024-09-12 09:00:00+00:00,2026-10-05T11:48:47Z,101.748001,101.761002,101.709000,101.750000,101.748001,101.761002,101.709000,101.752998,changed
2024-09-12 10:00:00+00:00,2026-10-05T11:48:47Z,101.752998,101.760002,101.693001,101.700996,101.753998,101.760002,101.693001,101.700996,changed
2024-09-12 20:00:00+00:00,2026-10-05T11:48:47Z,101.275002,101.288002,101.224998,101.240997,101.275002,101.291000,101.224998,101.240997,changed
2024-09-16 12:00:00+00:00,2026-10-05T11:48:47Z,100.650002,100.764000,100.586998,100.690002,100.650002,100.764000,100.586998,100.693001,changed
2024-09-16 13:00:00+00:00,2026-10-05T11:48:47Z,100.689003,100.709999,100.602997,100.681000,100.692001,100.709999,100.602997,100.681000,changed
2024-09-17 01:00:00+00:00,2026-10-05T11:48:47Z,100.745003,100.746002,100.666000,100.679001,100.745003,100.746002,100.666000,100.681000,changed
2024-09-17 02:00:00+00:00,2026-10-05T11:48:47Z,100.674004,100.707001,100.664001,100.699997,100.681000,100.707001,100.664001,100.699997,changed
2024-09-17 15:00:00+00:00,2026-10-05T11:48:47Z,100.847000,100.947998,100.842003,100.931999,100.853996,100.947998,100.842003,100.931999,changed
2024-09-17 16:00:00+00:00,2026-10-05T11:48:47Z,100.939003,100.968002,100.904999,100.916000,100.931999,100.968002,100.904999,100.916000,changed
2024-09-18 14:00:00+00:00,2026-10-05T11:48:47Z,100.759003,100.959999,100.741997,100.903000,100.750000,100.959999,100.741997,100.903000,changed
2024-09-18 16:00:00+00:00,2026-10-05T11:48:47Z,100.917999,100.926003,100.848000,100.855003,100.931999,100.932999,100.848000,100.855003,changed
2024-09-19 06:00:00+00:00,2026-10-05T11:48:47Z,100.875000,100.882004,100.718002,100.718002,100.875000,100.884003,100.718002,100.718002,changed
2024-09-19 07:00:00+00:00,2026-10-05T11:48:47Z,100.716003,100.746002,100.648003,100.723000,100.716003,100.746002,100.648003,100.731003,changed
2024-09-19 08:00:00+00:00,2026-10-05T11:48:47Z,100.723999,100.755997,100.597000,100.639000,100.704002,100.755997,100.597000,100.639000,changed
2024-09-19 13:00:00+00:00,2026-10-05T11:48:47Z,100.974998,101.060997,100.861000,101.001999,101.000999,101.060997,100.861000,101.001999,changed
2024-09-19 20:00:00+00:00,2026-10-05T11:48:47Z,100.637001,100.642998,100.611000,100.637001,100.633003,100.642998,100.611000,100.637001,changed
2024-09-20 01:00:00+00:00,2026-10-05T11:48:47Z,100.634003,100.646004,100.580002,100.632004,100.634003,100.646004,100.580002,100.630997,changed
2024-09-20 02:00:00+00:00,2026-10-05T11:48:47Z,100.633003,100.655998,100.595001,100.616997,100.638000,100.655998,100.595001,100.616997,changed
2024-09-20 05:00:00+00:00,2026-10-05T11:48:47Z,100.556000,100.615997,100.553001,100.578003,100.561996,100.615997,100.553001,100.578003,changed
2024-09-23 01:00:00+00:00,2026-10-05T11:48:47Z,100.789001,100.842003,100.781998,100.811996,100.789001,100.842003,100.782997,100.811996,changed
2024-09-23 14:00:00+00:00,2026-10-05T11:48:47Z,100.894997,101.011002,100.750999,100.830002,100.894997,101.011002,100.750999,100.807999,changed
2024-09-23 15:00:00+00:00,2026-10-05T11:48:47Z,100.787003,100.887001,100.763000,100.806000,100.806999,100.887001,100.763000,100.806000,changed
2024-09-25 11:00:00+00:00,2026-10-05T11:48:47Z,100.487000,100.528999,100.430000,100.434998,100.487000,100.528999,100.430000,100.435997,changed
2024-09-25 12:00:00+00:00,2026-10-05T11:48:47Z,100.440002,100.461998,100.343002,100.405998,100.435997,100.461998,100.343002,100.405998,changed
2024-09-03 05:00:00+00:00,2026-10-05T12:19:05Z,101.769997,101.772003,101.709000,101.714996,101.769997,101.773003,101.709000,101.714996,changed
2024-09-04 02:00:00+00:00,2026-10-05T12:19:05Z,101.688004,101.710999,101.653000,101.686996,101.688004,101.710999,101.652000,101.686996,changed
2024-09-04 15:00:00+00:00,2026-10-05T12:19:05Z,101.277000,101.405998,101.264999,101.373001,101.277000,101.405998,101.261002,101.373001,changed
2024-09-05 07:00:00+00:00,2026-10-05T12:19:05Z,101.244003,101.321999,101.231003,101.261002,101.244003,101.321999,101.230003,101.261002,changed
2024-09-06 15:00:00+00:00,2026-10-05T12:19:05Z,101.054001,101.220001,100.759003,101.157997,100.867996,101.220001,100.848999,101.157997,changed
2024-09-09 03:00:00+00:00,2026-10-05T12:19:05Z,101.265999,101.291000,101.242996,101.273003,101.265999,101.291000,101.244003,101.273003,changed
2024-09-09 16:00:00+00:00,2026-10-05T12:19:05Z,101.567001,101.567001,101.487000,101.500999,101.560997,101.563004,101.487000,101.500999,changed
2024-09-10 14:00:00+00:00,2026-10-05T12:19:05Z,101.745003,101.766998,101.691002,101.733002,101.745003,101.766998,101.692001,101.733002,changed
2024-09-10 15:00:00+00:00,2026-10-05T12:19:05Z,101.734001,101.741997,101.629997,101.639999,101.734001,101.740997,101.629997,101.639999,changed
2024-09-11 12:00:00+00:00,2026-10-05T12:19:05Z,101.426003,101.820000,101.405998,101.700996,101.426003,101.820000,101.405998,101.676003,changed
2024-09-11 13:00:00+00:00,2026-10-05T12:19:05Z,101.703003,101.739998,101.611000,101.708000,101.694000,101.739998,101.611000,101.708000,changed
2024-09-12 09:00:00+00:00,2026-10-05T12:19:05Z,101.748001,101.761002,101.709000,101.752998,101.748001,101.761002,101.709000,101.750000,changed
2024-09-12 10:00:00+00:00,2026-10-05T12:19:05Z,101.753998,101.760002,101.693001,101.700996,101.752998,101.760002,101.693001,101.700996,changed
2024-09-12 20:00:00+00:00,2026-10-05T12:19:05Z,101.275002,101.291000,101.224998,101.240997,101.275002,101.288002,101.224998,101.240997,changed
2024-09-16 12:00:00+00:00,2026-10-05T12:19:05Z,100.650002,100.764000,100.586998,100.693001,100.650002,100.764000,100.586998,100.690002,changed
2024-09-16 13:00:00+00:00,2026-10-05T12:19:05Z,100.692001,100.709999,100.602997,100.681000,100.689003,100.709999,100.602997,100.681000,changed
2024-09-17 01:00:00+00:00,2026-10-05T12:19:05Z,100.745003,100.746002,100.666000,100.681000,100.745003,100.746002,100.666000,100.679001,changed
2024-09-17 02:00:00+00:00,2026-10-05T12:19:05Z,100.681000,100.707001,100.664001,100.699997,100.674004,100.707001,100.664001,100.699997,changed
2024-09-17 15:00:00+00:00,2026-10-05T12:19:05Z,100.853996,100.947998,100.842003,100.931999,100.847000,100.947998,100.842003,100.931999,changed
2024-09-17 16:00:00+00:00,2026-10-05T12:19:05Z,100.931999,100.968002,100.904999,100.916000,100.939003,100.968002,100.904999,100.916000,changed
2024-09-18 14:00:00+00:00,2026-10-05T12:19:05Z,100.750000,100.959999,100.741997,100.903000,100.759003,100.959999,100.741997,100.903000,changed
2024-09-18 16:00:00+00:00,2026-10-05T12:19:05Z,100.931999,100.932999,100.848000,100.855003,100.917999,100.926003,100.848000,100.855003,changed
2024-09-19 06:00:00+00:00,2026-10-05T12:19:05Z,100.875000,100.884003,100.718002,100.718002,100.875000,100.882004,100.718002,100.718002,changed
2024-09-19 07:00:00+00:00,2026-10-05T12:19:05Z,100.716003,100.746002,100.648003,100.731003,100.716003,100.746002,100.648003,100.723000,changed
2024-09-19 08:00:00+00:00,2026-10-05T12:19:05Z,100.704002,100.755997,100.597000,100.639000,100.723999,100.755997,100.597000,100.639000,changed
2024-09-19 13:00:00+00:00,2026-10-05T12:19:05Z,101.000999,101.060997,100.861000,101.001999,100.974998,101.060997,100.861000,101.001999,changed
2024-09-19 20:00:00+00:00,2026-10-05T12:19:05Z,100.633003,100.642998,100.611000,100.637001,100.637001,100.642998,100.611000,100.637001,changed
2024-09-20 01:00:00+00:00,2026-10-05T12:19:05Z,100.634003,100.646004,100.580002,100.630997,100.634003,100.646004,100.580002,100.632004,changed
2024-09-20 02:00:00+00:00,2026-10-05T12:19:05Z,100.638000,100.655998,100.595001,100.616997,100.633003,100.655998,100.595001,100.616997,changed
2024-09-20 05:00:00+00:00,2026-10-05T12:19:05Z,100.561996,100.615997,100.553001,100.578003,100.556000,100.615997,100.553001,100.578003,changed
2024-09-23 01:00:00+00:00,2026-10-05T12:19:05Z,100.789001,100.842003,100.782997,100.811996,100.789001,100.842003,100.781998,100.811996,changed
2024-09-23 14:00:00+00:00,2026-10-05T12:19:05Z,100.894997,101.011002,100.750999,100.807999,100.894997,101.011002,100.750999,100.830002,changed
2024-09-23 15:00:00+00:00,2026-10-05T12:19:05Z,100.806999,100.887001,100.763000,100.806000,100.787003,100.887001,100.763000,100.806000,changed
2024-09-25 11:00:00+00:00,2026-10-05T12:19:05Z,100.487000,100.528999,100.430000,100.435997,100.487000,100.528999,100.430000,100.434998,changed
2024-09-25 12:00:00+00:00,2026-10-05T12:19:05Z,100.435997,100.461998,100.343002,100.405998,100.440002,100.461998,100.343002,100.405998,changed
2024-09-03 05:00:00+00:00,2026-10-05T12:43:13Z,101.769997,101.773003,101.709000,101.714996,101.769997,101.772003,101.709000,101.714996,changed
2024-09-04 02:00:00+00:00,2026-10-05T12:43:13Z,101.688004,101.710999,101.652000,101.686996,101.688004,101.710999,101.653000,101.686996,changed
2024-09-04 15:00:00+00:00,2026-10-05T12:43:13Z,101.277000,101.405998,101.261002,101.373001,101.277000,101.405998,101.264999,101.373001,changed
2024-09-05 07:00:00+00:00,2026-10-05T12:43:13Z,101.244003,101.321999,101.230003,101.261002,101.244003,101.321999,101.231003,101.261002,changed
2024-09-06 15:00:00+00:00,2026-10-05T12:43:13Z,100.867996,101.220001,100.848999,101.157997,101.054001,101.220001,100.759003,101.157997,changed
2024-09-09 03:00:00+00:00,2026-10-05T12:43:13Z,101.265999,101.291000,101.244003,101.273003,101.265999,101.291000,101.242996,101.273003,changed
2024-09-09 16:00:00+00:00,2026-10-05T12:43:13Z,101.560997,101.563004,101.487000,101.500999,101.567001,101.567001,101.487000,101.500999,changed
2024-09-10 14:00:00+00:00,2026-10-05T12:43:13Z,101.745003,101.766998,101.692001,101.733002,101.745003,101.766998,101.691002,101.733002,changed
2024-09-10 15:00:00+00:00,2026-10-05T12:43:13Z,101.734001,101.740997,101.629997,101.639999,101.734001,101.741997,101.629997,101.639999,changed
2024-09-11 12:00:00+00:00,2026-10-05T12:43:13Z,101.426003,101.820000,101.405998,101.676003,101.426003,101.820000,101.405998,101.700996,changed
2024-09-11 13:00:00+00:00,2026-10-05T12:43:13Z,101.694000,101.739998,101.611000,101.708000,101.703003,101.739998,101.611000,101.708000,changed
2024-09-12 09:00:00+00:00,2026-10-05T12:43:13Z,101.748001,101.761002,101.709000,101.750000,101.748001,101.761002,101.709000,101.752998,changed
2024-09-12 10:00:00+00:00,2026-10-05T12:43:13Z,101.752998,101.760002,101.693001,101.700996,101.753998,101.760002,101.693001,101.700996,changed
2024-09-12 20:00:00+00:00,2026-10-05T12:43:13Z,101.275002,101.288002,101.224998,101.240997,101.275002,101.291000,101.224998,101.240997,changed
2024-09-16 12:00:00+00:00,2026-10-05T12:43:13Z,100.650002,100.764000,100.586998,100.690002,100.650002,100.764000,100.586998,100.693001,changed
2024-09-16 13:00:00+00:00,2026-10-05T12:43:13Z,100.689003,100.709999,100.602997,100.681000,100.692001,100.709999,100.602997,100.681000,changed
2024-09-17 01:00:00+00:00,2026-10-05T12:43:13Z,100.745003,100.746002,100.666000,100.679001,100.745003,100.746002,100.666000,100.681000,changed
2024-09-17 02:00:00+00:00,2026-10-05T12:43:13Z,100.674004,100.707001,100.664001,100.699997,100.681000,100.707001,100.664001,100.699997,changed
2024-09-17 15:00:00+00:00,2026-10-05T12:43:13Z,100.847000,100.947998,100.842003,100.931999,100.853996,100.947998,100.842003,100.931999,changed
2024-09-17 16:00:00+00:00,2026-10-05T12:43:13Z,100.939003,100.968002,100.904999,100.916000,100.931999,100.968002,100.904999,100.916000,changed
2024-09-18 14:00:00+00:00,2026-10-05T12:43:13Z,100.759003,100.959999,100.741997,100.903000,100.750000,100.959999,100.741997,100.903000,changed
2024-09-18 16:00:00+00:00,2026-10-05T12:43:13Z,100.917999,100.926003,100.848000,100.855003,100.931999,100.932999,100.848000,100.855003,changed
2024-09-19 06:00:00+00:00,2026-10-05T12:43:13Z,100.875000,100.882004,100.718002,100.718002,100.875000,100.884003,100.718002,100.718002,changed
2024-09-19 07:00:00+00:00,2026-10-05T12:43:13Z,100.716003,100.746002,100.648003,100.723000,100.716003,100.746002,100.648003,100.731003,changed
2024-09-19 08:00:00+00:00,2026-10-05T12:43:13Z,100.723999,100.755997,100.597000,100.639000,100.704002,100.755997,100.597000,100.639000,changed
2024-09-19 13:00:00+00:00,2026-10-05T12:43:13Z,100.974998,101.060997,100.861000,101.001999,101.000999,101.060997,100.861000,101.001999,changed
2024-09-19 20:00:00+00:00,2026-10-05T12:43:13Z,100.637001,100.642998,100.611000,100.637001,100.633003,100.642998,100.611000,100.637001,changed
2024-09-20 01:00:00+00:00,2026-10-05T12:43:13Z,100.634003,100.646004,100.580002,100.632004,100.634003,100.646004,100.580002,100.630997,changed
2024-09-20 02:00:00+00:00,2026-10-05T12:43:13Z,100.633003,100.655998,100.595001,100.616997,100.638000,100.655998,100.595001,100.616997,changed
2024-09-20 05:00:00+00:00,2026-10-05T12:43:13Z,100.556000,100.615997,100.553001,100.578003,100.561996,100.615997,100.553001,100.578003,changed
2024-09-23 01:00:00+00:00,2026-10-05T12:43:13Z,100.789001,100.842003,100.781998,100.811996,100.789001,100.842003,100.782997,100.811996,changed
2024-09-23 14:00:00+00:00,2026-10-05T12:43:13Z,100.894997,101.011002,100.750999,100.830002,100.894997,101.011002,100.750999,100.807999,changed
2024-09-23 15:00:00+00:00,2026-10-05T12:43:13Z,100.787003,100.887001,100.763000,100.806000,100.806999,100.887001,100.763000,100.806000,changed
2024-09-25 11:00:00+00:00,2026-10-05T12:43:13Z,100.487000,100.528999,100.430000,100.434998,100.487000,100.528999,100.430000,100.435997,changed
2024-09-25 12:00:00+00:00,2026-10-05T12:43:13Z,100.440002,100.461998,100.343002,100.405998,100.435997,100.461998,100.343002,100.405998,changed
2024-09-03 05:00:00+00:00,2026-10-05T13:26:20Z,101.769997,101.772003,101.709000,101.714996,101.769997,101.773003,101.709000,101.714996,changed
2024-09-04 02:00:00+00:00,2026-10-05T13:26:20Z,101.688004,101.710999,101.653000,101.686996,101.688004,101.710999,101.652000,101.686996,changed
2024-09-04 15:00:00+00:00,2026-10-05T13:26:20Z,101.277000,101.405998,101.264999,101.373001,101.277000,101.405998,101.261002,101.373001,changed
2024-09-05 07:00:00+00:00,2026-10-05T13:26:20Z,101.244003,101.321999,101.231003,101.261002,101.244003,101.321999,101.230003,101.261002,changed
2024-09-06 15:00:00+00:00,2026-10-05T13:26:20Z,101.054001,101.220001,100.759003,101.157997,100.867996,101.220001,100.848999,101.157997,changed
2024-09-09 03:00:00+00:00,2026-10-05T13:26:20Z,101.265999,101.291000,101.242996,101.273003,101.265999,101.291000,101.244003,101.273003,changed
2024-09-09 16:00:00+00:00,2026-10-05T13:26:20Z,101.567001,101.567001,101.487000,101.500999,101.560997,101.563004,101.487000,101.500999,changed
2024-09-10 14:00:00+00:00,2026-10-05T13:26:20Z,101.745003,101.766998,101.691002,101.733002,101.745003,101.766998,101.692001,101.733002,changed
2024-09-10 15:00:00+00:00,2026-10-05T13:26:20Z,101.734001,101.741997,101.629997,101.639999,101.734001,101.740997,101.629997,101.639999,changed
2024-09-11 12:00:00+00:00,2026-10-05T13:26:20Z,101.426003,101.820000,101.405998,101.700996,101.426003,101.820000,101.405998,101.676003,changed
2024-09-11 13:00:00+00:00,2026-10-05T13:26:20Z,101.703003,101.739998,101.611000,101.708000,101.694000,101.739998,101.611000,101.708000,changed
2024-09-12 09:00:00+00:00,2026-10-05T13:26:20Z,101.748001,101.761002,101.709000,101.752998,101.748001,101.761002,101.709000,101.750000,changed
2024-09-12 10:00:00+00:00,2026-10-05T13:26:20Z,101.753998,101.760002,101.693001,101.700996,101.752998,101.760002,101.693001,101.700996,changed
2024-09-12 20:00:00+00:00,2026-10-05T13:26:20Z,101.275002,101.291000,101.224998,101.240997,101.275002,101.288002,101.224998,101.240997,changed
2024-09-16 12:00:00+00:00,2026-10-05T13:26:20Z,100.650002,100.764000,100.586998,100.693001,100.650002,100.764000,100.586998,100.690002,changed
2024-09-16 13:00:00+00:00,2026-10-05T13:26:20Z,100.692001,100.709999,100.602997,100.681000,100.689003,100.709999,100.602997,100.681000,changed
2024-09-17 01:00:00+00:00,2026-10-05T13:26:20Z,100.745003,100.746002,100.666000,100.681000,100.745003,100.746002,100.666000,100.679001,changed
2024-09-17 02:00:00+00:00,2026-10-05T13:26:20Z,100.681000,100.707001,100.664001,100.699997,100.674004,100.707001,100.664001,100.699997,changed
2024-09-17 15:00:00+00:00,2026-10-05T13:26:20Z,100.853996,100.947998,100.842003,100.931999,100.847000,100.947998,100.842003,100.931999,changed
2024-09-17 16:00:00+00:00,2026-10-05T13:26:20Z,100.931999,100.968002,100.904999,100.916000,100.939003,100.968002,100.904999,100.916000,changed
2024-09-18 14:00:00+00:00,2026-10-05T13:26:20Z,100.750000,100.959999,100.741997,100.903000,100.759003,100.959999,100.741997,100.903000,changed
2024-09-18 16:00:00+00:00,2026-10-05T13:26:20Z,100.931999,100.932999,100.848000,100.855003,100.917999,100.926003,100.848000,100.855003,changed
2024-09-19 06:00:00+00:00,2026-10-05T13:26:20Z,100.875000,100.884003,100.718002,100.718002,100.875000,100.882004,100.718002,100.718002,changed
2024-09-19 07:00:00+00:00,2026-10-05T13:26:20Z,100.716003,100.746002,100.648003,100.731003,100.716003,100.746002,100.648003,100.723000,changed
2024-09-19 08:00:00+00:00,2026-10-05T13:26:20Z,100.704002,100.755997,100.597000,100.639000,100.723999,100.755997,100.597000,100.639000,changed
2024-09-19 13:00:00+00:00,2026-10-05T13:26:20Z,101.000999,101.060997,100.861000,101.001999,100.974998,101.060997,100.861000,101.001999,changed
2024-09-19 20:00:00+00:00,2026-10-05T13:26:20Z,100.633003,100.642998,100.611000,100.637001,100.637001,100.642998,100.611000,100.637001,changed
2024-09-20 01:00:00+00:00,2026-10-05T13:26:20Z,100.634003,100.646004,100.580002,100.630997,100.634003,100.646004,100.580002,100.632004,changed
2024-09-20 02:00:00+00:00,2026-10-05T13:26:20Z,100.638000,100.655998,100.595001,100.616997,100.633003,100.655998,100.595001,100.616997,changed
2024-09-20 05:00:00+00:00,2026-10-05T13:26:20Z,100.561996,100.615997,100.553001,100.578003,100.556000,100.615997,100.553001,100.578003,changed
2024-09-23 01:00:00+00:00,2026-10-05T13:26:20Z,100.789001,100.842003,100.782997,100.811996,100.789001,100.842003,100.781998,100.811996,changed
2024-09-23 14:00:00+00:00,2026-10-05T13:26:20Z,100.894997,101.011002,100.750999,100.807999,100.894997,101.011002,100.750999,100.830002,changed
2024-09-23 15:00:00+00:00,2026-10-05T13:26:20Z,100.806999,100.887001,100.763000,100.806000,100.787003,100.887001,100.763000,100.806000,changed
2024-09-25 11:00:00+00:00,2026-10-05T13:26:20Z,100.487000,100.528999,100.430000,100.435997,100.487000,100.528999,100.430000,100.434998,changed
2024-09-25 12:00:00+00:00,2026-10-05T13:26:20Z,100.435997,100.461998,100.343002,100.405998,100.440002,100.461998,100.343002,100.405998,changed
2024-09-03 05:00:00+00:00,2026-10-05T14:21:32Z,101.769997,101.773003,101.709000,101.714996,101.769997,101.772003,101.709000,101.714996,changed
2024-09-04 02:00:00+00:00,2026-10-05T14:21:32Z,101.688004,101.710999,101.652000,101.686996,101.688004,101.710999,101.653000,101.686996,changed
2024-09-04 15:00:00+00:00,2026-10-05T14:21:32Z,101.277000,101.405998,101.261002,101.373001,101.277000,101.405998,101.264999,101.373001,changed
2024-09-05 07:00:00+00:00,2026-10-05T14:21:32Z,101.244003,101.321999,101.230003,101.261002,101.244003,101.321999,101.231003,101.261002,changed
2024-09-06 15:00:00+00:00,2026-10-05T14:21:32Z,100.867996,101.220001,100.848999,101.157997,101.054001,101.220001,100.759003,101.157997,changed
2024-09-09 03:00:00+00:00,2026-10-05T14:21:32Z,101.265999,101.291000,101.244003,101.273003,101.265999,101.291000,101.242996,101.273003,changed
2024-09-09 16:00:00+00:00,2026-10-05T14:21:32Z,101.560997,101.563004,101.487000,101.500999,101.567001,101.567001,101.487000,101.500999,changed
2024-09-10 14:00:00+00:00,2026-10-05T14:21:32Z,101.745003,101.766998,101.692001,101.733002,101.745003,101.766998,101.691002,101.733002,changed
2024-09-10 15:00:00+00:00,2026-10-05T14:21:32Z,101.734001,101.740997,101.629997,101.639999,101.734001,101.741997,101.629997,101.639999,changed
2024-09-11 12:00:00+00:00,2026-10-05T14:21:32Z,101.426003,101.820000,101.405998,101.676003,101.426003,101.820000,101.405998,101.700996,changed
2024-09-11 13:00:00+00:00,2026-10-05T14:21:32Z,101.694000,101.739998,101.611000,101.708000,101.703003,101.739998,101.611000,101.708000,changed
2024-09-12 09:00:00+00:00,2026-10-05T14:21:32Z,101.748001,101.761002,101.709000,101.750000,101.748001,101.761002,101.709000,101.752998,changed
2024-09-12 10:00:00+00:00,2026-10-05T14:21:32Z,101.752998,101.760002,101.693001,101.700996,101.753998,101.760002,101.693001,101.700996,changed
2024-09-12 20:00:00+00:00,2026-10-05T14:21:32Z,101.275002,101.288002,101.224998,101.240997,101.275002,101.291000,101.224998,101.240997,changed
2024-09-16 12:00:00+00:00,2026-10-05T14:21:32Z,100.650002,100.764000,100.586998,100.690002,100.650002,100.764000,100.586998,100.693001,changed
2024-09-16 13:00:00+00:00,2026-10-05T14:21:32Z,100.689003,100.709999,100.602997,100.681000,100.692001,100.709999,100.602997,100.681000,changed
2024-09-17 01:00:00+00:00,2026-10-05T14:21:32Z,100.745003,100.746002,100.666000,100.679001,100.745003,100.746002,100.666000,100.681000,changed
2024-09-17 02:00:00+00:00,2026-10-05T14:21:32Z,100.674004,100.707001,100.664001,100.699997,100.681000,100.707001,100.664001,100.699997,changed
2024-09-17 15:00:00+00:00,2026-10-05T14:21:32Z,100.847000,100.947998,100.842003,100.931999,100.853996,100.947998,100.842003,100.931999,changed
2024-09-17 16:00:00+00:00,2026-10-05T14:21:32Z,100.939003,100.968002,100.904999,100.916000,100.931999,100.968002,100.904999,100.916000,changed
2024-09-18 14:00:00+00:00,2026-10-05T14:21:32Z,100.759003,100.959999,100.741997,100.903000,100.750000,100.959999,100.741997,100.903000,changed
2024-09-18 16:00:00+00:00,2026-10-05T14:21:32Z,100.917999,100.926003,100.848000,100.855003,100.931999,100.932999,100.848000,100.855003,changed
2024-09-19 06:00:00+00:00,2026-10-05T14:21:32Z,100.875000,100.882004,100.718002,100.718002,100.875000,100.884003,100.718002,100.718002,changed
2024-09-19 07:00:00+00:00,2026-10-05T14:21:32Z,100.716003,100.746002,100.648003,100.723000,100.716003,100.746002,100.648003,100.731003,changed
2024-09-19 08:00:00+00:00,2026-10-05T14:21:32Z,100.723999,100.755997,100.597000,100.639000,100.704002,100.755997,100.597000,100.639000,changed
2024-09-19 13:00:00+00:00,2026-10-05T14:21:32Z,100.974998,101.060997,100.861000,101.001999,101.000999,101.060997,100.861000,101.001999,changed
2024-09-19 20:00:00+00:00,2026-10-05T14:21:32Z,100.637001,100.642998,100.611000,100.637001,100.633003,100.642998,100.611000,100.637001,changed
2024-09-20 01:00:00+00:00,2026-10-05T14:21:32Z,100.634003,100.646004,100.580002,100.632004,100.634003,100.646004,100.580002,100.630997,changed
2024-09-20 02:00:00+00:00,2026-10-05T14:21:32Z,100.633003,100.655998,100.595001,100.616997,100.638000,100.655998,100.595001,100.616997,changed
2024-09-20 05:00:00+00:00,2026-10-05T14:21:32Z,100.556000,100.615997,100.553001,100.578003,100.561996,100.615997,100.553001,100.578003,changed
2024-09-23 01:00:00+00:00,2026-10-05T14:21:32Z,100.789001,100.842003,100.781998,100.811996,100.789001,100.842003,100.782997,100.811996,changed
2024-09-23 14:00:00+00:00,2026-10-05T14:21:32Z,100.894997,101.011002,100.750999,100.830002,100.894997,101.011002,100.750999,100.807999,changed
2024-09-23 15:00:00+00:00,2026-10-05T14:21:32Z,100.787003,100.887001,100.763000,100.806000,100.806999,100.887001,100.763000,100.806000,changed
2024-09-25 11:00:00+00:00,2026-10-05T14:21:32Z,100.487000,100.528999,100.430000,100.434998,100.487000,100.528999,100.430000,100.435997,changed
2024-09-25 12:00:00+00:00,2026-10-05T14:21:32Z,100.440002,100.461998,100.343002,100.405998,100.435997,100.461998,100.343002,100.405998,changed
2024-09-03 05:00:00+00:00,2026-10-05T14:46:26Z,101.769997,101.772003,101.709000,101.714996,101.769997,101.773003,101.709000,101.714996,changed
2024-09-04 02:00:00+00:00,2026-10-05T14:46:26Z,101.688004,101.710999,101.653000,101.686996,101.688004,101.710999,101.652000,101.686996,changed
2024-09-04 15:00:00+00:00,2026-10-05T14:46:26Z,101.277000,101.405998,101.264999,101.373001,101.277000,101.405998,101.261002,101.373001,changed
2024-09-05 07:00:00+00:00,2026-10-05T14:46:26Z,101.244003,101.321999,101.231003,101.261002,101.244003,101.321999,101.230003,101.261002,changed
2024-09-06 15:00:00+00:00,2026-10-05T14:46:26Z,101.054001,101.220001,100.759003,101.157997,100.867996,101.220001,100.848999,101.157997,changed
2024-09-09 03:00:00+00:00,2026-10-05T14:46:26Z,101.265999,101.291000,101.242996,101.273003,101.265999,101.291000,101.244003,101.273003,changed
2024-09-09 16:00:00+00:00,2026-10-05T14:46:26Z,101.567001,101.567001,101.487000,101.500999,101.560997,101.563004,101.487000,101.500999,changed
2024-09-10 14:00:00+00:00,2026-10-05T14:46:26Z,101.745003,101.766998,101.691002,101.733002,101.745003,101.766998,101.692001,101.733002,changed
2024-09-10 15:00:00+00:00,2026-10-05T14:46:26Z,101.734001,101.741997,101.629997,101.639999,101.734001,101.740997,101.629997,101.639999,changed
2024-09-11 12:00:00+00:00,2026-10-05T14:46:26Z,101.426003,101.820000,101.405998,101.700996,101.426003,101.820000,101.405998,101.676003,changed
2024-09-11 13:00:00+00:00,2026-10-05T14:46:26Z,101.703003,101.739998,101.611000,101.708000,101.694000,101.739998,101.611000,101.708000,changed
2024-09-12 09:00:00+00:00,2026-10-05T14:46:26Z,101.748001,101.761002,101.709000,101.752998,101.748001,101.761002,101.709000,101.750000,changed
2024-09-12 10:00:00+00:00,2026-10-05T14:46:26Z,101.753998,101.760002,101.693001,101.700996,101.752998,101.760002,101.693001,101.700996,changed
2024-09-12 20:00:00+00:00,2026-10-05T14:46:26Z,101.275002,101.291000,101.224998,101.240997,101.275002,101.288002,101.224998,101.240997,changed
2024-09-16 12:00:00+00:00,2026-10-05T14:46:26Z,100.650002,100.764000,100.586998,100.693001,100.650002,100.764000,100.586998,100.690002,changed
2024-09-16 13:00:00+00:00,2026-10-05T14:46:26Z,100.692001,100.709999,100.602997,100.681000,100.689003,100.709999,100.602997,100.681000,changed
2024-09-17 01:00:00+00:00,2026-10-05T14:46:26Z,100.745003,100.746002,100.666000,100.681000,100.745003,100.746002,100.666000,100.679001,changed
2024-09-17 02:00:00+00:00,2026-10-05T14:46:26Z,100.681000,100.707001,100.664001,100.699997,100.674004,100.707001,100.664001,100.699997,changed
2024-09-17 15:00:00+00:00,2026-10-05T14:46:26Z,100.853996,100.947998,100.842003,100.931999,100.847000,100.947998,100.842003,100.931999,changed
2024-09-17 16:00:00+00:00,2026-10-05T14:46:26Z,100.931999,100.968002,100.904999,100.916000,100.939003,100.968002,100.904999,100.916000,changed
2024-09-18 14:00:00+00:00,2026-10-05T14:46:26Z,100.750000,100.959999,100.741997,100.903000,100.759003,100.959999,100.741997,100.903000,changed
2024-09-18 16:00:00+00:00,2026-10-05T14:46:26Z,100.931999,100.932999,100.848000,100.855003,100.917999,100.926003,100.848000,100.855003,changed
2024-09-19 06:00:00+00:00,2026-10-05T14:46:26Z,100.875000,100.884003,100.718002,100.718002,100.875000,100.882004,100.718002,100.718002,changed
2024-09-19 07:00:00+00:00,2026-10-05T14:46:26Z,100.716003,100.746002,100.648003,100.731003,100.716003,100.746002,100.648003,100.723000,changed
2024-09-19 08:00:00+00:00,2026-10-05T14:46:26Z,100.704002,100.755997,100.597000,100.639000,100.723999,100.755997,100.597000,100.639000,changed
2024-09-19 13:00:00+00:00,2026-10-05T14:46:26Z,101.000999,101.060997,100.861000,101.001999,100.974998,101.060997,100.861000,101.001999,changed
2024-09-19 20:00:00+00:00,2026-10-05T14:46:26Z,100.633003,100.642998,100.611000,100.637001,100.637001,100.642998,100.611000,100.637001,changed
2024-09-20 01:00:00+00:00,2026-10-05T14:46:26Z,100.634003,100.646004,100.580002,100.630997,100.634003,100.646004,100.580002,100.632004,changed
2024-09-20 02:00:00+00:00,2026-10-05T14:46:26Z,100.638000,100.655998,100.595001,100.616997,100.633003,100.655998,100.595001,100.616997,changed
2024-09-20 05:00:00+00:00,2026-10-05T14:46:26Z,100.561996,100.615997,100.553001,100.578003,100.556000,100.615997,100.553001,100.578003,changed
2024-09-23 01:00:00+00:00,2026-10-05T14:46:26Z,100.789001,100.842003,100.782997,100.811996,100.789001,100.842003,100.781998,100.811996,changed
2024-09-23 14:00:00+00:00,2026-10-05T14:46:26Z,100.894997,101.011002,100.750999,100.807999,100.894997,101.011002,100.750999,100.830002,changed
2024-09-23 15:00:00+00:00,2026-10-05T14:46:26Z,100.806999,100.887001,100.763000,100.806000,100.787003,100.887001,100.763000,100.806000,changed
2024-09-25 11:00:00+00:00,2026-10-05T14:46:26Z,100.487000,100.528999,100.430000,100.435997,100.487000,100.528999,100.430000,100.434998,changed
2024-09-25 12:00:00+00:00,2026-10-05T14:46:26Z,100.435997,100.461998,100.343002,100.405998,100.440002,100.461998,100.343002,100.405998,changed
2024-09-03 05:00:00+00:00,2026-10-05T15:58:06Z,101.769997,101.773003,101.709000,101.714996,101.769997,101.772003,101.709000,101.714996,changed
2024-09-04 02:00:00+00:00,2026-10-05T15:58:06Z,101.688004,101.710999,101.652000,101.686996,101.688004,101.710999,101.653000,101.686996,changed
2024-09-04 15:00:00+00:00,2026-10-05T15:58:06Z,101.277000,101.405998,101.261002,101.373001,101.277000,101.405998,101.264999,101.373001,changed
2024-09-05 07:00:00+00:00,2026-10-05T15:58:06Z,101.244003,101.321999,101.230003,101.261002,101.244003,101.321999,101.231003,101.261002,changed
2024-09-06 15:00:00+00:00,2026-10-05T15:58:06Z,100.867996,101.220001,100.848999,101.157997,101.054001,101.220001,100.759003,101.157997,changed
2024-09-09 03:00:00+00:00,2026-10-05T15:58:06Z,101.265999,101.291000,101.244003,101.273003,101.265999,101.291000,101.242996,101.273003,changed
2024-09-09 16:00:00+00:00,2026-10-05T15:58:06Z,101.560997,101.563004,101.487000,101.500999,101.567001,101.567001,101.487000,101.500999,changed
2024-09-10 14:00:00+00:00,2026-10-05T15:58:06Z,101.745003,101.766998,101.692001,101.733002,101.745003,101.766998,101.691002,101.733002,changed
2024-09-10 15:00:00+00:00,2026-10-05T15:58:06Z,101.734001,101.740997,101.629997,101.639999,101.734001,101.741997,101.629997,101.639999,changed
2024-09-11 12:00:00+00:00,2026-10-05T15:58:06Z,101.426003,101.820000,101.405998,101.676003,101.426003,101.820000,101.405998,101.700996,changed
2024-09-11 13:00:00+00:00,2026-10-05T15:58:06Z,101.694000,101.739998,101.611000,101.708000,101.703003,101.739998,101.611000,101.708000,changed
2024-09-12 09:00:00+00:00,2026-10-05T15:58:06Z,101.748001,101.761002,101.709000,101.750000,101.748001,101.761002,101.709000,101.752998,changed
2024-09-12 10:00:00+00:00,2026-10-05T15:58:06Z,101.752998,101.760002,101.693001,101.700996,101.753998,101.760002,101.693001,101.700996,changed
2024-09-12 20:00:00+00:00,2026-10-05T15:58:06Z,101.275002,101.288002,101.224998,101.240997,101.275002,101.291000,101.224998,101.240997,changed
2024-09-16 12:00:00+00:00,2026-10-05T15:58:06Z,100.650002,100.764000,100.586998,100.690002,100.650002,100.764000,100.586998,100.693001,changed
2024-09-16 13:00:00+00:00,2026-10-05T15:58:06Z,100.689003,100.709999,100.602997,100.681000,100.692001,100.709999,100.602997,100.681000,changed
2024-09-17 01:00:00+00:00,2026-10-05T15:58:06Z,100.745003,100.746002,100.666000,100.679001,100.745003,100.746002,100.666000,100.681000,changed
2024-09-17 02:00:00+00:00,2026-10-05T15:58:06Z,100.674004,100.707001,100.664001,100.699997,100.681000,100.707001,100.664001,100.699997,changed
2024-09-17 15:00:00+00:00,2026-10-05T15:58:06Z,100.847000,100.947998,100.842003,100.931999,100.853996,100.947998,100.842003,100.931999,changed
2024-09-17 16:00:00+00:00,2026-10-05T15:58:06Z,100.939003,100.968002,100.904999,100.916000,100.931999,100.968002,100.904999,100.916000,changed
2024-09-18 14:00:00+00:00,2026-10-05T15:58:06Z,100.759003,100.959999,100.741997,100.903000,100.750000,100.959999,100.741997,100.903000,changed
2024-09-18 16:00:00+00:00,2026-10-05T15:58:06Z,100.917999,100.926003,100.848000,100.855003,100.931999,100.932999,100.848000,100.855003,changed
2024-09-19 06:00:00+00:00,2026-10-05T15:58:06Z,100.875000,100.882004,100.718002,100.718002,100.875000,100.884003,100.718002,100.718002,changed
2024-09-19 07:00:00+00:00,2026-10-05T15:58:06Z,100.716003,100.746002,100.648003,100.723000,100.716003,100.746002,100.648003,100.731003,changed
2024-09-19 08:00:00+00:00,2026-10-05T15:58:06Z,100.723999,100.755997,100.597000,100.639000,100.704002,100.755997,100.597000,100.639000,changed
2024-09-19 13:00:00+00:00,2026-10-05T15:58:06Z,100.974998,101.060997,100.861000,101.001999,101.000999,101.060997,100.861000,101.001999,changed
2024-09-19 20:00:00+00:00,2026-10-05T15:58:06Z,100.637001,100.642998,100.611000,100.637001,100.633003,100.642998,100.611000,100.637001,changed
2024-09-20 01:00:00+00:00,2026-10-05T15:58:06Z,100.634003,100.646004,100.580002,100.632004,100.634003,100.646004,100.580002,100.630997,changed
2024-09-20 02:00:00+00:00,2026-10-05T15:58:06Z,100.633003,100.655998,100.595001,100.616997,100.638000,100.655998,100.595001,100.616997,changed
2024-09-20 05:00:00+00:00,2026-10-05T15:58:06Z,100.556000,100.615997,100.553001,100.578003,100.561996,100.615997,100.553001,100.578003,changed
2024-09-23 01:00:00+00:00,2026-10-05T15:58:06Z,100.789001,100.842003,100.781998,100.811996,100.789001,100.842003,100.782997,100.811996,changed
2024-09-23 14:00:00+00:00,2026-10-05T15:58:06Z,100.894997,101.011002,100.750999,100.830002,100.894997,101.011002,100.750999,100.807999,changed
2024-09-23 15:00:00+00:00,2026-10-05T15:58:06Z,100.787003,100.887001,100.763000,100.806000,100.806999,100.887001,100.763000,100.806000,changed
2024-09-25 11:00:00+00:00,2026-10-05T15:58:06Z,100.487000,100.528999,100.430000,100.434998,100.487000,100.528999,100.430000,100.435997,changed
2024-09-25 12:00:00+00:00,2026-10-05T15:58:06Z,100.440002,100.461998,100.343002,100.405998,100.435997,100.461998,100.343002,100.405998,changed
2024-09-03 05:00:00+00:00,2026-10-05T18:35:37Z,101.769997,101.772003,101.709000,101.714996,101.769997,101.773003,101.709000,101.714996,changed
2024-09-04 02:00:00+00:00,2026-10-05T18:35:37Z,101.688004,101.710999,101.653000,101.686996,101.688004,101.710999,101.652000,101.686996,changed
2024-09-04 15:00:00+00:00,2026-10-05T18:35:37Z,101.277000,101.405998,101.264999,101.373001,101.277000,101.405998,101.261002,101.373001,changed
2024-09-05 07:00:00+00:00,2026-10-05T18:35:37Z,101.244003,101.321999,101.231003,101.261002,101.244003,101.321999,101.230003,101.261002,changed
2024-09-06 15:00:00+00:00,2026-10-05T18:35:37Z,101.054001,101.220001,100.759003,101.157997,100.867996,101.220001,100.848999,101.157997,changed
2024-09-09 03:00:00+00:00,2026-10-05T18:35:37Z,101.265999,101.291000,101.242996,101.273003,101.265999,101.291000,101.244003,101.273003,changed
2024-09-09 16:00:00+00:00,2026-10-05T18:35:37Z,101.567001,101.567001,101.487000,101.500999,101.560997,101.563004,101.487000,101.500999,changed
2024-09-10 14:00:00+00:00,2026-10-05T18:35:37Z,101.745003,101.766998,101.691002,101.733002,101.745003,101.766998,101.692001,101.733002,changed
2024-09-10 15:00:00+00:00,2026-10-05T18:35:37Z,101.734001,101.741997,101.629997,101.639999,101.734001,101.740997,101.629997,101.639999,changed
2024-09-11 12:00:00+00:00,2026-10-05T18:35:37Z,101.426003,101.820000,101.405998,101.700996,101.426003,101.820000,101.405998,101.676003,changed
2024-09-11 13:00:00+00:00,2026-10-05T18:35:37Z,101.703003,101.739998,101.611000,101.708000,101.694000,101.739998,101.611000,101.708000,changed
2024-09-12 09:00:00+00:00,2026-10-05T18:35:37Z,101.748001,101.761002,101.709000,101.752998,101.748001,101.761002,101.709000,101.750000,changed
2024-09-12 10:00:00+00:00,2026-10-05T18:35:37Z,101.753998,101.760002,101.693001,101.700996,101.752998,101.760002,101.693001,101.700996,changed
2024-09-12 20:00:00+00:00,2026-10-05T18:35:37Z,101.275002,101.291000,101.224998,101.240997,101.275002,101.288002,101.224998,101.240997,changed
2024-09-16 12:00:00+00:00,2026-10-05T18:35:37Z,100.650002,100.764000,100.586998,100.693001,100.650002,100.764000,100.586998,100.690002,changed
2024-09-16 13:00:00+00:00,2026-10-05T18:35:37Z,100.692001,100.709999,100.602997,100.681000,100.689003,100.709999,100.602997,100.681000,changed
2024-09-17 01:00:00+00:00,2026-10-05T18:35:37Z,100.745003,100.746002,100.666000,100.681000,100.745003,100.746002,100.666000,100.679001,changed
2024-09-17 02:00:00+00:00,2026-10-05T18:35:37Z,100.681000,100.707001,100.664001,100.699997,100.674004,100.707001,100.664001,100.699997,changed
2024-09-17 15:00:00+00:00,2026-10-05T18:35:37Z,100.853996,100.947998,100.842003,100.931999,100.847000,100.947998,100.842003,100.931999,changed
2024-09-17 16:00:00+00:00,2026-10-05T18:35:37Z,100.931999,100.968002,100.904999,100.916000,100.939003,100.968002,100.904999,100.916000,changed
2024-09-18 14:00:00+00:00,2026-10-05T18:35:37Z,100.750000,100.959999,100.741997,100.903000,100.759003,100.959999,100.741997,100.903000,changed
2024-09-18 16:00:00+00:00,2026-10-05T18:35:37Z,100.931999,100.932999,100.848000,100.855003,100.917999,100.926003,100.848000,100.855003,changed
2024-09-19 06:00:00+00:00,2026-10-05T18:35:37Z,100.875000,100.884003,100.718002,100.718002,100.875000,100.882004,100.718002,100.718002,changed
2024-09-19 07:00:00+00:00,2026-10-05T18:35:37Z,100.716003,100.746002,100.648003,100.731003,100.716003,100.746002,100.648003,100.723000,changed
2024-09-19 08:00:00+00:00,2026-10-05T18:35:37Z,100.704002,100.755997,100.597000,100.639000,100.723999,100.755997,100.597000,100.639000,changed
2024-09-19 13:00:00+00:00,2026-10-05T18:35:37Z,101.000999,101.060997,100.861000,101.001999,100.974998,101.060997,100.861000,101.001999,changed
2024-09-19 20:00:00+00:00,2026-10-05T18:35:37Z,100.633003,100.642998,100.611000,100.637001,100.637001,100.642998,100.611000,100.637001,changed
2024-09-20 01:00:00+00:00,2026-10-05T18:35:37Z,100.634003,100.646004,100.580002,100.630997,100.634003,100.646004,100.580002,100.632004,changed
2024-09-20 02:00:00+00:00,2026-10-05T18:35:37Z,100.638000,100.655998,100.595001,100.616997,100.633003,100.655998,100.595001,100.616997,changed
2024-09-20 05:00:00+00:00,2026-10-05T18:35:37Z,100.561996,100.615997,100.553001,100.578003,100.556000,100.615997,100.553001,100.578003,changed
2024-09-23 01:00:00+00:00,2026-10-05T18:35:37Z,100.789001,100.842003,100.782997,100.811996,100.789001,100.842003,100.781998,100.811996,changed
2024-09-23 14:00:00+00:00,2026-10-05T18:35:37Z,100.894997,101.011002,100.750999,100.807999,100.894997,101.011002,100.750999,100.830002,changed
2024-09-23 15:00:00+00:00,2026-10-05T18:35:37Z,100.806999,100.887001,100.763000,100.806000,100.787003,100.887001,100.763000,100.806000,changed
2024-09-25 11:00:00+00:00,2026-10-05T18:35:37Z,100.487000,100.528999,100.430000,100.435997,100.487000,100.528999,100.430000,100.434998,changed
2024-09-25 12:00:00+00:00,2026-10-05T18:35:37Z,100.435997,100.461998,100.343002,100.405998,100.440002,100.461998,100.343002,100.405998,changed
2024-09-03 05:00:00+00:00,2026-10-05T21:35:18Z,101.769997,101.773003,101.709000,101.714996,101.769997,101.772003,101.709000,101.714996,changed
2024-09-04 02:00:00+00:00,2026-10-05T21:35:18Z,101.688004,101.710999,101.652000,101.686996,101.688004,101.710999,101.653000,101.686996,changed
2024-09-04 15:00:00+00:00,2026-10-05T21:35:18Z,101.277000,101.405998,101.261002,101.373001,101.277000,101.405998,101.264999,101.373001,changed
2024-09-05 07:00:00+00:00,2026-10-05T21:35:18Z,101.244003,101.321999,101.230003,101.261002,101.244003,101.321999,101.231003,101.261002,changed
2024-09-06 15:00:00+00:00,2026-10-05T21:35:18Z,100.867996,101.220001,100.848999,101.157997,101.054001,101.220001,100.759003,101.157997,changed
2024-09-09 03:00:00+00:00,2026-10-05T21:35:18Z,101.265999,101.291000,101.244003,101.273003,101.265999,101.291000,101.242996,101.273003,changed
2024-09-09 16:00:00+00:00,2026-10-05T21:35:18Z,101.560997,101.563004,101.487000,101.500999,101.567001,101.567001,101.487000,101.500999,changed
2024-09-10 14:00:00+00:00,2026-10-05T21:35:18Z,101.745003,101.766998,101.692001,101.733002,101.745003,101.766998,101.691002,101.733002,changed
2024-09-10 15:00:00+00:00,2026-10-05T21:35:18Z,101.734001,101.740997,101.629997,101.639999,101.734001,101.741997,101.629997,101.639999,changed
2024-09-11 12:00:00+00:00,2026-10-05T21:35:18Z,101.426003,101.820000,101.405998,101.676003,101.426003,101.820000,101.405998,101.700996,changed
2024-09-11 13:00:00+00:00,2026-10-05T21:35:18Z,101.694000,101.739998,101.611000,101.708000,101.703003,101.739998,101.611000,101.708000,changed
2024-09-12 09:00:00+00:00,2026-10-05T21:35:18Z,101.748001,101.761002,101.709000,101.750000,101.748001,101.761002,101.709000,101.752998,changed
2024-09-12 10:00:00+00:00,2026-10-05T21:35:18Z,101.752998,101.760002,101.693001,101.700996,101.753998,101.760002,101.693001,101.700996,changed
2024-09-12 20:00:00+00:00,2026-10-05T21:35:18Z,101.275002,101.288002,101.224998,101.240997,101.275002,101.291000,101.224998,101.240997,changed
2024-09-16 12:00:00+00:00,2026-10-05T21:35:18Z,100.650002,100.764000,100.586998,100.690002,100.650002,100.764000,100.586998,100.693001,changed
2024-09-16 13:00:00+00:00,2026-10-05T21:35:18Z,100.689003,100.709999,100.602997,100.681000,100.692001,100.709999,100.602997,100.681000,changed
2024-09-17 01:00:00+00:00,2026-10-05T21:35:18Z,100.745003,100.746002,100.666000,100.679001,100.745003,100.746002,100.666000,100.681000,changed
2024-09-17 02:00:00+00:00,2026-10-05T21:35:18Z,100.674004,100.707001,100.664001,100.699997,100.681000,100.707001,100.664001,100.699997,changed
2024-09-17 15:00:00+00:00,2026-10-05T21:35:18Z,100.847000,100.947998,100.842003,100.931999,100.853996,100.947998,100.842003,100.931999,changed
2024-09-17 16:00:00+00:00,2026-10-05T21:35:18Z,100.939003,100.968002,100.904999,100.916000,100.931999,100.968002,100.904999,100.916000,changed
2024-09-18 14:00:00+00:00,2026-10-05T21:35:18Z,100.759003,100.959999,100.741997,100.903000,100.750000,100.959999,100.741997,100.903000,changed
2024-09-18 16:00:00+00:00,2026-10-05T21:35:18Z,100.917999,100.926003,100.848000,100.855003,100.931999,100.932999,100.848000,100.855003,changed
2024-09-19 06:00:00+00:00,2026-10-05T21:35:18Z,100.875000,100.882004,100.718002,100.718002,100.875000,100.884003,100.718002,100.718002,changed
2024-09-19 07:00:00+00:00,2026-10-05T21:35:18Z,100.716003,100.746002,100.648003,100.723000,100.716003,100.746002,100.648003,100.731003,changed
2024-09-19 08:00:00+00:00,2026-10-05T21:35:18Z,100.723999,100.755997,100.597000,100.639000,100.704002,100.755997,100.597000,100.639000,changed
2024-09-19 13:00:00+00:00,2026-10-05T21:35:18Z,100.974998,101.060997,100.861000,101.001999,101.000999,101.060997,100.861000,101.001999,changed
2024-09-19 20:00:00+00:00,2026-10-05T21:35:18Z,100.637001,100.642998,100.611000,100.637001,100.633003,100.642998,100.611000,100.637001,changed
2024-09-20 01:00:00+00:00,2026-10-05T21:35:18Z,100.634003,100.646004,100.580002,100.632004,100.634003,100.646004,100.580002,100.630997,changed
2024-09-20 02:00:00+00:00,2026-10-05T21:35:18Z,100.633003,100.655998,100.595001,100.616997,100.638000,100.655998,100.595001,100.616997,changed
2024-09-20 05:00:00+00:00,2026-10-05T21:35:18Z,100.556000,100.615997,100.553001,100.578003,100.561996,100.615997,100.553001,100.578003,changed
2024-09-23 01:00:00+00:00,2026-10-05T21:35:18Z,100.789001,100.842003,100.781998,100.811996,100.789001,100.842003,100.782997,100.811996,changed
2024-09-23 14:00:00+00:00,2026-10-05T21:35:18Z,100.894997,101.011002,100.750999,100.830002,100.894997,101.011002,100.750999,100.807999,changed
2024-09-23 15:00:00+00:00,2026-10-05T21:35:18Z,100.787003,100.887001,100.763000,100.806000,100.806999,100.887001,100.763000,100.806000,changed
2024-09-25 11:00:00+00:00,2026-10-05T21:35:18Z,100.487000,100.528999,100.430000,100.434998,100.487000,100.528999,100.430000,100.435997,changed
2024-09-25 12:00:00+00:00,2026-10-05T21:35:18Z,100.440002,100.461998,100.343002,100.405998,100.435997,100.461998,100.343002,100.405998,changed
2024-09-03 05:00:00+00:00,2026-10-05T22:40:56Z,101.769997,101.772003,101.709000,101.714996,101.769997,101.773003,101.709000,101.714996,changed
2024-09-04 02:00:00+00:00,2026-10-05T22:40:56Z,101.688004,101.710999,101.653000,101.686996,101.688004,101.710999,101.652000,101.686996,changed
2024-09-04 15:00:00+00:00,2026-10-05T22:40:56Z,101.277000,101.405998,101.264999,101.373001,101.277000,101.405998,101.261002,101.373001,changed
2024-09-05 07:00:00+00:00,2026-10-05T22:40:56Z,101.244003,101.321999,101.231003,101.261002,101.244003,101.321999,101.230003,101.261002,changed
2024-09-06 15:00:00+00:00,2026-10-05T22:40:56Z,101.054001,101.220001,100.759003,101.157997,100.867996,101.220001,100.848999,101.157997,changed
2024-09-09 03:00:00+00:00,2026-10-05T22:40:56Z,101.265999,101.291000,101.242996,101.273003,101.265999,101.291000,101.244003,101.273003,changed
2024-09-09 16:00:00+00:00,2026-10-05T22:40:56Z,101.567001,101.567001,101.487000,101.500999,101.560997,101.563004,101.487000,101.500999,changed
2024-09-10 14:00:00+00:00,2026-10-05T22:40:56Z,101.745003,101.766998,101.691002,101.733002,101.745003,101.766998,101.692001,101.733002,changed
2024-09-10 15:00:00+00:00,2026-10-05T22:40:56Z,101.734001,101.741997,101.629997,101.639999,101.734001,101.740997,101.629997,101.639999,changed
2024-09-11 12:00:00+00:00,2026-10-05T22:40:56Z,101.426003,101.820000,101.405998,101.700996,101.426003,101.820000,101.405998,101.676003,changed
2024-09-11 13:00:00+00:00,2026-10-05T22:40:56Z,101.703003,101.739998,101.611000,101.708000,101.694000,101.739998,101.611000,101.708000,changed
2024-09-12 09:00:00+00:00,2026-10-05T22:40:56Z,101.748001,101.761002,101.709000,101.752998,101.748001,101.761002,101.709000,101.750000,changed
2024-09-12 10:00:00+00:00,2026-10-05T22:40:56Z,101.753998,101.760002,101.693001,101.700996,101.752998,101.760002,101.693001,101.700996,changed
2024-09-12 20:00:00+00:00,2026-10-05T22:40:56Z,101.275002,101.291000,101.224998,101.240997,101.275002,101.288002,101.224998,101.240997,changed
2024-09-16 12:00:00+00:00,2026-10-05T22:40:56Z,100.650002,100.764000,100.586998,100.693001,100.650002,100.764000,100.586998,100.690002,changed
2024-09-16 13:00:00+00:00,2026-10-05T22:40:56Z,100.692001,100.709999,100.602997,100.681000,100.689003,100.709999,100.602997,100.681000,changed
2024-09-17 01:00:00+00:00,2026-10-05T22:40:56Z,100.745003,100.746002,100.666000,100.681000,100.745003,100.746002,100.666000,100.679001,changed
2024-09-17 02:00:00+00:00,2026-10-05T22:40:56Z,100.681000,100.707001,100.664001,100.699997,100.674004,100.707001,100.664001,100.699997,changed
2024-09-17 15:00:00+00:00,2026-10-05T22:40:56Z,100.853996,100.947998,100.842003,100.931999,100.847000,100.947998,100.842003,100.931999,changed
2024-09-17 16:00:00+00:00,2026-10-05T22:40:56Z,100.931999,100.968002,100.904999,100.916000,100.939003,100.968002,100.904999,100.916000,changed
2024-09-18 14:00:00+00:00,2026-10-05T22:40:56Z,100.750000,100.959999,100.741997,100.903000,100.759003,100.959999,100.741997,100.903000,changed
2024-09-18 16:00:00+00:00,2026-10-05T22:40:56Z,100.931999,100.932999,100.848000,100.855003,100.917999,100.926003,100.848000,100.855003,changed
2024-09-19 06:00:00+00:00,2026-10-05T22:40:56Z,100.875000,100.884003,100.718002,100.718002,100.875000,100.882004,100.718002,100.718002,changed
2024-09-19 07:00:00+00:00,2026-10-05T22:40:56Z,100.716003,100.746002,100.648003,100.731003,100.716003,100.746002,100.648003,100.723000,changed
2024-09-19 08:00:00+00:00,2026-10-05T22:40:56Z,100.704002,100.755997,100.597000,100.639000,100.723999,100.755997,100.597000,100.639000,changed
2024-09-19 13:00:00+00:00,2026-10-05T22:40:56Z,101.000999,101.060997,100.861000,101.001999,100.974998,101.060997,100.861000,101.001999,changed
2024-09-19 20:00:00+00:00,2026-10-05T22:40:56Z,100.633003,100.642998,100.611000,100.637001,100.637001,100.642998,100.611000,100.637001,changed
2024-09-20 01:00:00+00:00,2026-10-05T22:40:56Z,100.634003,100.646004,100.580002,100.630997,100.634003,100.646004,100.580002,100.632004,changed
2024-09-20 02:00:00+00:00,2026-10-05T22:40:56Z,100.638000,100.655998,100.595001,100.616997,100.633003,100.655998,100.595001,100.616997,changed
2024-09-20 05:00:00+00:00,2026-10-05T22:40:56Z,100.561996,100.615997,100.553001,100.578003,100.556000,100.615997,100.553001,100.578003,changed
2024-09-23 01:00:00+00:00,2026-10-05T22:40:56Z,100.789001,100.842003,100.782997,100.811996,100.789001,100.842003,100.781998,100.811996,changed
2024-09-23 14:00:00+00:00,2026-10-05T22:40:56Z,100.894997,101.011002,100.750999,100.807999,100.894997,101.011002,100.750999,100.830002,changed
2024-09-23 15:00:00+00:00,2026-10-05T22:40:56Z,100.806999,100.887001,100.763000,100.806000,100.787003,100.887001,100.763000,100.806000,changed
2024-09-25 11:00:00+00:00,2026-10-05T22:40:56Z,100.487000,100.528999,100.430000,100.435997,100.487000,100.528999,100.430000,100.434998,changed
2024-09-25 12:00:00+00:00,2026-10-05T22:40:56Z,100.435997,100.461998,100.343002,100.405998,100.440002,100.461998,100.343002,100.405998,changed
2024-09-03 05:00:00+00:00,2026-10-05T22:55:19Z,101.769997,101.773003,101.709000,101.714996,101.769997,101.772003,101.709000,101.714996,changed
2024-09-04 02:00:00+00:00,2026-10-05T22:55:19Z,101.688004,101.710999,101.652000,101.686996,101.688004,101.710999,101.653000,101.686996,changed
2024-09-04 15:00:00+00:00,2026-10-05T22:55:19Z,101.277000,101.405998,101.261002,101.373001,101.277000,101.405998,101.264999,101.373001,changed
2024-09-05 07:00:00+00:00,2026-10-05T22:55:19Z,101.244003,101.321999,101.230003,101.261002,101.244003,101.321999,101.231003,101.261002,changed
2024-09-06 15:00:00+00:00,2026-10-05T22:55:19Z,100.867996,101.220001,100.848999,101.157997,101.054001,101.220001,100.759003,101.157997,changed
2024-09-09 03:00:00+00:00,2026-10-05T22:55:19Z,101.265999,101.291000,101.244003,101.273003,101.265999,101.291000,101.242996,101.273003,changed
2024-09-09 16:00:00+00:00,2026-10-05T22:55:19Z,101.560997,101.563004,101.487000,101.500999,101.567001,101.567001,101.487000,101.500999,changed
2024-09-10 14:00:00+00:00,2026-10-05T22:55:19Z,101.745003,101.766998,101.692001,101.733002,101.745003,101.766998,101.691002,101.733002,changed
2024-09-10 15:00:00+00:00,2026-10-05T22:55:19Z,101.734001,101.740997,101.629997,101.639999,101.734001,101.741997,101.629997,101.639999,changed
2024-09-11 12:00:00+00:00,2026-10-05T22:55:19Z,101.426003,101.820000,101.405998,101.676003,101.426003,101.820000,101.405998,101.700996,changed
2024-09-11 13:00:00+00:00,2026-10-05T22:55:19Z,101.694000,101.739998,101.611000,101.708000,101.703003,101.739998,101.611000,101.708000,changed
2024-09-12 09:00:00+00:00,2026-10-05T22:55:19Z,101.748001,101.761002,101.709000,101.750000,101.748001,101.761002,101.709000,101.752998,changed
2024-09-12 10:00:00+00:00,2026-10-05T22:55:19Z,101.752998,101.760002,101.693001,101.700996,101.753998,101.760002,101.693001,101.700996,changed
2024-09-12 20:00:00+00:00,2026-10-05T22:55:19Z,101.275002,101.288002,101.224998,101.240997,101.275002,101.291000,101.224998,101.240997,changed
2024-09-16 12:00:00+00:00,2026-10-05T22:55:19Z,100.650002,100.764000,100.586998,100.690002,100.650002,100.764000,100.586998,100.693001,changed
2024-09-16 13:00:00+00:00,2026-10-05T22:55:19Z,100.689003,100.709999,100.602997,100.681000,100.692001,100.709999,100.602997,100.681000,changed
2024-09-17 01:00:00+00:00,2026-10-05T22:55:19Z,100.745003,100.746002,100.666000,100.679001,100.745003,100.746002,100.666000,100.681000,changed
2024-09-17 02:00:00+00:00,2026-10-05T22:55:19Z,100.674004,100.707001,100.664001,100.699997,100.681000,100.707001,100.664001,100.699997,changed
2024-09-17 15:00:00+00:00,2026-10-05T22:55:19Z,100.847000,100.947998,100.842003,100.931999,100.853996,100.947998,100.842003,100.931999,changed
2024-09-17 16:00:00+00:00,2026-10-05T22:55:19Z,100.939003,100.968002,100.904999,100.916000,100.931999,100.968002,100.904999,100.916000,changed
2024-09-18 14:00:00+00:00,2026-10-05T22:55:19Z,100.759003,100.959999,100.741997,100.903000,100.750000,100.959999,100.741997,100.903000,changed
2024-09-18 16:00:00+00:00,2026-10-05T22:55:19Z,100.917999,100.926003,100.848000,100.855003,100.931999,100.932999,100.848000,100.855003,changed
2024-09-19 06:00:00+00:00,2026-10-05T22:55:19Z,100.875000,100.882004,100.718002,100.718002,100.875000,100.884003,100.718002,100.718002,changed
2024-09-19 07:00:00+00:00,2026-10-05T22:55:19Z,100.716003,100.746002,100.648003,100.723000,100.716003,100.746002,100.648003,100.731003,changed
2024-09-19 08:00:00+00:00,2026-10-05T22:55:19Z,100.723999,100.755997,100.597000,100.639000,100.704002,100.755997,100.597000,100.639000,changed
2024-09-19 13:00:00+00:00,2026-10-05T22:55:19Z,100.974998,101.060997,100.861000,101.001999,101.000999,101.060997,100.861000,101.001999,changed
2024-09-19 20:00:00+00:00,2026-10-05T22:55:19Z,100.637001,100.642998,100.611000,100.637001,100.633003,100.642998,100.611000,100.637001,changed
2024-09-20 01:00:00+00:00,2026-10-05T22:55:19Z,100.634003,100.646004,100.580002,100.632004,100.634003,100.646004,100.580002,100.630997,changed
2024-09-20 02:00:00+00:00,2026-10-05T22:55:19Z,100.633003,100.655998,100.595001,100.616997,100.638000,100.655998,100.595001,100.616997,changed
2024-09-20 05:00:00+00:00,2026-10-05T22:55:19Z,100.556000,100.615997,100.553001,100.578003,100.561996,100.615997,100.553001,100.578003,changed
2024-09-23 01:00:00+00:00,2026-10-05T22:55:19Z,100.789001,100.842003,100.781998,100.811996,100.789001,100.842003,100.782997,100.811996,changed
2024-09-23 14:00:00+00:00,2026-10-05T22:55:19Z,100.894997,101.011002,100.750999,100.830002,100.894997,101.011002,100.750999,100.807999,changed
2024-09-23 15:00:00+00:00,2026-10-05T22:55:19Z,100.787003,100.887001,100.763000,100.806000,100.806999,100.887001,100.763000,100.806000,changed
2024-09-25 11:00:00+00:00,2026-10-05T22:55:19Z,100.487000,100.528999,100.430000,100.434998,100.487000,100.528999,100.430000,100.435997,changed
2024-09-25 12:00:00+00:00,2026-10-05T22:55:19Z,100.440002,100.461998,100.343002,100.405998,100.435997,100.461998,100.343002,100.405998,changed
2024-09-03 05:00:00+00:00,2026-10-05T23:08:45Z,101.769997,101.772003,101.709000,101.714996,101.769997,101.773003,101.709000,101.714996,changed
2024-09-04 02:00:00+00:00,2026-10-05T23:08:45Z,101.688004,101.710999,101.653000,101.686996,101.688004,101.710999,101.652000,101.686996,changed
2024-09-04 15:00:00+00:00,2026-10-05T23:08:45Z,101.277000,101.405998,101.264999,101.373001,101.277000,101.405998,101.261002,101.373001,changed
2024-09-05 07:00:00+00:00,2026-10-05T23:08:45Z,101.244003,101.321999,101.231003,101.261002,101.244003,101.321999,101.230003,101.261002,changed
2024-09-06 15:00:00+00:00,2026-10-05T23:08:45Z,101.054001,101.220001,100.759003,101.157997,100.867996,101.220001,100.848999,101.157997,changed
2024-09-09 03:00:00+00:00,2026-10-05T23:08:45Z,101.265999,101.291000,101.242996,101.273003,101.265999,101.291000,101.244003,101.273003,changed
2024-09-09 16:00:00+00:00,2026-10-05T23:08:45Z,101.567001,101.567001,101.487000,101.500999,101.560997,101.563004,101.487000,101.500999,changed
2024-09-10 14:00:00+00:00,2026-10-05T23:08:45Z,101.745003,101.766998,101.691002,101.733002,101.745003,101.766998,101.692001,101.733002,changed
2024-09-10 15:00:00+00:00,2026-10-05T23:08:45Z,101.734001,101.741997,101.629997,101.639999,101.734001,101.740997,101.629997,101.639999,changed
2024-09-11 12:00:00+00:00,2026-10-05T23:08:45Z,101.426003,101.820000,101.405998,101.700996,101.426003,101.820000,101.405998,101.676003,changed
2024-09-11 13:00:00+00:00,2026-10-05T23:08:45Z,101.703003,101.739998,101.611000,101.708000,101.694000,101.739998,101.611000,101.708000,changed
2024-09-12 09:00:00+00:00,2026-10-05T23:08:45Z,101.748001,101.761002,101.709000,101.752998,101.748001,101.761002,101.709000,101.750000,changed
2024-09-12 10:00:00+00:00,2026-10-05T23:08:45Z,101.753998,101.760002,101.693001,101.700996,101.752998,101.760002,101.693001,101.700996,changed
2024-09-12 20:00:00+00:00,2026-10-05T23:08:45Z,101.275002,101.291000,101.224998,101.240997,101.275002,101.288002,101.224998,101.240997,changed
2024-09-16 12:00:00+00:00,2026-10-05T23:08:45Z,100.650002,100.764000,100.586998,100.693001,100.650002,100.764000,100.586998,100.690002,changed
2024-09-16 13:00:00+00:00,2026-10-05T23:08:45Z,100.692001,100.709999,100.602997,100.681000,100.689003,100.709999,100.602997,100.681000,changed
2024-09-17 01:00:00+00:00,2026-10-05T23:08:45Z,100.745003,100.746002,100.666000,100.681000,100.745003,100.746002,100.666000,100.679001,changed
2024-09-17 02:00:00+00:00,2026-10-05T23:08:45Z,100.681000,100.707001,100.664001,100.699997,100.674004,100.707001,100.664001,100.699997,changed
2024-09-17 15:00:00+00:00,2026-10-05T23:08:45Z,100.853996,100.947998,100.842003,100.931999,100.847000,100.947998,100.842003,100.931999,changed
2024-09-17 16:00:00+00:00,2026-10-05T23:08:45Z,100.931999,100.968002,100.904999,100.916000,100.939003,100.968002,100.904999,100.916000,changed
2024-09-18 14:00:00+00:00,2026-10-05T23:08:45Z,100.750000,100.959999,100.741997,100.903000,100.759003,100.959999,100.741997,100.903000,changed
2024-09-18 16:00:00+00:00,2026-10-05T23:08:45Z,100.931999,100.932999,100.848000,100.855003,100.917999,100.926003,100.848000,100.855003,changed
2024-09-19 06:00:00+00:00,2026-10-05T23:08:45Z,100.875000,100.884003,100.718002,100.718002,100.875000,100.882004,100.718002,100.718002,changed
2024-09-19 07:00:00+00:00,2026-10-05T23:08:45Z,100.716003,100.746002,100.648003,100.731003,100.716003,100.746002,100.648003,100.723000,changed
2024-09-19 08:00:00+00:00,2026-10-05T23:08:45Z,100.704002,100.755997,100.597000,100.639000,100.723999,100.755997,100.597000,100.639000,changed
2024-09-19 13:00:00+00:00,2026-10-05T23:08:45Z,101.000999,101.060997,100.861000,101.001999,100.974998,101.060997,100.861000,101.001999,changed
2024-09-19 20:00:00+00:00,2026-10-05T23:08:45Z,100.633003,100.642998,100.611000,100.637001,100.637001,100.642998,100.611000,100.637001,changed
2024-09-20 01:00:00+00:00,2026-10-05T23:08:45Z,100.634003,100.646004,100.580002,100.630997,100.634003,100.646004,100.580002,100.632004,changed
2024-09-20 02:00:00+00:00,2026-10-05T23:08:45Z,100.638000,100.655998,100.595001,100.616997,100.633003,100.655998,100.595001,100.616997,changed
2024-09-20 05:00:00+00:00,2026-10-05T23:08:45Z,100.561996,100.615997,100.553001,100.578003,100.556000,100.615997,100.553001,100.578003,changed
2024-09-23 01:00:00+00:00,2026-10-05T23:08:45Z,100.789001,100.842003,100.782997,100.811996,100.789001,100.842003,100.781998,100.811996,changed
2024-09-23 14:00:00+00:00,2026-10-05T23:08:45Z,100.894997,101.011002,100.750999,100.807999,100.894997,101.011002,100.750999,100.830002,changed
2024-09-23 15:00:00+00:00,2026-10-05T23:08:45Z,100.806999,100.887001,100.763000,100.806000,100.787003,100.887001,100.763000,100.806000,changed
2024-09-25 11:00:00+00:00,2026-10-05T23:08:45Z,100.487000,100.528999,100.430000,100.435997,100.487000,100.528999,100.430000,100.434998,changed
2024-09-25 12:00:00+00:00,2026-10-05T23:08:45Z,100.435997,100.461998,100.343002,100.405998,100.440002,100.461998,100.343002,100.405998,changed
2024-09-03 05:00:00+00:00,2026-10-05T23:26:22Z,101.769997,101.773003,101.709000,101.714996,101.769997,101.772003,101.709000,101.714996,changed
2024-09-04 02:00:00+00:00,2026-10-05T23:26:22Z,101.688004,101.710999,101.652000,101.686996,101.688004,101.710999,101.653000,101.686996,changed
2024-09-04 15:00:00+00:00,2026-10-05T23:26:22Z,101.277000,101.405998,101.261002,101.373001,101.277000,101.405998,101.264999,101.373001,changed
2024-09-05 07:00:00+00:00,2026-10-05T23:26:22Z,101.244003,101.321999,101.230003,101.261002,101.244003,101.321999,101.231003,101.261002,changed
2024-09-06 15:00:00+00:00,2026-10-05T23:26:22Z,100.867996,101.220001,100.848999,101.157997,101.054001,101.220001,100.759003,101.157997,changed
2024-09-09 03:00:00+00:00,2026-10-05T23:26:22Z,101.265999,101.291000,101.244003,101.273003,101.265999,101.291000,101.242996,101.273003,changed
2024-09-09 16:00:00+00:00,2026-10-05T23:26:22Z,101.560997,101.563004,101.487000,101.500999,101.567001,101.567001,101.487000,101.500999,changed
2024-09-10 14:00:00+00:00,2026-10-05T23:26:22Z,101.745003,101.766998,101.692001,101.733002,101.745003,101.766998,101.691002,101.733002,changed
2024-09-10 15:00:00+00:00,2026-10-05T23:26:22Z,101.734001,101.740997,101.629997,101.639999,101.734001,101.741997,101.629997,101.639999,changed
2024-09-11 12:00:00+00:00,2026-10-05T23:26:22Z,101.426003,101.820000,101.405998,101.676003,101.426003,101.820000,101.405998,101.700996,changed
2024-09-11 13:00:00+00:00,2026-10-05T23:26:22Z,101.694000,101.739998,101.611000,101.708000,101.703003,101.739998,101.611000,101.708000,changed
2024-09-12 09:00:00+00:00,2026-10-05T23:26:22Z,101.748001,101.761002,101.709000,101.750000,101.748001,101.761002,101.709000,101.752998,changed
2024-09-12 10:00:00+00:00,2026-10-05T23:26:22Z,101.752998,101.760002,101.693001,101.700996,101.753998,101.760002,101.693001,101.700996,changed
2024-09-12 20:00:00+00:00,2026-10-05T23:26:22Z,101.275002,101.288002,101.224998,101.240997,101.275002,101.291000,101.224998,101.240997,changed
2024-09-16 12:00:00+00:00,2026-10-05T23:26:22Z,100.650002,100.764000,100.586998,100.690002,100.650002,100.764000,100.586998,100.693001,changed
2024-09-16 13:00:00+00:00,2026-10-05T23:26:22Z,100.689003,100.709999,100.602997,100.681000,100.692001,100.709999,100.602997,100.681000,changed
2024-09-17 01:00:00+00:00,2026-10-05T23:26:22Z,100.745003,100.746002,100.666000,100.679001,100.745003,100.746002,100.666000,100.681000,changed
2024-09-17 02:00:00+00:00,2026-10-05T23:26:22Z,100.674004,100.707001,100.664001,100.699997,100.681000,100.707001,100.664001,100.699997,changed
2024-09-17 15:00:00+00:00,2026-10-05T23:26:22Z,100.847000,100.947998,100.842003,100.931999,100.853996,100.947998,100.842003,100.931999,changed
2024-09-17 16:00:00+00:00,2026-10-05T23:26:22Z,100.939003,100.968002,100.904999,100.916000,100.931999,100.968002,100.904999,100.916000,changed
2024-09-18 14:00:00+00:00,2026-10-05T23:26:22Z,100.759003,100.959999,100.741997,100.903000,100.750000,100.959999,100.741997,100.903000,changed
2024-09-18 16:00:00+00:00,2026-10-05T23:26:22Z,100.917999,100.926003,100.848000,100.855003,100.931999,100.932999,100.848000,100.855003,changed
2024-09-19 06:00:00+00:00,2026-10-05T23:26:22Z,100.875000,100.882004,100.718002,100.718002,100.875000,100.884003,100.718002,100.718002,changed
2024-09-19 07:00:00+00:00,2026-10-05T23:26:22Z,100.716003,100.746002,100.648003,100.723000,100.716003,100.746002,100.648003,100.731003,changed
2024-09-19 08:00:00+00:00,2026-10-05T23:26:22Z,100.723999,100.755997,100.597000,100.639000,100.704002,100.755997,100.597000,100.639000,changed
2024-09-19 13:00:00+00:00,2026-10-05T23:26:22Z,100.974998,101.060997,100.861000,101.001999,101.000999,101.060997,100.861000,101.001999,changed
2024-09-19 20:00:00+00:00,2026-10-05T23:26:22Z,100.637001,100.642998,100.611000,100.637001,100.633003,100.642998,100.611000,100.637001,changed
2024-09-20 01:00:00+00:00,2026-10-05T23:26:22Z,100.634003,100.646004,100.580002,100.632004,100.634003,100.646004,100.580002,100.630997,changed
2024-09-20 02:00:00+00:00,2026-10-05T23:26:22Z,100.633003,100.655998,100.595001,100.616997,100.638000,100.655998,100.595001,100.616997,changed
2024-09-20 05:00:00+00:00,2026-10-05T23:26:22Z,100.556000,100.615997,100.553001,100.578003,100.561996,100.615997,100.553001,100.578003,changed
2024-09-23 01:00:00+00:00,2026-10-05T23:26:22Z,100.789001,100.842003,100.781998,100.811996,100.789001,100.842003,100.782997,100.811996,changed
2024-09-23 14:00:00+00:00,2026-10-05T23:26:22Z,100.894997,101.011002,100.750999,100.830002,100.894997,101.011002,100.750999,100.807999,changed
2024-09-23 15:00:00+00:00,2026-10-05T23:26:22Z,100.787003,100.887001,100.763000,100.806000,100.806999,100.887001,100.763000,100.806000,changed
2024-09-25 11:00:00+00:00,2026-10-05T23:26:22Z,100.487000,100.528999,100.430000,100.434998,100.487000,100.528999,100.430000,100.435997,changed
2024-09-25 12:00:00+00:00,2026-10-05T23:26:22Z,100.440002,100.461998,100.343002,100.405998,100.435997,100.461998,100.343002,100.405998,changed
