,open,high,low,close,volume
2026-08-02 22:00:00+00:00,4131.100098,4135.799805,4130.700195,4133.299805,411.000000
2026-08-02 22:15:00+00:00,4133.000000,4134.200195,4120.399902,4122.700195,1004.000000
2026-08-02 22:30:00+00:00,4122.700195,4124.899902,4120.500000,4123.100098,623.000000
2026-08-02 22:45:00+00:00,4123.399902,4123.600098,4119.500000,4119.899902,494.000000
2026-08-02 23:00:00+00:00,4120.000000,4123.399902,4119.000000,4122.399902,435.000000
2026-08-02 23:15:00+00:00,4122.299805,4128.399902,4122.100098,4127.899902,397.000000
2026-08-02 23:30:00+00:00,4127.799805,4128.200195,4123.700195,4125.399902,146.000000
2026-08-02 23:45:00+00:00,4125.399902,4130.500000,4123.799805,4130.399902,659.000000
2026-08-03 00:00:00+00:00,4130.500000,4134.700195,4125.600098,4127.899902,719.000000
2026-08-03 00:15:00+00:00,4127.899902,4128.500000,4117.000000,4119.600098,814.000000
2026-08-03 00:30:00+00:00,4119.799805,4125.399902,4112.399902,4113.700195,1094.000000
2026-08-03 00:45:00+00:00,4113.799805,4116.399902,4111.100098,4112.799805,691.000000
2026-08-03 01:00:00+00:00,4112.899902,4119.000000,4106.299805,4107.799805,1433.000000
2026-08-03 01:15:00+00:00,4108.399902,4110.399902,4102.700195,4108.200195,895.000000
2026-08-03 01:30:00+00:00,4108.399902,4112.799805,4103.000000,4106.799805,880.000000
2026-08-03 01:45:00+00:00,4106.899902,4113.399902,4105.700195,4112.700195,794.000000
2026-08-03 02:00:00+00:00,4112.700195,4116.700195,4109.000000,4111.600098,572.000000
2026-08-03 02:15:00+00:00,4111.200195,4116.500000,4107.799805,4113.600098,637.000000
2026-08-03 02:30:00+00:00,4113.899902,4116.200195,4108.000000,4115.500000,749.000000
2026-08-03 02:45:00+00:00,4115.200195,4122.299805,4114.100098,4117.799805,776.000000
2026-08-03 03:00:00+00:00,4117.600098,4120.899902,4116.200195,4119.500000,360.000000
2026-08-03 03:15:00+00:00,4119.500000,4123.200195,4116.899902,4119.000000,859.000000
2026-08-03 03:30:00+00:00,4119.299805,4120.299805,4115.500000,4115.700195,293.000000
2026-08-03 03:45:00+00:00,4115.899902,4122.100098,4114.200195,4120.000000,324.000000
2026-08-03 04:00:00+00:00,4120.399902,4123.399902,4119.399902,4121.600098,421.000000
2026-08-03 04:15:00+00:00,4121.700195,4126.200195,4121.200195,4123.600098,665.000000
2026-08-03 04:30:00+00:00,4123.500000,4126.500000,4123.500000,4125.799805,243.000000
2026-08-03 04:45:00+00:00,4126.000000,4127.200195,4119.200195,4119.200195,374.000000
2026-08-03 05:00:00+00:00,4119.000000,4120.399902,4111.799805,4112.700195,623.000000
2026-08-03 05:15:00+00:00,4112.299805,4117.899902,4109.100098,4115.500000,528.000000
2026-08-03 05:30:00+00:00,4115.299805,4119.700195,4110.299805,4118.500000,855.000000
2026-08-03 05:45:00+00:00,4118.500000,4125.200195,4113.899902,4124.200195,824.000000
2026-08-03 06:00:00+00:00,4124.299805,4126.399902,4121.200195,4121.200195,984.000000
2026-08-03 06:15:00+00:00,4121.500000,4127.299805,4120.899902,4123.600098,813.000000
2026-08-03 06:30:00+00:00,4123.500000,4124.100098,4115.700195,4120.899902,1037.000000
2026-08-03 06:45:00+00:00,4120.500000,4122.200195,4117.799805,4118.899902,608.000000
2026-08-03 07:00:00+00:00,4119.000000,4120.500000,4114.799805,4116.899902,667.000000
2026-08-03 07:15:00+00:00,4116.500000,4117.299805,4107.299805,4114.200195,1594.000000
2026-08-03 07:30:00+00:00,4113.899902,4116.799805,4112.000000,4115.100098,494.000000
2026-08-03 07:45:00+00:00,4115.100098,4119.000000,4113.600098,4117.100098,652.000000
2026-08-03 08:00:00+00:00,4117.000000,4117.700195,4114.200195,4117.500000,418.000000
2026-08-03 08:15:00+00:00,4117.399902,4118.000000,4110.000000,4111.299805,539.000000
2026-08-03 08:30:00+00:00,4111.299805,4116.100098,4110.399902,4114.000000,733.000000
2026-08-03 08:45:00+00:00,4113.799805,4116.700195,4113.399902,4115.000000,402.000000
2026-08-03 09:00:00+00:00,4115.299805,4117.700195,4112.799805,4117.299805,425.000000
2026-08-03 09:15:00+00:00,4116.899902,4116.899902,4108.000000,4108.399902,751.000000
2026-08-03 09:30:00+00:00,4108.500000,4111.000000,4102.299805,4109.700195,2582.000000
2026-08-03 09:45:00+00:00,4109.600098,4114.399902,4109.600098,4111.600098,848.000000
2026-08-03 10:00:00+00:00,4111.600098,4113.500000,4109.399902,4112.399902,412.000000
2026-08-03 10:15:00+00:00,4112.500000,4113.600098,4108.299805,4110.000000,386.000000
2026-08-03 10:30:00+00:00,4110.000000,4110.100098,4105.100098,4105.500000,621.000000
2026-08-03 10:45:00+00:00,4105.299805,4107.399902,4101.899902,4105.399902,574.000000
2026-08-03 11:00:00+00:00,4105.700195,4109.200195,4103.200195,4106.100098,611.000000
2026-08-03 11:15:00+00:00,4106.000000,4106.399902,4101.700195,4104.700195,388.000000
2026-08-03 11:30:00+00:00,4104.500000,4111.299805,4104.000000,4110.000000,684.000000
2026-08-03 11:45:00+00:00,4110.100098,4119.399902,4108.899902,4118.899902,1296.000000
2026-08-03 12:00:00+00:00,4119.000000,4121.100098,4110.799805,4112.200195,1106.000000
2026-08-03 12:15:00+00:00,4112.100098,4112.500000,4104.600098,4107.000000,1566.000000
2026-08-03 12:30:00+00:00,4107.200195,4109.000000,4098.100098,4100.799805,1654.000000
2026-08-03 12:45:00+00:00,4100.799805,4104.700195,4099.000000,4103.399902,873.000000
2026-08-03 13:00:00+00:00,4103.600098,4109.799805,4093.600098,4094.000000,2690.000000
2026-08-03 13:15:00+00:00,4094.000000,4095.899902,4086.500000,4089.500000,3549.000000
2026-08-03 13:30:00+00:00,4089.600098,4091.000000,4074.000000,4086.899902,5756.000000
2026-08-03 13:45:00+00:00,4087.199951,4090.399902,4083.300049,4087.199951,2511.000000
2026-08-03 14:00:00+00:00,4086.600098,4091.399902,4081.600098,4088.399902,3425.000000
2026-08-03 14:15:00+00:00,4088.100098,4091.399902,4085.000000,4087.600098,1798.000000
2026-08-03 14:30:00+00:00,4087.600098,4093.399902,4087.100098,4091.699951,1586.000000
2026-08-03 14:45:00+00:00,4091.800049,4094.899902,4089.000000,4091.600098,1624.000000
2026-08-03 15:00:00+00:00,4091.699951,4092.399902,4085.500000,4088.300049,1401.000000
2026-08-03 15:15:00+00:00,4088.500000,4093.600098,4085.800049,4087.899902,1625.000000
2026-08-03 15:30:00+00:00,4088.000000,4094.600098,4086.100098,4092.100098,1359.000000
2026-08-03 15:45:00+00:00,4092.300049,4096.399902,4091.000000,4091.600098,1269.000000
2026-08-03 16:00:00+00:00,4091.600098,4092.899902,4089.899902,4091.800049,709.000000
2026-08-03 16:15:00+00:00,4091.399902,4094.100098,4090.300049,4092.500000,774.000000
2026-08-03 16:30:00+00:00,4092.500000,4094.800049,4091.199951,4094.300049,694.000000
2026-08-03 16:45:00+00:00,4094.500000,4094.500000,4091.300049,4092.399902,572.000000
2026-08-03 17:00:00+00:00,4092.699951,4093.199951,4088.699951,4089.800049,585.000000
2026-08-03 17:15:00+00:00,4089.699951,4093.500000,4089.399902,4090.000000,1731.000000
2026-08-03 17:30:00+00:00,4090.100098,4092.699951,4089.699951,4091.899902,714.000000
2026-08-03 17:45:00+00:00,4091.800049,4092.300049,4085.899902,4086.399902,734.000000
2026-08-03 18:00:00+00:00,4086.399902,4094.300049,4085.399902,4090.699951,1082.000000
2026-08-03 18:15:00+00:00,4090.800049,4094.899902,4090.600098,4093.899902,1022.000000
2026-08-03 18:30:00+00:00,4093.699951,4097.399902,4092.399902,4097.399902,548.000000
2026-08-03 18:45:00+00:00,4097.200195,4101.000000,4096.299805,4099.600098,913.000000
2026-08-03 19:00:00+00:00,4099.500000,4105.500000,4099.500000,4101.899902,1298.000000
2026-08-03 19:15:00+00:00,4102.200195,4110.200195,4102.100098,4108.799805,1079.000000
2026-08-03 19:30:00+00:00,4108.899902,4111.500000,4107.700195,4110.000000,849.000000
2026-08-03 19:45:00+00:00,4109.899902,4112.000000,4107.700195,4108.200195,1127.000000
2026-08-03 20:00:00+00:00,4108.299805,4108.899902,4106.200195,4108.799805,395.000000
2026-08-03 20:15:00+00:00,4108.399902,4111.899902,4107.299805,4110.200195,303.000000
2026-08-03 20:30:00+00:00,4110.600098,4115.000000,4110.000000,4112.399902,379.000000
2026-08-03 20:45:00+00:00,4112.500000,4113.500000,4110.600098,4110.899902,670.000000
2026-08-03 22:00:00+00:00,4109.600098,4110.299805,4104.600098,4107.000000,248.000000
2026-08-03 22:15:00+00:00,4106.799805,4108.200195,4106.299805,4107.500000,115.000000
2026-08-03 22:30:00+00:00,4107.799805,4109.200195,4107.000000,4108.399902,125.000000
2026-08-03 22:45:00+00:00,4108.600098,4109.600098,4106.799805,4108.600098,211.000000
2026-08-03 23:00:00+00:00,4108.600098,4110.799805,4105.500000,4107.100098,680.000000
2026-08-03 23:15:00+00:00,4107.000000,4110.600098,4106.200195,4107.299805,663.000000
2026-08-03 23:30:00+00:00,4107.399902,4108.500000,4106.600098,4108.100098,70.000000
2026-08-03 23:45:00+00:00,4108.200195,4109.600098,4107.000000,4109.299805,459.000000
2026-08-04 00:00:00+00:00,4109.200195,4125.100098,4108.700195,4119.200195,1584.000000
2026-08-04 00:15:00+00:00,4119.100098,4120.299805,4113.700195,4114.600098,381.000000
2026-08-04 00:30:00+00:00,4114.899902,4116.299805,4110.899902,4111.600098,408.000000
2026-08-04 00:45:00+00:00,4112.399902,4113.799805,4104.100098,4104.899902,1100.000000
2026-08-04 01:00:00+00:00,4104.799805,4106.200195,4098.200195,4102.700195,1422.000000
2026-08-04 01:15:00+00:00,4103.600098,4108.000000,4103.299805,4104.700195,614.000000
2026-08-04 01:30:00+00:00,4105.000000,4116.000000,4104.000000,4114.600098,951.000000
2026-08-04 01:45:00+00:00,4114.700195,4117.600098,4112.600098,4114.799805,603.000000
2026-08-04 02:00:00+00:00,4114.799805,4116.799805,4111.100098,4113.899902,443.000000
2026-08-04 02:15:00+00:00,4113.600098,4115.399902,4111.299805,4112.200195,431.000000
2026-08-04 02:30:00+00:00,4112.200195,4120.600098,4111.100098,4117.899902,784.000000
2026-08-04 02:45:00+00:00,4117.899902,4118.200195,4113.700195,4114.600098,360.000000
2026-08-04 03:00:00+00:00,4114.299805,4116.299805,4112.000000,4113.700195,294.000000
2026-08-04 03:15:00+00:00,4113.700195,4117.500000,4113.399902,4113.700195,430.000000
2026-08-04 03:30:00+00:00,4113.500000,4114.200195,4107.700195,4107.899902,653.000000
2026-08-04 03:45:00+00:00,4108.299805,4110.799805,4107.600098,4108.200195,374.000000
2026-08-04 04:00:00+00:00,4107.399902,4112.299805,4106.399902,4111.899902,592.000000
2026-08-04 04:15:00+00:00,4112.100098,4117.000000,4111.299805,4116.700195,1005.000000
2026-08-04 04:30:00+00:00,4116.799805,4119.700195,4116.000000,4118.100098,685.000000
2026-08-04 04:45:00+00:00,4118.000000,4121.899902,4117.899902,4119.299805,690.000000
2026-08-04 05:00:00+00:00,4119.200195,4120.399902,4112.700195,4113.500000,566.000000
2026-08-04 05:15:00+00:00,4113.500000,4119.700195,4113.000000,4119.299805,480.000000
2026-08-04 05:30:00+00:00,4119.500000,4123.700195,4115.000000,4118.600098,1185.000000
2026-08-04 05:45:00+00:00,4118.399902,4120.100098,4114.100098,4117.299805,896.000000
2026-08-04 06:00:00+00:00,4117.899902,4122.100098,4117.799805,4120.399902,659.000000
2026-08-04 06:15:00+00:00,4120.100098,4120.799805,4115.200195,4115.600098,474.000000
2026-08-04 06:30:00+00:00,4115.600098,4115.700195,4111.399902,4115.600098,702.000000
2026-08-04 06:45:00+00:00,4115.700195,4119.700195,4114.700195,4119.299805,641.000000
2026-08-04 07:00:00+00:00,4119.500000,4121.799805,4116.600098,4116.600098,902.000000
2026-08-04 07:15:00+00:00,4116.899902,4121.799805,4116.700195,4119.000000,722.000000
2026-08-04 07:30:00+00:00,4119.000000,4122.899902,4117.500000,4119.200195,866.000000
2026-08-04 07:45:00+00:00,4118.899902,4122.399902,4118.200195,4121.799805,436.000000
2026-08-04 08:00:00+00:00,4121.899902,4129.600098,4120.700195,4124.200195,2141.000000
2026-08-04 08:15:00+00:00,4124.299805,4124.899902,4116.299805,4119.500000,697.000000
2026-08-04 08:30:00+00:00,4119.200195,4120.500000,4114.399902,4115.200195,788.000000
2026-08-04 08:45:00+00:00,4115.100098,4115.299805,4110.100098,4110.799805,567.000000
2026-08-04 09:00:00+00:00,4110.500000,4111.200195,4104.100098,4106.500000,880.000000
2026-08-04 09:15:00+00:00,4106.200195,4107.799805,4104.700195,4105.899902,837.000000
2026-08-04 09:30:00+00:00,4106.200195,4107.200195,4102.000000,4106.100098,1049.000000
2026-08-04 09:45:00+00:00,4106.000000,4106.899902,4103.000000,4105.100098,539.000000
2026-08-04 10:00:00+00:00,4105.700195,4106.000000,4102.700195,4105.000000,323.000000
2026-08-04 10:15:00+00:00,4104.600098,4105.600098,4101.399902,4104.600098,491.000000
2026-08-04 10:30:00+00:00,4105.000000,4109.899902,4102.000000,4108.399902,848.000000
2026-08-04 10:45:00+00:00,4108.200195,4116.399902,4108.100098,4109.799805,1518.000000
2026-08-04 11:00:00+00:00,4109.399902,4114.899902,4108.100098,4112.600098,639.000000
2026-08-04 11:15:00+00:00,4112.700195,4117.200195,4111.399902,4117.100098,544.000000
2026-08-04 11:30:00+00:00,4117.200195,4127.399902,4116.100098,4126.500000,2361.000000
2026-08-04 11:45:00+00:00,4126.799805,4141.799805,4123.899902,4132.100098,5538.000000
2026-08-04 12:00:00+00:00,4132.299805,4133.200195,4117.600098,4118.700195,2569.000000
2026-08-04 12:15:00+00:00,4118.799805,4126.899902,4117.600098,4124.799805,1812.000000
2026-08-04 12:30:00+00:00,4125.000000,4141.500000,4125.000000,4135.100098,3567.000000
2026-08-04 12:45:00+00:00,4135.200195,4136.100098,4126.399902,4127.799805,1850.000000
2026-08-04 13:00:00+00:00,4128.100098,4128.700195,4117.200195,4120.799805,2761.000000
2026-08-04 13:15:00+00:00,4120.399902,4147.899902,4119.399902,4135.399902,5980.000000
2026-08-04 13:30:00+00:00,4135.600098,4148.899902,4132.799805,4140.399902,5451.000000
2026-08-04 13:45:00+00:00,4140.500000,4151.500000,4138.600098,4140.700195,3859.000000
2026-08-04 14:00:00+00:00,4140.700195,4148.799805,4140.200195,4147.200195,2451.000000
2026-08-04 14:15:00+00:00,4147.399902,4149.299805,4137.299805,4140.399902,2376.000000
2026-08-04 14:30:00+00:00,4140.600098,4143.700195,4131.299805,4137.000000,3906.000000
2026-08-04 14:45:00+00:00,4136.500000,4141.899902,4134.799805,4140.399902,1771.000000
2026-08-04 15:00:00+00:00,4140.500000,4142.399902,4136.500000,4140.600098,1028.000000
2026-08-04 15:15:00+00:00,4141.100098,4141.200195,4131.000000,4135.000000,1727.000000
2026-08-04 15:30:00+00:00,4134.399902,4144.299805,4133.000000,4141.200195,2095.000000
2026-08-04 15:45:00+00:00,4140.600098,4145.799805,4139.700195,4144.200195,1588.000000
2026-08-04 16:00:00+00:00,4144.399902,4145.700195,4141.200195,4141.899902,1667.000000
2026-08-04 16:15:00+00:00,4142.000000,4147.000000,4139.700195,4144.700195,1219.000000
2026-08-04 16:30:00+00:00,4144.600098,4146.299805,4141.600098,4146.000000,1070.000000
2026-08-04 16:45:00+00:00,4145.899902,4150.700195,4145.600098,4150.399902,1693.000000
2026-08-04 17:00:00+00:00,4150.200195,4163.799805,4149.399902,4157.100098,3886.000000
2026-08-04 17:15:00+00:00,4157.299805,4158.500000,4151.100098,4151.899902,2919.000000
2026-08-04 17:30:00+00:00,4151.799805,4153.299805,4148.799805,4152.600098,982.000000
2026-08-04 17:45:00+00:00,4152.700195,4153.500000,4143.000000,4143.100098,1610.000000
2026-08-04 18:00:00+00:00,4142.799805,4145.799805,4141.700195,4145.200195,973.000000
2026-08-04 18:15:00+00:00,4145.100098,4146.000000,4141.200195,4141.399902,773.000000
2026-08-04 18:30:00+00:00,4141.600098,4142.700195,4133.200195,4133.500000,1571.000000
2026-08-04 18:45:00+00:00,4133.500000,4138.100098,4132.100098,4136.799805,859.000000
2026-08-04 19:00:00+00:00,4136.600098,4141.299805,4135.700195,4138.700195,1251.000000
2026-08-04 19:15:00+00:00,4138.899902,4141.899902,4136.000000,4137.299805,892.000000
2026-08-04 19:30:00+00:00,4137.200195,4139.600098,4136.000000,4138.200195,307.000000
2026-08-04 19:45:00+00:00,4138.200195,4139.100098,4133.299805,4135.299805,648.000000
2026-08-04 20:00:00+00:00,4135.600098,4137.299805,4135.100098,4136.100098,362.000000
2026-08-04 20:15:00+00:00,4135.799805,4135.799805,4131.399902,4132.200195,306.000000
2026-08-04 20:30:00+00:00,4132.100098,4135.700195,4132.000000,4134.600098,166.000000
2026-08-04 20:45:00+00:00,4134.299805,4135.200195,4132.700195,4134.200195,215.000000
2026-08-04 22:00:00+00:00,4133.799805,4135.500000,4132.700195,4133.399902,149.000000
2026-08-04 22:15:00+00:00,4133.200195,4136.100098,4132.100098,4135.600098,848.000000
2026-08-04 22:30:00+00:00,4136.000000,4142.100098,4135.299805,4140.600098,933.000000
2026-08-04 22:45:00+00:00,4140.799805,4140.799805,4132.399902,4132.500000,928.000000
2026-08-04 23:00:00+00:00,4132.799805,4134.000000,4125.500000,4130.000000,1523.000000
2026-08-04 23:15:00+00:00,4129.899902,4131.399902,4121.600098,4123.700195,976.000000
2026-08-04 23:30:00+00:00,4123.200195,4126.200195,4122.100098,4125.299805,333.000000
2026-08-04 23:45:00+00:00,4125.200195,4129.500000,4125.200195,4128.700195,366.000000
2026-08-05 00:00:00+00:00,4128.600098,4130.100098,4126.299805,4127.899902,312.000000
2026-08-05 00:15:00+00:00,4127.799805,4134.899902,4127.399902,4134.600098,415.000000
2026-08-05 00:30:00+00:00,4134.899902,4139.100098,4133.899902,4133.899902,582.000000
2026-08-05 00:45:00+00:00,4134.200195,4139.299805,4133.500000,4138.200195,285.000000
2026-08-05 01:00:00+00:00,4138.500000,4142.700195,4133.399902,4141.899902,1020.000000
2026-08-05 01:15:00+00:00,4141.899902,4144.700195,4138.200195,4139.799805,669.000000
2026-08-05 01:30:00+00:00,4140.500000,4148.899902,4135.700195,4148.700195,704.000000
2026-08-05 01:45:00+00:00,4148.399902,4158.500000,4148.399902,4157.200195,948.000000
2026-08-05 02:00:00+00:00,4157.200195,4158.899902,4152.200195,4156.200195,1068.000000
2026-08-05 02:15:00+00:00,4156.100098,4165.000000,4151.799805,4160.100098,1845.000000
2026-08-05 02:30:00+00:00,4160.500000,4186.100098,4158.200195,4185.500000,4335.000000
2026-08-05 02:45:00+00:00,4185.700195,4192.600098,4181.200195,4186.200195,3348.000000
2026-08-05 03:00:00+00:00,4186.500000,4193.500000,4184.299805,4192.799805,1484.000000
2026-08-05 03:15:00+00:00,4193.299805,4193.799805,4187.100098,4187.700195,988.000000
2026-08-05 03:30:00+00:00,4187.799805,4188.299805,4185.000000,4185.899902,765.000000
2026-08-05 03:45:00+00:00,4186.100098,4187.799805,4185.000000,4186.600098,460.000000
2026-08-05 04:00:00+00:00,4186.100098,4199.500000,4186.000000,4196.399902,2280.000000
2026-08-05 04:15:00+00:00,4196.299805,4198.700195,4195.500000,4196.500000,996.000000
2026-08-05 04:30:00+00:00,4196.500000,4196.500000,4191.000000,4192.399902,848.000000
2026-08-05 04:45:00+00:00,4192.299805,4194.000000,4189.899902,4193.399902,1046.000000
2026-08-05 05:00:00+00:00,4193.299805,4196.200195,4192.700195,4195.399902,794.000000
2026-08-05 05:15:00+00:00,4195.299805,4200.399902,4193.500000,4197.899902,1249.000000
2026-08-05 05:30:00+00:00,4198.000000,4219.799805,4197.899902,4218.200195,6211.000000
2026-08-05 05:45:00+00:00,4217.700195,4233.000000,4217.399902,4222.200195,6573.000000
2026-08-05 06:00:00+00:00,4222.399902,4234.299805,4220.200195,4233.000000,2943.000000
2026-08-05 06:15:00+00:00,4232.799805,4233.399902,4221.200195,4228.399902,2546.000000
2026-08-05 06:30:00+00:00,4228.299805,4237.799805,4226.700195,4234.899902,2417.000000
2026-08-05 06:45:00+00:00,4235.000000,4237.399902,4231.500000,4237.100098,1929.000000
2026-08-05 07:00:00+00:00,4236.700195,4238.500000,4225.000000,4225.299805,2335.000000
2026-08-05 07:15:00+00:00,4225.399902,4228.399902,4221.799805,4223.299805,1602.000000
2026-08-05 07:30:00+00:00,4223.500000,4225.899902,4220.899902,4225.500000,1194.000000
2026-08-05 07:45:00+00:00,4225.700195,4231.000000,4223.299805,4229.899902,1277.000000
2026-08-05 08:00:00+00:00,4229.899902,4231.500000,4223.299805,4224.200195,1218.000000
2026-08-05 08:15:00+00:00,4224.700195,4226.899902,4221.000000,4223.799805,1248.000000
2026-08-05 08:30:00+00:00,4223.899902,4227.100098,4220.899902,4225.700195,1827.000000
2026-08-05 08:45:00+00:00,4225.700195,4226.100098,4218.399902,4219.700195,1671.000000
2026-08-05 09:00:00+00:00,4220.000000,4226.899902,4219.799805,4222.700195,1283.000000
2026-08-05 09:15:00+00:00,4222.399902,4222.399902,4214.600098,4216.600098,1688.000000
2026-08-05 09:30:00+00:00,4216.600098,4218.700195,4213.000000,4217.299805,1849.000000
2026-08-05 09:45:00+00:00,4217.200195,4218.399902,4211.799805,4216.899902,1439.000000
2026-08-05 10:00:00+00:00,4216.799805,4217.000000,4209.299805,4210.000000,885.000000
2026-08-05 10:15:00+00:00,4209.899902,4217.299805,4209.100098,4215.799805,1352.000000
2026-08-05 10:30:00+00:00,4216.100098,4216.799805,4212.700195,4213.899902,813.000000
2026-08-05 10:45:00+00:00,4214.200195,4220.700195,4213.000000,4220.399902,1254.000000
2026-08-05 11:00:00+00:00,4220.600098,4230.399902,4219.799805,4229.600098,1766.000000
2026-08-05 11:15:00+00:00,4230.399902,4240.399902,4228.700195,4235.500000,3306.000000
2026-08-05 11:30:00+00:00,4235.600098,4248.799805,4233.399902,4244.600098,6212.000000
2026-08-05 11:45:00+00:00,4244.899902,4252.200195,4242.799805,4248.500000,2505.000000
2026-08-05 12:00:00+00:00,4248.500000,4259.700195,4248.500000,4258.299805,4815.000000
2026-08-05 12:15:00+00:00,4258.399902,4273.600098,4258.399902,4265.100098,6200.000000
2026-08-05 12:30:00+00:00,4265.299805,4268.899902,4253.000000,4254.600098,4070.000000
2026-08-05 12:45:00+00:00,4255.000000,4255.700195,4243.100098,4244.100098,2945.000000
2026-08-05 13:00:00+00:00,4243.899902,4257.200195,4243.799805,4247.600098,5025.000000
2026-08-05 13:15:00+00:00,4247.799805,4258.299805,4245.299805,4257.399902,3148.000000
2026-08-05 13:30:00+00:00,4257.399902,4264.799805,4252.799805,4257.600098,5143.000000
2026-08-05 13:45:00+00:00,4257.899902,4266.700195,4248.700195,4265.799805,3628.000000
2026-08-05 14:00:00+00:00,4265.100098,4295.000000,4263.100098,4289.600098,9029.000000
2026-08-05 14:15:00+00:00,4289.799805,4300.600098,4286.600098,4297.100098,4929.000000
2026-08-05 14:30:00+00:00,4296.700195,4303.500000,4288.700195,4303.399902,5426.000000
2026-08-05 14:45:00+00:00,4303.399902,4307.799805,4293.200195,4304.299805,4702.000000
2026-08-05 15:00:00+00:00,4303.899902,4321.500000,4302.399902,4318.200195,6296.000000
2026-08-05 15:15:00+00:00,4318.000000,4325.500000,4310.299805,4317.700195,4393.000000
2026-08-05 15:30:00+00:00,4317.500000,4319.899902,4312.399902,4316.000000,2217.000000
2026-08-05 15:45:00+00:00,4315.700195,4315.700195,4292.700195,4293.000000,5899.000000
2026-08-05 16:00:00+00:00,4293.600098,4296.500000,4285.000000,4294.600098,4238.000000
2026-08-05 16:15:00+00:00,4294.600098,4302.600098,4292.899902,4301.600098,2418.000000
2026-08-05 16:30:00+00:00,4301.899902,4307.399902,4299.299805,4304.899902,1981.000000
2026-08-05 16:45:00+00:00,4305.200195,4308.100098,4298.600098,4302.799805,2209.000000
2026-08-05 17:00:00+00:00,4302.899902,4304.899902,4299.700195,4302.399902,2322.000000
2026-08-05 17:15:00+00:00,4302.299805,4307.000000,4296.200195,4305.000000,4084.000000
2026-08-05 17:30:00+00:00,4304.899902,4311.500000,4301.100098,4308.500000,1620.000000
2026-08-05 17:45:00+00:00,4308.700195,4313.000000,4307.899902,4311.000000,1567.000000
2026-08-05 18:00:00+00:00,4310.700195,4318.399902,4309.600098,4314.000000,1780.000000
2026-08-05 18:15:00+00:00,4313.799805,4328.200195,4313.700195,4323.799805,2472.000000
2026-08-05 18:30:00+00:00,4323.200195,4324.500000,4314.600098,4319.500000,1582.000000
2026-08-05 18:45:00+00:00,4319.700195,4324.000000,4318.299805,4321.200195,837.000000
2026-08-05 19:00:00+00:00,4321.000000,4322.700195,4316.600098,4318.899902,753.000000
2026-08-05 19:15:00+00:00,4318.799805,4318.799805,4311.200195,4314.000000,1320.000000
2026-08-05 19:30:00+00:00,4313.700195,4314.899902,4308.799805,4313.700195,1129.000000
2026-08-05 19:45:00+00:00,4313.299805,4313.899902,4307.000000,4307.600098,1463.000000
2026-08-05 20:00:00+00:00,4307.899902,4310.399902,4307.399902,4310.100098,464.000000
2026-08-05 20:15:00+00:00,4310.100098,4310.399902,4306.200195,4306.600098,317.000000
2026-08-05 20:30:00+00:00,4306.799805,4310.299805,4305.799805,4306.299805,328.000000
2026-08-05 20:45:00+00:00,4306.200195,4308.200195,4303.500000,4308.000000,649.000000
2026-08-05 22:00:00+00:00,4307.000000,4315.200195,4304.899902,4307.000000,287.000000
2026-08-05 22:15:00+00:00,4307.899902,4308.700195,4306.799805,4308.200195,297.000000
2026-08-05 22:30:00+00:00,4307.600098,4310.200195,4307.200195,4307.200195,338.000000
2026-08-05 22:45:00+00:00,4307.500000,4309.500000,4307.000000,4309.500000,252.000000
2026-08-05 23:00:00+00:00,4309.399902,4317.500000,4308.299805,4315.000000,722.000000
2026-08-05 23:15:00+00:00,4315.399902,4323.200195,4315.399902,4322.200195,808.000000
2026-08-05 23:30:00+00:00,4322.500000,4341.100098,4319.799805,4339.600098,2460.000000
2026-08-05 23:45:00+00:00,4339.799805,4339.799805,4331.000000,4337.299805,1190.000000
2026-08-06 00:00:00+00:00,4337.200195,4337.200195,4323.500000,4329.500000,2150.000000
2026-08-06 00:15:00+00:00,4330.399902,4344.200195,4330.299805,4334.000000,2147.000000
2026-08-06 00:30:00+00:00,4333.600098,4350.299805,4333.600098,4345.399902,2263.000000
2026-08-06 00:45:00+00:00,4345.899902,4360.000000,4345.700195,4354.700195,2864.000000
2026-08-06 01:00:00+00:00,4354.600098,4362.700195,4339.299805,4343.600098,4279.000000
2026-08-06 01:15:00+00:00,4344.000000,4347.500000,4332.500000,4335.799805,3310.000000
2026-08-06 01:30:00+00:00,4335.500000,4357.100098,4335.299805,4347.899902,2887.000000
2026-08-06 01:45:00+00:00,4348.200195,4357.799805,4343.299805,4346.899902,2408.000000
2026-08-06 02:00:00+00:00,4346.700195,4363.700195,4344.000000,4354.500000,2755.000000
2026-08-06 02:15:00+00:00,4354.799805,4359.200195,4350.799805,4351.100098,826.000000
2026-08-06 02:30:00+00:00,4350.899902,4351.500000,4339.799805,4344.700195,1515.000000
2026-08-06 02:45:00+00:00,4344.399902,4346.100098,4334.000000,4337.799805,1180.000000
2026-08-06 03:00:00+00:00,4337.200195,4340.000000,4332.899902,4332.899902,1030.000000
2026-08-06 03:15:00+00:00,4332.799805,4333.200195,4320.200195,4325.500000,2157.000000
2026-08-06 03:30:00+00:00,4325.200195,4326.500000,4321.000000,4321.899902,689.000000
2026-08-06 03:45:00+00:00,4322.399902,4324.899902,4319.600098,4324.899902,516.000000
2026-08-06 04:00:00+00:00,4324.500000,4326.100098,4321.100098,4322.200195,968.000000
2026-08-06 04:15:00+00:00,4322.500000,4322.899902,4312.200195,4315.000000,983.000000
2026-08-06 04:30:00+00:00,4315.100098,4320.799805,4315.100098,4318.299805,571.000000
2026-08-06 04:45:00+00:00,4318.000000,4322.100098,4318.000000,4321.399902,495.000000
2026-08-06 05:00:00+00:00,4321.299805,4324.500000,4315.799805,4319.100098,810.000000
2026-08-06 05:15:00+00:00,4318.700195,4318.799805,4312.100098,4312.899902,607.000000
2026-08-06 05:30:00+00:00,4312.700195,4325.100098,4306.200195,4322.799805,1938.000000
2026-08-06 05:45:00+00:00,4322.100098,4327.500000,4321.200195,4326.000000,994.000000
2026-08-06 06:00:00+00:00,4325.799805,4327.500000,4315.700195,4319.299805,1467.000000
2026-08-06 06:15:00+00:00,4319.600098,4320.100098,4313.399902,4316.299805,1242.000000
2026-08-06 06:30:00+00:00,4316.399902,4316.700195,4308.200195,4315.399902,936.000000
2026-08-06 06:45:00+00:00,4315.100098,4317.000000,4309.600098,4314.700195,961.000000
2026-08-06 07:00:00+00:00,4314.700195,4322.500000,4311.899902,4322.000000,1053.000000
2026-08-06 07:15:00+00:00,4321.899902,4324.000000,4317.000000,4321.000000,1167.000000
2026-08-06 07:30:00+00:00,4316.299805,4317.100098,4313.799805,4314.000000,661.000000
2026-08-06 07:45:00+00:00,4314.100098,4322.100098,4311.700195,4321.700195,1233.000000
2026-08-06 08:00:00+00:00,4322.000000,4328.700195,4319.399902,4328.100098,1185.000000
2026-08-06 08:15:00+00:00,4327.799805,4329.700195,4325.000000,4327.299805,1351.000000
2026-08-06 08:30:00+00:00,4327.200195,4334.000000,4325.799805,4332.000000,1358.000000
2026-08-06 08:45:00+00:00,4332.100098,4337.700195,4329.399902,4337.100098,941.000000
2026-08-06 09:00:00+00:00,4337.200195,4342.399902,4334.700195,4338.399902,1657.000000
2026-08-06 09:15:00+00:00,4339.000000,4344.200195,4337.600098,4341.899902,1017.000000
2026-08-06 09:30:00+00:00,4342.299805,4343.399902,4331.399902,4331.399902,1606.000000
2026-08-06 09:45:00+00:00,4331.399902,4335.399902,4330.399902,4332.600098,657.000000
2026-08-06 10:00:00+00:00,4332.600098,4333.100098,4328.100098,4329.000000,707.000000
2026-08-06 10:15:00+00:00,4328.700195,4330.399902,4326.600098,4328.399902,744.000000
2026-08-06 10:30:00+00:00,4328.899902,4329.200195,4322.799805,4324.500000,1011.000000
2026-08-06 10:45:00+00:00,4324.500000,4330.899902,4324.000000,4330.000000,564.000000
2026-08-06 11:00:00+00:00,4330.000000,4332.500000,4325.399902,4328.500000,814.000000
2026-08-06 11:15:00+00:00,4328.299805,4330.700195,4318.500000,4323.399902,1488.000000
2026-08-06 11:30:00+00:00,4323.399902,4326.100098,4318.399902,4319.100098,1192.000000
2026-08-06 11:45:00+00:00,4319.200195,4323.000000,4312.700195,4322.600098,2552.000000
2026-08-06 12:00:00+00:00,4322.200195,4324.700195,4314.399902,4314.899902,1493.000000
2026-08-06 12:15:00+00:00,4315.000000,4321.700195,4311.700195,4320.500000,1793.000000
2026-08-06 12:30:00+00:00,4320.799805,4330.100098,4316.700195,4326.000000,2968.000000
2026-08-06 12:45:00+00:00,4326.200195,4326.600098,4307.000000,4308.600098,4296.000000
2026-08-06 13:00:00+00:00,4308.500000,4314.200195,4288.399902,4296.700195,7365.000000
2026-08-06 13:15:00+00:00,4296.500000,4306.399902,4294.000000,4305.899902,3182.000000
2026-08-06 13:30:00+00:00,4305.799805,4332.899902,4304.299805,4328.899902,7161.000000
2026-08-06 13:45:00+00:00,4329.100098,4329.100098,4320.799805,4325.899902,3612.000000
2026-08-06 14:00:00+00:00,4326.100098,4334.700195,4323.200195,4327.299805,4498.000000
2026-08-06 14:15:00+00:00,4327.600098,4328.100098,4318.899902,4324.799805,3630.000000
2026-08-06 14:30:00+00:00,4324.700195,4334.100098,4324.700195,4333.100098,2116.000000
2026-08-06 14:45:00+00:00,4332.600098,4334.600098,4321.799805,4332.200195,1900.000000
2026-08-06 15:00:00+00:00,4332.200195,4333.600098,4320.500000,4322.700195,3848.000000
2026-08-06 15:15:00+00:00,4322.500000,4322.799805,4309.299805,4313.399902,4069.000000
2026-08-06 15:30:00+00:00,4313.700195,4314.200195,4303.899902,4309.899902,2761.000000
2026-08-06 15:45:00+00:00,4309.799805,4310.100098,4285.200195,4291.500000,5086.000000
2026-08-06 16:00:00+00:00,4291.799805,4300.799805,4288.299805,4290.600098,3490.000000
2026-08-06 16:15:00+00:00,4290.399902,4290.700195,4281.200195,4288.200195,4117.000000
2026-08-06 16:30:00+00:00,4288.299805,4294.000000,4288.100098,4291.500000,2008.000000
2026-08-06 16:45:00+00:00,4291.299805,4300.600098,4289.899902,4299.399902,1958.000000
2026-08-06 17:00:00+00:00,4299.600098,4303.000000,4297.600098,4299.200195,1343.000000
2026-08-06 17:15:00+00:00,4299.200195,4301.299805,4297.100098,4300.500000,2199.000000
2026-08-06 17:30:00+00:00,4300.200195,4302.299805,4297.100098,4300.500000,978.000000
2026-08-06 17:45:00+00:00,4300.299805,4307.000000,4299.100098,4305.799805,1333.000000
2026-08-06 18:00:00+00:00,4305.899902,4307.600098,4302.600098,4304.799805,640.000000
2026-08-06 18:15:00+00:00,4305.399902,4308.000000,4304.399902,4305.100098,481.000000
2026-08-06 18:30:00+00:00,4305.000000,4306.000000,4299.200195,4300.200195,707.000000
2026-08-06 18:45:00+00:00,4300.299805,4304.299805,4299.500000,4302.200195,378.000000
2026-08-06 19:00:00+00:00,4302.100098,4309.799805,4301.799805,4305.899902,853.000000
2026-08-06 19:15:00+00:00,4306.100098,4307.100098,4294.200195,4296.500000,1480.000000
2026-08-06 19:30:00+00:00,4296.600098,4298.600098,4292.000000,4293.500000,829.000000
2026-08-06 19:45:00+00:00,4293.899902,4309.299805,4293.899902,4307.799805,1968.000000
2026-08-06 20:00:00+00:00,4307.700195,4309.100098,4301.700195,4303.500000,609.000000
2026-08-06 20:15:00+00:00,4303.799805,4304.399902,4298.600098,4300.799805,512.000000
2026-08-06 20:30:00+00:00,4300.500000,4301.200195,4294.100098,4294.200195,475.000000
2026-08-06 20:45:00+00:00,4294.000000,4300.700195,4293.600098,4298.700195,362.000000
2026-08-06 22:00:00+00:00,4298.299805,4298.899902,4293.899902,4297.100098,373.000000
2026-08-06 22:15:00+00:00,4297.000000,4301.799805,4297.000000,4301.200195,364.000000
2026-08-06 22:30:00+00:00,4300.899902,4301.399902,4297.100098,4297.100098,326.000000
2026-08-06 22:45:00+00:00,4297.500000,4301.200195,4296.899902,4298.299805,175.000000
2026-08-06 23:00:00+00:00,4298.600098,4304.299805,4298.399902,4303.600098,315.000000
2026-08-06 23:15:00+00:00,4304.000000,4304.899902,4301.399902,4303.700195,321.000000
2026-08-06 23:30:00+00:00,4303.500000,4307.100098,4303.299805,4305.500000,514.000000
2026-08-06 23:45:00+00:00,4305.700195,4311.799805,4304.500000,4311.000000,862.000000
2026-08-07 00:00:00+00:00,4310.700195,4311.399902,4301.700195,4303.200195,425.000000
2026-08-07 00:15:00+00:00,4303.299805,4304.700195,4297.500000,4302.100098,769.000000
2026-08-07 00:30:00+00:00,4302.000000,4302.000000,4288.200195,4292.799805,1260.000000
2026-08-07 00:45:00+00:00,4293.200195,4295.200195,4288.000000,4291.200195,668.000000
2026-08-07 01:00:00+00:00,4290.899902,4305.100098,4289.799805,4302.399902,1161.000000
2026-08-07 01:15:00+00:00,4302.299805,4308.399902,4298.700195,4302.100098,797.000000
2026-08-07 01:30:00+00:00,4302.100098,4316.799805,4297.700195,4315.000000,1636.000000
2026-08-07 01:45:00+00:00,4314.799805,4317.500000,4310.000000,4314.700195,1048.000000
2026-08-07 02:00:00+00:00,4314.600098,4320.799805,4314.000000,4317.200195,1408.000000
2026-08-07 02:15:00+00:00,4317.100098,4319.700195,4315.700195,4319.399902,540.000000
2026-08-07 02:30:00+00:00,4319.899902,4320.399902,4308.399902,4308.399902,958.000000
2026-08-07 02:45:00+00:00,4308.200195,4314.799805,4305.399902,4309.100098,1163.000000
2026-08-07 03:00:00+00:00,4309.100098,4318.100098,4308.299805,4313.500000,595.000000
2026-08-07 03:15:00+00:00,4313.600098,4317.299805,4310.600098,4317.299805,986.000000
2026-08-07 03:30:00+00:00,4317.399902,4320.399902,4316.600098,4319.600098,459.000000
2026-08-07 03:45:00+00:00,4319.899902,4325.000000,4318.299805,4322.799805,903.000000
2026-08-07 04:00:00+00:00,4325.299805,4328.299805,4321.299805,4325.399902,1486.000000
2026-08-07 04:15:00+00:00,4325.399902,4328.399902,4321.100098,4324.399902,867.000000
2026-08-07 04:30:00+00:00,4324.299805,4327.799805,4320.200195,4323.200195,688.000000
2026-08-07 04:45:00+00:00,4322.899902,4326.200195,4321.399902,4324.100098,286.000000
2026-08-07 05:00:00+00:00,4324.100098,4330.399902,4320.399902,4329.000000,1160.000000
2026-08-07 05:15:00+00:00,4328.600098,4329.899902,4323.799805,4325.700195,626.000000
2026-08-07 05:30:00+00:00,4325.899902,4336.600098,4325.299805,4330.600098,1800.000000
2026-08-07 05:45:00+00:00,4330.700195,4340.000000,4330.700195,4337.700195,1799.000000
2026-08-07 06:00:00+00:00,4337.700195,4350.000000,4337.100098,4345.399902,1993.000000
2026-08-07 06:15:00+00:00,4345.100098,4350.200195,4341.700195,4341.700195,2503.000000
2026-08-07 06:30:00+00:00,4341.899902,4354.200195,4338.600098,4351.399902,2576.000000
2026-08-07 06:45:00+00:00,4351.299805,4358.000000,4347.799805,4356.299805,2461.000000
2026-08-07 07:00:00+00:00,4356.200195,4356.899902,4349.100098,4350.299805,1699.000000
2026-08-07 07:15:00+00:00,4350.500000,4351.600098,4343.799805,4344.299805,1341.000000
2026-08-07 07:30:00+00:00,4344.500000,4348.000000,4343.100098,4344.200195,1022.000000
2026-08-07 07:45:00+00:00,4344.299805,4350.200195,4342.000000,4348.899902,936.000000
2026-08-07 08:00:00+00:00,4349.200195,4359.899902,4347.899902,4358.799805,1891.000000
2026-08-07 08:15:00+00:00,4359.200195,4360.000000,4352.299805,4353.799805,1365.000000
2026-08-07 08:30:00+00:00,4354.000000,4375.899902,4353.399902,4367.700195,3828.000000
2026-08-07 08:45:00+00:00,4368.299805,4370.500000,4362.700195,4365.399902,1292.000000
2026-08-07 09:00:00+00:00,4365.600098,4367.000000,4363.600098,4365.299805,900.000000
2026-08-07 09:15:00+00:00,4365.399902,4370.700195,4364.399902,4365.899902,1185.000000
2026-08-07 09:30:00+00:00,4366.399902,4377.799805,4361.600098,4376.600098,2602.000000
2026-08-07 09:45:00+00:00,4376.799805,4380.100098,4373.899902,4375.600098,2952.000000
2026-08-07 10:00:00+00:00,4375.799805,4379.000000,4367.200195,4367.200195,1488.000000
2026-08-07 10:15:00+00:00,4367.500000,4373.700195,4367.299805,4373.100098,914.000000
2026-08-07 10:30:00+00:00,4373.100098,4377.700195,4372.399902,4376.200195,1058.000000
2026-08-07 10:45:00+00:00,4376.399902,4380.200195,4375.600098,4376.399902,1556.000000
2026-08-07 11:00:00+00:00,4376.299805,4385.700195,4376.299805,4379.500000,2085.000000
2026-08-07 11:15:00+00:00,4379.799805,4386.700195,4376.000000,4384.399902,2151.000000
2026-08-07 11:30:00+00:00,4384.500000,4387.100098,4380.200195,4382.200195,1638.000000
2026-08-07 11:45:00+00:00,4382.000000,4386.500000,4380.100098,4380.799805,1963.000000
2026-08-07 12:00:00+00:00,4380.600098,4384.799805,4374.100098,4374.700195,2795.000000
2026-08-07 12:15:00+00:00,4374.299805,4376.600098,4361.000000,4370.799805,4205.000000
2026-08-07 12:30:00+00:00,4373.000000,4431.399902,4370.799805,4427.399902,16596.000000
2026-08-07 12:45:00+00:00,4427.700195,4432.299805,4416.100098,4421.899902,5816.000000
2026-08-07 13:00:00+00:00,4421.600098,4424.600098,4405.500000,4407.899902,5723.000000
2026-08-07 13:15:00+00:00,4407.899902,4418.200195,4398.899902,4416.799805,4130.000000
2026-08-07 13:30:00+00:00,4416.799805,4428.799805,4409.700195,4418.600098,6432.000000
2026-08-07 13:45:00+00:00,4418.799805,4420.600098,4402.500000,4408.299805,5564.000000
2026-08-07 14:00:00+00:00,4408.399902,4409.500000,4386.899902,4394.000000,7331.000000
2026-08-07 14:15:00+00:00,4393.799805,4413.000000,4390.000000,4408.700195,4929.000000
2026-08-07 14:30:00+00:00,4409.100098,4411.000000,4402.299805,4404.299805,3744.000000
2026-08-07 14:45:00+00:00,4404.799805,4409.000000,4400.100098,4401.299805,2675.000000
2026-08-07 15:00:00+00:00,4401.399902,4416.000000,4400.000000,4415.000000,4174.000000
2026-08-07 15:15:00+00:00,4415.500000,4418.100098,4410.500000,4410.799805,2579.000000
2026-08-07 15:30:00+00:00,4410.899902,4413.299805,4406.600098,4408.700195,2240.000000
2026-08-07 15:45:00+00:00,4408.799805,4410.799805,4398.899902,4400.399902,2773.000000
2026-08-07 16:00:00+00:00,4400.399902,4409.200195,4397.899902,4407.000000,2011.000000
2026-08-07 16:15:00+00:00,4407.200195,4409.399902,4393.799805,4396.899902,2272.000000
2026-08-07 16:30:00+00:00,4396.799805,4401.600098,4391.899902,4398.299805,2158.000000
2026-08-07 16:45:00+00:00,4398.100098,4402.000000,4388.799805,4389.500000,2322.000000
2026-08-07 17:00:00+00:00,4388.700195,4398.100098,4387.399902,4395.200195,1488.000000
2026-08-07 17:15:00+00:00,4395.000000,4401.700195,4393.200195,4398.899902,4699.000000
2026-08-07 17:30:00+00:00,4399.100098,4399.500000,4389.000000,4395.700195,2365.000000
2026-08-07 17:45:00+00:00,4395.299805,4402.500000,4394.200195,4400.000000,1843.000000
2026-08-07 18:00:00+00:00,4399.799805,4403.000000,4394.600098,4394.799805,1016.000000
2026-08-07 18:15:00+00:00,4395.000000,4398.000000,4391.899902,4394.100098,1211.000000
2026-08-07 18:30:00+00:00,4394.299805,4399.000000,4393.299805,4394.100098,934.000000
2026-08-07 18:45:00+00:00,4394.399902,4397.500000,4393.399902,4395.600098,776.000000
2026-08-07 19:00:00+00:00,4395.700195,4406.299805,4395.700195,4403.700195,1339.000000
2026-08-07 19:15:00+00:00,4404.000000,4410.600098,4403.299805,4408.399902,1018.000000
2026-08-07 19:30:00+00:00,4408.600098,4408.899902,4404.399902,4407.799805,950.000000
2026-08-07 19:45:00+00:00,4407.500000,4409.000000,4399.600098,4403.100098,1546.000000
2026-08-07 20:00:00+00:00,4403.000000,4404.600098,4397.500000,4401.799805,801.000000
2026-08-07 20:15:00+00:00,4401.700195,4402.200195,4396.500000,4397.299805,837.000000
2026-08-07 20:30:00+00:00,4396.899902,4401.600098,4395.299805,4400.799805,382.000000
2026-08-07 20:45:00+00:00,4400.500000,4402.600098,4398.399902,4399.700195,569.000000
2026-08-09 22:00:00+00:00,4398.000000,4405.500000,4398.000000,4402.299805,243.000000
2026-08-09 22:15:00+00:00,4402.299805,4404.100098,4397.000000,4402.899902,447.000000
2026-08-09 22:30:00+00:00,4402.899902,4404.399902,4398.600098,4398.899902,223.000000
2026-08-09 22:45:00+00:00,4398.799805,4403.000000,4398.700195,4400.200195,184.000000
2026-08-09 23:00:00+00:00,4400.399902,4406.799805,4399.500000,4405.299805,388.000000
2026-08-09 23:15:00+00:00,4405.700195,4408.000000,4403.100098,4405.500000,310.000000
2026-08-09 23:30:00+00:00,4405.500000,4406.500000,4398.899902,4401.100098,481.000000
2026-08-09 23:45:00+00:00,4400.700195,4402.200195,4390.799805,4392.000000,485.000000
2026-08-10 00:00:00+00:00,4391.899902,4406.000000,4391.399902,4403.399902,610.000000
2026-08-10 00:15:00+00:00,4403.700195,4404.700195,4396.100098,4396.700195,502.000000
2026-08-10 00:30:00+00:00,4396.600098,4398.100098,4392.399902,4393.299805,393.000000
2026-08-10 00:45:00+00:00,4393.000000,4396.200195,4389.799805,4391.299805,490.000000
2026-08-10 01:00:00+00:00,4391.500000,4400.000000,4382.000000,4382.899902,3179.000000
2026-08-10 01:15:00+00:00,4383.500000,4388.799805,4376.700195,4376.899902,2521.000000
2026-08-10 01:30:00+00:00,4376.700195,4381.200195,4373.899902,4377.899902,1127.000000
2026-08-10 01:45:00+00:00,4378.000000,4384.299805,4376.399902,4383.000000,929.000000
2026-08-10 02:00:00+00:00,4382.799805,4386.600098,4379.700195,4385.100098,720.000000
2026-08-10 02:15:00+00:00,4385.000000,4392.100098,4384.000000,4390.899902,745.000000
2026-08-10 02:30:00+00:00,4391.000000,4392.500000,4383.399902,4386.600098,972.000000
2026-08-10 02:45:00+00:00,4386.799805,4387.399902,4379.000000,4380.000000,899.000000
2026-08-10 03:00:00+00:00,4379.600098,4381.100098,4377.399902,4379.899902,389.000000
2026-08-10 03:15:00+00:00,4380.000000,4388.299805,4379.799805,4387.899902,973.000000
2026-08-10 03:30:00+00:00,4387.700195,4390.299805,4385.399902,4386.000000,506.000000
2026-08-10 03:45:00+00:00,4385.799805,4388.600098,4384.600098,4387.799805,295.000000
2026-08-10 04:00:00+00:00,4387.700195,4393.200195,4383.600098,4392.600098,1023.000000
2026-08-10 04:15:00+00:00,4392.799805,4397.799805,4391.299805,4394.500000,774.000000
2026-08-10 04:30:00+00:00,4394.899902,4396.600098,4389.799805,4392.100098,583.000000
2026-08-10 04:45:00+00:00,4392.100098,4399.799805,4391.200195,4399.500000,1001.000000
2026-08-10 05:00:00+00:00,4399.100098,4399.700195,4393.200195,4394.700195,838.000000
2026-08-10 05:15:00+00:00,4395.100098,4396.000000,4392.600098,4393.700195,396.000000
2026-08-10 05:30:00+00:00,4393.500000,4404.399902,4391.500000,4403.899902,1662.000000
2026-08-10 05:45:00+00:00,4403.500000,4412.500000,4400.799805,4407.000000,1485.000000
2026-08-10 06:00:00+00:00,4407.299805,4409.899902,4401.500000,4407.000000,918.000000
2026-08-10 06:15:00+00:00,4407.200195,4409.600098,4402.299805,4407.700195,854.000000
2026-08-10 06:30:00+00:00,4407.600098,4415.200195,4405.299805,4414.600098,1747.000000
2026-08-10 06:45:00+00:00,4415.000000,4419.500000,4414.600098,4417.799805,933.000000
2026-08-10 07:00:00+00:00,4417.799805,4418.399902,4409.399902,4410.299805,1265.000000
2026-08-10 07:15:00+00:00,4410.500000,4418.500000,4409.700195,4414.500000,1363.000000
2026-08-10 07:30:00+00:00,4414.299805,4419.500000,4412.000000,4418.700195,1006.000000
2026-08-10 07:45:00+00:00,4418.600098,4421.500000,4414.000000,4414.700195,813.000000
2026-08-10 08:00:00+00:00,4415.000000,4415.500000,4411.100098,4414.000000,762.000000
2026-08-10 08:15:00+00:00,4413.500000,4415.700195,4411.399902,4415.100098,596.000000
2026-08-10 08:30:00+00:00,4414.799805,4416.000000,4404.700195,4405.299805,1109.000000
2026-08-10 08:45:00+00:00,4405.200195,4408.299805,4402.899902,4405.600098,1886.000000
2026-08-10 09:00:00+00:00,4405.600098,4409.200195,4404.600098,4408.899902,1377.000000
2026-08-10 09:15:00+00:00,4409.000000,4409.000000,4404.100098,4406.100098,702.000000
2026-08-10 09:30:00+00:00,4405.700195,4406.100098,4398.399902,4403.299805,2018.000000
2026-08-10 09:45:00+00:00,4403.200195,4404.799805,4399.799805,4400.100098,580.000000
2026-08-10 10:00:00+00:00,4400.399902,4400.799805,4398.200195,4399.899902,915.000000
2026-08-10 10:15:00+00:00,4399.700195,4403.200195,4398.500000,4402.600098,617.000000
2026-08-10 10:30:00+00:00,4402.700195,4403.299805,4396.700195,4396.899902,644.000000
2026-08-10 10:45:00+00:00,4396.799805,4400.000000,4394.600098,4395.200195,1094.000000
2026-08-10 11:00:00+00:00,4395.299805,4396.000000,4386.299805,4390.500000,1485.000000
2026-08-10 11:15:00+00:00,4390.100098,4395.700195,4388.000000,4394.000000,860.000000
2026-08-10 11:30:00+00:00,4393.700195,4398.500000,4393.700195,4396.500000,851.000000
2026-08-10 11:45:00+00:00,4396.600098,4397.000000,4391.200195,4393.899902,693.000000
2026-08-10 12:00:00+00:00,4393.799805,4396.399902,4389.600098,4390.399902,910.000000
2026-08-10 12:15:00+00:00,4390.700195,4391.200195,4382.799805,4386.500000,1382.000000
2026-08-10 12:30:00+00:00,4386.399902,4391.500000,4385.200195,4387.899902,1304.000000
2026-08-10 12:45:00+00:00,4387.600098,4394.600098,4387.299805,4391.600098,910.000000
2026-08-10 13:00:00+00:00,4391.100098,4396.600098,4384.799805,4396.100098,2005.000000
2026-08-10 13:15:00+00:00,4396.399902,4396.500000,4387.899902,4394.000000,1391.000000
2026-08-10 13:30:00+00:00,4394.000000,4398.399902,4388.000000,4389.200195,2526.000000
2026-08-10 13:45:00+00:00,4388.799805,4390.200195,4375.000000,4376.299805,4317.000000
2026-08-10 14:00:00+00:00,4376.200195,4390.000000,4376.200195,4388.799805,2724.000000
2026-08-10 14:15:00+00:00,4388.700195,4407.200195,4387.299805,4404.399902,4648.000000
2026-08-10 14:30:00+00:00,4404.299805,4411.299805,4404.000000,4409.100098,3295.000000
2026-08-10 14:45:00+00:00,4409.200195,4410.600098,4402.399902,4405.200195,2024.000000
2026-08-10 15:00:00+00:00,4405.200195,4411.799805,4402.700195,4406.399902,2567.000000
2026-08-10 15:15:00+00:00,4406.399902,4412.200195,4405.500000,4408.799805,1700.000000
2026-08-10 15:30:00+00:00,4409.000000,4411.600098,4407.399902,4409.500000,1220.000000
2026-08-10 15:45:00+00:00,4410.000000,4419.200195,4408.000000,4417.899902,2084.000000
2026-08-10 16:00:00+00:00,4418.100098,4424.500000,4416.399902,4420.899902,2773.000000
2026-08-10 16:15:00+00:00,4420.899902,4424.000000,4420.500000,4422.100098,768.000000
2026-08-10 16:30:00+00:00,4422.200195,4422.500000,4408.600098,4411.000000,3369.000000
2026-08-10 16:45:00+00:00,4411.000000,4416.500000,4411.000000,4416.299805,944.000000
2026-08-10 17:00:00+00:00,4416.399902,4417.299805,4410.500000,4416.500000,1293.000000
2026-08-10 17:15:00+00:00,4416.100098,4420.500000,4415.100098,4420.500000,2320.000000
2026-08-10 17:30:00+00:00,4420.299805,4425.200195,4418.899902,4419.600098,1312.000000
2026-08-10 17:45:00+00:00,4419.500000,4420.600098,4416.600098,4419.200195,754.000000
2026-08-10 18:00:00+00:00,4419.399902,4424.799805,4418.799805,4422.299805,842.000000
2026-08-10 18:15:00+00:00,4422.000000,4426.500000,4420.700195,4425.000000,996.000000
2026-08-10 18:30:00+00:00,4425.200195,4442.500000,4424.500000,4438.700195,3532.000000
2026-08-10 18:45:00+00:00,4438.899902,4438.899902,4432.799805,4437.700195,1168.000000
2026-08-10 19:00:00+00:00,4437.799805,4441.899902,4437.799805,4441.299805,884.000000
2026-08-10 19:15:00+00:00,4441.200195,4450.700195,4440.500000,4449.700195,2226.000000
2026-08-10 19:30:00+00:00,4449.799805,4453.100098,4443.299805,4446.500000,1882.000000
2026-08-10 19:45:00+00:00,4447.200195,4453.799805,4445.899902,4446.799805,1836.000000
2026-08-10 20:00:00+00:00,4447.000000,4449.600098,4444.700195,4448.200195,566.000000
2026-08-10 20:15:00+00:00,4448.600098,4451.100098,4445.500000,4450.200195,441.000000
2026-08-10 20:30:00+00:00,4450.299805,4451.299805,4448.899902,4449.100098,285.000000
2026-08-10 20:45:00+00:00,4448.899902,4450.000000,4447.600098,4448.600098,458.000000
2026-08-10 22:00:00+00:00,4446.899902,4452.299805,4443.200195,4450.100098,216.000000
2026-08-10 22:15:00+00:00,4450.500000,4452.600098,4450.500000,4451.000000,157.000000
2026-08-10 22:30:00+00:00,4451.299805,4455.600098,4451.299805,4454.600098,540.000000
2026-08-10 22:45:00+00:00,4454.500000,4460.399902,4454.500000,4459.000000,650.000000
2026-08-10 23:00:00+00:00,4459.100098,4461.600098,4455.200195,4457.000000,945.000000
2026-08-10 23:15:00+00:00,4456.700195,4457.000000,4453.899902,4455.100098,269.000000
2026-08-10 23:30:00+00:00,4454.899902,4458.500000,4454.399902,4458.000000,407.000000
2026-08-10 23:45:00+00:00,4458.399902,4462.399902,4455.700195,4462.100098,476.000000
2026-08-11 00:00:00+00:00,4462.299805,4468.600098,4456.000000,4464.799805,1621.000000
2026-08-11 00:15:00+00:00,4464.600098,4475.500000,4463.799805,4473.500000,1471.000000
2026-08-11 00:30:00+00:00,4473.100098,4473.299805,4466.500000,4473.200195,1043.000000
2026-08-11 00:45:00+00:00,4473.500000,4478.600098,4467.299805,4468.500000,1230.000000
2026-08-11 01:00:00+00:00,4469.000000,4475.000000,4453.000000,4473.899902,3085.000000
2026-08-11 01:15:00+00:00,4473.799805,4480.000000,4472.500000,4479.200195,1549.000000
2026-08-11 01:30:00+00:00,4479.399902,4483.100098,4475.399902,4475.500000,1654.000000
2026-08-11 01:45:00+00:00,4475.399902,4493.700195,4474.600098,4489.200195,2309.000000
2026-08-11 02:00:00+00:00,4489.200195,4494.500000,4481.000000,4494.000000,1976.000000
2026-08-11 02:15:00+00:00,4494.000000,4495.000000,4486.000000,4488.500000,1529.000000
2026-08-11 02:30:00+00:00,4488.200195,4489.100098,4473.899902,4478.600098,1622.000000
2026-08-11 02:45:00+00:00,4478.399902,4479.299805,4468.000000,4470.799805,1177.000000
2026-08-11 03:00:00+00:00,4470.700195,4475.200195,4469.600098,4473.500000,621.000000
2026-08-11 03:15:00+00:00,4473.399902,4480.799805,4473.100098,4480.000000,650.000000
2026-08-11 03:30:00+00:00,4480.299805,4481.399902,4475.200195,4475.700195,448.000000
2026-08-11 03:45:00+00:00,4475.799805,4478.600098,4473.700195,4477.000000,515.000000
2026-08-11 04:00:00+00:00,4476.500000,4479.200195,4472.000000,4473.700195,689.000000
2026-08-11 04:15:00+00:00,4474.299805,4475.899902,4469.700195,4474.899902,683.000000
2026-08-11 04:30:00+00:00,4474.600098,4480.299805,4468.200195,4469.899902,1403.000000
2026-08-11 04:45:00+00:00,4470.000000,4471.200195,4463.299805,4468.700195,1091.000000
2026-08-11 05:00:00+00:00,4468.799805,4468.899902,4459.000000,4462.100098,786.000000
2026-08-11 05:15:00+00:00,4461.600098,4461.899902,4450.000000,4451.799805,1646.000000
2026-08-11 05:30:00+00:00,4451.600098,4451.600098,4432.200195,4437.100098,4250.000000
2026-08-11 05:45:00+00:00,4436.899902,4438.299805,4427.100098,4435.200195,2077.000000
2026-08-11 06:00:00+00:00,4434.700195,4442.000000,4431.299805,4432.200195,2116.000000
2026-08-11 06:15:00+00:00,4432.100098,4435.200195,4421.000000,4422.899902,2335.000000
2026-08-11 06:30:00+00:00,4422.799805,4428.600098,4418.799805,4422.899902,1715.000000
2026-08-11 06:45:00+00:00,4422.899902,4426.600098,4418.700195,4425.299805,1165.000000
2026-08-11 07:00:00+00:00,4425.200195,4426.500000,4420.399902,4422.399902,1047.000000
2026-08-11 07:15:00+00:00,4422.500000,4425.200195,4416.600098,4422.200195,1215.000000
2026-08-11 07:30:00+00:00,4422.500000,4424.100098,4415.700195,4417.500000,899.000000
2026-08-11 07:45:00+00:00,4417.799805,4420.700195,4415.799805,4416.600098,871.000000
2026-08-11 08:00:00+00:00,4417.100098,4426.500000,4416.100098,4424.299805,1313.000000
2026-08-11 08:15:00+00:00,4424.200195,4428.399902,4418.000000,4427.700195,1304.000000
2026-08-11 08:30:00+00:00,4427.500000,4434.600098,4427.399902,4433.299805,1394.000000
2026-08-11 08:45:00+00:00,4433.600098,4435.500000,4427.700195,4428.100098,1291.000000
2026-08-11 09:00:00+00:00,4428.000000,4431.799805,4426.100098,4431.200195,741.000000
2026-08-11 09:15:00+00:00,4431.200195,4434.399902,4429.500000,4430.299805,1231.000000
2026-08-11 09:30:00+00:00,4430.500000,4433.899902,4428.799805,4429.500000,1186.000000
2026-08-11 09:45:00+00:00,4429.200195,4433.799805,4429.100098,4431.399902,463.000000
2026-08-11 10:00:00+00:00,4431.299805,4435.000000,4430.000000,4431.700195,539.000000
2026-08-11 10:15:00+00:00,4431.700195,4441.000000,4431.200195,4437.299805,1166.000000
2026-08-11 10:30:00+00:00,4437.299805,4440.100098,4435.500000,4436.200195,875.000000
2026-08-11 10:45:00+00:00,4436.600098,4441.200195,4436.200195,4441.200195,796.000000
2026-08-11 11:00:00+00:00,4441.100098,4451.799805,4439.100098,4449.500000,2919.000000
2026-08-11 11:15:00+00:00,4449.799805,4450.500000,4443.600098,4445.700195,1225.000000
2026-08-11 11:30:00+00:00,4445.899902,4446.399902,4441.399902,4444.600098,867.000000
2026-08-11 11:45:00+00:00,4444.399902,4448.100098,4443.399902,4446.100098,1279.000000
2026-08-11 12:00:00+00:00,4446.200195,4456.000000,4442.200195,4455.100098,2330.000000
2026-08-11 12:15:00+00:00,4455.600098,4458.399902,4446.200195,4449.200195,3780.000000
2026-08-11 12:30:00+00:00,4449.700195,4457.299805,4446.799805,4456.899902,3035.000000
2026-08-11 12:45:00+00:00,4457.000000,4458.799805,4450.200195,4450.600098,1716.000000
2026-08-11 13:00:00+00:00,4450.700195,4459.700195,4449.700195,4452.799805,2354.000000
2026-08-11 13:15:00+00:00,4452.700195,4459.899902,4448.399902,4456.799805,2050.000000
2026-08-11 13:30:00+00:00,4457.200195,4460.899902,4447.700195,4458.700195,3357.000000
2026-08-11 13:45:00+00:00,4459.100098,4463.299805,4442.899902,4448.200195,4038.000000
2026-08-11 14:00:00+00:00,4448.200195,4449.299805,4439.899902,4445.600098,3808.000000
2026-08-11 14:15:00+00:00,4445.899902,4449.299805,4440.600098,4443.100098,2141.000000
2026-08-11 14:30:00+00:00,4443.000000,4454.799805,4443.000000,4453.000000,2393.000000
2026-08-11 14:45:00+00:00,4453.000000,4457.399902,4451.100098,4453.600098,1838.000000
2026-08-11 15:00:00+00:00,4453.600098,4458.200195,4448.600098,4451.399902,1947.000000
2026-08-11 15:15:00+00:00,4451.299805,4451.600098,4440.899902,4445.799805,2978.000000
2026-08-11 15:30:00+00:00,4445.500000,4445.799805,4428.200195,4435.100098,3586.000000
2026-08-11 15:45:00+00:00,4435.200195,4443.399902,4434.299805,4443.200195,1769.000000
2026-08-11 16:00:00+00:00,4443.500000,4444.399902,4438.200195,4439.600098,1107.000000
2026-08-11 16:15:00+00:00,4439.399902,4443.200195,4438.200195,4442.399902,564.000000
2026-08-11 16:30:00+00:00,4442.600098,4445.299805,4438.899902,4444.399902,858.000000
2026-08-11 16:45:00+00:00,4444.500000,4445.000000,4440.600098,4443.100098,783.000000
2026-08-11 17:00:00+00:00,4443.299805,4445.700195,4440.799805,4440.899902,1021.000000
2026-08-11 17:15:00+00:00,4440.600098,4443.799805,4438.299805,4440.799805,2834.000000
2026-08-11 17:30:00+00:00,4440.600098,4441.500000,4433.899902,4435.700195,1421.000000
2026-08-11 17:45:00+00:00,4435.299805,4437.100098,4428.200195,4428.299805,1284.000000
2026-08-11 18:00:00+00:00,4428.500000,4428.700195,4419.700195,4423.100098,2595.000000
2026-08-11 18:15:00+00:00,4423.000000,4426.500000,4419.700195,4420.500000,1438.000000
2026-08-11 18:30:00+00:00,4420.399902,4431.000000,4420.299805,4430.200195,1059.000000
2026-08-11 18:45:00+00:00,4430.399902,4431.899902,4428.899902,4430.399902,689.000000
2026-08-11 19:00:00+00:00,4430.399902,4431.200195,4422.299805,4422.399902,2000.000000
2026-08-11 19:15:00+00:00,4423.000000,4430.200195,4420.000000,4429.700195,1830.000000
2026-08-11 19:30:00+00:00,4429.799805,4433.600098,4425.700195,4427.100098,1197.000000
2026-08-11 19:45:00+00:00,4427.399902,4432.100098,4425.600098,4429.700195,1049.000000
2026-08-11 20:00:00+00:00,4429.299805,4430.000000,4427.100098,4429.500000,386.000000
2026-08-11 20:15:00+00:00,4428.899902,4430.000000,4426.500000,4429.299805,217.000000
2026-08-11 20:30:00+00:00,4429.500000,4429.500000,4426.600098,4426.700195,130.000000
2026-08-11 20:45:00+00:00,4426.399902,4428.299805,4426.100098,4427.799805,172.000000
2026-08-11 22:00:00+00:00,4430.000000,4433.600098,4427.799805,4432.200195,195.000000
2026-08-11 22:15:00+00:00,4432.399902,4435.200195,4431.500000,4434.899902,673.000000
2026-08-11 22:30:00+00:00,4434.899902,4436.299805,4433.500000,4434.500000,698.000000
2026-08-11 22:45:00+00:00,4435.000000,4437.799805,4426.100098,4427.899902,1526.000000
2026-08-11 23:00:00+00:00,4428.700195,4428.700195,4421.399902,4425.399902,1678.000000
2026-08-11 23:15:00+00:00,4424.700195,4433.000000,4424.000000,4431.600098,1068.000000
2026-08-11 23:30:00+00:00,4431.500000,4431.600098,4425.600098,4426.700195,496.000000
2026-08-11 23:45:00+00:00,4427.000000,4431.000000,4427.000000,4430.399902,220.000000
2026-08-12 00:00:00+00:00,4430.600098,4438.399902,4426.000000,4437.500000,713.000000
2026-08-12 00:15:00+00:00,4437.299805,4440.500000,4433.200195,4440.000000,549.000000
2026-08-12 00:30:00+00:00,4440.500000,4442.899902,4438.799805,4442.399902,678.000000
2026-08-12 00:45:00+00:00,4442.299805,4442.500000,4437.200195,4440.200195,419.000000
2026-08-12 01:00:00+00:00,4440.299805,4450.200195,4438.000000,4449.600098,1549.000000
2026-08-12 01:15:00+00:00,4450.200195,4454.000000,4446.200195,4450.000000,1038.000000
2026-08-12 01:30:00+00:00,4450.100098,4452.899902,4444.700195,4452.399902,1063.000000
2026-08-12 01:45:00+00:00,4452.500000,4456.899902,4450.799805,4456.200195,1087.000000
2026-08-12 02:00:00+00:00,4456.100098,4464.000000,4453.899902,4460.899902,1644.000000
2026-08-12 02:15:00+00:00,4460.700195,4462.700195,4458.500000,4461.500000,958.000000
2026-08-12 02:30:00+00:00,4461.299805,4467.600098,4456.700195,4464.899902,1551.000000
2026-08-12 02:45:00+00:00,4465.000000,4474.200195,4464.700195,4470.799805,1708.000000
2026-08-12 03:00:00+00:00,4471.100098,4475.700195,4468.100098,4470.700195,1377.000000
2026-08-12 03:15:00+00:00,4470.500000,4470.600098,4464.500000,4467.100098,891.000000
2026-08-12 03:30:00+00:00,4468.299805,4468.799805,4461.399902,4461.600098,827.000000
2026-08-12 03:45:00+00:00,4461.500000,4463.799805,4460.600098,4461.799805,517.000000
2026-08-12 04:00:00+00:00,4462.399902,4463.100098,4456.399902,4457.500000,719.000000
2026-08-12 04:15:00+00:00,4457.200195,4459.500000,4455.399902,4459.100098,458.000000
2026-08-12 04:30:00+00:00,4459.299805,4460.200195,4455.299805,4460.200195,566.000000
2026-08-12 04:45:00+00:00,4459.799805,4462.399902,4459.100098,4461.000000,596.000000
2026-08-12 05:00:00+00:00,4460.899902,4465.100098,4460.000000,4461.000000,781.000000
2026-08-12 05:15:00+00:00,4460.700195,4460.700195,4451.899902,4452.399902,1222.000000
2026-08-12 05:30:00+00:00,4452.200195,4456.700195,4447.899902,4448.000000,1229.000000
2026-08-12 05:45:00+00:00,4447.799805,4454.100098,4444.000000,4451.000000,1307.000000
2026-08-12 06:00:00+00:00,4450.899902,4452.899902,4445.299805,4447.299805,896.000000
2026-08-12 06:15:00+00:00,4446.899902,4450.600098,4445.799805,4449.600098,674.000000
2026-08-12 06:30:00+00:00,4449.899902,4457.399902,4448.500000,4453.899902,1300.000000
2026-08-12 06:45:00+00:00,4454.399902,4466.100098,4454.399902,4463.200195,1684.000000
2026-08-12 07:00:00+00:00,4463.000000,4465.700195,4460.399902,4460.799805,1252.000000
2026-08-12 07:15:00+00:00,4460.799805,4462.100098,4457.399902,4461.700195,813.000000
2026-08-12 07:30:00+00:00,4461.700195,4467.799805,4460.799805,4467.500000,1083.000000
2026-08-12 07:45:00+00:00,4467.299805,4469.500000,4464.100098,4465.899902,1289.000000
2026-08-12 08:00:00+00:00,4465.899902,4470.100098,4465.299805,4467.899902,834.000000
2026-08-12 08:15:00+00:00,4467.899902,4469.000000,4465.000000,4466.600098,756.000000
2026-08-12 08:30:00+00:00,4466.399902,4466.899902,4463.600098,4464.899902,809.000000
2026-08-12 08:45:00+00:00,4464.600098,4464.600098,4460.600098,4460.600098,434.000000
2026-08-12 09:00:00+00:00,4460.899902,4472.700195,4460.899902,4472.200195,1357.000000
2026-08-12 09:15:00+00:00,4472.600098,4484.200195,4471.799805,4472.700195,2590.000000
2026-08-12 09:30:00+00:00,4472.700195,4476.799805,4471.600098,4473.399902,1425.000000
2026-08-12 09:45:00+00:00,4473.299805,4476.200195,4470.000000,4475.399902,1292.000000
2026-08-12 10:00:00+00:00,4475.500000,4479.799805,4474.100098,4477.700195,1010.000000
2026-08-12 10:15:00+00:00,4477.799805,4480.399902,4476.899902,4479.200195,823.000000
2026-08-12 10:30:00+00:00,4479.200195,4479.200195,4472.200195,4474.200195,1043.000000
2026-08-12 10:45:00+00:00,4474.100098,4475.000000,4465.899902,4472.000000,1234.000000
2026-08-12 11:00:00+00:00,4472.299805,4474.500000,4467.200195,4467.600098,1094.000000
2026-08-12 11:15:00+00:00,4467.700195,4476.600098,4467.500000,4474.600098,1309.000000
2026-08-12 11:30:00+00:00,4474.899902,4475.700195,4469.899902,4473.000000,680.000000
2026-08-12 11:45:00+00:00,4473.200195,4475.299805,4472.100098,4472.399902,1034.000000
2026-08-12 12:00:00+00:00,4472.399902,4472.600098,4465.500000,4468.100098,1720.000000
2026-08-12 12:15:00+00:00,4468.000000,4487.700195,4463.500000,4487.700195,3536.000000
2026-08-12 12:30:00+00:00,4488.000000,4498.000000,4440.000000,4488.299805,15873.000000
2026-08-12 12:45:00+00:00,4488.500000,4499.299805,4475.899902,4498.200195,4466.000000
2026-08-12 13:00:00+00:00,4497.799805,4502.700195,4480.000000,4481.899902,5534.000000
2026-08-12 13:15:00+00:00,4481.700195,4488.899902,4474.399902,4478.200195,2963.000000
2026-08-12 13:30:00+00:00,4478.399902,4480.899902,4468.000000,4475.799805,5552.000000
2026-08-12 13:45:00+00:00,4476.399902,4494.000000,4475.700195,4487.399902,4334.000000
2026-08-12 14:00:00+00:00,4487.500000,4495.200195,4480.399902,4491.899902,3948.000000
2026-08-12 14:15:00+00:00,4492.100098,4499.799805,4490.000000,4491.500000,2800.000000
2026-08-12 14:30:00+00:00,4491.299805,4496.000000,4476.100098,4484.799805,4976.000000
2026-08-12 14:45:00+00:00,4484.700195,4492.000000,4475.799805,4481.399902,3239.000000
2026-08-12 15:00:00+00:00,4481.200195,4489.500000,4474.000000,4486.399902,2534.000000
2026-08-12 15:15:00+00:00,4486.500000,4487.899902,4479.399902,4481.200195,1437.000000
2026-08-12 15:30:00+00:00,4481.100098,4485.000000,4476.200195,4477.700195,1401.000000
2026-08-12 15:45:00+00:00,4477.799805,4481.700195,4470.200195,4480.399902,2154.000000
2026-08-12 16:00:00+00:00,4480.200195,4485.200195,4476.399902,4482.899902,1808.000000
2026-08-12 16:15:00+00:00,4483.299805,4486.200195,4482.100098,4483.000000,1212.000000
2026-08-12 16:30:00+00:00,4483.100098,4483.700195,4469.200195,4470.899902,2551.000000
2026-08-12 16:45:00+00:00,4470.700195,4471.200195,4455.899902,4461.700195,3530.000000
2026-08-12 17:00:00+00:00,4461.700195,4468.000000,4460.100098,4464.000000,1752.000000
2026-08-12 17:15:00+00:00,4464.100098,4470.000000,4461.899902,4466.700195,3008.000000
2026-08-12 17:30:00+00:00,4466.799805,4471.700195,4461.500000,4462.200195,1786.000000
2026-08-12 17:45:00+00:00,4462.200195,4465.799805,4459.000000,4459.600098,1060.000000
2026-08-12 18:00:00+00:00,4459.299805,4466.500000,4456.000000,4465.799805,954.000000
2026-08-12 18:15:00+00:00,4466.000000,4471.399902,4464.399902,4468.399902,699.000000
2026-08-12 18:30:00+00:00,4468.399902,4473.700195,4467.899902,4473.500000,896.000000
2026-08-12 18:45:00+00:00,4473.799805,4478.100098,4472.899902,4473.200195,1301.000000
2026-08-12 19:00:00+00:00,4473.200195,4478.299805,4473.000000,4476.399902,615.000000
2026-08-12 19:15:00+00:00,4476.000000,4477.899902,4475.600098,4476.600098,279.000000
2026-08-12 19:30:00+00:00,4476.500000,4476.500000,4471.200195,4473.200195,757.000000
2026-08-12 19:45:00+00:00,4473.200195,4473.899902,4468.500000,4473.899902,1046.000000
2026-08-12 20:00:00+00:00,4473.700195,4474.299805,4469.000000,4469.299805,506.000000
2026-08-12 20:15:00+00:00,4469.100098,4470.100098,4466.700195,4467.799805,170.000000
2026-08-12 20:30:00+00:00,4467.899902,4468.799805,4466.799805,4468.100098,252.000000
2026-08-12 20:45:00+00:00,4468.000000,4469.100098,4466.700195,4469.000000,412.000000
2026-08-12 22:00:00+00:00,4468.799805,4470.299805,4460.899902,4461.600098,274.000000
2026-08-12 22:15:00+00:00,4461.700195,4461.899902,4456.500000,4457.500000,407.000000
2026-08-12 22:30:00+00:00,4457.500000,4460.700195,4456.899902,4458.399902,226.000000
2026-08-12 22:45:00+00:00,4458.000000,4461.200195,4457.899902,4459.899902,197.000000
2026-08-12 23:00:00+00:00,4460.100098,4464.500000,4459.899902,4463.899902,274.000000
2026-08-12 23:15:00+00:00,4464.200195,4468.399902,4464.200195,4466.799805,441.000000
2026-08-12 23:30:00+00:00,4467.399902,4468.899902,4465.700195,4467.000000,284.000000
2026-08-12 23:45:00+00:00,4467.399902,4473.200195,4466.600098,4473.100098,353.000000
2026-08-13 00:00:00+00:00,4473.200195,4481.500000,4471.899902,4478.200195,1164.000000
2026-08-13 00:15:00+00:00,4478.299805,4496.600098,4478.299805,4487.399902,2225.000000
2026-08-13 00:30:00+00:00,4487.600098,4509.100098,4483.299805,4499.200195,3759.000000
2026-08-13 00:45:00+00:00,4499.600098,4499.600098,4482.700195,4486.899902,1909.000000
2026-08-13 01:00:00+00:00,4486.700195,4494.000000,4481.399902,4489.000000,1850.000000
2026-08-13 01:15:00+00:00,4488.799805,4494.100098,4477.700195,4478.000000,1162.000000
2026-08-13 01:30:00+00:00,4477.700195,4489.000000,4476.299805,4477.600098,1197.000000
2026-08-13 01:45:00+00:00,4477.700195,4478.000000,4464.700195,4467.000000,1970.000000
2026-08-13 02:00:00+00:00,4466.799805,4472.600098,4463.799805,4469.000000,1187.000000
2026-08-13 02:15:00+00:00,4469.000000,4471.000000,4464.399902,4464.700195,582.000000
2026-08-13 02:30:00+00:00,4464.299805,4468.799805,4457.000000,4468.799805,1438.000000
2026-08-13 02:45:00+00:00,4469.000000,4469.299805,4464.299805,4465.700195,438.000000
2026-08-13 03:00:00+00:00,4465.799805,4470.700195,4462.600098,4465.899902,590.000000
2026-08-13 03:15:00+00:00,4465.700195,4468.700195,4464.000000,4467.799805,360.000000
2026-08-13 03:30:00+00:00,4467.500000,4468.799805,4464.000000,4464.500000,400.000000
2026-08-13 03:45:00+00:00,4464.500000,4466.299805,4458.000000,4458.299805,1380.000000
2026-08-13 04:00:00+00:00,4458.700195,4458.700195,4449.399902,4452.500000,2328.000000
2026-08-13 04:15:00+00:00,4452.399902,4457.200195,4450.399902,4456.200195,670.000000
2026-08-13 04:30:00+00:00,4456.200195,4457.500000,4453.000000,4453.600098,346.000000
2026-08-13 04:45:00+00:00,4453.299805,4456.299805,4452.799805,4455.500000,358.000000
2026-08-13 05:00:00+00:00,4455.200195,4462.399902,4450.700195,4462.100098,1361.000000
2026-08-13 05:15:00+00:00,4462.200195,4465.200195,4458.500000,4464.399902,978.000000
2026-08-13 05:30:00+00:00,4464.399902,4465.200195,4443.799805,4445.600098,1880.000000
2026-08-13 05:45:00+00:00,4445.200195,4447.100098,4437.200195,4440.399902,2167.000000
2026-08-13 06:00:00+00:00,4440.299805,4443.000000,4432.500000,4433.299805,2423.000000
2026-08-13 06:15:00+00:00,4433.200195,4436.100098,4431.600098,4432.700195,1011.000000
2026-08-13 06:30:00+00:00,4433.100098,4435.700195,4425.600098,4430.899902,1618.000000
2026-08-13 06:45:00+00:00,4431.299805,4438.399902,4431.100098,4437.700195,1293.000000
2026-08-13 07:00:00+00:00,4437.799805,4438.600098,4431.500000,4433.299805,1215.000000
2026-08-13 07:15:00+00:00,4433.600098,4434.100098,4430.399902,4433.100098,598.000000
2026-08-13 07:30:00+00:00,4432.799805,4435.700195,4428.799805,4435.399902,1407.000000
2026-08-13 07:45:00+00:00,4435.500000,4435.600098,4425.799805,4426.399902,1457.000000
2026-08-13 08:00:00+00:00,4426.399902,4427.299805,4420.299805,4422.600098,1799.000000
2026-08-13 08:15:00+00:00,4422.500000,4430.000000,4421.700195,4429.200195,1304.000000
2026-08-13 08:30:00+00:00,4429.000000,4432.299805,4428.100098,4429.899902,777.000000
2026-08-13 08:45:00+00:00,4430.000000,4435.700195,4429.700195,4432.399902,635.000000
2026-08-13 09:00:00+00:00,4432.299805,4434.700195,4428.600098,4433.399902,664.000000
2026-08-13 09:15:00+00:00,4433.100098,4438.899902,4432.799805,4436.399902,1123.000000
2026-08-13 09:30:00+00:00,4436.500000,4438.500000,4435.100098,4436.799805,802.000000
2026-08-13 09:45:00+00:00,4436.899902,4441.899902,4435.399902,4441.799805,813.000000
2026-08-13 10:00:00+00:00,4441.899902,4442.700195,4438.799805,4439.000000,656.000000
2026-08-13 10:15:00+00:00,4439.200195,4445.200195,4439.200195,4444.600098,817.000000
2026-08-13 10:30:00+00:00,4444.799805,4448.299805,4442.299805,4448.299805,581.000000
2026-08-13 10:45:00+00:00,4448.100098,4451.500000,4446.000000,4449.899902,1107.000000
2026-08-13 11:00:00+00:00,4449.600098,4452.000000,4446.100098,4452.000000,709.000000
2026-08-13 11:15:00+00:00,4451.799805,4454.200195,4445.299805,4445.399902,1364.000000
2026-08-13 11:30:00+00:00,4445.700195,4447.299805,4440.600098,4441.200195,1681.000000
2026-08-13 11:45:00+00:00,4440.899902,4444.799805,4439.600098,4444.399902,1192.000000
2026-08-13 12:00:00+00:00,4444.500000,4448.899902,4442.500000,4446.000000,1162.000000
2026-08-13 12:15:00+00:00,4445.700195,4450.399902,4441.000000,4447.799805,1146.000000
2026-08-13 12:30:00+00:00,4447.399902,4460.000000,4437.100098,4448.600098,4727.000000
2026-08-13 12:45:00+00:00,4448.799805,4458.899902,4448.200195,4458.899902,2091.000000
2026-08-13 13:00:00+00:00,4458.500000,4459.000000,4447.799805,4450.399902,2427.000000
2026-08-13 13:15:00+00:00,4450.500000,4452.000000,4440.600098,4441.700195,2404.000000
2026-08-13 13:30:00+00:00,4441.700195,4446.399902,4431.500000,4435.899902,4347.000000
2026-08-13 13:45:00+00:00,4435.799805,4439.500000,4427.100098,4429.100098,3192.000000
2026-08-13 14:00:00+00:00,4429.299805,4435.899902,4424.000000,4428.000000,3980.000000
2026-08-13 14:15:00+00:00,4428.200195,4435.700195,4425.000000,4425.299805,2624.000000
2026-08-13 14:30:00+00:00,4425.000000,4439.200195,4408.799805,4438.100098,5823.000000
2026-08-13 14:45:00+00:00,4438.600098,4444.700195,4438.299805,4440.899902,2411.000000
2026-08-13 15:00:00+00:00,4441.200195,4443.100098,4425.200195,4426.200195,2350.000000
2026-08-13 15:15:00+00:00,4426.100098,4430.600098,4419.899902,4421.799805,3037.000000
2026-08-13 15:30:00+00:00,4421.899902,4428.399902,4413.600098,4425.100098,3185.000000
2026-08-13 15:45:00+00:00,4425.500000,4427.799805,4420.299805,4422.399902,1128.000000
2026-08-13 16:00:00+00:00,4422.299805,4424.700195,4411.100098,4412.500000,2614.000000
2026-08-13 16:15:00+00:00,4412.500000,4419.500000,4407.500000,4419.399902,2928.000000
2026-08-13 16:30:00+00:00,4419.200195,4424.000000,4419.000000,4422.600098,1844.000000
2026-08-13 16:45:00+00:00,4422.600098,4425.600098,4421.000000,4424.200195,1096.000000
2026-08-13 17:00:00+00:00,4424.299805,4430.600098,4422.399902,4428.399902,1625.000000
2026-08-13 17:15:00+00:00,4428.799805,4429.200195,4419.100098,4420.000000,2879.000000
2026-08-13 17:30:00+00:00,4420.200195,4421.299805,4412.200195,4413.600098,2192.000000
2026-08-13 17:45:00+00:00,4413.899902,4416.500000,4412.000000,4412.399902,673.000000
2026-08-13 18:00:00+00:00,4412.600098,4419.399902,4412.399902,4418.700195,990.000000
2026-08-13 18:15:00+00:00,4419.000000,4420.500000,4411.600098,4414.299805,1304.000000
2026-08-13 18:30:00+00:00,4414.299805,4417.299805,4413.299805,4414.700195,567.000000
2026-08-13 18:45:00+00:00,4414.799805,4415.100098,4411.399902,4413.600098,658.000000
2026-08-13 19:00:00+00:00,4414.000000,4415.500000,4402.600098,4403.399902,1696.000000
2026-08-13 19:15:00+00:00,4403.100098,4408.200195,4400.000000,4407.899902,1305.000000
2026-08-13 19:30:00+00:00,4407.700195,4410.899902,4406.000000,4407.700195,716.000000
2026-08-13 19:45:00+00:00,4407.600098,4407.600098,4403.899902,4406.200195,938.000000
2026-08-13 20:00:00+00:00,4406.200195,4406.700195,4402.899902,4406.299805,637.000000
2026-08-13 20:15:00+00:00,4406.500000,4408.399902,4405.500000,4407.600098,348.000000
2026-08-13 20:30:00+00:00,4407.600098,4408.000000,4404.200195,4405.600098,643.000000
2026-08-13 20:45:00+00:00,4405.500000,4407.700195,4404.700195,4407.100098,285.000000
2026-08-13 22:00:00+00:00,4408.200195,4412.600098,4406.600098,4409.799805,359.000000
2026-08-13 22:15:00+00:00,4409.899902,4413.299805,4408.500000,4412.700195,575.000000
2026-08-13 22:30:00+00:00,4412.399902,4418.399902,4411.000000,4416.000000,1242.000000
2026-08-13 22:45:00+00:00,4415.899902,4417.000000,4409.200195,4410.299805,1216.000000
2026-08-13 23:00:00+00:00,4411.500000,4416.200195,4405.100098,4416.200195,1324.000000
2026-08-13 23:15:00+00:00,4416.299805,4418.200195,4412.100098,4418.200195,1076.000000
2026-08-13 23:30:00+00:00,4418.399902,4418.799805,4413.899902,4415.799805,674.000000
2026-08-13 23:45:00+00:00,4416.000000,4419.399902,4411.600098,4411.799805,438.000000
2026-08-14 00:00:00+00:00,4411.600098,4417.399902,4406.000000,4407.500000,654.000000
2026-08-14 00:15:00+00:00,4407.600098,4407.799805,4395.100098,4395.799805,1501.000000
2026-08-14 00:30:00+00:00,4395.500000,4402.600098,4390.600098,4395.399902,1465.000000
2026-08-14 00:45:00+00:00,4396.000000,4398.799805,4385.100098,4396.399902,2108.000000
2026-08-14 01:00:00+00:00,4396.200195,4397.100098,4378.000000,4380.299805,3521.000000
2026-08-14 01:15:00+00:00,4380.399902,4381.899902,4370.899902,4375.600098,2885.000000
2026-08-14 01:30:00+00:00,4375.299805,4377.500000,4368.600098,4375.399902,1243.000000
2026-08-14 01:45:00+00:00,4375.600098,4379.399902,4367.500000,4373.700195,1857.000000
2026-08-14 02:00:00+00:00,4373.700195,4378.000000,4365.500000,4366.899902,1356.000000
2026-08-14 02:15:00+00:00,4367.500000,4373.299805,4367.500000,4367.600098,1306.000000
2026-08-14 02:30:00+00:00,4367.399902,4378.000000,4366.899902,4376.299805,1572.000000
2026-08-14 02:45:00+00:00,4376.500000,4377.399902,4367.700195,4370.700195,748.000000
2026-08-14 03:00:00+00:00,4370.700195,4378.700195,4368.899902,4375.299805,899.000000
2026-08-14 03:15:00+00:00,4375.399902,4381.200195,4375.000000,4380.799805,569.000000
2026-08-14 03:30:00+00:00,4380.899902,4383.799805,4379.899902,4381.299805,718.000000
2026-08-14 03:45:00+00:00,4381.399902,4382.299805,4379.000000,4379.600098,365.000000
2026-08-14 04:00:00+00:00,4379.200195,4382.700195,4378.299805,4381.700195,563.000000
2026-08-14 04:15:00+00:00,4381.200195,4384.600098,4380.200195,4380.200195,472.000000
2026-08-14 04:30:00+00:00,4380.700195,4381.200195,4378.399902,4380.399902,471.000000
2026-08-14 04:45:00+00:00,4380.100098,4382.000000,4378.299805,4382.000000,294.000000
2026-08-14 05:00:00+00:00,4382.200195,4382.200195,4374.299805,4374.799805,523.000000
2026-08-14 05:15:00+00:00,4374.899902,4375.100098,4371.899902,4373.299805,481.000000
2026-08-14 05:30:00+00:00,4372.899902,4379.799805,4365.600098,4372.700195,1720.000000
2026-08-14 05:45:00+00:00,4372.500000,4389.500000,4372.500000,4389.500000,1607.000000
2026-08-14 06:00:00+00:00,4389.600098,4392.600098,4385.500000,4388.299805,1195.000000
2026-08-14 06:15:00+00:00,4388.200195,4389.100098,4384.200195,4385.299805,663.000000
2026-08-14 06:30:00+00:00,4385.100098,4388.799805,4383.600098,4388.600098,568.000000
2026-08-14 06:45:00+00:00,4389.000000,4392.200195,4388.399902,4391.600098,640.000000
2026-08-14 07:00:00+00:00,4391.399902,4393.299805,4387.000000,4387.100098,890.000000
2026-08-14 07:15:00+00:00,4387.100098,4392.399902,4385.700195,4387.799805,736.000000
2026-08-14 07:30:00+00:00,4388.000000,4396.299805,4387.299805,4396.000000,732.000000
2026-08-14 07:45:00+00:00,4396.299805,4401.600098,4395.500000,4399.799805,1375.000000
2026-08-14 08:00:00+00:00,4399.799805,4404.500000,4398.100098,4403.899902,1256.000000
2026-08-14 08:15:00+00:00,4404.000000,4405.299805,4399.399902,4401.799805,845.000000
2026-08-14 08:30:00+00:00,4401.799805,4405.399902,4399.500000,4399.799805,762.000000
2026-08-14 08:45:00+00:00,4399.799805,4405.700195,4398.799805,4404.700195,745.000000
2026-08-14 09:00:00+00:00,4404.500000,4406.899902,4402.000000,4406.700195,535.000000
2026-08-14 09:15:00+00:00,4406.799805,4410.000000,4404.399902,4407.399902,1278.000000
2026-08-14 09:30:00+00:00,4407.700195,4410.799805,4406.100098,4409.899902,1196.000000
2026-08-14 09:45:00+00:00,4410.000000,4413.799805,4408.700195,4413.600098,913.000000
2026-08-14 10:00:00+00:00,4413.600098,4415.100098,4410.000000,4410.600098,1156.000000
2026-08-14 10:15:00+00:00,4410.600098,4411.399902,4406.000000,4407.299805,1392.000000
2026-08-14 10:30:00+00:00,4407.500000,4408.000000,4404.500000,4408.000000,842.000000
2026-08-14 10:45:00+00:00,4407.899902,4409.700195,4403.700195,4405.500000,803.000000
2026-08-14 11:00:00+00:00,4405.500000,4408.000000,4404.700195,4406.899902,403.000000
2026-08-14 11:15:00+00:00,4407.100098,4413.399902,4407.100098,4413.100098,887.000000
2026-08-14 11:30:00+00:00,4413.100098,4420.000000,4412.799805,4418.700195,1555.000000
2026-08-14 11:45:00+00:00,4418.899902,4426.000000,4417.200195,4425.799805,1689.000000
2026-08-14 12:00:00+00:00,4425.500000,4433.200195,4421.799805,4428.000000,2690.000000
2026-08-14 12:15:00+00:00,4428.200195,4437.500000,4425.799805,4436.500000,2893.000000
2026-08-14 12:30:00+00:00,4436.899902,4444.000000,4429.100098,4429.500000,5050.000000
2026-08-14 12:45:00+00:00,4430.000000,4434.899902,4427.799805,4430.899902,2330.000000
2026-08-14 13:00:00+00:00,4430.700195,4438.299805,4427.299805,4432.399902,3061.000000
2026-08-14 13:15:00+00:00,4432.399902,4443.899902,4432.299805,4441.399902,1954.000000
2026-08-14 13:30:00+00:00,4441.700195,4454.600098,4440.799805,4450.799805,5298.000000
2026-08-14 13:45:00+00:00,4451.399902,4452.299805,4439.799805,4442.000000,2972.000000
2026-08-14 14:00:00+00:00,4441.600098,4450.500000,4441.200195,4447.799805,3568.000000
2026-08-14 14:15:00+00:00,4448.000000,4452.200195,4442.500000,4447.899902,1493.000000
2026-08-14 14:30:00+00:00,4448.299805,4448.700195,4438.799805,4441.600098,2440.000000
2026-08-14 14:45:00+00:00,4441.500000,4441.600098,4436.200195,4438.600098,2080.000000
2026-08-14 15:00:00+00:00,4438.700195,4451.700195,4438.299805,4449.899902,3157.000000
2026-08-14 15:15:00+00:00,4450.000000,4451.600098,4436.399902,4442.200195,3220.000000
2026-08-14 15:30:00+00:00,4442.399902,4447.500000,4441.100098,4446.700195,1788.000000
2026-08-14 15:45:00+00:00,4447.000000,4452.299805,4446.899902,4449.000000,1659.000000
2026-08-14 16:00:00+00:00,4449.000000,4454.299805,4446.000000,4446.799805,1463.000000
2026-08-14 16:15:00+00:00,4446.899902,4450.200195,4443.899902,4444.500000,825.000000
2026-08-14 16:30:00+00:00,4444.700195,4446.299805,4437.200195,4442.799805,1832.000000
2026-08-14 16:45:00+00:00,4443.000000,4444.600098,4442.000000,4442.700195,566.000000
2026-08-14 17:00:00+00:00,4443.000000,4443.399902,4437.399902,4439.399902,825.000000
2026-08-14 17:15:00+00:00,4439.500000,4442.000000,4436.600098,4436.899902,1938.000000
2026-08-14 17:30:00+00:00,4436.700195,4440.399902,4434.100098,4435.000000,1193.000000
2026-08-14 17:45:00+00:00,4434.799805,4436.299805,4433.600098,4435.500000,601.000000
2026-08-14 18:00:00+00:00,4435.899902,4438.799805,4433.600098,4434.200195,1045.000000
2026-08-14 18:15:00+00:00,4434.600098,4437.500000,4434.000000,4436.399902,442.000000
2026-08-14 18:30:00+00:00,4436.200195,4439.600098,4433.200195,4433.200195,1952.000000
2026-08-14 18:45:00+00:00,4433.500000,4433.899902,4427.500000,4430.299805,2391.000000
2026-08-14 19:00:00+00:00,4430.299805,4433.600098,4428.600098,4432.399902,774.000000
2026-08-14 19:15:00+00:00,4432.200195,4434.299805,4430.399902,4433.500000,418.000000
2026-08-14 19:30:00+00:00,4433.500000,4434.399902,4431.399902,4431.700195,511.000000
2026-08-14 19:45:00+00:00,4431.700195,4435.600098,4428.799805,4431.500000,1352.000000
2026-08-14 20:00:00+00:00,4431.399902,4431.500000,4426.899902,4428.299805,925.000000
2026-08-14 20:15:00+00:00,4428.299805,4430.200195,4427.799805,4430.000000,373.000000
2026-08-14 20:30:00+00:00,4429.899902,4432.399902,4428.899902,4430.899902,316.000000
2026-08-14 20:45:00+00:00,4430.899902,4432.100098,4430.399902,4432.100098,256.000000
2026-08-14 21:00:00+00:00,4432.000000,4437.299805,4432.000000,4437.299805,1.000000
2026-08-16 22:00:00+00:00,4433.700195,4436.000000,4431.299805,4432.600098,180.000000
2026-08-16 22:15:00+00:00,4432.600098,4433.000000,4429.299805,4430.600098,412.000000
2026-08-16 22:30:00+00:00,4430.799805,4434.700195,4430.799805,4433.399902,332.000000
2026-08-16 22:45:00+00:00,4433.799805,4442.500000,4433.600098,4441.600098,691.000000
2026-08-16 23:00:00+00:00,4441.799805,4441.899902,4435.399902,4435.399902,537.000000
2026-08-16 23:15:00+00:00,4435.500000,4436.700195,4428.100098,4430.100098,663.000000
2026-08-16 23:30:00+00:00,4430.200195,4431.000000,4422.299805,4424.000000,1038.000000
2026-08-16 23:45:00+00:00,4424.100098,4429.200195,4424.100098,4425.500000,378.000000
2026-08-17 00:00:00+00:00,4426.000000,4435.200195,4423.500000,4434.399902,875.000000
2026-08-17 00:15:00+00:00,4434.500000,4446.899902,4434.000000,4445.700195,1310.000000
2026-08-17 00:30:00+00:00,4445.799805,4453.600098,4443.500000,4451.600098,1252.000000
2026-08-17 00:45:00+00:00,4451.299805,4459.399902,4450.000000,4457.299805,1651.000000
2026-08-17 01:00:00+00:00,4457.100098,4468.100098,4456.100098,4465.799805,2423.000000
2026-08-17 01:15:00+00:00,4465.600098,4473.200195,4462.700195,4463.799805,1586.000000
2026-08-17 01:30:00+00:00,4463.799805,4464.799805,4454.100098,4459.899902,1773.000000
2026-08-17 01:45:00+00:00,4460.200195,4460.600098,4448.600098,4452.000000,1430.000000
2026-08-17 02:00:00+00:00,4451.899902,4454.500000,4449.200195,4451.000000,789.000000
2026-08-17 02:15:00+00:00,4450.799805,4454.100098,4446.500000,4451.399902,848.000000
2026-08-17 02:30:00+00:00,4452.299805,4454.700195,4446.399902,4449.399902,824.000000
2026-08-17 02:45:00+00:00,4449.399902,4450.100098,4444.899902,4449.799805,573.000000
2026-08-17 03:00:00+00:00,4450.200195,4451.799805,4445.399902,4446.500000,434.000000
2026-08-17 03:15:00+00:00,4446.200195,4449.899902,4444.500000,4449.299805,451.000000
2026-08-17 03:30:00+00:00,4449.399902,4453.799805,4447.200195,4451.799805,625.000000
2026-08-17 03:45:00+00:00,4451.700195,4453.799805,4449.299805,4453.700195,391.000000
2026-08-17 04:00:00+00:00,4453.500000,4456.299805,4452.899902,4455.100098,619.000000
2026-08-17 04:15:00+00:00,4455.100098,4455.399902,4446.600098,4447.899902,637.000000
2026-08-17 04:30:00+00:00,4447.500000,4453.299805,4445.500000,4452.100098,558.000000
2026-08-17 04:45:00+00:00,4453.000000,4454.600098,4446.299805,4447.100098,449.000000
2026-08-17 05:00:00+00:00,4447.299805,4449.799805,4443.399902,4444.399902,694.000000
2026-08-17 05:15:00+00:00,4444.299805,4456.000000,4443.600098,4456.000000,883.000000
2026-08-17 05:30:00+00:00,4456.299805,4457.700195,4449.000000,4452.299805,1059.000000
2026-08-17 05:45:00+00:00,4452.200195,4454.000000,4449.200195,4451.299805,630.000000
2026-08-17 06:00:00+00:00,4451.600098,4454.899902,4449.299805,4453.500000,887.000000
2026-08-17 06:15:00+00:00,4453.000000,4456.299805,4449.100098,4455.000000,912.000000
2026-08-17 06:30:00+00:00,4454.500000,4454.899902,4449.700195,4452.299805,667.000000
2026-08-17 06:45:00+00:00,4452.500000,4460.700195,4452.500000,4459.299805,1324.000000
2026-08-17 07:00:00+00:00,4459.000000,4460.200195,4452.200195,4452.700195,1348.000000
2026-08-17 07:15:00+00:00,4452.700195,4461.600098,4452.399902,4461.200195,941.000000
2026-08-17 07:30:00+00:00,4461.299805,4467.899902,4460.899902,4465.500000,1469.000000
2026-08-17 07:45:00+00:00,4465.899902,4466.299805,4460.000000,4461.500000,1022.000000
2026-08-17 08:00:00+00:00,4461.799805,4461.799805,4454.100098,4459.299805,1001.000000
2026-08-17 08:15:00+00:00,4459.299805,4460.200195,4456.799805,4458.000000,676.000000
2026-08-17 08:30:00+00:00,4458.000000,4458.399902,4452.000000,4452.500000,461.000000
2026-08-17 08:45:00+00:00,4452.399902,4453.000000,4448.799805,4451.100098,671.000000
2026-08-17 09:00:00+00:00,4451.299805,4457.000000,4449.500000,4455.299805,692.000000
2026-08-17 09:15:00+00:00,4455.399902,4456.399902,4451.600098,4453.100098,769.000000
2026-08-17 09:30:00+00:00,4453.200195,4453.700195,4450.000000,4451.000000,1110.000000
2026-08-17 09:45:00+00:00,4450.799805,4452.799805,4449.200195,4452.399902,608.000000
2026-08-17 10:00:00+00:00,4452.399902,4453.200195,4450.000000,4452.700195,666.000000
2026-08-17 10:15:00+00:00,4452.500000,4462.299805,4445.700195,4461.600098,2009.000000
2026-08-17 10:30:00+00:00,4461.600098,4462.600098,4452.100098,4455.000000,1336.000000
2026-08-17 10:45:00+00:00,4455.100098,4456.399902,4452.899902,4455.799805,770.000000
2026-08-17 11:00:00+00:00,4455.899902,4460.399902,4454.899902,4456.500000,668.000000
2026-08-17 11:15:00+00:00,4456.399902,4461.500000,4453.700195,4460.299805,1177.000000
2026-08-17 11:30:00+00:00,4460.399902,4461.799805,4455.899902,4456.399902,1013.000000
2026-08-17 11:45:00+00:00,4456.600098,4457.600098,4451.799805,4453.399902,911.000000
2026-08-17 12:00:00+00:00,4453.100098,4454.000000,4447.799805,4450.600098,991.000000
2026-08-17 12:15:00+00:00,4450.399902,4455.399902,4437.500000,4441.700195,3408.000000
2026-08-17 12:30:00+00:00,4442.299805,4446.799805,4434.700195,4434.700195,2571.000000
2026-08-17 12:45:00+00:00,4434.500000,4443.100098,4433.399902,4441.399902,2205.000000
2026-08-17 13:00:00+00:00,4441.700195,4446.200195,4438.100098,4442.600098,1995.000000
2026-08-17 13:15:00+00:00,4443.000000,4445.100098,4438.600098,4442.600098,1174.000000
2026-08-17 13:30:00+00:00,4442.799805,4448.299805,4441.000000,4441.899902,1809.000000
2026-08-17 13:45:00+00:00,4442.100098,4473.000000,4440.899902,4465.299805,5640.000000
2026-08-17 14:00:00+00:00,4465.299805,4469.500000,4460.399902,4469.200195,3139.000000
2026-08-17 14:15:00+00:00,4469.200195,4484.899902,4468.399902,4475.399902,8737.000000
2026-08-17 14:30:00+00:00,4475.600098,4481.799805,4473.799805,4474.799805,2393.000000
2026-08-17 14:45:00+00:00,4475.000000,4478.399902,4471.399902,4474.500000,1404.000000
2026-08-17 15:00:00+00:00,4474.600098,4479.799805,4471.799805,4478.500000,1275.000000
2026-08-17 15:15:00+00:00,4478.500000,4483.399902,4476.700195,4482.700195,1604.000000
2026-08-17 15:30:00+00:00,4482.799805,4483.700195,4475.799805,4476.100098,1597.000000
2026-08-17 15:45:00+00:00,4476.299805,4485.299805,4474.799805,4484.799805,1845.000000
2026-08-17 16:00:00+00:00,4485.000000,4486.500000,4481.399902,4483.399902,1498.000000
2026-08-17 16:15:00+00:00,4483.700195,4484.899902,4480.299805,4482.299805,1251.000000
2026-08-17 16:30:00+00:00,4482.399902,4484.500000,4479.700195,4482.000000,1063.000000
2026-08-17 16:45:00+00:00,4482.100098,4483.000000,4480.000000,4481.500000,884.000000
2026-08-17 17:00:00+00:00,4481.700195,4483.700195,4478.299805,4480.299805,1144.000000
2026-08-17 17:15:00+00:00,4480.299805,4480.500000,4470.799805,4474.000000,2944.000000
2026-08-17 17:30:00+00:00,4474.000000,4476.299805,4468.200195,4474.700195,2244.000000
2026-08-17 17:45:00+00:00,4474.700195,4478.200195,4470.799805,4471.000000,959.000000
2026-08-17 18:00:00+00:00,4471.299805,4471.899902,4467.399902,4471.200195,1177.000000
2026-08-17 18:15:00+00:00,4471.299805,4474.000000,4461.500000,4463.200195,3329.000000
2026-08-17 18:30:00+00:00,4463.299805,4463.700195,4454.500000,4458.000000,2733.000000
2026-08-17 18:45:00+00:00,4458.000000,4463.799805,4456.799805,4463.100098,708.000000
2026-08-17 19:00:00+00:00,4462.899902,4464.799805,4456.600098,4464.500000,1294.000000
2026-08-17 19:15:00+00:00,4464.799805,4473.600098,4464.799805,4470.600098,1525.000000
2026-08-17 19:30:00+00:00,4470.899902,4476.799805,4470.399902,4475.500000,630.000000
2026-08-17 19:45:00+00:00,4475.500000,4477.000000,4472.100098,4475.700195,1181.000000
2026-08-17 20:00:00+00:00,4475.899902,4477.500000,4472.500000,4474.100098,451.000000
2026-08-17 20:15:00+00:00,4474.100098,4474.500000,4471.399902,4471.399902,160.000000
2026-08-17 20:30:00+00:00,4471.600098,4472.500000,4471.100098,4472.200195,202.000000
2026-08-17 20:45:00+00:00,4471.700195,4474.000000,4471.500000,4473.100098,254.000000
2026-08-17 22:00:00+00:00,4473.399902,4475.899902,4471.500000,4472.899902,159.000000
2026-08-17 22:15:00+00:00,4472.899902,4473.500000,4468.299805,4468.899902,449.000000
2026-08-17 22:30:00+00:00,4468.399902,4471.899902,4467.600098,4470.899902,523.000000
2026-08-17 22:45:00+00:00,4470.700195,4472.399902,4466.500000,4467.899902,382.000000
2026-08-17 23:00:00+00:00,4468.000000,4471.000000,4466.000000,4470.700195,531.000000
2026-08-17 23:15:00+00:00,4471.100098,4478.100098,4471.000000,4476.600098,696.000000
2026-08-17 23:30:00+00:00,4476.299805,4479.200195,4476.299805,4479.100098,418.000000
2026-08-17 23:45:00+00:00,4478.899902,4482.100098,4477.899902,4482.000000,527.000000
2026-08-18 00:00:00+00:00,4482.299805,4486.500000,4475.000000,4478.399902,1193.000000
2026-08-18 00:15:00+00:00,4477.700195,4488.200195,4477.200195,4487.700195,1589.000000
2026-08-18 00:30:00+00:00,4487.799805,4490.299805,4484.500000,4486.100098,1001.000000
2026-08-18 00:45:00+00:00,4486.200195,4491.700195,4484.899902,4491.200195,599.000000
2026-08-18 01:00:00+00:00,4491.600098,4493.100098,4485.000000,4485.500000,1505.000000
2026-08-18 01:15:00+00:00,4485.899902,4487.399902,4476.600098,4481.500000,1448.000000
2026-08-18 01:30:00+00:00,4481.500000,4482.600098,4468.299805,4468.399902,1010.000000
2026-08-18 01:45:00+00:00,4468.399902,4468.899902,4460.899902,4464.600098,1750.000000
2026-08-18 02:00:00+00:00,4464.600098,4464.899902,4454.799805,4457.399902,1478.000000
2026-08-18 02:15:00+00:00,4457.299805,4461.899902,4456.799805,4458.700195,717.000000
2026-08-18 02:30:00+00:00,4458.799805,4458.899902,4450.299805,4451.399902,1369.000000
2026-08-18 02:45:00+00:00,4451.200195,4456.899902,4450.000000,4456.100098,1217.000000
2026-08-18 03:00:00+00:00,4456.100098,4460.500000,4455.399902,4457.899902,1058.000000
2026-08-18 03:15:00+00:00,4458.100098,4458.700195,4450.000000,4453.299805,816.000000
2026-08-18 03:30:00+00:00,4452.799805,4453.299805,4450.399902,4450.600098,346.000000
2026-08-18 03:45:00+00:00,4451.100098,4451.100098,4446.299805,4448.100098,793.000000
2026-08-18 04:00:00+00:00,4447.399902,4448.600098,4445.399902,4447.899902,682.000000
2026-08-18 04:15:00+00:00,4447.899902,4449.200195,4446.399902,4448.100098,472.000000
2026-08-18 04:30:00+00:00,4448.200195,4450.299805,4444.000000,4448.700195,1045.000000
2026-08-18 04:45:00+00:00,4448.799805,4450.899902,4447.700195,4448.899902,470.000000
2026-08-18 05:00:00+00:00,4448.700195,4449.799805,4446.399902,4446.600098,429.000000
2026-08-18 05:15:00+00:00,4446.799805,4451.600098,4446.500000,4446.600098,477.000000
2026-08-18 05:30:00+00:00,4446.399902,4450.200195,4441.399902,4449.299805,1427.000000
2026-08-18 05:45:00+00:00,4449.500000,4453.200195,4448.799805,4450.200195,762.000000
2026-08-18 06:00:00+00:00,4449.399902,4451.100098,4443.200195,4450.899902,1531.000000
2026-08-18 06:15:00+00:00,4450.799805,4455.100098,4449.399902,4454.899902,906.000000
2026-08-18 06:30:00+00:00,4454.700195,4455.600098,4450.500000,4452.500000,725.000000
2026-08-18 06:45:00+00:00,4452.600098,4454.700195,4452.600098,4454.100098,619.000000
2026-08-18 07:00:00+00:00,4454.299805,4456.399902,4452.399902,4453.200195,995.000000
2026-08-18 07:15:00+00:00,4453.200195,4459.399902,4453.200195,4459.000000,895.000000
2026-08-18 07:30:00+00:00,4459.100098,4459.500000,4452.299805,4457.399902,1053.000000
2026-08-18 07:45:00+00:00,4457.600098,4458.500000,4451.200195,4451.200195,470.000000
2026-08-18 08:00:00+00:00,4451.600098,4451.899902,4443.500000,4448.200195,1688.000000
2026-08-18 08:15:00+00:00,4448.399902,4449.200195,4442.399902,4444.899902,848.000000
2026-08-18 08:30:00+00:00,4444.899902,4454.200195,4444.899902,4452.500000,855.000000
2026-08-18 08:45:00+00:00,4452.200195,4452.299805,4447.100098,4448.899902,659.000000
2026-08-18 09:00:00+00:00,4448.799805,4449.399902,4446.600098,4448.399902,453.000000
2026-08-18 09:15:00+00:00,4448.100098,4448.100098,4444.200195,4444.899902,600.000000
2026-08-18 09:30:00+00:00,4444.799805,4451.100098,4443.200195,4444.500000,1147.000000
2026-08-18 09:45:00+00:00,4444.500000,4451.299805,4443.000000,4449.700195,718.000000
2026-08-18 10:00:00+00:00,4449.700195,4452.000000,4448.600098,4450.700195,416.000000
2026-08-18 10:15:00+00:00,4450.899902,4452.500000,4446.100098,4448.299805,554.000000
2026-08-18 10:30:00+00:00,4448.700195,4455.200195,4448.100098,4455.000000,652.000000
2026-08-18 10:45:00+00:00,4455.299805,4456.200195,4452.899902,4454.399902,516.000000
2026-08-18 11:00:00+00:00,4454.200195,4455.799805,4448.299805,4450.200195,605.000000
2026-08-18 11:15:00+00:00,4449.700195,4451.100098,4445.799805,4446.299805,600.000000
2026-08-18 11:30:00+00:00,4446.299805,4448.799805,4444.799805,4447.200195,703.000000
2026-08-18 11:45:00+00:00,4447.000000,4453.299805,4446.399902,4452.299805,733.000000
2026-08-18 12:00:00+00:00,4452.600098,4453.399902,4445.799805,4449.700195,1174.000000
2026-08-18 12:15:00+00:00,4449.200195,4457.299805,4447.799805,4451.899902,2225.000000
2026-08-18 12:30:00+00:00,4452.000000,4454.799805,4447.399902,4448.799805,1183.000000
2026-08-18 12:45:00+00:00,4448.700195,4453.600098,4447.100098,4450.700195,1451.000000
2026-08-18 13:00:00+00:00,4450.500000,4453.700195,4444.399902,4452.000000,2808.000000
2026-08-18 13:15:00+00:00,4451.799805,4452.399902,4444.200195,4445.399902,2678.000000
2026-08-18 13:30:00+00:00,4445.500000,4463.000000,4430.899902,4457.000000,7940.000000
2026-08-18 13:45:00+00:00,4457.200195,4458.299805,4445.500000,4451.000000,3218.000000
2026-08-18 14:00:00+00:00,4450.500000,4462.799805,4447.399902,4449.600098,4619.000000
2026-08-18 14:15:00+00:00,4449.500000,4461.399902,4448.700195,4450.600098,2342.000000
2026-08-18 14:30:00+00:00,4450.700195,4452.500000,4434.000000,4436.000000,5689.000000
2026-08-18 14:45:00+00:00,4435.700195,4445.399902,4419.100098,4422.299805,6370.000000
2026-08-18 15:00:00+00:00,4422.600098,4434.100098,4412.000000,4415.600098,5777.000000
2026-08-18 15:15:00+00:00,4415.399902,4420.700195,4406.799805,4410.600098,5432.000000
2026-08-18 15:30:00+00:00,4410.200195,4418.000000,4409.799805,4414.500000,3321.000000
2026-08-18 15:45:00+00:00,4413.799805,4421.899902,4413.799805,4420.200195,2117.000000
2026-08-18 16:00:00+00:00,4420.299805,4427.000000,4420.299805,4423.100098,1648.000000
2026-08-18 16:15:00+00:00,4423.200195,4425.100098,4418.700195,4419.399902,1051.000000
2026-08-18 16:30:00+00:00,4419.700195,4423.799805,4418.299805,4422.700195,1039.000000
2026-08-18 16:45:00+00:00,4422.700195,4424.100098,4417.799805,4419.000000,1122.000000
2026-08-18 17:00:00+00:00,4419.100098,4422.600098,4418.399902,4422.399902,1027.000000
2026-08-18 17:15:00+00:00,4422.600098,4423.799805,4418.700195,4420.799805,1442.000000
2026-08-18 17:30:00+00:00,4421.000000,4421.799805,4414.399902,4414.399902,1181.000000
2026-08-18 17:45:00+00:00,4414.299805,4416.100098,4412.399902,4413.200195,1077.000000
2026-08-18 18:00:00+00:00,4413.600098,4413.600098,4408.000000,4412.899902,1731.000000
2026-08-18 18:15:00+00:00,4413.299805,4416.500000,4410.799805,4415.399902,680.000000
2026-08-18 18:30:00+00:00,4415.600098,4415.799805,4408.799805,4409.399902,1028.000000
2026-08-18 18:45:00+00:00,4409.500000,4411.200195,4407.899902,4409.399902,473.000000
2026-08-18 19:00:00+00:00,4409.500000,4413.500000,4409.200195,4412.399902,604.000000
2026-08-18 19:15:00+00:00,4412.299805,4413.700195,4407.500000,4409.500000,1149.000000
2026-08-18 19:30:00+00:00,4409.799805,4412.399902,4404.200195,4404.399902,1036.000000
2026-08-18 19:45:00+00:00,4404.299805,4408.200195,4392.299805,4400.000000,4295.000000
2026-08-18 20:00:00+00:00,4400.100098,4401.200195,4395.399902,4396.500000,761.000000
2026-08-18 20:15:00+00:00,4397.100098,4397.100098,4388.000000,4392.799805,785.000000
2026-08-18 20:30:00+00:00,4392.799805,4394.600098,4386.600098,4387.600098,592.000000
2026-08-18 20:45:00+00:00,4387.000000,4390.299805,4383.299805,4389.500000,981.000000
2026-08-18 22:00:00+00:00,4391.399902,4395.299805,4390.399902,4393.799805,389.000000
2026-08-18 22:15:00+00:00,4393.200195,4394.299805,4386.500000,4389.399902,1415.000000
2026-08-18 22:30:00+00:00,4389.299805,4389.799805,4385.799805,4386.600098,676.000000
2026-08-18 22:45:00+00:00,4386.600098,4388.700195,4386.200195,4386.799805,341.000000
2026-08-18 23:00:00+00:00,4387.200195,4391.500000,4385.399902,4387.100098,564.000000
2026-08-18 23:15:00+00:00,4386.799805,4390.299805,4382.500000,4383.100098,1074.000000
2026-08-18 23:30:00+00:00,4382.899902,4385.399902,4379.600098,4382.500000,1133.000000
2026-08-18 23:45:00+00:00,4383.000000,4387.000000,4382.299805,4386.000000,583.000000
2026-08-19 00:00:00+00:00,4386.100098,4397.700195,4384.600098,4395.799805,1367.000000
2026-08-19 00:15:00+00:00,4395.899902,4399.399902,4392.500000,4396.299805,1303.000000
2026-08-19 00:30:00+00:00,4396.399902,4401.000000,4392.899902,4397.399902,1187.000000
2026-08-19 00:45:00+00:00,4397.600098,4398.600098,4390.700195,4391.799805,917.000000
2026-08-19 01:00:00+00:00,4391.500000,4397.600098,4378.000000,4397.399902,3597.000000
2026-08-19 01:15:00+00:00,4397.600098,4400.000000,4386.399902,4396.100098,2125.000000
2026-08-19 01:30:00+00:00,4396.299805,4411.100098,4396.200195,4409.399902,1946.000000
2026-08-19 01:45:00+00:00,4409.000000,4410.200195,4404.100098,4410.200195,1218.000000
2026-08-19 02:00:00+00:00,4410.000000,4410.899902,4405.000000,4407.000000,1283.000000
2026-08-19 02:15:00+00:00,4407.200195,4415.799805,4406.000000,4413.399902,1652.000000
2026-08-19 02:30:00+00:00,4413.399902,4413.899902,4407.700195,4408.600098,1312.000000
2026-08-19 02:45:00+00:00,4408.799805,4410.399902,4405.000000,4408.500000,749.000000
2026-08-19 03:00:00+00:00,4408.399902,4409.899902,4405.399902,4407.700195,627.000000
2026-08-19 03:15:00+00:00,4408.100098,4411.799805,4405.299805,4410.799805,613.000000
2026-08-19 03:30:00+00:00,4411.100098,4414.100098,4409.799805,4412.600098,483.000000
2026-08-19 03:45:00+00:00,4412.600098,4413.000000,4409.000000,4409.000000,219.000000
2026-08-19 04:00:00+00:00,4408.899902,4409.600098,4406.899902,4407.899902,308.000000
2026-08-19 04:15:00+00:00,4407.899902,4408.000000,4403.200195,4404.200195,807.000000
2026-08-19 04:30:00+00:00,4404.799805,4405.299805,4398.200195,4399.799805,890.000000
2026-08-19 04:45:00+00:00,4399.399902,4401.799805,4396.500000,4401.799805,717.000000
2026-08-19 05:00:00+00:00,4401.700195,4404.200195,4391.899902,4392.200195,834.000000
2026-08-19 05:15:00+00:00,4392.399902,4399.100098,4390.100098,4398.899902,1079.000000
2026-08-19 05:30:00+00:00,4399.100098,4399.299805,4390.299805,4395.799805,1603.000000
2026-08-19 05:45:00+00:00,4395.299805,4395.399902,4388.200195,4389.000000,1418.000000
2026-08-19 06:00:00+00:00,4389.000000,4395.299805,4388.700195,4390.799805,1224.000000
2026-08-19 06:15:00+00:00,4390.600098,4401.899902,4390.200195,4396.299805,1806.000000
2026-08-19 06:30:00+00:00,4396.600098,4399.299805,4390.799805,4395.399902,1416.000000
2026-08-19 06:45:00+00:00,4395.299805,4403.100098,4394.299805,4402.799805,1150.000000
2026-08-19 07:00:00+00:00,4402.799805,4407.600098,4401.100098,4404.299805,1278.000000
2026-08-19 07:15:00+00:00,4403.799805,4410.799805,4401.100098,4410.500000,1562.000000
2026-08-19 07:30:00+00:00,4410.399902,4417.200195,4406.500000,4408.200195,1483.000000
2026-08-19 07:45:00+00:00,4408.100098,4411.399902,4408.100098,4408.299805,610.000000
2026-08-19 08:00:00+00:00,4408.399902,4416.399902,4404.799805,4415.200195,1917.000000
2026-08-19 08:15:00+00:00,4415.299805,4416.100098,4411.100098,4414.600098,650.000000
2026-08-19 08:30:00+00:00,4414.299805,4417.200195,4410.299805,4416.399902,687.000000
2026-08-19 08:45:00+00:00,4416.399902,4417.200195,4408.700195,4409.700195,959.000000
2026-08-19 09:00:00+00:00,4409.700195,4413.899902,4409.000000,4410.299805,739.000000
2026-08-19 09:15:00+00:00,4410.200195,4411.600098,4407.399902,4410.600098,809.000000
2026-08-19 09:30:00+00:00,4410.700195,4415.399902,4409.500000,4413.299805,774.000000
2026-08-19 09:45:00+00:00,4413.299805,4416.399902,4412.500000,4416.399902,707.000000
2026-08-19 10:00:00+00:00,4416.500000,4418.799805,4413.799805,4418.399902,909.000000
2026-08-19 10:15:00+00:00,4418.399902,4423.799805,4418.100098,4423.200195,1208.000000
2026-08-19 10:30:00+00:00,4423.399902,4424.100098,4420.399902,4422.500000,791.000000
2026-08-19 10:45:00+00:00,4422.799805,4424.100098,4421.000000,4422.200195,375.000000
2026-08-19 11:00:00+00:00,4422.399902,4428.899902,4422.200195,4428.100098,1242.000000
2026-08-19 11:15:00+00:00,4428.399902,4429.100098,4423.600098,4425.799805,773.000000
2026-08-19 11:30:00+00:00,4425.899902,4426.500000,4417.700195,4418.399902,1158.000000
2026-08-19 11:45:00+00:00,4418.000000,4422.299805,4418.000000,4419.100098,882.000000
2026-08-19 12:00:00+00:00,4419.700195,4425.500000,4417.000000,4423.100098,1286.000000
2026-08-19 12:15:00+00:00,4423.200195,4428.399902,4420.700195,4424.100098,1980.000000
2026-08-19 12:30:00+00:00,4424.299805,4476.899902,4423.399902,4474.799805,15898.000000
2026-08-19 12:45:00+00:00,4475.100098,4499.799805,4468.000000,4496.299805,16893.000000
2026-08-19 13:00:00+00:00,4496.299805,4518.799805,4480.799805,4513.399902,14438.000000
2026-08-19 13:15:00+00:00,4513.600098,4521.799805,4512.399902,4516.000000,9462.000000
2026-08-19 13:30:00+00:00,4516.200195,4524.000000,4500.799805,4519.100098,11694.000000
2026-08-19 13:45:00+00:00,4518.799805,4521.600098,4502.399902,4517.799805,6655.000000
2026-08-19 14:00:00+00:00,4518.000000,4533.799805,4513.500000,4532.000000,7695.000000
2026-08-19 14:15:00+00:00,4532.200195,4546.299805,4528.399902,4544.299805,9782.000000
2026-08-19 14:30:00+00:00,4544.399902,4557.600098,4542.299805,4548.500000,12239.000000
2026-08-19 14:45:00+00:00,4548.600098,4548.600098,4536.899902,4546.799805,5982.000000
2026-08-19 15:00:00+00:00,4547.000000,4547.000000,4538.399902,4544.100098,5251.000000
2026-08-19 15:15:00+00:00,4544.100098,4546.200195,4536.500000,4542.000000,3547.000000
2026-08-19 15:30:00+00:00,4541.899902,4551.500000,4538.500000,4548.700195,2616.000000
2026-08-19 15:45:00+00:00,4548.399902,4552.799805,4546.899902,4552.200195,3482.000000
2026-08-19 16:00:00+00:00,4552.200195,4557.200195,4549.500000,4555.899902,3749.000000
2026-08-19 16:15:00+00:00,4556.000000,4557.500000,4548.500000,4548.700195,2562.000000
2026-08-19 16:30:00+00:00,4549.100098,4554.299805,4548.399902,4553.299805,1702.000000
2026-08-19 16:45:00+00:00,4552.700195,4555.700195,4550.899902,4551.000000,1379.000000
2026-08-19 17:00:00+00:00,4551.000000,4557.000000,4546.399902,4550.100098,3692.000000
2026-08-19 17:15:00+00:00,4550.299805,4550.299805,4544.000000,4545.799805,3591.000000
2026-08-19 17:30:00+00:00,4545.899902,4549.200195,4541.899902,4546.600098,1361.000000
2026-08-19 17:45:00+00:00,4546.200195,4547.399902,4542.000000,4545.000000,1055.000000
2026-08-19 18:00:00+00:00,4544.899902,4554.600098,4543.399902,4546.299805,2944.000000
2026-08-19 18:15:00+00:00,4546.100098,4546.200195,4531.100098,4533.799805,4949.000000
2026-08-19 18:30:00+00:00,4533.899902,4550.000000,4530.399902,4548.600098,6779.000000
2026-08-19 18:45:00+00:00,4548.600098,4556.000000,4547.500000,4553.299805,1772.000000
2026-08-19 19:00:00+00:00,4553.299805,4564.100098,4552.299805,4561.600098,3290.000000
2026-08-19 19:15:00+00:00,4561.500000,4566.000000,4560.799805,4565.100098,2158.000000
2026-08-19 19:30:00+00:00,4565.200195,4568.899902,4559.100098,4564.500000,3069.000000
2026-08-19 19:45:00+00:00,4564.500000,4569.600098,4562.600098,4568.000000,2032.000000
2026-08-19 20:00:00+00:00,4568.399902,4569.500000,4562.799805,4564.500000,1222.000000
2026-08-19 20:15:00+00:00,4564.700195,4580.299805,4564.200195,4576.700195,3150.000000
2026-08-19 20:30:00+00:00,4576.700195,4582.200195,4576.200195,4577.299805,1003.000000
2026-08-19 20:45:00+00:00,4578.299805,4582.799805,4577.899902,4580.700195,916.000000
2026-08-19 22:00:00+00:00,4580.000000,4583.799805,4576.399902,4577.600098,360.000000
2026-08-19 22:15:00+00:00,4577.500000,4578.700195,4576.200195,4578.000000,467.000000
2026-08-19 22:30:00+00:00,4577.700195,4579.000000,4574.799805,4575.700195,679.000000
2026-08-19 22:45:00+00:00,4575.899902,4579.200195,4573.500000,4575.899902,579.000000
2026-08-19 23:00:00+00:00,4576.399902,4581.200195,4574.799805,4577.000000,750.000000
2026-08-19 23:15:00+00:00,4576.600098,4577.600098,4572.299805,4574.799805,556.000000
2026-08-19 23:30:00+00:00,4575.100098,4575.500000,4570.700195,4571.600098,604.000000
2026-08-19 23:45:00+00:00,4571.700195,4574.899902,4568.399902,4569.200195,644.000000
2026-08-20 00:00:00+00:00,4568.700195,4576.299805,4567.700195,4573.799805,806.000000
2026-08-20 00:15:00+00:00,4574.000000,4578.600098,4565.799805,4567.799805,1104.000000
2026-08-20 00:30:00+00:00,4566.799805,4570.399902,4560.200195,4563.600098,1198.000000
2026-08-20 00:45:00+00:00,4563.399902,4567.899902,4561.399902,4562.000000,1155.000000
2026-08-20 01:00:00+00:00,4562.299805,4567.899902,4549.399902,4550.799805,3716.000000
2026-08-20 01:15:00+00:00,4551.299805,4561.100098,4550.899902,4558.299805,1515.000000
2026-08-20 01:30:00+00:00,4558.000000,4559.000000,4551.000000,4551.299805,1115.000000
2026-08-20 01:45:00+00:00,4551.500000,4553.000000,4542.100098,4547.399902,2392.000000
2026-08-20 02:00:00+00:00,4547.299805,4557.600098,4546.100098,4555.500000,1789.000000
2026-08-20 02:15:00+00:00,4555.299805,4555.600098,4547.100098,4550.600098,975.000000
2026-08-20 02:30:00+00:00,4550.100098,4552.100098,4547.600098,4548.200195,836.000000
2026-08-20 02:45:00+00:00,4547.899902,4552.000000,4546.500000,4548.100098,795.000000
2026-08-20 03:00:00+00:00,4548.200195,4554.500000,4545.700195,4550.100098,799.000000
2026-08-20 03:15:00+00:00,4549.899902,4554.200195,4547.899902,4551.100098,788.000000
2026-08-20 03:30:00+00:00,4550.799805,4556.700195,4550.000000,4555.700195,831.000000
2026-08-20 03:45:00+00:00,4555.600098,4558.799805,4554.799805,4555.700195,614.000000
2026-08-20 04:00:00+00:00,4556.399902,4556.600098,4552.399902,4553.600098,966.000000
2026-08-20 04:15:00+00:00,4553.600098,4554.299805,4547.100098,4547.399902,702.000000
2026-08-20 04:30:00+00:00,4547.200195,4548.299805,4543.399902,4544.399902,808.000000
2026-08-20 04:45:00+00:00,4544.299805,4549.100098,4544.100098,4546.100098,479.000000
2026-08-20 05:00:00+00:00,4546.000000,4551.399902,4541.500000,4542.899902,759.000000
2026-08-20 05:15:00+00:00,4542.899902,4544.500000,4540.000000,4540.500000,959.000000
2026-08-20 05:30:00+00:00,4540.000000,4543.100098,4535.200195,4537.799805,1289.000000
2026-08-20 05:45:00+00:00,4537.899902,4540.500000,4534.799805,4538.500000,799.000000
2026-08-20 06:00:00+00:00,4538.600098,4550.700195,4537.200195,4550.100098,1981.000000
2026-08-20 06:15:00+00:00,4550.399902,4553.500000,4549.100098,4551.299805,1749.000000
2026-08-20 06:30:00+00:00,4551.299805,4553.000000,4549.500000,4550.100098,994.000000
2026-08-20 06:45:00+00:00,4550.399902,4553.000000,4548.500000,4550.799805,1300.000000
2026-08-20 07:00:00+00:00,4550.600098,4551.000000,4543.899902,4544.500000,1258.000000
2026-08-20 07:15:00+00:00,4544.399902,4547.100098,4540.100098,4540.500000,1078.000000
2026-08-20 07:30:00+00:00,4540.799805,4550.200195,4540.100098,4547.899902,1520.000000
2026-08-20 07:45:00+00:00,4547.500000,4552.700195,4545.299805,4547.600098,1017.000000
2026-08-20 08:00:00+00:00,4547.899902,4552.299805,4547.600098,4551.399902,1451.000000
2026-08-20 08:15:00+00:00,4551.100098,4555.899902,4547.000000,4548.600098,1782.000000
2026-08-20 08:30:00+00:00,4548.100098,4552.399902,4543.899902,4547.399902,1655.000000
2026-08-20 08:45:00+00:00,4547.299805,4549.000000,4544.399902,4546.100098,642.000000
2026-08-20 09:00:00+00:00,4546.200195,4551.000000,4545.200195,4549.100098,857.000000
2026-08-20 09:15:00+00:00,4549.000000,4550.500000,4544.700195,4546.799805,959.000000
2026-08-20 09:30:00+00:00,4546.600098,4547.200195,4541.000000,4545.700195,1517.000000
2026-08-20 09:45:00+00:00,4545.600098,4545.600098,4538.200195,4538.899902,1227.000000
2026-08-20 10:00:00+00:00,4539.100098,4547.799805,4537.000000,4547.100098,1306.000000
2026-08-20 10:15:00+00:00,4547.399902,4550.500000,4542.600098,4550.200195,1323.000000
2026-08-20 10:30:00+00:00,4550.299805,4552.500000,4546.500000,4547.500000,1061.000000
2026-08-20 10:45:00+00:00,4547.700195,4547.700195,4543.799805,4546.399902,481.000000
2026-08-20 11:00:00+00:00,4546.700195,4547.899902,4539.399902,4541.799805,2436.000000
2026-08-20 11:15:00+00:00,4541.700195,4546.299805,4537.600098,4540.799805,1185.000000
2026-08-20 11:30:00+00:00,4541.100098,4543.200195,4530.100098,4530.899902,2783.000000
2026-08-20 11:45:00+00:00,4530.799805,4531.899902,4521.200195,4523.100098,4265.000000
2026-08-20 12:00:00+00:00,4523.299805,4523.399902,4506.200195,4518.000000,6730.000000
2026-08-20 12:15:00+00:00,4517.799805,4523.399902,4512.200195,4514.299805,3412.000000
2026-08-20 12:30:00+00:00,4514.899902,4522.299805,4506.000000,4522.000000,4153.000000
2026-08-20 12:45:00+00:00,4521.600098,4532.299805,4519.000000,4529.700195,3228.000000
2026-08-20 13:00:00+00:00,4529.799805,4539.600098,4526.700195,4527.899902,3782.000000
2026-08-20 13:15:00+00:00,4528.200195,4531.899902,4525.000000,4526.700195,1933.000000
2026-08-20 13:30:00+00:00,4526.799805,4543.000000,4524.100098,4541.899902,6310.000000
2026-08-20 13:45:00+00:00,4541.700195,4544.399902,4534.299805,4537.000000,3926.000000
2026-08-20 14:00:00+00:00,4536.799805,4545.899902,4535.799805,4541.000000,5075.000000
2026-08-20 14:15:00+00:00,4541.000000,4549.899902,4537.399902,4547.399902,4242.000000
2026-08-20 14:30:00+00:00,4547.600098,4556.899902,4547.500000,4555.100098,3868.000000
2026-08-20 14:45:00+00:00,4555.000000,4572.000000,4554.500000,4571.700195,5774.000000
2026-08-20 15:00:00+00:00,4571.799805,4593.700195,4570.700195,4591.500000,15754.000000
2026-08-20 15:15:00+00:00,4591.200195,4597.100098,4579.200195,4588.600098,7642.000000
2026-08-20 15:30:00+00:00,4588.399902,4590.000000,4563.500000,4567.600098,6361.000000
2026-08-20 15:45:00+00:00,4567.500000,4579.799805,4566.799805,4577.299805,3045.000000
2026-08-20 16:00:00+00:00,4577.500000,4580.700195,4566.200195,4567.100098,2287.000000
2026-08-20 16:15:00+00:00,4566.899902,4569.200195,4561.399902,4565.600098,1907.000000
2026-08-20 16:30:00+00:00,4565.899902,4569.299805,4559.200195,4565.700195,2215.000000
2026-08-20 16:45:00+00:00,4565.600098,4570.600098,4563.899902,4566.700195,2065.000000
2026-08-20 17:00:00+00:00,4566.700195,4570.899902,4564.100098,4565.799805,1622.000000
2026-08-20 17:15:00+00:00,4565.600098,4573.399902,4564.299805,4569.600098,3056.000000
2026-08-20 17:30:00+00:00,4569.600098,4575.200195,4567.299805,4574.899902,1313.000000
2026-08-20 17:45:00+00:00,4574.700195,4576.899902,4573.600098,4576.000000,705.000000
2026-08-20 18:00:00+00:00,4576.000000,4578.799805,4565.299805,4567.299805,2054.000000
2026-08-20 18:15:00+00:00,4567.399902,4576.600098,4564.700195,4575.899902,1220.000000
2026-08-20 18:30:00+00:00,4575.299805,4579.700195,4575.000000,4576.500000,761.000000
2026-08-20 18:45:00+00:00,4576.600098,4581.700195,4574.100098,4578.500000,1505.000000
2026-08-20 19:00:00+00:00,4578.299805,4584.600098,4574.700195,4584.200195,838.000000
2026-08-20 19:15:00+00:00,4584.200195,4585.899902,4579.100098,4579.200195,995.000000
2026-08-20 19:30:00+00:00,4579.000000,4585.700195,4578.200195,4582.200195,839.000000
2026-08-20 19:45:00+00:00,4582.399902,4588.000000,4581.000000,4584.899902,1519.000000
2026-08-20 20:00:00+00:00,4584.500000,4585.200195,4578.799805,4578.899902,672.000000
2026-08-20 20:15:00+00:00,4578.700195,4579.000000,4576.700195,4577.100098,415.000000
2026-08-20 20:30:00+00:00,4577.100098,4577.200195,4573.000000,4574.399902,434.000000
2026-08-20 20:45:00+00:00,4574.600098,4577.299805,4574.000000,4575.100098,505.000000
2026-08-20 22:00:00+00:00,4577.000000,4577.700195,4571.000000,4574.600098,216.000000
2026-08-20 22:15:00+00:00,4574.600098,4576.799805,4574.000000,4575.399902,390.000000
2026-08-20 22:30:00+00:00,4575.600098,4579.799805,4574.399902,4578.700195,610.000000
2026-08-20 22:45:00+00:00,4578.899902,4580.200195,4575.500000,4580.200195,686.000000
2026-08-20 23:00:00+00:00,4579.899902,4589.000000,4579.399902,4587.600098,1363.000000
2026-08-20 23:15:00+00:00,4587.500000,4588.399902,4578.500000,4583.200195,982.000000
2026-08-20 23:30:00+00:00,4582.899902,4584.500000,4577.100098,4580.799805,777.000000
2026-08-20 23:45:00+00:00,4581.000000,4584.299805,4579.200195,4582.200195,318.000000
2026-08-21 00:00:00+00:00,4582.299805,4583.700195,4573.799805,4575.100098,801.000000
2026-08-21 00:15:00+00:00,4574.899902,4577.399902,4570.399902,4571.399902,859.000000
2026-08-21 00:30:00+00:00,4571.899902,4573.899902,4567.399902,4570.399902,926.000000
2026-08-21 00:45:00+00:00,4570.700195,4570.899902,4566.299805,4567.200195,540.000000
2026-08-21 01:00:00+00:00,4567.200195,4577.700195,4565.500000,4577.399902,1669.000000
2026-08-21 01:15:00+00:00,4577.500000,4587.299805,4577.000000,4586.399902,1337.000000
2026-08-21 01:30:00+00:00,4585.899902,4600.299805,4579.799805,4582.399902,3205.000000
2026-08-21 01:45:00+00:00,4582.600098,4589.600098,4581.799805,4587.000000,930.000000
2026-08-21 02:00:00+00:00,4586.799805,4587.500000,4574.000000,4576.299805,2296.000000
2026-08-21 02:15:00+00:00,4577.200195,4585.299805,4576.100098,4583.299805,704.000000
2026-08-21 02:30:00+00:00,4583.899902,4594.000000,4581.299805,4593.700195,1128.000000
2026-08-21 02:45:00+00:00,4594.100098,4599.200195,4588.700195,4590.000000,1432.000000
2026-08-21 03:00:00+00:00,4590.000000,4594.700195,4588.200195,4588.899902,624.000000
2026-08-21 03:15:00+00:00,4588.899902,4591.200195,4585.700195,4585.899902,584.000000
2026-08-21 03:30:00+00:00,4585.899902,4591.799805,4582.600098,4585.000000,770.000000
2026-08-21 03:45:00+00:00,4585.200195,4590.899902,4584.200195,4590.899902,487.000000
2026-08-21 04:00:00+00:00,4591.500000,4598.500000,4591.200195,4596.600098,983.000000
2026-08-21 04:15:00+00:00,4596.399902,4603.899902,4594.000000,4603.200195,1684.000000
2026-08-21 04:30:00+00:00,4603.399902,4604.399902,4597.000000,4598.100098,1121.000000
2026-08-21 04:45:00+00:00,4598.000000,4598.700195,4596.299805,4596.799805,245.000000
2026-08-21 05:00:00+00:00,4596.399902,4596.899902,4590.899902,4593.600098,1068.000000
2026-08-21 05:15:00+00:00,4593.700195,4595.000000,4586.700195,4586.700195,1090.000000
2026-08-21 05:30:00+00:00,4586.500000,4599.700195,4585.399902,4599.500000,1170.000000
2026-08-21 05:45:00+00:00,4599.500000,4612.399902,4597.799805,4610.100098,2580.000000
2026-08-21 06:00:00+00:00,4609.899902,4611.500000,4601.799805,4605.200195,1418.000000
2026-08-21 06:15:00+00:00,4605.399902,4615.100098,4605.399902,4612.200195,2696.000000
2026-08-21 06:30:00+00:00,4612.000000,4622.799805,4611.299805,4619.500000,3167.000000
2026-08-21 06:45:00+00:00,4619.700195,4624.700195,4617.799805,4617.899902,1851.000000
2026-08-21 07:00:00+00:00,4617.799805,4623.000000,4615.399902,4618.399902,2019.000000
2026-08-21 07:15:00+00:00,4618.600098,4624.799805,4616.700195,4618.600098,1504.000000
2026-08-21 07:30:00+00:00,4618.500000,4623.500000,4617.000000,4621.100098,1184.000000
2026-08-21 07:45:00+00:00,4621.399902,4625.000000,4617.899902,4621.000000,1183.000000
2026-08-21 08:00:00+00:00,4621.399902,4625.000000,4615.799805,4622.299805,2090.000000
2026-08-21 08:15:00+00:00,4622.600098,4638.899902,4620.799805,4636.700195,4198.000000
2026-08-21 08:30:00+00:00,4636.700195,4641.200195,4633.500000,4639.700195,2824.000000
2026-08-21 08:45:00+00:00,4639.600098,4642.000000,4637.000000,4641.000000,1226.000000
2026-08-21 09:00:00+00:00,4641.100098,4659.000000,4638.899902,4656.799805,5545.000000
2026-08-21 09:15:00+00:00,4656.899902,4659.399902,4638.299805,4639.600098,4033.000000
2026-08-21 09:30:00+00:00,4639.299805,4644.299805,4638.100098,4640.399902,2329.000000
2026-08-21 09:45:00+00:00,4640.299805,4642.799805,4637.600098,4639.700195,1929.000000
2026-08-21 10:00:00+00:00,4639.399902,4646.000000,4634.500000,4635.700195,2848.000000
2026-08-21 10:15:00+00:00,4636.000000,4646.399902,4635.299805,4645.600098,1747.000000
2026-08-21 10:30:00+00:00,4645.799805,4651.600098,4642.700195,4650.399902,1288.000000
2026-08-21 10:45:00+00:00,4650.399902,4650.700195,4645.000000,4645.799805,1398.000000
2026-08-21 11:00:00+00:00,4645.500000,4652.799805,4644.299805,4647.500000,1410.000000
2026-08-21 11:15:00+00:00,4648.200195,4659.299805,4648.200195,4655.700195,2469.000000
2026-08-21 11:30:00+00:00,4655.899902,4661.700195,4650.299805,4654.299805,2368.000000
2026-08-21 11:45:00+00:00,4654.299805,4657.700195,4653.000000,4654.399902,1703.000000
2026-08-21 12:00:00+00:00,4654.700195,4659.100098,4646.500000,4650.000000,3766.000000
2026-08-21 12:15:00+00:00,4650.100098,4653.200195,4638.000000,4642.200195,4314.000000
2026-08-21 12:30:00+00:00,4642.000000,4642.000000,4620.500000,4630.500000,6862.000000
2026-08-21 12:45:00+00:00,4630.299805,4637.899902,4630.200195,4634.700195,3248.000000
2026-08-21 13:00:00+00:00,4634.600098,4643.899902,4632.500000,4642.000000,3080.000000
2026-08-21 13:15:00+00:00,4642.399902,4644.700195,4635.899902,4641.100098,1704.000000
2026-08-21 13:30:00+00:00,4640.899902,4647.899902,4630.000000,4645.000000,5086.000000
2026-08-21 13:45:00+00:00,4644.600098,4650.200195,4633.799805,4638.299805,5190.000000
2026-08-21 14:00:00+00:00,4638.100098,4647.799805,4637.000000,4646.299805,3544.000000
2026-08-21 14:15:00+00:00,4646.399902,4659.799805,4642.899902,4659.500000,4530.000000
2026-08-21 14:30:00+00:00,4659.700195,4660.200195,4636.500000,4639.000000,6394.000000
2026-08-21 14:45:00+00:00,4639.100098,4652.000000,4637.000000,4648.100098,3408.000000
2026-08-21 15:00:00+00:00,4648.500000,4655.100098,4644.100098,4652.200195,2968.000000
2026-08-21 15:15:00+00:00,4652.299805,4665.500000,4652.000000,4660.299805,4289.000000
2026-08-21 15:30:00+00:00,4660.299805,4668.200195,4657.000000,4666.899902,3169.000000
2026-08-21 15:45:00+00:00,4667.200195,4673.000000,4664.200195,4672.000000,2954.000000
2026-08-21 16:00:00+00:00,4672.100098,4675.000000,4666.299805,4672.100098,2676.000000
2026-08-21 16:15:00+00:00,4672.100098,4678.399902,4667.799805,4671.600098,2561.000000
2026-08-21 16:30:00+00:00,4671.700195,4679.600098,4669.799805,4678.899902,2533.000000
2026-08-21 16:45:00+00:00,4678.899902,4687.200195,4678.399902,4686.600098,3015.000000
2026-08-21 17:00:00+00:00,4686.700195,4690.399902,4679.700195,4681.399902,4827.000000
2026-08-21 17:15:00+00:00,4681.299805,4684.200195,4673.399902,4680.100098,5746.000000
2026-08-21 17:30:00+00:00,4680.399902,4683.100098,4676.899902,4677.700195,2164.000000
2026-08-21 17:45:00+00:00,4678.000000,4680.700195,4675.100098,4678.700195,1960.000000
2026-08-21 18:00:00+00:00,4679.000000,4685.899902,4678.600098,4682.500000,1268.000000
2026-08-21 18:15:00+00:00,4682.500000,4686.100098,4682.500000,4683.500000,638.000000
2026-08-21 18:30:00+00:00,4683.299805,4683.299805,4677.500000,4678.500000,1707.000000
2026-08-21 18:45:00+00:00,4678.799805,4684.000000,4678.799805,4681.799805,1342.000000
2026-08-21 19:00:00+00:00,4682.100098,4683.100098,4675.899902,4680.000000,1159.000000
2026-08-21 19:15:00+00:00,4680.200195,4680.399902,4675.299805,4675.600098,951.000000
2026-08-21 19:30:00+00:00,4675.500000,4676.899902,4673.000000,4675.399902,990.000000
2026-08-21 19:45:00+00:00,4675.399902,4680.600098,4673.000000,4674.700195,1568.000000
2026-08-21 20:00:00+00:00,4674.600098,4675.399902,4672.600098,4674.600098,599.000000
2026-08-21 20:15:00+00:00,4674.399902,4675.000000,4667.600098,4668.000000,586.000000
2026-08-21 20:30:00+00:00,4668.000000,4669.600098,4665.399902,4665.799805,410.000000
2026-08-21 20:45:00+00:00,4665.600098,4680.600098,4661.000000,4680.600098,985.000000
2026-08-23 22:00:00+00:00,4675.399902,4679.100098,4673.799805,4675.399902,241.000000
2026-08-23 22:15:00+00:00,4675.100098,4678.700195,4670.200195,4671.600098,713.000000
2026-08-23 22:30:00+00:00,4671.100098,4674.200195,4664.000000,4667.500000,721.000000
2026-08-23 22:45:00+00:00,4667.600098,4668.000000,4663.000000,4663.100098,387.000000
2026-08-23 23:00:00+00:00,4663.500000,4666.500000,4661.899902,4665.000000,473.000000
2026-08-23 23:15:00+00:00,4664.799805,4673.899902,4664.000000,4672.600098,895.000000
2026-08-23 23:30:00+00:00,4672.399902,4676.299805,4664.799805,4665.500000,1014.000000
2026-08-23 23:45:00+00:00,4665.700195,4682.000000,4665.399902,4681.600098,1166.000000
2026-08-24 00:00:00+00:00,4681.600098,4698.600098,4677.799805,4694.899902,3064.000000
2026-08-24 00:15:00+00:00,4694.799805,4698.100098,4651.799805,4661.600098,3453.000000
2026-08-24 00:30:00+00:00,4661.600098,4666.000000,4658.200195,4664.100098,1601.000000
2026-08-24 00:45:00+00:00,4663.100098,4680.299805,4660.899902,4678.799805,1475.000000
2026-08-24 01:00:00+00:00,4679.000000,4692.000000,4675.700195,4679.100098,3027.000000
2026-08-24 01:15:00+00:00,4679.000000,4682.600098,4667.899902,4671.399902,1731.000000
2026-08-24 01:30:00+00:00,4671.500000,4677.700195,4664.600098,4674.600098,1680.000000
2026-08-24 01:45:00+00:00,4674.799805,4694.299805,4671.500000,4688.600098,2464.000000
2026-08-24 02:00:00+00:00,4688.700195,4709.000000,4684.399902,4707.500000,3423.000000
2026-08-24 02:15:00+00:00,4707.100098,4712.399902,4706.200195,4712.299805,1770.000000
2026-08-24 02:30:00+00:00,4712.399902,4713.799805,4694.600098,4694.899902,2150.000000
2026-08-24 02:45:00+00:00,4694.600098,4701.500000,4684.299805,4700.399902,2640.000000
2026-08-24 03:00:00+00:00,4700.399902,4700.700195,4690.000000,4694.100098,1044.000000
2026-08-24 03:15:00+00:00,4694.200195,4705.100098,4691.799805,4700.500000,962.000000
2026-08-24 03:30:00+00:00,4700.600098,4707.000000,4699.600098,4700.000000,826.000000
2026-08-24 03:45:00+00:00,4699.799805,4701.899902,4696.799805,4698.200195,673.000000
2026-08-24 04:00:00+00:00,4698.200195,4699.000000,4688.899902,4694.700195,1066.000000
2026-08-24 04:15:00+00:00,4694.700195,4698.100098,4690.799805,4696.600098,596.000000
2026-08-24 04:30:00+00:00,4696.600098,4697.000000,4689.100098,4694.399902,398.000000
2026-08-24 04:45:00+00:00,4694.100098,4696.399902,4692.000000,4695.200195,340.000000
2026-08-24 05:00:00+00:00,4695.799805,4699.399902,4694.899902,4699.100098,568.000000
2026-08-24 05:15:00+00:00,4699.500000,4702.500000,4692.200195,4692.200195,817.000000
2026-08-24 05:30:00+00:00,4692.000000,4695.600098,4685.500000,4689.399902,1743.000000
2026-08-24 05:45:00+00:00,4689.200195,4699.299805,4686.299805,4697.299805,940.000000
2026-08-24 06:00:00+00:00,4697.500000,4708.799805,4695.799805,4708.200195,1743.000000
2026-08-24 06:15:00+00:00,4708.500000,4716.700195,4697.399902,4698.700195,3564.000000
2026-08-24 06:30:00+00:00,4699.299805,4710.100098,4698.399902,4699.500000,1576.000000
2026-08-24 06:45:00+00:00,4699.500000,4710.100098,4699.000000,4706.700195,1446.000000
2026-08-24 07:00:00+00:00,4706.399902,4711.000000,4700.600098,4704.399902,1395.000000
2026-08-24 07:15:00+00:00,4704.000000,4706.200195,4698.000000,4699.000000,1003.000000
2026-08-24 07:30:00+00:00,4698.399902,4704.000000,4690.500000,4690.600098,1941.000000
2026-08-24 07:45:00+00:00,4691.100098,4699.700195,4686.000000,4697.399902,2955.000000
2026-08-24 08:00:00+00:00,4697.799805,4702.000000,4691.399902,4692.700195,1916.000000
2026-08-24 08:15:00+00:00,4693.000000,4696.200195,4684.799805,4684.799805,2201.000000
2026-08-24 08:30:00+00:00,4685.000000,4701.799805,4684.200195,4700.899902,2142.000000
2026-08-24 08:45:00+00:00,4701.299805,4702.000000,4691.200195,4693.500000,1208.000000
2026-08-24 09:00:00+00:00,4693.700195,4700.299805,4692.899902,4697.299805,2075.000000
2026-08-24 09:15:00+00:00,4697.200195,4697.200195,4690.299805,4691.399902,1779.000000
2026-08-24 09:30:00+00:00,4691.600098,4696.600098,4688.799805,4695.299805,2360.000000
2026-08-24 09:45:00+00:00,4695.299805,4702.700195,4695.200195,4702.399902,1421.000000
2026-08-24 10:00:00+00:00,4702.399902,4707.000000,4702.399902,4704.899902,1922.000000
2026-08-24 10:15:00+00:00,4705.299805,4705.600098,4699.200195,4700.700195,1066.000000
2026-08-24 10:30:00+00:00,4700.399902,4706.399902,4699.899902,4701.299805,1081.000000
2026-08-24 10:45:00+00:00,4701.399902,4704.299805,4698.600098,4700.299805,1383.000000
2026-08-24 11:00:00+00:00,4700.100098,4703.899902,4696.200195,4699.200195,1650.000000
2026-08-24 11:15:00+00:00,4699.600098,4705.399902,4697.899902,4704.000000,1118.000000
2026-08-24 11:30:00+00:00,4704.100098,4728.299805,4700.899902,4716.700195,8101.000000
2026-08-24 11:45:00+00:00,4716.899902,4719.200195,4705.600098,4715.000000,3055.000000
2026-08-24 12:00:00+00:00,4715.200195,4717.799805,4707.399902,4715.500000,2023.000000
2026-08-24 12:15:00+00:00,4714.700195,4720.500000,4709.000000,4719.399902,2220.000000
2026-08-24 12:30:00+00:00,4719.399902,4726.899902,4702.000000,4715.000000,4448.000000
2026-08-24 12:45:00+00:00,4715.299805,4725.200195,4711.899902,4720.700195,1992.000000
2026-08-24 13:00:00+00:00,4720.899902,4735.700195,4719.299805,4735.000000,3760.000000
2026-08-24 13:15:00+00:00,4734.899902,4735.899902,4725.100098,4730.100098,2696.000000
2026-08-24 13:30:00+00:00,4730.100098,4738.500000,4715.600098,4716.000000,6081.000000
2026-08-24 13:45:00+00:00,4715.799805,4735.600098,4713.299805,4721.799805,6220.000000
2026-08-24 14:00:00+00:00,4721.500000,4729.200195,4717.000000,4722.500000,4205.000000
2026-08-24 14:15:00+00:00,4722.299805,4732.200195,4712.000000,4729.000000,3781.000000
2026-08-24 14:30:00+00:00,4729.100098,4736.100098,4726.399902,4729.200195,3156.000000
2026-08-24 14:45:00+00:00,4729.500000,4733.299805,4714.000000,4727.600098,4827.000000
2026-08-24 15:00:00+00:00,4727.799805,4734.000000,4722.600098,4730.299805,2397.000000
2026-08-24 15:15:00+00:00,4730.299805,4737.000000,4725.299805,4733.000000,3140.000000
2026-08-24 15:30:00+00:00,4733.100098,4735.200195,4716.799805,4718.000000,3743.000000
2026-08-24 15:45:00+00:00,4717.600098,4720.299805,4696.500000,4706.000000,8833.000000
2026-08-24 16:00:00+00:00,4706.000000,4719.000000,4703.100098,4714.799805,4530.000000
2026-08-24 16:15:00+00:00,4714.500000,4717.700195,4713.299805,4716.200195,1316.000000
2026-08-24 16:30:00+00:00,4716.200195,4719.600098,4715.899902,4717.100098,1132.000000
2026-08-24 16:45:00+00:00,4717.299805,4717.700195,4697.899902,4701.899902,3545.000000
2026-08-24 17:00:00+00:00,4702.100098,4712.700195,4698.799805,4709.000000,3602.000000
2026-08-24 17:15:00+00:00,4708.799805,4711.200195,4686.600098,4695.000000,7588.000000
2026-08-24 17:30:00+00:00,4695.100098,4699.200195,4692.100098,4695.500000,1908.000000
2026-08-24 17:45:00+00:00,4695.200195,4695.799805,4689.299805,4693.299805,2328.000000
2026-08-24 18:00:00+00:00,4693.000000,4697.500000,4681.200195,4688.500000,3946.000000
2026-08-24 18:15:00+00:00,4688.899902,4699.000000,4683.700195,4697.299805,2749.000000
2026-08-24 18:30:00+00:00,4697.200195,4698.700195,4681.399902,4691.100098,2234.000000
2026-08-24 18:45:00+00:00,4691.399902,4694.000000,4687.799805,4693.000000,710.000000
2026-08-24 19:00:00+00:00,4692.700195,4697.000000,4692.200195,4692.500000,833.000000
2026-08-24 19:15:00+00:00,4692.700195,4701.200195,4692.200195,4697.700195,862.000000
2026-08-24 19:30:00+00:00,4697.600098,4706.700195,4696.200195,4706.000000,1136.000000
2026-08-24 19:45:00+00:00,4705.899902,4712.100098,4705.700195,4707.500000,1715.000000
2026-08-24 20:00:00+00:00,4707.899902,4711.500000,4706.399902,4707.200195,1585.000000
2026-08-24 20:15:00+00:00,4706.899902,4710.000000,4705.000000,4705.299805,759.000000
2026-08-24 20:30:00+00:00,4705.600098,4706.200195,4703.500000,4703.899902,184.000000
2026-08-24 20:45:00+00:00,4704.399902,4710.000000,4703.399902,4710.000000,794.000000
2026-08-24 22:00:00+00:00,4710.100098,4718.000000,4708.399902,4715.600098,335.000000
2026-08-24 22:15:00+00:00,4715.899902,4716.399902,4713.500000,4714.200195,144.000000
2026-08-24 22:30:00+00:00,4714.899902,4718.100098,4714.000000,4718.000000,293.000000
2026-08-24 22:45:00+00:00,4718.200195,4725.600098,4717.799805,4724.500000,679.000000
2026-08-24 23:00:00+00:00,4724.600098,4729.399902,4723.000000,4729.200195,719.000000
2026-08-24 23:15:00+00:00,4729.200195,4733.700195,4726.000000,4726.000000,875.000000
2026-08-24 23:30:00+00:00,4726.100098,4734.100098,4724.500000,4734.000000,946.000000
2026-08-24 23:45:00+00:00,4733.799805,4740.600098,4732.000000,4737.200195,1685.000000
2026-08-25 00:00:00+00:00,4737.299805,4749.000000,4732.700195,4747.799805,2731.000000
2026-08-25 00:15:00+00:00,4747.799805,4748.899902,4733.799805,4739.799805,1449.000000
2026-08-25 00:30:00+00:00,4740.000000,4755.000000,4739.100098,4751.299805,2444.000000
2026-08-25 00:45:00+00:00,4751.500000,4752.399902,4740.700195,4741.000000,1373.000000
2026-08-25 01:00:00+00:00,4740.799805,4743.299805,4727.600098,4735.000000,2896.000000
2026-08-25 01:15:00+00:00,4734.100098,4737.100098,4720.600098,4726.000000,2413.000000
2026-08-25 01:30:00+00:00,4726.600098,4731.299805,4723.299805,4726.700195,1781.000000
2026-08-25 01:45:00+00:00,4726.899902,4732.500000,4713.200195,4714.700195,2816.000000
2026-08-25 02:00:00+00:00,4714.500000,4718.299805,4694.200195,4698.100098,3860.000000
2026-08-25 02:15:00+00:00,4697.700195,4713.000000,4697.100098,4712.799805,1638.000000
2026-08-25 02:30:00+00:00,4712.500000,4712.899902,4686.799805,4686.799805,3483.000000
2026-08-25 02:45:00+00:00,4687.299805,4693.700195,4670.500000,4685.500000,5121.000000
2026-08-25 03:00:00+00:00,4685.700195,4693.799805,4678.100098,4689.500000,2375.000000
2026-08-25 03:15:00+00:00,4689.600098,4694.100098,4687.899902,4693.899902,835.000000
2026-08-25 03:30:00+00:00,4693.000000,4697.700195,4690.000000,4690.100098,1065.000000
2026-08-25 03:45:00+00:00,4690.100098,4691.600098,4687.200195,4688.299805,623.000000
2026-08-25 04:00:00+00:00,4689.399902,4693.500000,4686.399902,4693.200195,576.000000
2026-08-25 04:15:00+00:00,4692.600098,4693.000000,4684.600098,4686.700195,596.000000
2026-08-25 04:30:00+00:00,4686.600098,4688.299805,4679.500000,4681.600098,1215.000000
2026-08-25 04:45:00+00:00,4681.399902,4684.100098,4679.899902,4681.100098,458.000000
2026-08-25 05:00:00+00:00,4681.299805,4694.899902,4679.299805,4693.600098,1835.000000
2026-08-25 05:15:00+00:00,4693.500000,4704.000000,4693.500000,4702.399902,1771.000000
2026-08-25 05:30:00+00:00,4702.500000,4703.299805,4693.700195,4694.700195,1517.000000
2026-08-25 05:45:00+00:00,4694.500000,4701.500000,4691.700195,4698.500000,1337.000000
2026-08-25 06:00:00+00:00,4698.399902,4706.600098,4697.000000,4705.700195,1610.000000
2026-08-25 06:15:00+00:00,4705.600098,4709.600098,4701.600098,4706.299805,1084.000000
2026-08-25 06:30:00+00:00,4706.200195,4709.600098,4704.000000,4704.000000,879.000000
2026-08-25 06:45:00+00:00,4704.200195,4705.700195,4693.000000,4694.600098,1332.000000
2026-08-25 07:00:00+00:00,4695.000000,4698.299805,4692.799805,4696.200195,1140.000000
2026-08-25 07:15:00+00:00,4695.799805,4700.299805,4690.500000,4691.100098,1406.000000
2026-08-25 07:30:00+00:00,4691.100098,4696.700195,4690.200195,4695.899902,1166.000000
2026-08-25 07:45:00+00:00,4696.100098,4697.200195,4685.799805,4686.100098,2022.000000
2026-08-25 08:00:00+00:00,4686.100098,4687.600098,4676.299805,4683.100098,2114.000000
2026-08-25 08:15:00+00:00,4682.799805,4702.000000,4682.200195,4689.100098,2676.000000
2026-08-25 08:30:00+00:00,4689.100098,4691.500000,4681.600098,4687.899902,1908.000000
2026-08-25 08:45:00+00:00,4687.700195,4689.600098,4680.899902,4685.700195,918.000000
2026-08-25 09:00:00+00:00,4685.700195,4689.000000,4680.299805,4686.000000,1065.000000
2026-08-25 09:15:00+00:00,4686.299805,4689.100098,4681.299805,4681.700195,754.000000
2026-08-25 09:30:00+00:00,4681.799805,4695.100098,4679.500000,4692.799805,3079.000000
2026-08-25 09:45:00+00:00,4692.899902,4698.100098,4691.200195,4691.700195,1382.000000
2026-08-25 10:00:00+00:00,4691.600098,4694.000000,4688.500000,4690.399902,956.000000
2026-08-25 10:15:00+00:00,4690.899902,4694.299805,4688.500000,4689.399902,730.000000
2026-08-25 10:30:00+00:00,4689.399902,4696.700195,4688.100098,4693.600098,815.000000
2026-08-25 10:45:00+00:00,4693.700195,4698.200195,4692.899902,4695.000000,729.000000
2026-08-25 11:00:00+00:00,4694.799805,4698.799805,4691.899902,4696.299805,835.000000
2026-08-25 11:15:00+00:00,4697.799805,4700.200195,4694.500000,4697.200195,1723.000000
2026-08-25 11:30:00+00:00,4697.100098,4701.200195,4696.200195,4696.600098,1209.000000
2026-08-25 11:45:00+00:00,4696.700195,4703.500000,4696.600098,4698.399902,1157.000000
2026-08-25 12:00:00+00:00,4698.700195,4698.899902,4691.000000,4694.799805,3050.000000
2026-08-25 12:15:00+00:00,4694.600098,4695.100098,4687.299805,4692.799805,2521.000000
2026-08-25 12:30:00+00:00,4692.700195,4696.000000,4685.299805,4693.700195,1926.000000
2026-08-25 12:45:00+00:00,4693.399902,4699.600098,4692.799805,4695.700195,1394.000000
2026-08-25 13:00:00+00:00,4696.299805,4696.600098,4678.100098,4678.500000,3981.000000
2026-08-25 13:15:00+00:00,4678.100098,4683.200195,4663.399902,4664.700195,5417.000000
2026-08-25 13:30:00+00:00,4665.100098,4678.700195,4664.200195,4667.700195,4044.000000
2026-08-25 13:45:00+00:00,4667.600098,4673.000000,4659.500000,4671.399902,5251.000000
2026-08-25 14:00:00+00:00,4671.299805,4682.399902,4668.799805,4678.200195,5782.000000
2026-08-25 14:15:00+00:00,4678.700195,4684.500000,4674.100098,4679.799805,2941.000000
2026-08-25 14:30:00+00:00,4679.700195,4694.200195,4667.299805,4693.100098,5882.000000
2026-08-25 14:45:00+00:00,4693.000000,4696.000000,4688.799805,4691.600098,2308.000000
2026-08-25 15:00:00+00:00,4691.799805,4693.299805,4686.299805,4689.200195,1834.000000
2026-08-25 15:15:00+00:00,4689.299805,4701.000000,4685.100098,4695.799805,2935.000000
2026-08-25 15:30:00+00:00,4696.000000,4716.399902,4696.000000,4713.299805,6396.000000
2026-08-25 15:45:00+00:00,4713.299805,4714.100098,4705.899902,4709.500000,2639.000000
2026-08-25 16:00:00+00:00,4709.600098,4710.200195,4699.500000,4701.399902,2624.000000
2026-08-25 16:15:00+00:00,4701.200195,4703.799805,4694.600098,4698.000000,2991.000000
2026-08-25 16:30:00+00:00,4697.799805,4702.600098,4694.299805,4701.200195,2045.000000
2026-08-25 16:45:00+00:00,4701.500000,4703.799805,4697.700195,4700.799805,1624.000000
2026-08-25 17:00:00+00:00,4700.600098,4700.600098,4691.299805,4694.799805,2103.000000
2026-08-25 17:15:00+00:00,4695.299805,4702.399902,4691.799805,4694.200195,2952.000000
2026-08-25 17:30:00+00:00,4694.200195,4701.700195,4693.500000,4700.200195,1326.000000
2026-08-25 17:45:00+00:00,4700.200195,4705.799805,4699.899902,4705.799805,1085.000000
2026-08-25 18:00:00+00:00,4705.799805,4707.399902,4701.700195,4704.500000,1002.000000
2026-08-25 18:15:00+00:00,4704.100098,4707.600098,4703.299805,4706.799805,952.000000
2026-08-25 18:30:00+00:00,4707.000000,4707.299805,4702.700195,4706.000000,729.000000
2026-08-25 18:45:00+00:00,4706.000000,4711.799805,4706.000000,4711.399902,1020.000000
2026-08-25 19:00:00+00:00,4711.399902,4720.000000,4710.399902,4719.200195,2198.000000
2026-08-25 19:15:00+00:00,4719.299805,4725.600098,4717.000000,4717.899902,1644.000000
2026-08-25 19:30:00+00:00,4718.000000,4721.899902,4714.700195,4719.000000,1422.000000
2026-08-25 19:45:00+00:00,4718.799805,4724.299805,4717.100098,4723.399902,2024.000000
2026-08-25 20:00:00+00:00,4723.299805,4726.000000,4719.700195,4722.700195,1301.000000
2026-08-25 20:15:00+00:00,4722.899902,4724.899902,4719.000000,4719.500000,578.000000
2026-08-25 20:30:00+00:00,4719.700195,4721.200195,4717.299805,4718.399902,474.000000
2026-08-25 20:45:00+00:00,4718.799805,4719.399902,4714.100098,4715.899902,611.000000
2026-08-25 22:00:00+00:00,4715.700195,4722.299805,4712.100098,4721.700195,218.000000
2026-08-25 22:15:00+00:00,4721.600098,4724.299805,4721.600098,4723.899902,493.000000
2026-08-25 22:30:00+00:00,4723.799805,4727.799805,4723.799805,4727.200195,497.000000
2026-08-25 22:45:00+00:00,4727.200195,4730.899902,4727.200195,4729.700195,526.000000
2026-08-25 23:00:00+00:00,4729.700195,4730.600098,4724.000000,4725.100098,502.000000
2026-08-25 23:15:00+00:00,4725.000000,4725.100098,4717.500000,4718.299805,691.000000
2026-08-25 23:30:00+00:00,4718.500000,4718.799805,4712.799805,4713.500000,687.000000
2026-08-25 23:45:00+00:00,4713.100098,4716.000000,4710.299805,4712.100098,707.000000
2026-08-26 00:00:00+00:00,4711.899902,4715.200195,4707.399902,4708.399902,1005.000000
2026-08-26 00:15:00+00:00,4708.299805,4712.299805,4700.100098,4703.700195,1040.000000
2026-08-26 00:30:00+00:00,4704.200195,4707.200195,4693.100098,4694.100098,1696.000000
2026-08-26 00:45:00+00:00,4694.000000,4695.700195,4691.100098,4694.200195,1177.000000
2026-08-26 01:00:00+00:00,4694.600098,4704.700195,4686.200195,4700.799805,2700.000000
2026-08-26 01:15:00+00:00,4701.500000,4707.100098,4700.000000,4700.299805,1554.000000
2026-08-26 01:30:00+00:00,4700.299805,4703.899902,4695.600098,4701.100098,1618.000000
2026-08-26 01:45:00+00:00,4702.100098,4717.700195,4700.100098,4713.799805,1616.000000
2026-08-26 02:00:00+00:00,4713.600098,4718.500000,4711.600098,4717.000000,1028.000000
2026-08-26 02:15:00+00:00,4717.000000,4718.700195,4712.600098,4715.500000,787.000000
2026-08-26 02:30:00+00:00,4715.399902,4728.000000,4714.500000,4724.299805,1948.000000
2026-08-26 02:45:00+00:00,4724.200195,4726.000000,4714.899902,4715.200195,766.000000
2026-08-26 03:00:00+00:00,4715.399902,4715.899902,4704.200195,4705.299805,1428.000000
2026-08-26 03:15:00+00:00,4705.100098,4708.100098,4702.399902,4707.299805,1106.000000
2026-08-26 03:30:00+00:00,4707.200195,4708.399902,4702.299805,4702.500000,730.000000
2026-08-26 03:45:00+00:00,4702.299805,4702.399902,4699.600098,4701.100098,589.000000
2026-08-26 04:00:00+00:00,4699.799805,4701.200195,4698.899902,4699.600098,382.000000
2026-08-26 04:15:00+00:00,4699.700195,4700.500000,4698.200195,4699.200195,407.000000
2026-08-26 04:30:00+00:00,4699.399902,4700.399902,4696.399902,4697.600098,548.000000
2026-08-26 04:45:00+00:00,4697.899902,4698.799805,4695.700195,4697.600098,561.000000
2026-08-26 05:00:00+00:00,4697.500000,4702.799805,4697.299805,4700.200195,859.000000
2026-08-26 05:15:00+00:00,4700.200195,4702.200195,4698.399902,4700.200195,457.000000
2026-08-26 05:30:00+00:00,4700.399902,4706.299805,4694.700195,4695.000000,1390.000000
2026-08-26 05:45:00+00:00,4694.600098,4697.299805,4692.200195,4696.299805,749.000000
2026-08-26 06:00:00+00:00,4696.200195,4698.000000,4692.600098,4694.200195,775.000000
2026-08-26 06:15:00+00:00,4694.200195,4694.200195,4681.100098,4683.399902,1677.000000
2026-08-26 06:30:00+00:00,4683.399902,4691.200195,4682.600098,4690.200195,1167.000000
2026-08-26 06:45:00+00:00,4690.100098,4693.299805,4687.100098,4690.600098,1025.000000
2026-08-26 07:00:00+00:00,4690.600098,4695.700195,4689.299805,4693.000000,1150.000000
2026-08-26 07:15:00+00:00,4692.700195,4694.299805,4686.899902,4687.500000,808.000000
2026-08-26 07:30:00+00:00,4687.600098,4693.000000,4685.100098,4688.299805,910.000000
2026-08-26 07:45:00+00:00,4688.399902,4691.200195,4682.600098,4685.100098,1183.000000
2026-08-26 08:00:00+00:00,4684.899902,4686.700195,4681.399902,4681.500000,993.000000
2026-08-26 08:15:00+00:00,4681.299805,4685.100098,4677.299805,4684.899902,1334.000000
2026-08-26 08:30:00+00:00,4685.200195,4686.399902,4680.600098,4685.000000,688.000000
2026-08-26 08:45:00+00:00,4684.799805,4685.399902,4681.299805,4683.700195,640.000000
2026-08-26 09:00:00+00:00,4684.000000,4687.000000,4679.200195,4680.399902,1761.000000
2026-08-26 09:15:00+00:00,4680.299805,4680.700195,4671.299805,4672.399902,2196.000000
2026-08-26 09:30:00+00:00,4672.100098,4678.100098,4672.000000,4678.000000,945.000000
2026-08-26 09:45:00+00:00,4677.700195,4681.600098,4677.700195,4679.500000,766.000000
2026-08-26 10:00:00+00:00,4679.600098,4680.000000,4673.899902,4675.100098,618.000000
2026-08-26 10:15:00+00:00,4674.899902,4676.799805,4668.799805,4670.799805,1556.000000
2026-08-26 10:30:00+00:00,4671.200195,4680.100098,4670.700195,4678.299805,931.000000
2026-08-26 10:45:00+00:00,4678.399902,4679.899902,4674.600098,4675.899902,617.000000
2026-08-26 11:00:00+00:00,4676.299805,4677.899902,4672.600098,4674.100098,1039.000000
2026-08-26 11:15:00+00:00,4674.399902,4678.799805,4672.100098,4676.000000,1312.000000
2026-08-26 11:30:00+00:00,4676.399902,4678.899902,4673.000000,4674.500000,816.000000
2026-08-26 11:45:00+00:00,4674.500000,4681.000000,4672.399902,4680.299805,888.000000
2026-08-26 12:00:00+00:00,4680.600098,4685.600098,4679.399902,4681.200195,1949.000000
2026-08-26 12:15:00+00:00,4681.299805,4686.600098,4680.000000,4686.600098,2008.000000
2026-08-26 12:30:00+00:00,4686.600098,4690.000000,4666.899902,4677.700195,5999.000000
2026-08-26 12:45:00+00:00,4677.600098,4681.700195,4666.000000,4669.500000,3191.000000
2026-08-26 13:00:00+00:00,4670.000000,4676.899902,4662.600098,4666.299805,5672.000000
2026-08-26 13:15:00+00:00,4666.200195,4669.799805,4653.299805,4666.500000,5753.000000
2026-08-26 13:30:00+00:00,4666.700195,4678.299805,4665.500000,4675.000000,4311.000000
2026-08-26 13:45:00+00:00,4675.000000,4687.000000,4673.399902,4686.600098,4433.000000
2026-08-26 14:00:00+00:00,4686.700195,4688.600098,4675.000000,4676.100098,3417.000000
2026-08-26 14:15:00+00:00,4676.200195,4682.799805,4672.000000,4672.500000,2312.000000
2026-08-26 14:30:00+00:00,4672.399902,4678.899902,4668.600098,4677.899902,2283.000000
2026-08-26 14:45:00+00:00,4677.899902,4678.799805,4658.000000,4658.200195,4447.000000
2026-08-26 15:00:00+00:00,4658.500000,4660.799805,4642.600098,4644.000000,8071.000000
2026-08-26 15:15:00+00:00,4644.000000,4653.700195,4638.200195,4650.399902,5343.000000
2026-08-26 15:30:00+00:00,4650.000000,4660.299805,4649.899902,4660.200195,2223.000000
2026-08-26 15:45:00+00:00,4660.399902,4664.600098,4651.399902,4651.399902,3383.000000
2026-08-26 16:00:00+00:00,4651.600098,4656.799805,4645.899902,4655.200195,3270.000000
2026-08-26 16:15:00+00:00,4655.399902,4655.799805,4648.799805,4649.899902,3864.000000
2026-08-26 16:30:00+00:00,4650.200195,4651.500000,4640.799805,4643.700195,2720.000000
2026-08-26 16:45:00+00:00,4643.299805,4652.500000,4643.299805,4647.100098,1882.000000
2026-08-26 17:00:00+00:00,4647.100098,4651.600098,4645.899902,4650.200195,1108.000000
2026-08-26 17:15:00+00:00,4650.299805,4654.299805,4648.799805,4653.399902,2493.000000
2026-08-26 17:30:00+00:00,4653.200195,4657.600098,4651.000000,4652.600098,1718.000000
2026-08-26 17:45:00+00:00,4652.500000,4654.600098,4649.399902,4653.200195,819.000000
2026-08-26 18:00:00+00:00,4653.100098,4660.299805,4652.299805,4655.899902,1566.000000
2026-08-26 18:15:00+00:00,4656.000000,4656.200195,4648.000000,4650.200195,1383.000000
2026-08-26 18:30:00+00:00,4649.899902,4652.600098,4647.500000,4652.000000,1052.000000
2026-08-26 18:45:00+00:00,4651.600098,4653.000000,4648.299805,4648.500000,791.000000
2026-08-26 19:00:00+00:00,4648.799805,4650.399902,4645.700195,4649.100098,685.000000
2026-08-26 19:15:00+00:00,4649.100098,4653.700195,4645.799805,4653.100098,931.000000
2026-08-26 19:30:00+00:00,4653.200195,4656.299805,4649.000000,4650.200195,802.000000
2026-08-26 19:45:00+00:00,4650.500000,4651.100098,4647.000000,4648.899902,1090.000000
2026-08-26 20:00:00+00:00,4649.000000,4651.399902,4646.000000,4646.000000,499.000000
2026-08-26 20:15:00+00:00,4646.399902,4646.700195,4638.600098,4645.899902,739.000000
2026-08-26 20:30:00+00:00,4645.799805,4648.399902,4645.000000,4646.399902,245.000000
2026-08-26 20:45:00+00:00,4646.600098,4649.700195,4646.500000,4647.799805,255.000000
2026-08-26 22:00:00+00:00,4650.000000,4660.000000,4648.100098,4656.600098,254.000000
2026-08-26 22:15:00+00:00,4657.000000,4667.700195,4656.200195,4665.100098,926.000000
2026-08-26 22:30:00+00:00,4665.200195,4666.000000,4663.100098,4665.000000,376.000000
2026-08-26 22:45:00+00:00,4665.299805,4666.200195,4660.700195,4663.299805,663.000000
2026-08-26 23:00:00+00:00,4663.200195,4669.500000,4660.899902,4669.500000,863.000000
2026-08-26 23:15:00+00:00,4669.100098,4676.100098,4668.200195,4673.700195,1135.000000
2026-08-26 23:30:00+00:00,4674.100098,4678.700195,4672.000000,4676.799805,591.000000
2026-08-26 23:45:00+00:00,4676.299805,4678.899902,4674.700195,4677.500000,1043.000000
2026-08-27 00:00:00+00:00,4677.899902,4681.000000,4670.299805,4672.000000,1019.000000
2026-08-27 00:15:00+00:00,4671.700195,4675.299805,4667.399902,4673.100098,853.000000
2026-08-27 00:30:00+00:00,4673.000000,4673.000000,4659.399902,4660.399902,1772.000000
2026-08-27 00:45:00+00:00,4660.500000,4665.299805,4654.500000,4659.200195,1182.000000
2026-08-27 01:00:00+00:00,4658.899902,4679.100098,4656.200195,4678.899902,1911.000000
2026-08-27 01:15:00+00:00,4679.100098,4679.500000,4671.200195,4672.799805,1349.000000
2026-08-27 01:30:00+00:00,4672.700195,4686.000000,4672.399902,4678.399902,2076.000000
2026-08-27 01:45:00+00:00,4678.399902,4695.399902,4678.299805,4694.600098,2143.000000
2026-08-27 02:00:00+00:00,4694.600098,4697.700195,4692.600098,4695.399902,1449.000000
2026-08-27 02:15:00+00:00,4695.000000,4695.200195,4687.399902,4687.899902,1234.000000
2026-08-27 02:30:00+00:00,4687.799805,4688.399902,4678.100098,4681.600098,1891.000000
2026-08-27 02:45:00+00:00,4681.799805,4685.899902,4678.899902,4683.700195,840.000000
2026-08-27 03:00:00+00:00,4683.799805,4689.700195,4682.899902,4689.000000,737.000000
2026-08-27 03:15:00+00:00,4688.700195,4693.100098,4687.399902,4690.000000,520.000000
2026-08-27 03:30:00+00:00,4690.000000,4690.299805,4683.399902,4684.000000,586.000000
2026-08-27 03:45:00+00:00,4683.700195,4684.399902,4678.799805,4679.000000,459.000000
2026-08-27 04:00:00+00:00,4679.700195,4681.799805,4678.799805,4679.799805,412.000000
2026-08-27 04:15:00+00:00,4679.600098,4681.600098,4675.000000,4675.000000,599.000000
2026-08-27 04:30:00+00:00,4674.899902,4675.299805,4671.399902,4673.399902,631.000000
2026-08-27 04:45:00+00:00,4673.299805,4675.000000,4671.899902,4673.000000,692.000000
2026-08-27 05:00:00+00:00,4673.299805,4675.700195,4670.600098,4673.899902,611.000000
2026-08-27 05:15:00+00:00,4674.000000,4675.799805,4670.799805,4671.200195,672.000000
2026-08-27 05:30:00+00:00,4671.100098,4673.899902,4658.700195,4659.700195,2479.000000
2026-08-27 05:45:00+00:00,4659.500000,4663.899902,4655.000000,4661.200195,2255.000000
2026-08-27 06:00:00+00:00,4661.000000,4661.500000,4653.299805,4660.000000,2802.000000
2026-08-27 06:15:00+00:00,4659.399902,4664.200195,4657.600098,4664.200195,1266.000000
2026-08-27 06:30:00+00:00,4664.399902,4665.700195,4658.600098,4661.500000,1009.000000
2026-08-27 06:45:00+00:00,4661.600098,4663.500000,4651.700195,4654.299805,1809.000000
2026-08-27 07:00:00+00:00,4654.299805,4659.700195,4652.600098,4657.700195,1325.000000
2026-08-27 07:15:00+00:00,4657.500000,4657.500000,4647.200195,4653.299805,1934.000000
2026-08-27 07:30:00+00:00,4653.399902,4655.100098,4648.700195,4651.500000,896.000000
2026-08-27 07:45:00+00:00,4651.799805,4656.299805,4649.399902,4653.399902,790.000000
2026-08-27 08:00:00+00:00,4654.000000,4660.500000,4653.200195,4656.799805,1056.000000
2026-08-27 08:15:00+00:00,4657.200195,4659.799805,4653.600098,4654.700195,814.000000
2026-08-27 08:30:00+00:00,4654.500000,4655.299805,4647.899902,4649.200195,985.000000
2026-08-27 08:45:00+00:00,4649.200195,4655.500000,4648.899902,4652.299805,700.000000
2026-08-27 09:00:00+00:00,4652.299805,4653.799805,4646.600098,4648.700195,894.000000
2026-08-27 09:15:00+00:00,4649.000000,4652.500000,4646.799805,4650.700195,1712.000000
2026-08-27 09:30:00+00:00,4650.899902,4652.100098,4631.000000,4635.600098,4570.000000
2026-08-27 09:45:00+00:00,4635.399902,4639.000000,4631.700195,4633.200195,1770.000000
2026-08-27 10:00:00+00:00,4632.899902,4634.700195,4618.899902,4634.399902,3974.000000
2026-08-27 10:15:00+00:00,4634.000000,4636.200195,4629.899902,4633.200195,1295.000000
2026-08-27 10:30:00+00:00,4632.899902,4639.100098,4628.899902,4638.600098,1130.000000
2026-08-27 10:45:00+00:00,4638.600098,4643.600098,4638.399902,4643.000000,1217.000000
2026-08-27 11:00:00+00:00,4643.100098,4645.700195,4640.200195,4645.500000,658.000000
2026-08-27 11:15:00+00:00,4645.399902,4650.200195,4644.200195,4647.399902,1622.000000
2026-08-27 11:30:00+00:00,4647.899902,4653.000000,4647.100098,4651.000000,2050.000000
2026-08-27 11:45:00+00:00,4651.000000,4653.700195,4647.899902,4652.299805,2539.000000
2026-08-27 12:00:00+00:00,4652.000000,4654.700195,4646.000000,4646.100098,1780.000000
2026-08-27 12:15:00+00:00,4646.000000,4654.100098,4645.000000,4650.000000,2208.000000
2026-08-27 12:30:00+00:00,4650.600098,4651.000000,4640.700195,4641.000000,2340.000000
2026-08-27 12:45:00+00:00,4641.000000,4641.600098,4633.700195,4639.299805,1777.000000
2026-08-27 13:00:00+00:00,4639.200195,4644.000000,4633.000000,4638.500000,1989.000000
2026-08-27 13:15:00+00:00,4638.200195,4646.399902,4636.000000,4643.100098,2352.000000
2026-08-27 13:30:00+00:00,4643.000000,4646.000000,4624.500000,4631.299805,4740.000000
2026-08-27 13:45:00+00:00,4630.700195,4635.899902,4616.000000,4625.899902,5042.000000
2026-08-27 14:00:00+00:00,4625.600098,4632.799805,4621.700195,4627.600098,3969.000000
2026-08-27 14:15:00+00:00,4627.000000,4637.899902,4627.000000,4634.600098,2967.000000
2026-08-27 14:30:00+00:00,4634.399902,4651.500000,4634.399902,4648.799805,4581.000000
2026-08-27 14:45:00+00:00,4648.899902,4652.000000,4641.899902,4645.100098,2252.000000
2026-08-27 15:00:00+00:00,4645.000000,4649.500000,4644.899902,4646.500000,1295.000000
2026-08-27 15:15:00+00:00,4646.600098,4651.899902,4642.700195,4646.899902,1386.000000
2026-08-27 15:30:00+00:00,4646.899902,4660.000000,4646.100098,4655.500000,2962.000000
2026-08-27 15:45:00+00:00,4655.700195,4665.500000,4654.299805,4664.500000,2254.000000
2026-08-27 16:00:00+00:00,4664.700195,4666.899902,4658.700195,4658.899902,1705.000000
2026-08-27 16:15:00+00:00,4658.899902,4662.600098,4656.500000,4662.000000,1136.000000
2026-08-27 16:30:00+00:00,4661.799805,4667.100098,4660.000000,4665.700195,1768.000000
2026-08-27 16:45:00+00:00,4665.600098,4670.899902,4664.299805,4669.299805,1962.000000
2026-08-27 17:00:00+00:00,4669.200195,4670.700195,4662.700195,4664.500000,1258.000000
2026-08-27 17:15:00+00:00,4664.399902,4666.200195,4662.500000,4664.299805,1392.000000
2026-08-27 17:30:00+00:00,4664.500000,4668.399902,4662.399902,4665.399902,954.000000
2026-08-27 17:45:00+00:00,4665.500000,4665.899902,4659.100098,4660.399902,1229.000000
2026-08-27 18:00:00+00:00,4660.600098,4662.100098,4655.899902,4659.200195,1143.000000
2026-08-27 18:15:00+00:00,4659.600098,4662.000000,4655.200195,4655.299805,749.000000
2026-08-27 18:30:00+00:00,4655.299805,4659.000000,4654.700195,4658.299805,498.000000
2026-08-27 18:45:00+00:00,4658.399902,4665.200195,4658.200195,4664.299805,971.000000
2026-08-27 19:00:00+00:00,4664.700195,4672.399902,4664.600098,4669.899902,1258.000000
2026-08-27 19:15:00+00:00,4670.399902,4670.399902,4658.299805,4660.000000,1130.000000
2026-08-27 19:30:00+00:00,4659.799805,4664.200195,4658.600098,4663.600098,535.000000
2026-08-27 19:45:00+00:00,4663.700195,4666.399902,4658.799805,4662.700195,1004.000000
2026-08-27 20:00:00+00:00,4662.799805,4663.600098,4657.500000,4658.700195,440.000000
2026-08-27 20:15:00+00:00,4658.500000,4659.299805,4656.600098,4657.299805,145.000000
2026-08-27 20:30:00+00:00,4657.500000,4658.299805,4655.500000,4657.700195,153.000000
2026-08-27 20:45:00+00:00,4657.899902,4658.600098,4653.799805,4654.799805,526.000000
2026-08-27 22:00:00+00:00,4656.000000,4660.899902,4653.899902,4657.899902,116.000000
2026-08-27 22:15:00+00:00,4658.399902,4662.000000,4657.600098,4661.000000,395.000000
2026-08-27 22:30:00+00:00,4661.399902,4663.399902,4660.000000,4661.100098,467.000000
2026-08-27 22:45:00+00:00,4660.899902,4664.100098,4659.799805,4664.100098,354.000000
2026-08-27 23:00:00+00:00,4664.000000,4664.799805,4656.100098,4656.100098,851.000000
2026-08-27 23:15:00+00:00,4655.799805,4656.799805,4652.899902,4654.399902,341.000000
2026-08-27 23:30:00+00:00,4654.399902,4655.200195,4651.500000,4652.799805,673.000000
2026-08-27 23:45:00+00:00,4652.500000,4652.899902,4647.299805,4647.600098,561.000000
2026-08-28 00:00:00+00:00,4647.799805,4655.700195,4646.500000,4653.500000,807.000000
2026-08-28 00:15:00+00:00,4653.799805,4654.100098,4643.799805,4647.100098,754.000000
2026-08-28 00:30:00+00:00,4647.299805,4647.299805,4640.700195,4643.799805,594.000000
2026-08-28 00:45:00+00:00,4643.500000,4644.100098,4638.500000,4641.200195,688.000000
2026-08-28 01:00:00+00:00,4642.399902,4655.399902,4639.399902,4647.299805,1567.000000
2026-08-28 01:15:00+00:00,4647.500000,4651.000000,4637.000000,4638.799805,1204.000000
2026-08-28 01:30:00+00:00,4638.899902,4642.100098,4631.200195,4635.100098,1345.000000
2026-08-28 01:45:00+00:00,4634.700195,4636.000000,4628.100098,4628.899902,1183.000000
2026-08-28 02:00:00+00:00,4628.600098,4635.399902,4628.000000,4634.100098,709.000000
2026-08-28 02:15:00+00:00,4633.700195,4637.600098,4631.399902,4636.299805,533.000000
2026-08-28 02:30:00+00:00,4636.399902,4642.399902,4635.899902,4637.799805,699.000000
2026-08-28 02:45:00+00:00,4637.899902,4639.799805,4634.899902,4638.899902,571.000000
2026-08-28 03:00:00+00:00,4638.700195,4640.899902,4635.000000,4637.100098,432.000000
2026-08-28 03:15:00+00:00,4636.799805,4642.299805,4636.799805,4640.600098,610.000000
2026-08-28 03:30:00+00:00,4640.500000,4640.500000,4633.399902,4634.100098,459.000000
2026-08-28 03:45:00+00:00,4634.000000,4634.000000,4630.899902,4631.399902,285.000000
2026-08-28 04:00:00+00:00,4632.299805,4632.899902,4630.200195,4631.600098,383.000000
2026-08-28 04:15:00+00:00,4631.200195,4637.500000,4630.799805,4636.799805,570.000000
2026-08-28 04:30:00+00:00,4636.500000,4636.500000,4630.000000,4632.000000,360.000000
2026-08-28 04:45:00+00:00,4632.000000,4637.500000,4630.200195,4636.399902,301.000000
2026-08-28 05:00:00+00:00,4636.700195,4637.299805,4630.299805,4632.299805,424.000000
2026-08-28 05:15:00+00:00,4631.899902,4638.600098,4631.399902,4636.399902,520.000000
2026-08-28 05:30:00+00:00,4636.200195,4636.200195,4623.000000,4625.000000,1469.000000
2026-08-28 05:45:00+00:00,4624.899902,4629.500000,4623.799805,4625.500000,539.000000
2026-08-28 06:00:00+00:00,4625.700195,4636.000000,4624.500000,4634.299805,986.000000
2026-08-28 06:15:00+00:00,4634.100098,4638.100098,4633.000000,4637.299805,758.000000
2026-08-28 06:30:00+00:00,4637.100098,4640.899902,4635.600098,4640.600098,1031.000000
2026-08-28 06:45:00+00:00,4640.799805,4666.200195,4640.700195,4665.500000,3333.000000
2026-08-28 07:00:00+00:00,4665.399902,4666.399902,4648.700195,4653.500000,2531.000000
2026-08-28 07:15:00+00:00,4653.299805,4662.899902,4652.100098,4659.899902,1225.000000
2026-08-28 07:30:00+00:00,4660.399902,4667.399902,4660.100098,4662.299805,1266.000000
2026-08-28 07:45:00+00:00,4662.100098,4666.600098,4660.399902,4665.000000,1217.000000
2026-08-28 08:00:00+00:00,4664.899902,4667.700195,4663.200195,4665.100098,841.000000
2026-08-28 08:15:00+00:00,4665.299805,4665.500000,4661.299805,4662.299805,923.000000
2026-08-28 08:30:00+00:00,4662.700195,4665.100098,4657.000000,4657.100098,791.000000
2026-08-28 08:45:00+00:00,4657.100098,4659.899902,4654.299805,4656.299805,1217.000000
2026-08-28 09:00:00+00:00,4656.399902,4657.899902,4654.299805,4655.299805,493.000000
2026-08-28 09:15:00+00:00,4655.000000,4657.700195,4653.500000,4655.500000,802.000000
2026-08-28 09:30:00+00:00,4655.200195,4658.700195,4654.600098,4657.700195,1017.000000
2026-08-28 09:45:00+00:00,4657.600098,4661.399902,4656.700195,4658.700195,592.000000
2026-08-28 10:00:00+00:00,4658.799805,4662.799805,4657.000000,4662.200195,652.000000
2026-08-28 10:15:00+00:00,4662.399902,4663.500000,4655.000000,4658.500000,1133.000000
2026-08-28 10:30:00+00:00,4658.700195,4661.200195,4655.000000,4656.000000,532.000000
2026-08-28 10:45:00+00:00,4655.799805,4656.500000,4650.299805,4653.100098,1033.000000
2026-08-28 11:00:00+00:00,4653.100098,4654.200195,4647.700195,4651.299805,1299.000000
2026-08-28 11:15:00+00:00,4651.299805,4653.899902,4650.200195,4651.399902,565.000000
2026-08-28 11:30:00+00:00,4651.399902,4653.399902,4643.600098,4647.200195,1884.000000
2026-08-28 11:45:00+00:00,4647.000000,4648.600098,4644.000000,4645.600098,697.000000
2026-08-28 12:00:00+00:00,4645.600098,4649.299805,4643.200195,4646.899902,1246.000000
2026-08-28 12:15:00+00:00,4647.000000,4656.399902,4644.500000,4654.500000,1675.000000
2026-08-28 12:30:00+00:00,4654.299805,4655.000000,4641.200195,4644.100098,2225.000000
2026-08-28 12:45:00+00:00,4644.100098,4655.200195,4642.600098,4654.100098,1685.000000
2026-08-28 13:00:00+00:00,4654.200195,4657.700195,4648.600098,4651.299805,2277.000000
2026-08-28 13:15:00+00:00,4651.500000,4656.700195,4645.899902,4656.299805,2164.000000
2026-08-28 13:30:00+00:00,4656.100098,4660.299805,4651.100098,4657.000000,2627.000000
2026-08-28 13:45:00+00:00,4657.299805,4680.799805,4655.200195,4657.500000,5900.000000
2026-08-28 14:00:00+00:00,4657.399902,4688.000000,4594.600098,4597.500000,31938.000000
2026-08-28 14:15:00+00:00,4597.700195,4620.500000,4580.200195,4603.200195,21800.000000
2026-08-28 14:30:00+00:00,4603.500000,4629.200195,4603.000000,4613.200195,12727.000000
2026-08-28 14:45:00+00:00,4613.100098,4633.000000,4601.700195,4629.000000,8631.000000
2026-08-28 15:00:00+00:00,4629.299805,4636.100098,4609.500000,4611.600098,9570.000000
2026-08-28 15:15:00+00:00,4611.700195,4620.700195,4603.500000,4618.799805,7109.000000
2026-08-28 15:30:00+00:00,4619.000000,4619.700195,4586.500000,4590.799805,7501.000000
2026-08-28 15:45:00+00:00,4591.600098,4598.100098,4574.799805,4575.700195,10219.000000
2026-08-28 16:00:00+00:00,4575.899902,4580.899902,4548.000000,4549.299805,12985.000000
2026-08-28 16:15:00+00:00,4549.100098,4555.000000,4515.299805,4531.600098,17713.000000
2026-08-28 16:30:00+00:00,4531.600098,4538.299805,4516.700195,4519.600098,8956.000000
2026-08-28 16:45:00+00:00,4519.799805,4535.899902,4519.500000,4529.899902,4465.000000
2026-08-28 17:00:00+00:00,4530.100098,4533.600098,4521.899902,4531.299805,4298.000000
2026-08-28 17:15:00+00:00,4531.299805,4537.200195,4525.399902,4528.399902,6505.000000
2026-08-28 17:30:00+00:00,4528.500000,4532.100098,4510.500000,4517.500000,5203.000000
2026-08-28 17:45:00+00:00,4517.299805,4526.100098,4516.700195,4519.700195,4376.000000
2026-08-28 18:00:00+00:00,4519.700195,4521.899902,4509.500000,4511.100098,5140.000000
2026-08-28 18:15:00+00:00,4511.100098,4513.500000,4502.399902,4506.200195,4791.000000
2026-08-28 18:30:00+00:00,4505.899902,4508.500000,4495.000000,4501.000000,4011.000000
2026-08-28 18:45:00+00:00,4500.500000,4507.899902,4498.000000,4506.500000,1656.000000
2026-08-28 19:00:00+00:00,4506.500000,4512.600098,4502.399902,4506.700195,2486.000000
2026-08-28 19:15:00+00:00,4506.500000,4513.200195,4504.700195,4512.000000,1198.000000
2026-08-28 19:30:00+00:00,4511.600098,4517.200195,4510.799805,4514.600098,1876.000000
2026-08-28 19:45:00+00:00,4514.399902,4514.399902,4502.299805,4507.899902,2743.000000
2026-08-28 20:00:00+00:00,4507.899902,4512.299805,4504.899902,4507.500000,1399.000000
2026-08-28 20:15:00+00:00,4507.700195,4510.200195,4503.200195,4507.399902,412.000000
2026-08-28 20:30:00+00:00,4507.500000,4507.500000,4503.399902,4506.600098,458.000000
2026-08-28 20:45:00+00:00,4507.000000,4529.899902,4502.700195,4529.899902,882.000000
2026-08-30 22:00:00+00:00,4506.299805,4510.000000,4505.000000,4509.200195,561.000000
2026-08-30 22:15:00+00:00,4508.799805,4515.899902,4506.200195,4509.200195,1991.000000
2026-08-30 22:30:00+00:00,4509.000000,4512.000000,4502.200195,4507.299805,1116.000000
2026-08-30 22:45:00+00:00,4507.200195,4512.000000,4506.399902,4510.899902,643.000000
2026-08-30 23:00:00+00:00,4510.799805,4516.600098,4508.799805,4509.799805,841.000000
2026-08-30 23:15:00+00:00,4509.899902,4514.399902,4503.899902,4506.799805,1126.000000
2026-08-30 23:30:00+00:00,4506.399902,4507.000000,4495.700195,4496.500000,1286.000000
2026-08-30 23:45:00+00:00,4496.200195,4509.600098,4485.200195,4507.799805,2396.000000
2026-08-31 00:00:00+00:00,4507.799805,4512.899902,4502.399902,4511.299805,1603.000000
2026-08-31 00:15:00+00:00,4511.000000,4514.600098,4501.399902,4505.700195,885.000000
2026-08-31 00:30:00+00:00,4506.200195,4521.500000,4506.200195,4514.500000,1499.000000
2026-08-31 00:45:00+00:00,4514.500000,4518.299805,4505.500000,4505.700195,1114.000000
2026-08-31 01:00:00+00:00,4505.799805,4512.399902,4485.299805,4493.299805,4457.000000
2026-08-31 01:15:00+00:00,4492.799805,4503.500000,4491.799805,4493.500000,1723.000000
2026-08-31 01:30:00+00:00,4493.000000,4503.100098,4485.600098,4500.200195,1970.000000
2026-08-31 01:45:00+00:00,4500.200195,4501.899902,4485.000000,4489.600098,2086.000000
2026-08-31 02:00:00+00:00,4489.100098,4490.700195,4466.000000,4474.000000,4993.000000
2026-08-31 02:15:00+00:00,4473.899902,4477.200195,4467.500000,4472.399902,1418.000000
2026-08-31 02:30:00+00:00,4472.100098,4475.700195,4451.200195,4452.100098,4314.000000
2026-08-31 02:45:00+00:00,4452.100098,4472.399902,4445.600098,4472.299805,2818.000000
2026-08-31 03:00:00+00:00,4472.299805,4477.799805,4471.100098,4477.799805,1449.000000
2026-08-31 03:15:00+00:00,4478.000000,4483.600098,4476.000000,4477.299805,1604.000000
2026-08-31 03:30:00+00:00,4477.200195,4477.299805,4469.500000,4472.299805,952.000000
2026-08-31 03:45:00+00:00,4472.500000,4476.799805,4471.100098,4472.000000,558.000000
2026-08-31 04:00:00+00:00,4472.299805,4472.500000,4466.399902,4471.100098,1349.000000
2026-08-31 04:15:00+00:00,4471.200195,4471.299805,4465.500000,4465.500000,544.000000
2026-08-31 04:30:00+00:00,4465.500000,4471.899902,4462.500000,4469.899902,920.000000
2026-08-31 04:45:00+00:00,4470.100098,4475.000000,4468.600098,4474.600098,657.000000
2026-08-31 05:00:00+00:00,4474.600098,4477.000000,4469.200195,4473.000000,1046.000000
2026-08-31 05:15:00+00:00,4472.600098,4490.500000,4472.000000,4489.899902,1174.000000
2026-08-31 05:30:00+00:00,4490.299805,4491.899902,4480.399902,4486.600098,1429.000000
2026-08-31 05:45:00+00:00,4487.100098,4493.500000,4483.899902,4492.700195,1356.000000
2026-08-31 06:00:00+00:00,4492.700195,4493.000000,4478.899902,4482.000000,1192.000000
2026-08-31 06:15:00+00:00,4482.299805,4489.000000,4481.200195,4486.000000,1504.000000
2026-08-31 06:30:00+00:00,4485.700195,4491.100098,4481.299805,4489.500000,869.000000
2026-08-31 06:45:00+00:00,4489.500000,4493.000000,4486.700195,4489.399902,706.000000
2026-08-31 07:00:00+00:00,4489.200195,4491.600098,4485.500000,4485.899902,783.000000
2026-08-31 07:15:00+00:00,4486.000000,4498.500000,4485.000000,4494.100098,1950.000000
2026-08-31 07:30:00+00:00,4494.100098,4497.299805,4491.299805,4496.700195,951.000000
2026-08-31 07:45:00+00:00,4496.899902,4498.200195,4490.899902,4493.299805,773.000000
2026-08-31 08:00:00+00:00,4493.299805,4499.700195,4487.100098,4489.100098,1247.000000
2026-08-31 08:15:00+00:00,4489.000000,4491.399902,4486.200195,4490.500000,819.000000
2026-08-31 08:30:00+00:00,4490.200195,4490.200195,4484.399902,4485.500000,589.000000
2026-08-31 08:45:00+00:00,4485.399902,4487.000000,4483.899902,4485.600098,732.000000
2026-08-31 09:00:00+00:00,4485.799805,4493.100098,4485.700195,4493.100098,1099.000000
2026-08-31 09:15:00+00:00,4493.299805,4494.500000,4488.000000,4489.500000,546.000000
2026-08-31 09:30:00+00:00,4489.600098,4495.200195,4489.299805,4493.700195,787.000000
2026-08-31 09:45:00+00:00,4493.700195,4496.000000,4491.799805,4496.000000,493.000000
2026-08-31 10:00:00+00:00,4495.899902,4504.200195,4495.200195,4502.000000,1325.000000
2026-08-31 10:15:00+00:00,4502.399902,4502.799805,4496.799805,4499.100098,826.000000
2026-08-31 10:30:00+00:00,4499.200195,4502.899902,4498.500000,4501.700195,745.000000
2026-08-31 10:45:00+00:00,4501.899902,4506.700195,4500.200195,4504.500000,963.000000
2026-08-31 11:00:00+00:00,4504.600098,4508.399902,4503.799805,4504.399902,790.000000
2026-08-31 11:15:00+00:00,4504.500000,4514.899902,4503.100098,4514.100098,1346.000000
2026-08-31 11:30:00+00:00,4514.100098,4514.899902,4504.500000,4505.299805,1455.000000
2026-08-31 11:45:00+00:00,4505.700195,4507.100098,4503.200195,4506.200195,906.000000
2026-08-31 12:00:00+00:00,4506.100098,4511.899902,4500.799805,4508.200195,2772.000000
2026-08-31 12:15:00+00:00,4508.299805,4509.700195,4497.799805,4498.700195,2108.000000
2026-08-31 12:30:00+00:00,4498.399902,4500.899902,4489.799805,4491.600098,2801.000000
2026-08-31 12:45:00+00:00,4491.399902,4492.899902,4486.500000,4486.899902,2443.000000
2026-08-31 13:00:00+00:00,4486.700195,4497.799805,4484.799805,4497.000000,3032.000000
2026-08-31 13:15:00+00:00,4497.100098,4499.500000,4490.500000,4497.299805,1496.000000
2026-08-31 13:30:00+00:00,4497.399902,4498.500000,4483.100098,4484.600098,3434.000000
2026-08-31 13:45:00+00:00,4484.700195,4484.799805,4466.399902,4469.100098,7235.000000
2026-08-31 14:00:00+00:00,4469.299805,4478.500000,4466.700195,4477.600098,3378.000000
2026-08-31 14:15:00+00:00,4477.700195,4481.600098,4466.899902,4470.600098,3092.000000
2026-08-31 14:30:00+00:00,4470.500000,4487.200195,4470.000000,4483.100098,3639.000000
2026-08-31 14:45:00+00:00,4483.500000,4486.299805,4476.200195,4481.700195,2447.000000
2026-08-31 15:00:00+00:00,4481.700195,4487.700195,4477.899902,4485.200195,2107.000000
2026-08-31 15:15:00+00:00,4485.399902,4487.899902,4478.899902,4482.899902,1859.000000
2026-08-31 15:30:00+00:00,4482.399902,4484.000000,4476.000000,4477.200195,2108.000000
2026-08-31 15:45:00+00:00,4477.299805,4483.600098,4474.299805,4475.500000,1727.000000
2026-08-31 16:00:00+00:00,4475.899902,4487.100098,4473.000000,4484.399902,2265.000000
2026-08-31 16:15:00+00:00,4484.700195,4488.700195,4482.899902,4488.299805,991.000000
2026-08-31 16:30:00+00:00,4488.600098,4490.299805,4481.000000,4485.399902,1671.000000
2026-08-31 16:45:00+00:00,4485.200195,4487.100098,4481.799805,4482.600098,1149.000000
2026-08-31 17:00:00+00:00,4482.799805,4484.600098,4480.000000,4482.899902,905.000000
2026-08-31 17:15:00+00:00,4483.000000,4486.600098,4477.799805,4479.799805,3300.000000
2026-08-31 17:30:00+00:00,4479.799805,4486.299805,4479.100098,4486.000000,1359.000000
2026-08-31 17:45:00+00:00,4485.899902,4489.700195,4485.100098,4485.600098,949.000000
2026-08-31 18:00:00+00:00,4486.000000,4486.100098,4479.500000,4483.200195,1038.000000
2026-08-31 18:15:00+00:00,4483.100098,4484.000000,4478.899902,4478.899902,716.000000
2026-08-31 18:30:00+00:00,4478.899902,4479.500000,4475.500000,4478.600098,913.000000
2026-08-31 18:45:00+00:00,4478.600098,4484.000000,4478.399902,4480.299805,644.000000
2026-08-31 19:00:00+00:00,4480.700195,4484.700195,4478.399902,4482.799805,741.000000
2026-08-31 19:15:00+00:00,4483.100098,4491.700195,4482.100098,4489.799805,1608.000000
2026-08-31 19:30:00+00:00,4489.799805,4494.799805,4488.399902,4492.500000,1402.000000
2026-08-31 19:45:00+00:00,4492.200195,4502.700195,4490.799805,4502.000000,2850.000000
2026-08-31 20:00:00+00:00,4502.299805,4504.899902,4499.100098,4499.200195,888.000000
2026-08-31 20:15:00+00:00,4499.299805,4499.600098,4496.100098,4496.500000,338.000000
2026-08-31 20:30:00+00:00,4496.500000,4498.799805,4495.899902,4497.299805,209.000000
2026-08-31 20:45:00+00:00,4497.399902,4498.899902,4496.200195,4497.299805,324.000000
2026-08-31 22:00:00+00:00,4498.700195,4504.799805,4496.500000,4500.399902,305.000000
2026-08-31 22:15:00+00:00,4500.399902,4500.700195,4496.399902,4498.600098,472.000000
2026-08-31 22:30:00+00:00,4498.500000,4500.000000,4495.899902,4496.899902,284.000000
2026-08-31 22:45:00+00:00,4496.600098,4496.899902,4494.299805,4495.500000,191.000000
2026-08-31 23:00:00+00:00,4495.799805,4495.799805,4492.299805,4492.600098,429.000000
2026-08-31 23:15:00+00:00,4492.399902,4492.799805,4490.299805,4491.899902,361.000000
2026-08-31 23:30:00+00:00,4492.000000,4496.500000,4491.600098,4494.500000,389.000000
2026-08-31 23:45:00+00:00,4494.500000,4501.000000,4494.200195,4501.000000,522.000000
