,open,high,low,close,volume
2026-07-02 13:30:00+00:00,7495.140137,7515.520020,7495.140137,7514.350098,0.000000
2026-07-02 13:35:00+00:00,7514.450195,7520.020020,7507.359863,7514.370117,51720805.000000
2026-07-02 13:40:00+00:00,7515.640137,7530.310059,7515.390137,7526.209961,42925549.000000
2026-07-02 13:45:00+00:00,7525.569824,7535.890137,7524.330078,7533.549805,42692020.000000
2026-07-02 13:50:00+00:00,7532.600098,7540.450195,7530.479980,7534.029785,45817265.000000
2026-07-02 13:55:00+00:00,7533.729980,7536.169922,7529.169922,7534.990234,38173167.000000
2026-07-02 14:00:00+00:00,7535.700195,7539.140137,7532.430176,7535.750000,41307397.000000
2026-07-02 14:05:00+00:00,7535.680176,7537.990234,7529.629883,7530.529785,38588560.000000
2026-07-02 14:10:00+00:00,7530.839844,7540.750000,7524.839844,7537.470215,32308249.000000
2026-07-02 14:15:00+00:00,7537.790039,7539.979980,7529.390137,7534.819824,33026242.000000
2026-07-02 14:20:00+00:00,7534.459961,7535.689941,7523.160156,7523.660156,35188960.000000
2026-07-02 14:25:00+00:00,7523.729980,7525.140137,7503.729980,7507.540039,40756642.000000
2026-07-02 14:30:00+00:00,7507.580078,7521.330078,7503.819824,7510.009766,39122020.000000
2026-07-02 14:35:00+00:00,7510.120117,7518.529785,7505.669922,7511.890137,38140810.000000
2026-07-02 14:40:00+00:00,7511.879883,7513.169922,7490.890137,7495.350098,42212125.000000
2026-07-02 14:45:00+00:00,7495.509766,7504.029785,7490.259766,7499.399902,41736792.000000
2026-07-02 14:50:00+00:00,7499.410156,7503.879883,7487.370117,7492.350098,37624929.000000
2026-07-02 14:55:00+00:00,7491.939941,7503.970215,7491.899902,7503.850098,33044548.000000
2026-07-02 15:00:00+00:00,7504.240234,7505.379883,7487.819824,7487.819824,34891955.000000
2026-07-02 15:05:00+00:00,7487.500000,7490.810059,7468.979980,7480.180176,41536599.000000
2026-07-02 15:10:00+00:00,7480.250000,7492.359863,7477.750000,7487.839844,31154144.000000
2026-07-02 15:15:00+00:00,7487.589844,7490.060059,7471.629883,7472.729980,31109045.000000
2026-07-02 15:20:00+00:00,7473.140137,7486.270020,7470.040039,7485.540039,32014704.000000
2026-07-02 15:25:00+00:00,7485.870117,7487.310059,7476.589844,7476.629883,31114785.000000
2026-07-02 15:30:00+00:00,7476.379883,7490.220215,7476.299805,7488.020020,30101000.000000
2026-07-02 15:35:00+00:00,7488.120117,7494.180176,7487.379883,7489.600098,31686000.000000
2026-07-02 15:40:00+00:00,7489.549805,7492.950195,7480.919922,7480.919922,26360000.000000
2026-07-02 15:45:00+00:00,7480.430176,7484.180176,7475.220215,7475.759766,27414000.000000
2026-07-02 15:50:00+00:00,7475.959961,7475.959961,7467.580078,7472.779785,27828000.000000
2026-07-02 15:55:00+00:00,7472.720215,7476.660156,7467.910156,7473.750000,26691000.000000
2026-07-02 16:00:00+00:00,7473.740234,7475.859863,7464.270020,7470.629883,30964000.000000
2026-07-02 16:05:00+00:00,7470.729980,7473.060059,7464.720215,7465.839844,30282000.000000
2026-07-02 16:10:00+00:00,7465.950195,7473.890137,7464.970215,7472.350098,27643000.000000
2026-07-02 16:15:00+00:00,7472.549805,7473.560059,7466.839844,7467.979980,27610000.000000
2026-07-02 16:20:00+00:00,7467.810059,7468.089844,7461.490234,7462.100098,26791000.000000
2026-07-02 16:25:00+00:00,7461.790039,7466.990234,7461.120117,7462.040039,26340000.000000
2026-07-02 16:30:00+00:00,7462.350098,7463.009766,7454.970215,7455.180176,26305000.000000
2026-07-02 16:35:00+00:00,7455.149902,7457.600098,7448.810059,7453.279785,30288000.000000
2026-07-02 16:40:00+00:00,7453.259766,7460.189941,7453.259766,7459.709961,22042000.000000
2026-07-02 16:45:00+00:00,7459.290039,7459.430176,7454.689941,7456.450195,23758000.000000
2026-07-02 16:50:00+00:00,7456.490234,7460.490234,7452.799805,7455.479980,24445000.000000
2026-07-02 16:55:00+00:00,7455.430176,7455.479980,7445.259766,7448.709961,24784000.000000
2026-07-02 17:00:00+00:00,7448.720215,7449.319824,7433.350098,7435.859863,29450000.000000
2026-07-02 17:05:00+00:00,7436.279785,7446.390137,7431.700195,7442.009766,23662000.000000
2026-07-02 17:10:00+00:00,7441.930176,7445.970215,7439.319824,7444.209961,22748000.000000
2026-07-02 17:15:00+00:00,7444.350098,7448.549805,7441.220215,7441.390137,20998000.000000
2026-07-02 17:20:00+00:00,7441.430176,7446.560059,7440.060059,7440.689941,19991000.000000
2026-07-02 17:25:00+00:00,7440.870117,7443.029785,7438.870117,7442.720215,19141000.000000
2026-07-02 17:30:00+00:00,7442.810059,7447.850098,7441.470215,7441.470215,21449000.000000
2026-07-02 17:35:00+00:00,7441.459961,7442.220215,7433.279785,7434.129883,25613000.000000
2026-07-02 17:40:00+00:00,7434.069824,7439.089844,7431.470215,7437.279785,22101000.000000
2026-07-02 17:45:00+00:00,7437.459961,7438.040039,7429.220215,7433.229980,24564000.000000
2026-07-02 17:50:00+00:00,7433.100098,7437.490234,7430.410156,7436.549805,23336000.000000
2026-07-02 17:55:00+00:00,7436.810059,7436.810059,7427.560059,7429.319824,22507000.000000
2026-07-02 18:00:00+00:00,7429.169922,7436.509766,7427.549805,7436.379883,26798000.000000
2026-07-02 18:05:00+00:00,7436.370117,7451.609863,7436.240234,7451.609863,25608000.000000
2026-07-02 18:10:00+00:00,7451.620117,7455.790039,7448.439941,7449.580078,23431000.000000
2026-07-02 18:15:00+00:00,7449.549805,7450.450195,7441.490234,7444.060059,26851000.000000
2026-07-02 18:20:00+00:00,7444.049805,7449.810059,7443.819824,7448.640137,19769000.000000
2026-07-02 18:25:00+00:00,7448.649902,7454.620117,7447.439941,7454.399902,21367000.000000
2026-07-02 18:30:00+00:00,7454.310059,7461.080078,7453.919922,7456.180176,25438000.000000
2026-07-02 18:35:00+00:00,7456.250000,7459.680176,7455.500000,7458.359863,20802000.000000
2026-07-02 18:40:00+00:00,7458.540039,7460.100098,7457.020020,7457.600098,24687000.000000
2026-07-02 18:45:00+00:00,7457.669922,7460.120117,7452.379883,7459.629883,24392000.000000
2026-07-02 18:50:00+00:00,7459.680176,7462.580078,7455.990234,7455.990234,24058000.000000
2026-07-02 18:55:00+00:00,7455.879883,7457.759766,7452.680176,7456.819824,23271000.000000
2026-07-02 19:00:00+00:00,7456.729980,7458.479980,7443.169922,7443.350098,25983000.000000
2026-07-02 19:05:00+00:00,7443.299805,7447.589844,7440.729980,7445.970215,31558000.000000
2026-07-02 19:10:00+00:00,7445.799805,7449.439941,7442.839844,7447.680176,26454000.000000
2026-07-02 19:15:00+00:00,7447.589844,7448.359863,7442.629883,7446.069824,32941000.000000
2026-07-02 19:20:00+00:00,7445.609863,7446.189941,7442.580078,7443.359863,36558000.000000
2026-07-02 19:25:00+00:00,7443.180176,7453.919922,7441.810059,7450.430176,39263000.000000
2026-07-02 19:30:00+00:00,7450.350098,7456.729980,7449.399902,7456.339844,43779000.000000
2026-07-02 19:35:00+00:00,7456.450195,7459.120117,7453.220215,7458.209961,40374000.000000
2026-07-02 19:40:00+00:00,7458.200195,7460.990234,7455.009766,7459.950195,41153000.000000
2026-07-02 19:45:00+00:00,7459.930176,7460.740234,7457.200195,7460.220215,54215000.000000
2026-07-02 19:50:00+00:00,7460.299805,7472.299805,7460.299805,7472.270020,87506000.000000
2026-07-02 19:55:00+00:00,7472.339844,7483.540039,7470.629883,7477.629883,233583000.000000
2026-07-02 20:00:00+00:00,7478.060000,7483.240000,7478.060000,7483.240000,611555000.000000
2026-07-02 20:05:00+00:00,7483.240000,7483.240000,7483.240000,7483.240000,15054000.000000
2026-07-02 20:10:00+00:00,7483.240000,7483.240000,7483.240000,7483.240000,2841000.000000
2026-07-02 20:15:00+00:00,7483.240000,7483.240000,7483.240000,7483.240000,1141000.000000
2026-07-02 20:20:00+00:00,7483.240000,7483.240000,7483.240000,7483.240000,78000.000000
2026-07-02 20:40:00+00:00,7483.240000,7483.240000,7483.240000,7483.240000,20524000.000000
2026-07-06 13:30:00+00:00,7506.959961,7522.419922,7506.959961,7519.799805,0.000000
2026-07-06 13:35:00+00:00,7519.560059,7519.560059,7500.970215,7510.310059,49661328.000000
2026-07-06 13:40:00+00:00,7510.470215,7512.950195,7504.430176,7512.879883,44029395.000000
2026-07-06 13:45:00+00:00,7513.080078,7517.600098,7510.660156,7516.109863,40193347.000000
2026-07-06 13:50:00+00:00,7516.560059,7522.140137,7511.129883,7516.850098,37175822.000000
2026-07-06 13:55:00+00:00,7516.870117,7516.870117,7510.640137,7510.970215,38961409.000000
2026-07-06 14:00:00+00:00,7512.750000,7516.959961,7508.609863,7511.549805,38327545.000000
2026-07-06 14:05:00+00:00,7511.100098,7517.419922,7508.270020,7515.549805,37888735.000000
2026-07-06 14:10:00+00:00,7515.450195,7521.990234,7513.609863,7521.759766,36456609.000000
2026-07-06 14:15:00+00:00,7521.759766,7522.439941,7517.600098,7519.649902,34628281.000000
2026-07-06 14:20:00+00:00,7519.339844,7525.649902,7517.950195,7523.540039,30936690.000000
2026-07-06 14:25:00+00:00,7523.620117,7527.470215,7523.299805,7526.310059,30220932.000000
2026-07-06 14:30:00+00:00,7526.729980,7529.169922,7524.250000,7524.689941,30708876.000000
2026-07-06 14:35:00+00:00,7524.890137,7526.189941,7521.850098,7523.790039,26573465.000000
2026-07-06 14:40:00+00:00,7523.700195,7525.080078,7518.640137,7524.290039,27492116.000000
2026-07-06 14:45:00+00:00,7523.979980,7526.120117,7522.660156,7525.060059,24176280.000000
2026-07-06 14:50:00+00:00,7525.100098,7528.040039,7523.609863,7526.200195,28264741.000000
2026-07-06 14:55:00+00:00,7526.379883,7529.379883,7524.830078,7529.379883,27028771.000000
2026-07-06 15:00:00+00:00,7529.660156,7531.609863,7527.319824,7528.640137,27803097.000000
2026-07-06 15:05:00+00:00,7528.629883,7530.459961,7527.040039,7529.109863,26271452.000000
2026-07-06 15:10:00+00:00,7529.629883,7531.479980,7526.049805,7528.259766,26565967.000000
2026-07-06 15:15:00+00:00,7528.180176,7528.180176,7523.939941,7527.390137,27527585.000000
2026-07-06 15:20:00+00:00,7527.390137,7530.919922,7525.569824,7530.919922,26729323.000000
2026-07-06 15:25:00+00:00,7530.950195,7535.620117,7530.169922,7535.189941,31633148.000000
2026-07-06 15:30:00+00:00,7535.450195,7537.129883,7534.020020,7534.160156,22363638.000000
2026-07-06 15:35:00+00:00,7533.970215,7534.419922,7531.660156,7533.620117,22949743.000000
2026-07-06 15:40:00+00:00,7533.500000,7536.160156,7533.009766,7535.589844,21753068.000000
2026-07-06 15:45:00+00:00,7535.549805,7536.810059,7534.509766,7536.339844,19917687.000000
2026-07-06 15:50:00+00:00,7536.419922,7537.399902,7533.799805,7534.220215,27440432.000000
2026-07-06 15:55:00+00:00,7534.169922,7537.200195,7534.029785,7536.029785,21911841.000000
2026-07-06 16:00:00+00:00,7536.180176,7536.180176,7534.040039,7535.470215,20797000.000000
2026-07-06 16:05:00+00:00,7535.410156,7538.149902,7534.839844,7536.640137,24744000.000000
2026-07-06 16:10:00+00:00,7536.620117,7538.839844,7536.620117,7537.680176,22414000.000000
2026-07-06 16:15:00+00:00,7537.410156,7538.609863,7536.229980,7537.600098,19271000.000000
2026-07-06 16:20:00+00:00,7537.669922,7538.640137,7535.669922,7536.439941,18392000.000000
2026-07-06 16:25:00+00:00,7536.339844,7536.580078,7533.299805,7533.770020,19405000.000000
2026-07-06 16:30:00+00:00,7533.859863,7534.850098,7532.609863,7533.890137,20013000.000000
2026-07-06 16:35:00+00:00,7533.890137,7534.129883,7531.660156,7533.779785,24555000.000000
2026-07-06 16:40:00+00:00,7533.740234,7535.270020,7533.569824,7534.560059,17135000.000000
2026-07-06 16:45:00+00:00,7534.560059,7537.939941,7533.160156,7537.939941,16598000.000000
2026-07-06 16:50:00+00:00,7537.850098,7538.350098,7533.839844,7533.839844,18991000.000000
2026-07-06 16:55:00+00:00,7533.950195,7534.870117,7531.669922,7532.169922,19304000.000000
2026-07-06 17:00:00+00:00,7532.149902,7537.359863,7531.959961,7536.200195,19910000.000000
2026-07-06 17:05:00+00:00,7536.299805,7542.370117,7536.129883,7541.709961,18988000.000000
2026-07-06 17:10:00+00:00,7541.580078,7542.279785,7539.549805,7540.520020,18810000.000000
2026-07-06 17:15:00+00:00,7540.490234,7541.459961,7537.270020,7538.310059,18721000.000000
2026-07-06 17:20:00+00:00,7538.060059,7538.209961,7535.180176,7537.229980,21943000.000000
2026-07-06 17:25:00+00:00,7536.959961,7538.490234,7533.930176,7534.500000,18170000.000000
2026-07-06 17:30:00+00:00,7534.549805,7534.990234,7530.589844,7530.750000,20998000.000000
2026-07-06 17:35:00+00:00,7530.830078,7532.109863,7529.200195,7530.549805,19100000.000000
2026-07-06 17:40:00+00:00,7530.419922,7530.419922,7524.169922,7528.129883,18825000.000000
2026-07-06 17:45:00+00:00,7528.089844,7531.379883,7525.629883,7530.279785,18112000.000000
2026-07-06 17:50:00+00:00,7530.279785,7532.759766,7528.089844,7528.089844,17914000.000000
2026-07-06 17:55:00+00:00,7528.120117,7528.640137,7526.270020,7528.520020,17856000.000000
2026-07-06 18:00:00+00:00,7528.549805,7534.919922,7528.549805,7534.020020,22425000.000000
2026-07-06 18:05:00+00:00,7534.120117,7538.770020,7534.029785,7536.759766,19505000.000000
2026-07-06 18:10:00+00:00,7536.790039,7537.379883,7535.459961,7537.259766,16261000.000000
2026-07-06 18:15:00+00:00,7537.220215,7542.490234,7537.220215,7541.220215,19164000.000000
2026-07-06 18:20:00+00:00,7541.250000,7542.529785,7540.140137,7542.500000,18525000.000000
2026-07-06 18:25:00+00:00,7542.490234,7543.580078,7540.330078,7540.770020,18131000.000000
2026-07-06 18:30:00+00:00,7540.720215,7542.660156,7538.729980,7538.770020,17995000.000000
2026-07-06 18:35:00+00:00,7538.720215,7540.529785,7537.810059,7538.279785,16169000.000000
2026-07-06 18:40:00+00:00,7538.259766,7541.350098,7538.259766,7540.339844,16282000.000000
2026-07-06 18:45:00+00:00,7540.279785,7544.200195,7539.870117,7543.370117,18971000.000000
2026-07-06 18:50:00+00:00,7543.479980,7545.669922,7542.890137,7545.660156,20736000.000000
2026-07-06 18:55:00+00:00,7545.580078,7547.779785,7544.589844,7546.680176,20207000.000000
2026-07-06 19:00:00+00:00,7546.790039,7549.000000,7544.540039,7546.640137,23028000.000000
2026-07-06 19:05:00+00:00,7546.529785,7547.589844,7544.779785,7545.890137,22697000.000000
2026-07-06 19:10:00+00:00,7545.680176,7546.870117,7544.779785,7545.810059,24757000.000000
2026-07-06 19:15:00+00:00,7545.770020,7549.370117,7544.540039,7549.080078,26015000.000000
2026-07-06 19:20:00+00:00,7549.020020,7551.310059,7548.089844,7550.850098,26050000.000000
2026-07-06 19:25:00+00:00,7550.890137,7551.270020,7548.919922,7550.399902,29974000.000000
2026-07-06 19:30:00+00:00,7550.350098,7550.350098,7546.870117,7547.589844,40264000.000000
2026-07-06 19:35:00+00:00,7547.700195,7548.339844,7544.990234,7546.810059,32831000.000000
2026-07-06 19:40:00+00:00,7546.700195,7547.819824,7545.479980,7547.689941,37772000.000000
2026-07-06 19:45:00+00:00,7547.669922,7549.709961,7546.509766,7546.589844,48094000.000000
2026-07-06 19:50:00+00:00,7546.649902,7546.649902,7538.830078,7538.990234,75739000.000000
2026-07-06 19:55:00+00:00,7538.919922,7540.200195,7535.709961,7538.339844,207740000.000000
2026-07-06 20:00:00+00:00,7537.980000,7537.980000,7537.420000,7537.430000,655416000.000000
2026-07-06 20:05:00+00:00,7537.430000,7537.430000,7537.430000,7537.430000,32297000.000000
2026-07-06 20:10:00+00:00,7537.430000,7537.430000,7537.430000,7537.430000,8203000.000000
2026-07-06 20:15:00+00:00,7537.430000,7537.430000,7537.430000,7537.430000,381000.000000
2026-07-06 20:20:00+00:00,7537.430000,7537.430000,7537.430000,7537.430000,59000.000000
2026-07-06 20:40:00+00:00,7537.430000,7537.430000,7537.430000,7537.430000,2547000.000000
2026-07-07 13:30:00+00:00,7516.629883,7536.060059,7516.629883,7520.149902,0.000000
2026-07-07 13:35:00+00:00,7520.810059,7525.180176,7517.259766,7522.270020,54233239.000000
2026-07-07 13:40:00+00:00,7521.229980,7529.009766,7519.200195,7528.259766,44188226.000000
2026-07-07 13:45:00+00:00,7527.819824,7529.060059,7521.779785,7523.319824,41692951.000000
2026-07-07 13:50:00+00:00,7522.750000,7525.569824,7513.950195,7515.839844,39081150.000000
2026-07-07 13:55:00+00:00,7515.279785,7516.600098,7508.750000,7514.930176,39978201.000000
2026-07-07 14:00:00+00:00,7515.520020,7517.589844,7509.129883,7511.600098,37650046.000000
2026-07-07 14:05:00+00:00,7511.700195,7516.169922,7507.459961,7508.669922,34100610.000000
2026-07-07 14:10:00+00:00,7508.930176,7508.930176,7496.620117,7496.620117,40250781.000000
2026-07-07 14:15:00+00:00,7496.870117,7501.330078,7491.080078,7500.799805,40604246.000000
2026-07-07 14:20:00+00:00,7501.180176,7503.029785,7491.990234,7492.290039,37194239.000000
2026-07-07 14:25:00+00:00,7492.350098,7493.000000,7486.709961,7493.000000,37737713.000000
2026-07-07 14:30:00+00:00,7493.180176,7496.450195,7489.129883,7489.779785,36013523.000000
2026-07-07 14:35:00+00:00,7489.890137,7491.140137,7485.490234,7485.740234,35206353.000000
2026-07-07 14:40:00+00:00,7485.529785,7487.479980,7478.629883,7483.410156,36241106.000000
2026-07-07 14:45:00+00:00,7483.830078,7490.870117,7483.379883,7487.700195,32131884.000000
2026-07-07 14:50:00+00:00,7487.950195,7493.850098,7485.950195,7492.220215,29525434.000000
2026-07-07 14:55:00+00:00,7492.339844,7495.259766,7490.990234,7490.990234,27030387.000000
2026-07-07 15:00:00+00:00,7490.600098,7491.879883,7485.540039,7489.350098,25714267.000000
2026-07-07 15:05:00+00:00,7489.609863,7492.390137,7487.720215,7491.589844,27527281.000000
2026-07-07 15:10:00+00:00,7491.660156,7492.750000,7487.069824,7487.069824,29086312.000000
2026-07-07 15:15:00+00:00,7486.709961,7486.839844,7483.509766,7485.470215,26416167.000000
2026-07-07 15:20:00+00:00,7485.740234,7489.450195,7484.229980,7485.000000,25518672.000000
2026-07-07 15:25:00+00:00,7485.120117,7489.399902,7484.430176,7489.399902,25865053.000000
2026-07-07 15:30:00+00:00,7489.379883,7490.890137,7486.279785,7486.279785,22978612.000000
2026-07-07 15:35:00+00:00,7486.100098,7488.390137,7482.600098,7482.939941,24776015.000000
2026-07-07 15:40:00+00:00,7483.029785,7490.529785,7480.509766,7490.529785,24705420.000000
2026-07-07 15:45:00+00:00,7490.729980,7498.649902,7490.729980,7493.689941,24758000.000000
2026-07-07 15:50:00+00:00,7493.490234,7499.600098,7493.350098,7497.149902,22254000.000000
2026-07-07 15:55:00+00:00,7497.049805,7500.919922,7495.040039,7500.439941,27214000.000000
2026-07-07 16:00:00+00:00,7500.819824,7505.080078,7499.770020,7503.350098,24228000.000000
2026-07-07 16:05:00+00:00,7503.609863,7507.669922,7499.470215,7502.089844,23294000.000000
2026-07-07 16:10:00+00:00,7502.049805,7508.620117,7502.049805,7507.810059,24345000.000000
2026-07-07 16:15:00+00:00,7507.680176,7508.580078,7506.140137,7507.740234,21045000.000000
2026-07-07 16:20:00+00:00,7507.759766,7515.669922,7507.680176,7512.720215,25762000.000000
2026-07-07 16:25:00+00:00,7512.830078,7517.299805,7512.120117,7516.009766,21327000.000000
2026-07-07 16:30:00+00:00,7515.560059,7517.549805,7511.640137,7513.660156,22874000.000000
2026-07-07 16:35:00+00:00,7513.810059,7515.540039,7509.890137,7515.180176,21652000.000000
2026-07-07 16:40:00+00:00,7515.160156,7516.479980,7512.819824,7515.970215,20892000.000000
2026-07-07 16:45:00+00:00,7516.000000,7518.479980,7515.899902,7518.299805,18309000.000000
2026-07-07 16:50:00+00:00,7518.129883,7518.899902,7514.899902,7515.290039,19419000.000000
2026-07-07 16:55:00+00:00,7515.270020,7517.009766,7512.479980,7516.819824,20614000.000000
2026-07-07 17:00:00+00:00,7516.879883,7519.129883,7516.109863,7519.060059,20695000.000000
2026-07-07 17:05:00+00:00,7519.080078,7520.529785,7518.310059,7518.700195,20780000.000000
2026-07-07 17:10:00+00:00,7518.689941,7518.720215,7515.080078,7515.750000,20453000.000000
2026-07-07 17:15:00+00:00,7515.549805,7515.870117,7511.490234,7513.149902,17375000.000000
2026-07-07 17:20:00+00:00,7513.229980,7518.839844,7513.040039,7517.069824,18210000.000000
2026-07-07 17:25:00+00:00,7517.020020,7517.859863,7515.479980,7516.009766,15152000.000000
2026-07-07 17:30:00+00:00,7515.870117,7519.029785,7515.870117,7517.979980,19635000.000000
2026-07-07 17:35:00+00:00,7518.069824,7519.569824,7516.100098,7518.649902,16521000.000000
2026-07-07 17:40:00+00:00,7518.700195,7520.259766,7517.069824,7518.359863,17423000.000000
2026-07-07 17:45:00+00:00,7518.490234,7518.669922,7515.089844,7516.620117,16532000.000000
2026-07-07 17:50:00+00:00,7516.479980,7517.450195,7513.950195,7515.290039,15774000.000000
2026-07-07 17:55:00+00:00,7515.370117,7518.939941,7514.640137,7518.939941,15455000.000000
2026-07-07 18:00:00+00:00,7519.020020,7519.930176,7515.919922,7518.609863,21973000.000000
2026-07-07 18:05:00+00:00,7518.649902,7519.410156,7515.770020,7516.520020,19109000.000000
2026-07-07 18:10:00+00:00,7516.399902,7519.169922,7516.399902,7517.040039,20938000.000000
2026-07-07 18:15:00+00:00,7517.020020,7518.890137,7515.879883,7518.120117,19901000.000000
2026-07-07 18:20:00+00:00,7518.200195,7520.310059,7516.990234,7518.470215,17905000.000000
2026-07-07 18:25:00+00:00,7518.319824,7519.750000,7515.580078,7516.660156,19160000.000000
2026-07-07 18:30:00+00:00,7516.709961,7517.629883,7512.939941,7514.080078,35223000.000000
2026-07-07 18:35:00+00:00,7514.040039,7517.299805,7512.359863,7516.450195,20777000.000000
2026-07-07 18:40:00+00:00,7516.479980,7516.649902,7510.990234,7513.799805,20520000.000000
2026-07-07 18:45:00+00:00,7513.810059,7515.080078,7504.439941,7508.029785,26063000.000000
2026-07-07 18:50:00+00:00,7508.140137,7508.870117,7502.120117,7503.709961,23307000.000000
2026-07-07 18:55:00+00:00,7504.029785,7505.950195,7501.259766,7501.700195,24313000.000000
2026-07-07 19:00:00+00:00,7501.680176,7502.930176,7495.399902,7498.419922,28699000.000000
2026-07-07 19:05:00+00:00,7498.680176,7502.330078,7493.350098,7493.640137,26918000.000000
2026-07-07 19:10:00+00:00,7493.649902,7496.370117,7491.870117,7494.479980,25823000.000000
2026-07-07 19:15:00+00:00,7494.500000,7494.500000,7486.990234,7492.620117,33502000.000000
2026-07-07 19:20:00+00:00,7492.660156,7496.689941,7490.799805,7496.580078,31428000.000000
2026-07-07 19:25:00+00:00,7496.720215,7496.720215,7492.180176,7493.259766,39304000.000000
2026-07-07 19:30:00+00:00,7493.470215,7499.439941,7493.470215,7499.200195,37457000.000000
2026-07-07 19:35:00+00:00,7499.189941,7499.189941,7492.979980,7493.890137,34969000.000000
2026-07-07 19:40:00+00:00,7493.939941,7494.310059,7490.459961,7491.459961,36546000.000000
2026-07-07 19:45:00+00:00,7491.399902,7496.629883,7491.209961,7496.359863,47737000.000000
2026-07-07 19:50:00+00:00,7496.479980,7503.759766,7496.479980,7503.759766,76203000.000000
2026-07-07 19:55:00+00:00,7503.859863,7506.009766,7499.120117,7503.359863,195322000.000000
2026-07-07 20:00:00+00:00,7503.830000,7503.850000,7503.620000,7503.850000,507648000.000000
2026-07-07 20:05:00+00:00,7503.850000,7503.850000,7503.850000,7503.850000,13553000.000000
2026-07-07 20:10:00+00:00,7503.850000,7503.850000,7503.850000,7503.850000,1963000.000000
2026-07-07 20:15:00+00:00,7503.850000,7503.850000,7503.850000,7503.850000,2854000.000000
2026-07-07 20:20:00+00:00,7503.850000,7503.850000,7503.850000,7503.850000,131000.000000
2026-07-07 20:50:00+00:00,7503.850000,7503.850000,7503.850000,7503.850000,15167000.000000
2026-07-08 13:30:00+00:00,7476.540039,7476.540039,7452.600098,7460.910156,0.000000
2026-07-08 13:35:00+00:00,7461.729980,7466.890137,7457.490234,7466.819824,47497920.000000
2026-07-08 13:40:00+00:00,7466.950195,7473.819824,7465.109863,7471.169922,40824711.000000
2026-07-08 13:45:00+00:00,7470.910156,7476.439941,7463.689941,7463.689941,44025972.000000
2026-07-08 13:50:00+00:00,7463.350098,7471.089844,7461.310059,7464.160156,32971178.000000
2026-07-08 13:55:00+00:00,7464.080078,7473.029785,7459.529785,7467.450195,30881661.000000
2026-07-08 14:00:00+00:00,7467.160156,7470.520020,7462.520020,7464.299805,33040288.000000
2026-07-08 14:05:00+00:00,7464.299805,7472.569824,7464.299805,7469.359863,32052721.000000
2026-07-08 14:10:00+00:00,7469.589844,7470.430176,7456.830078,7459.120117,35494279.000000
2026-07-08 14:15:00+00:00,7458.890137,7461.839844,7453.450195,7458.200195,30526664.000000
2026-07-08 14:20:00+00:00,7457.979980,7471.370117,7456.220215,7464.180176,28602302.000000
2026-07-08 14:25:00+00:00,7464.209961,7470.419922,7454.229980,7458.459961,27635273.000000
2026-07-08 14:30:00+00:00,7458.000000,7462.259766,7453.649902,7459.649902,27804268.000000
2026-07-08 14:35:00+00:00,7459.509766,7459.509766,7448.500000,7448.500000,31006075.000000
2026-07-08 14:40:00+00:00,7448.700195,7453.189941,7446.009766,7451.339844,28145134.000000
2026-07-08 14:45:00+00:00,7450.939941,7451.000000,7439.350098,7439.439941,31668349.000000
2026-07-08 14:50:00+00:00,7439.069824,7454.979980,7435.640137,7448.680176,38192187.000000
2026-07-08 14:55:00+00:00,7447.589844,7453.770020,7442.220215,7445.319824,31872424.000000
2026-07-08 15:00:00+00:00,7445.350098,7446.379883,7440.600098,7441.299805,29517383.000000
2026-07-08 15:05:00+00:00,7441.290039,7445.270020,7440.520020,7440.939941,26530036.000000
2026-07-08 15:10:00+00:00,7441.049805,7444.009766,7436.020020,7437.319824,25757565.000000
2026-07-08 15:15:00+00:00,7437.140137,7440.799805,7430.089844,7439.279785,28339704.000000
2026-07-08 15:20:00+00:00,7439.040039,7441.149902,7426.770020,7427.790039,27935970.000000
2026-07-08 15:25:00+00:00,7427.560059,7428.620117,7422.060059,7425.970215,25802554.000000
2026-07-08 15:30:00+00:00,7425.700195,7432.879883,7421.819824,7432.859863,24257352.000000
2026-07-08 15:35:00+00:00,7433.089844,7438.609863,7430.649902,7432.479980,22899071.000000
2026-07-08 15:40:00+00:00,7432.439941,7437.549805,7432.370117,7433.209961,18919593.000000
2026-07-08 15:45:00+00:00,7433.310059,7436.319824,7429.529785,7431.540039,19299976.000000
2026-07-08 15:50:00+00:00,7431.569824,7431.660156,7426.229980,7430.040039,21290227.000000
2026-07-08 15:55:00+00:00,7430.279785,7434.009766,7428.140137,7432.799805,19348770.000000
2026-07-08 16:00:00+00:00,7432.720215,7438.629883,7432.529785,7438.100098,19743000.000000
2026-07-08 16:05:00+00:00,7438.229980,7443.819824,7437.779785,7443.020020,18510000.000000
2026-07-08 16:10:00+00:00,7443.029785,7449.859863,7443.029785,7449.009766,21523000.000000
2026-07-08 16:15:00+00:00,7449.399902,7453.129883,7446.450195,7452.370117,19568000.000000
2026-07-08 16:20:00+00:00,7452.459961,7458.970215,7452.459961,7453.799805,24311000.000000
2026-07-08 16:25:00+00:00,7453.810059,7459.979980,7453.410156,7457.819824,20679000.000000
2026-07-08 16:30:00+00:00,7457.640137,7464.509766,7456.759766,7457.479980,20666000.000000
2026-07-08 16:35:00+00:00,7457.419922,7461.640137,7451.850098,7458.660156,20610000.000000
2026-07-08 16:40:00+00:00,7458.770020,7467.919922,7457.000000,7466.520020,24264000.000000
2026-07-08 16:45:00+00:00,7466.580078,7470.009766,7463.500000,7469.509766,16101000.000000
2026-07-08 16:50:00+00:00,7469.629883,7472.970215,7468.200195,7471.029785,20486000.000000
2026-07-08 16:55:00+00:00,7471.140137,7474.589844,7469.750000,7474.299805,20247000.000000
2026-07-08 17:00:00+00:00,7474.120117,7474.120117,7468.759766,7470.399902,18070000.000000
2026-07-08 17:05:00+00:00,7470.359863,7474.450195,7469.419922,7470.029785,18123000.000000
2026-07-08 17:10:00+00:00,7469.899902,7473.120117,7467.200195,7469.810059,17271000.000000
2026-07-08 17:15:00+00:00,7469.859863,7476.640137,7469.859863,7476.419922,16745000.000000
2026-07-08 17:20:00+00:00,7476.470215,7481.759766,7475.720215,7481.759766,16565000.000000
2026-07-08 17:25:00+00:00,7481.600098,7484.620117,7479.970215,7484.450195,17731000.000000
2026-07-08 17:30:00+00:00,7484.560059,7487.410156,7483.520020,7483.629883,24262000.000000
2026-07-08 17:35:00+00:00,7483.350098,7484.540039,7480.089844,7480.220215,19173000.000000
2026-07-08 17:40:00+00:00,7480.040039,7480.279785,7475.609863,7476.540039,21741000.000000
2026-07-08 17:45:00+00:00,7476.450195,7476.490234,7469.830078,7470.669922,21427000.000000
2026-07-08 17:50:00+00:00,7470.649902,7475.609863,7470.000000,7471.770020,16147000.000000
2026-07-08 17:55:00+00:00,7471.819824,7471.819824,7466.049805,7470.629883,17007000.000000
2026-07-08 18:00:00+00:00,7470.759766,7481.000000,7467.520020,7479.740234,21175000.000000
2026-07-08 18:05:00+00:00,7479.700195,7480.740234,7476.490234,7479.910156,17352000.000000
2026-07-08 18:10:00+00:00,7479.830078,7482.000000,7476.990234,7480.160156,15988000.000000
2026-07-08 18:15:00+00:00,7480.200195,7481.069824,7474.850098,7478.870117,19647000.000000
2026-07-08 18:20:00+00:00,7478.950195,7479.799805,7476.189941,7476.229980,18898000.000000
2026-07-08 18:25:00+00:00,7476.270020,7479.270020,7474.080078,7474.169922,18954000.000000
2026-07-08 18:30:00+00:00,7474.100098,7474.450195,7470.149902,7471.379883,19811000.000000
2026-07-08 18:35:00+00:00,7471.520020,7479.740234,7470.970215,7478.890137,20653000.000000
2026-07-08 18:40:00+00:00,7478.959961,7479.669922,7473.020020,7477.799805,20849000.000000
2026-07-08 18:45:00+00:00,7477.839844,7480.120117,7475.270020,7479.850098,18320000.000000
2026-07-08 18:50:00+00:00,7479.870117,7481.919922,7477.729980,7478.689941,23019000.000000
2026-07-08 18:55:00+00:00,7478.629883,7480.419922,7475.330078,7480.279785,19622000.000000
2026-07-08 19:00:00+00:00,7480.520020,7484.069824,7477.850098,7479.819824,22232000.000000
2026-07-08 19:05:00+00:00,7479.870117,7481.259766,7477.049805,7480.220215,25047000.000000
2026-07-08 19:10:00+00:00,7480.180176,7480.399902,7475.290039,7476.109863,22561000.000000
2026-07-08 19:15:00+00:00,7476.149902,7478.410156,7473.959961,7475.479980,25704000.000000
2026-07-08 19:20:00+00:00,7475.419922,7479.330078,7475.160156,7477.189941,24146000.000000
2026-07-08 19:25:00+00:00,7477.279785,7480.709961,7476.770020,7479.000000,27870000.000000
2026-07-08 19:30:00+00:00,7479.089844,7480.080078,7475.359863,7476.580078,36929000.000000
2026-07-08 19:35:00+00:00,7476.470215,7481.169922,7475.540039,7478.850098,32444000.000000
2026-07-08 19:40:00+00:00,7478.870117,7480.479980,7475.919922,7480.229980,36834000.000000
2026-07-08 19:45:00+00:00,7480.169922,7480.919922,7471.529785,7474.770020,47053000.000000
2026-07-08 19:50:00+00:00,7474.959961,7483.629883,7474.120117,7483.350098,71968000.000000
2026-07-08 19:55:00+00:00,7483.149902,7488.509766,7481.459961,7481.459961,201133000.000000
2026-07-08 20:00:00+00:00,7481.280000,7482.720000,7481.280000,7482.720000,554286000.000000
2026-07-08 20:05:00+00:00,7482.720000,7482.720000,7482.710000,7482.710000,20442000.000000
2026-07-08 20:10:00+00:00,7482.710000,7482.710000,7482.710000,7482.710000,9734000.000000
2026-07-08 20:15:00+00:00,7482.710000,7482.710000,7482.710000,7482.710000,587000.000000
2026-07-08 20:20:00+00:00,7482.710000,7482.710000,7482.710000,7482.710000,101000.000000
2026-07-08 20:45:00+00:00,7482.710000,7482.710000,7482.710000,7482.710000,5445000.000000
2026-07-09 13:30:00+00:00,7491.600098,7500.850098,7483.290039,7500.350098,0.000000
2026-07-09 13:35:00+00:00,7500.359863,7510.009766,7499.180176,7507.759766,50088456.000000
2026-07-09 13:40:00+00:00,7507.589844,7512.049805,7502.330078,7509.660156,42000344.000000
2026-07-09 13:45:00+00:00,7510.180176,7514.899902,7504.750000,7507.729980,37570228.000000
2026-07-09 13:50:00+00:00,7508.509766,7518.290039,7505.689941,7516.270020,33995635.000000
2026-07-09 13:55:00+00:00,7516.600098,7519.490234,7512.990234,7513.819824,34783482.000000
2026-07-09 14:00:00+00:00,7513.669922,7517.410156,7512.040039,7513.810059,36379617.000000
2026-07-09 14:05:00+00:00,7513.299805,7514.919922,7506.930176,7507.299805,32645685.000000
2026-07-09 14:10:00+00:00,7506.959961,7506.959961,7499.799805,7502.850098,34844313.000000
2026-07-09 14:15:00+00:00,7502.970215,7502.970215,7486.149902,7488.359863,35696461.000000
2026-07-09 14:20:00+00:00,7488.470215,7495.500000,7481.729980,7495.240234,36876030.000000
2026-07-09 14:25:00+00:00,7495.459961,7508.350098,7493.759766,7506.339844,30892876.000000
2026-07-09 14:30:00+00:00,7506.310059,7506.990234,7497.720215,7502.560059,28396538.000000
2026-07-09 14:35:00+00:00,7502.509766,7510.810059,7502.450195,7510.810059,27020301.000000
2026-07-09 14:40:00+00:00,7510.290039,7511.169922,7505.109863,7505.779785,25060326.000000
2026-07-09 14:45:00+00:00,7505.830078,7510.370117,7505.209961,7506.700195,27254230.000000
2026-07-09 14:50:00+00:00,7506.700195,7506.700195,7499.370117,7506.319824,28043216.000000
2026-07-09 14:55:00+00:00,7506.220215,7515.439941,7506.220215,7513.709961,25902911.000000
2026-07-09 15:00:00+00:00,7514.069824,7516.109863,7512.870117,7515.419922,25117221.000000
2026-07-09 15:05:00+00:00,7515.689941,7522.700195,7515.339844,7521.950195,23703192.000000
2026-07-09 15:10:00+00:00,7522.080078,7522.879883,7518.120117,7519.229980,24033186.000000
2026-07-09 15:15:00+00:00,7518.950195,7522.870117,7517.040039,7518.990234,21812442.000000
2026-07-09 15:20:00+00:00,7519.250000,7526.399902,7519.250000,7526.040039,19379201.000000
2026-07-09 15:25:00+00:00,7525.930176,7526.799805,7524.189941,7525.020020,19552668.000000
2026-07-09 15:30:00+00:00,7524.970215,7525.259766,7521.819824,7522.919922,22085910.000000
2026-07-09 15:35:00+00:00,7522.939941,7525.740234,7522.319824,7525.600098,20918214.000000
2026-07-09 15:40:00+00:00,7525.680176,7529.339844,7524.549805,7527.919922,21124051.000000
2026-07-09 15:45:00+00:00,7527.959961,7529.259766,7526.220215,7528.240234,19438698.000000
2026-07-09 15:50:00+00:00,7528.430176,7528.660156,7525.709961,7526.259766,18370305.000000
2026-07-09 15:55:00+00:00,7526.390137,7527.709961,7525.250000,7525.879883,24779388.000000
2026-07-09 16:00:00+00:00,7525.919922,7531.259766,7525.919922,7530.529785,20595696.000000
2026-07-09 16:05:00+00:00,7530.500000,7532.470215,7530.500000,7531.200195,20233672.000000
2026-07-09 16:10:00+00:00,7531.120117,7532.089844,7530.259766,7531.600098,20766000.000000
2026-07-09 16:15:00+00:00,7531.649902,7533.299805,7530.720215,7532.290039,21229000.000000
2026-07-09 16:20:00+00:00,7532.259766,7534.899902,7530.899902,7534.850098,19364000.000000
2026-07-09 16:25:00+00:00,7534.799805,7534.799805,7532.410156,7533.629883,17206000.000000
2026-07-09 16:30:00+00:00,7533.620117,7535.759766,7531.660156,7531.660156,16430000.000000
2026-07-09 16:35:00+00:00,7531.569824,7532.839844,7530.180176,7532.819824,17638000.000000
2026-07-09 16:40:00+00:00,7532.799805,7534.939941,7532.799805,7533.879883,16599000.000000
2026-07-09 16:45:00+00:00,7533.859863,7534.500000,7530.709961,7532.000000,16962000.000000
2026-07-09 16:50:00+00:00,7532.029785,7533.100098,7530.790039,7531.319824,16111000.000000
2026-07-09 16:55:00+00:00,7531.359863,7531.959961,7529.140137,7530.839844,16492000.000000
2026-07-09 17:00:00+00:00,7530.950195,7535.089844,7530.750000,7534.540039,17805000.000000
2026-07-09 17:05:00+00:00,7534.370117,7539.049805,7533.569824,7538.100098,17426000.000000
2026-07-09 17:10:00+00:00,7538.149902,7540.879883,7538.040039,7539.169922,16896000.000000
2026-07-09 17:15:00+00:00,7539.160156,7542.830078,7539.160156,7542.259766,18984000.000000
2026-07-09 17:20:00+00:00,7542.479980,7543.470215,7540.979980,7541.810059,16960000.000000
2026-07-09 17:25:00+00:00,7541.810059,7544.970215,7541.669922,7544.839844,17772000.000000
2026-07-09 17:30:00+00:00,7544.810059,7545.319824,7541.859863,7543.629883,19389000.000000
2026-07-09 17:35:00+00:00,7543.689941,7546.350098,7543.259766,7544.680176,17759000.000000
2026-07-09 17:40:00+00:00,7544.709961,7545.569824,7542.819824,7544.319824,16207000.000000
2026-07-09 17:45:00+00:00,7544.310059,7546.890137,7544.310059,7545.500000,16546000.000000
2026-07-09 17:50:00+00:00,7545.540039,7546.529785,7544.419922,7544.810059,16948000.000000
2026-07-09 17:55:00+00:00,7544.700195,7544.839844,7541.240234,7543.250000,18213000.000000
2026-07-09 18:00:00+00:00,7543.209961,7544.580078,7541.939941,7542.770020,20580000.000000
2026-07-09 18:05:00+00:00,7542.750000,7545.200195,7542.629883,7544.370117,19952000.000000
2026-07-09 18:10:00+00:00,7544.319824,7545.799805,7543.819824,7545.040039,19179000.000000
2026-07-09 18:15:00+00:00,7545.029785,7546.049805,7542.950195,7543.830078,19552000.000000
2026-07-09 18:20:00+00:00,7543.930176,7544.060059,7540.959961,7541.149902,17373000.000000
2026-07-09 18:25:00+00:00,7540.970215,7541.850098,7539.790039,7541.850098,20011000.000000
2026-07-09 18:30:00+00:00,7541.959961,7543.200195,7539.890137,7540.149902,23805000.000000
2026-07-09 18:35:00+00:00,7540.069824,7540.830078,7538.549805,7538.839844,18068000.000000
2026-07-09 18:40:00+00:00,7538.770020,7540.770020,7537.799805,7540.649902,19594000.000000
2026-07-09 18:45:00+00:00,7540.609863,7540.609863,7538.640137,7540.109863,18135000.000000
2026-07-09 18:50:00+00:00,7540.270020,7540.709961,7538.470215,7538.560059,18400000.000000
2026-07-09 18:55:00+00:00,7538.560059,7538.629883,7536.209961,7537.850098,20895000.000000
2026-07-09 19:00:00+00:00,7537.890137,7538.049805,7534.830078,7535.359863,23325000.000000
2026-07-09 19:05:00+00:00,7535.350098,7536.859863,7533.890137,7534.919922,20895000.000000
2026-07-09 19:10:00+00:00,7534.970215,7536.899902,7533.830078,7535.890137,19347000.000000
2026-07-09 19:15:00+00:00,7535.770020,7540.580078,7535.330078,7540.439941,24505000.000000
2026-07-09 19:20:00+00:00,7540.470215,7541.490234,7538.410156,7538.879883,24314000.000000
2026-07-09 19:25:00+00:00,7538.779785,7539.430176,7537.799805,7537.930176,26148000.000000
2026-07-09 19:30:00+00:00,7537.850098,7538.399902,7535.950195,7538.200195,33201000.000000
2026-07-09 19:35:00+00:00,7538.149902,7541.109863,7538.149902,7539.959961,30328000.000000
2026-07-09 19:40:00+00:00,7540.169922,7541.759766,7538.450195,7541.490234,34973000.000000
2026-07-09 19:45:00+00:00,7541.359863,7541.490234,7539.310059,7539.439941,43312000.000000
2026-07-09 19:50:00+00:00,7539.419922,7539.419922,7535.160156,7535.479980,73597000.000000
2026-07-09 19:55:00+00:00,7535.600098,7542.799805,7535.600098,7542.279785,182929000.000000
2026-07-09 20:00:00+00:00,7542.900000,7543.670000,7542.900000,7543.640000,554342000.000000
2026-07-09 20:05:00+00:00,7543.640000,7543.640000,7543.640000,7543.640000,9779000.000000
2026-07-09 20:10:00+00:00,7543.640000,7543.640000,7543.640000,7543.640000,16705000.000000
2026-07-09 20:15:00+00:00,7543.640000,7543.640000,7543.640000,7543.640000,7164000.000000
2026-07-09 20:20:00+00:00,7543.640000,7543.640000,7543.640000,7543.640000,156000.000000
2026-07-09 20:55:00+00:00,7543.640000,7543.640000,7543.640000,7543.640000,25670000.000000
2026-07-10 13:30:00+00:00,7547.640137,7556.629883,7547.299805,7553.299805,0.000000
2026-07-10 13:35:00+00:00,7553.339844,7559.339844,7551.459961,7551.839844,39575895.000000
2026-07-10 13:40:00+00:00,7551.759766,7551.890137,7543.350098,7548.080078,38756296.000000
2026-07-10 13:45:00+00:00,7547.720215,7558.149902,7547.310059,7556.870117,34107682.000000
2026-07-10 13:50:00+00:00,7556.870117,7558.879883,7553.930176,7556.160156,30408767.000000
2026-07-10 13:55:00+00:00,7556.270020,7559.279785,7552.640137,7555.359863,28031081.000000
2026-07-10 14:00:00+00:00,7555.750000,7559.959961,7554.649902,7557.600098,34539743.000000
2026-07-10 14:05:00+00:00,7557.750000,7558.689941,7551.580078,7557.500000,27998735.000000
2026-07-10 14:10:00+00:00,7557.549805,7558.020020,7552.870117,7553.479980,26277714.000000
2026-07-10 14:15:00+00:00,7553.200195,7555.770020,7549.839844,7552.109863,25456582.000000
2026-07-10 14:20:00+00:00,7552.379883,7553.680176,7547.189941,7551.379883,24865478.000000
2026-07-10 14:25:00+00:00,7551.229980,7556.959961,7546.629883,7552.120117,22720305.000000
2026-07-10 14:30:00+00:00,7552.379883,7556.600098,7508.160156,7534.660156,54491564.000000
2026-07-10 14:35:00+00:00,7534.689941,7546.209961,7530.750000,7543.000000,26235587.000000
2026-07-10 14:40:00+00:00,7543.209961,7548.200195,7539.910156,7547.450195,21660934.000000
2026-07-10 14:45:00+00:00,7547.640137,7550.060059,7543.060059,7549.770020,21336453.000000
2026-07-10 14:50:00+00:00,7549.680176,7551.560059,7545.189941,7545.189941,25306808.000000
2026-07-10 14:55:00+00:00,7545.319824,7545.890137,7536.819824,7538.129883,24115185.000000
2026-07-10 15:00:00+00:00,7538.109863,7539.819824,7535.080078,7535.500000,23299203.000000
2026-07-10 15:05:00+00:00,7535.779785,7542.919922,7532.370117,7542.919922,22551769.000000
2026-07-10 15:10:00+00:00,7543.029785,7545.970215,7542.770020,7544.819824,21182924.000000
2026-07-10 15:15:00+00:00,7544.839844,7557.390137,7544.839844,7553.259766,20955806.000000
2026-07-10 15:20:00+00:00,7553.299805,7556.700195,7551.109863,7556.700195,19548199.000000
2026-07-10 15:25:00+00:00,7556.629883,7560.399902,7556.629883,7558.729980,20432996.000000
2026-07-10 15:30:00+00:00,7558.779785,7559.959961,7555.770020,7556.410156,21218584.000000
2026-07-10 15:35:00+00:00,7556.640137,7556.839844,7549.890137,7550.200195,19208127.000000
2026-07-10 15:40:00+00:00,7550.330078,7551.310059,7540.620117,7546.549805,21221828.000000
2026-07-10 15:45:00+00:00,7546.700195,7552.830078,7542.680176,7551.120117,18942848.000000
2026-07-10 15:50:00+00:00,7551.330078,7555.509766,7549.620117,7554.459961,16776569.000000
2026-07-10 15:55:00+00:00,7554.330078,7555.319824,7551.709961,7554.279785,17246929.000000
2026-07-10 16:00:00+00:00,7554.160156,7559.149902,7554.160156,7558.100098,19877112.000000
2026-07-10 16:05:00+00:00,7557.910156,7558.509766,7555.060059,7555.779785,18776970.000000
2026-07-10 16:10:00+00:00,7556.120117,7559.080078,7555.350098,7558.319824,15318021.000000
2026-07-10 16:15:00+00:00,7558.240234,7563.419922,7558.240234,7562.029785,16635231.000000
2026-07-10 16:20:00+00:00,7562.279785,7562.669922,7558.060059,7560.250000,18326367.000000
2026-07-10 16:25:00+00:00,7560.290039,7560.950195,7558.189941,7558.240234,16873412.000000
2026-07-10 16:30:00+00:00,7558.279785,7562.520020,7558.279785,7561.549805,17080144.000000
2026-07-10 16:35:00+00:00,7561.569824,7562.200195,7557.220215,7559.169922,18592795.000000
2026-07-10 16:40:00+00:00,7559.250000,7562.600098,7559.189941,7562.430176,15247743.000000
2026-07-10 16:45:00+00:00,7562.560059,7565.410156,7562.439941,7564.700195,13567000.000000
2026-07-10 16:50:00+00:00,7564.660156,7566.580078,7564.580078,7566.339844,15908000.000000
2026-07-10 16:55:00+00:00,7566.390137,7567.799805,7564.779785,7566.379883,15905000.000000
2026-07-10 17:00:00+00:00,7566.399902,7566.700195,7562.250000,7563.270020,14507000.000000
2026-07-10 17:05:00+00:00,7563.220215,7564.509766,7562.470215,7562.560059,13650000.000000
2026-07-10 17:10:00+00:00,7562.700195,7564.330078,7561.419922,7564.160156,16217000.000000
2026-07-10 17:15:00+00:00,7564.040039,7566.450195,7563.799805,7564.890137,13111000.000000
2026-07-10 17:20:00+00:00,7564.810059,7566.359863,7564.649902,7565.669922,14593000.000000
2026-07-10 17:25:00+00:00,7565.799805,7567.089844,7565.359863,7566.290039,14943000.000000
2026-07-10 17:30:00+00:00,7566.350098,7567.759766,7565.560059,7566.609863,15793000.000000
2026-07-10 17:35:00+00:00,7566.640137,7570.430176,7566.129883,7568.899902,15229000.000000
2026-07-10 17:40:00+00:00,7568.859863,7569.770020,7567.160156,7567.939941,13115000.000000
2026-07-10 17:45:00+00:00,7568.069824,7569.640137,7567.620117,7569.270020,14778000.000000
2026-07-10 17:50:00+00:00,7569.209961,7570.330078,7568.700195,7568.830078,13082000.000000
2026-07-10 17:55:00+00:00,7568.879883,7569.250000,7565.939941,7566.439941,14966000.000000
2026-07-10 18:00:00+00:00,7566.410156,7568.359863,7566.109863,7566.740234,18015000.000000
2026-07-10 18:05:00+00:00,7566.910156,7569.490234,7566.830078,7568.930176,14711000.000000
2026-07-10 18:10:00+00:00,7569.009766,7571.049805,7568.430176,7569.299805,15011000.000000
2026-07-10 18:15:00+00:00,7569.189941,7569.830078,7567.479980,7568.379883,17824000.000000
2026-07-10 18:20:00+00:00,7568.330078,7570.399902,7567.109863,7569.669922,13814000.000000
2026-07-10 18:25:00+00:00,7569.660156,7571.950195,7569.379883,7570.379883,14030000.000000
2026-07-10 18:30:00+00:00,7570.379883,7572.200195,7570.129883,7571.740234,13632000.000000
2026-07-10 18:35:00+00:00,7571.729980,7571.740234,7569.589844,7570.250000,13022000.000000
2026-07-10 18:40:00+00:00,7570.270020,7572.339844,7570.189941,7571.100098,14307000.000000
2026-07-10 18:45:00+00:00,7571.149902,7572.229980,7570.919922,7570.970215,15658000.000000
2026-07-10 18:50:00+00:00,7570.979980,7572.529785,7570.450195,7571.779785,17663000.000000
2026-07-10 18:55:00+00:00,7571.850098,7572.939941,7570.879883,7571.259766,18265000.000000
2026-07-10 19:00:00+00:00,7571.169922,7576.479980,7571.000000,7575.839844,21175000.000000
2026-07-10 19:05:00+00:00,7575.870117,7577.250000,7574.990234,7575.330078,20279000.000000
2026-07-10 19:10:00+00:00,7575.339844,7577.669922,7575.339844,7577.439941,17781000.000000
2026-07-10 19:15:00+00:00,7577.430176,7577.669922,7575.459961,7576.470215,20209000.000000
2026-07-10 19:20:00+00:00,7576.509766,7576.669922,7574.770020,7575.609863,21186000.000000
2026-07-10 19:25:00+00:00,7575.709961,7576.890137,7575.379883,7575.640137,21306000.000000
2026-07-10 19:30:00+00:00,7575.640137,7576.589844,7574.149902,7575.799805,26460000.000000
2026-07-10 19:35:00+00:00,7575.870117,7577.660156,7575.100098,7576.859863,24813000.000000
2026-07-10 19:40:00+00:00,7576.839844,7578.680176,7576.540039,7576.540039,28427000.000000
2026-07-10 19:45:00+00:00,7576.490234,7577.700195,7575.759766,7577.390137,39675000.000000
2026-07-10 19:50:00+00:00,7577.319824,7579.930176,7576.490234,7577.319824,57870000.000000
2026-07-10 19:55:00+00:00,7576.919922,7578.020020,7572.359863,7575.379883,161911000.000000
2026-07-10 20:00:00+00:00,7574.870000,7575.390000,7574.870000,7575.390000,425881000.000000
2026-07-10 20:05:00+00:00,7575.390000,7575.390000,7575.390000,7575.390000,4530000.000000
2026-07-10 20:10:00+00:00,7575.390000,7575.390000,7575.390000,7575.390000,1188000.000000
2026-07-10 20:15:00+00:00,7575.390000,7575.390000,7575.390000,7575.390000,3562000.000000
2026-07-10 20:20:00+00:00,7575.390000,7575.390000,7575.390000,7575.390000,90000.000000
2026-07-10 21:25:00+00:00,7575.390000,7575.390000,7575.390000,7575.390000,48947000.000000
2026-07-13 13:30:00+00:00,7547.529785,7565.370117,7547.529785,7559.799805,0.000000
2026-07-13 13:35:00+00:00,7559.549805,7563.390137,7555.850098,7558.069824,43516206.000000
2026-07-13 13:40:00+00:00,7557.879883,7557.879883,7550.259766,7555.600098,44272089.000000
2026-07-13 13:45:00+00:00,7555.609863,7556.410156,7548.140137,7554.540039,40023751.000000
2026-07-13 13:50:00+00:00,7554.629883,7554.830078,7544.180176,7551.680176,36660746.000000
2026-07-13 13:55:00+00:00,7551.270020,7562.950195,7549.569824,7561.759766,32196735.000000
2026-07-13 14:00:00+00:00,7561.390137,7564.919922,7552.830078,7553.240234,36306164.000000
2026-07-13 14:05:00+00:00,7553.220215,7555.279785,7548.660156,7553.430176,28411961.000000
2026-07-13 14:10:00+00:00,7553.799805,7559.660156,7552.529785,7558.899902,29050106.000000
2026-07-13 14:15:00+00:00,7558.970215,7559.830078,7529.330078,7543.819824,47325422.000000
2026-07-13 14:20:00+00:00,7544.180176,7554.270020,7541.240234,7553.709961,26414978.000000
2026-07-13 14:25:00+00:00,7553.430176,7557.479980,7551.620117,7556.910156,28751975.000000
2026-07-13 14:30:00+00:00,7557.089844,7558.580078,7551.870117,7551.919922,27551779.000000
2026-07-13 14:35:00+00:00,7552.319824,7552.750000,7545.649902,7548.450195,24327942.000000
2026-07-13 14:40:00+00:00,7548.509766,7548.549805,7539.060059,7541.259766,23276560.000000
2026-07-13 14:45:00+00:00,7541.009766,7550.180176,7536.200195,7550.000000,24609529.000000
2026-07-13 14:50:00+00:00,7550.180176,7550.479980,7542.120117,7543.250000,26011325.000000
2026-07-13 14:55:00+00:00,7543.350098,7554.089844,7542.089844,7553.770020,23964154.000000
2026-07-13 15:00:00+00:00,7553.680176,7556.810059,7549.470215,7549.939941,22209028.000000
2026-07-13 15:05:00+00:00,7549.939941,7552.000000,7547.620117,7548.310059,20701116.000000
2026-07-13 15:10:00+00:00,7548.379883,7551.770020,7545.259766,7546.990234,21504063.000000
2026-07-13 15:15:00+00:00,7546.970215,7549.669922,7545.379883,7548.930176,18920878.000000
2026-07-13 15:20:00+00:00,7548.729980,7551.620117,7547.810059,7550.640137,20403051.000000
2026-07-13 15:25:00+00:00,7550.450195,7551.109863,7545.779785,7549.850098,19363609.000000
2026-07-13 15:30:00+00:00,7550.080078,7551.500000,7546.720215,7548.140137,21506050.000000
2026-07-13 15:35:00+00:00,7548.009766,7548.950195,7545.109863,7547.299805,19439980.000000
2026-07-13 15:40:00+00:00,7547.459961,7547.879883,7543.419922,7543.959961,20103844.000000
2026-07-13 15:45:00+00:00,7543.779785,7544.060059,7541.379883,7543.169922,19575324.000000
2026-07-13 15:50:00+00:00,7543.500000,7543.799805,7537.879883,7542.229980,20549805.000000
2026-07-13 15:55:00+00:00,7542.169922,7542.330078,7537.279785,7538.290039,23723799.000000
2026-07-13 16:00:00+00:00,7538.240234,7540.759766,7536.020020,7537.120117,21857678.000000
2026-07-13 16:05:00+00:00,7537.169922,7540.890137,7536.439941,7540.890137,21327198.000000
2026-07-13 16:10:00+00:00,7540.810059,7543.720215,7538.970215,7540.560059,23147368.000000
2026-07-13 16:15:00+00:00,7540.450195,7540.740234,7532.680176,7534.770020,23146583.000000
2026-07-13 16:20:00+00:00,7534.790039,7534.790039,7531.950195,7532.700195,19019480.000000
2026-07-13 16:25:00+00:00,7532.640137,7532.819824,7525.950195,7528.700195,22519000.000000
2026-07-13 16:30:00+00:00,7528.779785,7528.779785,7521.799805,7522.069824,20278000.000000
2026-07-13 16:35:00+00:00,7521.959961,7527.810059,7514.660156,7525.020020,26099000.000000
2026-07-13 16:40:00+00:00,7525.149902,7530.439941,7521.310059,7528.490234,19996000.000000
2026-07-13 16:45:00+00:00,7528.830078,7531.979980,7525.290039,7525.379883,20176000.000000
2026-07-13 16:50:00+00:00,7525.399902,7525.779785,7518.490234,7520.259766,19113000.000000
2026-07-13 16:55:00+00:00,7520.220215,7526.299805,7518.779785,7524.359863,18521000.000000
2026-07-13 17:00:00+00:00,7524.399902,7528.200195,7523.609863,7524.479980,17810000.000000
2026-07-13 17:05:00+00:00,7524.169922,7530.490234,7523.500000,7529.609863,17289000.000000
2026-07-13 17:10:00+00:00,7529.700195,7531.910156,7525.100098,7526.390137,18396000.000000
2026-07-13 17:15:00+00:00,7526.359863,7528.629883,7522.459961,7527.919922,15422000.000000
2026-07-13 17:20:00+00:00,7527.500000,7529.390137,7522.549805,7522.640137,18444000.000000
2026-07-13 17:25:00+00:00,7522.640137,7525.109863,7520.970215,7523.540039,19939000.000000
2026-07-13 17:30:00+00:00,7523.629883,7526.290039,7522.160156,7524.839844,16908000.000000
2026-07-13 17:35:00+00:00,7524.830078,7524.830078,7520.439941,7522.319824,16762000.000000
2026-07-13 17:40:00+00:00,7522.290039,7526.560059,7520.390137,7525.270020,17728000.000000
2026-07-13 17:45:00+00:00,7525.330078,7527.750000,7521.879883,7522.060059,17475000.000000
2026-07-13 17:50:00+00:00,7522.040039,7522.430176,7517.950195,7519.740234,20371000.000000
2026-07-13 17:55:00+00:00,7519.850098,7520.979980,7517.709961,7518.069824,17367000.000000
2026-07-13 18:00:00+00:00,7518.100098,7524.140137,7517.779785,7522.120117,19472000.000000
2026-07-13 18:05:00+00:00,7522.160156,7527.479980,7522.000000,7522.290039,16767000.000000
2026-07-13 18:10:00+00:00,7522.250000,7523.899902,7517.290039,7523.680176,17289000.000000
2026-07-13 18:15:00+00:00,7523.740234,7524.240234,7516.509766,7517.560059,18382000.000000
2026-07-13 18:20:00+00:00,7517.910156,7521.000000,7516.600098,7520.990234,17453000.000000
2026-07-13 18:25:00+00:00,7520.990234,7521.209961,7517.950195,7518.129883,20558000.000000
2026-07-13 18:30:00+00:00,7518.180176,7521.390137,7515.479980,7518.319824,21477000.000000
2026-07-13 18:35:00+00:00,7518.189941,7523.229980,7517.930176,7522.660156,18063000.000000
2026-07-13 18:40:00+00:00,7522.680176,7526.330078,7521.850098,7524.120117,17914000.000000
2026-07-13 18:45:00+00:00,7524.160156,7524.779785,7521.229980,7523.359863,21869000.000000
2026-07-13 18:50:00+00:00,7523.370117,7526.080078,7521.339844,7523.859863,18465000.000000
2026-07-13 18:55:00+00:00,7523.810059,7524.649902,7520.060059,7521.560059,21269000.000000
2026-07-13 19:00:00+00:00,7521.569824,7524.770020,7518.220215,7524.029785,22468000.000000
2026-07-13 19:05:00+00:00,7524.169922,7525.419922,7520.470215,7520.490234,21907000.000000
2026-07-13 19:10:00+00:00,7520.430176,7520.740234,7516.399902,7518.140137,24051000.000000
2026-07-13 19:15:00+00:00,7518.109863,7519.870117,7516.689941,7517.859863,24295000.000000
2026-07-13 19:20:00+00:00,7517.870117,7518.029785,7512.689941,7515.009766,28417000.000000
2026-07-13 19:25:00+00:00,7514.970215,7515.000000,7508.330078,7509.229980,28237000.000000
2026-07-13 19:30:00+00:00,7509.399902,7513.919922,7508.689941,7511.490234,35492000.000000
2026-07-13 19:35:00+00:00,7511.709961,7511.709961,7506.410156,7507.799805,34336000.000000
2026-07-13 19:40:00+00:00,7507.970215,7514.850098,7507.330078,7514.379883,36600000.000000
2026-07-13 19:45:00+00:00,7514.649902,7515.700195,7511.240234,7513.979980,48706000.000000
2026-07-13 19:50:00+00:00,7513.939941,7519.580078,7513.939941,7516.419922,76254000.000000
2026-07-13 19:55:00+00:00,7515.810059,7521.319824,7514.779785,7515.899902,190670000.000000
2026-07-13 20:00:00+00:00,7515.180000,7516.170000,7515.180000,7515.340000,512845000.000000
2026-07-13 20:05:00+00:00,7515.340000,7515.340000,7515.340000,7515.340000,5447000.000000
2026-07-13 20:10:00+00:00,7515.340000,7515.340000,7515.340000,7515.340000,8744000.000000
2026-07-13 20:15:00+00:00,7515.340000,7515.340000,7515.340000,7515.340000,1874000.000000
2026-07-13 20:20:00+00:00,7515.340000,7515.340000,7515.340000,7515.340000,275000.000000
2026-07-13 21:15:00+00:00,7515.340000,7515.340000,7515.340000,7515.340000,16875000.000000
2026-07-14 13:30:00+00:00,7536.700195,7538.830078,7522.660156,7522.660156,0.000000
2026-07-14 13:35:00+00:00,7523.000000,7539.350098,7520.790039,7538.689941,47156876.000000
2026-07-14 13:40:00+00:00,7538.180176,7540.370117,7532.430176,7539.790039,42513401.000000
2026-07-14 13:45:00+00:00,7539.359863,7544.450195,7533.819824,7535.970215,43371565.000000
2026-07-14 13:50:00+00:00,7536.040039,7542.160156,7533.430176,7538.290039,34407399.000000
2026-07-14 13:55:00+00:00,7537.589844,7542.250000,7534.049805,7539.819824,33776942.000000
2026-07-14 14:00:00+00:00,7539.959961,7540.640137,7528.490234,7531.209961,34578061.000000
2026-07-14 14:05:00+00:00,7530.899902,7533.129883,7524.870117,7528.830078,36039411.000000
2026-07-14 14:10:00+00:00,7528.430176,7530.419922,7523.890137,7530.160156,29852434.000000
2026-07-14 14:15:00+00:00,7530.069824,7530.069824,7513.229980,7524.660156,30621490.000000
2026-07-14 14:20:00+00:00,7524.890137,7533.689941,7524.540039,7527.549805,31424312.000000
2026-07-14 14:25:00+00:00,7527.419922,7537.839844,7526.140137,7533.859863,26925854.000000
2026-07-14 14:30:00+00:00,7533.700195,7557.439941,7531.700195,7547.060059,43686825.000000
2026-07-14 14:35:00+00:00,7547.089844,7547.790039,7542.410156,7545.750000,29261737.000000
2026-07-14 14:40:00+00:00,7545.709961,7548.490234,7536.549805,7538.049805,25034343.000000
2026-07-14 14:45:00+00:00,7538.149902,7540.209961,7533.720215,7534.490234,23252028.000000
2026-07-14 14:50:00+00:00,7534.439941,7542.100098,7531.069824,7542.100098,23136690.000000
2026-07-14 14:55:00+00:00,7542.120117,7545.160156,7541.580078,7543.060059,22988101.000000
2026-07-14 15:00:00+00:00,7543.100098,7554.720215,7538.919922,7550.529785,34142559.000000
2026-07-14 15:05:00+00:00,7550.209961,7556.750000,7548.770020,7555.020020,24832013.000000
2026-07-14 15:10:00+00:00,7554.830078,7555.919922,7549.899902,7552.089844,26874017.000000
2026-07-14 15:15:00+00:00,7552.020020,7553.080078,7544.040039,7546.009766,26198867.000000
2026-07-14 15:20:00+00:00,7546.100098,7551.310059,7543.399902,7551.310059,25534127.000000
2026-07-14 15:25:00+00:00,7551.419922,7553.450195,7549.609863,7552.939941,24421697.000000
2026-07-14 15:30:00+00:00,7553.060059,7554.669922,7545.790039,7546.629883,26532188.000000
2026-07-14 15:35:00+00:00,7546.759766,7546.899902,7542.410156,7545.040039,24088960.000000
2026-07-14 15:40:00+00:00,7545.129883,7545.129883,7534.470215,7542.370117,23895996.000000
2026-07-14 15:45:00+00:00,7542.509766,7545.870117,7542.149902,7542.879883,21271379.000000
2026-07-14 15:50:00+00:00,7542.640137,7543.479980,7536.069824,7536.770020,20413647.000000
2026-07-14 15:55:00+00:00,7536.799805,7537.790039,7533.000000,7536.600098,19089772.000000
2026-07-14 16:00:00+00:00,7536.540039,7536.899902,7527.069824,7529.310059,21386000.000000
2026-07-14 16:05:00+00:00,7529.680176,7533.290039,7526.830078,7531.160156,19317000.000000
2026-07-14 16:10:00+00:00,7531.089844,7532.779785,7527.160156,7531.750000,16672000.000000
2026-07-14 16:15:00+00:00,7531.700195,7532.000000,7526.990234,7530.750000,18666000.000000
2026-07-14 16:20:00+00:00,7530.919922,7532.290039,7526.850098,7529.979980,20163000.000000
2026-07-14 16:25:00+00:00,7529.890137,7535.100098,7529.279785,7534.459961,20489000.000000
2026-07-14 16:30:00+00:00,7534.370117,7537.250000,7532.220215,7537.250000,20856000.000000
2026-07-14 16:35:00+00:00,7537.299805,7539.640137,7536.109863,7539.109863,18347000.000000
2026-07-14 16:40:00+00:00,7539.160156,7543.799805,7538.140137,7541.180176,17296000.000000
2026-07-14 16:45:00+00:00,7541.120117,7543.609863,7536.149902,7540.000000,17033000.000000
2026-07-14 16:50:00+00:00,7540.100098,7542.740234,7539.120117,7541.160156,16953000.000000
2026-07-14 16:55:00+00:00,7541.080078,7544.770020,7541.049805,7544.770020,17089000.000000
2026-07-14 17:00:00+00:00,7544.910156,7547.299805,7543.299805,7543.779785,19041000.000000
2026-07-14 17:05:00+00:00,7543.770020,7547.549805,7542.609863,7547.399902,15413000.000000
2026-07-14 17:10:00+00:00,7547.399902,7548.540039,7544.779785,7544.779785,15411000.000000
2026-07-14 17:15:00+00:00,7544.830078,7547.410156,7543.140137,7547.229980,17298000.000000
2026-07-14 17:20:00+00:00,7547.169922,7551.930176,7547.169922,7550.990234,16496000.000000
2026-07-14 17:25:00+00:00,7550.910156,7551.770020,7548.819824,7549.580078,15338000.000000
2026-07-14 17:30:00+00:00,7549.520020,7551.359863,7546.930176,7546.930176,18932000.000000
2026-07-14 17:35:00+00:00,7546.700195,7547.819824,7544.580078,7547.439941,15487000.000000
2026-07-14 17:40:00+00:00,7547.399902,7547.950195,7545.620117,7546.689941,15017000.000000
2026-07-14 17:45:00+00:00,7546.830078,7548.680176,7544.390137,7547.370117,18558000.000000
2026-07-14 17:50:00+00:00,7547.299805,7549.279785,7547.259766,7548.589844,17358000.000000
2026-07-14 17:55:00+00:00,7548.609863,7549.359863,7547.709961,7548.819824,17705000.000000
2026-07-14 18:00:00+00:00,7548.779785,7550.759766,7545.689941,7550.750000,21306000.000000
2026-07-14 18:05:00+00:00,7550.740234,7551.479980,7549.180176,7550.750000,20909000.000000
2026-07-14 18:10:00+00:00,7550.810059,7552.560059,7549.959961,7552.330078,18458000.000000
2026-07-14 18:15:00+00:00,7552.319824,7554.020020,7551.189941,7552.299805,17334000.000000
2026-07-14 18:20:00+00:00,7552.330078,7554.169922,7550.259766,7550.540039,18672000.000000
2026-07-14 18:25:00+00:00,7550.560059,7552.500000,7549.450195,7551.180176,19577000.000000
2026-07-14 18:30:00+00:00,7551.149902,7551.729980,7549.839844,7551.100098,22857000.000000
2026-07-14 18:35:00+00:00,7551.189941,7552.180176,7548.100098,7550.109863,19189000.000000
2026-07-14 18:40:00+00:00,7550.069824,7550.089844,7545.080078,7546.819824,19629000.000000
2026-07-14 18:45:00+00:00,7546.729980,7548.350098,7545.790039,7546.319824,18841000.000000
2026-07-14 18:50:00+00:00,7546.270020,7549.770020,7545.430176,7549.100098,18239000.000000
2026-07-14 18:55:00+00:00,7549.120117,7549.229980,7547.520020,7548.399902,18341000.000000
2026-07-14 19:00:00+00:00,7548.370117,7548.879883,7545.250000,7545.819824,25740000.000000
2026-07-14 19:05:00+00:00,7545.850098,7547.580078,7544.790039,7545.850098,20322000.000000
2026-07-14 19:10:00+00:00,7545.410156,7547.950195,7544.209961,7547.180176,23322000.000000
2026-07-14 19:15:00+00:00,7547.169922,7548.790039,7546.890137,7547.669922,23210000.000000
2026-07-14 19:20:00+00:00,7547.660156,7550.549805,7547.259766,7550.529785,22471000.000000
2026-07-14 19:25:00+00:00,7550.479980,7551.029785,7547.680176,7547.680176,24901000.000000
2026-07-14 19:30:00+00:00,7547.629883,7547.629883,7544.089844,7546.520020,33883000.000000
2026-07-14 19:35:00+00:00,7546.470215,7549.020020,7544.870117,7545.419922,32286000.000000
2026-07-14 19:40:00+00:00,7545.410156,7549.259766,7544.879883,7548.819824,33977000.000000
2026-07-14 19:45:00+00:00,7548.770020,7551.250000,7548.370117,7551.169922,41620000.000000
2026-07-14 19:50:00+00:00,7551.069824,7551.069824,7546.520020,7546.520020,72333000.000000
2026-07-14 19:55:00+00:00,7546.439941,7550.350098,7543.350098,7544.290039,181950000.000000
2026-07-14 20:00:00+00:00,7544.030000,7544.380000,7543.750000,7543.750000,511396000.000000
2026-07-14 20:05:00+00:00,7543.590000,7543.600000,7543.590000,7543.590000,25378000.000000
2026-07-14 20:10:00+00:00,7543.590000,7543.590000,7543.590000,7543.590000,26732000.000000
2026-07-14 20:15:00+00:00,7543.590000,7543.590000,7543.590000,7543.590000,1197000.000000
2026-07-14 20:20:00+00:00,7543.590000,7543.590000,7543.590000,7543.590000,28000.000000
2026-07-14 20:55:00+00:00,7543.590000,7543.590000,7543.590000,7543.590000,0.000000
2026-07-15 13:30:00+00:00,7571.720215,7579.970215,7569.589844,7579.169922,137163676.000000
2026-07-15 13:35:00+00:00,7579.560059,7580.759766,7572.000000,7574.270020,47448357.000000
2026-07-15 13:40:00+00:00,7574.640137,7574.819824,7569.430176,7570.290039,36151001.000000
2026-07-15 13:45:00+00:00,7570.240234,7571.470215,7559.709961,7561.290039,38230242.000000
2026-07-15 13:50:00+00:00,7561.750000,7567.060059,7557.339844,7567.060059,35569928.000000
2026-07-15 13:55:00+00:00,7566.890137,7571.109863,7565.520020,7570.089844,34090038.000000
2026-07-15 14:00:00+00:00,7571.209961,7577.799805,7571.209961,7573.970215,34367179.000000
2026-07-15 14:05:00+00:00,7573.959961,7579.470215,7572.009766,7577.029785,35157172.000000
2026-07-15 14:10:00+00:00,7576.680176,7578.439941,7572.520020,7572.990234,35356961.000000
2026-07-15 14:15:00+00:00,7573.250000,7581.500000,7572.750000,7578.910156,36949621.000000
2026-07-15 14:20:00+00:00,7578.680176,7579.080078,7559.020020,7562.359863,40997568.000000
2026-07-15 14:25:00+00:00,7562.479980,7572.430176,7559.029785,7571.850098,35863981.000000
2026-07-15 14:30:00+00:00,7571.529785,7573.589844,7564.479980,7571.149902,38290614.000000
2026-07-15 14:35:00+00:00,7571.290039,7573.419922,7560.479980,7561.950195,37234262.000000
2026-07-15 14:40:00+00:00,7561.720215,7564.919922,7553.870117,7560.120117,37029701.000000
2026-07-15 14:45:00+00:00,7560.169922,7563.540039,7554.859863,7563.330078,30697274.000000
2026-07-15 14:50:00+00:00,7563.149902,7563.649902,7552.959961,7555.779785,28728873.000000
2026-07-15 14:55:00+00:00,7556.259766,7560.709961,7553.790039,7560.379883,27419004.000000
2026-07-15 15:00:00+00:00,7560.450195,7562.160156,7556.180176,7557.419922,28305730.000000
2026-07-15 15:05:00+00:00,7557.410156,7567.060059,7555.359863,7566.589844,28499493.000000
2026-07-15 15:10:00+00:00,7566.589844,7567.549805,7556.419922,7556.890137,28161436.000000
2026-07-15 15:15:00+00:00,7556.830078,7558.810059,7548.069824,7558.229980,30352115.000000
2026-07-15 15:20:00+00:00,7558.490234,7558.490234,7550.419922,7554.009766,27978357.000000
2026-07-15 15:25:00+00:00,7554.939941,7561.990234,7554.029785,7561.990234,27506893.000000
2026-07-15 15:30:00+00:00,7561.859863,7564.560059,7557.720215,7561.180176,28372032.000000
2026-07-15 15:35:00+00:00,7561.359863,7562.859863,7556.970215,7561.950195,23199974.000000
2026-07-15 15:40:00+00:00,7562.410156,7563.089844,7556.080078,7556.700195,21704897.000000
2026-07-15 15:45:00+00:00,7556.859863,7557.790039,7553.459961,7554.009766,25004621.000000
2026-07-15 15:50:00+00:00,7554.049805,7554.049805,7549.089844,7552.129883,22857000.000000
2026-07-15 15:55:00+00:00,7552.080078,7553.839844,7548.850098,7552.290039,22977000.000000
2026-07-15 16:00:00+00:00,7552.379883,7553.930176,7543.529785,7546.109863,27381000.000000
2026-07-15 16:05:00+00:00,7546.160156,7546.259766,7539.629883,7544.950195,27521000.000000
2026-07-15 16:10:00+00:00,7544.790039,7546.339844,7536.979980,7537.339844,28939000.000000
2026-07-15 16:15:00+00:00,7537.470215,7538.919922,7534.939941,7535.100098,26579000.000000
2026-07-15 16:20:00+00:00,7535.350098,7536.740234,7529.459961,7530.490234,28145000.000000
2026-07-15 16:25:00+00:00,7530.649902,7534.000000,7529.459961,7533.689941,25898000.000000
2026-07-15 16:30:00+00:00,7533.669922,7536.770020,7529.399902,7530.220215,25352000.000000
2026-07-15 16:35:00+00:00,7530.240234,7531.359863,7527.250000,7529.709961,25217000.000000
2026-07-15 16:40:00+00:00,7529.720215,7534.080078,7526.950195,7533.810059,24837000.000000
2026-07-15 16:45:00+00:00,7533.770020,7546.660156,7532.180176,7539.089844,37007000.000000
2026-07-15 16:50:00+00:00,7538.750000,7543.850098,7538.750000,7540.020020,22803000.000000
2026-07-15 16:55:00+00:00,7539.990234,7542.100098,7535.479980,7542.100098,18650000.000000
2026-07-15 17:00:00+00:00,7542.149902,7546.000000,7541.700195,7544.520020,22122000.000000
2026-07-15 17:05:00+00:00,7544.470215,7549.910156,7543.899902,7546.459961,19047000.000000
2026-07-15 17:10:00+00:00,7546.370117,7547.970215,7543.339844,7543.399902,19478000.000000
2026-07-15 17:15:00+00:00,7543.509766,7550.060059,7543.160156,7549.490234,20931000.000000
2026-07-15 17:20:00+00:00,7549.689941,7551.439941,7547.529785,7550.479980,22691000.000000
2026-07-15 17:25:00+00:00,7550.290039,7553.919922,7549.129883,7553.919922,19277000.000000
2026-07-15 17:30:00+00:00,7553.919922,7557.629883,7553.750000,7556.189941,21786000.000000
2026-07-15 17:35:00+00:00,7556.660156,7560.370117,7555.700195,7559.759766,19463000.000000
2026-07-15 17:40:00+00:00,7559.859863,7560.149902,7557.810059,7558.899902,18379000.000000
2026-07-15 17:45:00+00:00,7559.020020,7566.549805,7558.439941,7566.089844,19522000.000000
2026-07-15 17:50:00+00:00,7565.970215,7570.560059,7564.689941,7570.080078,20502000.000000
2026-07-15 17:55:00+00:00,7570.049805,7570.310059,7567.069824,7567.569824,19731000.000000
2026-07-15 18:00:00+00:00,7567.759766,7571.410156,7567.370117,7569.129883,20903000.000000
2026-07-15 18:05:00+00:00,7569.259766,7572.149902,7568.439941,7571.129883,21093000.000000
2026-07-15 18:10:00+00:00,7571.129883,7573.149902,7570.859863,7571.169922,19811000.000000
2026-07-15 18:15:00+00:00,7571.140137,7571.140137,7567.939941,7569.220215,22238000.000000
2026-07-15 18:20:00+00:00,7569.250000,7574.109863,7568.970215,7573.000000,23507000.000000
2026-07-15 18:25:00+00:00,7573.040039,7573.700195,7571.839844,7572.270020,19301000.000000
2026-07-15 18:30:00+00:00,7572.259766,7574.839844,7571.740234,7574.049805,20513000.000000
2026-07-15 18:35:00+00:00,7573.939941,7573.939941,7570.020020,7570.330078,19752000.000000
2026-07-15 18:40:00+00:00,7570.339844,7571.640137,7566.069824,7566.379883,19534000.000000
2026-07-15 18:45:00+00:00,7566.410156,7566.439941,7560.680176,7562.600098,24038000.000000
2026-07-15 18:50:00+00:00,7562.209961,7562.790039,7557.200195,7558.799805,21428000.000000
2026-07-15 18:55:00+00:00,7558.879883,7560.410156,7556.479980,7556.830078,22442000.000000
2026-07-15 19:00:00+00:00,7557.029785,7563.069824,7556.169922,7562.459961,25397000.000000
2026-07-15 19:05:00+00:00,7562.479980,7564.259766,7560.629883,7561.080078,24181000.000000
2026-07-15 19:10:00+00:00,7561.100098,7564.540039,7560.470215,7563.259766,25514000.000000
2026-07-15 19:15:00+00:00,7563.459961,7563.750000,7560.459961,7560.459961,27394000.000000
2026-07-15 19:20:00+00:00,7560.520020,7560.629883,7557.000000,7558.319824,26964000.000000
2026-07-15 19:25:00+00:00,7558.390137,7562.520020,7557.200195,7561.250000,30484000.000000
2026-07-15 19:30:00+00:00,7561.540039,7564.750000,7557.049805,7558.080078,40558000.000000
2026-07-15 19:35:00+00:00,7558.049805,7563.729980,7556.709961,7563.209961,34738000.000000
2026-07-15 19:40:00+00:00,7563.520020,7567.229980,7563.200195,7566.339844,39356000.000000
2026-07-15 19:45:00+00:00,7566.279785,7566.709961,7560.279785,7561.319824,48731000.000000
2026-07-15 19:50:00+00:00,7561.299805,7566.899902,7561.299805,7566.870117,75767000.000000
2026-07-15 19:55:00+00:00,7566.930176,7573.379883,7566.930176,7572.200195,190827000.000000
2026-07-15 20:00:00+00:00,7572.590000,7572.770000,7572.400000,7572.410000,585156000.000000
2026-07-15 20:05:00+00:00,7572.410000,7572.410000,7572.400000,7572.400000,11894000.000000
2026-07-15 20:10:00+00:00,7572.400000,7572.400000,7572.400000,7572.400000,11865000.000000
2026-07-15 20:15:00+00:00,7572.400000,7572.400000,7572.400000,7572.400000,882000.000000
2026-07-15 20:20:00+00:00,7572.400000,7572.400000,7572.400000,7572.400000,26000.000000
2026-07-15 21:15:00+00:00,7572.400000,7572.400000,7572.400000,7572.400000,17110000.000000
2026-07-16 13:30:00+00:00,7558.799805,7560.669922,7544.680176,7546.660156,0.000000
2026-07-16 13:35:00+00:00,7546.240234,7550.830078,7540.700195,7541.390137,46832777.000000
2026-07-16 13:40:00+00:00,7541.649902,7547.720215,7535.330078,7537.359863,46086067.000000
2026-07-16 13:45:00+00:00,7537.359863,7541.540039,7531.720215,7535.209961,45303625.000000
2026-07-16 13:50:00+00:00,7534.500000,7547.600098,7534.410156,7539.890137,40100206.000000
2026-07-16 13:55:00+00:00,7539.850098,7546.490234,7536.580078,7545.009766,37656163.000000
2026-07-16 14:00:00+00:00,7545.709961,7554.529785,7543.040039,7552.979980,37869759.000000
2026-07-16 14:05:00+00:00,7553.279785,7561.759766,7552.080078,7560.330078,36352371.000000
2026-07-16 14:10:00+00:00,7560.290039,7562.709961,7558.640137,7560.069824,33693768.000000
2026-07-16 14:15:00+00:00,7560.009766,7565.180176,7558.790039,7564.660156,30600687.000000
2026-07-16 14:20:00+00:00,7564.709961,7565.410156,7557.020020,7563.000000,28972158.000000
2026-07-16 14:25:00+00:00,7562.620117,7570.359863,7559.040039,7570.020020,28977395.000000
2026-07-16 14:30:00+00:00,7570.169922,7570.740234,7566.240234,7568.069824,28309418.000000
2026-07-16 14:35:00+00:00,7568.100098,7570.459961,7564.029785,7564.709961,26565664.000000
2026-07-16 14:40:00+00:00,7564.729980,7569.859863,7562.939941,7569.439941,30059807.000000
2026-07-16 14:45:00+00:00,7569.649902,7570.589844,7566.879883,7567.500000,27923888.000000
2026-07-16 14:50:00+00:00,7567.390137,7567.390137,7560.740234,7561.609863,32786123.000000
2026-07-16 14:55:00+00:00,7561.770020,7566.939941,7558.430176,7566.939941,28436284.000000
2026-07-16 15:00:00+00:00,7567.270020,7569.419922,7561.660156,7562.149902,24344237.000000
2026-07-16 15:05:00+00:00,7562.009766,7563.229980,7556.509766,7560.680176,28846148.000000
2026-07-16 15:10:00+00:00,7560.930176,7562.859863,7556.299805,7558.830078,27027161.000000
2026-07-16 15:15:00+00:00,7558.819824,7562.000000,7555.319824,7561.689941,24424647.000000
2026-07-16 15:20:00+00:00,7561.879883,7562.069824,7555.500000,7561.540039,29227191.000000
2026-07-16 15:25:00+00:00,7561.560059,7570.229980,7561.529785,7563.990234,26604416.000000
2026-07-16 15:30:00+00:00,7564.040039,7567.770020,7558.529785,7567.770020,24062316.000000
2026-07-16 15:35:00+00:00,7567.990234,7569.680176,7563.970215,7569.299805,23639372.000000
2026-07-16 15:40:00+00:00,7569.220215,7569.799805,7560.830078,7562.529785,24161172.000000
2026-07-16 15:45:00+00:00,7562.350098,7562.390137,7556.129883,7560.810059,25845892.000000
2026-07-16 15:50:00+00:00,7560.680176,7566.790039,7560.680176,7564.020020,23158240.000000
2026-07-16 15:55:00+00:00,7564.129883,7564.129883,7558.799805,7561.509766,21114264.000000
2026-07-16 16:00:00+00:00,7561.549805,7561.750000,7553.620117,7553.620117,25697000.000000
2026-07-16 16:05:00+00:00,7553.560059,7555.879883,7549.169922,7555.049805,26590000.000000
2026-07-16 16:10:00+00:00,7554.750000,7554.750000,7545.279785,7545.770020,24234000.000000
2026-07-16 16:15:00+00:00,7545.600098,7550.799805,7544.299805,7547.660156,24399000.000000
2026-07-16 16:20:00+00:00,7547.640137,7547.640137,7540.830078,7541.359863,26813000.000000
2026-07-16 16:25:00+00:00,7541.229980,7546.490234,7539.740234,7544.399902,23490000.000000
2026-07-16 16:30:00+00:00,7544.470215,7550.819824,7544.470215,7547.359863,23427000.000000
2026-07-16 16:35:00+00:00,7547.200195,7548.560059,7544.339844,7544.399902,20943000.000000
2026-07-16 16:40:00+00:00,7544.450195,7547.520020,7543.169922,7544.990234,25331000.000000
2026-07-16 16:45:00+00:00,7544.850098,7547.120117,7542.450195,7545.709961,25786000.000000
2026-07-16 16:50:00+00:00,7545.959961,7551.879883,7544.560059,7551.879883,22015000.000000
2026-07-16 16:55:00+00:00,7551.779785,7555.229980,7551.450195,7554.169922,22627000.000000
2026-07-16 17:00:00+00:00,7554.189941,7554.529785,7547.919922,7551.970215,22758000.000000
2026-07-16 17:05:00+00:00,7551.799805,7553.819824,7547.910156,7552.390137,22061000.000000
2026-07-16 17:10:00+00:00,7552.479980,7553.160156,7547.500000,7547.569824,18364000.000000
2026-07-16 17:15:00+00:00,7547.799805,7550.609863,7547.120117,7549.779785,20517000.000000
2026-07-16 17:20:00+00:00,7549.910156,7550.759766,7546.419922,7547.000000,20880000.000000
2026-07-16 17:25:00+00:00,7546.299805,7554.299805,7545.899902,7552.850098,21305000.000000
2026-07-16 17:30:00+00:00,7552.819824,7553.810059,7546.129883,7546.729980,20811000.000000
2026-07-16 17:35:00+00:00,7546.779785,7547.229980,7541.399902,7542.189941,19547000.000000
2026-07-16 17:40:00+00:00,7541.859863,7541.859863,7536.890137,7539.129883,25181000.000000
2026-07-16 17:45:00+00:00,7539.080078,7544.080078,7536.000000,7542.080078,23037000.000000
2026-07-16 17:50:00+00:00,7542.169922,7543.629883,7539.140137,7541.220215,22899000.000000
2026-07-16 17:55:00+00:00,7541.080078,7541.129883,7535.720215,7538.109863,21191000.000000
2026-07-16 18:00:00+00:00,7537.959961,7540.009766,7534.029785,7534.169922,23436000.000000
2026-07-16 18:05:00+00:00,7534.140137,7534.750000,7529.649902,7532.339844,28313000.000000
2026-07-16 18:10:00+00:00,7531.870117,7539.569824,7531.870117,7532.220215,27195000.000000
2026-07-16 18:15:00+00:00,7532.330078,7538.799805,7529.959961,7537.109863,23844000.000000
2026-07-16 18:20:00+00:00,7537.129883,7542.529785,7536.740234,7537.870117,26431000.000000
2026-07-16 18:25:00+00:00,7537.930176,7540.229980,7534.160156,7534.160156,26371000.000000
2026-07-16 18:30:00+00:00,7534.750000,7534.750000,7530.430176,7532.299805,23632000.000000
2026-07-16 18:35:00+00:00,7532.109863,7532.109863,7528.919922,7528.930176,22866000.000000
2026-07-16 18:40:00+00:00,7528.859863,7532.000000,7525.200195,7530.209961,23340000.000000
2026-07-16 18:45:00+00:00,7530.259766,7534.069824,7528.459961,7532.720215,24816000.000000
2026-07-16 18:50:00+00:00,7532.979980,7534.709961,7528.180176,7528.419922,24968000.000000
2026-07-16 18:55:00+00:00,7528.299805,7530.229980,7526.799805,7527.750000,23874000.000000
2026-07-16 19:00:00+00:00,7527.509766,7532.959961,7526.680176,7530.549805,27335000.000000
2026-07-16 19:05:00+00:00,7531.020020,7532.629883,7522.370117,7522.370117,31386000.000000
2026-07-16 19:10:00+00:00,7522.479980,7523.310059,7520.959961,7522.500000,31050000.000000
2026-07-16 19:15:00+00:00,7522.310059,7523.399902,7519.180176,7522.609863,32893000.000000
2026-07-16 19:20:00+00:00,7522.500000,7524.910156,7519.970215,7520.500000,32678000.000000
2026-07-16 19:25:00+00:00,7520.450195,7521.359863,7514.069824,7516.270020,36400000.000000
2026-07-16 19:30:00+00:00,7516.020020,7517.149902,7510.209961,7513.080078,49484000.000000
2026-07-16 19:35:00+00:00,7512.910156,7517.040039,7509.560059,7515.910156,39928000.000000
2026-07-16 19:40:00+00:00,7515.779785,7517.020020,7510.209961,7510.330078,45040000.000000
2026-07-16 19:45:00+00:00,7510.240234,7510.990234,7504.020020,7506.950195,63175000.000000
2026-07-16 19:50:00+00:00,7507.109863,7524.729980,7507.109863,7524.419922,92413000.000000
2026-07-16 19:55:00+00:00,7524.479980,7534.680176,7524.479980,7534.620117,212689000.000000
2026-07-16 20:00:00+00:00,7533.520000,7533.890000,7533.520000,7533.740000,571395000.000000
2026-07-16 20:05:00+00:00,7533.740000,7533.770000,7533.740000,7533.770000,24826000.000000
2026-07-16 20:10:00+00:00,7533.770000,7533.770000,7533.770000,7533.770000,3231000.000000
2026-07-16 20:15:00+00:00,7533.770000,7533.770000,7533.770000,7533.770000,4897000.000000
2026-07-16 20:20:00+00:00,7533.770000,7533.770000,7533.770000,7533.770000,67000.000000
2026-07-16 21:30:00+00:00,7533.770000,7533.770000,7533.770000,7533.770000,50913000.000000
2026-07-17 13:30:00+00:00,7447.520020,7448.479980,7433.299805,7433.629883,0.000000
2026-07-17 13:35:00+00:00,7433.870117,7439.470215,7431.259766,7437.910156,72412311.000000
2026-07-17 13:40:00+00:00,7438.200195,7449.799805,7433.000000,7434.080078,63673085.000000
2026-07-17 13:45:00+00:00,7434.080078,7455.870117,7434.060059,7454.910156,63644229.000000
2026-07-17 13:50:00+00:00,7454.859863,7467.509766,7454.359863,7464.970215,51570728.000000
2026-07-17 13:55:00+00:00,7464.649902,7473.669922,7461.759766,7473.109863,48396160.000000
2026-07-17 14:00:00+00:00,7473.589844,7482.479980,7472.450195,7477.560059,51702935.000000
2026-07-17 14:05:00+00:00,7477.970215,7489.350098,7477.970215,7488.310059,48674897.000000
2026-07-17 14:10:00+00:00,7487.750000,7492.310059,7485.180176,7489.020020,48828189.000000
2026-07-17 14:15:00+00:00,7488.600098,7498.430176,7486.810059,7491.520020,41871870.000000
2026-07-17 14:20:00+00:00,7491.430176,7496.189941,7487.410156,7493.930176,34476398.000000
2026-07-17 14:25:00+00:00,7494.229980,7497.089844,7487.509766,7488.850098,29248972.000000
2026-07-17 14:30:00+00:00,7488.870117,7490.890137,7481.049805,7485.660156,38506100.000000
2026-07-17 14:35:00+00:00,7485.160156,7493.390137,7483.620117,7492.419922,30771185.000000
2026-07-17 14:40:00+00:00,7493.109863,7493.319824,7483.390137,7484.189941,32707099.000000
2026-07-17 14:45:00+00:00,7484.430176,7490.959961,7478.859863,7482.509766,31239839.000000
2026-07-17 14:50:00+00:00,7482.279785,7483.270020,7477.310059,7478.370117,28285961.000000
2026-07-17 14:55:00+00:00,7478.709961,7486.009766,7473.580078,7475.390137,28679009.000000
2026-07-17 15:00:00+00:00,7475.279785,7477.160156,7466.580078,7467.410156,29193000.000000
2026-07-17 15:05:00+00:00,7467.279785,7474.899902,7466.879883,7473.220215,27609000.000000
2026-07-17 15:10:00+00:00,7473.509766,7476.870117,7466.700195,7468.540039,27776000.000000
2026-07-17 15:15:00+00:00,7468.399902,7473.520020,7465.029785,7470.160156,25948000.000000
2026-07-17 15:20:00+00:00,7470.160156,7473.640137,7464.100098,7467.770020,26016000.000000
2026-07-17 15:25:00+00:00,7467.609863,7480.839844,7467.609863,7479.729980,22625000.000000
2026-07-17 15:30:00+00:00,7479.729980,7483.520020,7474.899902,7475.649902,30820000.000000
2026-07-17 15:35:00+00:00,7475.709961,7482.879883,7470.339844,7482.169922,28904000.000000
2026-07-17 15:40:00+00:00,7482.129883,7484.620117,7475.850098,7479.839844,23004000.000000
2026-07-17 15:45:00+00:00,7480.029785,7481.770020,7475.209961,7480.790039,24313000.000000
2026-07-17 15:50:00+00:00,7480.979980,7486.319824,7477.839844,7486.290039,23566000.000000
2026-07-17 15:55:00+00:00,7486.439941,7495.899902,7485.990234,7494.560059,28713000.000000
2026-07-17 16:00:00+00:00,7494.750000,7496.930176,7478.140137,7480.259766,38226000.000000
2026-07-17 16:05:00+00:00,7481.020020,7485.149902,7474.930176,7485.149902,24084000.000000
2026-07-17 16:10:00+00:00,7485.520020,7488.979980,7483.020020,7488.879883,24286000.000000
2026-07-17 16:15:00+00:00,7488.759766,7491.620117,7486.160156,7489.870117,23762000.000000
2026-07-17 16:20:00+00:00,7489.649902,7490.649902,7478.109863,7478.490234,25577000.000000
2026-07-17 16:25:00+00:00,7478.310059,7489.910156,7477.049805,7485.189941,21214000.000000
2026-07-17 16:30:00+00:00,7485.009766,7486.790039,7481.339844,7481.930176,21300000.000000
2026-07-17 16:35:00+00:00,7481.899902,7486.020020,7481.740234,7484.490234,20119000.000000
2026-07-17 16:40:00+00:00,7484.500000,7489.600098,7481.569824,7488.839844,20616000.000000
2026-07-17 16:45:00+00:00,7488.950195,7495.180176,7488.000000,7494.180176,22810000.000000
2026-07-17 16:50:00+00:00,7494.109863,7498.470215,7492.069824,7495.029785,24563000.000000
2026-07-17 16:55:00+00:00,7494.720215,7495.410156,7487.640137,7488.810059,22986000.000000
2026-07-17 17:00:00+00:00,7489.009766,7496.640137,7488.669922,7492.560059,23396000.000000
2026-07-17 17:05:00+00:00,7492.490234,7496.020020,7490.669922,7495.750000,26683000.000000
2026-07-17 17:10:00+00:00,7495.799805,7496.799805,7489.959961,7489.959961,23274000.000000
2026-07-17 17:15:00+00:00,7490.029785,7495.520020,7488.529785,7489.410156,23597000.000000
2026-07-17 17:20:00+00:00,7489.149902,7490.009766,7485.979980,7488.680176,24704000.000000
2026-07-17 17:25:00+00:00,7488.919922,7496.020020,7488.520020,7494.500000,21191000.000000
2026-07-17 17:30:00+00:00,7494.839844,7495.799805,7491.729980,7492.209961,22833000.000000
2026-07-17 17:35:00+00:00,7492.160156,7492.500000,7485.169922,7486.549805,22807000.000000
2026-07-17 17:40:00+00:00,7486.350098,7486.350098,7481.089844,7481.810059,21570000.000000
2026-07-17 17:45:00+00:00,7481.729980,7484.330078,7480.109863,7480.750000,20690000.000000
2026-07-17 17:50:00+00:00,7481.169922,7481.649902,7473.419922,7475.299805,21281000.000000
2026-07-17 17:55:00+00:00,7475.200195,7475.359863,7469.319824,7471.229980,22244000.000000
2026-07-17 18:00:00+00:00,7471.250000,7477.049805,7469.600098,7472.299805,23958000.000000
2026-07-17 18:05:00+00:00,7472.339844,7472.339844,7467.310059,7468.490234,22729000.000000
2026-07-17 18:10:00+00:00,7468.640137,7470.680176,7466.149902,7466.669922,20381000.000000
2026-07-17 18:15:00+00:00,7466.609863,7467.100098,7461.850098,7463.750000,21998000.000000
2026-07-17 18:20:00+00:00,7463.660156,7466.810059,7461.569824,7462.930176,20458000.000000
2026-07-17 18:25:00+00:00,7462.899902,7462.950195,7458.450195,7462.240234,20499000.000000
2026-07-17 18:30:00+00:00,7462.299805,7468.790039,7460.089844,7462.359863,21884000.000000
2026-07-17 18:35:00+00:00,7462.290039,7464.660156,7460.779785,7462.759766,20268000.000000
2026-07-17 18:40:00+00:00,7462.810059,7463.430176,7456.640137,7458.439941,20730000.000000
2026-07-17 18:45:00+00:00,7458.370117,7467.890137,7456.870117,7464.549805,21624000.000000
2026-07-17 18:50:00+00:00,7464.669922,7470.950195,7462.370117,7470.950195,19873000.000000
2026-07-17 18:55:00+00:00,7471.049805,7471.629883,7467.379883,7469.810059,27321000.000000
2026-07-17 19:00:00+00:00,7469.060059,7469.459961,7462.819824,7464.009766,22342000.000000
2026-07-17 19:05:00+00:00,7463.970215,7464.810059,7459.189941,7459.450195,23227000.000000
2026-07-17 19:10:00+00:00,7459.430176,7460.149902,7452.459961,7452.459961,25835000.000000
2026-07-17 19:15:00+00:00,7452.459961,7454.470215,7450.509766,7454.259766,29449000.000000
2026-07-17 19:20:00+00:00,7454.180176,7454.180176,7448.649902,7448.649902,25339000.000000
2026-07-17 19:25:00+00:00,7448.500000,7458.319824,7446.270020,7456.629883,32252000.000000
2026-07-17 19:30:00+00:00,7456.689941,7461.250000,7453.640137,7455.359863,38842000.000000
2026-07-17 19:35:00+00:00,7455.620117,7460.299805,7452.950195,7453.859863,37226000.000000
2026-07-17 19:40:00+00:00,7453.830078,7461.500000,7451.910156,7460.370117,39542000.000000
2026-07-17 19:45:00+00:00,7460.470215,7465.540039,7459.390137,7465.430176,55279000.000000
2026-07-17 19:50:00+00:00,7465.490234,7467.839844,7460.899902,7465.589844,79001000.000000
2026-07-17 19:55:00+00:00,7465.189941,7469.000000,7455.459961,7457.779785,213305000.000000
2026-07-17 20:00:00+00:00,7456.530000,7457.720000,7456.530000,7457.700000,589431000.000000
2026-07-17 20:05:00+00:00,7457.700000,7457.700000,7457.690000,7457.690000,17597000.000000
2026-07-17 20:10:00+00:00,7457.690000,7457.690000,7457.690000,7457.690000,9778000.000000
2026-07-17 20:15:00+00:00,7457.690000,7457.690000,7457.690000,7457.690000,900000.000000
2026-07-17 20:20:00+00:00,7457.690000,7457.690000,7457.690000,7457.690000,188000.000000
2026-07-17 20:40:00+00:00,7457.690000,7457.690000,7457.690000,7457.690000,3337000.000000
2026-07-20 13:30:00+00:00,7489.180176,7506.169922,7489.180176,7505.600098,0.000000
2026-07-20 13:35:00+00:00,7506.140137,7513.229980,7503.870117,7506.910156,42770040.000000
2026-07-20 13:40:00+00:00,7507.200195,7512.609863,7506.689941,7512.140137,36591156.000000
2026-07-20 13:45:00+00:00,7512.209961,7513.049805,7501.720215,7502.209961,39757063.000000
2026-07-20 13:50:00+00:00,7501.970215,7503.529785,7488.859863,7490.850098,37754658.000000
2026-07-20 13:55:00+00:00,7490.600098,7491.160156,7481.520020,7483.410156,33021718.000000
2026-07-20 14:00:00+00:00,7483.600098,7489.020020,7479.839844,7484.830078,35218131.000000
2026-07-20 14:05:00+00:00,7484.700195,7486.799805,7478.810059,7479.799805,28096283.000000
2026-07-20 14:10:00+00:00,7480.009766,7480.009766,7472.990234,7475.089844,30528236.000000
2026-07-20 14:15:00+00:00,7475.109863,7479.620117,7471.799805,7474.390137,27859898.000000
2026-07-20 14:20:00+00:00,7474.560059,7477.910156,7468.609863,7475.919922,27989027.000000
2026-07-20 14:25:00+00:00,7475.850098,7482.859863,7475.310059,7482.859863,24244634.000000
2026-07-20 14:30:00+00:00,7482.490234,7484.160156,7476.459961,7478.240234,27737849.000000
2026-07-20 14:35:00+00:00,7478.200195,7480.009766,7474.779785,7478.799805,24511658.000000
2026-07-20 14:40:00+00:00,7478.779785,7482.779785,7473.379883,7474.839844,24031275.000000
2026-07-20 14:45:00+00:00,7474.740234,7481.569824,7470.879883,7471.640137,23245966.000000
2026-07-20 14:50:00+00:00,7471.669922,7474.419922,7467.220215,7468.580078,22567165.000000
2026-07-20 14:55:00+00:00,7468.470215,7469.779785,7462.370117,7466.020020,24440950.000000
2026-07-20 15:00:00+00:00,7465.959961,7474.299805,7463.439941,7471.470215,27980941.000000
2026-07-20 15:05:00+00:00,7471.259766,7479.459961,7463.970215,7479.270020,27330461.000000
2026-07-20 15:10:00+00:00,7479.430176,7479.529785,7472.430176,7473.479980,24083194.000000
2026-07-20 15:15:00+00:00,7473.479980,7480.399902,7471.600098,7478.209961,24190600.000000
2026-07-20 15:20:00+00:00,7478.180176,7484.540039,7476.410156,7482.669922,25064814.000000
2026-07-20 15:25:00+00:00,7482.669922,7484.839844,7478.040039,7484.350098,27384723.000000
2026-07-20 15:30:00+00:00,7484.319824,7485.580078,7483.430176,7484.149902,22619775.000000
2026-07-20 15:35:00+00:00,7484.209961,7484.799805,7479.600098,7480.370117,22572776.000000
2026-07-20 15:40:00+00:00,7480.229980,7484.609863,7478.700195,7484.609863,19938217.000000
2026-07-20 15:45:00+00:00,7484.990234,7485.470215,7476.609863,7478.259766,19644144.000000
2026-07-20 15:50:00+00:00,7478.330078,7489.020020,7476.910156,7488.069824,20309654.000000
2026-07-20 15:55:00+00:00,7488.029785,7489.950195,7485.240234,7485.560059,21187622.000000
2026-07-20 16:00:00+00:00,7485.649902,7488.109863,7481.620117,7487.680176,23446483.000000
2026-07-20 16:05:00+00:00,7487.640137,7493.890137,7487.600098,7493.640137,21165388.000000
2026-07-20 16:10:00+00:00,7493.529785,7495.509766,7492.370117,7493.720215,19712834.000000
2026-07-20 16:15:00+00:00,7493.770020,7494.029785,7489.979980,7492.569824,18017586.000000
2026-07-20 16:20:00+00:00,7492.629883,7494.600098,7492.080078,7493.290039,18475403.000000
2026-07-20 16:25:00+00:00,7493.419922,7493.819824,7487.649902,7490.750000,17981523.000000
2026-07-20 16:30:00+00:00,7490.680176,7493.359863,7484.209961,7484.279785,20502000.000000
2026-07-20 16:35:00+00:00,7484.200195,7489.270020,7483.890137,7489.209961,17738000.000000
2026-07-20 16:40:00+00:00,7489.240234,7490.350098,7473.209961,7479.529785,30220000.000000
2026-07-20 16:45:00+00:00,7479.609863,7487.359863,7478.379883,7487.060059,17296000.000000
2026-07-20 16:50:00+00:00,7487.209961,7487.299805,7475.100098,7475.589844,19874000.000000
2026-07-20 16:55:00+00:00,7475.560059,7476.879883,7473.229980,7475.290039,20914000.000000
2026-07-20 17:00:00+00:00,7475.240234,7477.149902,7470.939941,7470.950195,20033000.000000
2026-07-20 17:05:00+00:00,7470.839844,7471.930176,7467.370117,7471.189941,19315000.000000
2026-07-20 17:10:00+00:00,7471.279785,7471.770020,7464.180176,7464.879883,18337000.000000
2026-07-20 17:15:00+00:00,7464.830078,7468.240234,7461.379883,7467.100098,17545000.000000
2026-07-20 17:20:00+00:00,7467.069824,7470.370117,7465.750000,7466.660156,18509000.000000
2026-07-20 17:25:00+00:00,7466.680176,7468.919922,7464.850098,7466.839844,18224000.000000
2026-07-20 17:30:00+00:00,7466.859863,7469.759766,7465.379883,7468.600098,21178000.000000
2026-07-20 17:35:00+00:00,7468.740234,7471.020020,7465.819824,7465.919922,18240000.000000
2026-07-20 17:40:00+00:00,7466.040039,7466.060059,7461.750000,7463.189941,22729000.000000
2026-07-20 17:45:00+00:00,7463.189941,7468.879883,7462.899902,7467.959961,17414000.000000
2026-07-20 17:50:00+00:00,7467.979980,7473.950195,7467.799805,7472.319824,19493000.000000
2026-07-20 17:55:00+00:00,7472.399902,7472.399902,7467.959961,7471.109863,19293000.000000
2026-07-20 18:00:00+00:00,7471.120117,7476.939941,7471.120117,7473.609863,21688000.000000
2026-07-20 18:05:00+00:00,7473.830078,7474.709961,7471.120117,7474.350098,17373000.000000
2026-07-20 18:10:00+00:00,7474.419922,7477.629883,7472.810059,7475.950195,17406000.000000
2026-07-20 18:15:00+00:00,7476.080078,7479.080078,7474.629883,7477.740234,17160000.000000
2026-07-20 18:20:00+00:00,7477.759766,7478.169922,7468.209961,7468.419922,20204000.000000
2026-07-20 18:25:00+00:00,7468.379883,7472.959961,7466.930176,7470.540039,17845000.000000
2026-07-20 18:30:00+00:00,7470.600098,7470.600098,7460.459961,7462.020020,19405000.000000
2026-07-20 18:35:00+00:00,7461.879883,7467.839844,7459.910156,7460.319824,23224000.000000
2026-07-20 18:40:00+00:00,7460.319824,7460.680176,7450.799805,7450.799805,23035000.000000
2026-07-20 18:45:00+00:00,7450.509766,7455.250000,7449.540039,7452.950195,20389000.000000
2026-07-20 18:50:00+00:00,7452.080078,7456.959961,7451.149902,7455.910156,21262000.000000
2026-07-20 18:55:00+00:00,7455.910156,7456.410156,7450.410156,7452.870117,23031000.000000
2026-07-20 19:00:00+00:00,7452.709961,7457.020020,7449.799805,7451.290039,25334000.000000
2026-07-20 19:05:00+00:00,7451.140137,7453.149902,7448.200195,7452.430176,27913000.000000
2026-07-20 19:10:00+00:00,7452.049805,7455.899902,7442.830078,7442.830078,26619000.000000
2026-07-20 19:15:00+00:00,7442.649902,7446.899902,7440.529785,7444.299805,27423000.000000
2026-07-20 19:20:00+00:00,7444.330078,7449.279785,7443.359863,7448.370117,26901000.000000
2026-07-20 19:25:00+00:00,7448.419922,7453.589844,7443.700195,7452.140137,29228000.000000
2026-07-20 19:30:00+00:00,7452.419922,7457.060059,7449.299805,7455.240234,37755000.000000
2026-07-20 19:35:00+00:00,7455.279785,7455.870117,7450.180176,7454.250000,31718000.000000
2026-07-20 19:40:00+00:00,7454.290039,7458.509766,7453.270020,7454.689941,34199000.000000
2026-07-20 19:45:00+00:00,7454.700195,7457.000000,7451.720215,7455.990234,45054000.000000
2026-07-20 19:50:00+00:00,7455.970215,7455.970215,7444.240234,7446.740234,69529000.000000
2026-07-20 19:55:00+00:00,7446.930176,7446.930176,7441.339844,7444.729980,190675000.000000
2026-07-20 20:00:00+00:00,7444.700000,7444.700000,7443.310000,7443.310000,503237000.000000
2026-07-20 20:05:00+00:00,7443.310000,7443.310000,7443.280000,7443.280000,6482000.000000
2026-07-20 20:10:00+00:00,7443.280000,7443.280000,7443.280000,7443.280000,2849000.000000
2026-07-20 20:15:00+00:00,7443.280000,7443.280000,7443.280000,7443.280000,4347000.000000
2026-07-20 20:20:00+00:00,7443.280000,7443.280000,7443.280000,7443.280000,66000.000000
2026-07-20 21:05:00+00:00,7443.280000,7443.280000,7443.280000,7443.280000,21952000.000000
2026-07-21 13:30:00+00:00,7489.950195,7492.500000,7477.950195,7483.140137,0.000000
2026-07-21 13:35:00+00:00,7482.700195,7488.859863,7479.629883,7480.259766,51222639.000000
2026-07-21 13:40:00+00:00,7479.729980,7479.899902,7469.049805,7470.750000,43169622.000000
2026-07-21 13:45:00+00:00,7471.240234,7475.450195,7467.859863,7474.899902,43632078.000000
2026-07-21 13:50:00+00:00,7475.120117,7478.930176,7468.189941,7476.490234,36698456.000000
2026-07-21 13:55:00+00:00,7476.009766,7479.500000,7471.870117,7478.629883,34189127.000000
2026-07-21 14:00:00+00:00,7479.209961,7483.850098,7475.399902,7479.839844,34536920.000000
2026-07-21 14:05:00+00:00,7479.919922,7482.319824,7476.459961,7477.549805,31356694.000000
2026-07-21 14:10:00+00:00,7477.589844,7482.620117,7474.450195,7482.149902,30044333.000000
2026-07-21 14:15:00+00:00,7482.200195,7485.950195,7473.149902,7485.310059,30449146.000000
2026-07-21 14:20:00+00:00,7485.290039,7487.330078,7480.129883,7485.430176,25960739.000000
2026-07-21 14:25:00+00:00,7485.569824,7494.770020,7484.500000,7493.799805,27269441.000000
2026-07-21 14:30:00+00:00,7494.229980,7496.910156,7491.669922,7493.529785,30139585.000000
2026-07-21 14:35:00+00:00,7493.660156,7495.089844,7486.490234,7488.109863,24718847.000000
2026-07-21 14:40:00+00:00,7488.359863,7491.450195,7483.049805,7491.169922,25163668.000000
2026-07-21 14:45:00+00:00,7491.120117,7496.870117,7489.859863,7493.879883,26618974.000000
2026-07-21 14:50:00+00:00,7494.060059,7494.669922,7489.990234,7491.439941,22039710.000000
2026-07-21 14:55:00+00:00,7491.500000,7492.720215,7488.419922,7492.720215,26088992.000000
2026-07-21 15:00:00+00:00,7492.709961,7494.370117,7483.020020,7485.220215,28140694.000000
2026-07-21 15:05:00+00:00,7485.370117,7495.990234,7483.629883,7495.589844,26300719.000000
2026-07-21 15:10:00+00:00,7495.689941,7500.339844,7495.279785,7497.490234,25802702.000000
2026-07-21 15:15:00+00:00,7497.359863,7500.629883,7496.939941,7499.819824,26110536.000000
2026-07-21 15:20:00+00:00,7499.529785,7504.359863,7498.779785,7501.839844,26568127.000000
2026-07-21 15:25:00+00:00,7501.799805,7505.149902,7501.479980,7504.720215,22338537.000000
2026-07-21 15:30:00+00:00,7504.819824,7505.049805,7499.899902,7503.330078,23448558.000000
2026-07-21 15:35:00+00:00,7503.259766,7504.919922,7499.750000,7500.970215,22429042.000000
2026-07-21 15:40:00+00:00,7500.830078,7503.660156,7500.620117,7501.250000,21004246.000000
2026-07-21 15:45:00+00:00,7501.390137,7504.479980,7500.660156,7503.930176,22226809.000000
2026-07-21 15:50:00+00:00,7503.850098,7505.140137,7501.720215,7501.959961,28856962.000000
2026-07-21 15:55:00+00:00,7502.069824,7504.089844,7499.140137,7499.520020,21924077.000000
2026-07-21 16:00:00+00:00,7499.569824,7506.759766,7499.250000,7506.759766,25497933.000000
2026-07-21 16:05:00+00:00,7506.759766,7508.149902,7505.939941,7506.459961,21315974.000000
2026-07-21 16:10:00+00:00,7506.580078,7507.790039,7505.500000,7507.399902,20265000.000000
2026-07-21 16:15:00+00:00,7507.459961,7510.060059,7507.189941,7509.959961,23847000.000000
2026-07-21 16:20:00+00:00,7509.899902,7512.649902,7509.569824,7510.939941,20429000.000000
2026-07-21 16:25:00+00:00,7510.990234,7512.609863,7509.910156,7511.470215,20002000.000000
2026-07-21 16:30:00+00:00,7511.439941,7512.819824,7510.279785,7512.689941,22173000.000000
2026-07-21 16:35:00+00:00,7512.669922,7512.669922,7510.549805,7512.229980,19035000.000000
2026-07-21 16:40:00+00:00,7512.319824,7513.169922,7510.569824,7511.520020,19784000.000000
2026-07-21 16:45:00+00:00,7511.439941,7511.870117,7509.540039,7510.299805,20200000.000000
2026-07-21 16:50:00+00:00,7510.359863,7514.799805,7510.020020,7514.799805,20019000.000000
2026-07-21 16:55:00+00:00,7514.729980,7515.310059,7511.700195,7511.779785,20227000.000000
2026-07-21 17:00:00+00:00,7511.839844,7513.209961,7510.939941,7511.229980,22107000.000000
2026-07-21 17:05:00+00:00,7511.169922,7513.799805,7510.899902,7512.520020,19039000.000000
2026-07-21 17:10:00+00:00,7512.529785,7512.970215,7510.950195,7511.890137,20772000.000000
2026-07-21 17:15:00+00:00,7511.890137,7512.049805,7508.790039,7508.830078,19990000.000000
2026-07-21 17:20:00+00:00,7508.859863,7510.479980,7508.049805,7509.660156,19269000.000000
2026-07-21 17:25:00+00:00,7509.759766,7510.270020,7507.979980,7509.339844,16239000.000000
2026-07-21 17:30:00+00:00,7509.330078,7511.089844,7507.919922,7508.970215,17877000.000000
2026-07-21 17:35:00+00:00,7508.979980,7512.709961,7508.660156,7512.589844,17355000.000000
2026-07-21 17:40:00+00:00,7512.549805,7512.729980,7510.629883,7511.979980,17571000.000000
2026-07-21 17:45:00+00:00,7512.000000,7513.859863,7510.729980,7513.669922,17356000.000000
2026-07-21 17:50:00+00:00,7513.549805,7514.520020,7512.129883,7512.160156,18238000.000000
2026-07-21 17:55:00+00:00,7512.250000,7512.339844,7510.479980,7511.529785,18693000.000000
2026-07-21 18:00:00+00:00,7511.470215,7512.950195,7508.520020,7509.790039,20618000.000000
2026-07-21 18:05:00+00:00,7508.830078,7510.979980,7508.580078,7510.100098,21132000.000000
2026-07-21 18:10:00+00:00,7510.200195,7510.770020,7507.189941,7507.470215,19138000.000000
2026-07-21 18:15:00+00:00,7507.339844,7508.020020,7506.660156,7507.250000,17595000.000000
2026-07-21 18:20:00+00:00,7507.379883,7509.750000,7506.580078,7508.729980,18440000.000000
2026-07-21 18:25:00+00:00,7508.660156,7508.660156,7505.899902,7507.450195,18681000.000000
2026-07-21 18:30:00+00:00,7507.540039,7508.029785,7504.620117,7505.270020,18755000.000000
2026-07-21 18:35:00+00:00,7505.189941,7507.549805,7505.089844,7507.000000,20149000.000000
2026-07-21 18:40:00+00:00,7506.910156,7511.319824,7505.609863,7510.970215,21001000.000000
2026-07-21 18:45:00+00:00,7510.899902,7511.919922,7509.310059,7510.419922,24734000.000000
2026-07-21 18:50:00+00:00,7510.069824,7510.500000,7507.890137,7507.910156,21345000.000000
2026-07-21 18:55:00+00:00,7507.839844,7509.430176,7507.580078,7509.040039,20549000.000000
2026-07-21 19:00:00+00:00,7508.990234,7509.870117,7506.740234,7508.259766,22728000.000000
2026-07-21 19:05:00+00:00,7508.189941,7509.620117,7506.459961,7506.490234,24075000.000000
2026-07-21 19:10:00+00:00,7506.560059,7508.459961,7506.020020,7507.759766,23838000.000000
2026-07-21 19:15:00+00:00,7507.879883,7509.709961,7507.140137,7508.609863,27527000.000000
2026-07-21 19:20:00+00:00,7508.529785,7508.850098,7506.859863,7508.379883,26220000.000000
2026-07-21 19:25:00+00:00,7508.270020,7509.180176,7507.140137,7507.660156,30228000.000000
2026-07-21 19:30:00+00:00,7507.410156,7508.799805,7506.540039,7506.660156,34407000.000000
2026-07-21 19:35:00+00:00,7506.740234,7510.819824,7506.379883,7509.620117,33043000.000000
2026-07-21 19:40:00+00:00,7509.660156,7511.149902,7507.899902,7510.709961,34830000.000000
2026-07-21 19:45:00+00:00,7510.540039,7511.419922,7508.069824,7511.109863,45507000.000000
2026-07-21 19:50:00+00:00,7511.060059,7512.060059,7508.709961,7509.209961,74864000.000000
2026-07-21 19:55:00+00:00,7509.299805,7511.240234,7507.169922,7507.319824,196580000.000000
2026-07-21 20:00:00+00:00,7507.950000,7509.220000,7507.950000,7509.190000,487759000.000000
2026-07-21 20:05:00+00:00,7509.200000,7509.230000,7509.200000,7509.200000,39949000.000000
2026-07-21 20:10:00+00:00,7509.200000,7509.200000,7509.200000,7509.200000,21548000.000000
2026-07-21 20:15:00+00:00,7509.200000,7509.200000,7509.200000,7509.200000,16222000.000000
2026-07-21 20:20:00+00:00,7509.200000,7509.200000,7509.200000,7509.200000,271000.000000
2026-07-21 20:35:00+00:00,7509.200000,7509.200000,7509.200000,7509.200000,0.000000
2026-07-22 13:30:00+00:00,7497.470215,7500.819824,7485.850098,7497.799805,141946482.000000
2026-07-22 13:35:00+00:00,7497.859863,7500.529785,7495.439941,7498.990234,51436794.000000
2026-07-22 13:40:00+00:00,7499.200195,7502.520020,7496.240234,7501.299805,46407736.000000
2026-07-22 13:45:00+00:00,7501.250000,7506.270020,7501.250000,7502.830078,42502401.000000
2026-07-22 13:50:00+00:00,7502.709961,7506.959961,7500.000000,7506.959961,41430476.000000
2026-07-22 13:55:00+00:00,7507.029785,7513.240234,7505.509766,7513.240234,37658569.000000
2026-07-22 14:00:00+00:00,7513.209961,7515.310059,7511.569824,7515.229980,37882676.000000
2026-07-22 14:05:00+00:00,7515.180176,7519.220215,7509.910156,7510.129883,32470995.000000
2026-07-22 14:10:00+00:00,7510.040039,7513.240234,7506.810059,7507.790039,31373353.000000
2026-07-22 14:15:00+00:00,7507.979980,7508.529785,7503.229980,7506.660156,32156389.000000
2026-07-22 14:20:00+00:00,7506.799805,7509.290039,7499.520020,7501.370117,32063425.000000
2026-07-22 14:25:00+00:00,7501.569824,7502.680176,7496.939941,7499.000000,24765613.000000
2026-07-22 14:30:00+00:00,7499.100098,7503.359863,7497.299805,7497.479980,28736988.000000
2026-07-22 14:35:00+00:00,7497.649902,7499.740234,7496.229980,7498.359863,26002450.000000
2026-07-22 14:40:00+00:00,7498.450195,7499.740234,7493.259766,7493.330078,29504072.000000
2026-07-22 14:45:00+00:00,7493.339844,7499.709961,7492.109863,7498.549805,26708753.000000
2026-07-22 14:50:00+00:00,7498.509766,7501.399902,7496.189941,7499.399902,24312302.000000
2026-07-22 14:55:00+00:00,7499.129883,7505.500000,7496.810059,7505.100098,27033688.000000
2026-07-22 15:00:00+00:00,7504.859863,7509.479980,7504.209961,7508.680176,26386452.000000
2026-07-22 15:05:00+00:00,7508.640137,7513.089844,7507.620117,7511.799805,28778186.000000
2026-07-22 15:10:00+00:00,7511.660156,7515.669922,7511.479980,7514.830078,29868657.000000
2026-07-22 15:15:00+00:00,7514.729980,7515.339844,7510.640137,7514.160156,28581911.000000
2026-07-22 15:20:00+00:00,7514.290039,7518.740234,7514.169922,7518.390137,28272810.000000
2026-07-22 15:25:00+00:00,7518.560059,7522.220215,7518.089844,7519.799805,26168297.000000
2026-07-22 15:30:00+00:00,7519.890137,7520.620117,7514.770020,7515.410156,25916364.000000
2026-07-22 15:35:00+00:00,7515.209961,7516.569824,7513.189941,7514.339844,25194148.000000
2026-07-22 15:40:00+00:00,7514.370117,7517.310059,7513.859863,7515.299805,24608680.000000
2026-07-22 15:45:00+00:00,7515.359863,7519.129883,7515.359863,7519.060059,19970582.000000
2026-07-22 15:50:00+00:00,7519.250000,7521.689941,7517.819824,7518.390137,21720801.000000
2026-07-22 15:55:00+00:00,7518.370117,7523.049805,7517.370117,7523.000000,23258950.000000
2026-07-22 16:00:00+00:00,7523.029785,7523.529785,7520.479980,7522.609863,22333000.000000
2026-07-22 16:05:00+00:00,7522.689941,7524.779785,7521.359863,7522.950195,22959000.000000
2026-07-22 16:10:00+00:00,7522.890137,7523.770020,7521.390137,7523.020020,21418000.000000
2026-07-22 16:15:00+00:00,7522.810059,7525.330078,7522.270020,7524.970215,23214000.000000
2026-07-22 16:20:00+00:00,7524.930176,7524.950195,7523.120117,7524.250000,21432000.000000
2026-07-22 16:25:00+00:00,7524.310059,7524.709961,7522.520020,7524.129883,21179000.000000
2026-07-22 16:30:00+00:00,7524.220215,7525.939941,7523.450195,7524.870117,19464000.000000
2026-07-22 16:35:00+00:00,7524.859863,7525.140137,7523.299805,7524.009766,20516000.000000
2026-07-22 16:40:00+00:00,7524.100098,7524.279785,7521.810059,7522.959961,19860000.000000
2026-07-22 16:45:00+00:00,7522.910156,7524.209961,7520.959961,7521.560059,20753000.000000
2026-07-22 16:50:00+00:00,7521.379883,7522.419922,7520.549805,7520.850098,19068000.000000
2026-07-22 16:55:00+00:00,7520.830078,7525.149902,7520.560059,7523.879883,18591000.000000
2026-07-22 17:00:00+00:00,7523.859863,7525.229980,7520.259766,7520.819824,19074000.000000
2026-07-22 17:05:00+00:00,7520.810059,7523.169922,7520.600098,7521.870117,19322000.000000
2026-07-22 17:10:00+00:00,7521.930176,7522.089844,7518.430176,7518.990234,18584000.000000
2026-07-22 17:15:00+00:00,7518.830078,7519.680176,7517.189941,7518.250000,21256000.000000
2026-07-22 17:20:00+00:00,7518.129883,7518.209961,7515.419922,7517.419922,19813000.000000
2026-07-22 17:25:00+00:00,7517.479980,7518.470215,7515.540039,7516.180176,18697000.000000
2026-07-22 17:30:00+00:00,7516.100098,7518.379883,7514.819824,7514.819824,25263000.000000
2026-07-22 17:35:00+00:00,7514.839844,7519.319824,7514.450195,7519.279785,19373000.000000
2026-07-22 17:40:00+00:00,7519.240234,7519.299805,7516.220215,7516.669922,18116000.000000
2026-07-22 17:45:00+00:00,7516.680176,7517.689941,7515.649902,7515.970215,18245000.000000
2026-07-22 17:50:00+00:00,7515.899902,7516.810059,7512.350098,7512.370117,19895000.000000
2026-07-22 17:55:00+00:00,7512.330078,7512.330078,7509.680176,7510.100098,21689000.000000
2026-07-22 18:00:00+00:00,7510.149902,7511.970215,7507.379883,7509.500000,22663000.000000
2026-07-22 18:05:00+00:00,7509.589844,7512.589844,7508.600098,7508.629883,21840000.000000
2026-07-22 18:10:00+00:00,7508.549805,7509.720215,7505.910156,7506.250000,22519000.000000
2026-07-22 18:15:00+00:00,7505.979980,7509.720215,7505.830078,7508.129883,21667000.000000
2026-07-22 18:20:00+00:00,7508.180176,7510.799805,7507.410156,7507.870117,19811000.000000
2026-07-22 18:25:00+00:00,7507.819824,7511.000000,7507.589844,7510.250000,19819000.000000
2026-07-22 18:30:00+00:00,7510.250000,7510.339844,7505.770020,7507.169922,24410000.000000
2026-07-22 18:35:00+00:00,7507.100098,7509.770020,7506.640137,7508.990234,19757000.000000
2026-07-22 18:40:00+00:00,7509.140137,7509.700195,7507.660156,7508.569824,23057000.000000
2026-07-22 18:45:00+00:00,7508.500000,7510.939941,7507.200195,7507.200195,22523000.000000
2026-07-22 18:50:00+00:00,7507.319824,7510.419922,7505.950195,7510.240234,23936000.000000
2026-07-22 18:55:00+00:00,7510.299805,7511.069824,7508.950195,7509.729980,23082000.000000
2026-07-22 19:00:00+00:00,7509.689941,7510.029785,7507.060059,7508.240234,28327000.000000
2026-07-22 19:05:00+00:00,7508.020020,7508.600098,7507.080078,7507.540039,26453000.000000
2026-07-22 19:10:00+00:00,7507.479980,7507.479980,7503.500000,7504.560059,30540000.000000
2026-07-22 19:15:00+00:00,7504.379883,7507.339844,7503.549805,7506.709961,29437000.000000
2026-07-22 19:20:00+00:00,7506.669922,7506.669922,7503.259766,7503.589844,29909000.000000
2026-07-22 19:25:00+00:00,7503.580078,7505.870117,7501.359863,7504.839844,37780000.000000
2026-07-22 19:30:00+00:00,7504.970215,7505.049805,7501.479980,7501.680176,39936000.000000
2026-07-22 19:35:00+00:00,7501.879883,7502.640137,7498.270020,7498.950195,41261000.000000
2026-07-22 19:40:00+00:00,7498.979980,7503.859863,7498.950195,7502.390137,42659000.000000
2026-07-22 19:45:00+00:00,7502.410156,7505.359863,7502.310059,7504.540039,52198000.000000
2026-07-22 19:50:00+00:00,7504.540039,7507.189941,7501.410156,7503.060059,81383000.000000
2026-07-22 19:55:00+00:00,7502.890137,7506.680176,7499.330078,7499.439941,199425000.000000
2026-07-22 20:00:00+00:00,7498.480000,7499.260000,7498.480000,7498.950000,539222000.000000
2026-07-22 20:05:00+00:00,7498.950000,7498.960000,7498.950000,7498.960000,9132000.000000
2026-07-22 20:10:00+00:00,7498.960000,7498.960000,7498.960000,7498.960000,6983000.000000
2026-07-22 20:15:00+00:00,7498.960000,7498.960000,7498.960000,7498.960000,4711000.000000
2026-07-22 20:20:00+00:00,7498.960000,7498.960000,7498.960000,7498.960000,22000.000000
2026-07-22 20:40:00+00:00,7498.960000,7498.960000,7498.960000,7498.960000,11604000.000000
2026-07-23 13:30:00+00:00,7418.290039,7437.859863,7408.240234,7437.700195,0.000000
2026-07-23 13:35:00+00:00,7437.750000,7442.859863,7433.500000,7439.089844,63914104.000000
2026-07-23 13:40:00+00:00,7439.069824,7450.120117,7439.069824,7443.629883,51673701.000000
2026-07-23 13:45:00+00:00,7443.500000,7444.479980,7427.299805,7428.250000,55237759.000000
2026-07-23 13:50:00+00:00,7428.080078,7434.229980,7422.379883,7434.109863,46673146.000000
2026-07-23 13:55:00+00:00,7434.009766,7438.120117,7418.850098,7421.410156,41313536.000000
2026-07-23 14:00:00+00:00,7421.529785,7430.830078,7421.529785,7428.279785,42489240.000000
2026-07-23 14:05:00+00:00,7428.720215,7434.080078,7414.049805,7418.020020,43401641.000000
2026-07-23 14:10:00+00:00,7418.419922,7429.220215,7417.729980,7421.529785,38952367.000000
2026-07-23 14:15:00+00:00,7421.089844,7428.120117,7419.399902,7420.189941,39170593.000000
2026-07-23 14:20:00+00:00,7420.259766,7428.970215,7417.290039,7419.240234,35637159.000000
2026-07-23 14:25:00+00:00,7419.080078,7422.959961,7415.490234,7422.959961,31907114.000000
2026-07-23 14:30:00+00:00,7422.120117,7423.899902,7410.720215,7414.089844,35657778.000000
2026-07-23 14:35:00+00:00,7413.839844,7429.250000,7410.560059,7427.080078,31886140.000000
2026-07-23 14:40:00+00:00,7427.620117,7430.399902,7411.470215,7412.950195,31854630.000000
2026-07-23 14:45:00+00:00,7413.160156,7418.310059,7411.129883,7412.240234,34094586.000000
2026-07-23 14:50:00+00:00,7412.120117,7414.620117,7404.060059,7405.319824,31596227.000000
2026-07-23 14:55:00+00:00,7405.220215,7409.459961,7404.850098,7407.040039,30186762.000000
2026-07-23 15:00:00+00:00,7407.009766,7408.029785,7398.759766,7400.040039,32853929.000000
2026-07-23 15:05:00+00:00,7400.259766,7400.500000,7393.399902,7395.640137,36290194.000000
2026-07-23 15:10:00+00:00,7395.520020,7397.229980,7388.279785,7390.020020,35797358.000000
2026-07-23 15:15:00+00:00,7390.149902,7396.240234,7389.890137,7395.930176,31588811.000000
2026-07-23 15:20:00+00:00,7395.919922,7400.439941,7383.919922,7390.779785,33810628.000000
2026-07-23 15:25:00+00:00,7390.490234,7390.520020,7382.000000,7383.229980,30791000.000000
2026-07-23 15:30:00+00:00,7383.049805,7387.040039,7376.000000,7386.779785,31308000.000000
2026-07-23 15:35:00+00:00,7386.950195,7397.919922,7386.950195,7397.270020,29489000.000000
2026-07-23 15:40:00+00:00,7397.299805,7399.759766,7390.330078,7390.640137,27808000.000000
2026-07-23 15:45:00+00:00,7390.459961,7393.060059,7387.580078,7392.580078,24652000.000000
2026-07-23 15:50:00+00:00,7392.609863,7397.160156,7390.250000,7397.160156,27175000.000000
2026-07-23 15:55:00+00:00,7397.069824,7402.350098,7395.629883,7402.040039,25716000.000000
2026-07-23 16:00:00+00:00,7402.089844,7407.129883,7400.020020,7405.290039,26004000.000000
2026-07-23 16:05:00+00:00,7405.149902,7408.450195,7399.959961,7408.359863,23064000.000000
2026-07-23 16:10:00+00:00,7408.629883,7412.350098,7408.540039,7410.620117,24502000.000000
2026-07-23 16:15:00+00:00,7410.379883,7412.470215,7407.020020,7410.100098,23789000.000000
2026-07-23 16:20:00+00:00,7410.060059,7420.709961,7410.060059,7419.540039,23661000.000000
2026-07-23 16:25:00+00:00,7419.640137,7420.250000,7416.149902,7418.410156,30331000.000000
2026-07-23 16:30:00+00:00,7418.990234,7419.109863,7415.549805,7415.770020,24526000.000000
2026-07-23 16:35:00+00:00,7415.569824,7421.310059,7414.439941,7420.870117,27366000.000000
2026-07-23 16:40:00+00:00,7420.830078,7421.220215,7414.470215,7414.689941,21523000.000000
2026-07-23 16:45:00+00:00,7414.490234,7414.490234,7405.439941,7405.439941,22646000.000000
2026-07-23 16:50:00+00:00,7405.359863,7407.450195,7402.779785,7404.240234,20848000.000000
2026-07-23 16:55:00+00:00,7404.080078,7411.000000,7404.080078,7410.609863,22770000.000000
2026-07-23 17:00:00+00:00,7410.470215,7413.910156,7407.200195,7407.200195,21722000.000000
2026-07-23 17:05:00+00:00,7407.220215,7409.359863,7403.209961,7409.299805,20065000.000000
2026-07-23 17:10:00+00:00,7409.250000,7413.229980,7409.250000,7410.859863,18789000.000000
2026-07-23 17:15:00+00:00,7410.720215,7413.080078,7406.660156,7409.430176,21138000.000000
2026-07-23 17:20:00+00:00,7409.529785,7414.319824,7409.049805,7413.890137,19105000.000000
2026-07-23 17:25:00+00:00,7413.890137,7415.649902,7412.439941,7412.439941,16339000.000000
2026-07-23 17:30:00+00:00,7412.240234,7412.240234,7405.240234,7405.779785,22409000.000000
2026-07-23 17:35:00+00:00,7405.830078,7405.950195,7399.560059,7400.200195,19576000.000000
2026-07-23 17:40:00+00:00,7400.129883,7402.560059,7397.399902,7401.810059,19033000.000000
2026-07-23 17:45:00+00:00,7401.819824,7406.959961,7399.970215,7406.450195,17268000.000000
2026-07-23 17:50:00+00:00,7406.069824,7406.520020,7402.149902,7402.149902,17892000.000000
2026-07-23 17:55:00+00:00,7401.910156,7401.910156,7395.919922,7396.259766,20961000.000000
2026-07-23 18:00:00+00:00,7396.160156,7397.220215,7393.319824,7394.020020,23840000.000000
2026-07-23 18:05:00+00:00,7393.910156,7395.180176,7392.100098,7393.089844,22134000.000000
2026-07-23 18:10:00+00:00,7393.109863,7397.779785,7393.000000,7394.330078,22187000.000000
2026-07-23 18:15:00+00:00,7394.180176,7397.290039,7392.549805,7393.919922,19669000.000000
2026-07-23 18:20:00+00:00,7393.870117,7398.399902,7393.819824,7398.299805,19891000.000000
2026-07-23 18:25:00+00:00,7398.379883,7398.569824,7394.680176,7398.290039,20898000.000000
2026-07-23 18:30:00+00:00,7398.189941,7400.549805,7397.859863,7400.040039,21555000.000000
2026-07-23 18:35:00+00:00,7400.109863,7400.669922,7392.950195,7393.689941,20945000.000000
2026-07-23 18:40:00+00:00,7393.839844,7394.660156,7390.259766,7392.490234,22292000.000000
2026-07-23 18:45:00+00:00,7392.629883,7398.319824,7392.629883,7396.560059,22851000.000000
2026-07-23 18:50:00+00:00,7396.939941,7397.609863,7391.000000,7391.000000,21407000.000000
2026-07-23 18:55:00+00:00,7391.149902,7394.459961,7390.509766,7394.459961,21319000.000000
2026-07-23 19:00:00+00:00,7394.490234,7397.529785,7392.000000,7392.000000,21436000.000000
2026-07-23 19:05:00+00:00,7392.089844,7393.419922,7391.490234,7391.549805,24120000.000000
2026-07-23 19:10:00+00:00,7391.569824,7392.479980,7388.899902,7390.209961,25310000.000000
2026-07-23 19:15:00+00:00,7390.040039,7395.330078,7389.930176,7393.350098,28610000.000000
2026-07-23 19:20:00+00:00,7393.459961,7399.770020,7393.450195,7399.770020,31992000.000000
2026-07-23 19:25:00+00:00,7399.890137,7402.560059,7397.240234,7398.850098,34068000.000000
2026-07-23 19:30:00+00:00,7398.899902,7400.879883,7390.709961,7395.490234,38916000.000000
2026-07-23 19:35:00+00:00,7395.350098,7396.080078,7392.120117,7393.229980,39401000.000000
2026-07-23 19:40:00+00:00,7392.899902,7393.729980,7387.080078,7387.080078,46155000.000000
2026-07-23 19:45:00+00:00,7386.879883,7387.930176,7381.649902,7383.500000,57818000.000000
2026-07-23 19:50:00+00:00,7383.549805,7392.439941,7383.549805,7390.379883,95474000.000000
2026-07-23 19:55:00+00:00,7390.580078,7410.060059,7390.580078,7408.180176,228764000.000000
2026-07-23 20:00:00+00:00,7406.340000,7408.290000,7406.340000,7408.290000,588844000.000000
2026-07-23 20:05:00+00:00,7408.290000,7408.300000,7408.290000,7408.300000,42931000.000000
2026-07-23 20:10:00+00:00,7408.300000,7408.300000,7408.300000,7408.300000,5725000.000000
2026-07-23 20:15:00+00:00,7408.300000,7408.300000,7408.300000,7408.300000,3621000.000000
2026-07-23 20:20:00+00:00,7408.300000,7408.300000,7408.300000,7408.300000,109000.000000
2026-07-23 20:35:00+00:00,7408.300000,7408.300000,7408.300000,7408.300000,9395000.000000
2026-07-24 13:30:00+00:00,7406.299805,7419.669922,7406.299805,7418.129883,0.000000
2026-07-24 13:35:00+00:00,7417.810059,7421.140137,7412.359863,7414.629883,52423397.000000
2026-07-24 13:40:00+00:00,7414.890137,7415.399902,7410.450195,7411.830078,46577062.000000
2026-07-24 13:45:00+00:00,7411.660156,7423.009766,7410.689941,7421.859863,46195974.000000
2026-07-24 13:50:00+00:00,7421.640137,7421.640137,7400.589844,7401.279785,43569010.000000
2026-07-24 13:55:00+00:00,7401.620117,7405.819824,7397.850098,7399.529785,38500597.000000
2026-07-24 14:00:00+00:00,7399.390137,7410.069824,7397.580078,7400.979980,37340280.000000
2026-07-24 14:05:00+00:00,7401.089844,7417.839844,7400.729980,7417.459961,37058242.000000
2026-07-24 14:10:00+00:00,7416.759766,7421.930176,7411.709961,7419.089844,35220783.000000
2026-07-24 14:15:00+00:00,7418.859863,7420.240234,7403.399902,7408.419922,37033529.000000
2026-07-24 14:20:00+00:00,7408.359863,7422.149902,7404.919922,7418.439941,31680173.000000
2026-07-24 14:25:00+00:00,7418.640137,7420.169922,7413.870117,7415.939941,27333133.000000
2026-07-24 14:30:00+00:00,7415.709961,7415.779785,7407.459961,7407.500000,31265897.000000
2026-07-24 14:35:00+00:00,7407.029785,7411.129883,7402.419922,7403.609863,30021459.000000
2026-07-24 14:40:00+00:00,7403.560059,7406.350098,7401.790039,7402.220215,34352733.000000
2026-07-24 14:45:00+00:00,7402.549805,7408.470215,7397.569824,7408.160156,33613750.000000
2026-07-24 14:50:00+00:00,7408.330078,7416.490234,7408.330078,7413.169922,31901748.000000
2026-07-24 14:55:00+00:00,7413.330078,7430.000000,7413.330078,7429.689941,29994663.000000
2026-07-24 15:00:00+00:00,7429.740234,7433.000000,7425.399902,7425.399902,29474765.000000
2026-07-24 15:05:00+00:00,7425.370117,7429.529785,7420.450195,7420.450195,27465350.000000
2026-07-24 15:10:00+00:00,7420.390137,7444.569824,7419.540039,7442.810059,32931771.000000
2026-07-24 15:15:00+00:00,7442.549805,7453.240234,7437.890137,7438.220215,34352215.000000
2026-07-24 15:20:00+00:00,7438.189941,7449.810059,7437.799805,7447.439941,28505370.000000
2026-07-24 15:25:00+00:00,7447.379883,7454.509766,7447.120117,7448.959961,28775277.000000
2026-07-24 15:30:00+00:00,7449.160156,7452.580078,7444.759766,7444.759766,24642849.000000
2026-07-24 15:35:00+00:00,7444.729980,7455.180176,7444.509766,7454.660156,23738906.000000
2026-07-24 15:40:00+00:00,7454.770020,7456.560059,7444.850098,7446.629883,24689553.000000
2026-07-24 15:45:00+00:00,7446.339844,7449.520020,7444.140137,7444.450195,22386000.000000
2026-07-24 15:50:00+00:00,7444.589844,7451.310059,7444.589844,7449.069824,20983000.000000
2026-07-24 15:55:00+00:00,7449.100098,7454.229980,7448.910156,7453.649902,24674000.000000
2026-07-24 16:00:00+00:00,7453.720215,7456.700195,7450.259766,7456.520020,24704000.000000
2026-07-24 16:05:00+00:00,7456.549805,7459.089844,7453.839844,7456.709961,22406000.000000
2026-07-24 16:10:00+00:00,7456.950195,7460.979980,7452.620117,7453.910156,22944000.000000
2026-07-24 16:15:00+00:00,7453.779785,7456.439941,7452.279785,7455.410156,22548000.000000
2026-07-24 16:20:00+00:00,7455.459961,7458.479980,7455.180176,7457.299805,19108000.000000
2026-07-24 16:25:00+00:00,7457.229980,7458.990234,7455.580078,7455.580078,17966000.000000
2026-07-24 16:30:00+00:00,7455.540039,7455.660156,7448.180176,7449.140137,23153000.000000
2026-07-24 16:35:00+00:00,7449.140137,7451.149902,7446.370117,7446.580078,17483000.000000
2026-07-24 16:40:00+00:00,7446.629883,7446.629883,7440.700195,7440.700195,18543000.000000
2026-07-24 16:45:00+00:00,7440.569824,7442.209961,7434.200195,7435.830078,18464000.000000
2026-07-24 16:50:00+00:00,7435.890137,7436.669922,7431.990234,7435.270020,19294000.000000
2026-07-24 16:55:00+00:00,7435.000000,7441.520020,7433.640137,7439.060059,18304000.000000
2026-07-24 17:00:00+00:00,7438.870117,7439.759766,7434.359863,7435.669922,18024000.000000
2026-07-24 17:05:00+00:00,7435.649902,7436.930176,7428.370117,7428.899902,22187000.000000
2026-07-24 17:10:00+00:00,7428.439941,7434.390137,7427.069824,7433.240234,17822000.000000
2026-07-24 17:15:00+00:00,7433.299805,7438.479980,7430.899902,7437.879883,17199000.000000
2026-07-24 17:20:00+00:00,7437.850098,7438.750000,7433.229980,7436.229980,17794000.000000
2026-07-24 17:25:00+00:00,7436.569824,7441.859863,7434.450195,7441.209961,17592000.000000
2026-07-24 17:30:00+00:00,7441.259766,7445.479980,7440.120117,7445.479980,21351000.000000
2026-07-24 17:35:00+00:00,7445.500000,7445.520020,7438.160156,7439.069824,19279000.000000
2026-07-24 17:40:00+00:00,7438.950195,7439.020020,7434.580078,7434.580078,17591000.000000
2026-07-24 17:45:00+00:00,7434.640137,7437.399902,7433.220215,7436.529785,18516000.000000
2026-07-24 17:50:00+00:00,7436.569824,7439.029785,7433.910156,7436.330078,16622000.000000
2026-07-24 17:55:00+00:00,7436.279785,7437.520020,7433.910156,7433.910156,17373000.000000
2026-07-24 18:00:00+00:00,7433.899902,7436.439941,7431.520020,7432.589844,19284000.000000
2026-07-24 18:05:00+00:00,7432.509766,7436.430176,7431.569824,7433.569824,20806000.000000
2026-07-24 18:10:00+00:00,7433.600098,7434.149902,7428.990234,7429.569824,20942000.000000
2026-07-24 18:15:00+00:00,7429.490234,7430.080078,7425.200195,7425.419922,20661000.000000
2026-07-24 18:20:00+00:00,7425.500000,7425.520020,7420.930176,7421.569824,20550000.000000
2026-07-24 18:25:00+00:00,7421.479980,7421.950195,7413.839844,7413.979980,20772000.000000
2026-07-24 18:30:00+00:00,7413.870117,7415.029785,7405.120117,7405.520020,25717000.000000
2026-07-24 18:35:00+00:00,7405.540039,7409.299805,7402.379883,7406.279785,30036000.000000
2026-07-24 18:40:00+00:00,7406.270020,7406.270020,7400.140137,7402.129883,25512000.000000
2026-07-24 18:45:00+00:00,7402.060059,7410.279785,7401.379883,7406.600098,22686000.000000
2026-07-24 18:50:00+00:00,7406.529785,7408.640137,7404.169922,7405.399902,21757000.000000
2026-07-24 18:55:00+00:00,7405.330078,7410.259766,7404.680176,7407.459961,24011000.000000
2026-07-24 19:00:00+00:00,7407.279785,7412.029785,7405.640137,7406.169922,31275000.000000
2026-07-24 19:05:00+00:00,7406.080078,7409.790039,7399.049805,7399.569824,32001000.000000
2026-07-24 19:10:00+00:00,7399.560059,7405.040039,7398.390137,7399.339844,32366000.000000
2026-07-24 19:15:00+00:00,7399.310059,7401.200195,7397.830078,7401.200195,35193000.000000
2026-07-24 19:20:00+00:00,7401.350098,7403.209961,7396.870117,7397.620117,33859000.000000
2026-07-24 19:25:00+00:00,7397.549805,7401.569824,7396.529785,7399.990234,33495000.000000
2026-07-24 19:30:00+00:00,7399.870117,7406.819824,7399.870117,7404.399902,45744000.000000
2026-07-24 19:35:00+00:00,7404.129883,7409.450195,7403.200195,7404.109863,39842000.000000
2026-07-24 19:40:00+00:00,7404.290039,7406.450195,7401.459961,7405.770020,45132000.000000
2026-07-24 19:45:00+00:00,7406.029785,7407.430176,7400.879883,7406.479980,53148000.000000
2026-07-24 19:50:00+00:00,7406.240234,7408.660156,7399.540039,7408.020020,82915000.000000
2026-07-24 19:55:00+00:00,7407.959961,7414.040039,7403.879883,7412.879883,223218000.000000
2026-07-24 20:00:00+00:00,7412.170000,7412.170000,7411.950000,7411.990000,451233000.000000
2026-07-24 20:05:00+00:00,7411.990000,7411.990000,7411.980000,7411.980000,13843000.000000
2026-07-24 20:10:00+00:00,7411.980000,7411.980000,7411.980000,7411.980000,4624000.000000
2026-07-24 20:15:00+00:00,7411.980000,7411.980000,7411.980000,7411.980000,1312000.000000
2026-07-24 20:20:00+00:00,7411.980000,7411.980000,7411.980000,7411.980000,90000.000000
2026-07-24 21:25:00+00:00,7411.980000,7411.980000,7411.980000,7411.980000,49110000.000000
2026-07-27 13:30:00+00:00,7464.200195,7474.629883,7462.250000,7471.279785,0.000000
2026-07-27 13:35:00+00:00,7471.379883,7480.569824,7470.879883,7473.629883,48273742.000000
2026-07-27 13:40:00+00:00,7474.160156,7475.009766,7458.890137,7459.069824,46023810.000000
2026-07-27 13:45:00+00:00,7458.720215,7465.850098,7456.839844,7463.629883,44394585.000000
2026-07-27 13:50:00+00:00,7463.129883,7466.430176,7458.080078,7459.500000,37707416.000000
2026-07-27 13:55:00+00:00,7459.379883,7459.500000,7441.200195,7441.200195,37316885.000000
2026-07-27 14:00:00+00:00,7441.160156,7444.750000,7436.950195,7440.899902,43764341.000000
2026-07-27 14:05:00+00:00,7440.930176,7444.299805,7436.419922,7441.990234,36440749.000000
2026-07-27 14:10:00+00:00,7441.609863,7441.609863,7428.899902,7433.500000,39702618.000000
2026-07-27 14:15:00+00:00,7433.370117,7439.370117,7429.450195,7434.350098,40739917.000000
2026-07-27 14:20:00+00:00,7433.729980,7433.729980,7419.549805,7421.509766,37975188.000000
2026-07-27 14:25:00+00:00,7421.709961,7422.370117,7405.500000,7406.149902,41372627.000000
2026-07-27 14:30:00+00:00,7406.270020,7408.549805,7400.640137,7403.250000,45347501.000000
2026-07-27 14:35:00+00:00,7402.549805,7406.250000,7395.080078,7403.839844,39083367.000000
2026-07-27 14:40:00+00:00,7403.790039,7405.419922,7388.330078,7390.649902,42431761.000000
2026-07-27 14:45:00+00:00,7390.689941,7404.680176,7390.689941,7403.549805,37545401.000000
2026-07-27 14:50:00+00:00,7403.490234,7411.589844,7403.290039,7408.729980,32387112.000000
2026-07-27 14:55:00+00:00,7409.000000,7421.450195,7407.790039,7420.439941,31458852.000000
2026-07-27 15:00:00+00:00,7420.160156,7422.640137,7417.540039,7421.479980,33984619.000000
2026-07-27 15:05:00+00:00,7421.390137,7426.970215,7416.229980,7416.509766,33974554.000000
2026-07-27 15:10:00+00:00,7416.370117,7422.910156,7415.100098,7417.899902,29564625.000000
2026-07-27 15:15:00+00:00,7417.819824,7418.640137,7403.439941,7411.189941,29396809.000000
2026-07-27 15:20:00+00:00,7411.290039,7416.600098,7404.310059,7405.810059,28754867.000000
2026-07-27 15:25:00+00:00,7405.700195,7408.640137,7402.580078,7405.939941,27794479.000000
2026-07-27 15:30:00+00:00,7405.839844,7405.839844,7396.729980,7397.160156,26303121.000000
2026-07-27 15:35:00+00:00,7397.310059,7397.810059,7386.549805,7391.810059,29944000.000000
2026-07-27 15:40:00+00:00,7392.390137,7397.990234,7389.370117,7397.000000,25837000.000000
2026-07-27 15:45:00+00:00,7397.069824,7398.339844,7390.259766,7391.950195,22219000.000000
2026-07-27 15:50:00+00:00,7392.109863,7396.470215,7390.569824,7393.319824,21274000.000000
2026-07-27 15:55:00+00:00,7393.410156,7399.720215,7393.060059,7397.939941,21412000.000000
2026-07-27 16:00:00+00:00,7397.830078,7405.180176,7397.830078,7405.109863,23824000.000000
2026-07-27 16:05:00+00:00,7405.200195,7406.890137,7401.009766,7406.450195,21268000.000000
2026-07-27 16:10:00+00:00,7406.279785,7410.000000,7397.770020,7397.959961,24136000.000000
2026-07-27 16:15:00+00:00,7397.910156,7398.220215,7392.180176,7396.410156,21352000.000000
2026-07-27 16:20:00+00:00,7396.200195,7401.950195,7394.470215,7401.430176,20872000.000000
2026-07-27 16:25:00+00:00,7401.529785,7419.779785,7401.419922,7410.950195,29126000.000000
2026-07-27 16:30:00+00:00,7411.080078,7416.930176,7408.439941,7412.259766,21484000.000000
2026-07-27 16:35:00+00:00,7412.310059,7417.080078,7408.339844,7412.850098,23694000.000000
2026-07-27 16:40:00+00:00,7413.299805,7414.470215,7404.779785,7407.109863,21292000.000000
2026-07-27 16:45:00+00:00,7407.069824,7411.740234,7405.479980,7405.479980,19311000.000000
2026-07-27 16:50:00+00:00,7405.379883,7405.379883,7394.000000,7395.089844,21576000.000000
2026-07-27 16:55:00+00:00,7395.359863,7395.359863,7390.229980,7394.459961,19802000.000000
2026-07-27 17:00:00+00:00,7394.370117,7394.720215,7385.259766,7385.669922,20292000.000000
2026-07-27 17:05:00+00:00,7385.810059,7389.149902,7384.729980,7387.529785,18010000.000000
2026-07-27 17:10:00+00:00,7387.339844,7391.279785,7385.580078,7390.220215,17084000.000000
2026-07-27 17:15:00+00:00,7390.109863,7390.819824,7382.740234,7385.129883,18777000.000000
2026-07-27 17:20:00+00:00,7385.339844,7390.759766,7384.589844,7387.100098,20701000.000000
2026-07-27 17:25:00+00:00,7387.200195,7389.990234,7385.500000,7385.500000,19951000.000000
2026-07-27 17:30:00+00:00,7385.490234,7395.330078,7385.350098,7394.950195,20996000.000000
2026-07-27 17:35:00+00:00,7395.020020,7395.970215,7389.890137,7391.410156,25008000.000000
2026-07-27 17:40:00+00:00,7391.250000,7392.649902,7388.950195,7391.589844,15987000.000000
2026-07-27 17:45:00+00:00,7391.560059,7394.879883,7389.569824,7391.250000,21146000.000000
2026-07-27 17:50:00+00:00,7391.020020,7398.859863,7390.620117,7398.799805,18525000.000000
2026-07-27 17:55:00+00:00,7398.879883,7401.660156,7396.399902,7401.250000,20828000.000000
2026-07-27 18:00:00+00:00,7401.390137,7402.779785,7399.430176,7399.939941,20427000.000000
2026-07-27 18:05:00+00:00,7399.919922,7403.109863,7398.819824,7400.200195,19817000.000000
2026-07-27 18:10:00+00:00,7400.069824,7402.520020,7399.700195,7401.350098,18214000.000000
2026-07-27 18:15:00+00:00,7401.250000,7401.350098,7393.850098,7396.049805,19236000.000000
2026-07-27 18:20:00+00:00,7395.990234,7400.220215,7395.000000,7399.419922,17737000.000000
2026-07-27 18:25:00+00:00,7399.470215,7401.109863,7397.970215,7399.640137,17260000.000000
2026-07-27 18:30:00+00:00,7399.850098,7399.850098,7392.819824,7392.959961,20284000.000000
2026-07-27 18:35:00+00:00,7392.910156,7394.240234,7391.029785,7391.470215,18314000.000000
2026-07-27 18:40:00+00:00,7391.609863,7399.680176,7390.279785,7398.470215,25946000.000000
2026-07-27 18:45:00+00:00,7398.649902,7401.120117,7397.740234,7397.740234,19513000.000000
2026-07-27 18:50:00+00:00,7397.689941,7410.240234,7397.529785,7409.580078,20997000.000000
2026-07-27 18:55:00+00:00,7409.459961,7415.729980,7409.270020,7414.319824,26997000.000000
2026-07-27 19:00:00+00:00,7414.279785,7415.490234,7409.859863,7409.939941,24895000.000000
2026-07-27 19:05:00+00:00,7409.790039,7417.660156,7409.120117,7417.229980,25973000.000000
2026-07-27 19:10:00+00:00,7417.029785,7419.529785,7413.290039,7414.330078,28821000.000000
2026-07-27 19:15:00+00:00,7414.439941,7418.589844,7414.399902,7418.549805,25918000.000000
2026-07-27 19:20:00+00:00,7418.770020,7421.290039,7417.490234,7420.160156,32986000.000000
2026-07-27 19:25:00+00:00,7420.140137,7421.140137,7417.540039,7420.399902,31606000.000000
2026-07-27 19:30:00+00:00,7420.569824,7422.060059,7418.979980,7419.709961,35489000.000000
2026-07-27 19:35:00+00:00,7419.629883,7420.779785,7412.680176,7413.100098,35695000.000000
2026-07-27 19:40:00+00:00,7413.149902,7415.359863,7411.879883,7413.040039,36737000.000000
2026-07-27 19:45:00+00:00,7412.959961,7413.899902,7409.830078,7413.850098,48562000.000000
2026-07-27 19:50:00+00:00,7413.810059,7414.620117,7409.270020,7411.350098,78645000.000000
2026-07-27 19:55:00+00:00,7411.290039,7414.160156,7407.890137,7413.430176,211706000.000000
2026-07-27 20:00:00+00:00,7413.710000,7413.710000,7413.170000,7413.180000,549240000.000000
2026-07-27 20:05:00+00:00,7413.180000,7413.180000,7413.180000,7413.180000,9473000.000000
2026-07-27 20:10:00+00:00,7413.180000,7413.180000,7413.180000,7413.180000,6464000.000000
2026-07-27 20:15:00+00:00,7413.180000,7413.180000,7413.180000,7413.180000,25757000.000000
2026-07-27 20:20:00+00:00,7413.180000,7413.180000,7413.180000,7413.180000,34000.000000
2026-07-27 20:50:00+00:00,7413.180000,7413.180000,7413.180000,7413.180000,3491000.000000
2026-07-28 13:30:00+00:00,7395.549805,7413.100098,7395.549805,7403.160156,0.000000
2026-07-28 13:35:00+00:00,7402.890137,7412.939941,7399.490234,7400.169922,73123675.000000
2026-07-28 13:40:00+00:00,7399.740234,7405.580078,7388.689941,7392.240234,67903954.000000
2026-07-28 13:45:00+00:00,7392.399902,7398.040039,7382.950195,7397.200195,68337306.000000
2026-07-28 13:50:00+00:00,7398.060059,7403.970215,7390.120117,7392.990234,61274179.000000
2026-07-28 13:55:00+00:00,7392.910156,7395.020020,7384.660156,7387.819824,49427488.000000
2026-07-28 14:00:00+00:00,7387.509766,7400.399902,7387.509766,7396.330078,50796776.000000
2026-07-28 14:05:00+00:00,7396.040039,7405.459961,7391.580078,7394.399902,51480681.000000
2026-07-28 14:10:00+00:00,7393.790039,7400.359863,7385.629883,7388.500000,50292153.000000
2026-07-28 14:15:00+00:00,7388.560059,7394.649902,7387.600098,7389.000000,55382660.000000
2026-07-28 14:20:00+00:00,7388.930176,7401.549805,7386.649902,7395.339844,53215020.000000
2026-07-28 14:25:00+00:00,7396.000000,7399.979980,7394.660156,7399.910156,40939384.000000
2026-07-28 14:30:00+00:00,7399.870117,7402.459961,7395.049805,7395.359863,43224818.000000
2026-07-28 14:35:00+00:00,7395.589844,7408.629883,7394.470215,7398.939941,42653263.000000
2026-07-28 14:40:00+00:00,7398.919922,7408.720215,7397.290039,7405.970215,37497356.000000
2026-07-28 14:45:00+00:00,7405.740234,7416.759766,7402.330078,7416.040039,41636810.000000
2026-07-28 14:50:00+00:00,7416.020020,7420.810059,7414.580078,7417.279785,42578497.000000
2026-07-28 14:55:00+00:00,7417.390137,7420.970215,7408.950195,7409.950195,35452818.000000
2026-07-28 15:00:00+00:00,7409.709961,7414.970215,7404.399902,7404.799805,34543000.000000
2026-07-28 15:05:00+00:00,7404.569824,7411.640137,7403.169922,7409.069824,34409000.000000
2026-07-28 15:10:00+00:00,7410.700195,7420.319824,7407.990234,7416.939941,37703000.000000
2026-07-28 15:15:00+00:00,7416.899902,7428.709961,7415.129883,7428.580078,36753000.000000
2026-07-28 15:20:00+00:00,7428.879883,7437.029785,7428.879883,7436.910156,38911000.000000
2026-07-28 15:25:00+00:00,7437.109863,7443.109863,7433.859863,7435.220215,36855000.000000
2026-07-28 15:30:00+00:00,7435.160156,7438.660156,7434.160156,7436.919922,35511000.000000
2026-07-28 15:35:00+00:00,7436.740234,7442.560059,7436.520020,7440.629883,33716000.000000
2026-07-28 15:40:00+00:00,7440.640137,7444.509766,7437.979980,7444.439941,30884000.000000
2026-07-28 15:45:00+00:00,7444.359863,7448.529785,7443.720215,7446.979980,30435000.000000
2026-07-28 15:50:00+00:00,7446.870117,7448.020020,7441.740234,7444.430176,29994000.000000
2026-07-28 15:55:00+00:00,7444.379883,7447.660156,7441.790039,7446.069824,24372000.000000
2026-07-28 16:00:00+00:00,7446.020020,7447.899902,7443.359863,7444.000000,27035000.000000
2026-07-28 16:05:00+00:00,7444.189941,7445.890137,7439.779785,7439.899902,28481000.000000
2026-07-28 16:10:00+00:00,7439.589844,7441.859863,7438.529785,7439.629883,25459000.000000
2026-07-28 16:15:00+00:00,7439.919922,7442.859863,7437.439941,7442.799805,24984000.000000
2026-07-28 16:20:00+00:00,7442.850098,7444.649902,7437.040039,7438.399902,23730000.000000
2026-07-28 16:25:00+00:00,7438.279785,7439.700195,7436.500000,7436.500000,21676000.000000
2026-07-28 16:30:00+00:00,7436.359863,7437.529785,7432.819824,7434.669922,24151000.000000
2026-07-28 16:35:00+00:00,7434.770020,7441.419922,7434.700195,7441.419922,23737000.000000
2026-07-28 16:40:00+00:00,7441.529785,7445.209961,7441.259766,7443.419922,22937000.000000
2026-07-28 16:45:00+00:00,7443.350098,7444.299805,7437.950195,7441.410156,21572000.000000
2026-07-28 16:50:00+00:00,7441.419922,7451.200195,7441.379883,7449.910156,21933000.000000
2026-07-28 16:55:00+00:00,7450.339844,7452.089844,7448.839844,7450.029785,19487000.000000
2026-07-28 17:00:00+00:00,7450.100098,7451.750000,7445.000000,7445.089844,21083000.000000
2026-07-28 17:05:00+00:00,7445.169922,7446.819824,7438.859863,7439.250000,24176000.000000
2026-07-28 17:10:00+00:00,7439.229980,7441.839844,7436.459961,7437.169922,21385000.000000
2026-07-28 17:15:00+00:00,7437.259766,7439.089844,7435.089844,7437.549805,18937000.000000
2026-07-28 17:20:00+00:00,7437.430176,7445.149902,7436.299805,7437.540039,23183000.000000
2026-07-28 17:25:00+00:00,7437.430176,7440.589844,7435.450195,7436.859863,19243000.000000
2026-07-28 17:30:00+00:00,7436.759766,7441.930176,7435.089844,7440.790039,20869000.000000
2026-07-28 17:35:00+00:00,7440.810059,7443.229980,7437.560059,7437.910156,19177000.000000
2026-07-28 17:40:00+00:00,7437.830078,7439.609863,7430.700195,7431.509766,25286000.000000
2026-07-28 17:45:00+00:00,7431.549805,7437.160156,7430.370117,7436.810059,22469000.000000
2026-07-28 17:50:00+00:00,7436.779785,7436.779785,7430.609863,7431.080078,18661000.000000
2026-07-28 17:55:00+00:00,7431.120117,7435.810059,7429.189941,7435.680176,20797000.000000
2026-07-28 18:00:00+00:00,7435.589844,7438.740234,7434.100098,7435.959961,26271000.000000
2026-07-28 18:05:00+00:00,7435.830078,7436.209961,7431.060059,7432.109863,22218000.000000
2026-07-28 18:10:00+00:00,7431.959961,7432.660156,7427.979980,7428.189941,23280000.000000
2026-07-28 18:15:00+00:00,7428.140137,7431.799805,7427.950195,7430.890137,23890000.000000
2026-07-28 18:20:00+00:00,7430.970215,7433.009766,7428.720215,7428.930176,19836000.000000
2026-07-28 18:25:00+00:00,7428.850098,7430.450195,7428.020020,7429.089844,21462000.000000
2026-07-28 18:30:00+00:00,7429.229980,7433.629883,7428.500000,7432.479980,25743000.000000
2026-07-28 18:35:00+00:00,7432.520020,7434.450195,7431.089844,7431.600098,20693000.000000
2026-07-28 18:40:00+00:00,7431.479980,7432.140137,7429.060059,7430.569824,22214000.000000
2026-07-28 18:45:00+00:00,7430.970215,7437.459961,7430.410156,7435.779785,22034000.000000
2026-07-28 18:50:00+00:00,7435.709961,7438.600098,7434.950195,7435.839844,25528000.000000
2026-07-28 18:55:00+00:00,7435.759766,7439.430176,7434.270020,7438.189941,26835000.000000
2026-07-28 19:00:00+00:00,7438.100098,7443.069824,7438.040039,7442.770020,29617000.000000
2026-07-28 19:05:00+00:00,7442.729980,7443.459961,7437.399902,7437.660156,31038000.000000
2026-07-28 19:10:00+00:00,7437.560059,7440.040039,7437.029785,7437.970215,29584000.000000
2026-07-28 19:15:00+00:00,7437.819824,7440.759766,7436.479980,7439.589844,31560000.000000
2026-07-28 19:20:00+00:00,7439.580078,7441.959961,7438.700195,7441.779785,33953000.000000
2026-07-28 19:25:00+00:00,7441.709961,7442.160156,7436.859863,7440.299805,34734000.000000
2026-07-28 19:30:00+00:00,7440.310059,7440.750000,7438.060059,7438.890137,46139000.000000
2026-07-28 19:35:00+00:00,7438.859863,7438.859863,7432.669922,7433.509766,44624000.000000
2026-07-28 19:40:00+00:00,7433.509766,7436.370117,7433.500000,7436.370117,44308000.000000
2026-07-28 19:45:00+00:00,7436.430176,7436.680176,7432.319824,7434.609863,54524000.000000
2026-07-28 19:50:00+00:00,7434.680176,7439.680176,7431.919922,7439.669922,101744000.000000
2026-07-28 19:55:00+00:00,7439.540039,7439.540039,7427.259766,7427.259766,254808000.000000
2026-07-28 20:00:00+00:00,7430.250000,7430.250000,7428.790000,7428.790000,562226000.000000
2026-07-28 20:05:00+00:00,7428.790000,7428.790000,7428.780000,7428.780000,34489000.000000
2026-07-28 20:10:00+00:00,7428.780000,7428.780000,7428.780000,7428.780000,7496000.000000
2026-07-28 20:15:00+00:00,7428.780000,7428.780000,7428.780000,7428.780000,2614000.000000
2026-07-28 20:20:00+00:00,7428.780000,7428.780000,7428.780000,7428.780000,145000.000000
2026-07-28 21:10:00+00:00,7428.780000,7428.780000,7428.780000,7428.780000,0.000000
2026-07-29 13:30:00+00:00,7418.160156,7426.290039,7410.660156,7423.669922,145695950.000000
2026-07-29 13:35:00+00:00,7423.459961,7426.379883,7415.600098,7423.220215,54975787.000000
2026-07-29 13:40:00+00:00,7423.330078,7424.850098,7417.399902,7421.330078,43057344.000000
2026-07-29 13:45:00+00:00,7421.310059,7426.029785,7412.850098,7415.859863,47755011.000000
2026-07-29 13:50:00+00:00,7416.000000,7416.160156,7397.450195,7401.259766,41890383.000000
2026-07-29 13:55:00+00:00,7401.549805,7401.549805,7389.649902,7396.799805,42408175.000000
2026-07-29 14:00:00+00:00,7397.399902,7403.930176,7397.399902,7400.750000,42319262.000000
2026-07-29 14:05:00+00:00,7400.850098,7406.080078,7390.689941,7391.830078,37860477.000000
2026-07-29 14:10:00+00:00,7391.450195,7393.339844,7374.250000,7376.750000,43083734.000000
2026-07-29 14:15:00+00:00,7377.029785,7385.350098,7377.029785,7381.399902,39175908.000000
2026-07-29 14:20:00+00:00,7381.799805,7387.379883,7376.529785,7377.740234,33592147.000000
2026-07-29 14:25:00+00:00,7377.529785,7377.950195,7366.240234,7372.640137,36931702.000000
2026-07-29 14:30:00+00:00,7372.850098,7380.939941,7371.870117,7376.089844,33862802.000000
2026-07-29 14:35:00+00:00,7376.370117,7377.250000,7369.799805,7371.009766,33491070.000000
2026-07-29 14:40:00+00:00,7370.879883,7370.939941,7361.459961,7364.830078,36907765.000000
2026-07-29 14:45:00+00:00,7365.169922,7370.490234,7362.290039,7366.549805,34613740.000000
2026-07-29 14:50:00+00:00,7366.839844,7375.200195,7365.859863,7373.339844,31096490.000000
2026-07-29 14:55:00+00:00,7373.350098,7374.200195,7366.100098,7371.310059,30838972.000000
2026-07-29 15:00:00+00:00,7371.299805,7378.120117,7367.870117,7376.060059,32909614.000000
2026-07-29 15:05:00+00:00,7376.339844,7378.470215,7369.859863,7378.270020,29396507.000000
2026-07-29 15:10:00+00:00,7378.580078,7379.319824,7368.439941,7369.359863,28721049.000000
2026-07-29 15:15:00+00:00,7369.450195,7377.529785,7368.240234,7368.569824,26863080.000000
2026-07-29 15:20:00+00:00,7368.509766,7373.350098,7367.250000,7373.350098,26626129.000000
2026-07-29 15:25:00+00:00,7373.220215,7374.799805,7366.290039,7366.950195,26776813.000000
2026-07-29 15:30:00+00:00,7367.060059,7372.589844,7366.089844,7368.419922,27684089.000000
2026-07-29 15:35:00+00:00,7368.379883,7372.859863,7363.250000,7363.250000,25917000.000000
2026-07-29 15:40:00+00:00,7363.169922,7366.930176,7360.240234,7363.009766,26090000.000000
2026-07-29 15:45:00+00:00,7362.830078,7367.430176,7360.620117,7367.370117,26241000.000000
2026-07-29 15:50:00+00:00,7367.359863,7367.990234,7357.830078,7357.910156,26112000.000000
2026-07-29 15:55:00+00:00,7357.609863,7361.180176,7353.609863,7360.620117,30856000.000000
2026-07-29 16:00:00+00:00,7360.299805,7363.120117,7350.479980,7351.080078,26338000.000000
2026-07-29 16:05:00+00:00,7351.040039,7351.250000,7345.620117,7349.990234,29238000.000000
2026-07-29 16:10:00+00:00,7350.160156,7350.689941,7343.529785,7343.529785,25367000.000000
2026-07-29 16:15:00+00:00,7343.390137,7346.279785,7341.250000,7345.200195,30971000.000000
2026-07-29 16:20:00+00:00,7345.180176,7358.500000,7344.189941,7356.609863,27432000.000000
2026-07-29 16:25:00+00:00,7356.609863,7361.899902,7356.000000,7361.359863,25242000.000000
2026-07-29 16:30:00+00:00,7361.339844,7365.950195,7357.649902,7357.950195,24707000.000000
2026-07-29 16:35:00+00:00,7357.839844,7359.439941,7353.339844,7358.640137,22556000.000000
2026-07-29 16:40:00+00:00,7358.770020,7359.879883,7351.959961,7354.910156,22479000.000000
2026-07-29 16:45:00+00:00,7355.149902,7362.160156,7353.720215,7361.990234,22059000.000000
2026-07-29 16:50:00+00:00,7361.939941,7367.819824,7360.520020,7365.620117,21475000.000000
2026-07-29 16:55:00+00:00,7365.549805,7371.430176,7364.750000,7371.390137,23712000.000000
2026-07-29 17:00:00+00:00,7371.459961,7382.720215,7370.759766,7381.790039,24537000.000000
2026-07-29 17:05:00+00:00,7381.919922,7382.100098,7376.959961,7377.319824,21448000.000000
2026-07-29 17:10:00+00:00,7377.350098,7388.970215,7376.919922,7388.970215,25641000.000000
2026-07-29 17:15:00+00:00,7389.339844,7391.299805,7386.350098,7390.020020,24749000.000000
2026-07-29 17:20:00+00:00,7390.299805,7395.640137,7386.250000,7386.250000,23321000.000000
2026-07-29 17:25:00+00:00,7386.330078,7387.580078,7381.339844,7381.459961,19783000.000000
2026-07-29 17:30:00+00:00,7381.160156,7386.020020,7376.100098,7381.709961,25688000.000000
2026-07-29 17:35:00+00:00,7381.600098,7382.310059,7376.700195,7379.370117,19345000.000000
2026-07-29 17:40:00+00:00,7379.370117,7381.859863,7377.479980,7380.649902,20013000.000000
2026-07-29 17:45:00+00:00,7380.649902,7383.160156,7376.990234,7382.859863,19881000.000000
2026-07-29 17:50:00+00:00,7382.770020,7386.890137,7382.600098,7385.000000,22020000.000000
2026-07-29 17:55:00+00:00,7385.169922,7387.310059,7380.379883,7387.240234,24511000.000000
2026-07-29 18:00:00+00:00,7387.229980,7418.660156,7387.229980,7405.020020,57354000.000000
2026-07-29 18:05:00+00:00,7405.069824,7413.640137,7401.109863,7402.979980,37410000.000000
2026-07-29 18:10:00+00:00,7404.040039,7407.169922,7393.830078,7397.069824,30374000.000000
2026-07-29 18:15:00+00:00,7396.859863,7405.640137,7392.299805,7393.470215,27590000.000000
2026-07-29 18:20:00+00:00,7393.490234,7394.330078,7387.390137,7390.379883,25458000.000000
2026-07-29 18:25:00+00:00,7390.259766,7396.720215,7388.540039,7396.600098,24747000.000000
2026-07-29 18:30:00+00:00,7396.660156,7403.810059,7384.790039,7392.319824,32136000.000000
2026-07-29 18:35:00+00:00,7392.419922,7415.470215,7388.120117,7413.250000,32937000.000000
2026-07-29 18:40:00+00:00,7413.180176,7432.839844,7412.740234,7431.640137,35023000.000000
2026-07-29 18:45:00+00:00,7431.580078,7444.970215,7429.450195,7443.319824,35742000.000000
2026-07-29 18:50:00+00:00,7443.450195,7450.140137,7437.359863,7449.979980,39252000.000000
2026-07-29 18:55:00+00:00,7450.009766,7450.839844,7440.160156,7442.970215,46482000.000000
2026-07-29 19:00:00+00:00,7443.370117,7449.839844,7425.689941,7429.049805,53475000.000000
2026-07-29 19:05:00+00:00,7429.149902,7429.430176,7408.580078,7408.580078,47015000.000000
2026-07-29 19:10:00+00:00,7408.220215,7416.200195,7403.680176,7412.390137,40894000.000000
2026-07-29 19:15:00+00:00,7412.649902,7420.439941,7397.649902,7398.779785,38010000.000000
2026-07-29 19:20:00+00:00,7398.899902,7398.930176,7377.799805,7377.799805,42608000.000000
2026-07-29 19:25:00+00:00,7377.859863,7379.950195,7366.990234,7375.169922,39428000.000000
2026-07-29 19:30:00+00:00,7375.080078,7380.629883,7351.140137,7358.839844,52343000.000000
2026-07-29 19:35:00+00:00,7358.720215,7362.549805,7339.109863,7339.459961,49892000.000000
2026-07-29 19:40:00+00:00,7339.240234,7344.700195,7332.899902,7335.299805,55695000.000000
2026-07-29 19:45:00+00:00,7335.479980,7342.890137,7327.200195,7341.470215,67575000.000000
2026-07-29 19:50:00+00:00,7341.680176,7341.680176,7325.290039,7331.450195,106060000.000000
2026-07-29 19:55:00+00:00,7331.290039,7331.290039,7313.919922,7320.229980,278536000.000000
2026-07-29 20:00:00+00:00,7317.420000,7318.520000,7316.230000,7316.230000,513317000.000000
2026-07-29 20:05:00+00:00,7316.230000,7316.230000,7316.150000,7316.150000,57699000.000000
2026-07-29 20:10:00+00:00,7316.150000,7316.150000,7316.150000,7316.150000,23410000.000000
2026-07-29 20:15:00+00:00,7316.150000,7316.150000,7316.150000,7316.150000,4538000.000000
2026-07-29 20:20:00+00:00,7316.150000,7316.150000,7316.150000,7316.150000,296000.000000
2026-07-29 21:10:00+00:00,7316.150000,7316.150000,7316.150000,7316.150000,41346000.000000
2026-07-30 13:30:00+00:00,7390.450195,7390.450195,7376.049805,7380.339844,0.000000
2026-07-30 13:35:00+00:00,7380.350098,7384.520020,7375.229980,7377.620117,72751459.000000
2026-07-30 13:40:00+00:00,7377.810059,7392.629883,7371.669922,7390.089844,62257172.000000
2026-07-30 13:45:00+00:00,7389.250000,7399.740234,7389.250000,7398.669922,72620775.000000
2026-07-30 13:50:00+00:00,7398.529785,7408.890137,7395.819824,7404.250000,63384466.000000
2026-07-30 13:55:00+00:00,7404.029785,7411.669922,7401.669922,7410.979980,55905136.000000
2026-07-30 14:00:00+00:00,7412.200195,7414.720215,7406.350098,7411.270020,66020343.000000
2026-07-30 14:05:00+00:00,7411.330078,7412.859863,7400.649902,7402.299805,53567204.000000
2026-07-30 14:10:00+00:00,7402.620117,7406.049805,7399.180176,7404.140137,49117989.000000
2026-07-30 14:15:00+00:00,7404.529785,7409.240234,7398.370117,7402.259766,44541850.000000
2026-07-30 14:20:00+00:00,7402.629883,7410.089844,7401.240234,7404.490234,47829375.000000
2026-07-30 14:25:00+00:00,7404.529785,7417.359863,7402.629883,7410.879883,45190701.000000
2026-07-30 14:30:00+00:00,7411.129883,7413.479980,7405.810059,7408.509766,47143848.000000
2026-07-30 14:35:00+00:00,7408.290039,7413.990234,7405.060059,7411.560059,40004574.000000
2026-07-30 14:40:00+00:00,7411.549805,7415.859863,7401.560059,7403.140137,38117857.000000
2026-07-30 14:45:00+00:00,7403.100098,7405.770020,7393.060059,7396.529785,37890898.000000
2026-07-30 14:50:00+00:00,7396.589844,7397.520020,7385.919922,7386.979980,35502933.000000
2026-07-30 14:55:00+00:00,7386.939941,7390.129883,7381.259766,7386.740234,37008000.000000
2026-07-30 15:00:00+00:00,7386.939941,7389.950195,7377.270020,7387.740234,39547000.000000
2026-07-30 15:05:00+00:00,7387.479980,7392.430176,7378.879883,7392.430176,37472000.000000
2026-07-30 15:10:00+00:00,7392.479980,7392.529785,7373.339844,7374.060059,34065000.000000
2026-07-30 15:15:00+00:00,7374.020020,7381.029785,7371.000000,7378.910156,31016000.000000
2026-07-30 15:20:00+00:00,7379.450195,7385.810059,7377.080078,7378.220215,28874000.000000
2026-07-30 15:25:00+00:00,7378.640137,7382.629883,7370.979980,7373.080078,30446000.000000
2026-07-30 15:30:00+00:00,7372.939941,7384.250000,7371.629883,7384.250000,31086000.000000
2026-07-30 15:35:00+00:00,7384.459961,7389.240234,7380.060059,7383.930176,27765000.000000
2026-07-30 15:40:00+00:00,7383.950195,7394.069824,7383.009766,7391.029785,26776000.000000
2026-07-30 15:45:00+00:00,7391.129883,7396.740234,7391.129883,7395.189941,27592000.000000
2026-07-30 15:50:00+00:00,7395.290039,7396.810059,7388.220215,7396.740234,25765000.000000
2026-07-30 15:55:00+00:00,7396.830078,7400.970215,7395.290039,7395.740234,27886000.000000
2026-07-30 16:00:00+00:00,7395.669922,7407.759766,7393.569824,7407.450195,29040000.000000
2026-07-30 16:05:00+00:00,7407.470215,7408.680176,7403.709961,7406.750000,26546000.000000
2026-07-30 16:10:00+00:00,7406.509766,7414.200195,7406.500000,7413.189941,24704000.000000
2026-07-30 16:15:00+00:00,7413.140137,7416.359863,7412.580078,7413.729980,25421000.000000
2026-07-30 16:20:00+00:00,7413.669922,7415.750000,7410.279785,7410.910156,24052000.000000
2026-07-30 16:25:00+00:00,7410.970215,7413.910156,7410.049805,7411.939941,23030000.000000
2026-07-30 16:30:00+00:00,7411.939941,7412.850098,7408.319824,7412.080078,23031000.000000
2026-07-30 16:35:00+00:00,7411.890137,7414.799805,7409.220215,7409.790039,22885000.000000
2026-07-30 16:40:00+00:00,7409.649902,7409.729980,7401.939941,7404.310059,24287000.000000
2026-07-30 16:45:00+00:00,7404.299805,7411.500000,7404.100098,7409.600098,23053000.000000
2026-07-30 16:50:00+00:00,7409.629883,7415.430176,7407.270020,7413.720215,22014000.000000
2026-07-30 16:55:00+00:00,7413.689941,7415.649902,7412.319824,7413.959961,21524000.000000
2026-07-30 17:00:00+00:00,7414.029785,7424.580078,7414.029785,7423.529785,22893000.000000
2026-07-30 17:05:00+00:00,7423.609863,7425.250000,7420.580078,7421.910156,19404000.000000
2026-07-30 17:10:00+00:00,7421.950195,7424.029785,7420.080078,7421.750000,20687000.000000
2026-07-30 17:15:00+00:00,7421.689941,7426.040039,7420.669922,7425.990234,19893000.000000
2026-07-30 17:20:00+00:00,7425.790039,7425.879883,7421.850098,7423.939941,19121000.000000
2026-07-30 17:25:00+00:00,7423.810059,7423.950195,7420.470215,7421.149902,19222000.000000
2026-07-30 17:30:00+00:00,7421.270020,7423.870117,7418.330078,7419.270020,20216000.000000
2026-07-30 17:35:00+00:00,7419.279785,7423.080078,7416.470215,7417.029785,22082000.000000
2026-07-30 17:40:00+00:00,7417.069824,7425.500000,7417.069824,7423.330078,19494000.000000
2026-07-30 17:45:00+00:00,7423.379883,7426.060059,7423.109863,7423.569824,19869000.000000
2026-07-30 17:50:00+00:00,7423.379883,7427.729980,7422.870117,7423.620117,20117000.000000
2026-07-30 17:55:00+00:00,7423.240234,7424.279785,7421.069824,7421.910156,18430000.000000
2026-07-30 18:00:00+00:00,7422.009766,7426.549805,7421.640137,7421.669922,23805000.000000
2026-07-30 18:05:00+00:00,7421.799805,7426.370117,7421.529785,7425.450195,21925000.000000
2026-07-30 18:10:00+00:00,7425.310059,7426.620117,7424.339844,7426.180176,22330000.000000
2026-07-30 18:15:00+00:00,7426.120117,7427.089844,7424.850098,7425.370117,22631000.000000
2026-07-30 18:20:00+00:00,7425.490234,7428.120117,7424.689941,7427.180176,21564000.000000
2026-07-30 18:25:00+00:00,7427.080078,7427.979980,7425.169922,7427.799805,19948000.000000
2026-07-30 18:30:00+00:00,7427.850098,7429.680176,7425.990234,7427.140137,21697000.000000
2026-07-30 18:35:00+00:00,7427.200195,7427.430176,7424.149902,7424.930176,21281000.000000
2026-07-30 18:40:00+00:00,7424.990234,7427.419922,7424.649902,7427.200195,20873000.000000
2026-07-30 18:45:00+00:00,7427.319824,7429.479980,7426.890137,7428.970215,22802000.000000
2026-07-30 18:50:00+00:00,7428.959961,7430.229980,7427.740234,7429.000000,22470000.000000
2026-07-30 18:55:00+00:00,7429.040039,7431.700195,7427.729980,7431.229980,23756000.000000
2026-07-30 19:00:00+00:00,7431.229980,7437.100098,7431.129883,7435.950195,26361000.000000
2026-07-30 19:05:00+00:00,7436.020020,7441.729980,7435.180176,7441.439941,31020000.000000
2026-07-30 19:10:00+00:00,7441.540039,7446.859863,7441.540039,7445.060059,31375000.000000
2026-07-30 19:15:00+00:00,7445.020020,7448.750000,7442.729980,7447.169922,31285000.000000
2026-07-30 19:20:00+00:00,7447.189941,7447.310059,7443.529785,7444.459961,34534000.000000
2026-07-30 19:25:00+00:00,7444.259766,7445.669922,7441.390137,7441.779785,33167000.000000
2026-07-30 19:30:00+00:00,7441.790039,7443.620117,7440.390137,7441.430176,46195000.000000
2026-07-30 19:35:00+00:00,7441.359863,7442.470215,7438.310059,7440.930176,40441000.000000
2026-07-30 19:40:00+00:00,7440.810059,7442.459961,7438.990234,7441.629883,46386000.000000
2026-07-30 19:45:00+00:00,7441.520020,7442.270020,7436.899902,7439.529785,54542000.000000
2026-07-30 19:50:00+00:00,7439.520020,7439.520020,7435.250000,7437.680176,92346000.000000
2026-07-30 19:55:00+00:00,7437.540039,7443.910156,7433.419922,7437.529785,238842000.000000
2026-07-30 20:00:00+00:00,7440.750000,7440.750000,7437.640000,7437.640000,582753000.000000
2026-07-30 20:05:00+00:00,7437.640000,7437.650000,7437.630000,7437.630000,40726000.000000
2026-07-30 20:10:00+00:00,7437.630000,7437.630000,7437.630000,7437.630000,4103000.000000
2026-07-30 20:15:00+00:00,7437.630000,7437.630000,7437.630000,7437.630000,5032000.000000
2026-07-30 20:20:00+00:00,7437.630000,7437.630000,7437.630000,7437.630000,605000.000000
2026-07-30 20:40:00+00:00,7437.630000,7437.630000,7437.630000,7437.630000,17679000.000000
2026-07-31 13:30:00+00:00,7462.129883,7489.520020,7462.129883,7487.709961,0.000000
2026-07-31 13:35:00+00:00,7487.000000,7488.859863,7466.669922,7467.100098,68304599.000000
2026-07-31 13:40:00+00:00,7467.319824,7467.319824,7453.209961,7454.740234,57415142.000000
2026-07-31 13:45:00+00:00,7455.200195,7459.450195,7443.970215,7448.290039,54229070.000000
2026-07-31 13:50:00+00:00,7447.580078,7451.240234,7439.640137,7442.990234,45539328.000000
2026-07-31 13:55:00+00:00,7443.509766,7452.520020,7441.399902,7443.410156,39184847.000000
2026-07-31 14:00:00+00:00,7443.709961,7447.299805,7427.000000,7427.000000,45203273.000000
2026-07-31 14:05:00+00:00,7426.859863,7431.120117,7407.529785,7414.009766,48523938.000000
2026-07-31 14:10:00+00:00,7414.319824,7416.759766,7403.470215,7407.589844,45847068.000000
2026-07-31 14:15:00+00:00,7407.609863,7418.990234,7399.830078,7410.060059,46461943.000000
2026-07-31 14:20:00+00:00,7410.200195,7424.049805,7408.339844,7417.899902,36625402.000000
2026-07-31 14:25:00+00:00,7418.339844,7429.009766,7416.060059,7428.299805,30840104.000000
2026-07-31 14:30:00+00:00,7428.290039,7434.310059,7425.439941,7429.029785,34833853.000000
2026-07-31 14:35:00+00:00,7428.799805,7436.919922,7428.509766,7435.720215,29556313.000000
2026-07-31 14:40:00+00:00,7435.430176,7439.549805,7429.819824,7439.080078,30566472.000000
2026-07-31 14:45:00+00:00,7439.490234,7448.979980,7438.339844,7447.870117,29474499.000000
2026-07-31 14:50:00+00:00,7448.109863,7452.189941,7444.919922,7445.410156,28651235.000000
2026-07-31 14:55:00+00:00,7445.649902,7450.379883,7439.339844,7448.819824,28056499.000000
2026-07-31 15:00:00+00:00,7448.640137,7450.850098,7442.100098,7448.649902,26566070.000000
2026-07-31 15:05:00+00:00,7448.640137,7451.799805,7438.470215,7441.859863,25434330.000000
2026-07-31 15:10:00+00:00,7441.839844,7448.250000,7434.379883,7445.390137,29058773.000000
2026-07-31 15:15:00+00:00,7445.240234,7453.709961,7439.419922,7442.600098,28475554.000000
2026-07-31 15:20:00+00:00,7442.459961,7444.149902,7433.720215,7433.970215,23950135.000000
2026-07-31 15:25:00+00:00,7433.890137,7434.660156,7423.790039,7425.209961,31502000.000000
2026-07-31 15:30:00+00:00,7425.459961,7429.439941,7421.779785,7429.439941,28561000.000000
2026-07-31 15:35:00+00:00,7429.910156,7446.410156,7429.779785,7443.740234,26728000.000000
2026-07-31 15:40:00+00:00,7443.870117,7446.200195,7433.290039,7440.640137,23745000.000000
2026-07-31 15:45:00+00:00,7440.839844,7442.560059,7434.779785,7436.799805,21967000.000000
2026-07-31 15:50:00+00:00,7436.819824,7452.549805,7436.629883,7451.520020,24238000.000000
2026-07-31 15:55:00+00:00,7451.640137,7455.779785,7449.430176,7454.069824,21861000.000000
2026-07-31 16:00:00+00:00,7454.069824,7458.419922,7452.770020,7455.479980,20793000.000000
2026-07-31 16:05:00+00:00,7455.520020,7456.959961,7448.759766,7453.839844,21475000.000000
2026-07-31 16:10:00+00:00,7453.879883,7459.700195,7453.720215,7458.169922,19264000.000000
2026-07-31 16:15:00+00:00,7458.339844,7459.209961,7451.930176,7456.209961,19961000.000000
2026-07-31 16:20:00+00:00,7456.100098,7467.370117,7455.629883,7466.689941,19146000.000000
2026-07-31 16:25:00+00:00,7466.740234,7467.209961,7461.810059,7467.189941,19518000.000000
2026-07-31 16:30:00+00:00,7467.439941,7471.240234,7466.830078,7471.040039,22301000.000000
2026-07-31 16:35:00+00:00,7471.089844,7472.669922,7467.490234,7468.330078,19991000.000000
2026-07-31 16:40:00+00:00,7468.509766,7470.660156,7464.560059,7465.040039,19691000.000000
2026-07-31 16:45:00+00:00,7465.080078,7469.240234,7463.569824,7468.870117,18423000.000000
2026-07-31 16:50:00+00:00,7468.890137,7473.629883,7468.299805,7469.700195,20834000.000000
2026-07-31 16:55:00+00:00,7469.720215,7472.479980,7469.390137,7470.259766,23299000.000000
2026-07-31 17:00:00+00:00,7470.120117,7476.859863,7468.979980,7474.379883,27370000.000000
2026-07-31 17:05:00+00:00,7474.450195,7476.189941,7469.540039,7471.410156,22419000.000000
2026-07-31 17:10:00+00:00,7471.379883,7476.339844,7469.950195,7475.859863,22816000.000000
2026-07-31 17:15:00+00:00,7475.839844,7478.910156,7474.399902,7478.180176,21512000.000000
2026-07-31 17:20:00+00:00,7478.189941,7484.290039,7475.500000,7483.740234,23100000.000000
2026-07-31 17:25:00+00:00,7483.919922,7487.450195,7483.509766,7486.790039,21668000.000000
2026-07-31 17:30:00+00:00,7486.770020,7488.220215,7484.790039,7487.209961,21586000.000000
2026-07-31 17:35:00+00:00,7487.250000,7489.029785,7481.959961,7481.990234,21691000.000000
2026-07-31 17:40:00+00:00,7481.879883,7484.100098,7480.339844,7482.520020,19125000.000000
2026-07-31 17:45:00+00:00,7482.419922,7485.049805,7476.200195,7476.339844,20560000.000000
2026-07-31 17:50:00+00:00,7476.459961,7481.589844,7475.759766,7479.649902,19847000.000000
2026-07-31 17:55:00+00:00,7479.450195,7481.180176,7477.740234,7477.830078,17857000.000000
2026-07-31 18:00:00+00:00,7477.910156,7483.399902,7476.629883,7480.339844,20945000.000000
2026-07-31 18:05:00+00:00,7480.279785,7483.270020,7478.259766,7482.379883,21839000.000000
2026-07-31 18:10:00+00:00,7482.359863,7483.350098,7478.709961,7480.580078,21045000.000000
2026-07-31 18:15:00+00:00,7480.259766,7486.100098,7479.899902,7484.500000,19714000.000000
2026-07-31 18:20:00+00:00,7484.450195,7487.819824,7483.620117,7486.899902,22199000.000000
2026-07-31 18:25:00+00:00,7486.979980,7487.009766,7482.609863,7483.450195,19633000.000000
2026-07-31 18:30:00+00:00,7483.370117,7485.979980,7483.370117,7484.229980,20057000.000000
2026-07-31 18:35:00+00:00,7484.259766,7484.259766,7481.120117,7481.470215,16959000.000000
2026-07-31 18:40:00+00:00,7481.470215,7484.910156,7480.169922,7483.979980,17642000.000000
2026-07-31 18:45:00+00:00,7483.959961,7486.890137,7482.750000,7486.839844,18818000.000000
2026-07-31 18:50:00+00:00,7486.770020,7488.439941,7485.709961,7486.009766,18628000.000000
2026-07-31 18:55:00+00:00,7485.990234,7486.790039,7483.120117,7485.080078,21019000.000000
2026-07-31 19:00:00+00:00,7484.870117,7488.740234,7482.549805,7482.580078,23223000.000000
2026-07-31 19:05:00+00:00,7482.750000,7485.970215,7481.700195,7485.270020,22069000.000000
2026-07-31 19:10:00+00:00,7485.350098,7488.479980,7484.600098,7486.620117,23353000.000000
2026-07-31 19:15:00+00:00,7486.770020,7498.879883,7486.620117,7498.830078,33329000.000000
2026-07-31 19:20:00+00:00,7498.700195,7502.509766,7497.560059,7498.470215,34233000.000000
2026-07-31 19:25:00+00:00,7498.399902,7500.020020,7497.040039,7498.180176,33254000.000000
2026-07-31 19:30:00+00:00,7498.060059,7498.259766,7492.509766,7495.140137,39070000.000000
2026-07-31 19:35:00+00:00,7495.120117,7499.459961,7495.089844,7499.129883,36725000.000000
2026-07-31 19:40:00+00:00,7498.990234,7504.479980,7496.370117,7504.069824,42011000.000000
2026-07-31 19:45:00+00:00,7504.250000,7508.629883,7504.100098,7508.609863,53186000.000000
2026-07-31 19:50:00+00:00,7508.560059,7512.040039,7502.160156,7510.209961,90185000.000000
2026-07-31 19:55:00+00:00,7510.250000,7510.250000,7488.040039,7489.520020,230822000.000000
2026-07-31 20:00:00+00:00,7490.130000,7490.180000,7489.710000,7489.720000,758038000.000000
2026-07-31 20:05:00+00:00,7489.720000,7489.720000,7489.720000,7489.720000,63015000.000000
2026-07-31 20:10:00+00:00,7489.720000,7489.720000,7489.720000,7489.720000,6416000.000000
2026-07-31 20:15:00+00:00,7489.720000,7489.720000,7489.720000,7489.720000,1374000.000000
2026-07-31 20:20:00+00:00,7489.720000,7489.720000,7489.720000,7489.720000,324000.000000
2026-07-31 21:20:00+00:00,7489.720000,7489.720000,7489.720000,7489.720000,49212000.000000
